# generated
mtllib pear.mtl
o fruit_half
v -0.133072 0.081320 1.796716
v -0.129406 0.085192 1.810238
v -0.129210 0.083662 1.783070
v -0.131883 0.078781 1.783488
v -0.133382 0.077603 1.810144
v -0.128080 0.081036 1.821168
v -0.083414 0.093197 1.817726
v -0.084298 0.089449 1.800691
v -0.089020 0.092674 1.798569
v -0.087952 0.093645 1.822774
v -0.086530 0.090412 1.832044
v -0.080480 0.090739 1.829827
v -0.080657 0.086339 1.805197
v -0.127246 0.069055 1.823779
v -0.129074 0.066067 1.815188
v -0.125663 0.063649 1.819409
v -0.123315 0.069552 1.828726
v -0.127525 0.073192 1.825228
v -0.131334 0.069839 1.813918
v -0.122945 0.074726 1.830166
v -0.078139 0.060850 1.803041
v -0.073484 0.070025 1.817300
v -0.075384 0.072373 1.834906
v -0.083170 0.063494 1.816192
v -0.034268 0.083057 1.438924
v -0.052165 0.080125 1.437464
v -0.047274 0.065858 1.450808
v -0.025725 0.074616 1.446072
v -0.364346 0.030684 0.910236
v -0.350947 0.074281 0.916116
v -0.331836 0.117752 0.921698
v -0.331836 0.117752 0.921698
v -0.340854 0.128900 0.894360
v -0.340854 0.128900 0.894360
v -0.307283 0.159768 0.926822
v -0.316100 0.172115 0.898942
v -0.275635 0.198699 0.931133
v -0.283767 0.212317 0.902615
v -0.229024 0.230164 0.933995
v -0.233230 0.243965 0.904202
v -0.169879 0.253448 0.936478
v -0.170746 0.268039 0.905471
v -0.105791 0.271451 0.938457
v -0.103488 0.286648 0.906702
v -0.039219 0.283357 0.939402
v -0.034305 0.299139 0.907011
v 0.025673 0.286794 0.938930
v 0.032890 0.303005 0.905888
v 0.084950 0.280878 0.936776
v 0.094354 0.297092 0.902813
v 0.137841 0.266827 0.933020
v 0.149375 0.282647 0.897864
v 0.184019 0.245029 0.928481
v 0.197268 0.259929 0.892113
v 0.223875 0.217300 0.924393
v 0.259022 0.185416 0.921865
v 0.289331 0.150148 0.920719
v 0.314135 0.111894 0.919958
v 0.332562 0.070956 0.918813
v 0.343446 0.027949 0.916884
v 0.345186 -0.016183 0.914103
v 0.340276 -0.059995 0.910473
v 0.329872 -0.102346 0.906395
v 0.329872 -0.102346 0.906395
v 0.314399 -0.142484 0.902271
v 0.294221 -0.182074 0.899174
v 0.269803 -0.225299 0.898981
v 0.239215 -0.271089 0.902037
v -0.351860 -0.097917 0.891397
v -0.367680 -0.054365 0.897534
v -0.370528 -0.012170 0.904046
v -0.356894 -0.059800 0.923282
v -0.360556 -0.019004 0.929957
v -0.354920 0.022690 0.936495
v -0.350247 -0.024303 0.955714
v -0.345054 0.016272 0.962614
v -0.332402 0.057680 0.969422
v -0.341794 0.065216 0.942824
v -0.313668 0.098697 0.976056
v -0.313668 0.098697 0.976056
v -0.322716 0.107501 0.948906
v -0.322716 0.107501 0.948906
v -0.289525 0.137956 0.982416
v -0.298202 0.148150 0.954608
v -0.258748 0.173882 0.988326
v -0.266882 0.185517 0.959666
v -0.216528 0.203410 0.993484
v -0.222375 0.215707 0.963734
v -0.164312 0.225876 0.997692
v -0.167154 0.238677 0.967183
v -0.107320 0.243210 1.001055
v -0.106967 0.256415 0.969930
v -0.047062 0.254667 1.003004
v -0.043614 0.268135 0.971427
v 0.012306 0.257926 1.003610
v 0.018492 0.271466 0.971516
v 0.067661 0.252369 1.002842
v 0.075696 0.265695 0.970076
v 0.117097 0.239294 1.000871
v 0.126782 0.252185 0.967220
v 0.160297 0.219429 0.998481
v 0.171377 0.231361 0.963765
v 0.197462 0.194372 0.996539
v 0.209854 0.205094 0.960873
v 0.228562 0.164948 0.995547
v 0.242887 0.174607 0.959196
v 0.253938 0.132036 0.995211
v 0.270596 0.140683 0.958382
v 0.273843 0.096475 0.994971
v 0.292719 0.103833 0.957738
v 0.288229 0.058986 0.994311
v 0.308831 0.064679 0.956683
v 0.297000 0.020277 0.993135
v 0.318546 0.023972 0.955003
v 0.298459 -0.019048 0.991462
v 0.319965 -0.017545 0.952725
v 0.294659 -0.058089 0.989177
v 0.315742 -0.058746 0.949775
v 0.286379 -0.096141 0.986345
v 0.286379 -0.096141 0.986345
v 0.306584 -0.098771 0.946368
v 0.306584 -0.098771 0.946368
v 0.273512 -0.132805 0.983053
v 0.292541 -0.137129 0.942743
v 0.255917 -0.169236 0.979825
v 0.273753 -0.175306 0.939701
v 0.233791 -0.208137 0.977801
v 0.250680 -0.216488 0.938727
v 0.205975 -0.248667 0.977390
v 0.221782 -0.259638 0.940135
v 0.170371 -0.285828 0.977907
v 0.184572 -0.299085 0.942837
v 0.199519 -0.312614 0.906796
v 0.138590 -0.329016 0.945210
v 0.150914 -0.343752 0.911146
v 0.086078 -0.345811 0.945869
v 0.095821 -0.360954 0.913503
v 0.030303 -0.349052 0.944322
v 0.037324 -0.363979 0.913414
v -0.026166 -0.340685 0.941001
v -0.022042 -0.354878 0.911350
v -0.081709 -0.323228 0.936636
v -0.080587 -0.336146 0.908038
v -0.135290 -0.298423 0.931759
v -0.137165 -0.309578 0.904014
v -0.186056 -0.267294 0.926719
v -0.190801 -0.276208 0.899608
v -0.233102 -0.230529 0.921850
v -0.240430 -0.236715 0.895134
v -0.275373 -0.189108 0.917772
v -0.284746 -0.192098 0.891235
v -0.311724 -0.145080 0.915737
v -0.340363 -0.101330 0.917539
v -0.301618 -0.144894 0.941701
v -0.329293 -0.103655 0.943374
v -0.345832 -0.063846 0.948901
v -0.318442 -0.104776 0.968743
v -0.334789 -0.066262 0.974240
v -0.339463 -0.027805 0.981285
v -0.323642 -0.067324 0.999278
v -0.328539 -0.029740 1.006640
v -0.324278 0.008600 1.014378
v -0.334677 0.011622 0.988578
v -0.312714 0.047283 1.022196
v -0.322472 0.051710 0.995875
v -0.295204 0.085220 1.030006
v -0.295204 0.085220 1.030006
v -0.304255 0.091249 1.003086
v -0.304255 0.091249 1.003086
v -0.272081 0.121156 1.037712
v -0.280556 0.128898 1.010121
v -0.241818 0.153474 1.045067
v -0.250044 0.163046 1.016801
v -0.202166 0.180165 1.051458
v -0.208889 0.190983 1.022641
v -0.155881 0.201686 1.056857
v -0.159997 0.213049 1.027566
v -0.104845 0.218437 1.061113
v -0.106301 0.230133 1.031455
v -0.050980 0.229660 1.063953
v -0.049445 0.241468 1.033878
v 0.002868 0.233010 1.065618
v 0.006973 0.244767 1.035013
v 0.053807 0.227807 1.066289
v 0.060049 0.239363 1.034948
v 0.099850 0.215852 1.066305
v 0.107863 0.226869 1.033951
v 0.140258 0.197704 1.066216
v 0.149777 0.207852 1.032703
v 0.174546 0.174587 1.066380
v 0.185472 0.183839 1.031779
v 0.202517 0.147200 1.066969
v 0.214788 0.155529 1.031500
v 0.224918 0.116611 1.067802
v 0.238355 0.123841 1.031634
v 0.242293 0.083761 1.068574
v 0.256571 0.089667 1.031779
v 0.254667 0.049391 1.069011
v 0.269635 0.053797 1.031601
v 0.262507 0.014167 1.069099
v 0.277741 0.016925 1.031082
v 0.264871 -0.021482 1.068763
v 0.279563 -0.020433 1.030126
v 0.261976 -0.057034 1.067804
v 0.276286 -0.057582 1.028532
v 0.254961 -0.091895 1.066034
v 0.254961 -0.091895 1.066034
v 0.268776 -0.093902 1.026235
v 0.268776 -0.093902 1.026235
v 0.243488 -0.125704 1.063219
v 0.256779 -0.129046 1.023191
v 0.227158 -0.158992 1.059392
v 0.239984 -0.163849 1.019684
v 0.205646 -0.192963 1.054904
v 0.218330 -0.200219 1.016462
v 0.178606 -0.228035 1.050389
v 0.191201 -0.238025 1.014071
v 0.144777 -0.260678 1.046117
v 0.156926 -0.273019 1.012285
v 0.103922 -0.285603 1.041569
v 0.114873 -0.299915 1.010224
v 0.126252 -0.313860 0.978058
v 0.067068 -0.315311 1.006967
v 0.076168 -0.329683 0.976739
v 0.016532 -0.318976 1.002294
v 0.023161 -0.332880 0.973592
v -0.034458 -0.312770 0.996626
v -0.030372 -0.325445 0.969079
v -0.084550 -0.298550 0.990470
v -0.082970 -0.309535 0.963815
v -0.132837 -0.277609 0.984227
v -0.133678 -0.286709 0.958276
v -0.178529 -0.250755 0.978230
v -0.181722 -0.257962 0.952812
v -0.220829 -0.218721 0.972890
v -0.226320 -0.224015 0.947779
v -0.259009 -0.182658 0.968813
v -0.266561 -0.185761 0.943761
v -0.291900 -0.143977 0.967091
v -0.251687 -0.179234 0.993255
v -0.282729 -0.142463 0.991796
v -0.307592 -0.104826 0.993748
v -0.273999 -0.140563 1.015831
v -0.297244 -0.104182 1.018199
v -0.312481 -0.067523 1.024005
v -0.287240 -0.103207 1.042065
v -0.301589 -0.067376 1.048248
v -0.307061 -0.031295 1.056434
v -0.317610 -0.030714 1.031723
v -0.303834 0.004868 1.065166
v -0.313799 0.006506 1.039935
v -0.293562 0.040624 1.074035
v -0.302890 0.043710 1.048281
v -0.277156 0.075105 1.082911
v -0.277156 0.075105 1.082911
v -0.286001 0.079916 1.056653
v -0.286001 0.079916 1.056653
v -0.254381 0.107175 1.091547
v -0.263138 0.113905 1.064903
v -0.224493 0.135647 1.099461
v -0.232775 0.144061 1.072632
v -0.188178 0.160077 1.106368
v -0.194660 0.169392 1.079324
v -0.146618 0.180539 1.112264
v -0.151000 0.190413 1.085060
v -0.100635 0.196724 1.117014
v -0.102683 0.206908 1.089611
v -0.052127 0.207657 1.120691
v -0.051747 0.218004 1.092871
v -0.003240 0.210709 1.123623
v -0.000556 0.221213 1.095133
v 0.043284 0.206095 1.126148
v 0.048101 0.216389 1.096682
v 0.085530 0.195154 1.128507
v 0.092208 0.205030 1.097840
v 0.122496 0.178356 1.130906
v 0.130733 0.187511 1.098995
v 0.153698 0.156876 1.133402
v 0.163286 0.165175 1.100320
v 0.179254 0.131631 1.136004
v 0.189957 0.138910 1.101880
v 0.199943 0.103627 1.138599
v 0.211368 0.109650 1.103553
v 0.216405 0.073592 1.141071
v 0.228114 0.078218 1.105131
v 0.228927 0.042191 1.143244
v 0.240524 0.045397 1.106327
v 0.237599 0.010040 1.145010
v 0.248800 0.011792 1.107190
v 0.241716 -0.022561 1.146151
v 0.251973 -0.022248 1.107539
v 0.240325 -0.055308 1.146423
v 0.250035 -0.056284 1.107124
v 0.234545 -0.087632 1.145429
v 0.234545 -0.087632 1.145429
v 0.243855 -0.089773 1.105677
v 0.243855 -0.089773 1.105677
v 0.223929 -0.119128 1.142784
v 0.232826 -0.122359 1.102929
v 0.207990 -0.149813 1.138142
v 0.216586 -0.154311 1.098736
v 0.186200 -0.180055 1.131231
v 0.194880 -0.186273 1.093079
v 0.158046 -0.210032 1.122403
v 0.167346 -0.218607 1.086442
v 0.123840 -0.237650 1.112869
v 0.133466 -0.248590 1.079565
v 0.084641 -0.259056 1.103204
v 0.093619 -0.271645 1.072472
v 0.042177 -0.272064 1.093501
v 0.049728 -0.285498 1.064952
v 0.058045 -0.299800 1.036147
v 0.003938 -0.290250 1.057031
v 0.010006 -0.303900 1.029872
v -0.042193 -0.286646 1.048931
v -0.038411 -0.299019 1.023031
v -0.087530 -0.275873 1.040947
v -0.085989 -0.286501 1.015997
v -0.131246 -0.258768 1.033372
v -0.131833 -0.267393 1.009118
v -0.172592 -0.235951 1.026515
v -0.175155 -0.242510 1.002749
v -0.210780 -0.208019 1.020787
v -0.215199 -0.212675 0.997331
v -0.244614 -0.175535 1.017058
v -0.206125 -0.202788 1.043780
v -0.238136 -0.171972 1.040115
v -0.265358 -0.138319 1.039423
v -0.232057 -0.168604 1.062651
v -0.257459 -0.136229 1.062320
v -0.277472 -0.102212 1.065495
v -0.250093 -0.134339 1.084736
v -0.268501 -0.101463 1.088339
v -0.280956 -0.067636 1.095131
v -0.290821 -0.067349 1.071981
v -0.286194 -0.033463 1.104159
v -0.296290 -0.032174 1.080609
v -0.283605 0.000437 1.113715
v -0.293504 0.002861 1.089807
v -0.274164 0.033370 1.123373
v -0.283688 0.037154 1.099112
v -0.258377 0.064582 1.132807
v -0.258377 0.064582 1.132807
v -0.267512 0.069873 1.108323
v -0.267512 0.069873 1.108323
v -0.236467 0.093379 1.141677
v -0.244890 0.100047 1.117098
v -0.208908 0.119414 1.149802
v -0.216000 0.127065 1.125093
v -0.176015 0.142279 1.157019
v -0.181566 0.150676 1.132198
v -0.138207 0.161669 1.163192
v -0.142063 0.170614 1.138257
v -0.096598 0.176976 1.168399
v -0.098440 0.186395 1.143211
v -0.052552 0.187148 1.173077
v -0.052330 0.196948 1.147381
v -0.008250 0.189626 1.177780
v -0.005870 0.199724 1.151146
v 0.033898 0.185436 1.182606
v 0.038392 0.195405 1.154791
v 0.072220 0.175292 1.187437
v 0.078556 0.184843 1.158403
v 0.105938 0.159974 1.192179
v 0.113698 0.168684 1.162018
v 0.134852 0.140587 1.196784
v 0.143634 0.148239 1.165604
v 0.159150 0.117891 1.201291
v 0.168557 0.124366 1.169183
v 0.179455 0.092721 1.205718
v 0.189045 0.097887 1.172674
v 0.196236 0.065695 1.209970
v 0.205609 0.069414 1.176084
v 0.209675 0.037233 1.213901
v 0.218512 0.039507 1.179179
v 0.219716 0.007906 1.217469
v 0.227790 0.008790 1.181851
v 0.225927 -0.021988 1.220288
v 0.233016 -0.022442 1.183814
v 0.226467 -0.052302 1.222089
v 0.232414 -0.053974 1.184837
v 0.221851 -0.082513 1.222298
v 0.221851 -0.082513 1.222298
v 0.227149 -0.085217 1.184398
v 0.227149 -0.085217 1.184398
v 0.211706 -0.112148 1.220289
v 0.216735 -0.115740 1.181998
v 0.195459 -0.140789 1.215341
v 0.200630 -0.145312 1.177088
v 0.172649 -0.168429 1.206726
v 0.178394 -0.174148 1.169184
v 0.143115 -0.194813 1.194159
v 0.149674 -0.202098 1.158334
v 0.108102 -0.218571 1.179422
v 0.115148 -0.227449 1.146157
v 0.069532 -0.236960 1.164596
v 0.076371 -0.246992 1.133919
v 0.029138 -0.248394 1.150497
v 0.035142 -0.259116 1.122028
v -0.011710 -0.252977 1.137318
v -0.007009 -0.264092 1.110606
v -0.001772 -0.276400 1.083861
v -0.049082 -0.262526 1.099705
v -0.045739 -0.273815 1.074418
v -0.090289 -0.254710 1.089549
v -0.088885 -0.264694 1.065405
v -0.129949 -0.241147 1.080346
v -0.130464 -0.249475 1.057079
v -0.167377 -0.222085 1.072418
v -0.169740 -0.228550 1.049757
v -0.201638 -0.197550 1.066361
v -0.165049 -0.215486 1.094938
v -0.197533 -0.192584 1.088592
v -0.226059 -0.165067 1.085048
v -0.193797 -0.187880 1.110703
v -0.220710 -0.161907 1.107093
v -0.243059 -0.132536 1.107025
v -0.215868 -0.158916 1.129124
v -0.236797 -0.130998 1.129078
v -0.252837 -0.100813 1.132728
v -0.260093 -0.100980 1.110775
v -0.263220 -0.069342 1.139751
v -0.271401 -0.068335 1.117723
v -0.267363 -0.037470 1.148965
v -0.276129 -0.035330 1.126897
v -0.264805 -0.005951 1.158825
v -0.273516 -0.002672 1.136627
v -0.256133 0.024515 1.168870
v -0.264397 0.028916 1.146507
v -0.241607 0.053300 1.178612
v -0.241607 0.053300 1.178612
v -0.249173 0.058768 1.156095
v -0.249173 0.058768 1.156095
v -0.221622 0.080008 1.187764
v -0.228273 0.086423 1.165116
v -0.196430 0.104264 1.196133
v -0.202017 0.111522 1.173382
v -0.166280 0.125697 1.203593
v -0.170635 0.133665 1.180731
v -0.131671 0.143878 1.210129
v -0.134555 0.152468 1.187079
v -0.093696 0.158022 1.216247
v -0.094915 0.167200 1.192699
v -0.053616 0.167107 1.222279
v -0.052989 0.176823 1.198023
v -0.013534 0.169102 1.229147
v -0.010930 0.179025 1.203789
v 0.024481 0.165292 1.236255
v 0.029036 0.175001 1.209781
v 0.059128 0.156036 1.243172
v 0.065393 0.165280 1.215718
v 0.089936 0.142296 1.249699
v 0.097539 0.150695 1.221426
v 0.116842 0.125035 1.255878
v 0.125445 0.132390 1.226879
v 0.140077 0.104918 1.261993
v 0.149300 0.111084 1.232210
v 0.160092 0.082622 1.267808
v 0.169575 0.087440 1.237442
v 0.177188 0.058619 1.273300
v 0.186607 0.061996 1.242385
v 0.191428 0.033235 1.278428
v 0.200518 0.035124 1.246979
v 0.202703 0.006839 1.283292
v 0.211238 0.007254 1.251290
v 0.210475 -0.020393 1.287528
v 0.218258 -0.021296 1.254872
v 0.213559 -0.048204 1.290669
v 0.220105 -0.050349 1.257375
v 0.210853 -0.076293 1.292194
v 0.210853 -0.076293 1.292194
v 0.216372 -0.079499 1.258241
v 0.216372 -0.079499 1.258241
v 0.202121 -0.104163 1.291243
v 0.206787 -0.108245 1.256712
v 0.186530 -0.131273 1.286832
v 0.190684 -0.136064 1.251923
v 0.163544 -0.157135 1.277919
v 0.167597 -0.162707 1.242984
v 0.133057 -0.181385 1.263568
v 0.137502 -0.187894 1.229277
v 0.096882 -0.202862 1.244983
v 0.101869 -0.210182 1.212392
v 0.058128 -0.219346 1.225571
v 0.063269 -0.227164 1.195255
v 0.018794 -0.229513 1.207356
v 0.023563 -0.237659 1.179131
v -0.020032 -0.233698 1.190769
v -0.016090 -0.242077 1.164234
v -0.057774 -0.232712 1.175751
v -0.055035 -0.241338 1.150469
v -0.052124 -0.251076 1.125146
v -0.092853 -0.235683 1.137849
v -0.091504 -0.244342 1.113813
v -0.129042 -0.225046 1.126658
v -0.129320 -0.232426 1.103647
v -0.162893 -0.208970 1.117501
v -0.128800 -0.217645 1.149994
v -0.161087 -0.202851 1.140146
v -0.190328 -0.183094 1.133056
v -0.159679 -0.197108 1.162982
v -0.187432 -0.178632 1.155512
v -0.211460 -0.155837 1.151476
v -0.185097 -0.174273 1.178262
v -0.207782 -0.152801 1.174035
v -0.226367 -0.128010 1.173464
v -0.231102 -0.129484 1.151258
v -0.240337 -0.100696 1.176661
v -0.245991 -0.100734 1.154741
v -0.249223 -0.071796 1.183208
v -0.255531 -0.070560 1.161561
v -0.252503 -0.042272 1.191983
v -0.259180 -0.039897 1.170587
v -0.250050 -0.012997 1.201727
v -0.256622 -0.009566 1.180429
v -0.242139 0.015385 1.211829
v -0.248300 0.019763 1.190534
v -0.228833 0.042296 1.221740
v -0.228833 0.042296 1.221740
v -0.234426 0.047518 1.200381
v -0.234426 0.047518 1.200381
v -0.210435 0.067362 1.231116
v -0.215319 0.073336 1.209658
v -0.187160 0.090207 1.239767
v -0.191183 0.096820 1.218168
v -0.159256 0.110450 1.247631
v -0.162269 0.117604 1.225819
v -0.127320 0.127556 1.254900
v -0.129126 0.135192 1.232670
v -0.092335 0.140739 1.262340
v -0.092788 0.148779 1.239455
v -0.055630 0.149076 1.270208
v -0.054546 0.157456 1.246395
v -0.019256 0.150871 1.278954
v -0.016457 0.159354 1.254211
v 0.015028 0.147402 1.287691
v 0.019610 0.155804 1.262240
v 0.046240 0.138852 1.295931
v 0.052470 0.146953 1.269909
v 0.074105 0.126413 1.303527
v 0.081799 0.133944 1.277027
v 0.098630 0.110848 1.310803
v 0.107577 0.117632 1.283860
v 0.120166 0.092859 1.317603
v 0.130087 0.098694 1.290419
v 0.139077 0.072977 1.323988
v 0.149700 0.077710 1.296617
v 0.155580 0.051589 1.330001
v 0.166647 0.055094 1.302462
v 0.169679 0.028961 1.335631
v 0.180951 0.031146 1.307930
v 0.181236 0.005397 1.340978
v 0.192488 0.006208 1.313120
v 0.189755 -0.019013 1.345790
v 0.200743 -0.019618 1.317742
v 0.194520 -0.044185 1.349668
v 0.204839 -0.046133 1.321334
v 0.193962 -0.069898 1.352119
v 0.193962 -0.069898 1.352119
v 0.203167 -0.073074 1.323381
v 0.203167 -0.073074 1.323381
v 0.187614 -0.095741 1.352278
v 0.195561 -0.099976 1.322998
v 0.174443 -0.121261 1.349060
v 0.180981 -0.126336 1.319114
v 0.153379 -0.145789 1.341131
v 0.158691 -0.151514 1.310543
v 0.124091 -0.168637 1.327356
v 0.128520 -0.174996 1.296228
v 0.087879 -0.188729 1.307675
v 0.092134 -0.195659 1.276735
v 0.048854 -0.204282 1.285245
v 0.053219 -0.211278 1.255649
v 0.010059 -0.213974 1.263555
v 0.014251 -0.220786 1.235761
v -0.027434 -0.217994 1.243913
v -0.023767 -0.224685 1.217711
v -0.063246 -0.217295 1.226385
v -0.060423 -0.223930 1.201402
v -0.097210 -0.212563 1.210840
v -0.095513 -0.219217 1.186664
v -0.094022 -0.226648 1.162420
v -0.128721 -0.210276 1.173748
v -0.129106 -0.203871 1.197377
v -0.158539 -0.191114 1.186416
v -0.129793 -0.197601 1.221278
v -0.158001 -0.185548 1.209907
v -0.183160 -0.169480 1.201700
v -0.157907 -0.179906 1.233738
v -0.181839 -0.164582 1.225472
v -0.202336 -0.145837 1.220593
v -0.204653 -0.149408 1.197178
v -0.218853 -0.123865 1.219497
v -0.222151 -0.126102 1.196312
v -0.231121 -0.099404 1.222001
v -0.235201 -0.100249 1.199151
v -0.238876 -0.073246 1.227630
v -0.243443 -0.072722 1.205254
v -0.241609 -0.046222 1.235426
v -0.246389 -0.044443 1.213580
v -0.239305 -0.019179 1.244595
v -0.243950 -0.016304 1.223087
v -0.232012 0.007263 1.254389
v -0.236326 0.011058 1.233075
v -0.219740 0.032557 1.264235
v -0.219740 0.032557 1.264235
v -0.223582 0.037114 1.242980
v -0.223582 0.037114 1.242980
v -0.202721 0.056307 1.273744
v -0.205938 0.061476 1.252442
v -0.181112 0.078116 1.282738
v -0.183575 0.083763 1.261271
v -0.155151 0.097522 1.291212
v -0.156717 0.103545 1.269439
v -0.125423 0.113884 1.299652
v -0.125980 0.120238 1.277293
v -0.092942 0.126402 1.308499
v -0.092348 0.133074 1.285446
v -0.059111 0.134041 1.318042
v -0.057192 0.141073 1.294194
v -0.025952 0.135524 1.328097
v -0.022516 0.142786 1.303660
v 0.004874 0.131863 1.337613
v 0.009989 0.139317 1.312866
v 0.032600 0.123481 1.346281
v 0.039431 0.130884 1.321308
v 0.057090 0.111641 1.354206
v 0.065664 0.118825 1.329234
v 0.078634 0.097163 1.361380
v 0.088779 0.103908 1.336592
v 0.097712 0.080702 1.367951
v 0.109188 0.086781 1.343404
v 0.114712 0.062764 1.374110
v 0.127231 0.067936 1.349770
v 0.129782 0.043630 1.379899
v 0.143097 0.047722 1.355754
v 0.142899 0.023500 1.385338
v 0.156772 0.026374 1.361358
v 0.153911 0.002598 1.390495
v 0.168113 0.004159 1.366672
v 0.162424 -0.018977 1.395226
v 0.176675 -0.018830 1.371495
v 0.167811 -0.041216 1.399153
v 0.181785 -0.042550 1.375439
v 0.169177 -0.064025 1.401893
v 0.169177 -0.064025 1.401893
v 0.182260 -0.066885 1.378099
v 0.182260 -0.066885 1.378099
v 0.165346 -0.087226 1.402822
v 0.177179 -0.091484 1.378679
v 0.155431 -0.110374 1.400876
v 0.165602 -0.115928 1.376109
v 0.138011 -0.132913 1.394766
v 0.146249 -0.139600 1.369048
v 0.112101 -0.153920 1.383132
v 0.118459 -0.161624 1.356217
v 0.078411 -0.172554 1.365372
v 0.083235 -0.181068 1.337217
v 0.040236 -0.187684 1.342900
v 0.044447 -0.196243 1.314370
v 0.001975 -0.197827 1.319145
v 0.005958 -0.205735 1.291558
v -0.034546 -0.202603 1.296951
v -0.030934 -0.209763 1.270739
v -0.068899 -0.202614 1.277281
v -0.065887 -0.209221 1.252231
v -0.101021 -0.198714 1.260110
v -0.098785 -0.204774 1.235959
v -0.130653 -0.190809 1.245773
v -0.103105 -0.191136 1.285228
v -0.131911 -0.183990 1.270337
v -0.157977 -0.173372 1.258429
v -0.133286 -0.176540 1.295375
v -0.158345 -0.166462 1.283502
v -0.180326 -0.153111 1.274884
v -0.180838 -0.159009 1.250015
v -0.198771 -0.136422 1.269947
v -0.200288 -0.141376 1.245029
v -0.213497 -0.117017 1.268536
v -0.215903 -0.120757 1.243690
v -0.224350 -0.095549 1.270324
v -0.227428 -0.097772 1.245813
v -0.231088 -0.072566 1.274801
v -0.234633 -0.073126 1.250914
v -0.233402 -0.048598 1.281360
v -0.237054 -0.047556 1.258116
v -0.231282 -0.024193 1.289489
v -0.234780 -0.021808 1.266824
v -0.224652 0.000086 1.298496
v -0.227789 0.003547 1.276278
v -0.213478 0.023655 1.307851
v -0.213478 0.023655 1.307851
v -0.216088 0.027984 1.285923
v -0.216088 0.027984 1.285923
v -0.197852 0.045997 1.317199
v -0.199794 0.051057 1.295396
v -0.177927 0.066602 1.326384
v -0.179048 0.072316 1.304527
v -0.153997 0.084905 1.335434
v -0.154111 0.091251 1.313324
v -0.126561 0.100139 1.345029
v -0.125529 0.107150 1.322382
v -0.096667 0.111449 1.355160
v -0.094360 0.119179 1.331909
v -0.065716 0.118043 1.365751
v -0.062011 0.126370 1.342043
v -0.035702 0.119062 1.376080
v -0.030465 0.127606 1.352351
v -0.008448 0.115150 1.385434
v -0.001408 0.123784 1.361835
v 0.015272 0.106877 1.393639
v 0.024435 0.115432 1.370476
v 0.035842 0.095535 1.400830
v 0.047060 0.103844 1.378130
v 0.054028 0.082068 1.407163
v 0.066978 0.089866 1.384964
v 0.070429 0.067124 1.412868
v 0.084729 0.074151 1.391173
v 0.085387 0.051094 1.418172
v 0.100671 0.057134 1.396937
v 0.098992 0.034208 1.423220
v 0.114953 0.039093 1.402375
v 0.111131 0.016607 1.428056
v 0.127522 0.020201 1.407520
v 0.121594 -0.001565 1.432708
v 0.138215 0.000648 1.412436
v 0.130046 -0.020212 1.437093
v 0.146662 -0.019485 1.416988
v 0.135950 -0.039363 1.440850
v 0.152296 -0.040196 1.420827
v 0.138650 -0.058944 1.443610
v 0.138650 -0.058944 1.443610
v 0.154424 -0.061393 1.423577
v 0.154424 -0.061393 1.423577
v 0.137014 -0.078868 1.444839
v 0.151712 -0.082995 1.424713
v 0.129901 -0.098925 1.443710
v 0.143317 -0.104634 1.423265
v 0.115939 -0.118564 1.439042
v 0.127766 -0.125761 1.418001
v 0.094100 -0.137000 1.429673
v 0.103960 -0.145554 1.407611
v 0.064923 -0.153266 1.415013
v 0.072398 -0.163097 1.391391
v 0.030735 -0.166820 1.395717
v 0.035761 -0.177727 1.370218
v -0.005618 -0.177156 1.373298
v -0.001894 -0.187985 1.346577
v -0.041147 -0.183531 1.350205
v -0.037882 -0.193257 1.323762
v -0.074461 -0.185299 1.329033
v -0.071561 -0.193767 1.303437
v -0.105123 -0.182529 1.310888
v -0.077048 -0.174977 1.355210
v -0.107252 -0.173365 1.336630
v -0.134503 -0.167888 1.321265
v -0.109270 -0.163070 1.362833
v -0.135515 -0.158377 1.347787
v -0.158524 -0.150073 1.336136
v -0.158575 -0.158613 1.309460
v -0.178256 -0.138199 1.328052
v -0.179476 -0.145989 1.301063
v -0.194711 -0.123446 1.323370
v -0.196959 -0.130314 1.296188
v -0.207691 -0.106850 1.321808
v -0.210829 -0.112277 1.294676
v -0.217017 -0.089275 1.322870
v -0.220945 -0.092588 1.296143
v -0.222540 -0.070724 1.326049
v -0.227043 -0.071615 1.300006
v -0.224403 -0.050880 1.331070
v -0.229090 -0.049585 1.305882
v -0.222638 -0.029840 1.337554
v -0.227093 -0.026812 1.313262
v -0.217036 -0.008267 1.345096
v -0.220924 -0.003856 1.321605
v -0.207403 0.012955 1.353264
v -0.207403 0.012955 1.353264
v -0.210475 0.018609 1.330448
v -0.210475 0.018609 1.330448
v -0.193680 0.032991 1.361778
v -0.195761 0.039936 1.339479
v -0.175993 0.051164 1.370582
v -0.176929 0.059520 1.348573
v -0.154619 0.066804 1.379834
v -0.154282 0.076726 1.357788
v -0.129973 0.079180 1.390067
v -0.128292 0.090777 1.367803
v -0.102978 0.087805 1.400813
v -0.099914 0.100929 1.378348
v -0.075168 0.092979 1.411140
v -0.070597 0.106800 1.388994
v -0.048660 0.094880 1.419896
v -0.042336 0.107935 1.398853
v -0.026448 0.093145 1.426353
v -0.017272 0.104549 1.407334
v -0.009573 0.085650 1.433161
v 0.003755 0.096672 1.414832
v 0.005718 0.075130 1.439545
v 0.021977 0.085791 1.421476
v 0.020357 0.063260 1.444939
v 0.038409 0.073066 1.427259
v 0.034600 0.050540 1.449640
v 0.053627 0.059133 1.432424
v 0.048416 0.037048 1.454079
v 0.067857 0.044293 1.437255
v 0.061604 0.022888 1.458494
v 0.081069 0.028718 1.441931
v 0.073667 0.008182 1.462874
v 0.093022 0.012526 1.446485
v 0.084137 -0.006987 1.467118
v 0.103412 -0.004175 1.450898
v 0.092705 -0.022472 1.471216
v 0.111918 -0.021268 1.455122
v 0.098902 -0.038357 1.474772
v 0.118028 -0.038807 1.458780
v 0.102174 -0.054604 1.477422
v 0.102174 -0.054604 1.477422
v 0.121124 -0.056737 1.461501
v 0.121124 -0.056737 1.461501
v 0.101660 -0.071140 1.478611
v 0.120229 -0.074974 1.462735
v 0.096057 -0.087839 1.477603
v 0.114014 -0.093361 1.461712
v 0.084353 -0.104361 1.473555
v 0.101315 -0.111465 1.457419
v 0.066211 -0.119811 1.465794
v 0.081366 -0.128418 1.448897
v 0.042909 -0.132986 1.454421
v 0.054995 -0.143148 1.435859
v 0.016311 -0.143294 1.440019
v 0.024300 -0.155071 1.418886
v -0.014014 -0.151886 1.422476
v -0.009429 -0.164792 1.398798
v -0.047589 -0.159771 1.401727
v -0.044161 -0.171951 1.376521
v -0.079752 -0.163612 1.381186
v -0.052626 -0.146436 1.425181
v -0.083120 -0.151030 1.406541
v -0.111118 -0.151118 1.389529
v -0.086655 -0.135304 1.431409
v -0.111839 -0.135926 1.416908
v -0.133716 -0.133377 1.404620
v -0.135674 -0.147311 1.375466
v -0.152193 -0.127565 1.395015
v -0.156859 -0.139924 1.364592
v -0.168201 -0.118259 1.387799
v -0.175045 -0.129051 1.356916
v -0.181989 -0.106360 1.383119
v -0.190294 -0.115477 1.352382
v -0.192579 -0.093665 1.381058
v -0.202119 -0.100655 1.350696
v -0.199678 -0.081312 1.381036
v -0.210279 -0.085608 1.351313
v -0.203402 -0.068246 1.382476
v -0.214896 -0.069787 1.353753
v -0.204520 -0.053380 1.385217
v -0.216382 -0.052382 1.357733
v -0.203359 -0.036663 1.389286
v -0.214844 -0.033407 1.363090
v -0.199541 -0.019010 1.394477
v -0.210011 -0.013640 1.369537
v -0.192202 -0.001770 1.400358
v -0.192202 -0.001770 1.400358
v -0.201474 0.005802 1.376680
v -0.201474 0.005802 1.376680
v -0.180755 0.013970 1.406742
v -0.188965 0.023914 1.384295
v -0.164970 0.027819 1.413880
v -0.172496 0.040045 1.392448
v -0.145524 0.039418 1.421898
v -0.152314 0.053605 1.401394
v -0.122081 0.048086 1.431334
v -0.128686 0.063968 1.411501
v -0.097129 0.053780 1.440980
v -0.102928 0.071032 1.421870
v -0.071958 0.059048 1.448323
v -0.076651 0.076033 1.431219
v -0.085539 0.040698 1.456617
v -0.061795 0.045618 1.461546
v -0.037304 0.053416 1.460770
v -0.014119 0.063826 1.453048
v -0.048996 0.035871 1.470597
v -0.024836 0.043121 1.467708
v -0.001044 0.052854 1.458670
v -0.011580 0.033226 1.472879
v 0.012593 0.041562 1.463313
v 0.001985 0.022417 1.477740
v 0.026353 0.029534 1.467706
v 0.016976 0.010975 1.482993
v 0.040038 0.016838 1.472208
v 0.030447 -0.000690 1.487945
v 0.052568 0.003676 1.476667
v 0.041322 -0.012532 1.492329
v 0.063225 -0.009861 1.480896
v 0.049432 -0.024592 1.496109
v 0.071687 -0.023679 1.484841
v 0.054758 -0.036889 1.499212
v 0.077635 -0.037827 1.488219
v 0.057072 -0.049437 1.501328
v 0.057072 -0.049437 1.501328
v 0.080625 -0.052294 1.490665
v 0.080625 -0.052294 1.490665
v 0.055910 -0.062132 1.502061
v 0.079948 -0.067011 1.491676
v 0.050641 -0.074816 1.500903
v 0.074639 -0.081850 1.490607
v 0.040817 -0.087234 1.497436
v 0.063849 -0.096533 1.486825
v 0.026833 -0.098781 1.491593
v 0.047723 -0.110262 1.479970
v 0.010153 -0.108397 1.483769
v 0.027794 -0.121804 1.470398
v -0.008703 -0.115743 1.474063
v 0.005363 -0.130626 1.458530
v -0.031837 -0.122479 1.461535
v -0.021397 -0.138223 1.443466
v -0.059189 -0.130389 1.446838
v -0.044047 -0.102435 1.476304
v -0.065889 -0.109023 1.465971
v -0.088056 -0.113799 1.455210
v -0.070299 -0.083276 1.481597
v -0.086257 -0.086466 1.474982
v -0.100141 -0.088088 1.469199
v -0.108287 -0.114957 1.444696
v -0.112567 -0.088246 1.463740
v -0.126101 -0.113709 1.435360
v -0.123554 -0.086715 1.458679
v -0.141100 -0.109996 1.427670
v -0.133122 -0.083055 1.454135
v -0.154055 -0.103366 1.421460
v -0.141469 -0.077371 1.450266
v -0.165454 -0.094368 1.416785
v -0.148374 -0.070533 1.447421
v -0.174439 -0.084370 1.413980
v -0.153492 -0.062975 1.445672
v -0.180622 -0.074225 1.412884
v -0.156382 -0.054364 1.444987
v -0.183861 -0.063260 1.413090
v -0.157997 -0.044776 1.445298
v -0.185080 -0.050887 1.414524
v -0.158451 -0.034309 1.446725
v -0.184713 -0.037088 1.417202
v -0.156507 -0.023245 1.449193
v -0.182012 -0.022484 1.420986
v -0.150933 -0.012371 1.452492
v -0.150933 -0.012371 1.452492
v -0.175722 -0.008179 1.425487
v -0.175722 -0.008179 1.425487
v -0.139416 -0.001759 1.457113
v -0.164782 0.005037 1.430763
v -0.114435 0.009505 1.465023
v -0.147930 0.017163 1.437176
v -0.106036 0.021918 1.461112
v -0.130266 0.028089 1.442245
v -0.090625 0.028506 1.463553
v -0.108252 0.036048 1.449307
v -0.071303 0.031850 1.468002
v -0.076534 0.024125 1.471241
v -0.061131 0.023720 1.475495
v -0.036810 0.026954 1.476793
v -0.063271 0.011651 1.482154
v -0.025995 0.016413 1.482810
v -0.031823 0.000967 1.496080
v -0.007573 0.005674 1.490371
v -0.014110 -0.007492 1.503859
v 0.007547 -0.004544 1.496509
v -0.003275 -0.015385 1.508858
v 0.018560 -0.014563 1.501227
v 0.003226 -0.023341 1.512170
v 0.025980 -0.024688 1.504801
v 0.006436 -0.031508 1.514230
v 0.030265 -0.034978 1.507429
v 0.006786 -0.039721 1.515199
v 0.006786 -0.039721 1.515199
v 0.031519 -0.045400 1.508997
v 0.031519 -0.045400 1.508997
v 0.004401 -0.047713 1.515004
v 0.029587 -0.055785 1.509247
v -0.000626 -0.055186 1.513512
v 0.024239 -0.065897 1.507882
v -0.008017 -0.061899 1.510737
v 0.015485 -0.075484 1.504735
v -0.017270 -0.067703 1.506850
v 0.003882 -0.084185 1.499922
v -0.027848 -0.072445 1.502027
v -0.009671 -0.091398 1.493690
v -0.039889 -0.076168 1.496111
v -0.025236 -0.097047 1.485900
v -0.053979 -0.079578 1.489134
v -0.048045 -0.057844 1.509765
v -0.048045 -0.057844 1.509765
v -0.057983 -0.059815 1.505390
v -0.057983 -0.059815 1.505390
v -0.068546 -0.061576 1.500846
v -0.068546 -0.061576 1.500846
v -0.058596 -0.046452 1.525429
v -0.066208 -0.047589 1.522775
v -0.073636 -0.048165 1.520141
v -0.078821 -0.062952 1.496627
v -0.078821 -0.062952 1.496627
v -0.080710 -0.048170 1.517627
v -0.088120 -0.063581 1.492826
v -0.088120 -0.063581 1.492826
v -0.087276 -0.047408 1.515243
v -0.096475 -0.063320 1.489400
v -0.096475 -0.063320 1.489400
v -0.093086 -0.045769 1.513064
v -0.103787 -0.062083 1.486319
v -0.103787 -0.062083 1.486319
v -0.097942 -0.043302 1.511143
v -0.109976 -0.059700 1.483607
v -0.109976 -0.059700 1.483607
v -0.101696 -0.040110 1.509533
v -0.115043 -0.056215 1.481297
v -0.115043 -0.056215 1.481297
v -0.104421 -0.036390 1.508247
v -0.119098 -0.051895 1.479462
v -0.119098 -0.051895 1.479462
v -0.106092 -0.032229 1.507328
v -0.106092 -0.032229 1.507328
v -0.122216 -0.046853 1.478110
v -0.122216 -0.046853 1.478110
v -0.122216 -0.046853 1.478110
v -0.106584 -0.027751 1.506832
v -0.124286 -0.041128 1.477276
v -0.124286 -0.041128 1.477276
v -0.105704 -0.023137 1.506813
v -0.125383 -0.034924 1.476988
v -0.125383 -0.034924 1.476988
v -0.103298 -0.018583 1.507309
v -0.125116 -0.028272 1.477419
v -0.125116 -0.028272 1.477419
v -0.099364 -0.014276 1.508289
v -0.122787 -0.021274 1.478622
v -0.122787 -0.021274 1.478622
v -0.093961 -0.010412 1.509708
v -0.117818 -0.014382 1.480604
v -0.117818 -0.014382 1.480604
v -0.117818 -0.014382 1.480604
v -0.086927 -0.007082 1.511629
v -0.108889 -0.007747 1.483701
v -0.108889 -0.007747 1.483701
v -0.077490 -0.004567 1.514355
v -0.092583 -0.001877 1.489037
v -0.092583 -0.001877 1.489037
v -0.065013 -0.003620 1.518347
v -0.066390 -0.000072 1.498019
v -0.066390 -0.000072 1.498019
v -0.081220 0.019450 1.472130
v -0.053196 -0.004876 1.522731
v -0.045495 -0.003781 1.506748
v -0.045495 -0.003781 1.506748
v -0.043520 -0.007448 1.526617
v -0.031315 -0.008731 1.513150
v -0.031315 -0.008731 1.513150
v -0.036160 -0.010837 1.529731
v -0.022049 -0.014112 1.517547
v -0.022049 -0.014112 1.517547
v -0.030963 -0.014811 1.532086
v -0.016354 -0.019844 1.520458
v -0.016354 -0.019844 1.520458
v -0.027782 -0.019195 1.533740
v -0.013478 -0.025851 1.522232
v -0.013478 -0.025851 1.522232
v -0.026499 -0.023786 1.534736
v -0.013022 -0.031943 1.523033
v -0.013022 -0.031943 1.523033
v -0.013022 -0.031943 1.523033
v -0.026996 -0.028361 1.535097
v -0.014760 -0.037856 1.522906
v -0.014760 -0.037856 1.522906
v -0.029148 -0.032718 1.534820
v -0.018482 -0.043324 1.521847
v -0.018482 -0.043324 1.521847
v -0.032851 -0.036668 1.533908
v -0.023939 -0.048153 1.519905
v -0.023939 -0.048153 1.519905
v -0.037962 -0.040053 1.532397
v -0.030835 -0.052226 1.517198
v -0.030835 -0.052226 1.517198
v -0.044173 -0.042802 1.530398
v -0.038874 -0.055490 1.513850
v -0.038874 -0.055490 1.513850
v -0.051158 -0.044929 1.528051
v -0.047279 -0.033741 1.549289
v -0.053274 -0.035641 1.547853
v -0.059665 -0.036933 1.546193
v -0.056105 -0.027457 1.567192
v -0.061999 -0.028534 1.566106
v -0.067998 -0.029207 1.564910
v -0.066194 -0.037760 1.544433
v -0.074020 -0.029451 1.563628
v -0.072698 -0.038100 1.542616
v -0.079942 -0.029106 1.562257
v -0.079066 -0.037859 1.540770
v -0.085475 -0.027940 1.560804
v -0.085085 -0.036879 1.538924
v -0.090241 -0.025864 1.559329
v -0.090392 -0.034995 1.537158
v -0.093949 -0.023080 1.557925
v -0.094699 -0.032326 1.535563
v -0.096588 -0.019854 1.556655
v -0.097927 -0.029083 1.534189
v -0.098383 -0.016382 1.555519
v -0.100077 -0.025441 1.533056
v -0.099194 -0.012772 1.554558
v -0.099194 -0.012772 1.554558
v -0.101158 -0.021551 1.532189
v -0.101158 -0.021551 1.532189
v -0.098794 -0.009158 1.553838
v -0.100915 -0.017550 1.531665
v -0.096987 -0.005755 1.553436
v -0.099188 -0.013647 1.531538
v -0.093851 -0.002773 1.553382
v -0.095993 -0.010070 1.531838
v -0.089577 -0.000395 1.553698
v -0.091527 -0.007004 1.532545
v -0.084599 0.001413 1.554321
v -0.086077 -0.004541 1.533611
v -0.079167 0.002642 1.555188
v -0.079861 -0.002756 1.534993
v -0.073444 0.003284 1.556267
v -0.072977 -0.001710 1.536682
v -0.067583 0.003255 1.557554
v -0.065475 -0.001520 1.538730
v -0.061826 0.002495 1.559015
v -0.058046 -0.002331 1.541008
v -0.056423 0.001001 1.560583
v -0.051251 -0.004019 1.543289
v -0.051571 -0.001107 1.562174
v -0.045382 -0.006416 1.545414
v -0.047436 -0.003710 1.563715
v -0.040639 -0.009387 1.547292
v -0.044130 -0.006695 1.565160
v -0.037205 -0.012826 1.548855
v -0.041779 -0.009983 1.566458
v -0.035189 -0.016579 1.550053
v -0.040511 -0.013474 1.567556
v -0.034633 -0.020469 1.550851
v -0.040603 -0.017052 1.568353
v -0.035579 -0.024337 1.551203
v -0.042313 -0.020512 1.568751
v -0.038068 -0.027983 1.551063
v -0.045745 -0.023527 1.568653
v -0.042084 -0.031165 1.550406
v -0.050571 -0.025813 1.568079
v -0.051020 -0.015295 1.585869
v -0.055252 -0.017369 1.585751
v -0.060105 -0.018827 1.585365
v -0.058280 -0.010353 1.603657
v -0.062446 -0.011971 1.603792
v -0.067023 -0.013026 1.603723
v -0.065240 -0.019837 1.584821
v -0.071809 -0.013561 1.603491
v -0.070544 -0.020385 1.584140
v -0.076687 -0.013531 1.603084
v -0.075877 -0.020510 1.583350
v -0.081490 -0.012789 1.602464
v -0.081162 -0.020061 1.582427
v -0.085934 -0.011229 1.601618
v -0.086156 -0.018809 1.581347
v -0.089628 -0.008873 1.600567
v -0.090487 -0.016723 1.580154
v -0.092619 -0.006085 1.599432
v -0.094002 -0.014047 1.578917
v -0.094882 -0.003006 1.598255
v -0.096609 -0.010967 1.577687
v -0.096375 0.000266 1.597068
v -0.098307 -0.007640 1.576497
v -0.096749 0.003639 1.595916
v -0.096749 0.003639 1.595916
v -0.098942 -0.004170 1.575419
v -0.098942 -0.004170 1.575419
v -0.095983 0.006921 1.594858
v -0.098345 -0.000721 1.574502
v -0.094366 0.009993 1.593929
v -0.096502 0.002492 1.573812
v -0.092132 0.012841 1.593124
v -0.093583 0.005324 1.573374
v -0.089356 0.015453 1.592452
v -0.089902 0.007745 1.573174
v -0.085922 0.017654 1.591971
v -0.085590 0.009718 1.573214
v -0.081648 0.019022 1.591836
v -0.080717 0.011050 1.573529
v -0.076804 0.018984 1.592223
v -0.075422 0.011459 1.574193
v -0.072078 0.017972 1.592944
v -0.070146 0.010862 1.575168
v -0.067670 0.016363 1.593859
v -0.065190 0.009467 1.576346
v -0.063523 0.014450 1.594873
v -0.060606 0.007590 1.577621
v -0.059592 0.012328 1.595958
v -0.056338 0.005382 1.578949
v -0.056102 0.009898 1.597116
v -0.052482 0.002909 1.580295
v -0.053290 0.007157 1.598325
v -0.049198 0.000180 1.581655
v -0.051604 0.004098 1.599530
v -0.046857 -0.002855 1.582969
v -0.050995 0.000898 1.600664
v -0.045732 -0.006125 1.584135
v -0.051354 -0.002293 1.601688
v -0.046036 -0.009450 1.585050
v -0.052625 -0.005351 1.602571
v -0.047823 -0.012597 1.585650
v -0.054954 -0.008100 1.603245
v -0.053221 0.000373 1.620752
v -0.055146 -0.002610 1.621773
v -0.058185 -0.005053 1.622565
v -0.053174 0.001989 1.642222
v -0.056606 -0.000400 1.643304
v -0.060815 -0.002266 1.644078
v -0.062077 -0.006868 1.623098
v -0.065444 -0.003675 1.644686
v -0.066445 -0.008046 1.623407
v -0.070290 -0.004554 1.645041
v -0.071031 -0.008670 1.623544
v -0.075225 -0.004729 1.645054
v -0.075733 -0.008499 1.623420
v -0.080025 -0.003810 1.644594
v -0.080252 -0.007414 1.622966
v -0.084225 -0.001608 1.643653
v -0.084096 -0.005330 1.622156
v -0.087581 0.001369 1.642461
v -0.087167 -0.002624 1.621134
v -0.090301 0.004720 1.641133
v -0.089582 0.000383 1.620002
v -0.092495 0.008283 1.639718
v -0.091528 0.003548 1.618814
v -0.094190 0.011914 1.638264
v -0.093048 0.006826 1.617599
v -0.095257 0.015628 1.636731
v -0.095257 0.015628 1.636731
v -0.094023 0.010182 1.616379
v -0.094023 0.010182 1.616379
v -0.095410 0.019354 1.635146
v -0.094270 0.013568 1.615145
v -0.094503 0.022963 1.633605
v -0.093644 0.016885 1.613936
v -0.092652 0.026349 1.632139
v -0.092080 0.020009 1.612797
v -0.089757 0.029248 1.630862
v -0.089407 0.022687 1.611816
v -0.085908 0.031424 1.629879
v -0.085826 0.024711 1.611085
v -0.081246 0.032510 1.629337
v -0.081415 0.025578 1.610793
v -0.076314 0.032298 1.629340
v -0.076753 0.025275 1.610950
v -0.071438 0.031358 1.629705
v -0.072253 0.024205 1.611419
v -0.066803 0.029941 1.630294
v -0.067952 0.022691 1.612071
v -0.062274 0.028211 1.631026
v -0.063826 0.020892 1.612846
v -0.058047 0.026001 1.631973
v -0.059979 0.018785 1.613749
v -0.054659 0.023056 1.633190
v -0.056598 0.016318 1.614775
v -0.052499 0.019482 1.634746
v -0.053989 0.013433 1.615939
v -0.051365 0.015767 1.636427
v -0.052489 0.010231 1.617179
v -0.050672 0.012044 1.638029
v -0.051982 0.006903 1.618413
v -0.050360 0.008448 1.639627
v -0.052223 0.003591 1.619619
v -0.051019 0.005011 1.640956
v -0.041273 0.013809 1.660150
v -0.038980 0.008393 1.663087
v -0.041614 0.002854 1.665870
v -0.051864 0.020709 1.680851
v -0.054786 0.016968 1.682921
v -0.058712 0.013851 1.684580
v -0.048636 -0.000152 1.667163
v -0.063469 0.011646 1.685674
v -0.055786 -0.001770 1.667778
v -0.068795 0.010506 1.686053
v -0.062532 -0.003153 1.668361
v -0.074258 0.010324 1.685815
v -0.069099 -0.004227 1.668892
v -0.079590 0.010734 1.685241
v -0.075831 -0.004352 1.668975
v -0.084725 0.011548 1.684455
v -0.082089 -0.002351 1.667897
v -0.089581 0.013079 1.683433
v -0.086748 0.001255 1.665959
v -0.093661 0.015670 1.681686
v -0.090238 0.005153 1.663898
v -0.096547 0.019090 1.679510
v -0.093277 0.009176 1.661823
v -0.098430 0.023006 1.677140
v -0.095687 0.013246 1.659763
v -0.099682 0.027039 1.674773
v -0.097266 0.017390 1.657706
v -0.100516 0.031095 1.672480
v -0.100516 0.031095 1.672480
v -0.098058 0.021508 1.655634
v -0.098058 0.021508 1.655634
v -0.100708 0.035175 1.670228
v -0.098025 0.025757 1.653515
v -0.100057 0.039229 1.668040
v -0.097108 0.029897 1.651464
v -0.098456 0.043152 1.666003
v -0.095171 0.033759 1.649579
v -0.095693 0.046651 1.664207
v -0.092141 0.037092 1.647936
v -0.091689 0.049273 1.662933
v -0.087935 0.039532 1.646727
v -0.086795 0.050496 1.662451
v -0.082883 0.040683 1.646151
v -0.081716 0.050488 1.662665
v -0.077571 0.040614 1.646222
v -0.076830 0.049363 1.663458
v -0.072288 0.039714 1.646691
v -0.072188 0.047483 1.664601
v -0.067121 0.038288 1.647429
v -0.067926 0.045121 1.666029
v -0.062244 0.036240 1.648482
v -0.063888 0.042426 1.667630
v -0.058024 0.033475 1.649871
v -0.060021 0.039527 1.669440
v -0.054707 0.029902 1.651593
v -0.056332 0.036309 1.671448
v -0.051892 0.026094 1.653509
v -0.053066 0.032869 1.673583
v -0.048852 0.022204 1.655530
v -0.050726 0.029042 1.675931
v -0.045010 0.018181 1.657715
v -0.050228 0.024848 1.678460
v -0.058976 0.041227 1.695053
v -0.059228 0.036980 1.697438
v -0.061206 0.032908 1.699523
v -0.066586 0.046082 1.720140
v -0.067947 0.041633 1.722356
v -0.070777 0.037647 1.724040
v -0.064061 0.029194 1.701333
v -0.074591 0.034329 1.725251
v -0.067490 0.025878 1.702864
v -0.079186 0.032012 1.725771
v -0.071778 0.023388 1.703860
v -0.084222 0.030977 1.725509
v -0.076715 0.022167 1.704023
v -0.089231 0.030888 1.724773
v -0.081770 0.022142 1.703491
v -0.094093 0.031311 1.723772
v -0.086661 0.022822 1.702582
v -0.098744 0.032017 1.722682
v -0.091267 0.023990 1.701446
v -0.103192 0.033242 1.721365
v -0.095548 0.025561 1.700143
v -0.107236 0.035212 1.719719
v -0.099392 0.027664 1.698607
v -0.110515 0.038077 1.717695
v -0.102640 0.030381 1.696800
v -0.112685 0.041764 1.715386
v -0.105156 0.033618 1.694775
v -0.113711 0.045882 1.713003
v -0.106725 0.037371 1.692557
v -0.114037 0.050148 1.710670
v -0.114037 0.050148 1.710670
v -0.107154 0.041432 1.690273
v -0.107154 0.041432 1.690273
v -0.114041 0.054455 1.708411
v -0.106787 0.045579 1.688027
v -0.113686 0.058820 1.706215
v -0.105888 0.049704 1.685878
v -0.112537 0.063226 1.704173
v -0.104364 0.053748 1.683851
v -0.109934 0.067183 1.702596
v -0.101887 0.057491 1.682075
v -0.105856 0.069575 1.701957
v -0.098011 0.060243 1.680914
v -0.101321 0.070316 1.702131
v -0.093326 0.061619 1.680535
v -0.096832 0.069970 1.702839
v -0.088398 0.061760 1.680835
v -0.092493 0.068918 1.703893
v -0.083826 0.060667 1.681776
v -0.088278 0.067430 1.705205
v -0.079755 0.058587 1.683190
v -0.084167 0.065535 1.706770
v -0.076014 0.056054 1.684852
v -0.080080 0.063391 1.708533
v -0.072176 0.053500 1.686591
v -0.076266 0.060840 1.710501
v -0.068201 0.050984 1.688396
v -0.072764 0.057856 1.712677
v -0.064317 0.048278 1.690370
v -0.069701 0.054409 1.715004
v -0.061031 0.045062 1.692600
v -0.067467 0.050452 1.717514
v -0.078583 0.061270 1.741655
v -0.075831 0.057643 1.744280
v -0.073827 0.053574 1.746962
v -0.076020 0.067779 1.775764
v -0.073661 0.063545 1.779085
v -0.074179 0.058748 1.781720
v -0.073607 0.049048 1.749460
v -0.078216 0.054514 1.782741
v -0.075506 0.044778 1.751456
v -0.082958 0.051874 1.782546
v -0.079454 0.041503 1.752378
v -0.088331 0.049923 1.781757
v -0.084499 0.039820 1.752041
v -0.093701 0.048452 1.780681
v -0.089744 0.039264 1.751020
v -0.098943 0.047528 1.779254
v -0.094835 0.039416 1.749659
v -0.104048 0.047196 1.777624
v -0.099713 0.039813 1.748270
v -0.108892 0.047623 1.775381
v -0.104379 0.040412 1.746873
v -0.113474 0.048634 1.773006
v -0.108821 0.041549 1.745249
v -0.117826 0.050059 1.770695
v -0.112845 0.043394 1.743385
v -0.121748 0.052058 1.768322
v -0.116301 0.045967 1.741302
v -0.124986 0.055004 1.765754
v -0.119037 0.049184 1.738974
v -0.127067 0.058982 1.763022
v -0.120957 0.052994 1.736553
v -0.128036 0.063512 1.760427
v -0.128036 0.063512 1.760427
v -0.121959 0.057192 1.734152
v -0.121959 0.057192 1.734152
v -0.128346 0.068193 1.758125
v -0.122093 0.061599 1.731867
v -0.127881 0.072968 1.756094
v -0.121364 0.066088 1.729775
v -0.126046 0.077589 1.754596
v -0.119713 0.070503 1.727998
v -0.122743 0.081337 1.753966
v -0.116732 0.074244 1.726872
v -0.118516 0.083469 1.754289
v -0.112781 0.076589 1.726664
v -0.114036 0.084222 1.755250
v -0.108436 0.077603 1.727002
v -0.109616 0.083977 1.756685
v -0.103996 0.077700 1.727783
v -0.105272 0.083061 1.758405
v -0.099627 0.077025 1.728968
v -0.100730 0.082133 1.760258
v -0.095584 0.075415 1.730587
v -0.095851 0.081476 1.762135
v -0.091906 0.073100 1.732508
v -0.090985 0.080398 1.764259
v -0.088488 0.070410 1.734624
v -0.086644 0.078074 1.766767
v -0.085121 0.067556 1.736859
v -0.082866 0.074943 1.769536
v -0.081784 0.064525 1.739185
v -0.079287 0.071495 1.772470
v -0.077736 0.082702 1.808703
v -0.075163 0.079032 1.812254
v -0.078682 0.088299 1.834531
v -0.077448 0.085790 1.837932
v -0.076499 0.082380 1.840601
v -0.073341 0.074860 1.814793
v -0.084270 0.084456 1.839227
v -0.083944 0.080268 1.841101
v -0.084650 0.073588 1.839755
v -0.089306 0.061718 1.814066
v -0.090523 0.077620 1.839933
v -0.091575 0.070414 1.836970
v -0.095204 0.060218 1.812583
v -0.098322 0.067223 1.833757
v -0.100894 0.057945 1.810415
v -0.104662 0.065083 1.830969
v -0.106165 0.055875 1.808432
v -0.110628 0.063489 1.828244
v -0.111432 0.055112 1.805685
v -0.116168 0.062469 1.825544
v -0.116434 0.055544 1.802489
v -0.121230 0.062331 1.822614
v -0.121087 0.056510 1.799127
v -0.125220 0.058192 1.795749
v -0.128606 0.061053 1.792584
v -0.131045 0.064792 1.789490
v -0.132762 0.073627 1.812111
v -0.132762 0.073627 1.812111
v -0.132486 0.069274 1.786935
v -0.132486 0.069274 1.786935
v -0.132818 0.074148 1.784732
v -0.128043 0.077130 1.824115
v -0.128043 0.077130 1.824115
v -0.123381 0.079030 1.828125
v -0.123381 0.079030 1.828125
v -0.124027 0.082801 1.823090
v -0.125944 0.086386 1.811156
v -0.118821 0.080182 1.830232
v -0.118821 0.080182 1.830232
v -0.120051 0.083687 1.823878
v -0.122079 0.087005 1.811207
v -0.121796 0.090950 1.784995
v -0.125768 0.087606 1.783819
v -0.115822 0.084360 1.824678
v -0.117844 0.087528 1.811701
v -0.117247 0.093274 1.786801
v -0.112936 0.088565 1.812896
v -0.112065 0.094289 1.788827
v -0.107340 0.090241 1.814451
v -0.106596 0.094510 1.791025
v -0.101112 0.092138 1.817022
v -0.100776 0.094579 1.793251
v -0.094412 0.093475 1.820371
v -0.094733 0.094244 1.795702
v -0.099165 0.089263 1.828831
v -0.092640 0.090267 1.830859
v -0.097487 0.085716 1.835022
v -0.097487 0.085716 1.835022
v -0.091313 0.086801 1.835907
v -0.091313 0.086801 1.835907
v -0.085173 0.087687 1.836164
v -0.085173 0.087687 1.836164
v -0.090548 0.082729 1.838944
v -0.096788 0.080810 1.838118
v -0.097023 0.074911 1.838135
v -0.102822 0.078951 1.836989
v -0.103179 0.072736 1.836361
v -0.108349 0.077457 1.835976
v -0.108885 0.071218 1.835005
v -0.113439 0.076333 1.834855
v -0.114156 0.070127 1.833608
v -0.118285 0.075547 1.833049
v -0.118849 0.069684 1.831752
v -0.114247 0.081076 1.831457
v -0.114247 0.081076 1.831457
v -0.109236 0.082377 1.832539
v -0.109236 0.082377 1.832539
v -0.111062 0.085470 1.825714
v -0.103662 0.084000 1.833721
v -0.103662 0.084000 1.833721
v -0.105453 0.087333 1.827066
v -0.359848 0.084012 0.890376
v -0.360431 0.081661 0.890376
v -0.359278 0.085523 0.890376
v -0.359848 0.084012 0.890376
v -0.356107 0.093863 0.890376
v -0.359278 0.085523 0.890376
v -0.319143 0.176172 0.890376
v -0.338318 0.138540 0.890376
v -0.287785 0.218633 0.890376
v -0.308176 0.191055 0.890376
v -0.235921 0.251318 0.890376
v -0.264270 0.232980 0.890376
v -0.171241 0.275965 0.890376
v -0.204714 0.262703 0.890376
v -0.102061 0.295127 0.890376
v -0.136510 0.285284 0.890376
v -0.031736 0.307836 0.890376
v -0.066300 0.301519 0.890376
v 0.036109 0.311126 0.890376
v 0.000892 0.309402 0.890376
v 0.097747 0.303426 0.890376
v 0.061669 0.307876 0.890376
v 0.151831 0.286243 0.890376
v 0.114458 0.298016 0.890376
v 0.197911 0.260691 0.890376
v 0.160042 0.281577 0.890376
v 0.237077 0.229302 0.890376
v 0.210689 0.250367 0.890376
v 0.240579 0.225943 0.890376
v 0.237077 0.229302 0.890376
v 0.278223 0.188302 0.890376
v 0.272678 0.194926 0.890376
v 0.309933 0.149623 0.890376
v 0.304573 0.158062 0.890376
v 0.335518 0.108489 0.890376
v 0.331259 0.118363 0.890376
v 0.353632 0.063910 0.890376
v 0.351014 0.075688 0.890376
v 0.361603 0.015817 0.890376
v 0.361659 0.030567 0.890376
v 0.358430 -0.034365 0.890376
v 0.361596 -0.015639 0.890376
v 0.346397 -0.084041 0.890376
v 0.353554 -0.061015 0.890376
v 0.327665 -0.130720 0.890376
v 0.339749 -0.104101 0.890376
v 0.304323 -0.174295 0.890376
v 0.321162 -0.144263 0.890376
v 0.279473 -0.217850 0.890376
v 0.298846 -0.183725 0.890376
v 0.252682 -0.261455 0.890376
v 0.274007 -0.227358 0.890376
v -0.370755 -0.052639 0.890376
v -0.353255 -0.095336 0.890376
v -0.374014 -0.027371 0.890376
v -0.370755 -0.052639 0.890376
v -0.371509 0.037510 0.890376
v -0.372782 0.023007 0.890376
v 0.221078 -0.301581 0.890376
v 0.244559 -0.274674 0.890376
v 0.158813 -0.353590 0.890376
v 0.180603 -0.338182 0.890376
v 0.103257 -0.373494 0.890376
v 0.120853 -0.367509 0.890376
v 0.042838 -0.377438 0.890376
v 0.058421 -0.376646 0.890376
v -0.019190 -0.367234 0.890376
v -0.002252 -0.370163 0.890376
v -0.080253 -0.346015 0.890376
v -0.059614 -0.353264 0.890376
v -0.138594 -0.316336 0.890376
v -0.113157 -0.329274 0.890376
v -0.192890 -0.279893 0.890376
v -0.162598 -0.300109 0.890376
v -0.242019 -0.238001 0.890376
v -0.207809 -0.266929 0.890376
v -0.285101 -0.192199 0.890376
v -0.248902 -0.230412 0.890376
v -0.321880 -0.144711 0.890376
v -0.302117 -0.170159 0.890376
v -0.322919 -0.143161 0.890376
v -0.321880 -0.144711 0.890376
v -0.336894 -0.121585 0.890376
v -0.322919 -0.143161 0.890376
v -0.360431 0.081661 0.890376
v -0.371509 0.037510 0.890376
v -0.342340 0.130645 0.890376
v -0.356107 0.093863 0.890376
v -0.338318 0.138540 0.890376
v -0.342340 0.130645 0.890376
v -0.308176 0.191055 0.890376
v -0.319143 0.176172 0.890376
v -0.264270 0.232980 0.890376
v -0.287785 0.218633 0.890376
v -0.204714 0.262703 0.890376
v -0.235921 0.251318 0.890376
v -0.136510 0.285284 0.890376
v -0.171241 0.275965 0.890376
v -0.066300 0.301519 0.890376
v -0.102061 0.295127 0.890376
v 0.000892 0.309402 0.890376
v -0.031736 0.307836 0.890376
v 0.061669 0.307876 0.890376
v 0.036109 0.311126 0.890376
v 0.114458 0.298016 0.890376
v 0.097747 0.303426 0.890376
v 0.160042 0.281577 0.890376
v 0.151831 0.286243 0.890376
v 0.210689 0.250367 0.890376
v 0.199500 0.259358 0.890376
v 0.199500 0.259358 0.890376
v 0.197911 0.260691 0.890376
v 0.272678 0.194926 0.890376
v 0.240579 0.225943 0.890376
v 0.304573 0.158062 0.890376
v 0.278223 0.188302 0.890376
v 0.331259 0.118363 0.890376
v 0.309933 0.149623 0.890376
v 0.351014 0.075688 0.890376
v 0.335518 0.108489 0.890376
v 0.361659 0.030567 0.890376
v 0.353632 0.063910 0.890376
v 0.361596 -0.015639 0.890376
v 0.361603 0.015817 0.890376
v 0.353554 -0.061015 0.890376
v 0.358430 -0.034365 0.890376
v 0.339749 -0.104101 0.890376
v 0.346397 -0.084041 0.890376
v 0.321162 -0.144263 0.890376
v 0.327665 -0.130720 0.890376
v 0.298846 -0.183725 0.890376
v 0.304323 -0.174295 0.890376
v 0.274007 -0.227358 0.890376
v 0.279473 -0.217850 0.890376
v 0.244559 -0.274674 0.890376
v 0.252682 -0.261455 0.890376
v -0.353255 -0.095336 0.890376
v -0.352319 -0.097763 0.890376
v -0.375883 -0.008051 0.890376
v -0.374014 -0.027371 0.890376
v -0.372782 0.023007 0.890376
v -0.375883 -0.008051 0.890376
v 0.206527 -0.319082 0.890376
v 0.221078 -0.301581 0.890376
v 0.180603 -0.338182 0.890376
v 0.206527 -0.319082 0.890376
v 0.120853 -0.367509 0.890376
v 0.158813 -0.353590 0.890376
v 0.058421 -0.376646 0.890376
v 0.103257 -0.373494 0.890376
v -0.002252 -0.370163 0.890376
v 0.042838 -0.377438 0.890376
v -0.059614 -0.353264 0.890376
v -0.019190 -0.367234 0.890376
v -0.113157 -0.329274 0.890376
v -0.080253 -0.346015 0.890376
v -0.162598 -0.300109 0.890376
v -0.138594 -0.316336 0.890376
v -0.207809 -0.266929 0.890376
v -0.192890 -0.279893 0.890376
v -0.248902 -0.230412 0.890376
v -0.242019 -0.238001 0.890376
v -0.302117 -0.170159 0.890376
v -0.286228 -0.190664 0.890376
v -0.286228 -0.190664 0.890376
v -0.285101 -0.192199 0.890376
v -0.352319 -0.097763 0.890376
v -0.336894 -0.121585 0.890376
v 0.327665 -0.130720 0.890376
v 0.279473 -0.217850 0.890376
v 0.274007 -0.227358 0.890376
v -0.359278 0.085523 0.890376
v 0.361603 0.015817 0.890376
v -0.080253 -0.346015 0.890376
v -0.287785 0.218633 0.890376
v 0.321162 -0.144263 0.890376
v -0.019190 -0.367234 0.890376
v -0.059614 -0.353264 0.890376
v -0.002252 -0.370163 0.890376
v 0.331259 0.118363 0.890376
v 0.151831 0.286243 0.890376
v -0.031736 0.307836 0.890376
v -0.113157 -0.329274 0.890376
v 0.114458 0.298016 0.890376
v 0.304323 -0.174295 0.890376
v 0.361659 0.030567 0.890376
v 0.120853 -0.367509 0.890376
v 0.240579 0.225943 0.890376
v -0.286228 -0.190664 0.890376
v -0.285101 -0.192199 0.890376
v -0.235921 0.251318 0.890376
v -0.102061 0.295127 0.890376
v -0.352319 -0.097763 0.890376
v 0.210689 0.250367 0.890376
v 0.158813 -0.353590 0.890376
v 0.097747 0.303426 0.890376
v -0.192890 -0.279893 0.890376
v 0.237077 0.229302 0.890376
v -0.338318 0.138540 0.890376
v -0.371509 0.037510 0.890376
v 0.339749 -0.104101 0.890376
v -0.242019 -0.238001 0.890376
v 0.361596 -0.015639 0.890376
v 0.206527 -0.319082 0.890376
v 0.353632 0.063910 0.890376
v 0.346397 -0.084041 0.890376
v -0.066300 0.301519 0.890376
v 0.309933 0.149623 0.890376
v 0.221078 -0.301581 0.890376
v -0.302117 -0.170159 0.890376
v 0.000892 0.309402 0.890376
v -0.264270 0.232980 0.890376
v 0.160042 0.281577 0.890376
v -0.359848 0.084012 0.890376
v 0.061669 0.307876 0.890376
v 0.042838 -0.377438 0.890376
v -0.353255 -0.095336 0.890376
v 0.103257 -0.373494 0.890376
v -0.342340 0.130645 0.890376
v -0.322919 -0.143161 0.890376
v -0.356107 0.093863 0.890376
v -0.308176 0.191055 0.890376
v 0.351014 0.075688 0.890376
v 0.335518 0.108489 0.890376
v -0.374014 -0.027371 0.890376
v -0.207809 -0.266929 0.890376
v -0.204714 0.262703 0.890376
v -0.321880 -0.144711 0.890376
v 0.304573 0.158062 0.890376
v -0.360431 0.081661 0.890376
v -0.138594 -0.316336 0.890376
v -0.319143 0.176172 0.890376
v -0.248902 -0.230412 0.890376
v 0.197911 0.260691 0.890376
v -0.375883 -0.008051 0.890376
v 0.058421 -0.376646 0.890376
v 0.298846 -0.183725 0.890376
v 0.358430 -0.034365 0.890376
v 0.199500 0.259358 0.890376
v -0.370755 -0.052639 0.890376
v 0.353554 -0.061015 0.890376
v 0.278223 0.188302 0.890376
v -0.372782 0.023007 0.890376
v -0.336894 -0.121585 0.890376
v -0.136510 0.285284 0.890376
v 0.252682 -0.261455 0.890376
v 0.272678 0.194926 0.890376
v 0.244559 -0.274674 0.890376
v 0.180603 -0.338182 0.890376
v -0.171241 0.275965 0.890376
v -0.162598 -0.300109 0.890376
v 0.036109 0.311126 0.890376
vt 0.232352 0.534877
vt 0.238384 0.533144
vt 0.228003 0.540031
vt 0.226531 0.538153
vt 0.236314 0.530279
vt 0.241425 0.529959
vt 0.248566 0.549754
vt 0.242073 0.553307
vt 0.241033 0.551131
vt 0.250087 0.547081
vt 0.253624 0.546693
vt 0.252929 0.549669
vt 0.244014 0.554904
vt 0.267664 0.570827
vt 0.264747 0.573598
vt 0.263838 0.571775
vt 0.267902 0.568663
vt 0.269834 0.570339
vt 0.266771 0.574519
vt 0.270256 0.567639
vt 0.239195 0.566174
vt 0.245003 0.561015
vt 0.252900 0.558353
vt 0.246387 0.564289
vt 0.851390 0.118565
vt 0.859585 0.112009
vt 0.869574 0.116306
vt 0.863521 0.123156
vt 0.401553 0.587457
vt 0.392913 0.569052
vt 0.383489 0.551400
vt 0.482425 0.011075
vt 0.463733 0.011564
vt 0.398849 0.539216
vt 0.481357 0.031295
vt 0.462522 0.032114
vt 0.481524 0.051294
vt 0.462649 0.052517
vt 0.483070 0.071156
vt 0.464250 0.072638
vt 0.485580 0.090972
vt 0.466948 0.092744
vt 0.488778 0.110853
vt 0.470372 0.112934
vt 0.492434 0.130815
vt 0.474189 0.133185
vt 0.496414 0.150824
vt 0.478327 0.153559
vt 0.500896 0.170895
vt 0.482961 0.174062
vt 0.506288 0.190946
vt 0.488219 0.194496
vt 0.511778 0.210841
vt 0.493738 0.214693
vt 0.517336 0.231148
vt 0.523083 0.251685
vt 0.529341 0.272414
vt 0.536082 0.293334
vt 0.543175 0.314337
vt 0.550563 0.335215
vt 0.558222 0.355834
vt 0.566667 0.376046
vt 0.534054 0.983236
vt 0.576092 0.395312
vt 0.532791 0.962835
vt 0.529844 0.943209
vt 0.525636 0.923827
vt 0.520421 0.904292
vt 0.426743 0.645771
vt 0.418194 0.625881
vt 0.409873 0.606438
vt 0.403168 0.635972
vt 0.394677 0.616994
vt 0.386177 0.598453
vt 0.379248 0.627264
vt 0.370537 0.609149
vt 0.361554 0.591583
vt 0.377382 0.580479
vt 0.520499 0.009910
vt 0.351985 0.574774
vt 0.367903 0.563244
vt 0.501310 0.010473
vt 0.519351 0.029321
vt 0.500279 0.030299
vt 0.519363 0.048627
vt 0.500378 0.049941
vt 0.520624 0.067854
vt 0.501800 0.069531
vt 0.522852 0.087089
vt 0.504164 0.089084
vt 0.525746 0.106325
vt 0.507196 0.108657
vt 0.529106 0.125577
vt 0.510700 0.128272
vt 0.532918 0.144800
vt 0.514589 0.147871
vt 0.537110 0.163951
vt 0.518886 0.167399
vt 0.541817 0.183318
vt 0.524239 0.187026
vt 0.546888 0.203426
vt 0.529506 0.206994
vt 0.552269 0.223578
vt 0.534937 0.227317
vt 0.558180 0.243447
vt 0.540698 0.247579
vt 0.564517 0.263007
vt 0.546914 0.267764
vt 0.571138 0.282510
vt 0.553574 0.287983
vt 0.578191 0.301942
vt 0.560626 0.308179
vt 0.585601 0.321167
vt 0.568024 0.328193
vt 0.593305 0.339982
vt 0.575678 0.347876
vt 0.601449 0.358164
vt 0.583872 0.367019
vt 0.610236 0.375670
vt 0.494570 0.984388
vt 0.593077 0.385305
vt 0.514344 0.984005
vt 0.492774 0.964936
vt 0.512587 0.963950
vt 0.490084 0.945734
vt 0.509749 0.944489
vt 0.486515 0.926704
vt 0.505881 0.925240
vt 0.482310 0.907531
vt 0.501185 0.905867
vt 0.477614 0.888126
vt 0.495961 0.886182
vt 0.514601 0.884374
vt 0.490305 0.866098
vt 0.508435 0.864017
vt 0.484266 0.845553
vt 0.501820 0.843122
vt 0.477769 0.824379
vt 0.494763 0.821468
vt 0.470822 0.802665
vt 0.487315 0.799120
vt 0.463414 0.780744
vt 0.479505 0.776305
vt 0.455434 0.758927
vt 0.471138 0.753542
vt 0.447076 0.737312
vt 0.462451 0.731021
vt 0.438412 0.716094
vt 0.453529 0.708868
vt 0.429601 0.695315
vt 0.444537 0.687216
vt 0.420682 0.675066
vt 0.411838 0.655308
vt 0.405498 0.683783
vt 0.396650 0.664614
vt 0.387901 0.645800
vt 0.381274 0.673767
vt 0.372455 0.655426
vt 0.363659 0.637332
vt 0.356925 0.664939
vt 0.348017 0.647314
vt 0.338866 0.630148
vt 0.354728 0.619657
vt 0.329440 0.613552
vt 0.345532 0.602542
vt 0.319512 0.597818
vt 0.559804 0.009880
vt 0.540018 0.009685
vt 0.335810 0.586219
vt 0.558478 0.028232
vt 0.538719 0.028620
vt 0.558349 0.046485
vt 0.538667 0.047459
vt 0.559205 0.064795
vt 0.539733 0.066224
vt 0.560889 0.083250
vt 0.541772 0.085076
vt 0.563293 0.101833
vt 0.544451 0.103988
vt 0.566195 0.120494
vt 0.547628 0.122910
vt 0.569508 0.139260
vt 0.551243 0.141890
vt 0.573141 0.158174
vt 0.555234 0.160931
vt 0.576979 0.177253
vt 0.559376 0.180292
vt 0.581473 0.196528
vt 0.564136 0.200002
vt 0.586936 0.215750
vt 0.569546 0.219809
vt 0.593384 0.234263
vt 0.575727 0.239063
vt 0.599782 0.252719
vt 0.582152 0.257977
vt 0.606414 0.271107
vt 0.588778 0.276875
vt 0.613463 0.289303
vt 0.595829 0.295645
vt 0.620977 0.307160
vt 0.603280 0.314149
vt 0.628846 0.324542
vt 0.611049 0.332238
vt 0.637135 0.341246
vt 0.619266 0.349598
vt 0.454712 0.984566
vt 0.645843 0.357298
vt 0.474609 0.984477
vt 0.627787 0.366337
vt 0.453584 0.966309
vt 0.473148 0.965667
vt 0.451457 0.947999
vt 0.470681 0.946912
vt 0.448703 0.929612
vt 0.467494 0.928158
vt 0.445355 0.911034
vt 0.463712 0.909249
vt 0.441518 0.892232
vt 0.459485 0.890133
vt 0.437238 0.873239
vt 0.454829 0.870713
vt 0.472490 0.868340
vt 0.449709 0.850990
vt 0.466960 0.848158
vt 0.444109 0.830970
vt 0.460914 0.827516
vt 0.437848 0.810692
vt 0.454346 0.806534
vt 0.431008 0.790419
vt 0.447231 0.785427
vt 0.423562 0.770261
vt 0.439561 0.764509
vt 0.415670 0.750332
vt 0.431450 0.743751
vt 0.407405 0.730675
vt 0.423002 0.723378
vt 0.398857 0.711354
vt 0.414339 0.703358
vt 0.390111 0.692390
vt 0.383287 0.719310
vt 0.374636 0.700908
vt 0.365800 0.682802
vt 0.359183 0.709369
vt 0.350346 0.691816
vt 0.341425 0.674446
vt 0.335020 0.700889
vt 0.326063 0.684063
vt 0.316921 0.667539
vt 0.332405 0.657337
vt 0.307443 0.651585
vt 0.323072 0.640696
vt 0.297455 0.636407
vt 0.313351 0.624802
vt 0.600328 0.010919
vt 0.286986 0.622223
vt 0.579923 0.010290
vt 0.303168 0.609742
vt 0.598912 0.028084
vt 0.578579 0.028018
vt 0.598423 0.045393
vt 0.578333 0.045800
vt 0.598718 0.062890
vt 0.578930 0.063681
vt 0.599673 0.080562
vt 0.580222 0.081737
vt 0.601245 0.098379
vt 0.582248 0.099952
vt 0.603437 0.116453
vt 0.584796 0.118345
vt 0.606126 0.134655
vt 0.587797 0.136870
vt 0.609214 0.152933
vt 0.591099 0.155503
vt 0.612758 0.171066
vt 0.594715 0.174184
vt 0.616976 0.188940
vt 0.599026 0.192843
vt 0.622330 0.206597
vt 0.604512 0.211090
vt 0.628442 0.224352
vt 0.610961 0.229229
vt 0.634791 0.242003
vt 0.617315 0.247346
vt 0.641434 0.259403
vt 0.623964 0.265258
vt 0.648542 0.276439
vt 0.631019 0.282890
vt 0.656191 0.293024
vt 0.638641 0.300126
vt 0.664284 0.309062
vt 0.646609 0.316843
vt 0.672852 0.324407
vt 0.655027 0.332897
vt 0.681840 0.339077
vt 0.415278 0.984542
vt 0.663854 0.348237
vt 0.434934 0.984619
vt 0.414745 0.967329
vt 0.434115 0.966872
vt 0.413441 0.949961
vt 0.432405 0.949025
vt 0.411519 0.932430
vt 0.430075 0.931036
vt 0.409039 0.914717
vt 0.427160 0.912843
vt 0.405916 0.896844
vt 0.423677 0.894459
vt 0.402250 0.878855
vt 0.419706 0.875958
vt 0.398096 0.860772
vt 0.415252 0.857311
vt 0.432472 0.854060
vt 0.410317 0.838534
vt 0.427232 0.834643
vt 0.404723 0.819697
vt 0.421327 0.815110
vt 0.398433 0.800904
vt 0.414745 0.795579
vt 0.391422 0.782200
vt 0.407494 0.776153
vt 0.383931 0.763674
vt 0.399799 0.756989
vt 0.376029 0.745360
vt 0.391716 0.737996
vt 0.367759 0.727254
vt 0.360421 0.752713
vt 0.352316 0.735167
vt 0.343815 0.717890
vt 0.336953 0.743127
vt 0.328573 0.726462
vt 0.319835 0.710029
vt 0.313468 0.735145
vt 0.304816 0.719318
vt 0.295847 0.703761
vt 0.310832 0.693789
vt 0.286436 0.688805
vt 0.301579 0.677982
vt 0.276700 0.674489
vt 0.291989 0.662828
vt 0.266431 0.661005
vt 0.281839 0.648560
vt 0.255668 0.648435
vt 0.641045 0.013022
vt 0.271169 0.635272
vt 0.620817 0.011825
vt 0.639453 0.029285
vt 0.619233 0.028499
vt 0.638457 0.045609
vt 0.618492 0.045342
vt 0.638098 0.062186
vt 0.618448 0.062370
vt 0.638372 0.078970
vt 0.619055 0.079651
vt 0.639265 0.095961
vt 0.620271 0.097094
vt 0.640790 0.113177
vt 0.622112 0.114739
vt 0.642947 0.130465
vt 0.624508 0.132546
vt 0.645818 0.147748
vt 0.627489 0.150309
vt 0.649309 0.164805
vt 0.631009 0.167926
vt 0.653438 0.181634
vt 0.635203 0.185255
vt 0.658290 0.198245
vt 0.640242 0.202399
vt 0.663797 0.214786
vt 0.646039 0.219581
vt 0.669828 0.231215
vt 0.652265 0.236641
vt 0.676423 0.247358
vt 0.658918 0.253451
vt 0.683543 0.263100
vt 0.666054 0.269854
vt 0.691198 0.278336
vt 0.673710 0.285772
vt 0.699425 0.292959
vt 0.681886 0.301114
vt 0.708177 0.306840
vt 0.690566 0.315740
vt 0.717348 0.320033
vt 0.376265 0.983967
vt 0.395726 0.984320
vt 0.699657 0.329662
vt 0.376194 0.967857
vt 0.395439 0.967633
vt 0.375669 0.951641
vt 0.394565 0.950830
vt 0.374577 0.935227
vt 0.393050 0.933834
vt 0.372861 0.918590
vt 0.390943 0.916637
vt 0.370475 0.901866
vt 0.388216 0.899335
vt 0.367479 0.885008
vt 0.384842 0.881884
vt 0.363919 0.868055
vt 0.380983 0.864361
vt 0.359749 0.851114
vt 0.376542 0.846799
vt 0.393410 0.842591
vt 0.371454 0.829288
vt 0.388080 0.824459
vt 0.365749 0.811827
vt 0.382089 0.806342
vt 0.359350 0.794472
vt 0.375371 0.788324
vt 0.352356 0.777206
vt 0.368109 0.770443
vt 0.344912 0.760073
vt 0.336654 0.783950
vt 0.329428 0.767465
vt 0.321702 0.751207
vt 0.314019 0.774919
vt 0.306496 0.759307
vt 0.298467 0.743917
vt 0.291299 0.767489
vt 0.283492 0.752787
vt 0.275135 0.738343
vt 0.289930 0.728767
vt 0.266237 0.724397
vt 0.280983 0.713961
vt 0.256863 0.711095
vt 0.271556 0.699852
vt 0.247014 0.698445
vt 0.261679 0.686336
vt 0.236695 0.686550
vt 0.251350 0.673704
vt 0.225909 0.675314
vt 0.681215 0.016165
vt 0.240522 0.661831
vt 0.661074 0.014625
vt 0.679459 0.031363
vt 0.659600 0.030314
vt 0.678071 0.046724
vt 0.658266 0.046138
vt 0.677186 0.062213
vt 0.657675 0.062150
vt 0.676802 0.077970
vt 0.657645 0.078408
vt 0.677020 0.093977
vt 0.658197 0.094945
vt 0.678011 0.110144
vt 0.659432 0.111669
vt 0.679834 0.126364
vt 0.661424 0.128433
vt 0.682461 0.142511
vt 0.664161 0.145135
vt 0.685809 0.158471
vt 0.667591 0.161664
vt 0.689764 0.174113
vt 0.671620 0.177923
vt 0.694358 0.189524
vt 0.676334 0.193960
vt 0.699454 0.204736
vt 0.681614 0.209852
vt 0.705074 0.219788
vt 0.687452 0.225588
vt 0.711367 0.234576
vt 0.693909 0.241069
vt 0.718376 0.248991
vt 0.701047 0.256145
vt 0.726134 0.262888
vt 0.708688 0.270706
vt 0.734484 0.276022
vt 0.716974 0.284601
vt 0.743427 0.288389
vt 0.725806 0.297749
vt 0.337195 0.982932
vt 0.752710 0.300072
vt 0.735038 0.310217
vt 0.356796 0.983553
vt 0.337522 0.968011
vt 0.356936 0.968013
vt 0.337619 0.953011
vt 0.356722 0.952380
vt 0.337398 0.937847
vt 0.356087 0.936615
vt 0.336643 0.922466
vt 0.354766 0.920563
vt 0.335054 0.906860
vt 0.352762 0.904398
vt 0.332771 0.891154
vt 0.350104 0.888102
vt 0.329847 0.875445
vt 0.346860 0.871791
vt 0.326247 0.859738
vt 0.342996 0.855451
vt 0.322041 0.844073
vt 0.338471 0.839148
vt 0.354919 0.834203
vt 0.333319 0.822911
vt 0.349502 0.817370
vt 0.327504 0.806793
vt 0.343366 0.800608
vt 0.321026 0.790759
vt 0.311642 0.812981
vt 0.305463 0.797613
vt 0.298631 0.782409
vt 0.289809 0.804585
vt 0.283270 0.790066
vt 0.276102 0.775789
vt 0.267724 0.797713
vt 0.260806 0.784159
vt 0.253394 0.770855
vt 0.268499 0.761773
vt 0.245374 0.757958
vt 0.260312 0.748107
vt 0.236769 0.745583
vt 0.251581 0.734986
vt 0.227628 0.733860
vt 0.242280 0.722464
vt 0.218062 0.722763
vt 0.232567 0.710657
vt 0.208046 0.712379
vt 0.222413 0.699478
vt 0.197778 0.702619
vt 0.720477 0.019654
vt 0.701118 0.017772
vt 0.211863 0.689027
vt 0.718370 0.033777
vt 0.699050 0.032513
vt 0.716738 0.048089
vt 0.697562 0.047362
vt 0.715412 0.062594
vt 0.696430 0.062359
vt 0.714469 0.077299
vt 0.695748 0.077597
vt 0.714177 0.092187
vt 0.695684 0.093041
vt 0.714671 0.107135
vt 0.696401 0.108612
vt 0.716038 0.122189
vt 0.698020 0.124263
vt 0.718475 0.137074
vt 0.700534 0.139869
vt 0.721852 0.151677
vt 0.703875 0.155194
vt 0.725858 0.165910
vt 0.707880 0.170194
vt 0.730179 0.180005
vt 0.712318 0.184877
vt 0.734956 0.193904
vt 0.717272 0.199430
vt 0.740137 0.207549
vt 0.722628 0.213787
vt 0.745918 0.220905
vt 0.728697 0.227862
vt 0.752440 0.233906
vt 0.735501 0.241647
vt 0.760154 0.246094
vt 0.743282 0.254767
vt 0.768668 0.257505
vt 0.751807 0.267085
vt 0.777754 0.268269
vt 0.760850 0.278626
vt 0.787211 0.278510
vt 0.297707 0.981157
vt 0.317447 0.982114
vt 0.770231 0.289522
vt 0.298497 0.967372
vt 0.317948 0.967802
vt 0.299358 0.953420
vt 0.318374 0.953375
vt 0.300008 0.939264
vt 0.318565 0.938755
vt 0.300004 0.925080
vt 0.318378 0.923876
vt 0.299153 0.910868
vt 0.317241 0.908963
vt 0.297541 0.896705
vt 0.315340 0.894010
vt 0.295231 0.882556
vt 0.312700 0.879006
vt 0.292287 0.868284
vt 0.309388 0.863992
vt 0.288639 0.853985
vt 0.305435 0.849016
vt 0.284331 0.839735
vt 0.300867 0.834119
vt 0.317156 0.828484
vt 0.295660 0.819310
vt 0.279437 0.825578
vt 0.273985 0.811479
vt 0.263050 0.831755
vt 0.257757 0.818433
vt 0.251849 0.805406
vt 0.241475 0.825488
vt 0.235719 0.813253
vt 0.229557 0.801179
vt 0.245283 0.792590
vt 0.222725 0.789337
vt 0.238095 0.780017
vt 0.215189 0.777864
vt 0.230302 0.767850
vt 0.206915 0.766970
vt 0.221841 0.756229
vt 0.197964 0.756599
vt 0.212769 0.745222
vt 0.188343 0.746897
vt 0.203260 0.734786
vt 0.178352 0.737878
vt 0.193300 0.725072
vt 0.759645 0.024150
vt 0.167850 0.729587
vt 0.182854 0.716053
vt 0.740000 0.021615
vt 0.757277 0.037136
vt 0.737658 0.035097
vt 0.755075 0.050318
vt 0.735803 0.048917
vt 0.753263 0.063755
vt 0.734264 0.062924
vt 0.751789 0.077263
vt 0.733093 0.077124
vt 0.751249 0.091006
vt 0.732608 0.091419
vt 0.751543 0.104562
vt 0.732923 0.105753
vt 0.752694 0.117910
vt 0.734160 0.120006
vt 0.754951 0.131077
vt 0.736522 0.134041
vt 0.757929 0.144179
vt 0.739848 0.147828
vt 0.761450 0.156992
vt 0.743624 0.161499
vt 0.765539 0.169624
vt 0.747856 0.174946
vt 0.770078 0.182033
vt 0.752517 0.188149
vt 0.775121 0.194098
vt 0.757609 0.201082
vt 0.780678 0.205546
vt 0.763159 0.213682
vt 0.787042 0.216299
vt 0.769640 0.225546
vt 0.793992 0.226538
vt 0.776950 0.236656
vt 0.801485 0.236432
vt 0.785126 0.247202
vt 0.809450 0.246134
vt 0.793799 0.257280
vt 0.817629 0.255828
vt 0.258880 0.978818
vt 0.278146 0.980075
vt 0.802993 0.267235
vt 0.261101 0.966032
vt 0.279487 0.966816
vt 0.262641 0.952966
vt 0.280712 0.953261
vt 0.263389 0.939987
vt 0.281614 0.939735
vt 0.263456 0.927352
vt 0.281754 0.926191
vt 0.262809 0.914857
vt 0.281010 0.912834
vt 0.261707 0.902235
vt 0.279536 0.899564
vt 0.260060 0.889498
vt 0.277602 0.886078
vt 0.257809 0.876747
vt 0.275040 0.872540
vt 0.254867 0.863899
vt 0.271750 0.858932
vt 0.251098 0.850944
vt 0.267708 0.845302
vt 0.246579 0.838071
vt 0.234654 0.856643
vt 0.230224 0.844551
vt 0.225143 0.832800
vt 0.214182 0.851307
vt 0.209257 0.840200
vt 0.203871 0.829235
vt 0.219632 0.821327
vt 0.198248 0.818478
vt 0.213834 0.809858
vt 0.192114 0.808210
vt 0.207367 0.798668
vt 0.185404 0.798454
vt 0.200231 0.788027
vt 0.177960 0.789183
vt 0.192283 0.777848
vt 0.169733 0.780511
vt 0.183596 0.768216
vt 0.160557 0.772639
vt 0.173951 0.759357
vt 0.150508 0.765537
vt 0.163812 0.751396
vt 0.139969 0.758998
vt 0.799466 0.031767
vt 0.153392 0.744035
vt 0.779651 0.027476
vt 0.796562 0.043505
vt 0.777074 0.039891
vt 0.793801 0.055548
vt 0.774565 0.052614
vt 0.791865 0.067770
vt 0.772654 0.065517
vt 0.790739 0.080023
vt 0.770991 0.078344
vt 0.790247 0.091989
vt 0.770261 0.091112
vt 0.790698 0.103622
vt 0.770640 0.103824
vt 0.791974 0.114953
vt 0.771921 0.116316
vt 0.793926 0.125978
vt 0.773869 0.128600
vt 0.796531 0.136799
vt 0.776693 0.140583
vt 0.799593 0.147360
vt 0.780015 0.152386
vt 0.803216 0.157538
vt 0.783756 0.163976
vt 0.807281 0.167485
vt 0.788077 0.175186
vt 0.811924 0.177178
vt 0.793116 0.186008
vt 0.817022 0.186750
vt 0.798647 0.196270
vt 0.822436 0.196124
vt 0.804528 0.206341
vt 0.828126 0.205391
vt 0.811079 0.216023
vt 0.834014 0.214797
vt 0.817878 0.225581
vt 0.840570 0.223941
vt 0.824984 0.234992
vt 0.846992 0.232809
vt 0.222293 0.973493
vt 0.240366 0.976660
vt 0.832278 0.244405
vt 0.225319 0.962821
vt 0.243154 0.964705
vt 0.227048 0.951772
vt 0.244820 0.952505
vt 0.227835 0.940272
vt 0.245392 0.940400
vt 0.227964 0.928908
vt 0.245398 0.928453
vt 0.227700 0.917927
vt 0.245059 0.916643
vt 0.227055 0.907311
vt 0.244282 0.904830
vt 0.225835 0.896473
vt 0.242760 0.892961
vt 0.223881 0.885312
vt 0.240692 0.880975
vt 0.221364 0.874022
vt 0.238076 0.868832
vt 0.218267 0.862645
vt 0.205055 0.879370
vt 0.202200 0.868536
vt 0.198478 0.857878
vt 0.186215 0.874189
vt 0.182908 0.864372
vt 0.178591 0.855185
vt 0.193819 0.847422
vt 0.173514 0.845877
vt 0.188569 0.837306
vt 0.168060 0.836341
vt 0.182907 0.827334
vt 0.162063 0.827802
vt 0.176939 0.817926
vt 0.156225 0.820590
vt 0.170634 0.809218
vt 0.150281 0.814188
vt 0.163769 0.801154
vt 0.143259 0.807807
vt 0.156073 0.793522
vt 0.135323 0.801852
vt 0.147603 0.786675
vt 0.126518 0.795795
vt 0.138208 0.780246
vt 0.838776 0.041955
vt 0.117267 0.790141
vt 0.128130 0.773976
vt 0.818727 0.036130
vt 0.835547 0.052089
vt 0.815864 0.047484
vt 0.833034 0.062566
vt 0.813307 0.058867
vt 0.831796 0.073107
vt 0.811320 0.070271
vt 0.831595 0.083476
vt 0.810530 0.081598
vt 0.832458 0.093523
vt 0.810915 0.092652
vt 0.833877 0.103044
vt 0.811919 0.103220
vt 0.835717 0.111968
vt 0.813374 0.113373
vt 0.837757 0.120188
vt 0.815295 0.123122
vt 0.840021 0.127893
vt 0.817647 0.132520
vt 0.842233 0.135298
vt 0.820543 0.141598
vt 0.844890 0.142811
vt 0.823727 0.150477
vt 0.847837 0.150596
vt 0.827411 0.159226
vt 0.850932 0.158760
vt 0.831421 0.168016
vt 0.854402 0.167294
vt 0.835822 0.176935
vt 0.858225 0.176090
vt 0.840542 0.185915
vt 0.862530 0.185018
vt 0.845566 0.194996
vt 0.867361 0.193983
vt 0.850505 0.204106
vt 0.872368 0.202171
vt 0.855848 0.212996
vt 0.187152 0.962190
vt 0.877312 0.208181
vt 0.204539 0.968884
vt 0.862142 0.220502
vt 0.190047 0.956589
vt 0.207513 0.960092
vt 0.192242 0.947329
vt 0.209676 0.950175
vt 0.193932 0.937185
vt 0.210862 0.939434
vt 0.194103 0.926611
vt 0.211058 0.928595
vt 0.193691 0.918786
vt 0.210735 0.918646
vt 0.193064 0.911527
vt 0.210019 0.909497
vt 0.192111 0.904057
vt 0.208987 0.900344
vt 0.190668 0.893723
vt 0.207229 0.889841
vt 0.188846 0.884234
vt 0.173575 0.897113
vt 0.171938 0.888590
vt 0.169548 0.879945
vt 0.153877 0.892992
vt 0.151714 0.885460
vt 0.149326 0.878603
vt 0.166518 0.871366
vt 0.146784 0.872682
vt 0.163216 0.863573
vt 0.143445 0.866395
vt 0.158848 0.854985
vt 0.138817 0.858632
vt 0.153296 0.846179
vt 0.133844 0.851730
vt 0.147412 0.838308
vt 0.130403 0.848113
vt 0.142960 0.833223
vt 0.126925 0.845357
vt 0.138331 0.828877
vt 0.122096 0.841589
vt 0.132085 0.823928
vt 0.115462 0.836619
vt 0.124780 0.818608
vt 0.107830 0.831380
vt 0.116501 0.813246
vt 0.877199 0.058638
vt 0.100251 0.827067
vt 0.859164 0.049373
vt 0.107794 0.808201
vt 0.873833 0.065830
vt 0.855264 0.058236
vt 0.871686 0.073704
vt 0.853164 0.067516
vt 0.870601 0.082551
vt 0.852467 0.077027
vt 0.871438 0.091754
vt 0.852896 0.086634
vt 0.872846 0.102632
vt 0.854466 0.095836
vt 0.872791 0.108742
vt 0.856820 0.104559
vt 0.882231 0.106287
vt 0.885082 0.116060
vt 0.882926 0.120255
vt 0.864989 0.128556
vt 0.886773 0.118890
vt 0.884900 0.123018
vt 0.866202 0.134304
vt 0.885255 0.128489
vt 0.867529 0.141053
vt 0.885569 0.137715
vt 0.869456 0.148970
vt 0.886863 0.147975
vt 0.871853 0.157621
vt 0.888658 0.156833
vt 0.874691 0.166390
vt 0.891145 0.164343
vt 0.878044 0.174983
vt 0.894504 0.170783
vt 0.882426 0.183254
vt 0.899064 0.177052
vt 0.887670 0.190752
vt 0.903201 0.181797
vt 0.153009 0.946803
vt 0.891723 0.195947
vt 0.169813 0.954052
vt 0.155054 0.942226
vt 0.172196 0.949916
vt 0.156907 0.937173
vt 0.174740 0.942843
vt 0.158323 0.930755
vt 0.176421 0.933761
vt 0.158655 0.924294
vt 0.176564 0.924609
vt 0.158324 0.918848
vt 0.176209 0.918075
vt 0.157513 0.914713
vt 0.175603 0.913295
vt 0.156613 0.908630
vt 0.174744 0.906900
vt 0.155536 0.900661
vt 0.138434 0.910937
vt 0.136839 0.904716
vt 0.135061 0.898649
vt 0.121039 0.909460
vt 0.118463 0.904646
vt 0.116429 0.900818
vt 0.133014 0.893290
vt 0.114819 0.897210
vt 0.131036 0.888042
vt 0.113392 0.893714
vt 0.129192 0.883458
vt 0.111799 0.890288
vt 0.126915 0.878878
vt 0.109638 0.886598
vt 0.123815 0.873600
vt 0.107259 0.882857
vt 0.120449 0.868809
vt 0.104933 0.879057
vt 0.117254 0.864774
vt 0.101956 0.875291
vt 0.113934 0.861106
vt 0.098790 0.871345
vt 0.110078 0.856971
vt 0.095377 0.867452
vt 0.105492 0.852496
vt 0.091274 0.864152
vt 0.099997 0.848286
vt 0.086886 0.862069
vt 0.905041 0.084706
vt 0.892832 0.070322
vt 0.093579 0.845510
vt 0.902000 0.089064
vt 0.889275 0.075895
vt 0.899117 0.098310
vt 0.886667 0.082496
vt 0.890819 0.101950
vt 0.885018 0.089768
vt 0.889674 0.107062
vt 0.881933 0.101036
vt 0.887231 0.115463
vt 0.890174 0.113984
vt 0.889687 0.118538
vt 0.889190 0.122025
vt 0.897188 0.121895
vt 0.892997 0.129598
vt 0.902327 0.134289
vt 0.897112 0.139778
vt 0.905631 0.140899
vt 0.899293 0.147514
vt 0.907954 0.144952
vt 0.901306 0.153360
vt 0.910292 0.148327
vt 0.903468 0.157534
vt 0.912937 0.151472
vt 0.906895 0.162221
vt 0.915800 0.154141
vt 0.125871 0.937541
vt 0.910968 0.166769
vt 0.137865 0.941085
vt 0.125930 0.934075
vt 0.139445 0.935975
vt 0.125708 0.930729
vt 0.140100 0.931647
vt 0.125313 0.927682
vt 0.140287 0.927789
vt 0.124728 0.924664
vt 0.140336 0.923484
vt 0.124126 0.921520
vt 0.140149 0.919784
vt 0.123650 0.918187
vt 0.139504 0.915852
vt 0.122885 0.914383
vt 0.112005 0.921929
vt 0.046730 0.695033
vt 0.110697 0.918583
vt 0.048419 0.697853
vt 0.050174 0.700610
vt 0.109247 0.915046
vt 0.059965 0.687215
vt 0.061550 0.689364
vt 0.063176 0.691411
vt 0.051971 0.703285
vt 0.107699 0.911338
vt 0.064866 0.693365
vt 0.053763 0.705732
vt 0.106027 0.907705
vt 0.066612 0.695209
vt 0.055457 0.707872
vt 0.104229 0.904323
vt 0.068395 0.696947
vt 0.057037 0.709713
vt 0.102342 0.901210
vt 0.070197 0.698588
vt 0.100359 0.898212
vt 0.058617 0.711418
vt 0.072027 0.700122
vt 0.098255 0.895292
vt 0.060257 0.713051
vt 0.073834 0.701645
vt 0.096023 0.892411
vt 0.061946 0.714618
vt 0.036934 0.630688
vt 0.075501 0.703275
vt 0.093601 0.889427
vt 0.019408 0.630899
vt 0.063900 0.716224
vt 0.037732 0.632938
vt 0.091101 0.886467
vt 0.019817 0.633570
vt 0.038732 0.635318
vt 0.088660 0.883757
vt 0.020280 0.636110
vt 0.039848 0.637807
vt 0.086118 0.881400
vt 0.020830 0.638575
vt 0.040940 0.640421
vt 0.021538 0.641095
vt 0.083338 0.879459
vt 0.042027 0.643151
vt 0.080433 0.878176
vt 0.914520 0.100554
vt 0.022157 0.643719
vt 0.043151 0.646021
vt 0.022756 0.646816
vt 0.912479 0.103887
vt 0.044417 0.649009
vt 0.910253 0.109188
vt 0.023330 0.651073
vt 0.045605 0.652138
vt 0.025318 0.657967
vt 0.909215 0.117986
vt 0.893938 0.113272
vt 0.046725 0.655398
vt 0.028757 0.663553
vt 0.910804 0.125797
vt 0.047667 0.658590
vt 0.913474 0.131484
vt 0.031966 0.667825
vt 0.048542 0.661660
vt 0.033978 0.671279
vt 0.915227 0.135312
vt 0.049477 0.664568
vt 0.916958 0.138213
vt 0.035733 0.674388
vt 0.050470 0.667346
vt 0.037299 0.677312
vt 0.918811 0.140528
vt 0.051508 0.670063
vt 0.113542 0.937453
vt 0.920736 0.142372
vt 0.038716 0.680048
vt 0.052561 0.672693
vt 0.113853 0.934864
vt 0.040199 0.682693
vt 0.053665 0.675274
vt 0.041518 0.685178
vt 0.114038 0.932402
vt 0.054794 0.677782
vt 0.113988 0.929986
vt 0.042741 0.687566
vt 0.055963 0.680242
vt 0.043923 0.689902
vt 0.113679 0.927557
vt 0.057194 0.682650
vt 0.113026 0.924923
vt 0.045220 0.692355
vt 0.058510 0.684986
vt 0.070643 0.672751
vt 0.071901 0.674841
vt 0.073222 0.676861
vt 0.086079 0.664803
vt 0.087365 0.666666
vt 0.088670 0.668498
vt 0.074597 0.678813
vt 0.090008 0.670290
vt 0.076042 0.680694
vt 0.091384 0.672032
vt 0.077569 0.682503
vt 0.092801 0.673714
vt 0.079174 0.684230
vt 0.094291 0.675362
vt 0.080876 0.685854
vt 0.095865 0.676961
vt 0.082661 0.687385
vt 0.097565 0.678453
vt 0.084508 0.688858
vt 0.099510 0.679732
vt 0.086359 0.690283
vt 0.101765 0.680634
vt 0.069496 0.622221
vt 0.053537 0.627339
vt 0.088220 0.691586
vt 0.069000 0.624549
vt 0.053549 0.629556
vt 0.068951 0.626732
vt 0.053980 0.631821
vt 0.069263 0.628854
vt 0.054719 0.634128
vt 0.069861 0.630956
vt 0.055657 0.636465
vt 0.070671 0.633040
vt 0.056713 0.638829
vt 0.071576 0.635136
vt 0.057830 0.641216
vt 0.072502 0.637262
vt 0.058926 0.643646
vt 0.073429 0.639431
vt 0.059986 0.646124
vt 0.074349 0.641631
vt 0.060967 0.648648
vt 0.075268 0.643854
vt 0.061876 0.651162
vt 0.076205 0.646085
vt 0.062758 0.653708
vt 0.077160 0.648305
vt 0.063627 0.656242
vt 0.078136 0.650501
vt 0.064512 0.658754
vt 0.079138 0.652669
vt 0.065420 0.661236
vt 0.080183 0.654813
vt 0.066368 0.663620
vt 0.081259 0.656909
vt 0.067346 0.665992
vt 0.082389 0.658960
vt 0.068365 0.668328
vt 0.083576 0.660957
vt 0.069460 0.670596
vt 0.084813 0.662903
vt 0.097468 0.651721
vt 0.098733 0.653586
vt 0.100004 0.655420
vt 0.111639 0.645421
vt 0.112967 0.647291
vt 0.114359 0.649109
vt 0.101290 0.657239
vt 0.115808 0.650866
vt 0.102601 0.659029
vt 0.117272 0.652570
vt 0.103908 0.660782
vt 0.118698 0.654237
vt 0.105213 0.662519
vt 0.120074 0.655870
vt 0.106521 0.664247
vt 0.121444 0.657426
vt 0.107855 0.665945
vt 0.122880 0.658808
vt 0.109259 0.667593
vt 0.124450 0.659926
vt 0.110855 0.669081
vt 0.126316 0.660699
vt 0.112868 0.670226
vt 0.130527 0.659699
vt 0.100367 0.608342
vt 0.085074 0.615699
vt 0.116199 0.670341
vt 0.100179 0.610493
vt 0.084506 0.618056
vt 0.100297 0.612357
vt 0.084367 0.620161
vt 0.100408 0.614201
vt 0.084466 0.622139
vt 0.100485 0.616084
vt 0.084737 0.624065
vt 0.100567 0.618003
vt 0.085163 0.626005
vt 0.100707 0.619944
vt 0.085702 0.627970
vt 0.100947 0.621914
vt 0.086339 0.629978
vt 0.101303 0.623907
vt 0.087038 0.632001
vt 0.101778 0.625905
vt 0.087808 0.634060
vt 0.102362 0.627900
vt 0.088650 0.636117
vt 0.103052 0.629900
vt 0.089566 0.638175
vt 0.103836 0.631897
vt 0.090529 0.640214
vt 0.104717 0.633885
vt 0.091577 0.642195
vt 0.105700 0.635855
vt 0.092691 0.644130
vt 0.106781 0.637807
vt 0.093830 0.646045
vt 0.107932 0.639734
vt 0.094994 0.647946
vt 0.109132 0.641643
vt 0.096215 0.649841
vt 0.110369 0.643539
vt 0.121312 0.634206
vt 0.122512 0.636325
vt 0.123876 0.638336
vt 0.134405 0.630005
vt 0.136244 0.631910
vt 0.138469 0.633467
vt 0.125365 0.640263
vt 0.140711 0.634755
vt 0.126921 0.642089
vt 0.142657 0.635883
vt 0.128597 0.643790
vt 0.144602 0.636774
vt 0.130433 0.645311
vt 0.146876 0.637239
vt 0.132330 0.646630
vt 0.149649 0.637134
vt 0.134248 0.647692
vt 0.152647 0.636676
vt 0.136215 0.648432
vt 0.155087 0.636577
vt 0.138215 0.648853
vt 0.157100 0.636925
vt 0.140167 0.649073
vt 0.158478 0.637842
vt 0.141729 0.649414
vt 0.159409 0.639272
vt 0.129458 0.590228
vt 0.114949 0.599802
vt 0.144803 0.648980
vt 0.129236 0.592654
vt 0.115205 0.601721
vt 0.129292 0.594952
vt 0.115472 0.603648
vt 0.129518 0.597196
vt 0.115689 0.605614
vt 0.129839 0.599357
vt 0.115820 0.607628
vt 0.130149 0.601484
vt 0.115887 0.609648
vt 0.130373 0.603636
vt 0.115916 0.611667
vt 0.130525 0.605792
vt 0.115945 0.613705
vt 0.130697 0.607926
vt 0.116039 0.615727
vt 0.130893 0.610006
vt 0.116217 0.617748
vt 0.131136 0.612075
vt 0.116492 0.619777
vt 0.131464 0.614128
vt 0.116857 0.621811
vt 0.131824 0.616203
vt 0.117300 0.623846
vt 0.132291 0.618307
vt 0.117841 0.625898
vt 0.132774 0.620395
vt 0.118512 0.627945
vt 0.133050 0.622656
vt 0.119316 0.630005
vt 0.133248 0.625060
vt 0.120261 0.632092
vt 0.133412 0.627678
vt 0.150272 0.617297
vt 0.151369 0.618798
vt 0.152439 0.620151
vt 0.170530 0.605267
vt 0.172803 0.605891
vt 0.174406 0.606764
vt 0.153665 0.621296
vt 0.175693 0.607696
vt 0.155232 0.622145
vt 0.176987 0.608671
vt 0.157284 0.622656
vt 0.178571 0.609708
vt 0.159750 0.622805
vt 0.180409 0.610938
vt 0.161895 0.623023
vt 0.181930 0.612514
vt 0.163698 0.623447
vt 0.183131 0.614315
vt 0.165666 0.623982
vt 0.184068 0.616330
vt 0.167847 0.624687
vt 0.185025 0.618369
vt 0.170045 0.625816
vt 0.186155 0.620403
vt 0.171858 0.627381
vt 0.187495 0.622253
vt 0.173182 0.629275
vt 0.189138 0.623735
vt 0.157771 0.575173
vt 0.173937 0.631335
vt 0.143732 0.581825
vt 0.157380 0.577632
vt 0.143003 0.584542
vt 0.157282 0.579689
vt 0.142664 0.587061
vt 0.157205 0.581690
vt 0.142734 0.589323
vt 0.157061 0.583786
vt 0.142977 0.591501
vt 0.157040 0.585894
vt 0.143297 0.593699
vt 0.157240 0.587968
vt 0.143665 0.595918
vt 0.157663 0.589996
vt 0.144107 0.598114
vt 0.158247 0.592015
vt 0.144567 0.600313
vt 0.158926 0.594059
vt 0.145043 0.602487
vt 0.159678 0.596057
vt 0.145537 0.604643
vt 0.160448 0.598038
vt 0.146052 0.606785
vt 0.161315 0.599926
vt 0.146596 0.609028
vt 0.162346 0.601684
vt 0.147268 0.611238
vt 0.163595 0.603155
vt 0.148076 0.613433
vt 0.165229 0.604284
vt 0.149116 0.615532
vt 0.167479 0.604998
vt 0.181012 0.593006
vt 0.182562 0.594074
vt 0.184397 0.595111
vt 0.198110 0.585294
vt 0.199270 0.586941
vt 0.200474 0.588625
vt 0.186592 0.596204
vt 0.201933 0.590298
vt 0.188709 0.597493
vt 0.203529 0.591950
vt 0.190557 0.598982
vt 0.205116 0.593613
vt 0.192074 0.600631
vt 0.206621 0.595272
vt 0.193390 0.602386
vt 0.208030 0.596941
vt 0.194657 0.604196
vt 0.209400 0.598534
vt 0.195918 0.606039
vt 0.210809 0.600041
vt 0.197111 0.607893
vt 0.212260 0.601441
vt 0.198233 0.609701
vt 0.213723 0.602759
vt 0.199364 0.611379
vt 0.215186 0.604060
vt 0.200600 0.612863
vt 0.216589 0.605419
vt 0.202062 0.614164
vt 0.217905 0.606922
vt 0.184874 0.558045
vt 0.171288 0.567152
vt 0.203866 0.615306
vt 0.185880 0.559901
vt 0.172220 0.568990
vt 0.186776 0.561879
vt 0.172729 0.570944
vt 0.187519 0.563898
vt 0.172865 0.573037
vt 0.188129 0.565844
vt 0.172821 0.575130
vt 0.188618 0.567749
vt 0.172806 0.577108
vt 0.188998 0.569677
vt 0.172892 0.579000
vt 0.189331 0.571591
vt 0.173092 0.580883
vt 0.189668 0.573442
vt 0.173416 0.582732
vt 0.190067 0.575186
vt 0.173890 0.584603
vt 0.190597 0.576824
vt 0.174581 0.586416
vt 0.191356 0.578350
vt 0.175529 0.588088
vt 0.192411 0.579759
vt 0.176716 0.589552
vt 0.193778 0.581096
vt 0.178078 0.590811
vt 0.195284 0.582427
vt 0.179533 0.591934
vt 0.196781 0.583815
vt 0.209985 0.573884
vt 0.211098 0.575613
vt 0.212421 0.577430
vt 0.226053 0.566994
vt 0.227045 0.568462
vt 0.228441 0.569928
vt 0.213806 0.579095
vt 0.229959 0.571533
vt 0.215094 0.580666
vt 0.231215 0.573089
vt 0.216239 0.582234
vt 0.232348 0.574754
vt 0.217366 0.583835
vt 0.233468 0.576381
vt 0.218631 0.585447
vt 0.234720 0.577816
vt 0.220071 0.587022
vt 0.236141 0.579145
vt 0.221671 0.588478
vt 0.237516 0.580566
vt 0.223356 0.589819
vt 0.238965 0.582080
vt 0.225054 0.591113
vt 0.240505 0.583680
vt 0.226693 0.592409
vt 0.242005 0.585346
vt 0.228237 0.593775
vt 0.243427 0.587095
vt 0.229607 0.595280
vt 0.244700 0.588931
vt 0.230846 0.596928
vt 0.212327 0.541168
vt 0.245806 0.590834
vt 0.231945 0.598694
vt 0.198875 0.549260
vt 0.213299 0.543192
vt 0.199599 0.551274
vt 0.214166 0.545250
vt 0.200425 0.553237
vt 0.215046 0.547324
vt 0.201294 0.555197
vt 0.215997 0.549294
vt 0.202148 0.557183
vt 0.217009 0.551179
vt 0.202988 0.559127
vt 0.218130 0.552917
vt 0.203742 0.561083
vt 0.219406 0.554458
vt 0.204518 0.562953
vt 0.220753 0.555853
vt 0.205378 0.564671
vt 0.222127 0.557190
vt 0.206322 0.566227
vt 0.223550 0.558526
vt 0.207223 0.567684
vt 0.224917 0.559878
vt 0.207939 0.569123
vt 0.225929 0.561322
vt 0.208473 0.570644
vt 0.226400 0.562849
vt 0.209069 0.572248
vt 0.225914 0.564940
vt 0.245141 0.556500
vt 0.245725 0.557275
vt 0.255393 0.549969
vt 0.257265 0.551466
vt 0.257599 0.553402
vt 0.245023 0.559148
vt 0.260300 0.551984
vt 0.260187 0.554087
vt 0.258756 0.556973
vt 0.247865 0.565689
vt 0.262075 0.555854
vt 0.259845 0.558784
vt 0.249621 0.566628
vt 0.260635 0.561087
vt 0.250532 0.568133
vt 0.261371 0.563363
vt 0.251197 0.569853
vt 0.261929 0.565655
vt 0.251742 0.571784
vt 0.262405 0.567881
vt 0.252359 0.573848
vt 0.262960 0.569941
vt 0.253160 0.575977
vt 0.254265 0.578007
vt 0.255682 0.579867
vt 0.257110 0.581678
vt 0.268338 0.575574
vt 0.236137 0.528534
vt 0.258598 0.583398
vt 0.224744 0.533962
vt 0.225491 0.536203
vt 0.271524 0.570585
vt 0.241958 0.528210
vt 0.272109 0.567430
vt 0.244694 0.529465
vt 0.243338 0.531195
vt 0.239668 0.534117
vt 0.271815 0.564433
vt 0.246837 0.531273
vt 0.244917 0.532759
vt 0.240939 0.535451
vt 0.231708 0.542561
vt 0.229784 0.541464
vt 0.246457 0.534531
vt 0.242403 0.536925
vt 0.233621 0.543518
vt 0.243997 0.538651
vt 0.235369 0.544661
vt 0.245516 0.540681
vt 0.236993 0.545996
vt 0.247185 0.542782
vt 0.238445 0.547542
vt 0.248965 0.544888
vt 0.239741 0.549258
vt 0.251189 0.541495
vt 0.252686 0.544042
vt 0.265261 0.553049
vt 0.253620 0.541130
vt 0.262463 0.551128
vt 0.254975 0.544109
vt 0.255345 0.547169
vt 0.259279 0.549988
vt 0.262741 0.553508
vt 0.264808 0.555650
vt 0.263480 0.558095
vt 0.266484 0.558083
vt 0.264683 0.560383
vt 0.267881 0.560512
vt 0.265804 0.562608
vt 0.269050 0.562887
vt 0.266739 0.564750
vt 0.269904 0.565216
vt 0.267478 0.566683
vt 0.248660 0.533361
vt 0.270733 0.561425
vt 0.250340 0.535718
vt 0.269314 0.558534
vt 0.248010 0.536562
vt 0.267543 0.555694
vt 0.251994 0.538290
vt 0.249593 0.538950
vt 0.407600 0.557750
vt 0.407871 0.558826
vt 0.407393 0.557083
vt 0.407600 0.557750
vt 0.406225 0.553443
vt 0.407393 0.557083
vt 0.456733 0.032251
vt 0.460305 0.015151
vt 0.454521 0.052858
vt 0.456036 0.039425
vt 0.455444 0.073237
vt 0.455111 0.061842
vt 0.457870 0.093578
vt 0.456833 0.082762
vt 0.460982 0.113957
vt 0.459593 0.103593
vt 0.464934 0.134344
vt 0.463114 0.124223
vt 0.470047 0.154765
vt 0.467556 0.144096
vt 0.476604 0.175121
vt 0.472911 0.163076
vt 0.484493 0.195174
vt 0.479090 0.181186
vt 0.492897 0.214862
vt 0.486025 0.198614
vt 0.501096 0.234691
vt 0.495575 0.221329
vt 0.501809 0.236769
vt 0.501096 0.234691
vt 0.509761 0.258917
vt 0.508498 0.255085
vt 0.517056 0.280647
vt 0.515500 0.276075
vt 0.524501 0.302442
vt 0.522676 0.297445
vt 0.532535 0.324514
vt 0.530290 0.318924
vt 0.541545 0.346813
vt 0.538584 0.340136
vt 0.551986 0.369131
vt 0.547697 0.360835
vt 0.564147 0.390759
vt 0.558041 0.380755
vt 0.539828 0.969420
vt 0.542057 0.983076
vt 0.535339 0.947561
vt 0.538802 0.962573
vt 0.530867 0.927651
vt 0.534268 0.942961
vt 0.527229 0.909159
vt 0.529933 0.923549
vt 0.422282 0.623003
vt 0.427065 0.644201
vt 0.419625 0.610267
vt 0.422282 0.623003
vt 0.412968 0.578893
vt 0.414504 0.585874
vt 0.524145 0.891287
vt 0.526289 0.903864
vt 0.519434 0.862911
vt 0.521227 0.872466
vt 0.514336 0.841566
vt 0.516065 0.848384
vt 0.507369 0.819495
vt 0.509261 0.825259
vt 0.498831 0.796784
vt 0.501268 0.803065
vt 0.489206 0.773760
vt 0.492597 0.781626
vt 0.478620 0.751027
vt 0.483410 0.761001
vt 0.467473 0.728943
vt 0.473851 0.741332
vt 0.456088 0.707613
vt 0.464140 0.722519
vt 0.444995 0.686960
vt 0.454378 0.704328
vt 0.434995 0.666531
vt 0.440381 0.677487
vt 0.434718 0.665810
vt 0.434995 0.666531
vt 0.431203 0.656104
vt 0.434718 0.665810
vt 0.407871 0.558826
vt 0.412968 0.578893
vt 0.401081 0.537396
vt 0.406225 0.553443
vt 0.460305 0.015151
vt 0.461017 0.011589
vt 0.456036 0.039425
vt 0.456733 0.032251
vt 0.455111 0.061842
vt 0.454521 0.052858
vt 0.456833 0.082762
vt 0.455444 0.073237
vt 0.459593 0.103593
vt 0.457870 0.093578
vt 0.463114 0.124223
vt 0.460982 0.113957
vt 0.467556 0.144096
vt 0.464934 0.134344
vt 0.472911 0.163076
vt 0.470047 0.154765
vt 0.479090 0.181186
vt 0.476604 0.175121
vt 0.486025 0.198614
vt 0.484493 0.195174
vt 0.495575 0.221329
vt 0.493245 0.215649
vt 0.493245 0.215649
vt 0.492897 0.214862
vt 0.508498 0.255085
vt 0.501809 0.236769
vt 0.515500 0.276075
vt 0.509761 0.258917
vt 0.522676 0.297445
vt 0.517056 0.280647
vt 0.530290 0.318924
vt 0.524501 0.302442
vt 0.538584 0.340136
vt 0.532535 0.324514
vt 0.547697 0.360835
vt 0.541545 0.346813
vt 0.558041 0.380755
vt 0.551986 0.369131
vt 0.569391 0.399382
vt 0.564147 0.390759
vt 0.538802 0.962573
vt 0.539828 0.969420
vt 0.534268 0.942961
vt 0.535339 0.947561
vt 0.529933 0.923549
vt 0.530867 0.927651
vt 0.526289 0.903864
vt 0.527229 0.909159
vt 0.427065 0.644201
vt 0.427313 0.645390
vt 0.417731 0.600704
vt 0.419625 0.610267
vt 0.414504 0.585874
vt 0.417731 0.600704
vt 0.523061 0.883664
vt 0.524145 0.891287
vt 0.521227 0.872466
vt 0.523061 0.883664
vt 0.516065 0.848384
vt 0.519434 0.862911
vt 0.509261 0.825259
vt 0.514336 0.841566
vt 0.501268 0.803065
vt 0.507369 0.819495
vt 0.492597 0.781626
vt 0.498831 0.796784
vt 0.483410 0.761001
vt 0.489206 0.773760
vt 0.473851 0.741332
vt 0.478620 0.751027
vt 0.464140 0.722519
vt 0.467473 0.728943
vt 0.454378 0.704328
vt 0.456088 0.707613
vt 0.440381 0.677487
vt 0.444702 0.686323
vt 0.444702 0.686323
vt 0.444995 0.686960
vt 0.427313 0.645390
vt 0.431203 0.656104
vt 0.953908 0.358307
vt 0.888567 0.231769
vt 0.881156 0.217961
vt 0.022514 0.672357
vt 0.999923 0.571124
vt 0.400831 0.045635
vt 0.119448 0.865673
vt 0.945092 0.338639
vt 0.483624 0.014819
vt 0.428814 0.035109
vt 0.506588 0.010565
vt 0.958782 0.720051
vt 0.715504 0.963861
vt 0.466613 0.995222
vt 0.356218 0.069948
vt 0.664831 0.980960
vt 0.922260 0.295024
vt 1.000000 0.592544
vt 0.673502 0.014420
vt 0.835833 0.876288
vt 0.121559 0.271251
vt 0.123086 0.269022
vt 0.189767 0.913141
vt 0.371262 0.976764
vt 0.031949 0.406171
vt 0.795306 0.911759
vt 0.724970 0.034635
vt 0.642173 0.988816
vt 0.248112 0.141664
vt 0.831085 0.881167
vt 0.050932 0.749353
vt 0.005930 0.602628
vt 0.970292 0.396967
vt 0.181500 0.202504
vt 0.999914 0.525439
vt 0.789662 0.084750
vt 0.989116 0.640969
vt 0.979307 0.426100
vt 0.419749 0.986048
vt 0.929866 0.765449
vt 0.809392 0.110166
vt 0.100015 0.301030
vt 0.510852 0.997496
vt 0.151331 0.886508
vt 0.726637 0.957086
vt 0.021741 0.670162
vt 0.593257 0.995280
vt 0.567725 0.000000
vt 0.030679 0.409696
vt 0.649643 0.005728
vt 0.045480 0.737888
vt 0.071811 0.340240
vt 0.026813 0.684469
vt 0.091800 0.825621
vt 0.985566 0.658073
vt 0.964556 0.705710
vt 0.002533 0.508401
vt 0.227884 0.160492
vt 0.232080 0.929675
vt 0.073220 0.337990
vt 0.922599 0.777706
vt 0.020951 0.666749
vt 0.321729 0.088738
vt 0.076931 0.804006
vt 0.172168 0.213526
vt 0.777980 0.926753
vt 0.000000 0.536460
vt 0.588853 0.001150
vt 0.914835 0.281328
vt 0.995622 0.498244
vt 0.780136 0.924817
vt 0.006953 0.471705
vt 0.989010 0.459540
vt 0.886872 0.821623
vt 0.004204 0.581565
vt 0.052864 0.371575
vt 0.324555 0.962469
vt 0.852243 0.168442
vt 0.879355 0.831243
vt 0.841229 0.149244
vt 0.754514 0.057011
vt 0.277464 0.948936
vt 0.289182 0.112305
vt 0.558601 1.000000
usemtl pear_skin
f 1/1 2/2 3/3
f 1/1 3/3 4/4
f 1/1 5/5 6/6
f 1/1 6/6 2/2
f 7/7 8/8 9/9
f 7/7 9/9 10/10
f 7/7 10/10 11/11
f 7/7 11/11 12/12
f 7/7 12/12 13/13
f 7/7 13/13 8/8
f 14/14 15/15 16/16
f 14/14 16/16 17/17
f 14/14 18/18 19/19
f 14/14 19/19 15/15
f 14/14 17/17 20/20
f 14/14 20/20 18/18
f 21/21 22/22 23/23
f 21/21 23/23 24/24
f 25/25 26/26 27/27
f 25/25 27/27 28/28
f 33/33 32/32 35/35
f 33/33 35/35 36/36
f 36/36 35/35 37/37
f 36/36 37/37 38/38
f 38/38 37/37 39/39
f 38/38 39/39 40/40
f 40/40 39/39 41/41
f 40/40 41/41 42/42
f 42/42 41/41 43/43
f 42/42 43/43 44/44
f 44/44 43/43 45/45
f 44/44 45/45 46/46
f 46/46 45/45 47/47
f 46/46 47/47 48/48
f 48/48 47/47 49/49
f 48/48 49/49 50/50
f 50/50 49/49 51/51
f 50/50 51/51 52/52
f 52/52 51/51 53/53
f 52/52 53/53 54/54
f 54/54 53/53 55/55
f 71/71 70/70 72/72
f 71/71 72/72 73/73
f 71/71 73/73 74/74
f 71/71 74/74 29/29
f 74/74 73/73 75/75
f 74/74 75/75 76/76
f 74/74 76/76 77/77
f 74/74 77/77 78/78
f 74/74 78/78 30/30
f 74/74 30/30 29/29
f 78/78 77/77 80/80
f 78/78 80/80 81/81
f 78/78 81/81 31/31
f 78/78 31/31 30/30
f 82/82 79/79 83/83
f 82/82 83/83 84/84
f 82/82 84/84 35/35
f 82/82 35/35 32/32
f 84/84 83/83 85/85
f 84/84 85/85 86/86
f 84/84 86/86 37/37
f 84/84 37/37 35/35
f 86/86 85/85 87/87
f 86/86 87/87 88/88
f 86/86 88/88 39/39
f 86/86 39/39 37/37
f 88/88 87/87 89/89
f 88/88 89/89 90/90
f 88/88 90/90 41/41
f 88/88 41/41 39/39
f 90/90 89/89 91/91
f 90/90 91/91 92/92
f 90/90 92/92 43/43
f 90/90 43/43 41/41
f 92/92 91/91 93/93
f 92/92 93/93 94/94
f 92/92 94/94 45/45
f 92/92 45/45 43/43
f 94/94 93/93 95/95
f 94/94 95/95 96/96
f 94/94 96/96 47/47
f 94/94 47/47 45/45
f 96/96 95/95 97/97
f 96/96 97/97 98/98
f 96/96 98/98 49/49
f 96/96 49/49 47/47
f 98/98 97/97 99/99
f 98/98 99/99 100/100
f 98/98 100/100 51/51
f 98/98 51/51 49/49
f 100/100 99/99 101/101
f 100/100 101/101 102/102
f 100/100 102/102 53/53
f 100/100 53/53 51/51
f 102/102 101/101 103/103
f 102/102 103/103 104/104
f 102/102 104/104 55/55
f 102/102 55/55 53/53
f 104/104 103/103 105/105
f 104/104 105/105 106/106
f 104/104 106/106 56/56
f 104/104 56/56 55/55
f 106/106 105/105 107/107
f 106/106 107/107 108/108
f 106/106 108/108 57/57
f 106/106 57/57 56/56
f 108/108 107/107 109/109
f 108/108 109/109 110/110
f 108/108 110/110 58/58
f 108/108 58/58 57/57
f 110/110 109/109 111/111
f 110/110 111/111 112/112
f 110/110 112/112 59/59
f 110/110 59/59 58/58
f 112/112 111/111 113/113
f 112/112 113/113 114/114
f 112/112 114/114 60/60
f 112/112 60/60 59/59
f 114/114 113/113 115/115
f 114/114 115/115 116/116
f 114/114 116/116 61/61
f 114/114 61/61 60/60
f 116/116 115/115 117/117
f 116/116 117/117 118/118
f 116/116 118/118 62/62
f 116/116 62/62 61/61
f 118/118 117/117 119/119
f 118/118 119/119 121/121
f 118/118 121/121 64/64
f 118/118 64/64 62/62
f 122/122 120/120 123/123
f 122/122 123/123 124/124
f 122/122 124/124 65/65
f 122/122 65/65 63/63
f 124/124 123/123 125/125
f 124/124 125/125 126/126
f 124/124 126/126 66/66
f 124/124 66/66 65/65
f 126/126 125/125 127/127
f 126/126 127/127 128/128
f 126/126 128/128 67/67
f 126/126 67/67 66/66
f 128/128 127/127 129/129
f 128/128 129/129 130/130
f 128/128 130/130 68/68
f 128/128 68/68 67/67
f 130/130 129/129 131/131
f 130/130 131/131 132/132
f 130/130 132/132 133/133
f 130/130 133/133 68/68
f 133/133 132/132 134/134
f 133/133 134/134 135/135
f 135/135 134/134 136/136
f 135/135 136/136 137/137
f 137/137 136/136 138/138
f 137/137 138/138 139/139
f 139/139 138/138 140/140
f 139/139 140/140 141/141
f 141/141 140/140 142/142
f 141/141 142/142 143/143
f 143/143 142/142 144/144
f 143/143 144/144 145/145
f 145/145 144/144 146/146
f 145/145 146/146 147/147
f 147/147 146/146 148/148
f 147/147 148/148 149/149
f 149/149 148/148 150/150
f 149/149 150/150 151/151
f 151/151 150/150 152/152
f 153/153 152/152 154/154
f 153/153 154/154 155/155
f 153/153 155/155 156/156
f 153/153 156/156 72/72
f 153/153 72/72 70/70
f 153/153 70/70 69/69
f 156/156 155/155 157/157
f 156/156 157/157 158/158
f 156/156 158/158 159/159
f 156/156 159/159 75/75
f 156/156 75/75 73/73
f 156/156 73/73 72/72
f 159/159 158/158 160/160
f 159/159 160/160 161/161
f 159/159 161/161 162/162
f 159/159 162/162 163/163
f 159/159 163/163 76/76
f 159/159 76/76 75/75
f 163/163 162/162 164/164
f 163/163 164/164 165/165
f 163/163 165/165 77/77
f 163/163 77/77 76/76
f 165/165 164/164 166/166
f 165/165 166/166 169/169
f 165/165 169/169 80/80
f 165/165 80/80 77/77
f 168/168 167/167 170/170
f 168/168 170/170 171/171
f 168/168 171/171 83/83
f 168/168 83/83 79/79
f 171/171 170/170 172/172
f 171/171 172/172 173/173
f 171/171 173/173 85/85
f 171/171 85/85 83/83
f 173/173 172/172 174/174
f 173/173 174/174 175/175
f 173/173 175/175 87/87
f 173/173 87/87 85/85
f 175/175 174/174 176/176
f 175/175 176/176 177/177
f 175/175 177/177 89/89
f 175/175 89/89 87/87
f 177/177 176/176 178/178
f 177/177 178/178 179/179
f 177/177 179/179 91/91
f 177/177 91/91 89/89
f 179/179 178/178 180/180
f 179/179 180/180 181/181
f 179/179 181/181 93/93
f 179/179 93/93 91/91
f 181/181 180/180 182/182
f 181/181 182/182 183/183
f 181/181 183/183 95/95
f 181/181 95/95 93/93
f 183/183 182/182 184/184
f 183/183 184/184 185/185
f 183/183 185/185 97/97
f 183/183 97/97 95/95
f 185/185 184/184 186/186
f 185/185 186/186 187/187
f 185/185 187/187 99/99
f 185/185 99/99 97/97
f 187/187 186/186 188/188
f 187/187 188/188 189/189
f 187/187 189/189 101/101
f 187/187 101/101 99/99
f 189/189 188/188 190/190
f 189/189 190/190 191/191
f 189/189 191/191 103/103
f 189/189 103/103 101/101
f 191/191 190/190 192/192
f 191/191 192/192 193/193
f 191/191 193/193 105/105
f 191/191 105/105 103/103
f 193/193 192/192 194/194
f 193/193 194/194 195/195
f 193/193 195/195 107/107
f 193/193 107/107 105/105
f 195/195 194/194 196/196
f 195/195 196/196 197/197
f 195/195 197/197 109/109
f 195/195 109/109 107/107
f 197/197 196/196 198/198
f 197/197 198/198 199/199
f 197/197 199/199 111/111
f 197/197 111/111 109/109
f 199/199 198/198 200/200
f 199/199 200/200 201/201
f 199/199 201/201 113/113
f 199/199 113/113 111/111
f 201/201 200/200 202/202
f 201/201 202/202 203/203
f 201/201 203/203 115/115
f 201/201 115/115 113/113
f 203/203 202/202 204/204
f 203/203 204/204 205/205
f 203/203 205/205 117/117
f 203/203 117/117 115/115
f 205/205 204/204 207/207
f 205/205 207/207 209/209
f 205/205 209/209 119/119
f 205/205 119/119 117/117
f 208/208 206/206 210/210
f 208/208 210/210 211/211
f 208/208 211/211 123/123
f 208/208 123/123 120/120
f 211/211 210/210 212/212
f 211/211 212/212 213/213
f 211/211 213/213 125/125
f 211/211 125/125 123/123
f 213/213 212/212 214/214
f 213/213 214/214 215/215
f 213/213 215/215 127/127
f 213/213 127/127 125/125
f 215/215 214/214 216/216
f 215/215 216/216 217/217
f 215/215 217/217 129/129
f 215/215 129/129 127/127
f 217/217 216/216 218/218
f 217/217 218/218 219/219
f 217/217 219/219 131/131
f 217/217 131/131 129/129
f 219/219 218/218 220/220
f 219/219 220/220 221/221
f 219/219 221/221 222/222
f 219/219 222/222 131/131
f 222/222 134/134 132/132
f 222/222 132/132 131/131
f 222/222 221/221 223/223
f 222/222 223/223 224/224
f 222/222 224/224 136/136
f 222/222 136/136 134/134
f 224/224 223/223 225/225
f 224/224 225/225 226/226
f 224/224 226/226 138/138
f 224/224 138/138 136/136
f 226/226 225/225 227/227
f 226/226 227/227 228/228
f 226/226 228/228 140/140
f 226/226 140/140 138/138
f 228/228 227/227 229/229
f 228/228 229/229 230/230
f 228/228 230/230 142/142
f 228/228 142/142 140/140
f 230/230 229/229 231/231
f 230/230 231/231 232/232
f 230/230 232/232 144/144
f 230/230 144/144 142/142
f 232/232 231/231 233/233
f 232/232 233/233 234/234
f 232/232 234/234 146/146
f 232/232 146/146 144/144
f 234/234 233/233 235/235
f 234/234 235/235 236/236
f 234/234 236/236 148/148
f 234/234 148/148 146/146
f 236/236 235/235 237/237
f 236/236 237/237 238/238
f 236/236 238/238 150/150
f 236/236 150/150 148/148
f 238/238 237/237 239/239
f 238/238 239/239 154/154
f 238/238 154/154 152/152
f 238/238 152/152 150/150
f 239/239 237/237 240/240
f 239/239 240/240 241/241
f 239/239 241/241 242/242
f 239/239 242/242 157/157
f 239/239 157/157 155/155
f 239/239 155/155 154/154
f 242/242 241/241 243/243
f 242/242 243/243 244/244
f 242/242 244/244 245/245
f 242/242 245/245 160/160
f 242/242 160/160 158/158
f 242/242 158/158 157/157
f 245/245 244/244 246/246
f 245/245 246/246 247/247
f 245/245 247/247 248/248
f 245/245 248/248 249/249
f 245/245 249/249 161/161
f 245/245 161/161 160/160
f 249/249 248/248 250/250
f 249/249 250/250 251/251
f 249/249 251/251 162/162
f 249/249 162/162 161/161
f 251/251 250/250 252/252
f 251/251 252/252 253/253
f 251/251 253/253 164/164
f 251/251 164/164 162/162
f 253/253 252/252 255/255
f 253/253 255/255 257/257
f 253/253 257/257 166/166
f 253/253 166/166 164/164
f 256/256 254/254 258/258
f 256/256 258/258 259/259
f 256/256 259/259 170/170
f 256/256 170/170 167/167
f 259/259 258/258 260/260
f 259/259 260/260 261/261
f 259/259 261/261 172/172
f 259/259 172/172 170/170
f 261/261 260/260 262/262
f 261/261 262/262 263/263
f 261/261 263/263 174/174
f 261/261 174/174 172/172
f 263/263 262/262 264/264
f 263/263 264/264 265/265
f 263/263 265/265 176/176
f 263/263 176/176 174/174
f 265/265 264/264 266/266
f 265/265 266/266 267/267
f 265/265 267/267 178/178
f 265/265 178/178 176/176
f 267/267 266/266 268/268
f 267/267 268/268 269/269
f 267/267 269/269 180/180
f 267/267 180/180 178/178
f 269/269 268/268 270/270
f 269/269 270/270 271/271
f 269/269 271/271 182/182
f 269/269 182/182 180/180
f 271/271 270/270 272/272
f 271/271 272/272 273/273
f 271/271 273/273 184/184
f 271/271 184/184 182/182
f 273/273 272/272 274/274
f 273/273 274/274 275/275
f 273/273 275/275 186/186
f 273/273 186/186 184/184
f 275/275 274/274 276/276
f 275/275 276/276 277/277
f 275/275 277/277 188/188
f 275/275 188/188 186/186
f 277/277 276/276 278/278
f 277/277 278/278 279/279
f 277/277 279/279 190/190
f 277/277 190/190 188/188
f 279/279 278/278 280/280
f 279/279 280/280 281/281
f 279/279 281/281 192/192
f 279/279 192/192 190/190
f 281/281 280/280 282/282
f 281/281 282/282 283/283
f 281/281 283/283 194/194
f 281/281 194/194 192/192
f 283/283 282/282 284/284
f 283/283 284/284 285/285
f 283/283 285/285 196/196
f 283/283 196/196 194/194
f 285/285 284/284 286/286
f 285/285 286/286 287/287
f 285/285 287/287 198/198
f 285/285 198/198 196/196
f 287/287 286/286 288/288
f 287/287 288/288 289/289
f 287/287 289/289 200/200
f 287/287 200/200 198/198
f 289/289 288/288 290/290
f 289/289 290/290 291/291
f 289/289 291/291 202/202
f 289/289 202/202 200/200
f 291/291 290/290 292/292
f 291/291 292/292 293/293
f 291/291 293/293 204/204
f 291/291 204/204 202/202
f 293/293 292/292 294/294
f 293/293 294/294 296/296
f 293/293 296/296 207/207
f 293/293 207/207 204/204
f 297/297 295/295 298/298
f 297/297 298/298 299/299
f 297/297 299/299 210/210
f 297/297 210/210 206/206
f 299/299 298/298 300/300
f 299/299 300/300 301/301
f 299/299 301/301 212/212
f 299/299 212/212 210/210
f 301/301 300/300 302/302
f 301/301 302/302 303/303
f 301/301 303/303 214/214
f 301/301 214/214 212/212
f 303/303 302/302 304/304
f 303/303 304/304 305/305
f 303/303 305/305 216/216
f 303/303 216/216 214/214
f 305/305 304/304 306/306
f 305/305 306/306 307/307
f 305/305 307/307 218/218
f 305/305 218/218 216/216
f 307/307 306/306 308/308
f 307/307 308/308 309/309
f 307/307 309/309 220/220
f 307/307 220/220 218/218
f 309/309 308/308 310/310
f 309/309 310/310 311/311
f 309/309 311/311 312/312
f 309/309 312/312 220/220
f 312/312 223/223 221/221
f 312/312 221/221 220/220
f 312/312 311/311 313/313
f 312/312 313/313 314/314
f 312/312 314/314 225/225
f 312/312 225/225 223/223
f 314/314 313/313 315/315
f 314/314 315/315 316/316
f 314/314 316/316 227/227
f 314/314 227/227 225/225
f 316/316 315/315 317/317
f 316/316 317/317 318/318
f 316/316 318/318 229/229
f 316/316 229/229 227/227
f 318/318 317/317 319/319
f 318/318 319/319 320/320
f 318/318 320/320 231/231
f 318/318 231/231 229/229
f 320/320 319/319 321/321
f 320/320 321/321 322/322
f 320/320 322/322 233/233
f 320/320 233/233 231/231
f 322/322 321/321 323/323
f 322/322 323/323 324/324
f 322/322 324/324 235/235
f 322/322 235/235 233/233
f 324/324 323/323 325/325
f 324/324 325/325 240/240
f 324/324 240/240 237/237
f 324/324 237/237 235/235
f 325/325 323/323 326/326
f 325/325 326/326 327/327
f 325/325 327/327 328/328
f 325/325 328/328 243/243
f 325/325 243/243 241/241
f 325/325 241/241 240/240
f 328/328 327/327 329/329
f 328/328 329/329 330/330
f 328/328 330/330 331/331
f 328/328 331/331 246/246
f 328/328 246/246 244/244
f 328/328 244/244 243/243
f 331/331 330/330 332/332
f 331/331 332/332 333/333
f 331/331 333/333 334/334
f 331/331 334/334 335/335
f 331/331 335/335 247/247
f 331/331 247/247 246/246
f 335/335 334/334 336/336
f 335/335 336/336 337/337
f 335/335 337/337 248/248
f 335/335 248/248 247/247
f 337/337 336/336 338/338
f 337/337 338/338 339/339
f 337/337 339/339 250/250
f 337/337 250/250 248/248
f 339/339 338/338 340/340
f 339/339 340/340 341/341
f 339/339 341/341 252/252
f 339/339 252/252 250/250
f 341/341 340/340 342/342
f 341/341 342/342 344/344
f 341/341 344/344 255/255
f 341/341 255/255 252/252
f 345/345 343/343 346/346
f 345/345 346/346 347/347
f 345/345 347/347 258/258
f 345/345 258/258 254/254
f 347/347 346/346 348/348
f 347/347 348/348 349/349
f 347/347 349/349 260/260
f 347/347 260/260 258/258
f 349/349 348/348 350/350
f 349/349 350/350 351/351
f 349/349 351/351 262/262
f 349/349 262/262 260/260
f 351/351 350/350 352/352
f 351/351 352/352 353/353
f 351/351 353/353 264/264
f 351/351 264/264 262/262
f 353/353 352/352 354/354
f 353/353 354/354 355/355
f 353/353 355/355 266/266
f 353/353 266/266 264/264
f 355/355 354/354 356/356
f 355/355 356/356 357/357
f 355/355 357/357 268/268
f 355/355 268/268 266/266
f 357/357 356/356 358/358
f 357/357 358/358 359/359
f 357/357 359/359 270/270
f 357/357 270/270 268/268
f 359/359 358/358 360/360
f 359/359 360/360 361/361
f 359/359 361/361 272/272
f 359/359 272/272 270/270
f 361/361 360/360 362/362
f 361/361 362/362 363/363
f 361/361 363/363 274/274
f 361/361 274/274 272/272
f 363/363 362/362 364/364
f 363/363 364/364 365/365
f 363/363 365/365 276/276
f 363/363 276/276 274/274
f 365/365 364/364 366/366
f 365/365 366/366 367/367
f 365/365 367/367 278/278
f 365/365 278/278 276/276
f 367/367 366/366 368/368
f 367/367 368/368 369/369
f 367/367 369/369 280/280
f 367/367 280/280 278/278
f 369/369 368/368 370/370
f 369/369 370/370 371/371
f 369/369 371/371 282/282
f 369/369 282/282 280/280
f 371/371 370/370 372/372
f 371/371 372/372 373/373
f 371/371 373/373 284/284
f 371/371 284/284 282/282
f 373/373 372/372 374/374
f 373/373 374/374 375/375
f 373/373 375/375 286/286
f 373/373 286/286 284/284
f 375/375 374/374 376/376
f 375/375 376/376 377/377
f 375/375 377/377 288/288
f 375/375 288/288 286/286
f 377/377 376/376 378/378
f 377/377 378/378 379/379
f 377/377 379/379 290/290
f 377/377 290/290 288/288
f 379/379 378/378 380/380
f 379/379 380/380 381/381
f 379/379 381/381 292/292
f 379/379 292/292 290/290
f 381/381 380/380 382/382
f 381/381 382/382 385/385
f 381/381 385/385 294/294
f 381/381 294/294 292/292
f 384/384 383/383 386/386
f 384/384 386/386 387/387
f 384/384 387/387 298/298
f 384/384 298/298 295/295
f 387/387 386/386 388/388
f 387/387 388/388 389/389
f 387/387 389/389 300/300
f 387/387 300/300 298/298
f 389/389 388/388 390/390
f 389/389 390/390 391/391
f 389/389 391/391 302/302
f 389/389 302/302 300/300
f 391/391 390/390 392/392
f 391/391 392/392 393/393
f 391/391 393/393 304/304
f 391/391 304/304 302/302
f 393/393 392/392 394/394
f 393/393 394/394 395/395
f 393/393 395/395 306/306
f 393/393 306/306 304/304
f 395/395 394/394 396/396
f 395/395 396/396 397/397
f 395/395 397/397 308/308
f 395/395 308/308 306/306
f 397/397 396/396 398/398
f 397/397 398/398 399/399
f 397/397 399/399 310/310
f 397/397 310/310 308/308
f 399/399 398/398 400/400
f 399/399 400/400 401/401
f 399/399 401/401 402/402
f 399/399 402/402 310/310
f 402/402 313/313 311/311
f 402/402 311/311 310/310
f 402/402 401/401 403/403
f 402/402 403/403 404/404
f 402/402 404/404 315/315
f 402/402 315/315 313/313
f 404/404 403/403 405/405
f 404/404 405/405 406/406
f 404/404 406/406 317/317
f 404/404 317/317 315/315
f 406/406 405/405 407/407
f 406/406 407/407 408/408
f 406/406 408/408 319/319
f 406/406 319/319 317/317
f 408/408 407/407 409/409
f 408/408 409/409 410/410
f 408/408 410/410 321/321
f 408/408 321/321 319/319
f 410/410 409/409 411/411
f 410/410 411/411 326/326
f 410/410 326/326 323/323
f 410/410 323/323 321/321
f 411/411 409/409 412/412
f 411/411 412/412 413/413
f 411/411 413/413 414/414
f 411/411 414/414 329/329
f 411/411 329/329 327/327
f 411/411 327/327 326/326
f 414/414 413/413 415/415
f 414/414 415/415 416/416
f 414/414 416/416 417/417
f 414/414 417/417 332/332
f 414/414 332/332 330/330
f 414/414 330/330 329/329
f 417/417 416/416 418/418
f 417/417 418/418 419/419
f 417/417 419/419 420/420
f 417/417 420/420 421/421
f 417/417 421/421 333/333
f 417/417 333/333 332/332
f 421/421 420/420 422/422
f 421/421 422/422 423/423
f 421/421 423/423 334/334
f 421/421 334/334 333/333
f 423/423 422/422 424/424
f 423/423 424/424 425/425
f 423/423 425/425 336/336
f 423/423 336/336 334/334
f 425/425 424/424 426/426
f 425/425 426/426 427/427
f 425/425 427/427 338/338
f 425/425 338/338 336/336
f 427/427 426/426 428/428
f 427/427 428/428 429/429
f 427/427 429/429 340/340
f 427/427 340/340 338/338
f 429/429 428/428 430/430
f 429/429 430/430 432/432
f 429/429 432/432 342/342
f 429/429 342/342 340/340
f 433/433 431/431 434/434
f 433/433 434/434 435/435
f 433/433 435/435 346/346
f 433/433 346/346 343/343
f 435/435 434/434 436/436
f 435/435 436/436 437/437
f 435/435 437/437 348/348
f 435/435 348/348 346/346
f 437/437 436/436 438/438
f 437/437 438/438 439/439
f 437/437 439/439 350/350
f 437/437 350/350 348/348
f 439/439 438/438 440/440
f 439/439 440/440 441/441
f 439/439 441/441 352/352
f 439/439 352/352 350/350
f 441/441 440/440 442/442
f 441/441 442/442 443/443
f 441/441 443/443 354/354
f 441/441 354/354 352/352
f 443/443 442/442 444/444
f 443/443 444/444 445/445
f 443/443 445/445 356/356
f 443/443 356/356 354/354
f 445/445 444/444 446/446
f 445/445 446/446 447/447
f 445/445 447/447 358/358
f 445/445 358/358 356/356
f 447/447 446/446 448/448
f 447/447 448/448 449/449
f 447/447 449/449 360/360
f 447/447 360/360 358/358
f 449/449 448/448 450/450
f 449/449 450/450 451/451
f 449/449 451/451 362/362
f 449/449 362/362 360/360
f 451/451 450/450 452/452
f 451/451 452/452 453/453
f 451/451 453/453 364/364
f 451/451 364/364 362/362
f 453/453 452/452 454/454
f 453/453 454/454 455/455
f 453/453 455/455 366/366
f 453/453 366/366 364/364
f 455/455 454/454 456/456
f 455/455 456/456 457/457
f 455/455 457/457 368/368
f 455/455 368/368 366/366
f 457/457 456/456 458/458
f 457/457 458/458 459/459
f 457/457 459/459 370/370
f 457/457 370/370 368/368
f 459/459 458/458 460/460
f 459/459 460/460 461/461
f 459/459 461/461 372/372
f 459/459 372/372 370/370
f 461/461 460/460 462/462
f 461/461 462/462 463/463
f 461/461 463/463 374/374
f 461/461 374/374 372/372
f 463/463 462/462 464/464
f 463/463 464/464 465/465
f 463/463 465/465 376/376
f 463/463 376/376 374/374
f 465/465 464/464 466/466
f 465/465 466/466 467/467
f 465/465 467/467 378/378
f 465/465 378/378 376/376
f 467/467 466/466 468/468
f 467/467 468/468 469/469
f 467/467 469/469 380/380
f 467/467 380/380 378/378
f 469/469 468/468 471/471
f 469/469 471/471 472/472
f 469/469 472/472 382/382
f 469/469 382/382 380/380
f 473/473 470/470 474/474
f 473/473 474/474 475/475
f 473/473 475/475 386/386
f 473/473 386/386 383/383
f 475/475 474/474 476/476
f 475/475 476/476 477/477
f 475/475 477/477 388/388
f 475/475 388/388 386/386
f 477/477 476/476 478/478
f 477/477 478/478 479/479
f 477/477 479/479 390/390
f 477/477 390/390 388/388
f 479/479 478/478 480/480
f 479/479 480/480 481/481
f 479/479 481/481 392/392
f 479/479 392/392 390/390
f 481/481 480/480 482/482
f 481/481 482/482 483/483
f 481/481 483/483 394/394
f 481/481 394/394 392/392
f 483/483 482/482 484/484
f 483/483 484/484 485/485
f 483/483 485/485 396/396
f 483/483 396/396 394/394
f 485/485 484/484 486/486
f 485/485 486/486 487/487
f 485/485 487/487 398/398
f 485/485 398/398 396/396
f 487/487 486/486 488/488
f 487/487 488/488 489/489
f 487/487 489/489 400/400
f 487/487 400/400 398/398
f 489/489 488/488 490/490
f 489/489 490/490 491/491
f 489/489 491/491 492/492
f 489/489 492/492 400/400
f 492/492 403/403 401/401
f 492/492 401/401 400/400
f 492/492 491/491 493/493
f 492/492 493/493 494/494
f 492/492 494/494 405/405
f 492/492 405/405 403/403
f 494/494 493/493 495/495
f 494/494 495/495 496/496
f 494/494 496/496 407/407
f 494/494 407/407 405/405
f 496/496 495/495 497/497
f 496/496 497/497 412/412
f 496/496 412/412 409/409
f 496/496 409/409 407/407
f 497/497 495/495 498/498
f 497/497 498/498 499/499
f 497/497 499/499 500/500
f 497/497 500/500 415/415
f 497/497 415/415 413/413
f 497/497 413/413 412/412
f 500/500 499/499 501/501
f 500/500 501/501 502/502
f 500/500 502/502 503/503
f 500/500 503/503 418/418
f 500/500 418/418 416/416
f 500/500 416/416 415/415
f 503/503 502/502 504/504
f 503/503 504/504 505/505
f 503/503 505/505 506/506
f 503/503 506/506 507/507
f 503/503 507/507 419/419
f 503/503 419/419 418/418
f 507/507 506/506 508/508
f 507/507 508/508 509/509
f 507/507 509/509 420/420
f 507/507 420/420 419/419
f 509/509 508/508 510/510
f 509/509 510/510 511/511
f 509/509 511/511 422/422
f 509/509 422/422 420/420
f 511/511 510/510 512/512
f 511/511 512/512 513/513
f 511/511 513/513 424/424
f 511/511 424/424 422/422
f 513/513 512/512 514/514
f 513/513 514/514 515/515
f 513/513 515/515 426/426
f 513/513 426/426 424/424
f 515/515 514/514 516/516
f 515/515 516/516 517/517
f 515/515 517/517 428/428
f 515/515 428/428 426/426
f 517/517 516/516 518/518
f 517/517 518/518 521/521
f 517/517 521/521 430/430
f 517/517 430/430 428/428
f 520/520 519/519 522/522
f 520/520 522/522 523/523
f 520/520 523/523 434/434
f 520/520 434/434 431/431
f 523/523 522/522 524/524
f 523/523 524/524 525/525
f 523/523 525/525 436/436
f 523/523 436/436 434/434
f 525/525 524/524 526/526
f 525/525 526/526 527/527
f 525/525 527/527 438/438
f 525/525 438/438 436/436
f 527/527 526/526 528/528
f 527/527 528/528 529/529
f 527/527 529/529 440/440
f 527/527 440/440 438/438
f 529/529 528/528 530/530
f 529/529 530/530 531/531
f 529/529 531/531 442/442
f 529/529 442/442 440/440
f 531/531 530/530 532/532
f 531/531 532/532 533/533
f 531/531 533/533 444/444
f 531/531 444/444 442/442
f 533/533 532/532 534/534
f 533/533 534/534 535/535
f 533/533 535/535 446/446
f 533/533 446/446 444/444
f 535/535 534/534 536/536
f 535/535 536/536 537/537
f 535/535 537/537 448/448
f 535/535 448/448 446/446
f 537/537 536/536 538/538
f 537/537 538/538 539/539
f 537/537 539/539 450/450
f 537/537 450/450 448/448
f 539/539 538/538 540/540
f 539/539 540/540 541/541
f 539/539 541/541 452/452
f 539/539 452/452 450/450
f 541/541 540/540 542/542
f 541/541 542/542 543/543
f 541/541 543/543 454/454
f 541/541 454/454 452/452
f 543/543 542/542 544/544
f 543/543 544/544 545/545
f 543/543 545/545 456/456
f 543/543 456/456 454/454
f 545/545 544/544 546/546
f 545/545 546/546 547/547
f 545/545 547/547 458/458
f 545/545 458/458 456/456
f 547/547 546/546 548/548
f 547/547 548/548 549/549
f 547/547 549/549 460/460
f 547/547 460/460 458/458
f 549/549 548/548 550/550
f 549/549 550/550 551/551
f 549/549 551/551 462/462
f 549/549 462/462 460/460
f 551/551 550/550 552/552
f 551/551 552/552 553/553
f 551/551 553/553 464/464
f 551/551 464/464 462/462
f 553/553 552/552 554/554
f 553/553 554/554 555/555
f 553/553 555/555 466/466
f 553/553 466/466 464/464
f 555/555 554/554 556/556
f 555/555 556/556 557/557
f 555/555 557/557 468/468
f 555/555 468/468 466/466
f 557/557 556/556 558/558
f 557/557 558/558 561/561
f 557/557 561/561 471/471
f 557/557 471/471 468/468
f 560/560 559/559 562/562
f 560/560 562/562 563/563
f 560/560 563/563 474/474
f 560/560 474/474 470/470
f 563/563 562/562 564/564
f 563/563 564/564 565/565
f 563/563 565/565 476/476
f 563/563 476/476 474/474
f 565/565 564/564 566/566
f 565/565 566/566 567/567
f 565/565 567/567 478/478
f 565/565 478/478 476/476
f 567/567 566/566 568/568
f 567/567 568/568 569/569
f 567/567 569/569 480/480
f 567/567 480/480 478/478
f 569/569 568/568 570/570
f 569/569 570/570 571/571
f 569/569 571/571 482/482
f 569/569 482/482 480/480
f 571/571 570/570 572/572
f 571/571 572/572 573/573
f 571/571 573/573 484/484
f 571/571 484/484 482/482
f 573/573 572/572 574/574
f 573/573 574/574 575/575
f 573/573 575/575 486/486
f 573/573 486/486 484/484
f 575/575 574/574 576/576
f 575/575 576/576 577/577
f 575/575 577/577 488/488
f 575/575 488/488 486/486
f 577/577 576/576 578/578
f 577/577 578/578 579/579
f 577/577 579/579 490/490
f 577/577 490/490 488/488
f 579/579 578/578 580/580
f 579/579 580/580 581/581
f 579/579 581/581 582/582
f 579/579 582/582 490/490
f 582/582 493/493 491/491
f 582/582 491/491 490/490
f 582/582 581/581 583/583
f 582/582 583/583 498/498
f 582/582 498/498 495/495
f 582/582 495/495 493/493
f 583/583 581/581 580/580
f 583/583 580/580 584/584
f 583/583 584/584 585/585
f 583/583 585/585 501/501
f 583/583 501/501 499/499
f 583/583 499/499 498/498
f 585/585 584/584 586/586
f 585/585 586/586 587/587
f 585/585 587/587 588/588
f 585/585 588/588 504/504
f 585/585 504/504 502/502
f 585/585 502/502 501/501
f 588/588 587/587 589/589
f 588/588 589/589 590/590
f 588/588 590/590 591/591
f 588/588 591/591 592/592
f 588/588 592/592 505/505
f 588/588 505/505 504/504
f 592/592 591/591 593/593
f 592/592 593/593 594/594
f 592/592 594/594 506/506
f 592/592 506/506 505/505
f 594/594 593/593 595/595
f 594/594 595/595 596/596
f 594/594 596/596 508/508
f 594/594 508/508 506/506
f 596/596 595/595 597/597
f 596/596 597/597 598/598
f 596/596 598/598 510/510
f 596/596 510/510 508/508
f 598/598 597/597 599/599
f 598/598 599/599 600/600
f 598/598 600/600 512/512
f 598/598 512/512 510/510
f 600/600 599/599 601/601
f 600/600 601/601 602/602
f 600/600 602/602 514/514
f 600/600 514/514 512/512
f 602/602 601/601 603/603
f 602/602 603/603 604/604
f 602/602 604/604 516/516
f 602/602 516/516 514/514
f 604/604 603/603 606/606
f 604/604 606/606 607/607
f 604/604 607/607 518/518
f 604/604 518/518 516/516
f 608/608 605/605 609/609
f 608/608 609/609 610/610
f 608/608 610/610 522/522
f 608/608 522/522 519/519
f 610/610 609/609 611/611
f 610/610 611/611 612/612
f 610/610 612/612 524/524
f 610/610 524/524 522/522
f 612/612 611/611 613/613
f 612/612 613/613 614/614
f 612/612 614/614 526/526
f 612/612 526/526 524/524
f 614/614 613/613 615/615
f 614/614 615/615 616/616
f 614/614 616/616 528/528
f 614/614 528/528 526/526
f 616/616 615/615 617/617
f 616/616 617/617 618/618
f 616/616 618/618 530/530
f 616/616 530/530 528/528
f 618/618 617/617 619/619
f 618/618 619/619 620/620
f 618/618 620/620 532/532
f 618/618 532/532 530/530
f 620/620 619/619 621/621
f 620/620 621/621 622/622
f 620/620 622/622 534/534
f 620/620 534/534 532/532
f 622/622 621/621 623/623
f 622/622 623/623 624/624
f 622/622 624/624 536/536
f 622/622 536/536 534/534
f 624/624 623/623 625/625
f 624/624 625/625 626/626
f 624/624 626/626 538/538
f 624/624 538/538 536/536
f 626/626 625/625 627/627
f 626/626 627/627 628/628
f 626/626 628/628 540/540
f 626/626 540/540 538/538
f 628/628 627/627 629/629
f 628/628 629/629 630/630
f 628/628 630/630 542/542
f 628/628 542/542 540/540
f 630/630 629/629 631/631
f 630/630 631/631 632/632
f 630/630 632/632 544/544
f 630/630 544/544 542/542
f 632/632 631/631 633/633
f 632/632 633/633 634/634
f 632/632 634/634 546/546
f 632/632 546/546 544/544
f 634/634 633/633 635/635
f 634/634 635/635 636/636
f 634/634 636/636 548/548
f 634/634 548/548 546/546
f 636/636 635/635 637/637
f 636/636 637/637 638/638
f 636/636 638/638 550/550
f 636/636 550/550 548/548
f 638/638 637/637 639/639
f 638/638 639/639 640/640
f 638/638 640/640 552/552
f 638/638 552/552 550/550
f 640/640 639/639 641/641
f 640/640 641/641 642/642
f 640/640 642/642 554/554
f 640/640 554/554 552/552
f 642/642 641/641 643/643
f 642/642 643/643 644/644
f 642/642 644/644 556/556
f 642/642 556/556 554/554
f 644/644 643/643 645/645
f 644/644 645/645 648/648
f 644/644 648/648 558/558
f 644/644 558/558 556/556
f 647/647 646/646 649/649
f 647/647 649/649 650/650
f 647/647 650/650 562/562
f 647/647 562/562 559/559
f 650/650 649/649 651/651
f 650/650 651/651 652/652
f 650/650 652/652 564/564
f 650/650 564/564 562/562
f 652/652 651/651 653/653
f 652/652 653/653 654/654
f 652/652 654/654 566/566
f 652/652 566/566 564/564
f 654/654 653/653 655/655
f 654/654 655/655 656/656
f 654/654 656/656 568/568
f 654/654 568/568 566/566
f 656/656 655/655 657/657
f 656/656 657/657 658/658
f 656/656 658/658 570/570
f 656/656 570/570 568/568
f 658/658 657/657 659/659
f 658/658 659/659 660/660
f 658/658 660/660 572/572
f 658/658 572/572 570/570
f 660/660 659/659 661/661
f 660/660 661/661 662/662
f 660/660 662/662 574/574
f 660/660 574/574 572/572
f 662/662 661/661 663/663
f 662/662 663/663 664/664
f 662/662 664/664 576/576
f 662/662 576/576 574/574
f 664/664 663/663 665/665
f 664/664 665/665 666/666
f 664/664 666/666 578/578
f 664/664 578/578 576/576
f 666/666 665/665 667/667
f 666/666 667/667 668/668
f 666/666 668/668 580/580
f 666/666 580/580 578/578
f 668/668 667/667 669/669
f 668/668 669/669 586/586
f 668/668 586/586 584/584
f 668/668 584/584 580/580
f 669/669 667/667 670/670
f 669/669 670/670 671/671
f 669/669 671/671 672/672
f 669/669 672/672 589/589
f 669/669 589/589 587/587
f 669/669 587/587 586/586
f 672/672 671/671 673/673
f 672/672 673/673 674/674
f 672/672 674/674 675/675
f 672/672 675/675 676/676
f 672/672 676/676 590/590
f 672/672 590/590 589/589
f 676/676 675/675 677/677
f 676/676 677/677 678/678
f 676/676 678/678 591/591
f 676/676 591/591 590/590
f 678/678 677/677 679/679
f 678/678 679/679 680/680
f 678/678 680/680 593/593
f 678/678 593/593 591/591
f 680/680 679/679 681/681
f 680/680 681/681 682/682
f 680/680 682/682 595/595
f 680/680 595/595 593/593
f 682/682 681/681 683/683
f 682/682 683/683 684/684
f 682/682 684/684 597/597
f 682/682 597/597 595/595
f 684/684 683/683 685/685
f 684/684 685/685 686/686
f 684/684 686/686 599/599
f 684/684 599/599 597/597
f 686/686 685/685 687/687
f 686/686 687/687 688/688
f 686/686 688/688 601/601
f 686/686 601/601 599/599
f 688/688 687/687 689/689
f 688/688 689/689 690/690
f 688/688 690/690 603/603
f 688/688 603/603 601/601
f 690/690 689/689 691/691
f 690/690 691/691 693/693
f 690/690 693/693 606/606
f 690/690 606/606 603/603
f 694/694 692/692 695/695
f 694/694 695/695 696/696
f 694/694 696/696 609/609
f 694/694 609/609 605/605
f 696/696 695/695 697/697
f 696/696 697/697 698/698
f 696/696 698/698 611/611
f 696/696 611/611 609/609
f 698/698 697/697 699/699
f 698/698 699/699 700/700
f 698/698 700/700 613/613
f 698/698 613/613 611/611
f 700/700 699/699 701/701
f 700/700 701/701 702/702
f 700/700 702/702 615/615
f 700/700 615/615 613/613
f 702/702 701/701 703/703
f 702/702 703/703 704/704
f 702/702 704/704 617/617
f 702/702 617/617 615/615
f 704/704 703/703 705/705
f 704/704 705/705 706/706
f 704/704 706/706 619/619
f 704/704 619/619 617/617
f 706/706 705/705 707/707
f 706/706 707/707 708/708
f 706/706 708/708 621/621
f 706/706 621/621 619/619
f 708/708 707/707 709/709
f 708/708 709/709 710/710
f 708/708 710/710 623/623
f 708/708 623/623 621/621
f 710/710 709/709 711/711
f 710/710 711/711 712/712
f 710/710 712/712 625/625
f 710/710 625/625 623/623
f 712/712 711/711 713/713
f 712/712 713/713 714/714
f 712/712 714/714 627/627
f 712/712 627/627 625/625
f 714/714 713/713 715/715
f 714/714 715/715 716/716
f 714/714 716/716 629/629
f 714/714 629/629 627/627
f 716/716 715/715 717/717
f 716/716 717/717 718/718
f 716/716 718/718 631/631
f 716/716 631/631 629/629
f 718/718 717/717 719/719
f 718/718 719/719 720/720
f 718/718 720/720 633/633
f 718/718 633/633 631/631
f 720/720 719/719 721/721
f 720/720 721/721 722/722
f 720/720 722/722 635/635
f 720/720 635/635 633/633
f 722/722 721/721 723/723
f 722/722 723/723 724/724
f 722/722 724/724 637/637
f 722/722 637/637 635/635
f 724/724 723/723 725/725
f 724/724 725/725 726/726
f 724/724 726/726 639/639
f 724/724 639/639 637/637
f 726/726 725/725 727/727
f 726/726 727/727 728/728
f 726/726 728/728 641/641
f 726/726 641/641 639/639
f 728/728 727/727 729/729
f 728/728 729/729 730/730
f 728/728 730/730 643/643
f 728/728 643/643 641/641
f 730/730 729/729 731/731
f 730/730 731/731 734/734
f 730/730 734/734 645/645
f 730/730 645/645 643/643
f 733/733 732/732 735/735
f 733/733 735/735 736/736
f 733/733 736/736 649/649
f 733/733 649/649 646/646
f 736/736 735/735 737/737
f 736/736 737/737 738/738
f 736/736 738/738 651/651
f 736/736 651/651 649/649
f 738/738 737/737 739/739
f 738/738 739/739 740/740
f 738/738 740/740 653/653
f 738/738 653/653 651/651
f 740/740 739/739 741/741
f 740/740 741/741 742/742
f 740/740 742/742 655/655
f 740/740 655/655 653/653
f 742/742 741/741 743/743
f 742/742 743/743 744/744
f 742/742 744/744 657/657
f 742/742 657/657 655/655
f 744/744 743/743 745/745
f 744/744 745/745 746/746
f 744/744 746/746 659/659
f 744/744 659/659 657/657
f 746/746 745/745 747/747
f 746/746 747/747 748/748
f 746/746 748/748 661/661
f 746/746 661/661 659/659
f 748/748 747/747 749/749
f 748/748 749/749 750/750
f 748/748 750/750 663/663
f 748/748 663/663 661/661
f 750/750 749/749 751/751
f 750/750 751/751 752/752
f 750/750 752/752 665/665
f 750/750 665/665 663/663
f 752/752 751/751 753/753
f 752/752 753/753 670/670
f 752/752 670/670 667/667
f 752/752 667/667 665/665
f 753/753 751/751 754/754
f 753/753 754/754 755/755
f 753/753 755/755 756/756
f 753/753 756/756 673/673
f 753/753 673/673 671/671
f 753/753 671/671 670/670
f 756/756 755/755 757/757
f 756/756 757/757 758/758
f 756/756 758/758 759/759
f 756/756 759/759 760/760
f 756/756 760/760 674/674
f 756/756 674/674 673/673
f 760/760 759/759 761/761
f 760/760 761/761 762/762
f 760/760 762/762 675/675
f 760/760 675/675 674/674
f 762/762 761/761 763/763
f 762/762 763/763 764/764
f 762/762 764/764 677/677
f 762/762 677/677 675/675
f 764/764 763/763 765/765
f 764/764 765/765 766/766
f 764/764 766/766 679/679
f 764/764 679/679 677/677
f 766/766 765/765 767/767
f 766/766 767/767 768/768
f 766/766 768/768 681/681
f 766/766 681/681 679/679
f 768/768 767/767 769/769
f 768/768 769/769 770/770
f 768/768 770/770 683/683
f 768/768 683/683 681/681
f 770/770 769/769 771/771
f 770/770 771/771 772/772
f 770/770 772/772 685/685
f 770/770 685/685 683/683
f 772/772 771/771 773/773
f 772/772 773/773 774/774
f 772/772 774/774 687/687
f 772/772 687/687 685/685
f 774/774 773/773 775/775
f 774/774 775/775 776/776
f 774/774 776/776 689/689
f 774/774 689/689 687/687
f 776/776 775/775 778/778
f 776/776 778/778 779/779
f 776/776 779/779 691/691
f 776/776 691/691 689/689
f 780/780 777/777 781/781
f 780/780 781/781 782/782
f 780/780 782/782 695/695
f 780/780 695/695 692/692
f 782/782 781/781 783/783
f 782/782 783/783 784/784
f 782/782 784/784 697/697
f 782/782 697/697 695/695
f 784/784 783/783 785/785
f 784/784 785/785 786/786
f 784/784 786/786 699/699
f 784/784 699/699 697/697
f 786/786 785/785 787/787
f 786/786 787/787 788/788
f 786/786 788/788 701/701
f 786/786 701/701 699/699
f 788/788 787/787 789/789
f 788/788 789/789 790/790
f 788/788 790/790 703/703
f 788/788 703/703 701/701
f 790/790 789/789 791/791
f 790/790 791/791 792/792
f 790/790 792/792 705/705
f 790/790 705/705 703/703
f 792/792 791/791 793/793
f 792/792 793/793 794/794
f 792/792 794/794 707/707
f 792/792 707/707 705/705
f 794/794 793/793 795/795
f 794/794 795/795 796/796
f 794/794 796/796 709/709
f 794/794 709/709 707/707
f 796/796 795/795 797/797
f 796/796 797/797 798/798
f 796/796 798/798 711/711
f 796/796 711/711 709/709
f 798/798 797/797 799/799
f 798/798 799/799 800/800
f 798/798 800/800 713/713
f 798/798 713/713 711/711
f 800/800 799/799 801/801
f 800/800 801/801 802/802
f 800/800 802/802 715/715
f 800/800 715/715 713/713
f 802/802 801/801 803/803
f 802/802 803/803 804/804
f 802/802 804/804 717/717
f 802/802 717/717 715/715
f 804/804 803/803 805/805
f 804/804 805/805 806/806
f 804/804 806/806 719/719
f 804/804 719/719 717/717
f 806/806 805/805 807/807
f 806/806 807/807 808/808
f 806/806 808/808 721/721
f 806/806 721/721 719/719
f 808/808 807/807 809/809
f 808/808 809/809 810/810
f 808/808 810/810 723/723
f 808/808 723/723 721/721
f 810/810 809/809 811/811
f 810/810 811/811 812/812
f 810/810 812/812 725/725
f 810/810 725/725 723/723
f 812/812 811/811 813/813
f 812/812 813/813 814/814
f 812/812 814/814 727/727
f 812/812 727/727 725/725
f 814/814 813/813 815/815
f 814/814 815/815 816/816
f 814/814 816/816 729/729
f 814/814 729/729 727/727
f 816/816 815/815 818/818
f 816/816 818/818 820/820
f 816/816 820/820 731/731
f 816/816 731/731 729/729
f 819/819 817/817 821/821
f 819/819 821/821 822/822
f 819/819 822/822 735/735
f 819/819 735/735 732/732
f 822/822 821/821 823/823
f 822/822 823/823 824/824
f 822/822 824/824 737/737
f 822/822 737/737 735/735
f 824/824 823/823 825/825
f 824/824 825/825 826/826
f 824/824 826/826 739/739
f 824/824 739/739 737/737
f 826/826 825/825 827/827
f 826/826 827/827 828/828
f 826/826 828/828 741/741
f 826/826 741/741 739/739
f 828/828 827/827 829/829
f 828/828 829/829 830/830
f 828/828 830/830 743/743
f 828/828 743/743 741/741
f 830/830 829/829 831/831
f 830/830 831/831 832/832
f 830/830 832/832 745/745
f 830/830 745/745 743/743
f 832/832 831/831 833/833
f 832/832 833/833 834/834
f 832/832 834/834 747/747
f 832/832 747/747 745/745
f 834/834 833/833 835/835
f 834/834 835/835 836/836
f 834/834 836/836 749/749
f 834/834 749/749 747/747
f 836/836 835/835 837/837
f 836/836 837/837 754/754
f 836/836 754/754 751/751
f 836/836 751/751 749/749
f 837/837 835/835 838/838
f 837/837 838/838 839/839
f 837/837 839/839 840/840
f 837/837 840/840 757/757
f 837/837 757/757 755/755
f 837/837 755/755 754/754
f 840/840 839/839 841/841
f 840/840 841/841 842/842
f 840/840 842/842 843/843
f 840/840 843/843 844/844
f 840/840 844/844 758/758
f 840/840 758/758 757/757
f 844/844 843/843 845/845
f 844/844 845/845 846/846
f 844/844 846/846 759/759
f 844/844 759/759 758/758
f 846/846 845/845 847/847
f 846/846 847/847 848/848
f 846/846 848/848 761/761
f 846/846 761/761 759/759
f 848/848 847/847 849/849
f 848/848 849/849 850/850
f 848/848 850/850 763/763
f 848/848 763/763 761/761
f 850/850 849/849 851/851
f 850/850 851/851 852/852
f 850/850 852/852 765/765
f 850/850 765/765 763/763
f 852/852 851/851 853/853
f 852/852 853/853 854/854
f 852/852 854/854 767/767
f 852/852 767/767 765/765
f 854/854 853/853 855/855
f 854/854 855/855 856/856
f 854/854 856/856 769/769
f 854/854 769/769 767/767
f 856/856 855/855 857/857
f 856/856 857/857 858/858
f 856/856 858/858 771/771
f 856/856 771/771 769/769
f 858/858 857/857 859/859
f 858/858 859/859 860/860
f 858/858 860/860 773/773
f 858/858 773/773 771/771
f 860/860 859/859 861/861
f 860/860 861/861 862/862
f 860/860 862/862 775/775
f 860/860 775/775 773/773
f 862/862 861/861 864/864
f 862/862 864/864 866/866
f 862/862 866/866 778/778
f 862/862 778/778 775/775
f 865/865 863/863 867/867
f 865/865 867/867 868/868
f 865/865 868/868 781/781
f 865/865 781/781 777/777
f 868/868 867/867 869/869
f 868/868 869/869 870/870
f 868/868 870/870 783/783
f 868/868 783/783 781/781
f 870/870 869/869 871/871
f 870/870 871/871 872/872
f 870/870 872/872 785/785
f 870/870 785/785 783/783
f 872/872 871/871 873/873
f 872/872 873/873 874/874
f 872/872 874/874 787/787
f 872/872 787/787 785/785
f 874/874 873/873 875/875
f 874/874 875/875 876/876
f 874/874 876/876 789/789
f 874/874 789/789 787/787
f 876/876 875/875 877/877
f 876/876 877/877 878/878
f 876/876 878/878 791/791
f 876/876 791/791 789/789
f 878/878 877/877 27/27
f 878/878 27/27 26/26
f 878/878 26/26 793/793
f 878/878 793/793 791/791
f 877/877 875/875 879/879
f 877/877 879/879 880/880
f 877/877 880/880 881/881
f 877/877 881/881 27/27
f 881/881 882/882 28/28
f 881/881 28/28 27/27
f 881/881 880/880 883/883
f 881/881 883/883 884/884
f 881/881 884/884 885/885
f 881/881 885/885 882/882
f 885/885 801/801 799/799
f 885/885 799/799 882/882
f 885/885 884/884 886/886
f 885/885 886/886 887/887
f 885/885 887/887 803/803
f 885/885 803/803 801/801
f 887/887 886/886 888/888
f 887/887 888/888 889/889
f 887/887 889/889 805/805
f 887/887 805/805 803/803
f 889/889 888/888 890/890
f 889/889 890/890 891/891
f 889/889 891/891 807/807
f 889/889 807/807 805/805
f 891/891 890/890 892/892
f 891/891 892/892 893/893
f 891/891 893/893 809/809
f 891/891 809/809 807/807
f 893/893 892/892 894/894
f 893/893 894/894 895/895
f 893/893 895/895 811/811
f 893/893 811/811 809/809
f 895/895 894/894 896/896
f 895/895 896/896 897/897
f 895/895 897/897 813/813
f 895/895 813/813 811/811
f 897/897 896/896 898/898
f 897/897 898/898 899/899
f 897/897 899/899 815/815
f 897/897 815/815 813/813
f 899/899 898/898 900/900
f 899/899 900/900 902/902
f 899/899 902/902 818/818
f 899/899 818/818 815/815
f 903/903 901/901 904/904
f 903/903 904/904 905/905
f 903/903 905/905 821/821
f 903/903 821/821 817/817
f 905/905 904/904 906/906
f 905/905 906/906 907/907
f 905/905 907/907 823/823
f 905/905 823/823 821/821
f 907/907 906/906 908/908
f 907/907 908/908 909/909
f 907/907 909/909 825/825
f 907/907 825/825 823/823
f 909/909 908/908 910/910
f 909/909 910/910 911/911
f 909/909 911/911 827/827
f 909/909 827/827 825/825
f 911/911 910/910 912/912
f 911/911 912/912 913/913
f 911/911 913/913 829/829
f 911/911 829/829 827/827
f 913/913 912/912 914/914
f 913/913 914/914 915/915
f 913/913 915/915 831/831
f 913/913 831/831 829/829
f 915/915 914/914 916/916
f 915/915 916/916 917/917
f 915/915 917/917 833/833
f 915/915 833/833 831/831
f 917/917 916/916 918/918
f 917/917 918/918 838/838
f 917/917 838/838 835/835
f 917/917 835/835 833/833
f 918/918 916/916 919/919
f 918/918 919/919 920/920
f 918/918 920/920 921/921
f 918/918 921/921 841/841
f 918/918 841/841 839/839
f 918/918 839/839 838/838
f 921/921 920/920 922/922
f 921/921 922/922 923/923
f 921/921 923/923 924/924
f 921/921 924/924 925/925
f 921/921 925/925 842/842
f 921/921 842/842 841/841
f 925/925 924/924 926/926
f 925/925 926/926 927/927
f 925/925 927/927 843/843
f 925/925 843/843 842/842
f 927/927 926/926 928/928
f 927/927 928/928 929/929
f 927/927 929/929 845/845
f 927/927 845/845 843/843
f 929/929 928/928 930/930
f 929/929 930/930 931/931
f 929/929 931/931 847/847
f 929/929 847/847 845/845
f 931/931 930/930 932/932
f 931/931 932/932 933/933
f 931/931 933/933 849/849
f 931/931 849/849 847/847
f 933/933 932/932 934/934
f 933/933 934/934 935/935
f 933/933 935/935 851/851
f 933/933 851/851 849/849
f 935/935 934/934 936/936
f 935/935 936/936 937/937
f 935/935 937/937 853/853
f 935/935 853/853 851/851
f 937/937 936/936 938/938
f 937/937 938/938 939/939
f 937/937 939/939 855/855
f 937/937 855/855 853/853
f 939/939 938/938 940/940
f 939/939 940/940 941/941
f 939/939 941/941 857/857
f 939/939 857/857 855/855
f 941/941 940/940 942/942
f 941/941 942/942 943/943
f 941/941 943/943 859/859
f 941/941 859/859 857/857
f 943/943 942/942 944/944
f 943/943 944/944 945/945
f 943/943 945/945 861/861
f 943/943 861/861 859/859
f 945/945 944/944 946/946
f 945/945 946/946 949/949
f 945/945 949/949 864/864
f 945/945 864/864 861/861
f 948/948 947/947 950/950
f 948/948 950/950 951/951
f 948/948 951/951 867/867
f 948/948 867/867 863/863
f 951/951 950/950 952/952
f 951/951 952/952 953/953
f 951/951 953/953 869/869
f 951/951 869/869 867/867
f 953/953 952/952 954/954
f 953/953 954/954 955/955
f 953/953 955/955 871/871
f 953/953 871/871 869/869
f 955/955 954/954 956/956
f 955/955 956/956 957/957
f 955/955 957/957 873/873
f 955/955 873/873 871/871
f 957/957 956/956 958/958
f 957/957 958/958 879/879
f 957/957 879/879 875/875
f 957/957 875/875 873/873
f 958/958 883/883 880/880
f 958/958 880/880 879/879
f 958/958 956/956 959/959
f 958/958 959/959 960/960
f 958/958 960/960 961/961
f 958/958 961/961 883/883
f 961/961 886/886 884/884
f 961/961 884/884 883/883
f 961/961 960/960 962/962
f 961/961 962/962 963/963
f 961/961 963/963 888/888
f 961/961 888/888 886/886
f 963/963 962/962 964/964
f 963/963 964/964 965/965
f 963/963 965/965 890/890
f 963/963 890/890 888/888
f 965/965 964/964 966/966
f 965/965 966/966 967/967
f 965/965 967/967 892/892
f 965/965 892/892 890/890
f 967/967 966/966 968/968
f 967/967 968/968 969/969
f 967/967 969/969 894/894
f 967/967 894/894 892/892
f 969/969 968/968 970/970
f 969/969 970/970 971/971
f 969/969 971/971 896/896
f 969/969 896/896 894/894
f 971/971 970/970 972/972
f 971/971 972/972 973/973
f 971/971 973/973 898/898
f 971/971 898/898 896/896
f 973/973 972/972 974/974
f 973/973 974/974 976/976
f 973/973 976/976 900/900
f 973/973 900/900 898/898
f 977/977 975/975 978/978
f 977/977 978/978 979/979
f 977/977 979/979 904/904
f 977/977 904/904 901/901
f 979/979 978/978 980/980
f 979/979 980/980 981/981
f 979/979 981/981 906/906
f 979/979 906/906 904/904
f 981/981 980/980 982/982
f 981/981 982/982 983/983
f 981/981 983/983 908/908
f 981/981 908/908 906/906
f 983/983 982/982 984/984
f 983/983 984/984 985/985
f 983/983 985/985 910/910
f 983/983 910/910 908/908
f 985/985 984/984 986/986
f 985/985 986/986 987/987
f 985/985 987/987 912/912
f 985/985 912/912 910/910
f 987/987 986/986 988/988
f 987/987 988/988 989/989
f 987/987 989/989 914/914
f 987/987 914/914 912/912
f 989/989 988/988 990/990
f 989/989 990/990 919/919
f 989/989 919/919 916/916
f 989/989 916/916 914/914
f 990/990 988/988 991/991
f 990/990 991/991 993/993
f 990/990 993/993 996/996
f 990/990 996/996 922/922
f 990/990 922/922 920/920
f 990/990 920/920 919/919
f 995/995 994/994 997/997
f 995/995 997/997 998/998
f 995/995 998/998 999/999
f 995/995 999/999 1000/1000
f 996/996 1001/1001 923/923
f 996/996 923/923 922/922
f 1000/1000 999/999 1002/1002
f 1000/1000 1002/1002 1003/1003
f 1001/1001 1004/1004 924/924
f 1001/1001 924/924 923/923
f 1003/1003 1002/1002 1005/1005
f 1003/1003 1005/1005 1006/1006
f 1004/1004 1007/1007 926/926
f 1004/1004 926/926 924/924
f 1006/1006 1005/1005 1008/1008
f 1006/1006 1008/1008 1009/1009
f 1007/1007 1010/1010 928/928
f 1007/1007 928/928 926/926
f 1009/1009 1008/1008 1011/1011
f 1009/1009 1011/1011 1013/1013
f 1010/1010 1012/1012 930/930
f 1010/1010 930/930 928/928
f 1013/1013 1011/1011 1014/1014
f 1013/1013 1014/1014 1016/1016
f 1012/1012 1015/1015 932/932
f 1012/1012 932/932 930/930
f 1016/1016 1014/1014 1017/1017
f 1016/1016 1017/1017 1019/1019
f 1015/1015 1018/1018 934/934
f 1015/1015 934/934 932/932
f 1019/1019 1017/1017 1021/1021
f 1019/1019 1021/1021 1024/1024
f 1018/1018 1022/1022 936/936
f 1018/1018 936/936 934/934
f 1023/1023 1020/1020 1025/1025
f 1023/1023 1025/1025 1027/1027
f 1022/1022 1026/1026 938/938
f 1022/1022 938/938 936/936
f 1027/1027 1025/1025 1028/1028
f 1027/1027 1028/1028 1030/1030
f 1026/1026 1029/1029 940/940
f 1026/1026 940/940 938/938
f 1030/1030 1028/1028 1031/1031
f 1030/1030 1031/1031 1033/1033
f 1029/1029 1032/1032 942/942
f 1029/1029 942/942 940/940
f 1033/1033 1031/1031 1034/1034
f 1033/1033 1034/1034 1035/1035
f 1032/1032 1036/1036 944/944
f 1032/1032 944/944 942/942
f 1035/1035 1034/1034 1037/1037
f 1035/1035 1037/1037 1040/1040
f 1036/1036 1038/1038 946/946
f 1036/1036 946/946 944/944
f 1040/1040 1037/1037 1041/1041
f 1040/1040 1041/1041 1042/1042
f 1039/1039 1043/1043 950/950
f 1039/1039 950/950 947/947
f 1042/1042 1041/1041 1044/1044
f 1042/1042 1044/1044 1046/1046
f 1043/1043 1045/1045 952/952
f 1043/1043 952/952 950/950
f 1046/1046 1044/1044 1047/1047
f 1046/1046 1047/1047 1048/1048
f 962/962 960/960 959/959
f 962/962 959/959 1050/1050
f 962/962 1050/1050 954/954
f 962/962 954/954 952/952
f 1045/1045 1049/1049 962/962
f 1045/1045 962/962 952/952
f 1048/1048 1047/1047 1051/1051
f 1048/1048 1051/1051 1052/1052
f 1049/1049 1053/1053 964/964
f 1049/1049 964/964 962/962
f 1052/1052 1051/1051 1054/1054
f 1052/1052 1054/1054 1056/1056
f 1053/1053 1055/1055 966/966
f 1053/1053 966/966 964/964
f 1056/1056 1054/1054 1057/1057
f 1056/1056 1057/1057 1058/1058
f 1055/1055 1059/1059 968/968
f 1055/1055 968/968 966/966
f 1058/1058 1057/1057 1060/1060
f 1058/1058 1060/1060 1062/1062
f 1059/1059 1061/1061 970/970
f 1059/1059 970/970 968/968
f 1062/1062 1060/1060 1063/1063
f 1062/1062 1063/1063 1064/1064
f 1061/1061 1065/1065 972/972
f 1061/1061 972/972 970/970
f 1064/1064 1063/1063 1066/1066
f 1064/1064 1066/1066 1069/1069
f 1065/1065 1068/1068 974/974
f 1065/1065 974/974 972/972
f 1069/1069 1066/1066 1070/1070
f 1069/1069 1070/1070 1072/1072
f 1067/1067 1071/1071 978/978
f 1067/1067 978/978 975/975
f 1072/1072 1070/1070 1073/1073
f 1072/1072 1073/1073 1074/1074
f 1071/1071 1075/1075 980/980
f 1071/1071 980/980 978/978
f 1074/1074 1073/1073 1076/1076
f 1074/1074 1076/1076 1078/1078
f 1075/1075 1077/1077 982/982
f 1075/1075 982/982 980/980
f 1078/1078 1076/1076 1079/1079
f 1078/1078 1079/1079 1080/1080
f 1077/1077 1081/1081 984/984
f 1077/1077 984/984 982/982
f 1080/1080 1079/1079 1082/1082
f 1080/1080 1082/1082 1084/1084
f 1081/1081 1083/1083 986/986
f 1081/1081 986/986 984/984
f 1084/1084 1082/1082 1085/1085
f 1084/1084 1085/1085 992/992
f 1083/1083 991/991 988/988
f 1083/1083 988/988 986/986
f 1085/1085 1082/1082 1086/1086
f 1085/1085 1086/1086 1087/1087
f 1085/1085 1087/1087 1088/1088
f 1085/1085 1088/1088 997/997
f 1085/1085 997/997 994/994
f 1085/1085 994/994 992/992
f 1088/1088 1087/1087 1089/1089
f 1088/1088 1089/1089 1090/1090
f 1088/1088 1090/1090 1091/1091
f 1088/1088 1091/1091 1092/1092
f 1088/1088 1092/1092 998/998
f 1088/1088 998/998 997/997
f 1092/1092 1091/1091 1093/1093
f 1092/1092 1093/1093 1094/1094
f 1092/1092 1094/1094 999/999
f 1092/1092 999/999 998/998
f 1094/1094 1093/1093 1095/1095
f 1094/1094 1095/1095 1096/1096
f 1094/1094 1096/1096 1002/1002
f 1094/1094 1002/1002 999/999
f 1096/1096 1095/1095 1097/1097
f 1096/1096 1097/1097 1098/1098
f 1096/1096 1098/1098 1005/1005
f 1096/1096 1005/1005 1002/1002
f 1098/1098 1097/1097 1099/1099
f 1098/1098 1099/1099 1100/1100
f 1098/1098 1100/1100 1008/1008
f 1098/1098 1008/1008 1005/1005
f 1100/1100 1099/1099 1101/1101
f 1100/1100 1101/1101 1102/1102
f 1100/1100 1102/1102 1011/1011
f 1100/1100 1011/1011 1008/1008
f 1102/1102 1101/1101 1103/1103
f 1102/1102 1103/1103 1104/1104
f 1102/1102 1104/1104 1014/1014
f 1102/1102 1014/1014 1011/1011
f 1104/1104 1103/1103 1105/1105
f 1104/1104 1105/1105 1106/1106
f 1104/1104 1106/1106 1017/1017
f 1104/1104 1017/1017 1014/1014
f 1106/1106 1105/1105 1107/1107
f 1106/1106 1107/1107 1110/1110
f 1106/1106 1110/1110 1021/1021
f 1106/1106 1021/1021 1017/1017
f 1109/1109 1108/1108 1111/1111
f 1109/1109 1111/1111 1112/1112
f 1109/1109 1112/1112 1025/1025
f 1109/1109 1025/1025 1020/1020
f 1112/1112 1111/1111 1113/1113
f 1112/1112 1113/1113 1114/1114
f 1112/1112 1114/1114 1028/1028
f 1112/1112 1028/1028 1025/1025
f 1114/1114 1113/1113 1115/1115
f 1114/1114 1115/1115 1116/1116
f 1114/1114 1116/1116 1031/1031
f 1114/1114 1031/1031 1028/1028
f 1116/1116 1115/1115 1117/1117
f 1116/1116 1117/1117 1118/1118
f 1116/1116 1118/1118 1034/1034
f 1116/1116 1034/1034 1031/1031
f 1118/1118 1117/1117 1119/1119
f 1118/1118 1119/1119 1120/1120
f 1118/1118 1120/1120 1037/1037
f 1118/1118 1037/1037 1034/1034
f 1120/1120 1119/1119 1121/1121
f 1120/1120 1121/1121 1122/1122
f 1120/1120 1122/1122 1041/1041
f 1120/1120 1041/1041 1037/1037
f 1122/1122 1121/1121 1123/1123
f 1122/1122 1123/1123 1124/1124
f 1122/1122 1124/1124 1044/1044
f 1122/1122 1044/1044 1041/1041
f 1124/1124 1123/1123 1125/1125
f 1124/1124 1125/1125 1126/1126
f 1124/1124 1126/1126 1047/1047
f 1124/1124 1047/1047 1044/1044
f 1126/1126 1125/1125 1127/1127
f 1126/1126 1127/1127 1128/1128
f 1126/1126 1128/1128 1051/1051
f 1126/1126 1051/1051 1047/1047
f 1128/1128 1127/1127 1129/1129
f 1128/1128 1129/1129 1130/1130
f 1128/1128 1130/1130 1054/1054
f 1128/1128 1054/1054 1051/1051
f 1130/1130 1129/1129 1131/1131
f 1130/1130 1131/1131 1132/1132
f 1130/1130 1132/1132 1057/1057
f 1130/1130 1057/1057 1054/1054
f 1132/1132 1131/1131 1133/1133
f 1132/1132 1133/1133 1134/1134
f 1132/1132 1134/1134 1060/1060
f 1132/1132 1060/1060 1057/1057
f 1134/1134 1133/1133 1135/1135
f 1134/1134 1135/1135 1136/1136
f 1134/1134 1136/1136 1063/1063
f 1134/1134 1063/1063 1060/1060
f 1136/1136 1135/1135 1137/1137
f 1136/1136 1137/1137 1138/1138
f 1136/1136 1138/1138 1066/1066
f 1136/1136 1066/1066 1063/1063
f 1138/1138 1137/1137 1139/1139
f 1138/1138 1139/1139 1140/1140
f 1138/1138 1140/1140 1070/1070
f 1138/1138 1070/1070 1066/1066
f 1140/1140 1139/1139 1141/1141
f 1140/1140 1141/1141 1142/1142
f 1140/1140 1142/1142 1073/1073
f 1140/1140 1073/1073 1070/1070
f 1142/1142 1141/1141 1143/1143
f 1142/1142 1143/1143 1144/1144
f 1142/1142 1144/1144 1076/1076
f 1142/1142 1076/1076 1073/1073
f 1144/1144 1143/1143 1145/1145
f 1144/1144 1145/1145 1146/1146
f 1144/1144 1146/1146 1079/1079
f 1144/1144 1079/1079 1076/1076
f 1146/1146 1145/1145 1147/1147
f 1146/1146 1147/1147 1086/1086
f 1146/1146 1086/1086 1082/1082
f 1146/1146 1082/1082 1079/1079
f 1147/1147 1145/1145 1148/1148
f 1147/1147 1148/1148 1149/1149
f 1147/1147 1149/1149 1150/1150
f 1147/1147 1150/1150 1089/1089
f 1147/1147 1089/1089 1087/1087
f 1147/1147 1087/1087 1086/1086
f 1150/1150 1149/1149 1151/1151
f 1150/1150 1151/1151 1152/1152
f 1150/1150 1152/1152 1153/1153
f 1150/1150 1153/1153 1154/1154
f 1150/1150 1154/1154 1090/1090
f 1150/1150 1090/1090 1089/1089
f 1154/1154 1153/1153 1155/1155
f 1154/1154 1155/1155 1156/1156
f 1154/1154 1156/1156 1091/1091
f 1154/1154 1091/1091 1090/1090
f 1156/1156 1155/1155 1157/1157
f 1156/1156 1157/1157 1158/1158
f 1156/1156 1158/1158 1093/1093
f 1156/1156 1093/1093 1091/1091
f 1158/1158 1157/1157 1159/1159
f 1158/1158 1159/1159 1160/1160
f 1158/1158 1160/1160 1095/1095
f 1158/1158 1095/1095 1093/1093
f 1160/1160 1159/1159 1161/1161
f 1160/1160 1161/1161 1162/1162
f 1160/1160 1162/1162 1097/1097
f 1160/1160 1097/1097 1095/1095
f 1162/1162 1161/1161 1163/1163
f 1162/1162 1163/1163 1164/1164
f 1162/1162 1164/1164 1099/1099
f 1162/1162 1099/1099 1097/1097
f 1164/1164 1163/1163 1165/1165
f 1164/1164 1165/1165 1166/1166
f 1164/1164 1166/1166 1101/1101
f 1164/1164 1101/1101 1099/1099
f 1166/1166 1165/1165 1167/1167
f 1166/1166 1167/1167 1168/1168
f 1166/1166 1168/1168 1103/1103
f 1166/1166 1103/1103 1101/1101
f 1168/1168 1167/1167 1169/1169
f 1168/1168 1169/1169 1170/1170
f 1168/1168 1170/1170 1105/1105
f 1168/1168 1105/1105 1103/1103
f 1170/1170 1169/1169 1171/1171
f 1170/1170 1171/1171 1174/1174
f 1170/1170 1174/1174 1107/1107
f 1170/1170 1107/1107 1105/1105
f 1173/1173 1172/1172 1175/1175
f 1173/1173 1175/1175 1176/1176
f 1173/1173 1176/1176 1111/1111
f 1173/1173 1111/1111 1108/1108
f 1176/1176 1175/1175 1177/1177
f 1176/1176 1177/1177 1178/1178
f 1176/1176 1178/1178 1113/1113
f 1176/1176 1113/1113 1111/1111
f 1178/1178 1177/1177 1179/1179
f 1178/1178 1179/1179 1180/1180
f 1178/1178 1180/1180 1115/1115
f 1178/1178 1115/1115 1113/1113
f 1180/1180 1179/1179 1181/1181
f 1180/1180 1181/1181 1182/1182
f 1180/1180 1182/1182 1117/1117
f 1180/1180 1117/1117 1115/1115
f 1182/1182 1181/1181 1183/1183
f 1182/1182 1183/1183 1184/1184
f 1182/1182 1184/1184 1119/1119
f 1182/1182 1119/1119 1117/1117
f 1184/1184 1183/1183 1185/1185
f 1184/1184 1185/1185 1186/1186
f 1184/1184 1186/1186 1121/1121
f 1184/1184 1121/1121 1119/1119
f 1186/1186 1185/1185 1187/1187
f 1186/1186 1187/1187 1188/1188
f 1186/1186 1188/1188 1123/1123
f 1186/1186 1123/1123 1121/1121
f 1188/1188 1187/1187 1189/1189
f 1188/1188 1189/1189 1190/1190
f 1188/1188 1190/1190 1125/1125
f 1188/1188 1125/1125 1123/1123
f 1190/1190 1189/1189 1191/1191
f 1190/1190 1191/1191 1192/1192
f 1190/1190 1192/1192 1127/1127
f 1190/1190 1127/1127 1125/1125
f 1192/1192 1191/1191 1193/1193
f 1192/1192 1193/1193 1194/1194
f 1192/1192 1194/1194 1129/1129
f 1192/1192 1129/1129 1127/1127
f 1194/1194 1193/1193 1195/1195
f 1194/1194 1195/1195 1196/1196
f 1194/1194 1196/1196 1131/1131
f 1194/1194 1131/1131 1129/1129
f 1196/1196 1195/1195 1197/1197
f 1196/1196 1197/1197 1198/1198
f 1196/1196 1198/1198 1133/1133
f 1196/1196 1133/1133 1131/1131
f 1198/1198 1197/1197 1199/1199
f 1198/1198 1199/1199 1200/1200
f 1198/1198 1200/1200 1135/1135
f 1198/1198 1135/1135 1133/1133
f 1200/1200 1199/1199 1201/1201
f 1200/1200 1201/1201 1202/1202
f 1200/1200 1202/1202 1137/1137
f 1200/1200 1137/1137 1135/1135
f 1202/1202 1201/1201 1203/1203
f 1202/1202 1203/1203 1204/1204
f 1202/1202 1204/1204 1139/1139
f 1202/1202 1139/1139 1137/1137
f 1204/1204 1203/1203 1205/1205
f 1204/1204 1205/1205 1206/1206
f 1204/1204 1206/1206 1141/1141
f 1204/1204 1141/1141 1139/1139
f 1206/1206 1205/1205 1207/1207
f 1206/1206 1207/1207 1208/1208
f 1206/1206 1208/1208 1143/1143
f 1206/1206 1143/1143 1141/1141
f 1208/1208 1207/1207 1209/1209
f 1208/1208 1209/1209 1148/1148
f 1208/1208 1148/1148 1145/1145
f 1208/1208 1145/1145 1143/1143
f 1209/1209 1207/1207 1210/1210
f 1209/1209 1210/1210 1211/1211
f 1209/1209 1211/1211 1212/1212
f 1209/1209 1212/1212 1151/1151
f 1209/1209 1151/1151 1149/1149
f 1209/1209 1149/1149 1148/1148
f 1212/1212 1211/1211 1213/1213
f 1212/1212 1213/1213 1214/1214
f 1212/1212 1214/1214 1215/1215
f 1212/1212 1215/1215 1216/1216
f 1212/1212 1216/1216 1152/1152
f 1212/1212 1152/1152 1151/1151
f 1216/1216 1215/1215 1217/1217
f 1216/1216 1217/1217 1218/1218
f 1216/1216 1218/1218 1153/1153
f 1216/1216 1153/1153 1152/1152
f 1218/1218 1217/1217 1219/1219
f 1218/1218 1219/1219 1220/1220
f 1218/1218 1220/1220 1155/1155
f 1218/1218 1155/1155 1153/1153
f 1220/1220 1219/1219 1221/1221
f 1220/1220 1221/1221 1222/1222
f 1220/1220 1222/1222 1157/1157
f 1220/1220 1157/1157 1155/1155
f 1222/1222 1221/1221 1223/1223
f 1222/1222 1223/1223 1224/1224
f 1222/1222 1224/1224 1159/1159
f 1222/1222 1159/1159 1157/1157
f 1224/1224 1223/1223 1225/1225
f 1224/1224 1225/1225 1226/1226
f 1224/1224 1226/1226 1161/1161
f 1224/1224 1161/1161 1159/1159
f 1226/1226 1225/1225 1227/1227
f 1226/1226 1227/1227 1228/1228
f 1226/1226 1228/1228 1163/1163
f 1226/1226 1163/1163 1161/1161
f 1228/1228 1227/1227 1229/1229
f 1228/1228 1229/1229 1230/1230
f 1228/1228 1230/1230 1165/1165
f 1228/1228 1165/1165 1163/1163
f 1230/1230 1229/1229 1231/1231
f 1230/1230 1231/1231 1232/1232
f 1230/1230 1232/1232 1167/1167
f 1230/1230 1167/1167 1165/1165
f 1232/1232 1231/1231 1233/1233
f 1232/1232 1233/1233 1234/1234
f 1232/1232 1234/1234 1169/1169
f 1232/1232 1169/1169 1167/1167
f 1234/1234 1233/1233 1235/1235
f 1234/1234 1235/1235 1238/1238
f 1234/1234 1238/1238 1171/1171
f 1234/1234 1171/1171 1169/1169
f 1237/1237 1236/1236 1239/1239
f 1237/1237 1239/1239 1240/1240
f 1237/1237 1240/1240 1175/1175
f 1237/1237 1175/1175 1172/1172
f 1240/1240 1239/1239 1241/1241
f 1240/1240 1241/1241 1242/1242
f 1240/1240 1242/1242 1177/1177
f 1240/1240 1177/1177 1175/1175
f 1242/1242 1241/1241 1243/1243
f 1242/1242 1243/1243 1244/1244
f 1242/1242 1244/1244 1179/1179
f 1242/1242 1179/1179 1177/1177
f 1244/1244 1243/1243 1245/1245
f 1244/1244 1245/1245 1246/1246
f 1244/1244 1246/1246 1181/1181
f 1244/1244 1181/1181 1179/1179
f 1246/1246 1245/1245 1247/1247
f 1246/1246 1247/1247 1248/1248
f 1246/1246 1248/1248 1183/1183
f 1246/1246 1183/1183 1181/1181
f 1248/1248 1247/1247 1249/1249
f 1248/1248 1249/1249 1250/1250
f 1248/1248 1250/1250 1185/1185
f 1248/1248 1185/1185 1183/1183
f 1250/1250 1249/1249 1251/1251
f 1250/1250 1251/1251 1252/1252
f 1250/1250 1252/1252 1187/1187
f 1250/1250 1187/1187 1185/1185
f 1252/1252 1251/1251 1253/1253
f 1252/1252 1253/1253 1254/1254
f 1252/1252 1254/1254 1189/1189
f 1252/1252 1189/1189 1187/1187
f 1254/1254 1253/1253 1255/1255
f 1254/1254 1255/1255 1256/1256
f 1254/1254 1256/1256 1191/1191
f 1254/1254 1191/1191 1189/1189
f 1256/1256 1255/1255 1257/1257
f 1256/1256 1257/1257 1258/1258
f 1256/1256 1258/1258 1193/1193
f 1256/1256 1193/1193 1191/1191
f 1258/1258 1257/1257 1259/1259
f 1258/1258 1259/1259 1260/1260
f 1258/1258 1260/1260 1195/1195
f 1258/1258 1195/1195 1193/1193
f 1260/1260 1259/1259 1261/1261
f 1260/1260 1261/1261 1262/1262
f 1260/1260 1262/1262 1197/1197
f 1260/1260 1197/1197 1195/1195
f 1262/1262 1261/1261 1263/1263
f 1262/1262 1263/1263 1264/1264
f 1262/1262 1264/1264 1199/1199
f 1262/1262 1199/1199 1197/1197
f 1264/1264 1263/1263 1265/1265
f 1264/1264 1265/1265 1266/1266
f 1264/1264 1266/1266 1201/1201
f 1264/1264 1201/1201 1199/1199
f 1266/1266 1265/1265 1267/1267
f 1266/1266 1267/1267 1268/1268
f 1266/1266 1268/1268 1203/1203
f 1266/1266 1203/1203 1201/1201
f 1268/1268 1267/1267 1269/1269
f 1268/1268 1269/1269 1270/1270
f 1268/1268 1270/1270 1205/1205
f 1268/1268 1205/1205 1203/1203
f 1270/1270 1269/1269 1271/1271
f 1270/1270 1271/1271 1210/1210
f 1270/1270 1210/1210 1207/1207
f 1270/1270 1207/1207 1205/1205
f 1271/1271 1269/1269 1272/1272
f 1271/1271 1272/1272 1273/1273
f 1271/1271 1273/1273 1274/1274
f 1271/1271 1274/1274 1213/1213
f 1271/1271 1213/1213 1211/1211
f 1271/1271 1211/1211 1210/1210
f 1274/1274 1273/1273 1275/1275
f 1274/1274 1275/1275 1276/1276
f 1274/1274 1276/1276 1277/1277
f 1274/1274 1277/1277 1278/1278
f 1274/1274 1278/1278 1214/1214
f 1274/1274 1214/1214 1213/1213
f 1278/1278 1277/1277 1279/1279
f 1278/1278 1279/1279 1280/1280
f 1278/1278 1280/1280 1215/1215
f 1278/1278 1215/1215 1214/1214
f 1280/1280 1279/1279 1281/1281
f 1280/1280 1281/1281 1282/1282
f 1280/1280 1282/1282 1217/1217
f 1280/1280 1217/1217 1215/1215
f 1282/1282 1281/1281 1283/1283
f 1282/1282 1283/1283 1284/1284
f 1282/1282 1284/1284 1219/1219
f 1282/1282 1219/1219 1217/1217
f 1284/1284 1283/1283 1285/1285
f 1284/1284 1285/1285 1286/1286
f 1284/1284 1286/1286 1221/1221
f 1284/1284 1221/1221 1219/1219
f 1286/1286 1285/1285 1287/1287
f 1286/1286 1287/1287 1288/1288
f 1286/1286 1288/1288 1223/1223
f 1286/1286 1223/1223 1221/1221
f 1288/1288 1287/1287 1289/1289
f 1288/1288 1289/1289 1290/1290
f 1288/1288 1290/1290 1225/1225
f 1288/1288 1225/1225 1223/1223
f 1290/1290 1289/1289 1291/1291
f 1290/1290 1291/1291 1292/1292
f 1290/1290 1292/1292 1227/1227
f 1290/1290 1227/1227 1225/1225
f 1292/1292 1291/1291 1293/1293
f 1292/1292 1293/1293 1294/1294
f 1292/1292 1294/1294 1229/1229
f 1292/1292 1229/1229 1227/1227
f 1294/1294 1293/1293 1295/1295
f 1294/1294 1295/1295 1296/1296
f 1294/1294 1296/1296 1231/1231
f 1294/1294 1231/1231 1229/1229
f 1296/1296 1295/1295 1297/1297
f 1296/1296 1297/1297 1298/1298
f 1296/1296 1298/1298 1233/1233
f 1296/1296 1233/1233 1231/1231
f 1298/1298 1297/1297 1299/1299
f 1298/1298 1299/1299 1301/1301
f 1298/1298 1301/1301 1235/1235
f 1298/1298 1235/1235 1233/1233
f 1302/1302 1300/1300 1303/1303
f 1302/1302 1303/1303 1304/1304
f 1302/1302 1304/1304 1239/1239
f 1302/1302 1239/1239 1236/1236
f 1304/1304 1303/1303 1305/1305
f 1304/1304 1305/1305 1306/1306
f 1304/1304 1306/1306 1241/1241
f 1304/1304 1241/1241 1239/1239
f 1306/1306 1305/1305 1307/1307
f 1306/1306 1307/1307 1308/1308
f 1306/1306 1308/1308 1243/1243
f 1306/1306 1243/1243 1241/1241
f 1308/1308 1307/1307 1309/1309
f 1308/1308 1309/1309 1310/1310
f 1308/1308 1310/1310 1245/1245
f 1308/1308 1245/1245 1243/1243
f 1310/1310 1309/1309 1311/1311
f 1310/1310 1311/1311 1312/1312
f 1310/1310 1312/1312 1247/1247
f 1310/1310 1247/1247 1245/1245
f 1312/1312 1311/1311 1313/1313
f 1312/1312 1313/1313 1314/1314
f 1312/1312 1314/1314 1249/1249
f 1312/1312 1249/1249 1247/1247
f 1314/1314 1313/1313 1315/1315
f 1314/1314 1315/1315 1316/1316
f 1314/1314 1316/1316 1251/1251
f 1314/1314 1251/1251 1249/1249
f 1316/1316 1315/1315 1317/1317
f 1316/1316 1317/1317 1318/1318
f 1316/1316 1318/1318 1253/1253
f 1316/1316 1253/1253 1251/1251
f 1318/1318 1317/1317 1319/1319
f 1318/1318 1319/1319 1320/1320
f 1318/1318 1320/1320 1255/1255
f 1318/1318 1255/1255 1253/1253
f 1320/1320 1319/1319 1321/1321
f 1320/1320 1321/1321 1322/1322
f 1320/1320 1322/1322 1257/1257
f 1320/1320 1257/1257 1255/1255
f 1322/1322 1321/1321 1323/1323
f 1322/1322 1323/1323 1324/1324
f 1322/1322 1324/1324 1259/1259
f 1322/1322 1259/1259 1257/1257
f 1324/1324 1323/1323 1325/1325
f 1324/1324 1325/1325 1326/1326
f 1324/1324 1326/1326 1261/1261
f 1324/1324 1261/1261 1259/1259
f 1326/1326 1325/1325 1327/1327
f 1326/1326 1327/1327 1328/1328
f 1326/1326 1328/1328 1263/1263
f 1326/1326 1263/1263 1261/1261
f 1328/1328 1327/1327 1329/1329
f 1328/1328 1329/1329 1330/1330
f 1328/1328 1330/1330 1265/1265
f 1328/1328 1265/1265 1263/1263
f 1330/1330 1329/1329 1331/1331
f 1330/1330 1331/1331 1332/1332
f 1330/1330 1332/1332 1267/1267
f 1330/1330 1267/1267 1265/1265
f 1332/1332 1331/1331 1333/1333
f 1332/1332 1333/1333 1272/1272
f 1332/1332 1272/1272 1269/1269
f 1332/1332 1269/1269 1267/1267
f 1333/1333 1331/1331 1334/1334
f 1333/1333 1334/1334 1335/1335
f 1333/1333 1335/1335 1336/1336
f 1333/1333 1336/1336 1275/1275
f 1333/1333 1275/1275 1273/1273
f 1333/1333 1273/1273 1272/1272
f 1336/1336 1335/1335 1337/1337
f 1336/1336 1337/1337 1338/1338
f 1336/1336 1338/1338 1339/1339
f 1336/1336 1339/1339 1340/1340
f 1336/1336 1340/1340 1276/1276
f 1336/1336 1276/1276 1275/1275
f 1340/1340 1339/1339 1341/1341
f 1340/1340 1341/1341 1342/1342
f 1340/1340 1342/1342 1277/1277
f 1340/1340 1277/1277 1276/1276
f 1342/1342 1341/1341 1343/1343
f 1342/1342 1343/1343 1344/1344
f 1342/1342 1344/1344 1279/1279
f 1342/1342 1279/1279 1277/1277
f 1344/1344 1343/1343 1345/1345
f 1344/1344 1345/1345 1346/1346
f 1344/1344 1346/1346 1281/1281
f 1344/1344 1281/1281 1279/1279
f 1346/1346 1345/1345 1347/1347
f 1346/1346 1347/1347 1348/1348
f 1346/1346 1348/1348 1283/1283
f 1346/1346 1283/1283 1281/1281
f 1348/1348 1347/1347 1349/1349
f 1348/1348 1349/1349 1350/1350
f 1348/1348 1350/1350 1285/1285
f 1348/1348 1285/1285 1283/1283
f 1350/1350 1349/1349 1351/1351
f 1350/1350 1351/1351 1352/1352
f 1350/1350 1352/1352 1287/1287
f 1350/1350 1287/1287 1285/1285
f 1352/1352 1351/1351 1353/1353
f 1352/1352 1353/1353 1354/1354
f 1352/1352 1354/1354 1289/1289
f 1352/1352 1289/1289 1287/1287
f 1354/1354 1353/1353 1355/1355
f 1354/1354 1355/1355 1356/1356
f 1354/1354 1356/1356 1291/1291
f 1354/1354 1291/1291 1289/1289
f 1356/1356 1355/1355 1357/1357
f 1356/1356 1357/1357 1358/1358
f 1356/1356 1358/1358 1293/1293
f 1356/1356 1293/1293 1291/1291
f 1358/1358 1357/1357 1359/1359
f 1358/1358 1359/1359 1360/1360
f 1358/1358 1360/1360 1295/1295
f 1358/1358 1295/1295 1293/1293
f 1360/1360 1359/1359 1361/1361
f 1360/1360 1361/1361 1362/1362
f 1360/1360 1362/1362 1297/1297
f 1360/1360 1297/1297 1295/1295
f 1362/1362 1361/1361 1363/1363
f 1362/1362 1363/1363 1366/1366
f 1362/1362 1366/1366 1299/1299
f 1362/1362 1299/1299 1297/1297
f 1365/1365 1364/1364 1367/1367
f 1365/1365 1367/1367 1368/1368
f 1365/1365 1368/1368 1303/1303
f 1365/1365 1303/1303 1300/1300
f 1368/1368 1367/1367 1369/1369
f 1368/1368 1369/1369 1370/1370
f 1368/1368 1370/1370 1305/1305
f 1368/1368 1305/1305 1303/1303
f 1370/1370 1369/1369 1371/1371
f 1370/1370 1371/1371 1372/1372
f 1370/1370 1372/1372 1307/1307
f 1370/1370 1307/1307 1305/1305
f 1372/1372 1371/1371 1373/1373
f 1372/1372 1373/1373 1374/1374
f 1372/1372 1374/1374 1309/1309
f 1372/1372 1309/1309 1307/1307
f 1374/1374 1373/1373 1375/1375
f 1374/1374 1375/1375 1376/1376
f 1374/1374 1376/1376 1311/1311
f 1374/1374 1311/1311 1309/1309
f 1376/1376 1375/1375 1377/1377
f 1376/1376 1377/1377 1378/1378
f 1376/1376 1378/1378 1313/1313
f 1376/1376 1313/1313 1311/1311
f 1378/1378 1377/1377 1379/1379
f 1378/1378 1379/1379 1380/1380
f 1378/1378 1380/1380 1315/1315
f 1378/1378 1315/1315 1313/1313
f 1380/1380 1379/1379 1381/1381
f 1380/1380 1381/1381 1382/1382
f 1380/1380 1382/1382 1317/1317
f 1380/1380 1317/1317 1315/1315
f 1382/1382 1381/1381 1383/1383
f 1382/1382 1383/1383 1384/1384
f 1382/1382 1384/1384 1319/1319
f 1382/1382 1319/1319 1317/1317
f 1384/1384 1383/1383 1385/1385
f 1384/1384 1385/1385 1386/1386
f 1384/1384 1386/1386 1321/1321
f 1384/1384 1321/1321 1319/1319
f 1386/1386 1385/1385 1387/1387
f 1386/1386 1387/1387 1388/1388
f 1386/1386 1388/1388 1323/1323
f 1386/1386 1323/1323 1321/1321
f 1388/1388 1387/1387 1389/1389
f 1388/1388 1389/1389 1390/1390
f 1388/1388 1390/1390 1325/1325
f 1388/1388 1325/1325 1323/1323
f 1390/1390 1389/1389 1391/1391
f 1390/1390 1391/1391 1392/1392
f 1390/1390 1392/1392 1327/1327
f 1390/1390 1327/1327 1325/1325
f 1392/1392 1391/1391 1393/1393
f 1392/1392 1393/1393 1394/1394
f 1392/1392 1394/1394 1329/1329
f 1392/1392 1329/1329 1327/1327
f 1394/1394 1393/1393 1395/1395
f 1394/1394 1395/1395 1334/1334
f 1394/1394 1334/1334 1331/1331
f 1394/1394 1331/1331 1329/1329
f 1395/1395 1393/1393 1396/1396
f 1395/1395 1396/1396 1397/1397
f 1395/1395 1397/1397 1398/1398
f 1395/1395 1398/1398 1337/1337
f 1395/1395 1337/1337 1335/1335
f 1395/1395 1335/1335 1334/1334
f 1398/1398 1397/1397 1399/1399
f 1398/1398 1399/1399 1400/1400
f 1398/1398 1400/1400 1401/1401
f 1398/1398 1401/1401 1402/1402
f 1398/1398 1402/1402 1338/1338
f 1398/1398 1338/1338 1337/1337
f 1402/1402 1401/1401 1403/1403
f 1402/1402 1403/1403 1404/1404
f 1402/1402 1404/1404 1339/1339
f 1402/1402 1339/1339 1338/1338
f 1404/1404 1403/1403 1405/1405
f 1404/1404 1405/1405 1406/1406
f 1404/1404 1406/1406 1341/1341
f 1404/1404 1341/1341 1339/1339
f 1406/1406 1405/1405 1407/1407
f 1406/1406 1407/1407 1408/1408
f 1406/1406 1408/1408 1343/1343
f 1406/1406 1343/1343 1341/1341
f 1408/1408 1407/1407 1409/1409
f 1408/1408 1409/1409 1410/1410
f 1408/1408 1410/1410 1345/1345
f 1408/1408 1345/1345 1343/1343
f 1410/1410 1409/1409 1411/1411
f 1410/1410 1411/1411 1412/1412
f 1410/1410 1412/1412 1347/1347
f 1410/1410 1347/1347 1345/1345
f 1412/1412 1411/1411 1413/1413
f 1412/1412 1413/1413 1414/1414
f 1412/1412 1414/1414 1349/1349
f 1412/1412 1349/1349 1347/1347
f 1414/1414 1413/1413 1415/1415
f 1414/1414 1415/1415 1416/1416
f 1414/1414 1416/1416 1351/1351
f 1414/1414 1351/1351 1349/1349
f 1416/1416 1415/1415 1417/1417
f 1416/1416 1417/1417 1418/1418
f 1416/1416 1418/1418 1353/1353
f 1416/1416 1353/1353 1351/1351
f 1418/1418 1417/1417 1419/1419
f 1418/1418 1419/1419 1420/1420
f 1418/1418 1420/1420 1355/1355
f 1418/1418 1355/1355 1353/1353
f 1420/1420 1419/1419 1421/1421
f 1420/1420 1421/1421 1422/1422
f 1420/1420 1422/1422 1357/1357
f 1420/1420 1357/1357 1355/1355
f 1422/1422 1421/1421 1423/1423
f 1422/1422 1423/1423 1424/1424
f 1422/1422 1424/1424 1359/1359
f 1422/1422 1359/1359 1357/1357
f 1424/1424 1423/1423 1425/1425
f 1424/1424 1425/1425 1426/1426
f 1424/1424 1426/1426 1361/1361
f 1424/1424 1361/1361 1359/1359
f 1426/1426 1425/1425 1428/1428
f 1426/1426 1428/1428 1429/1429
f 1426/1426 1429/1429 1363/1363
f 1426/1426 1363/1363 1361/1361
f 1430/1430 1427/1427 1431/1431
f 1430/1430 1431/1431 1432/1432
f 1430/1430 1432/1432 1367/1367
f 1430/1430 1367/1367 1364/1364
f 1432/1432 1431/1431 1433/1433
f 1432/1432 1433/1433 1434/1434
f 1432/1432 1434/1434 1369/1369
f 1432/1432 1369/1369 1367/1367
f 1434/1434 1433/1433 1435/1435
f 1434/1434 1435/1435 1436/1436
f 1434/1434 1436/1436 1371/1371
f 1434/1434 1371/1371 1369/1369
f 1436/1436 1435/1435 1437/1437
f 1436/1436 1437/1437 1438/1438
f 1436/1436 1438/1438 1373/1373
f 1436/1436 1373/1373 1371/1371
f 1438/1438 1437/1437 1439/1439
f 1438/1438 1439/1439 1440/1440
f 1438/1438 1440/1440 1375/1375
f 1438/1438 1375/1375 1373/1373
f 1440/1440 1439/1439 1441/1441
f 1440/1440 1441/1441 1442/1442
f 1440/1440 1442/1442 1377/1377
f 1440/1440 1377/1377 1375/1375
f 1442/1442 1441/1441 1443/1443
f 1442/1442 1443/1443 1444/1444
f 1442/1442 1444/1444 1379/1379
f 1442/1442 1379/1379 1377/1377
f 1444/1444 1443/1443 1445/1445
f 1444/1444 1445/1445 1446/1446
f 1444/1444 1446/1446 1381/1381
f 1444/1444 1381/1381 1379/1379
f 1446/1446 1445/1445 1447/1447
f 1446/1446 1447/1447 1448/1448
f 1446/1446 1448/1448 1383/1383
f 1446/1446 1383/1383 1381/1381
f 1448/1448 1447/1447 1449/1449
f 1448/1448 1449/1449 1450/1450
f 1448/1448 1450/1450 1385/1385
f 1448/1448 1385/1385 1383/1383
f 1450/1450 1449/1449 1451/1451
f 1450/1450 1451/1451 1452/1452
f 1450/1450 1452/1452 1387/1387
f 1450/1450 1387/1387 1385/1385
f 1452/1452 1451/1451 1453/1453
f 1452/1452 1453/1453 1454/1454
f 1452/1452 1454/1454 1389/1389
f 1452/1452 1389/1389 1387/1387
f 1454/1454 1453/1453 1455/1455
f 1454/1454 1455/1455 1456/1456
f 1454/1454 1456/1456 1391/1391
f 1454/1454 1391/1391 1389/1389
f 1456/1456 1455/1455 1457/1457
f 1456/1456 1457/1457 1396/1396
f 1456/1456 1396/1396 1393/1393
f 1456/1456 1393/1393 1391/1391
f 1457/1457 1455/1455 13/13
f 1457/1457 13/13 1458/1458
f 1457/1457 1458/1458 1459/1459
f 1457/1457 1459/1459 1399/1399
f 1457/1457 1399/1399 1397/1397
f 1457/1457 1397/1397 1396/1396
f 1459/1459 1458/1458 1460/1460
f 1459/1459 1460/1460 1461/1461
f 1459/1459 1461/1461 1462/1462
f 1459/1459 1462/1462 1463/1463
f 1459/1459 1463/1463 1400/1400
f 1459/1459 1400/1400 1399/1399
f 1463/1463 1462/1462 23/23
f 1463/1463 23/23 22/22
f 1463/1463 22/22 1401/1401
f 1463/1463 1401/1401 1400/1400
f 1462/1462 1461/1461 1464/1464
f 1462/1462 1464/1464 1465/1465
f 1462/1462 1465/1465 1466/1466
f 1462/1462 1466/1466 23/23
f 1466/1466 1467/1467 24/24
f 1466/1466 24/24 23/23
f 1466/1466 1465/1465 1468/1468
f 1466/1466 1468/1468 1469/1469
f 1466/1466 1469/1469 1470/1470
f 1466/1466 1470/1470 1467/1467
f 1470/1470 1409/1409 1407/1407
f 1470/1470 1407/1407 1467/1467
f 1470/1470 1469/1469 1471/1471
f 1470/1470 1471/1471 1472/1472
f 1470/1470 1472/1472 1411/1411
f 1470/1470 1411/1411 1409/1409
f 1472/1472 1471/1471 1473/1473
f 1472/1472 1473/1473 1474/1474
f 1472/1472 1474/1474 1413/1413
f 1472/1472 1413/1413 1411/1411
f 1474/1474 1473/1473 1475/1475
f 1474/1474 1475/1475 1476/1476
f 1474/1474 1476/1476 1415/1415
f 1474/1474 1415/1415 1413/1413
f 1476/1476 1475/1475 1477/1477
f 1476/1476 1477/1477 1478/1478
f 1476/1476 1478/1478 1417/1417
f 1476/1476 1417/1417 1415/1415
f 1478/1478 1477/1477 1479/1479
f 1478/1478 1479/1479 1480/1480
f 1478/1478 1480/1480 1419/1419
f 1478/1478 1419/1419 1417/1417
f 1480/1480 1479/1479 16/16
f 1480/1480 16/16 1481/1481
f 1480/1480 1481/1481 1421/1421
f 1480/1480 1421/1421 1419/1419
f 1481/1481 16/16 15/15
f 1481/1481 15/15 1482/1482
f 1481/1481 1482/1482 1423/1423
f 1481/1481 1423/1423 1421/1421
f 1482/1482 15/15 19/19
f 1482/1482 19/19 1483/1483
f 1482/1482 1483/1483 1425/1425
f 1482/1482 1425/1425 1423/1423
f 1483/1483 19/19 1484/1484
f 1483/1483 1484/1484 1486/1486
f 1483/1483 1486/1486 1428/1428
f 1483/1483 1428/1428 1425/1425
f 1487/1487 1485/1485 5/5
f 1487/1487 5/5 1488/1488
f 1487/1487 1488/1488 1431/1431
f 1487/1487 1431/1431 1427/1427
f 1488/1488 5/5 1/1
f 1488/1488 1/1 4/4
f 1488/1488 4/4 1433/1433
f 1488/1488 1433/1433 1431/1431
f 1484/1484 19/19 18/18
f 1484/1484 18/18 1489/1489
f 1485/1485 1490/1490 6/6
f 1485/1485 6/6 5/5
f 1489/1489 18/18 20/20
f 1489/1489 20/20 1491/1491
f 1490/1490 1492/1492 1493/1493
f 1490/1490 1493/1493 6/6
f 1493/1493 1494/1494 2/2
f 1493/1493 2/2 6/6
f 1493/1493 1492/1492 1496/1496
f 1493/1493 1496/1496 1497/1497
f 1493/1493 1497/1497 1498/1498
f 1493/1493 1498/1498 1494/1494
f 1498/1498 1499/1499 1500/1500
f 1498/1498 1500/1500 1494/1494
f 1498/1498 1497/1497 1501/1501
f 1498/1498 1501/1501 1502/1502
f 1498/1498 1502/1502 1503/1503
f 1498/1498 1503/1503 1499/1499
f 1503/1503 1441/1441 1439/1439
f 1503/1503 1439/1439 1499/1499
f 1503/1503 1502/1502 1504/1504
f 1503/1503 1504/1504 1505/1505
f 1503/1503 1505/1505 1443/1443
f 1503/1503 1443/1443 1441/1441
f 1505/1505 1504/1504 1506/1506
f 1505/1505 1506/1506 1507/1507
f 1505/1505 1507/1507 1445/1445
f 1505/1505 1445/1445 1443/1443
f 1507/1507 1506/1506 1508/1508
f 1507/1507 1508/1508 1509/1509
f 1507/1507 1509/1509 1447/1447
f 1507/1507 1447/1447 1445/1445
f 1509/1509 1508/1508 1510/1510
f 1509/1509 1510/1510 1511/1511
f 1509/1509 1511/1511 1449/1449
f 1509/1509 1449/1449 1447/1447
f 1511/1511 1510/1510 10/10
f 1511/1511 10/10 9/9
f 1511/1511 9/9 1451/1451
f 1511/1511 1451/1451 1449/1449
f 1510/1510 1508/1508 1512/1512
f 1510/1510 1512/1512 1513/1513
f 1510/1510 1513/1513 11/11
f 1510/1510 11/11 10/10
f 1513/1513 1512/1512 1515/1515
f 1513/1513 1515/1515 1517/1517
f 1513/1513 1517/1517 1518/1518
f 1513/1513 1518/1518 11/11
f 1519/1519 1516/1516 1520/1520
f 1519/1519 1520/1520 1464/1464
f 1519/1519 1464/1464 1461/1461
f 1519/1519 1461/1461 1460/1460
f 1518/1518 1460/1460 12/12
f 1518/1518 12/12 11/11
f 1520/1520 1516/1516 1514/1514
f 1520/1520 1514/1514 1521/1521
f 1520/1520 1521/1521 1522/1522
f 1520/1520 1522/1522 1468/1468
f 1520/1520 1468/1468 1465/1465
f 1520/1520 1465/1465 1464/1464
f 1522/1522 1521/1521 1523/1523
f 1522/1522 1523/1523 1524/1524
f 1522/1522 1524/1524 1473/1473
f 1522/1522 1473/1473 1471/1471
f 1522/1522 1471/1471 1469/1469
f 1522/1522 1469/1469 1468/1468
f 1524/1524 1523/1523 1525/1525
f 1524/1524 1525/1525 1526/1526
f 1524/1524 1526/1526 1475/1475
f 1524/1524 1475/1475 1473/1473
f 1526/1526 1525/1525 1527/1527
f 1526/1526 1527/1527 1528/1528
f 1526/1526 1528/1528 1477/1477
f 1526/1526 1477/1477 1475/1475
f 1528/1528 1527/1527 1529/1529
f 1528/1528 1529/1529 1530/1530
f 1528/1528 1530/1530 1479/1479
f 1528/1528 1479/1479 1477/1477
f 1530/1530 1529/1529 20/20
f 1530/1530 20/20 17/17
f 1530/1530 17/17 16/16
f 1530/1530 16/16 1479/1479
f 1529/1529 1495/1495 1491/1491
f 1529/1529 1491/1491 20/20
f 1529/1529 1527/1527 1532/1532
f 1529/1529 1532/1532 1495/1495
f 1531/1531 1501/1501 1497/1497
f 1531/1531 1497/1497 1496/1496
f 1532/1532 1527/1527 1525/1525
f 1532/1532 1525/1525 1534/1534
f 1531/1531 1533/1533 1535/1535
f 1531/1531 1535/1535 1501/1501
f 1535/1535 1504/1504 1502/1502
f 1535/1535 1502/1502 1501/1501
f 1535/1535 1533/1533 1537/1537
f 1535/1535 1537/1537 1538/1538
f 1535/1535 1538/1538 1506/1506
f 1535/1535 1506/1506 1504/1504
f 1538/1538 1537/1537 1515/1515
f 1538/1538 1515/1515 1512/1512
f 1538/1538 1512/1512 1508/1508
f 1538/1538 1508/1508 1506/1506
f 1536/1536 1534/1534 1525/1525
f 1536/1536 1525/1525 1523/1523
f 1536/1536 1523/1523 1521/1521
f 1536/1536 1521/1521 1514/1514
f 1500/1500 1437/1437 1435/1435
f 1500/1500 1435/1435 3/3
f 1500/1500 3/3 2/2
f 1500/1500 2/2 1494/1494
f 1500/1500 1499/1499 1439/1439
f 1500/1500 1439/1439 1437/1437
f 1467/1467 1407/1407 1405/1405
f 1467/1467 1405/1405 24/24
f 1460/1460 1458/1458 13/13
f 1460/1460 13/13 12/12
f 1455/1455 1453/1453 8/8
f 1455/1455 8/8 13/13
f 1453/1453 1451/1451 9/9
f 1453/1453 9/9 8/8
f 1435/1435 1433/1433 4/4
f 1435/1435 4/4 3/3
f 1405/1405 1403/1403 21/21
f 1405/1405 21/21 24/24
f 1403/1403 1401/1401 22/22
f 1403/1403 22/22 21/21
f 956/956 954/954 1050/1050
f 956/956 1050/1050 959/959
f 882/882 799/799 797/797
f 882/882 797/797 28/28
f 797/797 795/795 25/25
f 797/797 25/25 28/28
f 795/795 793/793 26/26
f 795/795 26/26 25/25
f 29/29 30/30 1539/1539
f 30/30 31/31 1541/1541
f 31/31 34/34 1543/1543
f 33/33 36/36 1545/1545
f 36/36 38/38 1547/1547
f 38/38 40/40 1549/1549
f 40/40 42/42 1551/1551
f 42/42 44/44 1553/1553
f 44/44 46/46 1555/1555
f 46/46 48/48 1557/1557
f 48/48 50/50 1559/1559
f 50/50 52/52 1561/1561
f 52/52 54/54 1563/1563
f 54/54 55/55 1565/1565
f 55/55 56/56 1567/1567
f 56/56 57/57 1569/1569
f 57/57 58/58 1571/1571
f 58/58 59/59 1573/1573
f 59/59 60/60 1575/1575
f 60/60 61/61 1577/1577
f 61/61 62/62 1579/1579
f 62/62 64/64 1581/1581
f 63/63 65/65 1583/1583
f 65/65 66/66 1585/1585
f 66/66 67/67 1587/1587
f 67/67 68/68 1589/1589
f 69/69 70/70 1591/1591
f 70/70 71/71 1593/1593
f 71/71 29/29 1595/1595
f 68/68 133/133 1597/1597
f 133/133 135/135 1599/1599
f 135/135 137/137 1601/1601
f 137/137 139/139 1603/1603
f 139/139 141/141 1605/1605
f 141/141 143/143 1607/1607
f 143/143 145/145 1609/1609
f 145/145 147/147 1611/1611
f 147/147 149/149 1613/1613
f 149/149 151/151 1615/1615
f 151/151 152/152 1617/1617
f 152/152 153/153 1619/1619
f 153/153 69/69 1621/1621
f 1539/1539 1540/1540 29/29
f 1541/1541 1542/1542 30/30
f 1543/1543 1544/1544 31/31
f 1545/1545 1546/1546 33/33
f 1547/1547 1548/1548 36/36
f 1549/1549 1550/1550 38/38
f 1551/1551 1552/1552 40/40
f 1553/1553 1554/1554 42/42
f 1555/1555 1556/1556 44/44
f 1557/1557 1558/1558 46/46
f 1559/1559 1560/1560 48/48
f 1561/1561 1562/1562 50/50
f 1563/1563 1564/1564 52/52
f 1565/1565 1566/1566 54/54
f 1567/1567 1568/1568 55/55
f 1569/1569 1570/1570 56/56
f 1571/1571 1572/1572 57/57
f 1573/1573 1574/1574 58/58
f 1575/1575 1576/1576 59/59
f 1577/1577 1578/1578 60/60
f 1579/1579 1580/1580 61/61
f 1581/1581 1582/1582 62/62
f 1583/1583 1584/1584 63/63
f 1585/1585 1586/1586 65/65
f 1587/1587 1588/1588 66/66
f 1589/1589 1590/1590 67/67
f 1591/1591 1592/1592 69/69
f 1593/1593 1594/1594 70/70
f 1595/1595 1596/1596 71/71
f 1597/1597 1598/1598 68/68
f 1599/1599 1600/1600 133/133
f 1601/1601 1602/1602 135/135
f 1603/1603 1604/1604 137/137
f 1605/1605 1606/1606 139/139
f 1607/1607 1608/1608 141/141
f 1609/1609 1610/1610 143/143
f 1611/1611 1612/1612 145/145
f 1613/1613 1614/1614 147/147
f 1615/1615 1616/1616 149/149
f 1617/1617 1618/1618 151/151
f 1619/1619 1620/1620 152/152
f 1621/1621 1622/1622 153/153
f 29/29 1623/1623 1624/1624
f 34/34 1625/1625 1626/1626
f 33/33 1627/1627 1628/1628
f 36/36 1629/1629 1630/1630
f 38/38 1631/1631 1632/1632
f 40/40 1633/1633 1634/1634
f 42/42 1635/1635 1636/1636
f 44/44 1637/1637 1638/1638
f 46/46 1639/1639 1640/1640
f 48/48 1641/1641 1642/1642
f 50/50 1643/1643 1644/1644
f 52/52 1645/1645 1646/1646
f 54/54 1647/1647 1648/1648
f 54/54 1649/1649 1650/1650
f 56/56 1651/1651 1652/1652
f 57/57 1653/1653 1654/1654
f 58/58 1655/1655 1656/1656
f 59/59 1657/1657 1658/1658
f 60/60 1659/1659 1660/1660
f 61/61 1661/1661 1662/1662
f 62/62 1663/1663 1664/1664
f 64/64 1665/1665 1666/1666
f 65/65 1667/1667 1668/1668
f 66/66 1669/1669 1670/1670
f 67/67 1671/1671 1672/1672
f 68/68 1673/1673 1674/1674
f 69/69 1675/1675 1676/1676
f 71/71 1677/1677 1678/1678
f 71/71 1679/1679 1680/1680
f 133/133 1681/1681 1682/1682
f 133/133 1683/1683 1684/1684
f 135/135 1685/1685 1686/1686
f 137/137 1687/1687 1688/1688
f 139/139 1689/1689 1690/1690
f 141/141 1691/1691 1692/1692
f 143/143 1693/1693 1694/1694
f 145/145 1695/1695 1696/1696
f 147/147 1697/1697 1698/1698
f 149/149 1699/1699 1700/1700
f 151/151 1701/1701 1702/1702
f 151/151 1703/1703 1704/1704
f 69/69 1705/1705 1706/1706
usemtl pear_cut
f 1739/1739 1707/1707 1714/1714
f 1714/1714 1723/1723 1775/1775
f 1775/1775 1708/1708 1709/1709
f 1784/1784 1786/1786 1747/1747
f 1747/1747 1742/1742 1787/1787
f 1787/1787 1733/1733 1725/1725
f 1725/1725 1756/1756 1774/1774
f 1774/1774 1754/1754 1717/1717
f 1717/1717 1715/1715 1716/1716
f 1716/1716 1712/1712 1721/1721
f 1721/1721 1769/1769 1789/1789
f 1789/1789 1735/1735 1764/1764
f 1764/1764 1740/1740 1771/1771
f 1771/1771 1728/1728 1727/1727
f 1748/1748 1766/1766 1758/1758
f 1758/1758 1782/1782 1731/1731
f 1755/1755 1778/1778 1763/1763
f 1763/1763 1773/1773 1781/1781
f 1781/1781 1738/1738 1768/1768
f 1768/1768 1752/1752 1710/1710
f 1759/1759 1757/1757 1737/1737
f 1737/1737 1770/1770 1760/1760
f 1760/1760 1713/1713 1750/1750
f 1750/1750 1729/1729 1765/1765
f 1765/1765 1788/1788 1783/1783
f 1783/1783 1730/1730 1745/1745
f 1745/1745 1720/1720 1749/1749
f 1749/1749 1790/1790 1753/1753
f 1753/1753 1734/1734 1722/1722
f 1722/1722 1719/1719 1751/1751
f 1751/1751 1772/1772 1777/1777
f 1732/1732 1736/1736 1726/1726
f 1726/1726 1785/1785 1780/1780
f 1780/1780 1767/1767 1746/1746
f 1746/1746 1718/1718 1762/1762
f 1762/1762 1761/1761 1743/1743
f 1743/1743 1724/1724 1711/1711
f 1711/1711 1741/1741 1776/1776
f 1776/1776 1779/1779 1744/1744
f 1744/1744 1739/1739 1714/1714
f 1714/1714 1775/1775 1709/1709
f 1709/1709 1784/1784 1747/1747
f 1747/1747 1787/1787 1725/1725
f 1725/1725 1774/1774 1717/1717
f 1717/1717 1716/1716 1721/1721
f 1721/1721 1789/1789 1764/1764
f 1764/1764 1771/1771 1727/1727
f 1727/1727 1748/1748 1758/1758
f 1758/1758 1731/1731 1755/1755
f 1755/1755 1763/1763 1781/1781
f 1781/1781 1768/1768 1710/1710
f 1710/1710 1759/1759 1737/1737
f 1737/1737 1760/1760 1750/1750
f 1750/1750 1765/1765 1783/1783
f 1783/1783 1745/1745 1749/1749
f 1749/1749 1753/1753 1722/1722
f 1722/1722 1751/1751 1777/1777
f 1777/1777 1732/1732 1726/1726
f 1726/1726 1780/1780 1746/1746
f 1746/1746 1762/1762 1743/1743
f 1743/1743 1711/1711 1776/1776
f 1776/1776 1744/1744 1714/1714
f 1714/1714 1709/1709 1747/1747
f 1747/1747 1725/1725 1717/1717
f 1717/1717 1721/1721 1764/1764
f 1764/1764 1727/1727 1758/1758
f 1758/1758 1755/1755 1781/1781
f 1781/1781 1710/1710 1737/1737
f 1737/1737 1750/1750 1783/1783
f 1783/1783 1749/1749 1722/1722
f 1722/1722 1777/1777 1726/1726
f 1726/1726 1746/1746 1743/1743
f 1743/1743 1776/1776 1714/1714
f 1714/1714 1747/1747 1717/1717
f 1717/1717 1764/1764 1758/1758
f 1758/1758 1781/1781 1737/1737
f 1737/1737 1783/1783 1722/1722
f 1722/1722 1726/1726 1743/1743
f 1743/1743 1714/1714 1717/1717
f 1717/1717 1758/1758 1737/1737
f 1737/1737 1722/1722 1743/1743
f 1743/1743 1717/1717 1737/1737
