# generated
mtllib plum.mtl
o fruit_half
v 0.005100 -0.023142 0.020020
v -0.024618 0.005251 0.019252
v 0.008176 0.005030 -0.000621
v 0.013420 0.023412 0.017083
v 0.005442 -0.023175 0.020642
v 0.006004 -0.023119 0.019873
v 0.005308 -0.023153 0.019230
v 0.004330 -0.023292 0.019672
v 0.004469 -0.023306 0.020601
v -0.024615 0.005231 0.019764
v -0.024680 0.004534 0.019539
v -0.024656 0.004827 0.018881
v -0.024621 0.005343 0.018228
v -0.024582 0.005746 0.018892
v -0.024512 0.005967 0.019550
v 0.007854 0.004489 -0.000696
v 0.008624 0.004519 -0.000640
v 0.008745 0.005219 -0.000549
v 0.007755 0.005303 -0.000638
v 0.007096 0.004652 -0.000709
v 0.008461 0.005765 -0.000560
v 0.013319 0.023534 0.017470
v 0.012778 0.023805 0.017015
v 0.013039 0.023562 0.016611
v 0.013714 0.023213 0.017012
v 0.013794 0.023300 0.017634
v 0.013333 0.023308 0.016283
v 0.012483 0.023820 0.015924
v 0.012786 0.023517 0.015506
v 0.013093 0.023179 0.015131
v 0.013639 0.023036 0.015984
v 0.014041 0.022973 0.016836
v 0.013963 0.022718 0.015683
v 0.014382 0.022695 0.016610
v 0.014578 0.022772 0.017496
v 0.014200 0.023045 0.017612
v 0.014578 0.022956 0.018292
v 0.014121 0.023213 0.018296
v 0.013629 0.023478 0.018191
v 0.013901 0.023425 0.018925
v 0.013367 0.023717 0.018729
v 0.012792 0.024005 0.018417
v 0.013080 0.023755 0.017925
v 0.012192 0.024290 0.017965
v 0.012494 0.024064 0.017469
v 0.011600 0.024591 0.017403
v 0.011897 0.024361 0.016877
v 0.012193 0.024104 0.016383
v 0.011306 0.024653 0.016206
v 0.011601 0.024374 0.015670
v 0.011891 0.024050 0.015177
v 0.010948 0.024525 0.014936
v 0.011261 0.024195 0.014403
v 0.011599 0.023844 0.013908
v 0.012203 0.023713 0.014718
v 0.011967 0.023485 0.013445
v 0.012536 0.023357 0.014293
v 0.012360 0.023093 0.013018
v 0.012882 0.022969 0.013905
v 0.013435 0.022843 0.014780
v 0.013250 0.022555 0.013559
v 0.013775 0.022462 0.014465
v 0.014314 0.022403 0.015395
v 0.014158 0.022089 0.014171
v 0.014676 0.022070 0.015133
v 0.015116 0.022083 0.016148
v 0.014759 0.022395 0.016372
v 0.015371 0.022219 0.017160
v 0.014978 0.022510 0.017333
v 0.015440 0.022371 0.018132
v 0.015009 0.022670 0.018230
v 0.015392 0.022577 0.019032
v 0.014907 0.022873 0.019054
v 0.014419 0.023162 0.019023
v 0.014724 0.023096 0.019835
v 0.014194 0.023394 0.019725
v 0.013645 0.023677 0.019546
v 0.013930 0.023626 0.020405
v 0.013353 0.023898 0.020177
v 0.012771 0.024169 0.019884
v 0.013067 0.023941 0.019291
v 0.012188 0.024447 0.019519
v 0.012486 0.024229 0.018946
v 0.011602 0.024722 0.019076
v 0.011891 0.024503 0.018497
v 0.011003 0.024984 0.018563
v 0.011304 0.024801 0.017963
v 0.010395 0.025248 0.017997
v 0.010703 0.025086 0.017368
v 0.011002 0.024880 0.016774
v 0.010069 0.025324 0.016739
v 0.010358 0.025089 0.016111
v 0.010657 0.024838 0.015504
v 0.009681 0.025228 0.015425
v 0.009972 0.024929 0.014787
v 0.010282 0.024614 0.014176
v 0.009291 0.024968 0.014035
v 0.009618 0.024628 0.013388
v 0.009982 0.024274 0.012778
v 0.010616 0.024268 0.013606
v 0.010373 0.023888 0.012220
v 0.010986 0.023905 0.013077
v 0.010779 0.023461 0.011711
v 0.011384 0.023520 0.012584
v 0.011192 0.022971 0.011272
v 0.011800 0.023097 0.012135
v 0.011623 0.022448 0.010888
v 0.012203 0.022586 0.011761
v 0.012745 0.022626 0.012652
v 0.012612 0.022030 0.011452
v 0.013125 0.022104 0.012351
v 0.013630 0.022105 0.013257
v 0.013564 0.021588 0.012091
v 0.014055 0.021644 0.013000
v 0.014561 0.021677 0.013928
v 0.014524 0.021175 0.012785
v 0.015008 0.021261 0.013715
v 0.015479 0.021333 0.014694
v 0.015053 0.021697 0.014907
v 0.015894 0.021397 0.015742
v 0.015495 0.021759 0.015936
v 0.016211 0.021527 0.016819
v 0.015779 0.021896 0.016986
v 0.016366 0.021708 0.017877
v 0.015892 0.022057 0.018009
v 0.016391 0.021896 0.018903
v 0.015892 0.022261 0.018980
v 0.016307 0.022104 0.019864
v 0.015798 0.022489 0.019896
v 0.015251 0.022797 0.019882
v 0.015610 0.022701 0.020756
v 0.015050 0.023024 0.020688
v 0.014488 0.023325 0.020573
v 0.014809 0.023226 0.021474
v 0.014228 0.023527 0.021308
v 0.013643 0.023815 0.021097
v 0.013940 0.023684 0.022055
v 0.013354 0.023989 0.021809
v 0.012753 0.024257 0.021518
v 0.013057 0.024095 0.020834
v 0.012176 0.024555 0.021182
v 0.012468 0.024364 0.020518
v 0.011594 0.024834 0.020797
v 0.011889 0.024646 0.020141
v 0.011017 0.025110 0.020349
v 0.011305 0.024912 0.019699
v 0.010420 0.025345 0.019853
v 0.010714 0.025174 0.019195
v 0.009815 0.025581 0.019324
v 0.010100 0.025408 0.018650
v 0.009181 0.025781 0.018770
v 0.009470 0.025639 0.018077
v 0.009769 0.025498 0.017397
v 0.008816 0.025849 0.017479
v 0.009105 0.025684 0.016777
v 0.009391 0.025474 0.016090
v 0.008400 0.025769 0.016126
v 0.008690 0.025548 0.015409
v 0.008984 0.025275 0.014712
v 0.007977 0.025517 0.014686
v 0.008291 0.025244 0.013956
v 0.008624 0.024947 0.013241
v 0.007599 0.025205 0.013168
v 0.007939 0.024867 0.012431
v 0.008296 0.024487 0.011725
v 0.008970 0.024592 0.012563
v 0.008664 0.024060 0.011070
v 0.009339 0.024207 0.011928
v 0.009055 0.023600 0.010491
v 0.009726 0.023770 0.011362
v 0.009469 0.023105 0.009987
v 0.010135 0.023301 0.010854
v 0.009926 0.022607 0.009528
v 0.010567 0.022802 0.010404
v 0.010406 0.022070 0.009131
v 0.011026 0.022275 0.010011
v 0.010907 0.021509 0.008781
v 0.011511 0.021730 0.009661
v 0.012072 0.021895 0.010558
v 0.011981 0.021115 0.009401
v 0.012526 0.021301 0.010299
v 0.013059 0.021468 0.011192
v 0.013048 0.020745 0.010058
v 0.013558 0.020925 0.010966
v 0.014062 0.021089 0.011863
v 0.014107 0.020400 0.010767
v 0.014588 0.020580 0.011674
v 0.015047 0.020721 0.012589
v 0.015160 0.020087 0.011500
v 0.015591 0.020246 0.012429
v 0.016009 0.020385 0.013379
v 0.015505 0.020846 0.013524
v 0.016412 0.020515 0.014367
v 0.015929 0.020934 0.014518
v 0.016760 0.020609 0.015412
v 0.016321 0.021021 0.015566
v 0.017078 0.020755 0.016489
v 0.016647 0.021157 0.016648
v 0.017284 0.020924 0.017583
v 0.016829 0.021319 0.017736
v 0.017383 0.021133 0.018648
v 0.016889 0.021525 0.018783
v 0.017358 0.021329 0.019680
v 0.016830 0.021725 0.019784
v 0.017249 0.021536 0.020676
v 0.016709 0.021959 0.020744
v 0.016158 0.022337 0.020775
v 0.016517 0.022166 0.021683
v 0.015956 0.022560 0.021666
v 0.015382 0.022902 0.021595
v 0.011878 0.024732 0.021868
v 0.010975 0.025143 0.022170
v 0.011292 0.025006 0.021474
v 0.010411 0.025429 0.021724
v 0.010714 0.025271 0.021025
v 0.009844 0.025694 0.021243
v 0.010141 0.025541 0.020535
v 0.009255 0.025915 0.020734
v 0.009521 0.025716 0.020021
v 0.008625 0.026064 0.020200
v 0.008904 0.025933 0.019478
v 0.007968 0.026190 0.019630
v 0.008239 0.026069 0.018909
v 0.008527 0.025979 0.018191
v 0.007545 0.026193 0.018299
v 0.007827 0.026089 0.017577
v 0.008117 0.025965 0.016850
v 0.007094 0.026128 0.016918
v 0.007382 0.025964 0.016181
v 0.007676 0.025761 0.015428
v 0.006635 0.025927 0.015472
v 0.006943 0.025716 0.014701
v 0.007266 0.025487 0.013928
v 0.006206 0.025649 0.013966
v 0.006545 0.025406 0.013171
v 0.006885 0.025089 0.012392
v 0.005817 0.025274 0.012439
v 0.006156 0.024938 0.011643
v 0.006490 0.024511 0.010875
v 0.007228 0.024714 0.011635
v 0.006832 0.024064 0.010124
v 0.007582 0.024299 0.010905
v 0.007182 0.023572 0.009441
v 0.007946 0.023843 0.010227
v 0.007590 0.023130 0.008809
v 0.008335 0.023362 0.009640
v 0.008051 0.022668 0.008270
v 0.008770 0.022876 0.009129
v 0.008551 0.022159 0.007818
v 0.009256 0.022391 0.008662
v 0.009076 0.021611 0.007425
v 0.009753 0.021839 0.008271
v 0.009629 0.021044 0.007072
v 0.010275 0.021268 0.007923
v 0.010181 0.020411 0.006803
v 0.010810 0.020655 0.007642
v 0.011406 0.020891 0.008514
v 0.011390 0.020046 0.007398
v 0.011968 0.020302 0.008265
v 0.012520 0.020540 0.009153
v 0.012556 0.019689 0.008078
v 0.013087 0.019948 0.008966
v 0.013602 0.020184 0.009866
v 0.013691 0.019356 0.008818
v 0.014199 0.019630 0.009703
v 0.014690 0.019877 0.010596
v 0.014815 0.019052 0.009586
v 0.015278 0.019312 0.010478
v 0.015723 0.019542 0.011380
v 0.015886 0.018723 0.010395
v 0.016310 0.018975 0.011289
v 0.016705 0.019196 0.012205
v 0.016142 0.019737 0.012304
v 0.017067 0.019383 0.013151
v 0.016537 0.019906 0.013253
v 0.017410 0.019553 0.014124
v 0.016897 0.020045 0.014243
v 0.017717 0.019702 0.015137
v 0.017226 0.020170 0.015273
v 0.017985 0.019850 0.016190
v 0.017516 0.020313 0.016343
v 0.018191 0.020008 0.017267
v 0.017739 0.020493 0.017429
v 0.018325 0.020193 0.018349
v 0.017839 0.020667 0.018513
v 0.018342 0.020354 0.019422
v 0.017857 0.020864 0.019563
v 0.018294 0.020535 0.020458
v 0.017788 0.021071 0.020578
v 0.018199 0.020731 0.021459
v 0.017659 0.021276 0.021569
v 0.017093 0.021752 0.021647
v 0.009520 0.025779 0.021974
v 0.008946 0.025999 0.021471
v 0.008046 0.026251 0.021673
v 0.008345 0.026183 0.020933
v 0.007430 0.026417 0.021085
v 0.007702 0.026312 0.020355
v 0.006768 0.026549 0.020462
v 0.007019 0.026424 0.019740
v 0.007273 0.026291 0.019021
v 0.006294 0.026496 0.019097
v 0.006545 0.026368 0.018375
v 0.006811 0.026238 0.017650
v 0.005785 0.026397 0.017701
v 0.006056 0.026258 0.016965
v 0.006339 0.026097 0.016225
v 0.005293 0.026291 0.016272
v 0.005583 0.026086 0.015519
v 0.005885 0.025862 0.014753
v 0.004821 0.026021 0.014847
v 0.005141 0.025790 0.014057
v 0.005474 0.025555 0.013250
v 0.004393 0.025684 0.013411
v 0.004731 0.025383 0.012602
v 0.005071 0.025073 0.011780
v 0.003965 0.025189 0.012014
v 0.004295 0.024855 0.011186
v 0.004605 0.024446 0.010373
v 0.005399 0.024702 0.010969
v 0.004912 0.024046 0.009549
v 0.005721 0.024288 0.010171
v 0.005233 0.023608 0.008759
v 0.006048 0.023828 0.009411
v 0.005588 0.023128 0.008021
v 0.006402 0.023353 0.008694
v 0.006009 0.022676 0.007327
v 0.006818 0.022914 0.008027
v 0.006505 0.022203 0.006721
v 0.007291 0.022442 0.007463
v 0.007062 0.021686 0.006218
v 0.007813 0.021923 0.007001
v 0.007636 0.021112 0.005814
v 0.008369 0.021376 0.006601
v 0.008216 0.020489 0.005496
v 0.008936 0.020779 0.006268
v 0.008818 0.019849 0.005227
v 0.009512 0.020143 0.006001
v 0.009428 0.019173 0.005033
v 0.010112 0.019484 0.005789
v 0.010773 0.019777 0.006571
v 0.010737 0.018810 0.005630
v 0.011382 0.019114 0.006407
v 0.011988 0.019407 0.007222
v 0.012011 0.018439 0.006288
v 0.012608 0.018753 0.007097
v 0.013167 0.019064 0.007944
v 0.013253 0.018102 0.007003
v 0.013797 0.018428 0.007852
v 0.014323 0.018758 0.008708
v 0.014460 0.017807 0.007776
v 0.014967 0.018142 0.008637
v 0.015451 0.018459 0.009502
v 0.015635 0.017518 0.008592
v 0.016091 0.017828 0.009462
v 0.016524 0.018123 0.010331
v 0.016759 0.017186 0.009435
v 0.017158 0.017472 0.010303
v 0.017537 0.017750 0.011170
v 0.016922 0.018386 0.011217
v 0.017897 0.018022 0.012043
v 0.017287 0.018623 0.012123
v 0.018195 0.018233 0.012962
v 0.017622 0.018829 0.013056
v 0.018492 0.018447 0.013892
v 0.017942 0.019022 0.014008
v 0.018750 0.018630 0.014863
v 0.018222 0.019186 0.015003
v 0.018983 0.018801 0.015865
v 0.018463 0.019337 0.016034
v 0.019161 0.018949 0.016901
v 0.018655 0.019488 0.017093
v 0.019307 0.019118 0.017954
v 0.018818 0.019683 0.018159
v 0.019360 0.019258 0.019025
v 0.018852 0.019827 0.019238
v 0.019372 0.019413 0.020084
v 0.018837 0.019996 0.020293
v 0.019302 0.019545 0.021113
v 0.018761 0.020166 0.021311
v 0.019217 0.019698 0.022124
v 0.007140 0.026492 0.021824
v 0.006234 0.026670 0.021947
v 0.006504 0.026646 0.021198
v 0.005586 0.026805 0.021314
v 0.005824 0.026764 0.020559
v 0.006058 0.026639 0.019821
v 0.005097 0.026833 0.019921
v 0.005312 0.026712 0.019168
v 0.005543 0.026572 0.018430
v 0.004553 0.026825 0.018518
v 0.004774 0.026648 0.017764
v 0.005022 0.026480 0.017016
v 0.003990 0.026714 0.017134
v 0.004237 0.026489 0.016374
v 0.004522 0.026287 0.015609
v 0.003450 0.026463 0.015787
v 0.003746 0.026218 0.015002
v 0.004062 0.025953 0.014214
v 0.002968 0.026098 0.014449
v 0.003294 0.025809 0.013644
v 0.003629 0.025514 0.012830
v 0.002512 0.025620 0.013133
v 0.002843 0.025298 0.012315
v 0.003171 0.024953 0.011494
v 0.002033 0.025037 0.011869
v 0.002348 0.024658 0.011051
v 0.002640 0.024261 0.010224
v 0.003483 0.024572 0.010673
v 0.002919 0.023865 0.009380
v 0.003776 0.024169 0.009847
v 0.003207 0.023458 0.008529
v 0.004070 0.023757 0.009015
v 0.003527 0.022990 0.007714
v 0.004386 0.023342 0.008189
v 0.003904 0.022522 0.006921
v 0.004748 0.022844 0.007439
v 0.004363 0.022040 0.006179
v 0.005184 0.022382 0.006717
v 0.004892 0.021529 0.005517
v 0.005704 0.021900 0.006073
v 0.005465 0.020979 0.004949
v 0.006273 0.021363 0.005538
v 0.006068 0.020390 0.004485
v 0.006866 0.020781 0.005106
v 0.006691 0.019771 0.004114
v 0.007467 0.020150 0.004776
v 0.007327 0.019134 0.003818
v 0.008086 0.019505 0.004505
v 0.007948 0.018441 0.003647
v 0.008705 0.018820 0.004323
v 0.008593 0.017760 0.003504
v 0.009344 0.018131 0.004185
v 0.010057 0.018482 0.004894
v 0.010007 0.017454 0.004062
v 0.010721 0.017809 0.004758
v 0.011379 0.018124 0.005514
v 0.011392 0.017125 0.004656
v 0.012049 0.017453 0.005404
v 0.012671 0.017778 0.006184
v 0.012732 0.016781 0.005318
v 0.013348 0.017121 0.006103
v 0.013922 0.017461 0.006927
v 0.014026 0.016449 0.006067
v 0.014591 0.016801 0.006903
v 0.015139 0.017176 0.007734
v 0.015275 0.016141 0.006904
v 0.015804 0.016504 0.007749
v 0.016299 0.016855 0.008591
v 0.016488 0.015825 0.007770
v 0.016993 0.016185 0.008590
v 0.017440 0.016510 0.009425
v 0.017674 0.015467 0.008612
v 0.018118 0.015785 0.009434
v 0.018513 0.016087 0.010259
v 0.017842 0.016816 0.010263
v 0.018872 0.016386 0.011083
v 0.018190 0.017090 0.011121
v 0.019168 0.016654 0.011931
v 0.018513 0.017360 0.011982
v 0.019429 0.016906 0.012795
v 0.018793 0.017595 0.012872
v 0.019659 0.017138 0.013683
v 0.019052 0.017812 0.013786
v 0.019888 0.017370 0.014590
v 0.019305 0.018028 0.014721
v 0.020069 0.017550 0.015540
v 0.019511 0.018201 0.015699
v 0.020234 0.017727 0.016514
v 0.019706 0.018382 0.016700
v 0.020355 0.017884 0.017523
v 0.019826 0.018527 0.017737
v 0.020440 0.018033 0.018553
v 0.019900 0.018672 0.018791
v 0.020467 0.018161 0.019598
v 0.019891 0.018782 0.019851
v 0.020445 0.018270 0.020646
v 0.019880 0.018928 0.020891
v 0.020386 0.018368 0.021688
v 0.019804 0.019046 0.021926
v 0.005345 0.026799 0.022076
v 0.004687 0.026915 0.021454
v 0.004892 0.026910 0.020684
v 0.003984 0.027039 0.020859
v 0.004160 0.027021 0.020074
v 0.004346 0.026939 0.019291
v 0.003394 0.027128 0.019495
v 0.003566 0.027033 0.018692
v 0.003767 0.026893 0.017907
v 0.002756 0.027002 0.018165
v 0.002958 0.026873 0.017364
v 0.003186 0.026672 0.016576
v 0.002142 0.026808 0.016878
v 0.002382 0.026598 0.016065
v 0.002661 0.026380 0.015249
v 0.001582 0.026507 0.015602
v 0.001871 0.026234 0.014773
v 0.002185 0.025952 0.013947
v 0.001073 0.026093 0.014350
v 0.001390 0.025766 0.013512
v 0.001711 0.025416 0.012683
v 0.000579 0.025597 0.013123
v 0.000891 0.025200 0.012293
v 0.001197 0.024799 0.011466
v 0.000046 0.025026 0.011915
v 0.000331 0.024609 0.011082
v 0.000609 0.024186 0.010251
v 0.001492 0.024385 0.010648
v 0.000881 0.023770 0.009400
v 0.001769 0.023987 0.009807
v 0.001157 0.023321 0.008546
v 0.002045 0.023565 0.008957
v 0.001453 0.022851 0.007692
v 0.002336 0.023123 0.008105
v 0.001798 0.022374 0.006839
v 0.002665 0.022670 0.007259
v 0.002217 0.021865 0.006021
v 0.003063 0.022204 0.006441
v 0.002706 0.021347 0.005236
v 0.003538 0.021699 0.005684
v 0.003246 0.020789 0.004526
v 0.004072 0.021163 0.004999
v 0.003823 0.020170 0.003931
v 0.004646 0.020567 0.004430
v 0.004428 0.019561 0.003403
v 0.005254 0.019972 0.003931
v 0.005050 0.018929 0.002980
v 0.005050 0.018929 0.002980
v 0.005881 0.019352 0.003529
v 0.005684 0.018282 0.002647
v 0.006522 0.018720 0.003203
v 0.006323 0.017617 0.002405
v 0.007164 0.018054 0.002984
v 0.006962 0.016928 0.002276
v 0.007801 0.017363 0.002859
v 0.007622 0.016255 0.002175
v 0.008447 0.016670 0.002782
v 0.009246 0.017072 0.003406
v 0.009122 0.016000 0.002695
v 0.009924 0.016400 0.003306
v 0.010684 0.016777 0.003955
v 0.010611 0.015723 0.003220
v 0.011365 0.016089 0.003875
v 0.012070 0.016437 0.004577
v 0.012050 0.015398 0.003808
v 0.012763 0.015756 0.004506
v 0.013417 0.016102 0.005266
v 0.013431 0.015050 0.004489
v 0.014094 0.015412 0.005253
v 0.014695 0.015763 0.006079
v 0.014762 0.014715 0.005282
v 0.015379 0.015086 0.006103
v 0.015965 0.015470 0.006923
v 0.016049 0.014389 0.006152
v 0.016640 0.014767 0.006967
v 0.017179 0.015127 0.007791
v 0.017332 0.014056 0.006993
v 0.017856 0.014385 0.007824
v 0.018350 0.014708 0.008638
v 0.018538 0.013614 0.007842
v 0.019028 0.013913 0.008660
v 0.019470 0.014196 0.009480
v 0.018805 0.015020 0.009447
v 0.019880 0.014485 0.010286
v 0.019211 0.015323 0.010255
v 0.020233 0.014767 0.011099
v 0.019550 0.015606 0.011080
v 0.020542 0.015052 0.011911
v 0.019840 0.015879 0.011911
v 0.020791 0.015328 0.012731
v 0.020091 0.016146 0.012748
v 0.020993 0.015598 0.013560
v 0.020308 0.016406 0.013601
v 0.021139 0.015838 0.014414
v 0.020505 0.016651 0.014478
v 0.021276 0.016064 0.015288
v 0.020642 0.016830 0.015402
v 0.021408 0.016276 0.016192
v 0.020804 0.017031 0.016340
v 0.021497 0.016454 0.017133
v 0.020908 0.017194 0.017318
v 0.021572 0.016619 0.018102
v 0.021005 0.017359 0.018318
v 0.021605 0.016748 0.019097
v 0.021038 0.017484 0.019343
v 0.021578 0.016837 0.020109
v 0.021004 0.017570 0.020378
v 0.021553 0.016932 0.021133
v 0.020988 0.017682 0.021415
v 0.021543 0.017043 0.022162
v 0.003813 0.026991 0.021643
v 0.002974 0.027067 0.021894
v 0.003103 0.027140 0.021101
v 0.003241 0.027152 0.020302
v 0.002346 0.027215 0.020609
v 0.002457 0.027210 0.019795
v 0.002591 0.027142 0.018970
v 0.001648 0.027198 0.019351
v 0.001774 0.027107 0.018521
v 0.001940 0.026980 0.017697
v 0.000951 0.027050 0.018132
v 0.001121 0.026902 0.017289
v 0.001330 0.026727 0.016443
v 0.000299 0.026815 0.016925
v 0.000518 0.026593 0.016068
v 0.000780 0.026351 0.015209
v -0.000302 0.026475 0.015723
v -0.000033 0.026213 0.014850
v 0.000265 0.025929 0.013980
v -0.000853 0.026041 0.014520
v -0.000556 0.025744 0.013637
v -0.000250 0.025398 0.012772
v -0.001392 0.025554 0.013303
v -0.001099 0.025183 0.012437
v -0.000826 0.024816 0.011571
v -0.001978 0.024969 0.012117
v -0.001730 0.024591 0.011253
v -0.001479 0.024184 0.010404
v -0.000560 0.024395 0.010732
v -0.001216 0.023768 0.009549
v -0.000294 0.023968 0.009891
v -0.000938 0.023325 0.008683
v -0.000024 0.023569 0.009018
v -0.000650 0.022859 0.007798
v 0.000256 0.023099 0.008157
v -0.000325 0.022325 0.006938
v 0.000564 0.022588 0.007309
v 0.000070 0.021756 0.006113
v 0.000933 0.022052 0.006479
v 0.000535 0.021173 0.005302
v 0.001374 0.021509 0.005657
v 0.001046 0.020627 0.004461
v 0.001873 0.020993 0.004829
v 0.001590 0.020033 0.003680
v 0.002419 0.020408 0.004090
v 0.002148 0.019369 0.003029
v 0.002992 0.019764 0.003471
v 0.002722 0.018698 0.002469
v 0.003581 0.019122 0.002931
v 0.003316 0.018013 0.002027
v 0.003316 0.018013 0.002027
v 0.004193 0.018488 0.002472
v 0.004193 0.018488 0.002472
v 0.003931 0.017334 0.001676
v 0.004815 0.017819 0.002140
v 0.004561 0.016642 0.001435
v 0.005451 0.017151 0.001885
v 0.005214 0.015964 0.001263
v 0.006093 0.016463 0.001745
v 0.005882 0.015289 0.001169
v 0.006755 0.015788 0.001651
v 0.006579 0.014641 0.001077
v 0.007445 0.015136 0.001560
v 0.008295 0.015583 0.002106
v 0.008135 0.014471 0.001522
v 0.008987 0.014922 0.002035
v 0.009810 0.015331 0.002617
v 0.009686 0.014259 0.001970
v 0.010510 0.014666 0.002529
v 0.011298 0.015037 0.003150
v 0.011194 0.013973 0.002481
v 0.011972 0.014333 0.003109
v 0.012715 0.014683 0.003785
v 0.012642 0.013618 0.003085
v 0.013388 0.013976 0.003765
v 0.014089 0.014337 0.004508
v 0.014048 0.013256 0.003789
v 0.014736 0.013616 0.004565
v 0.015417 0.014007 0.005341
v 0.015398 0.012904 0.004621
v 0.016083 0.013298 0.005398
v 0.016731 0.013684 0.006191
v 0.016767 0.012587 0.005434
v 0.017407 0.012952 0.006228
v 0.018004 0.013298 0.007027
v 0.018050 0.012159 0.006289
v 0.018647 0.012483 0.007077
v 0.019195 0.012787 0.007878
v 0.019260 0.011622 0.007113
v 0.019825 0.011917 0.007898
v 0.020324 0.012181 0.008716
v 0.019693 0.013071 0.008691
v 0.020806 0.012448 0.009523
v 0.020141 0.013337 0.009512
v 0.021209 0.012687 0.010364
v 0.020559 0.013609 0.010322
v 0.021563 0.012934 0.011201
v 0.020921 0.013885 0.011135
v 0.021876 0.013187 0.012027
v 0.021212 0.014144 0.011963
v 0.022149 0.013436 0.012842
v 0.021471 0.014413 0.012776
v 0.022393 0.013703 0.013638
v 0.021686 0.014690 0.013582
v 0.022552 0.013969 0.014438
v 0.021825 0.014947 0.014402
v 0.022679 0.014256 0.015233
v 0.021965 0.015217 0.015225
v 0.022756 0.014523 0.016052
v 0.022066 0.015455 0.016086
v 0.022764 0.014735 0.016907
v 0.022122 0.015650 0.016987
v 0.022794 0.014937 0.017784
v 0.022187 0.015835 0.017914
v 0.022813 0.015101 0.018691
v 0.022194 0.015962 0.018874
v 0.022812 0.015234 0.019621
v 0.022204 0.016086 0.019852
v 0.022782 0.015333 0.020571
v 0.022183 0.016185 0.020848
v 0.022754 0.015416 0.021542
v 0.022124 0.016245 0.021856
v 0.002249 0.027157 0.021411
v 0.001429 0.027166 0.021794
v 0.001483 0.027216 0.020987
v 0.001555 0.027235 0.020175
v 0.000680 0.027230 0.020632
v 0.000737 0.027204 0.019809
v 0.000825 0.027153 0.018974
v -0.000096 0.027168 0.019496
v -0.000007 0.027088 0.018647
v 0.000124 0.026975 0.017787
v -0.000844 0.026996 0.018363
v -0.000709 0.026860 0.017485
v -0.000528 0.026686 0.016604
v -0.001540 0.026689 0.017225
v -0.001355 0.026507 0.016322
v -0.001125 0.026300 0.015415
v -0.002188 0.026355 0.016052
v -0.001951 0.026110 0.015128
v -0.001683 0.025852 0.014205
v -0.002783 0.025933 0.014859
v -0.002518 0.025638 0.013921
v -0.002245 0.025334 0.012998
v -0.003359 0.025375 0.013693
v -0.003116 0.025064 0.012755
v -0.002885 0.024702 0.011858
v -0.004006 0.024780 0.012564
v -0.003807 0.024429 0.011640
v -0.003606 0.024082 0.010723
v -0.002659 0.024322 0.010983
v -0.003357 0.023678 0.009839
v -0.002415 0.023931 0.010118
v -0.003066 0.023249 0.008958
v -0.002143 0.023512 0.009252
v -0.002759 0.022802 0.008055
v -0.001852 0.023070 0.008366
v -0.002432 0.022255 0.007173
v -0.001546 0.022566 0.007480
v -0.002067 0.021676 0.006295
v -0.001202 0.022008 0.006610
v -0.001631 0.021058 0.005461
v -0.000785 0.021429 0.005769
v -0.001128 0.020447 0.004641
v -0.000296 0.020809 0.004970
v -0.000602 0.019846 0.003806
v 0.000222 0.020250 0.004118
v -0.000082 0.019198 0.003002
v 0.000755 0.019637 0.003313
v 0.000447 0.018480 0.002298
v 0.001296 0.018948 0.002630
v 0.001000 0.017729 0.001714
v 0.001858 0.018239 0.002054
v 0.001573 0.016997 0.001201
v 0.001573 0.016997 0.001201
v 0.002442 0.017532 0.001582
v 0.002442 0.017532 0.001582
v 0.002181 0.016262 0.000840
v 0.003048 0.016807 0.001264
v 0.002820 0.015543 0.000592
v 0.003683 0.016113 0.000999
v 0.003479 0.014846 0.000412
v 0.004338 0.015423 0.000827
v 0.004152 0.014166 0.000320
v 0.005015 0.014752 0.000718
v 0.004845 0.013521 0.000245
v 0.005708 0.014097 0.000659
v 0.005551 0.012898 0.000201
v 0.006418 0.013468 0.000595
v 0.007282 0.013993 0.001030
v 0.007136 0.012843 0.000562
v 0.008001 0.013360 0.000968
v 0.008845 0.013822 0.001459
v 0.008717 0.012714 0.000939
v 0.009565 0.013174 0.001383
v 0.010390 0.013590 0.001904
v 0.010277 0.012502 0.001334
v 0.011092 0.012903 0.001851
v 0.011878 0.013269 0.002441
v 0.011777 0.012182 0.001843
v 0.012557 0.012544 0.002432
v 0.013316 0.012898 0.003081
v 0.013240 0.011811 0.002436
v 0.013980 0.012162 0.003117
v 0.014704 0.012528 0.003845
v 0.014655 0.011428 0.003164
v 0.015376 0.011807 0.003899
v 0.016081 0.012197 0.004662
v 0.016058 0.011076 0.003963
v 0.016752 0.011456 0.004727
v 0.017417 0.011819 0.005504
v 0.017394 0.010658 0.004811
v 0.018041 0.010997 0.005567
v 0.018674 0.011325 0.006323
v 0.018617 0.010112 0.005576
v 0.019223 0.010418 0.006332
v 0.019798 0.010699 0.007114
v 0.019656 0.009430 0.006267
v 0.020252 0.009714 0.007034
v 0.020817 0.009984 0.007830
v 0.020383 0.010987 0.007879
v 0.021339 0.010237 0.008656
v 0.020895 0.011246 0.008696
v 0.021856 0.010489 0.009479
v 0.021380 0.011495 0.009524
v 0.022281 0.010701 0.010353
v 0.021804 0.011726 0.010374
v 0.022693 0.010913 0.011216
v 0.022176 0.011950 0.011230
v 0.023054 0.011119 0.012074
v 0.022510 0.012181 0.012068
v 0.023357 0.011311 0.012932
v 0.022793 0.012400 0.012901
v 0.023608 0.011508 0.013777
v 0.023035 0.012629 0.013717
v 0.023827 0.011739 0.014599
v 0.023235 0.012889 0.014515
v 0.023963 0.011997 0.015413
v 0.023347 0.013163 0.015313
v 0.024101 0.012305 0.016197
v 0.023470 0.013476 0.016095
v 0.024154 0.012592 0.016992
v 0.023474 0.013726 0.016911
v 0.024156 0.012844 0.017790
v 0.023482 0.013962 0.017738
v 0.024134 0.013046 0.018592
v 0.023464 0.014141 0.018587
v 0.024171 0.013237 0.019394
v 0.023457 0.014288 0.019453
v 0.024129 0.013349 0.020213
v 0.023453 0.014416 0.020335
v 0.024115 0.013473 0.021040
v 0.023426 0.014513 0.021240
v 0.024044 0.013548 0.021910
v 0.023405 0.014591 0.022184
v 0.000649 0.027197 0.021448
v -0.000129 0.027120 0.022004
v -0.000148 0.027151 0.021176
v -0.000138 0.027166 0.020338
v -0.000955 0.027088 0.020965
v -0.000962 0.027064 0.020104
v -0.000928 0.027036 0.019238
v -0.001789 0.026937 0.019911
v -0.001761 0.026892 0.019019
v -0.001681 0.026849 0.018121
v -0.002599 0.026787 0.018828
v -0.002516 0.026690 0.017904
v -0.002376 0.026530 0.016983
v -0.003352 0.026515 0.017706
v -0.003213 0.026348 0.016764
v -0.003012 0.026124 0.015824
v -0.004048 0.026117 0.016578
v -0.003845 0.025905 0.015617
v -0.003610 0.025670 0.014648
v -0.004686 0.025660 0.015444
v -0.004456 0.025420 0.014466
v -0.004227 0.025136 0.013497
v -0.005312 0.025135 0.014317
v -0.005095 0.024818 0.013354
v -0.004904 0.024485 0.012399
v -0.005974 0.024493 0.013218
v -0.005795 0.024132 0.012266
v -0.005632 0.023780 0.011305
v -0.004728 0.024136 0.011452
v -0.005438 0.023420 0.010339
v -0.004533 0.023773 0.010512
v -0.005191 0.023064 0.009364
v -0.004284 0.023391 0.009584
v -0.004882 0.022638 0.008415
v -0.003985 0.022988 0.008659
v -0.004547 0.022159 0.007479
v -0.003656 0.022491 0.007761
v -0.004189 0.021601 0.006569
v -0.003312 0.021940 0.006866
v -0.003784 0.020948 0.005718
v -0.002926 0.021317 0.006003
v -0.003316 0.020257 0.004918
v -0.002473 0.020667 0.005178
v -0.002789 0.019581 0.004137
v -0.001957 0.020027 0.004372
v -0.002256 0.018915 0.003353
v -0.001430 0.019405 0.003546
v -0.001745 0.018204 0.002589
v -0.000914 0.018715 0.002765
v -0.001223 0.017412 0.001917
v -0.000391 0.017953 0.002076
v -0.000671 0.016572 0.001363
v 0.000160 0.017151 0.001512
v -0.000105 0.015754 0.000849
v -0.000105 0.015754 0.000849
v 0.000724 0.016382 0.000983
v 0.000724 0.016382 0.000983
v 0.000472 0.015005 0.000325
v 0.001322 0.015648 0.000531
v 0.001096 0.014274 -0.000044
v 0.001962 0.014919 0.000250
v 0.001744 0.013552 -0.000232
v 0.002618 0.014217 0.000063
v 0.002406 0.012869 -0.000344
v 0.003287 0.013538 -0.000047
v 0.003085 0.012222 -0.000407
v 0.003971 0.012891 -0.000102
v 0.003788 0.011616 -0.000441
v 0.004676 0.012280 -0.000148
v 0.004518 0.011045 -0.000483
v 0.005403 0.011693 -0.000186
v 0.006271 0.012290 0.000174
v 0.006136 0.011110 -0.000169
v 0.007003 0.011689 0.000160
v 0.007862 0.012221 0.000532
v 0.007741 0.011091 0.000137
v 0.008596 0.011599 0.000486
v 0.009440 0.012065 0.000890
v 0.009317 0.010952 0.000479
v 0.010150 0.011387 0.000883
v 0.010978 0.011802 0.001318
v 0.010855 0.010686 0.000886
v 0.011670 0.011073 0.001333
v 0.012454 0.011437 0.001870
v 0.012363 0.010322 0.001356
v 0.013138 0.010679 0.001900
v 0.013903 0.011048 0.002501
v 0.013808 0.009896 0.001967
v 0.014572 0.010282 0.002572
v 0.015323 0.010678 0.003245
v 0.015236 0.009512 0.002658
v 0.015989 0.009916 0.003347
v 0.016718 0.010302 0.004061
v 0.016594 0.009116 0.003433
v 0.017329 0.009471 0.004114
v 0.017979 0.009788 0.004855
v 0.017740 0.008528 0.004067
v 0.018421 0.008826 0.004759
v 0.019058 0.009136 0.005498
v 0.018650 0.007762 0.004600
v 0.019340 0.008073 0.005329
v 0.019971 0.008371 0.006097
v 0.019485 0.006962 0.005129
v 0.020130 0.007248 0.005924
v 0.020760 0.007536 0.006717
v 0.020568 0.008654 0.006888
v 0.021379 0.007822 0.007517
v 0.021137 0.008923 0.007707
v 0.021924 0.008074 0.008380
v 0.021673 0.009173 0.008552
v 0.022439 0.008310 0.009262
v 0.022200 0.009419 0.009394
v 0.022961 0.008539 0.010132
v 0.022677 0.009640 0.010263
v 0.023403 0.008727 0.011039
v 0.023124 0.009844 0.011139
v 0.023815 0.008896 0.011944
v 0.023472 0.010013 0.012045
v 0.024205 0.009059 0.012842
v 0.023813 0.010188 0.012924
v 0.024515 0.009211 0.013752
v 0.024101 0.010364 0.013795
v 0.024786 0.009384 0.014638
v 0.024363 0.010574 0.014643
v 0.025039 0.009601 0.015494
v 0.024545 0.010813 0.015480
v 0.025207 0.009840 0.016335
v 0.024701 0.011098 0.016287
v 0.025283 0.010079 0.017163
v 0.024782 0.011376 0.017089
v 0.025368 0.010337 0.017966
v 0.024807 0.011627 0.017885
v 0.025407 0.010569 0.018765
v 0.024825 0.011851 0.018671
v 0.025421 0.010774 0.019564
v 0.024840 0.012040 0.019457
v 0.025428 0.010964 0.020366
v 0.024832 0.012192 0.020251
v 0.025359 0.011121 0.021176
v 0.024780 0.012317 0.021050
v 0.025288 0.011285 0.021991
v 0.024724 0.012444 0.021861
v -0.000913 0.027052 0.021818
v -0.001687 0.026876 0.021674
v -0.001757 0.026921 0.020799
v -0.002463 0.026670 0.021564
v -0.002568 0.026774 0.020668
v -0.002610 0.026777 0.019751
v -0.003372 0.026585 0.020550
v -0.003426 0.026597 0.019607
v -0.003427 0.026611 0.018656
v -0.004250 0.026420 0.019467
v -0.004253 0.026386 0.018499
v -0.004183 0.026268 0.017540
v -0.005094 0.026152 0.018368
v -0.005019 0.025992 0.017403
v -0.004893 0.025882 0.016418
v -0.005874 0.025752 0.017283
v -0.005738 0.025605 0.016287
v -0.005516 0.025326 0.015318
v -0.006571 0.025261 0.016183
v -0.006379 0.025055 0.015181
v -0.006168 0.024797 0.014193
v -0.007219 0.024678 0.015075
v -0.007019 0.024401 0.014088
v -0.006842 0.024090 0.013114
v -0.007882 0.023998 0.013987
v -0.007724 0.023684 0.013009
v -0.007580 0.023337 0.012036
v -0.006679 0.023726 0.012156
v -0.007425 0.023004 0.011041
v -0.006527 0.023391 0.011176
v -0.007223 0.022683 0.010021
v -0.006336 0.023064 0.010180
v -0.006948 0.022308 0.009007
v -0.006084 0.022718 0.009173
v -0.006631 0.021884 0.007997
v -0.005768 0.022288 0.008190
v -0.006291 0.021383 0.007013
v -0.005430 0.021804 0.007221
v -0.005925 0.020810 0.006063
v -0.005065 0.021241 0.006286
v -0.005502 0.020147 0.005181
v -0.004646 0.020579 0.005423
v -0.005020 0.019437 0.004363
v -0.004161 0.019841 0.004652
v -0.004474 0.018639 0.003701
v -0.003623 0.019107 0.003926
v -0.003928 0.017862 0.003053
v -0.003082 0.018386 0.003209
v -0.003408 0.017100 0.002374
v -0.002563 0.017640 0.002499
v -0.002888 0.016303 0.001723
v -0.002043 0.016843 0.001835
v -0.002349 0.015450 0.001162
v -0.001498 0.015995 0.001269
v -0.001811 0.014609 0.000611
v -0.001811 0.014609 0.000611
v -0.000941 0.015155 0.000742
v -0.000941 0.015155 0.000742
v -0.001264 0.013777 0.000125
v -0.000371 0.014348 0.000262
v -0.000688 0.012956 -0.000232
v 0.000217 0.013598 -0.000168
v -0.000075 0.012178 -0.000465
v 0.000846 0.012863 -0.000414
v 0.000572 0.011457 -0.000620
v 0.001500 0.012168 -0.000544
v 0.001248 0.010795 -0.000749
v 0.002176 0.011515 -0.000613
v 0.001955 0.010178 -0.000795
v 0.002877 0.010904 -0.000627
v 0.002687 0.009604 -0.000774
v 0.003607 0.010338 -0.000634
v 0.003440 0.009072 -0.000739
v 0.004354 0.009800 -0.000629
v 0.005255 0.010482 -0.000441
v 0.005111 0.009280 -0.000599
v 0.006002 0.009936 -0.000410
v 0.006878 0.010538 -0.000167
v 0.006755 0.009402 -0.000427
v 0.007621 0.009967 -0.000175
v 0.008477 0.010485 0.000114
v 0.008357 0.009385 -0.000179
v 0.009197 0.009850 0.000136
v 0.010031 0.010281 0.000484
v 0.009913 0.009194 0.000150
v 0.010734 0.009578 0.000518
v 0.011557 0.009955 0.000906
v 0.011434 0.008843 0.000557
v 0.012253 0.009189 0.000948
v 0.013040 0.009535 0.001420
v 0.012906 0.008372 0.001035
v 0.013700 0.008718 0.001491
v 0.014465 0.009100 0.002043
v 0.014257 0.007881 0.001568
v 0.015055 0.008291 0.002117
v 0.015840 0.008727 0.002735
v 0.015434 0.007432 0.002111
v 0.016232 0.007853 0.002727
v 0.016993 0.008209 0.003400
v 0.016361 0.006825 0.002565
v 0.017163 0.007162 0.003206
v 0.017922 0.007467 0.003900
v 0.017221 0.006073 0.002992
v 0.017973 0.006362 0.003723
v 0.018746 0.006660 0.004410
v 0.018022 0.005263 0.003466
v 0.018803 0.005551 0.004171
v 0.019544 0.005835 0.004918
v 0.018781 0.004413 0.003910
v 0.019544 0.004686 0.004655
v 0.020259 0.004957 0.005442
v 0.020238 0.006116 0.005699
v 0.020922 0.005225 0.006266
v 0.020892 0.006396 0.006503
v 0.021590 0.005506 0.007084
v 0.021511 0.006677 0.007330
v 0.022193 0.005779 0.007964
v 0.022112 0.006951 0.008176
v 0.022781 0.006034 0.008838
v 0.022639 0.007191 0.009074
v 0.023320 0.006258 0.009742
v 0.023161 0.007411 0.009969
v 0.023819 0.006441 0.010662
v 0.023653 0.007601 0.010873
v 0.024264 0.006587 0.011598
v 0.024089 0.007760 0.011792
v 0.024692 0.006724 0.012528
v 0.024481 0.007903 0.012715
v 0.025043 0.006847 0.013483
v 0.024820 0.008039 0.013647
v 0.025416 0.006977 0.014409
v 0.025146 0.008188 0.014557
v 0.025699 0.007114 0.015341
v 0.025412 0.008360 0.015451
v 0.025924 0.007281 0.016258
v 0.025615 0.008559 0.016325
v 0.026033 0.007467 0.017168
v 0.025755 0.008783 0.017179
v 0.026156 0.007703 0.018042
v 0.025839 0.009026 0.018018
v 0.026221 0.007948 0.018903
v 0.025849 0.009254 0.018849
v 0.026231 0.008182 0.019757
v 0.025882 0.009481 0.019668
v 0.026220 0.008414 0.020602
v 0.025871 0.009693 0.020490
v 0.026187 0.008645 0.021442
v 0.025826 0.009897 0.021314
v 0.025717 0.010088 0.022141
v -0.003257 0.026503 0.021475
v -0.004053 0.026321 0.021390
v -0.004179 0.026393 0.020434
v -0.004845 0.026114 0.021309
v -0.004992 0.026192 0.020331
v -0.005078 0.026209 0.019347
v -0.005804 0.025953 0.020254
v -0.005906 0.025944 0.019259
v -0.005931 0.025863 0.018272
v -0.006733 0.025637 0.019203
v -0.006768 0.025544 0.018200
v -0.006710 0.025421 0.017192
v -0.007584 0.025174 0.018147
v -0.007520 0.025028 0.017120
v -0.007390 0.024871 0.016092
v -0.008333 0.024638 0.017052
v -0.008214 0.024473 0.016009
v -0.008064 0.024285 0.014978
v -0.009047 0.024083 0.015940
v -0.008917 0.023891 0.014894
v -0.008770 0.023626 0.013881
v -0.009763 0.023468 0.014850
v -0.009640 0.023194 0.013825
v -0.009522 0.022890 0.012811
v -0.008636 0.023317 0.012891
v -0.009378 0.022550 0.011792
v -0.008489 0.022959 0.011907
v -0.009190 0.022193 0.010758
v -0.008321 0.022625 0.010889
v -0.008933 0.021792 0.009732
v -0.008090 0.022263 0.009865
v -0.008615 0.021343 0.008727
v -0.007796 0.021860 0.008845
v -0.008277 0.020847 0.007751
v -0.007471 0.021411 0.007836
v -0.007931 0.020291 0.006810
v -0.007126 0.020879 0.006867
v -0.007551 0.019670 0.005916
v -0.006754 0.020279 0.005939
v -0.007140 0.019012 0.005048
v -0.006334 0.019615 0.005060
v -0.006671 0.018294 0.004252
v -0.005863 0.018904 0.004240
v -0.006156 0.017524 0.003543
v -0.005321 0.018106 0.003575
v -0.005627 0.016729 0.002892
v -0.004785 0.017322 0.002924
v -0.005131 0.015972 0.002190
v -0.004271 0.016555 0.002251
v -0.004632 0.015184 0.001536
v -0.003756 0.015760 0.001608
v -0.004128 0.014353 0.000959
v -0.003238 0.014938 0.001005
v -0.003617 0.013485 0.000476
v -0.003617 0.013485 0.000476
v -0.002711 0.014074 0.000497
v -0.002711 0.014074 0.000497
v -0.003086 0.012594 0.000101
v -0.002166 0.013186 0.000120
v -0.002518 0.011713 -0.000187
v -0.001606 0.012335 -0.000227
v -0.001905 0.010863 -0.000383
v -0.001002 0.011519 -0.000475
v -0.001273 0.010068 -0.000579
v -0.000358 0.010761 -0.000634
v -0.000602 0.009340 -0.000696
v 0.000314 0.010069 -0.000770
v 0.000109 0.008684 -0.000757
v 0.001023 0.009435 -0.000835
v 0.000859 0.008087 -0.000769
v 0.001763 0.008850 -0.000853
v 0.001637 0.007541 -0.000729
v 0.002526 0.008316 -0.000778
v 0.002434 0.007036 -0.000730
v 0.003308 0.007819 -0.000752
v 0.004210 0.008572 -0.000728
v 0.004092 0.007348 -0.000741
v 0.004981 0.008090 -0.000720
v 0.005870 0.008773 -0.000580
v 0.005744 0.007620 -0.000697
v 0.006624 0.008266 -0.000590
v 0.007499 0.008860 -0.000428
v 0.007361 0.007754 -0.000576
v 0.008221 0.008290 -0.000386
v 0.009076 0.008773 -0.000160
v 0.008910 0.007702 -0.000336
v 0.009758 0.008115 -0.000105
v 0.010607 0.008493 0.000197
v 0.010372 0.007427 -0.000040
v 0.011247 0.007753 0.000248
v 0.012085 0.008062 0.000628
v 0.011695 0.006984 0.000276
v 0.012565 0.007259 0.000639
v 0.013416 0.007534 0.001090
v 0.012790 0.006424 0.000557
v 0.013691 0.006695 0.001023
v 0.014587 0.007030 0.001545
v 0.013742 0.005799 0.000893
v 0.014661 0.006112 0.001381
v 0.015515 0.006457 0.001981
v 0.014618 0.005135 0.001220
v 0.015511 0.005439 0.001786
v 0.016383 0.005760 0.002370
v 0.015441 0.004401 0.001583
v 0.016343 0.004688 0.002159
v 0.017230 0.004982 0.002748
v 0.016224 0.003600 0.001951
v 0.017117 0.003866 0.002559
v 0.017950 0.004133 0.003241
v 0.016938 0.002730 0.002339
v 0.017834 0.002980 0.002964
v 0.018663 0.003238 0.003667
v 0.017578 0.001791 0.002739
v 0.018452 0.002029 0.003408
v 0.019268 0.002270 0.004138
v 0.019481 0.003504 0.004373
v 0.020047 0.002517 0.004896
v 0.020210 0.003763 0.005167
v 0.020795 0.002770 0.005680
v 0.020903 0.004023 0.005987
v 0.021505 0.003025 0.006494
v 0.021584 0.004290 0.006811
v 0.022159 0.003273 0.007348
v 0.022230 0.004554 0.007663
v 0.022806 0.003515 0.008200
v 0.022848 0.004809 0.008534
v 0.023386 0.003735 0.009103
v 0.023399 0.005043 0.009458
v 0.023902 0.003923 0.010032
v 0.023905 0.005227 0.010385
v 0.024382 0.004087 0.010982
v 0.024376 0.005373 0.011324
v 0.024820 0.004236 0.011966
v 0.024808 0.005506 0.012283
v 0.025246 0.004364 0.012946
v 0.025211 0.005629 0.013243
v 0.025613 0.004474 0.013942
v 0.025546 0.005733 0.014215
v 0.025933 0.004593 0.014949
v 0.025846 0.005852 0.015180
v 0.026204 0.004740 0.015955
v 0.026089 0.006002 0.016138
v 0.026413 0.004917 0.016953
v 0.026279 0.006186 0.017087
v 0.026548 0.005124 0.017934
v 0.026395 0.006403 0.018019
v 0.026659 0.005357 0.018882
v 0.026510 0.006654 0.018917
v 0.026693 0.005602 0.019805
v 0.026504 0.006894 0.019808
v 0.026695 0.005852 0.020712
v 0.026521 0.007142 0.020684
v 0.026679 0.006101 0.021605
v 0.026496 0.007384 0.021551
v -0.005641 0.025893 0.021247
v -0.006249 0.025596 0.022192
v -0.006439 0.025644 0.021204
v -0.006615 0.025677 0.020207
v -0.007245 0.025374 0.021191
v -0.007422 0.025352 0.020189
v -0.007551 0.025292 0.019172
v -0.008228 0.025006 0.020191
v -0.008345 0.024900 0.019157
v -0.008382 0.024777 0.018105
v -0.009112 0.024472 0.019162
v -0.009149 0.024335 0.018092
v -0.009127 0.024213 0.017011
v -0.009920 0.023914 0.018108
v -0.009912 0.023780 0.017008
v -0.009860 0.023653 0.015916
v -0.010679 0.023331 0.017048
v -0.010641 0.023178 0.015942
v -0.010557 0.022958 0.014869
v -0.011415 0.022704 0.016007
v -0.011359 0.022478 0.014917
v -0.011271 0.022188 0.013850
v -0.010470 0.022700 0.013818
v -0.011158 0.021863 0.012786
v -0.010355 0.022386 0.012781
v -0.011020 0.021528 0.011714
v -0.010213 0.022054 0.011732
v -0.010803 0.021121 0.010666
v -0.010019 0.021690 0.010679
v -0.010542 0.020687 0.009637
v -0.009740 0.021250 0.009660
v -0.010249 0.020212 0.008646
v -0.009404 0.020750 0.008689
v -0.009929 0.019683 0.007705
v -0.009094 0.020267 0.007713
v -0.009595 0.019119 0.006785
v -0.008740 0.019682 0.006808
v -0.009218 0.018494 0.005908
v -0.008363 0.019062 0.005924
v -0.008800 0.017822 0.005075
v -0.007950 0.018399 0.005074
v -0.008338 0.017100 0.004303
v -0.007486 0.017682 0.004290
v -0.007847 0.016341 0.003587
v -0.006986 0.016922 0.003570
v -0.007344 0.015550 0.002927
v -0.006487 0.016152 0.002867
v -0.006854 0.014744 0.002291
v -0.005991 0.015366 0.002198
v -0.006370 0.013913 0.001714
v -0.005504 0.014560 0.001574
v -0.005868 0.013043 0.001245
v -0.005012 0.013715 0.001037
v -0.005369 0.012166 0.000804
v -0.005369 0.012166 0.000804
v -0.004513 0.012843 0.000577
v -0.004513 0.012843 0.000577
v -0.004843 0.011283 0.000410
v -0.003964 0.011943 0.000271
v -0.004269 0.010397 0.000099
v -0.003395 0.011061 -0.000024
v -0.003657 0.009523 -0.000134
v -0.002786 0.010200 -0.000249
v -0.003013 0.008674 -0.000281
v -0.002151 0.009373 -0.000422
v -0.002334 0.007878 -0.000367
v -0.001481 0.008608 -0.000525
v -0.001608 0.007160 -0.000455
v -0.000767 0.007925 -0.000611
v -0.000831 0.006521 -0.000493
v -0.000008 0.007309 -0.000657
v -0.000022 0.005946 -0.000506
v 0.000788 0.006753 -0.000615
v 0.000798 0.005416 -0.000508
v 0.001598 0.006234 -0.000634
v 0.001618 0.004925 -0.000487
v 0.002406 0.005754 -0.000641
v 0.003231 0.006566 -0.000715
v 0.003207 0.005307 -0.000599
v 0.004017 0.006120 -0.000699
v 0.004867 0.006900 -0.000722
v 0.004792 0.005702 -0.000674
v 0.005630 0.006468 -0.000703
v 0.006493 0.007150 -0.000663
v 0.006378 0.006046 -0.000694
v 0.007223 0.006692 -0.000647
v 0.008065 0.007237 -0.000508
v 0.007901 0.006239 -0.000594
v 0.008707 0.006704 -0.000458
v 0.009531 0.007091 -0.000276
v 0.009208 0.006123 -0.000407
v 0.010020 0.006439 -0.000246
v 0.010844 0.006709 -0.000043
v 0.010241 0.005687 -0.000305
v 0.011046 0.005913 -0.000082
v 0.011901 0.006165 0.000196
v 0.011059 0.005052 -0.000183
v 0.011930 0.005286 0.000087
v 0.012833 0.005536 0.000429
v 0.011855 0.004368 -0.000055
v 0.012786 0.004607 0.000260
v 0.013705 0.004856 0.000710
v 0.012652 0.003640 0.000105
v 0.013596 0.003876 0.000523
v 0.014532 0.004131 0.001013
v 0.013400 0.002857 0.000375
v 0.014346 0.003093 0.000870
v 0.015301 0.003342 0.001379
v 0.014107 0.002022 0.000680
v 0.015076 0.002253 0.001181
v 0.016027 0.002490 0.001729
v 0.014779 0.001127 0.000964
v 0.015749 0.001345 0.001495
v 0.016660 0.001564 0.002125
v 0.015385 0.000157 0.001269
v 0.016303 0.000361 0.001886
v 0.017240 0.000565 0.002480
v 0.015887 -0.000885 0.001639
v 0.016816 -0.000696 0.002235
v 0.017707 -0.000506 0.002893
v 0.018095 0.000778 0.003188
v 0.018583 -0.000310 0.003571
v 0.018973 0.000996 0.003860
v 0.019434 -0.000104 0.004279
v 0.019797 0.001225 0.004586
v 0.020218 0.000118 0.005055
v 0.020544 0.001463 0.005385
v 0.020954 0.000345 0.005868
v 0.021274 0.001704 0.006191
v 0.021687 0.000572 0.006682
v 0.021981 0.001940 0.007016
v 0.022369 0.000799 0.007536
v 0.022635 0.002169 0.007875
v 0.022958 0.001016 0.008454
v 0.023255 0.002381 0.008754
v 0.023591 0.001220 0.009339
v 0.023803 0.002579 0.009672
v 0.024172 0.001412 0.010262
v 0.024294 0.002757 0.010627
v 0.024670 0.001593 0.011243
v 0.024773 0.002922 0.011600
v 0.025087 0.001767 0.012262
v 0.025190 0.003070 0.012604
v 0.025478 0.001923 0.013295
v 0.025581 0.003200 0.013626
v 0.025862 0.002072 0.014355
v 0.025929 0.003331 0.014668
v 0.026168 0.002231 0.015443
v 0.026207 0.003481 0.015723
v 0.026446 0.002401 0.016520
v 0.026440 0.003655 0.016768
v 0.026650 0.002580 0.017583
v 0.026635 0.003851 0.017788
v 0.026785 0.002775 0.018619
v 0.026757 0.004064 0.018781
v 0.026912 0.002998 0.019619
v 0.026836 0.004301 0.019741
v 0.026979 0.003249 0.020592
v 0.026887 0.004558 0.020675
v 0.026938 0.003511 0.021541
v 0.026908 0.004819 0.021598
v -0.007053 0.025366 0.022183
v -0.007838 0.025038 0.022188
v -0.008045 0.025045 0.021201
v -0.008818 0.024630 0.021227
v -0.008987 0.024562 0.020211
v -0.009595 0.024216 0.021276
v -0.009761 0.024151 0.020253
v -0.009874 0.024045 0.019193
v -0.010556 0.023780 0.020320
v -0.010637 0.023623 0.019255
v -0.010676 0.023474 0.018159
v -0.011392 0.023184 0.019335
v -0.011420 0.023016 0.018236
v -0.011431 0.022866 0.017121
v -0.012127 0.022491 0.018332
v -0.012179 0.022385 0.017219
v -0.012173 0.022208 0.016109
v -0.012921 0.021874 0.017334
v -0.012922 0.021691 0.016231
v -0.012874 0.021436 0.015137
v -0.012140 0.021988 0.015009
v -0.012764 0.021093 0.014059
v -0.012048 0.021672 0.013927
v -0.012647 0.020731 0.012974
v -0.011940 0.021334 0.012841
v -0.012499 0.020340 0.011895
v -0.011775 0.020945 0.011771
v -0.012310 0.019915 0.010838
v -0.011570 0.020531 0.010716
v -0.012084 0.019454 0.009816
v -0.011308 0.020065 0.009703
v -0.011828 0.018959 0.008828
v -0.011050 0.019597 0.008704
v -0.011541 0.018423 0.007875
v -0.010738 0.019054 0.007767
v -0.011235 0.017861 0.006942
v -0.010435 0.018514 0.006822
v -0.010869 0.017233 0.006069
v -0.010064 0.017893 0.005945
v -0.010470 0.016566 0.005238
v -0.009650 0.017220 0.005119
v -0.010017 0.015840 0.004486
v -0.009187 0.016490 0.004367
v -0.009566 0.015100 0.003752
v -0.008718 0.015743 0.003639
v -0.009083 0.014305 0.003115
v -0.008225 0.014952 0.002986
v -0.008604 0.013478 0.002530
v -0.007731 0.014121 0.002403
v -0.008133 0.012624 0.001983
v -0.007251 0.013273 0.001854
v -0.007622 0.011729 0.001547
v -0.006751 0.012392 0.001393
v -0.007101 0.010829 0.001132
v -0.007101 0.010829 0.001132
v -0.006239 0.011500 0.000972
v -0.006239 0.011500 0.000972
v -0.006546 0.009924 0.000771
v -0.005706 0.010610 0.000573
v -0.005958 0.009023 0.000449
v -0.005120 0.009715 0.000274
v -0.005326 0.008125 0.000218
v -0.004501 0.008830 0.000043
v -0.004648 0.007245 0.000089
v -0.003851 0.007964 -0.000129
v -0.003928 0.006405 0.000013
v -0.003154 0.007142 -0.000212
v -0.003158 0.005633 -0.000002
v -0.002400 0.006399 -0.000234
v -0.002353 0.004950 0.000037
v -0.001608 0.005736 -0.000254
v -0.001523 0.004348 0.000083
v -0.000790 0.005143 -0.000263
v -0.000679 0.003800 0.000123
v 0.000041 0.004605 -0.000236
v 0.000168 0.003286 0.000146
v 0.000874 0.004107 -0.000194
v 0.001022 0.002807 0.000156
v 0.001711 0.003641 -0.000166
v 0.002439 0.004477 -0.000418
v 0.002561 0.003216 -0.000129
v 0.003260 0.004054 -0.000388
v 0.004002 0.004888 -0.000568
v 0.004086 0.003657 -0.000405
v 0.004793 0.004494 -0.000563
v 0.005554 0.005304 -0.000674
v 0.005588 0.004131 -0.000644
v 0.006310 0.004941 -0.000693
v 0.007100 0.005655 -0.000696
v 0.006447 0.003855 -0.000729
v 0.004924 0.003288 -0.000507
v 0.005821 0.002993 -0.000650
v 0.006804 0.002837 -0.000768
v 0.007348 0.003702 -0.000767
v 0.007821 0.002805 -0.000812
v 0.008268 0.003694 -0.000775
v 0.008831 0.002879 -0.000800
v 0.009178 0.003791 -0.000688
v 0.009413 0.004654 -0.000527
v 0.010064 0.003948 -0.000511
v 0.010222 0.004840 -0.000380
v 0.009455 0.005444 -0.000426
v 0.010956 0.004149 -0.000332
v 0.009807 0.003021 -0.000658
v 0.010760 0.003206 -0.000471
v 0.011699 0.003414 -0.000204
v 0.010493 0.002227 -0.000643
v 0.011476 0.002424 -0.000383
v 0.012443 0.002635 -0.000044
v 0.011172 0.001387 -0.000529
v 0.012161 0.001587 -0.000187
v 0.013134 0.001799 0.000223
v 0.011839 0.000494 -0.000405
v 0.012829 0.000695 0.000002
v 0.013805 0.000908 0.000466
v 0.012456 -0.000466 -0.000190
v 0.013441 -0.000260 0.000256
v 0.014421 -0.000051 0.000734
v 0.013036 -0.001481 0.000060
v 0.014009 -0.001281 0.000527
v 0.014972 -0.001082 0.001035
v 0.013572 -0.002564 0.000350
v 0.014522 -0.002368 0.000851
v 0.015449 -0.002176 0.001400
v 0.014036 -0.003688 0.000773
v 0.014947 -0.003499 0.001299
v 0.015824 -0.003314 0.001885
v 0.016340 -0.001992 0.002017
v 0.016732 -0.003142 0.002453
v 0.017260 -0.001819 0.002611
v 0.017614 -0.002972 0.003079
v 0.018122 -0.001637 0.003297
v 0.018440 -0.002790 0.003792
v 0.018967 -0.001448 0.004010
v 0.019278 -0.002605 0.004507
v 0.019783 -0.001246 0.004757
v 0.020080 -0.002400 0.005274
v 0.020539 -0.001029 0.005563
v 0.020846 -0.002177 0.006089
v 0.021304 -0.000808 0.006362
v 0.021640 -0.001950 0.006894
v 0.022041 -0.000582 0.007191
v 0.022333 -0.001706 0.007792
v 0.022682 -0.000353 0.008100
v 0.022947 -0.001460 0.008752
v 0.023302 -0.000133 0.009025
v 0.023593 -0.001231 0.009698
v 0.023896 0.000076 0.009970
v 0.024149 -0.001007 0.010702
v 0.024432 0.000279 0.010953
v 0.024707 -0.000802 0.011700
v 0.024920 0.000473 0.011958
v 0.025154 -0.000599 0.012746
v 0.025367 0.000654 0.012981
v 0.025576 -0.000414 0.013803
v 0.025733 0.000824 0.014058
v 0.025963 -0.000245 0.014882
v 0.026089 0.000989 0.015150
v 0.026215 -0.000082 0.015996
v 0.026363 0.001153 0.016254
v 0.026457 0.000071 0.017096
v 0.026591 0.001318 0.017342
v 0.026632 0.000239 0.018185
v 0.026757 0.001498 0.018409
v 0.026770 0.000431 0.019250
v 0.026856 0.001707 0.019451
v 0.026824 0.000657 0.020294
v 0.026924 0.001946 0.020465
v 0.026910 0.000909 0.021309
v 0.026908 0.002209 0.021449
v -0.010394 0.023831 0.021352
v -0.011197 0.023430 0.021439
v -0.011322 0.023339 0.020404
v -0.011973 0.022952 0.021517
v -0.012089 0.022875 0.020483
v -0.012119 0.022684 0.019421
v -0.012816 0.022326 0.020560
v -0.012833 0.022141 0.019511
v -0.012872 0.021995 0.018433
v -0.013578 0.021603 0.019599
v -0.013580 0.021419 0.018541
v -0.013637 0.021306 0.017456
v -0.014321 0.020853 0.018648
v -0.014369 0.020731 0.017578
v -0.014381 0.020559 0.016494
v -0.013659 0.021143 0.016361
v -0.014329 0.020296 0.015411
v -0.013603 0.020874 0.015272
v -0.014256 0.019990 0.014321
v -0.013497 0.020529 0.014194
v -0.014144 0.019616 0.013240
v -0.013370 0.020147 0.013117
v -0.014011 0.019203 0.012167
v -0.013244 0.019761 0.012032
v -0.013833 0.018733 0.011128
v -0.013059 0.019310 0.010987
v -0.013614 0.018222 0.010127
v -0.012853 0.018840 0.009963
v -0.013363 0.017684 0.009155
v -0.012591 0.018313 0.008992
v -0.013077 0.017113 0.008215
v -0.012328 0.017782 0.008025
v -0.012761 0.016512 0.007304
v -0.012019 0.017199 0.007099
v -0.012402 0.015862 0.006441
v -0.011653 0.016558 0.006233
v -0.012012 0.015175 0.005621
v -0.011247 0.015872 0.005421
v -0.011603 0.014457 0.004842
v -0.010819 0.015156 0.004652
v -0.011165 0.013697 0.004134
v -0.010362 0.014398 0.003953
v -0.010721 0.012906 0.003478
v -0.009900 0.013608 0.003311
v -0.010250 0.012066 0.002912
v -0.009443 0.012789 0.002709
v -0.009764 0.011197 0.002400
v -0.008963 0.011925 0.002189
v -0.009247 0.010298 0.001956
v -0.008450 0.011028 0.001749
v -0.008681 0.009374 0.001609
v -0.008681 0.009374 0.001609
v -0.007891 0.010111 0.001408
v -0.007891 0.010111 0.001408
v -0.008082 0.008454 0.001302
v -0.007331 0.009204 0.001035
v -0.007457 0.007546 0.001012
v -0.006720 0.008297 0.000749
v -0.006786 0.006641 0.000850
v -0.006062 0.007397 0.000564
v -0.006086 0.005755 0.000726
v -0.005372 0.006515 0.000436
v -0.005343 0.004908 0.000648
v -0.004644 0.005666 0.000346
v -0.004564 0.004104 0.000634
v -0.003864 0.004880 0.000355
v -0.003760 0.003353 0.000655
v -0.003061 0.004159 0.000369
v -0.002930 0.002679 0.000657
v -0.002224 0.003534 0.000432
v -0.002082 0.002080 0.000577
v -0.001374 0.002963 0.000441
v -0.001227 0.001531 0.000482
v -0.000526 0.002425 0.000381
v -0.000356 0.001031 0.000404
v 0.000337 0.001933 0.000342
v 0.000552 0.000593 0.000461
v 0.001230 0.001491 0.000340
v 0.001893 0.002364 0.000133
v 0.002164 0.001092 0.000292
v 0.002788 0.001952 0.000041
v 0.003421 0.002809 -0.000195
v 0.003723 0.001582 -0.000103
v 0.004305 0.002437 -0.000333
v 0.004710 0.001276 -0.000313
v 0.005249 0.002134 -0.000508
v 0.005767 0.001079 -0.000535
v 0.006281 0.001960 -0.000673
v 0.006866 0.000978 -0.000713
v 0.007352 0.001896 -0.000782
v 0.007981 0.000976 -0.000810
v 0.008426 0.001936 -0.000833
v 0.009078 0.001062 -0.000833
v 0.009475 0.002056 -0.000781
v 0.010142 0.001206 -0.000724
v 0.008632 0.000047 -0.000854
v 0.009739 0.000154 -0.000845
v 0.010802 0.000308 -0.000653
v 0.009278 -0.000924 -0.000876
v 0.010386 -0.000810 -0.000817
v 0.011453 -0.000653 -0.000596
v 0.009897 -0.001953 -0.000807
v 0.011006 -0.001845 -0.000707
v 0.012048 -0.001676 -0.000374
v 0.010481 -0.003028 -0.000627
v 0.011585 -0.002918 -0.000457
v 0.012576 -0.002747 -0.000032
v 0.010999 -0.004128 -0.000286
v 0.012058 -0.004021 -0.000017
v 0.013083 -0.003872 0.000305
v 0.011489 -0.005275 0.000061
v 0.012544 -0.005176 0.000353
v 0.013542 -0.005032 0.000730
v 0.011964 -0.006458 0.000436
v 0.012990 -0.006362 0.000800
v 0.013975 -0.006232 0.001202
v 0.014504 -0.004866 0.001154
v 0.014904 -0.006071 0.001682
v 0.015395 -0.004681 0.001694
v 0.015797 -0.005899 0.002211
v 0.016250 -0.004500 0.002306
v 0.016645 -0.005714 0.002803
v 0.017085 -0.004319 0.002949
v 0.017429 -0.005514 0.003493
v 0.017921 -0.004141 0.003614
v 0.018259 -0.005320 0.004157
v 0.018759 -0.003958 0.004303
v 0.019062 -0.005102 0.004889
v 0.019550 -0.003749 0.005071
v 0.019873 -0.004866 0.005652
v 0.020365 -0.003529 0.005842
v 0.020638 -0.004599 0.006496
v 0.021128 -0.003282 0.006688
v 0.021429 -0.004324 0.007355
v 0.021875 -0.003024 0.007567
v 0.022187 -0.004040 0.008270
v 0.022596 -0.002765 0.008486
v 0.022901 -0.003760 0.009237
v 0.023263 -0.002509 0.009454
v 0.023540 -0.003495 0.010255
v 0.023855 -0.002262 0.010472
v 0.024102 -0.003254 0.011315
v 0.024402 -0.002036 0.011510
v 0.024639 -0.003042 0.012384
v 0.024911 -0.001830 0.012558
v 0.025096 -0.002856 0.013451
v 0.025346 -0.001640 0.013614
v 0.025505 -0.002688 0.014508
v 0.025701 -0.001463 0.014689
v 0.025804 -0.002528 0.015588
v 0.026029 -0.001308 0.015769
v 0.026067 -0.002382 0.016674
v 0.026285 -0.001162 0.016866
v 0.026204 -0.002225 0.017775
v 0.026487 -0.001010 0.017961
v 0.026356 -0.002069 0.018858
v 0.026619 -0.000833 0.019043
v 0.026498 -0.001884 0.019921
v 0.026732 -0.000626 0.020101
v 0.026594 -0.001650 0.020968
v 0.026773 -0.000378 0.021139
v 0.026642 -0.001386 0.022001
v 0.026826 -0.000113 0.022157
v -0.012726 0.022415 0.021587
v -0.013462 0.021836 0.021658
v -0.013526 0.021729 0.020640
v -0.014176 0.021224 0.021739
v -0.014195 0.021066 0.020726
v -0.014270 0.020972 0.019695
v -0.014923 0.020458 0.020833
v -0.015008 0.020374 0.019812
v -0.015067 0.020268 0.018775
v -0.015773 0.019792 0.019960
v -0.015833 0.019690 0.018929
v -0.015867 0.019568 0.017868
v -0.015116 0.020154 0.017712
v -0.015891 0.019431 0.016779
v -0.015119 0.019977 0.016633
v -0.015887 0.019243 0.015674
v -0.015100 0.019762 0.015539
v -0.015842 0.018976 0.014568
v -0.015035 0.019467 0.014445
v -0.015733 0.018588 0.013487
v -0.014927 0.019089 0.013365
v -0.015608 0.018152 0.012416
v -0.014784 0.018645 0.012306
v -0.015444 0.017650 0.011378
v -0.014612 0.018158 0.011272
v -0.015259 0.017130 0.010360
v -0.014404 0.017634 0.010270
v -0.015028 0.016571 0.009378
v -0.014166 0.017090 0.009294
v -0.014763 0.015993 0.008416
v -0.013896 0.016521 0.008341
v -0.014459 0.015383 0.007480
v -0.013573 0.015897 0.007439
v -0.014111 0.014721 0.006589
v -0.013220 0.015240 0.006569
v -0.013727 0.014003 0.005753
v -0.012832 0.014534 0.005751
v -0.013317 0.013236 0.004975
v -0.012424 0.013796 0.004975
v -0.012898 0.012446 0.004230
v -0.012017 0.013046 0.004219
v -0.012453 0.011608 0.003561
v -0.011574 0.012235 0.003562
v -0.011980 0.010738 0.002958
v -0.011105 0.011382 0.002980
v -0.011478 0.009846 0.002389
v -0.010609 0.010499 0.002459
v -0.010938 0.008944 0.001840
v -0.010078 0.009590 0.001998
v -0.010351 0.008010 0.001368
v -0.010351 0.008010 0.001368
v -0.009511 0.008666 0.001576
v -0.009511 0.008666 0.001576
v -0.009717 0.007069 0.000949
v -0.008899 0.007742 0.001201
v -0.009042 0.006111 0.000631
v -0.008248 0.006817 0.000886
v -0.008330 0.005172 0.000361
v -0.007559 0.005900 0.000656
v -0.007593 0.004244 0.000220
v -0.006841 0.004994 0.000542
v -0.006827 0.003369 0.000124
v -0.006081 0.004142 0.000439
v -0.006048 0.002539 0.000121
v -0.005301 0.003327 0.000431
v -0.005251 0.001752 0.000183
v -0.004505 0.002555 0.000464
v -0.004423 0.001023 0.000264
v -0.003684 0.001839 0.000537
v -0.003566 0.000355 0.000343
v -0.002823 0.001205 0.000508
v -0.002681 -0.000248 0.000315
v -0.001949 0.000635 0.000421
v -0.001776 -0.000800 0.000339
v -0.001062 0.000116 0.000385
v -0.000850 -0.001268 0.000518
v -0.000144 -0.000326 0.000521
v 0.000115 -0.001632 0.000792
v 0.000825 -0.000688 0.000722
v 0.001513 0.000214 0.000524
v 0.001869 -0.001027 0.000610
v 0.002528 -0.000140 0.000400
v 0.003142 0.000727 0.000150
v 0.003575 -0.000453 0.000108
v 0.004162 0.000413 -0.000095
v 0.004668 -0.000692 -0.000219
v 0.005238 0.000194 -0.000371
v 0.005819 -0.000865 -0.000453
v 0.006353 0.000054 -0.000631
v 0.006978 -0.000964 -0.000692
v 0.007496 0.000006 -0.000802
v 0.008139 -0.000979 -0.000841
v 0.006410 -0.001927 -0.000550
v 0.007594 -0.002001 -0.000712
v 0.008759 -0.002009 -0.000825
v 0.006982 -0.003008 -0.000573
v 0.008175 -0.003076 -0.000690
v 0.009344 -0.003082 -0.000709
v 0.007530 -0.004114 -0.000507
v 0.008728 -0.004185 -0.000571
v 0.009891 -0.004191 -0.000503
v 0.008053 -0.005256 -0.000450
v 0.009252 -0.005326 -0.000406
v 0.010394 -0.005327 -0.000195
v 0.008561 -0.006418 -0.000298
v 0.009747 -0.006489 -0.000117
v 0.010880 -0.006501 0.000137
v 0.009055 -0.007607 -0.000027
v 0.010224 -0.007677 0.000248
v 0.011344 -0.007699 0.000542
v 0.009531 -0.008793 0.000409
v 0.010681 -0.008874 0.000731
v 0.011780 -0.008900 0.001087
v 0.012402 -0.007660 0.000909
v 0.012820 -0.008857 0.001510
v 0.013402 -0.007565 0.001340
v 0.013789 -0.008760 0.001997
v 0.014354 -0.007436 0.001808
v 0.014726 -0.008648 0.002477
v 0.015266 -0.007285 0.002304
v 0.015587 -0.008470 0.003036
v 0.016113 -0.007097 0.002876
v 0.016447 -0.008273 0.003601
v 0.016976 -0.006914 0.003443
v 0.017275 -0.008043 0.004213
v 0.017795 -0.006699 0.004090
v 0.018116 -0.007794 0.004847
v 0.018581 -0.006453 0.004808
v 0.018920 -0.007508 0.005557
v 0.019400 -0.006197 0.005535
v 0.019713 -0.007199 0.006319
v 0.020193 -0.005910 0.006338
v 0.020504 -0.006880 0.007127
v 0.020939 -0.005598 0.007222
v 0.021247 -0.006543 0.008022
v 0.021709 -0.005288 0.008127
v 0.022028 -0.006233 0.008923
v 0.022493 -0.004998 0.009050
v 0.022782 -0.005954 0.009873
v 0.023141 -0.004712 0.010075
v 0.023369 -0.005680 0.010924
v 0.023776 -0.004470 0.011107
v 0.023958 -0.005463 0.011983
v 0.024334 -0.004256 0.012181
v 0.024484 -0.005283 0.013076
v 0.024819 -0.004072 0.013272
v 0.024881 -0.005118 0.014184
v 0.025237 -0.003910 0.014347
v 0.025256 -0.004964 0.015272
v 0.025600 -0.003757 0.015417
v 0.025567 -0.004807 0.016364
v 0.025842 -0.003599 0.016510
v 0.025764 -0.004644 0.017474
v 0.026014 -0.003446 0.017609
v 0.025937 -0.004487 0.018584
v 0.026143 -0.003292 0.018702
v 0.026010 -0.004279 0.019690
v 0.026272 -0.003110 0.019780
v 0.026106 -0.004041 0.020777
v 0.026344 -0.002871 0.020843
v 0.026159 -0.003784 0.021833
v 0.026363 -0.002601 0.021885
v -0.014858 0.020579 0.021843
v -0.015550 0.019948 0.021984
v -0.015676 0.019876 0.020973
v -0.016228 0.019309 0.022173
v -0.016392 0.019253 0.021163
v -0.016534 0.019202 0.020149
v -0.017164 0.018734 0.021423
v -0.017306 0.018656 0.020391
v -0.017429 0.018642 0.019329
v -0.016615 0.019132 0.019112
v -0.017472 0.018552 0.018237
v -0.016648 0.019020 0.018042
v -0.017496 0.018434 0.017121
v -0.016676 0.018901 0.016942
v -0.017508 0.018276 0.015987
v -0.016697 0.018756 0.015820
v -0.017484 0.018035 0.014851
v -0.016657 0.018494 0.014703
v -0.017396 0.017662 0.013743
v -0.016567 0.018127 0.013605
v -0.017282 0.017210 0.012657
v -0.016440 0.017673 0.012531
v -0.017135 0.016683 0.011608
v -0.016291 0.017165 0.011483
v -0.016963 0.016125 0.010578
v -0.016112 0.016625 0.010460
v -0.016740 0.015527 0.009583
v -0.015891 0.016055 0.009467
v -0.016499 0.014948 0.008581
v -0.015626 0.015461 0.008499
v -0.016221 0.014350 0.007593
v -0.015335 0.014857 0.007539
v -0.015881 0.013678 0.006667
v -0.015002 0.014206 0.006614
v -0.015512 0.012959 0.005778
v -0.014619 0.013476 0.005761
v -0.015094 0.012151 0.004987
v -0.014212 0.012698 0.004957
v -0.014672 0.011311 0.004232
v -0.013787 0.011874 0.004213
v -0.014231 0.010444 0.003521
v -0.013336 0.011008 0.003541
v -0.013748 0.009546 0.002868
v -0.012859 0.010125 0.002902
v -0.013225 0.008630 0.002248
v -0.012343 0.009216 0.002304
v -0.012657 0.007690 0.001653
v -0.011787 0.008292 0.001730
v -0.012051 0.006742 0.001053
v -0.012051 0.006742 0.001053
v -0.011192 0.007360 0.001173
v -0.011192 0.007360 0.001173
v -0.011376 0.005741 0.000585
v -0.010537 0.006387 0.000743
v -0.010659 0.004729 0.000175
v -0.009839 0.005405 0.000383
v -0.009909 0.003698 -0.000104
v -0.009109 0.004432 0.000089
v -0.009139 0.002684 -0.000241
v -0.008360 0.003467 -0.000050
v -0.008346 0.001728 -0.000299
v -0.007584 0.002560 -0.000148
v -0.007535 0.000836 -0.000278
v -0.006790 0.001702 -0.000137
v -0.006719 0.000010 -0.000132
v -0.005986 0.000897 -0.000021
v -0.005884 -0.000748 0.000022
v -0.005158 0.000156 0.000112
v -0.005017 -0.001436 0.000122
v -0.004301 -0.000521 0.000237
v -0.004128 -0.002063 0.000212
v -0.003409 -0.001141 0.000266
v -0.003221 -0.002640 0.000324
v -0.002496 -0.001713 0.000305
v -0.002290 -0.003157 0.000477
v -0.001563 -0.002213 0.000480
v -0.001322 -0.003582 0.000692
v -0.000597 -0.002604 0.000761
v -0.000277 -0.003912 0.000805
v 0.000472 -0.002921 0.000851
v 0.001189 -0.001949 0.000846
v 0.001581 -0.003189 0.000652
v 0.002287 -0.002237 0.000516
v 0.002951 -0.001329 0.000315
v 0.003410 -0.002486 0.000155
v 0.004060 -0.001581 -0.000046
v 0.004578 -0.002705 -0.000156
v 0.005218 -0.001784 -0.000352
v 0.005774 -0.002884 -0.000418
v 0.003873 -0.003636 0.000025
v 0.005084 -0.003831 -0.000201
v 0.006310 -0.003993 -0.000374
v 0.004322 -0.004790 -0.000062
v 0.005569 -0.004970 -0.000225
v 0.006821 -0.005129 -0.000355
v 0.004784 -0.005947 -0.000061
v 0.006060 -0.006124 -0.000215
v 0.007326 -0.006289 -0.000322
v 0.005271 -0.007111 -0.000029
v 0.006560 -0.007292 -0.000136
v 0.007825 -0.007468 -0.000159
v 0.005782 -0.008283 0.000081
v 0.007067 -0.008468 0.000095
v 0.008322 -0.008653 0.000191
v 0.006311 -0.009456 0.000355
v 0.007582 -0.009641 0.000483
v 0.008821 -0.009836 0.000663
v 0.006858 -0.010618 0.000775
v 0.008106 -0.010792 0.001015
v 0.009323 -0.010988 0.001290
v 0.010011 -0.009991 0.000964
v 0.010492 -0.011127 0.001648
v 0.011148 -0.010080 0.001321
v 0.011613 -0.011208 0.002045
v 0.012229 -0.010093 0.001733
v 0.012662 -0.011203 0.002518
v 0.013245 -0.010039 0.002204
v 0.013657 -0.011158 0.003011
v 0.014207 -0.009949 0.002704
v 0.014589 -0.011055 0.003554
v 0.015095 -0.009801 0.003260
v 0.015491 -0.010905 0.004106
v 0.015960 -0.009620 0.003818
v 0.016382 -0.010699 0.004660
v 0.016824 -0.009399 0.004375
v 0.017246 -0.010432 0.005245
v 0.017670 -0.009122 0.004998
v 0.018079 -0.010112 0.005882
v 0.018493 -0.008816 0.005667
v 0.018857 -0.009760 0.006576
v 0.019296 -0.008494 0.006377
v 0.019671 -0.009432 0.007262
v 0.020065 -0.008153 0.007153
v 0.020418 -0.009072 0.008047
v 0.020839 -0.007815 0.007967
v 0.021136 -0.008718 0.008877
v 0.021579 -0.007479 0.008844
v 0.021820 -0.008388 0.009760
v 0.022286 -0.007170 0.009776
v 0.022472 -0.008095 0.010695
v 0.022971 -0.006907 0.010745
v 0.023051 -0.007836 0.011702
v 0.023511 -0.006658 0.011811
v 0.023579 -0.007627 0.012760
v 0.024027 -0.006467 0.012902
v 0.024047 -0.007458 0.013855
v 0.024483 -0.006310 0.014008
v 0.024470 -0.007309 0.014984
v 0.024864 -0.006151 0.015124
v 0.024811 -0.007138 0.016122
v 0.025196 -0.005986 0.016234
v 0.025064 -0.006944 0.017261
v 0.025429 -0.005810 0.017356
v 0.025204 -0.006726 0.018411
v 0.025567 -0.005617 0.018490
v 0.025365 -0.006507 0.019558
v 0.025734 -0.005417 0.019620
v 0.025394 -0.006237 0.020688
v 0.025839 -0.005177 0.020732
v 0.025443 -0.005993 0.021783
v 0.025855 -0.004918 0.021806
v -0.017909 0.018200 0.021732
v -0.018632 0.017659 0.022067
v -0.018831 0.017669 0.021002
v -0.018124 0.018226 0.020686
v -0.018994 0.017671 0.019892
v -0.018244 0.018183 0.019590
v -0.019087 0.017627 0.018748
v -0.018291 0.018093 0.018472
v -0.019087 0.017474 0.017593
v -0.018309 0.017969 0.017337
v -0.019097 0.017306 0.016430
v -0.018324 0.017814 0.016184
v -0.019074 0.017054 0.015270
v -0.018308 0.017580 0.015029
v -0.019020 0.016702 0.014128
v -0.018233 0.017213 0.013902
v -0.018912 0.016229 0.013033
v -0.018135 0.016766 0.012802
v -0.018782 0.015695 0.011965
v -0.017992 0.016227 0.011746
v -0.018628 0.015122 0.010911
v -0.017802 0.015623 0.010727
v -0.018449 0.014534 0.009858
v -0.017608 0.015040 0.009696
v -0.018208 0.013903 0.008838
v -0.017370 0.014440 0.008682
v -0.017907 0.013231 0.007866
v -0.017078 0.013804 0.007702
v -0.017575 0.012532 0.006936
v -0.016738 0.013120 0.006772
v -0.017187 0.011768 0.006095
v -0.016372 0.012392 0.005885
v -0.016804 0.010976 0.005288
v -0.015965 0.011587 0.005084
v -0.016416 0.010146 0.004523
v -0.015552 0.010744 0.004327
v -0.016013 0.009292 0.003783
v -0.015121 0.009873 0.003609
v -0.015536 0.008395 0.003118
v -0.014643 0.008974 0.002941
v -0.015010 0.007482 0.002463
v -0.014123 0.008063 0.002291
v -0.014440 0.006554 0.001793
v -0.013560 0.007137 0.001638
v -0.013804 0.005581 0.001166
v -0.013804 0.005581 0.001166
v -0.012935 0.006166 0.001036
v -0.012935 0.006166 0.001036
v -0.013107 0.004559 0.000593
v -0.012248 0.005153 0.000500
v -0.012342 0.003472 0.000166
v -0.011501 0.004087 0.000099
v -0.011553 0.002348 -0.000163
v -0.010728 0.003003 -0.000210
v -0.010744 0.001220 -0.000302
v -0.009932 0.001927 -0.000332
v -0.009922 0.000157 -0.000344
v -0.009123 0.000921 -0.000368
v -0.009085 -0.000823 -0.000262
v -0.008299 -0.000012 -0.000299
v -0.008237 -0.001719 -0.000109
v -0.007469 -0.000869 -0.000144
v -0.007368 -0.002542 -0.000019
v -0.006616 -0.001657 -0.000041
v -0.006481 -0.003289 0.000089
v -0.005741 -0.002369 0.000066
v -0.005580 -0.003964 0.000212
v -0.004851 -0.003012 0.000213
v -0.004674 -0.004569 0.000396
v -0.003945 -0.003597 0.000351
v -0.003752 -0.005115 0.000545
v -0.003021 -0.004123 0.000503
v -0.002805 -0.005595 0.000649
v -0.002063 -0.004577 0.000654
v -0.001820 -0.005989 0.000737
v -0.001051 -0.004939 0.000750
v -0.000766 -0.006276 0.000710
v 0.000030 -0.005204 0.000715
v 0.000818 -0.004173 0.000684
v 0.001148 -0.005414 0.000551
v 0.001934 -0.004391 0.000405
v 0.002691 -0.003417 0.000275
v 0.003105 -0.004596 0.000156
v 0.002312 -0.005598 0.000340
v 0.003531 -0.005771 0.000149
v 0.001507 -0.006650 0.000514
v 0.002722 -0.006795 0.000334
v 0.003982 -0.006944 0.000136
v 0.001925 -0.007869 0.000515
v 0.003187 -0.007979 0.000353
v 0.004481 -0.008113 0.000193
v 0.002418 -0.009057 0.000614
v 0.003712 -0.009144 0.000479
v 0.005015 -0.009278 0.000373
v 0.002973 -0.010215 0.000823
v 0.004278 -0.010293 0.000741
v 0.005576 -0.010433 0.000708
v 0.003576 -0.011335 0.001177
v 0.004877 -0.011403 0.001173
v 0.006158 -0.011549 0.001204
v 0.004216 -0.012405 0.001670
v 0.005502 -0.012465 0.001730
v 0.006760 -0.012595 0.001840
v 0.007416 -0.011719 0.001362
v 0.008003 -0.012820 0.002048
v 0.008647 -0.011919 0.001650
v 0.009208 -0.013018 0.002407
v 0.009830 -0.012074 0.002049
v 0.010361 -0.013162 0.002855
v 0.010977 -0.012216 0.002438
v 0.011477 -0.013267 0.003323
v 0.012054 -0.012265 0.002914
v 0.012530 -0.013291 0.003854
v 0.013086 -0.012270 0.003403
v 0.013523 -0.013241 0.004424
v 0.014065 -0.012211 0.003933
v 0.014506 -0.013173 0.004954
v 0.015009 -0.012090 0.004482
v 0.015429 -0.013033 0.005521
v 0.015915 -0.011906 0.005055
v 0.016287 -0.012808 0.006127
v 0.016776 -0.011656 0.005648
v 0.017113 -0.012514 0.006742
v 0.017597 -0.011339 0.006266
v 0.017928 -0.012184 0.007350
v 0.018378 -0.010983 0.006913
v 0.018716 -0.011829 0.007980
v 0.019193 -0.010654 0.007549
v 0.019492 -0.011459 0.008643
v 0.019967 -0.010295 0.008274
v 0.020256 -0.011097 0.009335
v 0.020686 -0.009926 0.009051
v 0.020912 -0.010715 0.010121
v 0.021378 -0.009584 0.009867
v 0.021537 -0.010363 0.010953
v 0.022000 -0.009257 0.010757
v 0.022117 -0.010039 0.011839
v 0.022590 -0.008974 0.011699
v 0.022645 -0.009751 0.012787
v 0.023106 -0.008724 0.012710
v 0.023149 -0.009550 0.013807
v 0.023572 -0.008533 0.013775
v 0.023559 -0.009387 0.014935
v 0.024028 -0.008393 0.014904
v 0.023888 -0.009195 0.016105
v 0.024390 -0.008224 0.016065
v 0.024189 -0.008992 0.017277
v 0.024636 -0.008009 0.017230
v 0.024431 -0.008773 0.018448
v 0.024844 -0.007789 0.018390
v 0.024577 -0.008530 0.019609
v 0.024976 -0.007544 0.019549
v 0.024703 -0.008300 0.020749
v 0.025053 -0.007292 0.020688
v 0.024713 -0.008038 0.021863
v 0.025058 -0.007035 0.021793
v -0.020059 0.016376 0.021666
v -0.019487 0.017061 0.021335
v -0.020251 0.016402 0.020547
v -0.019669 0.017080 0.020217
v -0.020338 0.016338 0.019387
v -0.019755 0.017017 0.019058
v -0.020381 0.016217 0.018220
v -0.019771 0.016877 0.017891
v -0.020373 0.016019 0.017063
v -0.019774 0.016695 0.016727
v -0.020357 0.015768 0.015919
v -0.019766 0.016453 0.015567
v -0.020339 0.015448 0.014791
v -0.019732 0.016117 0.014425
v -0.020280 0.015018 0.013693
v -0.019643 0.015658 0.013323
v -0.020183 0.014507 0.012615
v -0.019525 0.015128 0.012247
v -0.020055 0.013944 0.011544
v -0.019366 0.014544 0.011191
v -0.019887 0.013337 0.010486
v -0.019202 0.013953 0.010125
v -0.019674 0.012685 0.009460
v -0.018976 0.013310 0.009095
v -0.019400 0.011981 0.008499
v -0.018672 0.012610 0.008136
v -0.019081 0.011237 0.007616
v -0.018355 0.011896 0.007217
v -0.018752 0.010477 0.006779
v -0.017970 0.011120 0.006401
v -0.018377 0.009665 0.006032
v -0.017603 0.010325 0.005611
v -0.018003 0.008830 0.005307
v -0.017209 0.009485 0.004884
v -0.017621 0.007984 0.004572
v -0.016818 0.008638 0.004157
v -0.017195 0.007135 0.003813
v -0.016387 0.007777 0.003429
v -0.016688 0.006255 0.003069
v -0.015860 0.006875 0.002749
v -0.016103 0.005333 0.002343
v -0.015286 0.005950 0.002052
v -0.015457 0.004368 0.001633
v -0.015457 0.004368 0.001633
v -0.014650 0.004985 0.001372
v -0.014650 0.004985 0.001372
v -0.014740 0.003338 0.001015
v -0.013939 0.003957 0.000776
v -0.013961 0.002242 0.000560
v -0.013178 0.002868 0.000287
v -0.013162 0.001093 0.000240
v -0.012358 0.001716 0.000034
v -0.012357 -0.000092 0.000018
v -0.011561 0.000550 -0.000208
v -0.011519 -0.001258 -0.000056
v -0.010725 -0.000568 -0.000242
v -0.010656 -0.002345 0.000007
v -0.009874 -0.001599 -0.000165
v -0.009772 -0.003330 0.000161
v -0.009008 -0.002536 0.000010
v -0.008877 -0.004233 0.000279
v -0.008125 -0.003397 0.000121
v -0.007975 -0.005055 0.000386
v -0.007228 -0.004186 0.000189
v -0.007064 -0.005793 0.000539
v -0.006322 -0.004893 0.000322
v -0.006146 -0.006461 0.000706
v -0.005410 -0.005527 0.000507
v -0.005223 -0.007084 0.000812
v -0.004488 -0.006109 0.000626
v -0.004283 -0.007639 0.000878
v -0.003549 -0.006621 0.000733
v -0.003315 -0.008114 0.000913
v -0.002578 -0.007052 0.000801
v -0.002302 -0.008483 0.000946
v -0.001552 -0.007382 0.000805
v -0.001204 -0.008717 0.000924
v -0.000448 -0.007598 0.000731
v 0.000346 -0.006486 0.000651
v 0.000710 -0.007753 0.000628
v -0.000054 -0.008882 0.000823
v 0.001153 -0.008988 0.000704
v -0.000780 -0.010005 0.001152
v 0.000419 -0.010127 0.000997
v 0.001678 -0.010182 0.000889
v -0.000283 -0.011252 0.001410
v 0.000973 -0.011305 0.001318
v 0.002268 -0.011314 0.001241
v 0.000290 -0.012424 0.001798
v 0.001591 -0.012425 0.001725
v 0.002908 -0.012389 0.001701
v 0.000935 -0.013537 0.002252
v 0.002269 -0.013496 0.002193
v 0.003592 -0.013413 0.002253
v 0.001655 -0.014545 0.002824
v 0.002999 -0.014454 0.002834
v 0.004310 -0.014386 0.002905
v 0.004891 -0.013454 0.002241
v 0.005587 -0.014454 0.002924
v 0.006156 -0.013527 0.002357
v 0.006831 -0.014539 0.003088
v 0.007396 -0.013694 0.002528
v 0.008045 -0.014715 0.003405
v 0.008608 -0.013889 0.002870
v 0.009230 -0.014906 0.003818
v 0.009781 -0.014060 0.003304
v 0.010362 -0.015012 0.004349
v 0.010906 -0.014159 0.003825
v 0.011460 -0.015122 0.004880
v 0.012001 -0.014250 0.004331
v 0.012498 -0.015174 0.005447
v 0.013025 -0.014250 0.004898
v 0.013466 -0.015149 0.006049
v 0.013996 -0.014193 0.005476
v 0.014389 -0.015076 0.006646
v 0.014926 -0.014096 0.006049
v 0.015266 -0.014904 0.007264
v 0.015773 -0.013883 0.006677
v 0.016130 -0.014659 0.007872
v 0.016599 -0.013601 0.007301
v 0.016976 -0.014365 0.008474
v 0.017455 -0.013312 0.007882
v 0.017804 -0.014032 0.009078
v 0.018252 -0.012953 0.008502
v 0.018540 -0.013605 0.009734
v 0.019039 -0.012575 0.009132
v 0.019302 -0.013217 0.010370
v 0.019790 -0.012185 0.009799
v 0.020016 -0.012832 0.011049
v 0.020471 -0.011789 0.010535
v 0.020655 -0.012444 0.011793
v 0.021106 -0.011416 0.011325
v 0.021246 -0.012090 0.012591
v 0.021702 -0.011077 0.012164
v 0.021782 -0.011772 0.013445
v 0.022227 -0.010766 0.013064
v 0.022250 -0.011494 0.014367
v 0.022711 -0.010526 0.014028
v 0.022691 -0.011275 0.015372
v 0.023108 -0.010330 0.015100
v 0.023064 -0.011057 0.016462
v 0.023447 -0.010127 0.016239
v 0.023308 -0.010808 0.017609
v 0.023725 -0.009904 0.017408
v 0.023577 -0.010615 0.018758
v 0.023991 -0.009699 0.018575
v 0.023747 -0.010403 0.019901
v 0.024177 -0.009482 0.019728
v 0.023878 -0.010186 0.021023
v 0.024222 -0.009222 0.020861
v 0.023888 -0.009908 0.022128
v 0.024321 -0.008992 0.021978
v -0.020573 0.015649 0.021990
v -0.021229 0.014917 0.021205
v -0.020759 0.015671 0.020875
v -0.021311 0.014858 0.020071
v -0.020864 0.015623 0.019726
v -0.021448 0.014789 0.018942
v -0.020931 0.015514 0.018571
v -0.021458 0.014594 0.017820
v -0.020934 0.015318 0.017429
v -0.021447 0.014339 0.016714
v -0.020915 0.015062 0.016304
v -0.021437 0.014029 0.015625
v -0.020901 0.014747 0.015196
v -0.021417 0.013645 0.014553
v -0.020870 0.014346 0.014109
v -0.021365 0.013187 0.013488
v -0.020783 0.013853 0.013040
v -0.021282 0.012665 0.012430
v -0.020681 0.013312 0.011968
v -0.021152 0.012078 0.011398
v -0.020538 0.012717 0.010914
v -0.021005 0.011447 0.010392
v -0.020345 0.012065 0.009900
v -0.020784 0.010741 0.009462
v -0.020089 0.011351 0.008959
v -0.020561 0.010006 0.008569
v -0.019824 0.010612 0.008064
v -0.020300 0.009235 0.007731
v -0.019531 0.009846 0.007227
v -0.019970 0.008421 0.006962
v -0.019200 0.009046 0.006456
v -0.019620 0.007590 0.006199
v -0.018821 0.008203 0.005738
v -0.019234 0.006744 0.005418
v -0.018425 0.007351 0.004992
v -0.018819 0.005899 0.004586
v -0.018019 0.006513 0.004180
v -0.018318 0.005025 0.003751
v -0.017504 0.005634 0.003407
v -0.017668 0.004086 0.003010
v -0.016904 0.004713 0.002655
v -0.016986 0.003106 0.002282
v -0.016986 0.003106 0.002282
v -0.016249 0.003746 0.001917
v -0.016249 0.003746 0.001917
v -0.016291 0.002073 0.001609
v -0.015512 0.002707 0.001317
v -0.015512 0.000973 0.001154
v -0.014735 0.001612 0.000860
v -0.014701 -0.000175 0.000852
v -0.013934 0.000463 0.000550
v -0.013887 -0.001369 0.000615
v -0.013143 -0.000730 0.000267
v -0.013043 -0.002579 0.000515
v -0.012301 -0.001926 0.000174
v -0.012152 -0.003737 0.000594
v -0.011420 -0.003059 0.000244
v -0.011242 -0.004809 0.000753
v -0.010516 -0.004090 0.000410
v -0.010344 -0.005814 0.000861
v -0.009615 -0.005039 0.000537
v -0.009436 -0.006714 0.000998
v -0.008712 -0.005900 0.000651
v -0.008507 -0.007495 0.001220
v -0.007794 -0.006661 0.000839
v -0.007584 -0.008232 0.001357
v -0.006873 -0.007365 0.000986
v -0.006658 -0.008924 0.001433
v -0.005947 -0.008026 0.001064
v -0.005717 -0.009567 0.001465
v -0.005005 -0.008628 0.001114
v -0.004749 -0.010135 0.001485
v -0.004037 -0.009148 0.001146
v -0.003737 -0.010611 0.001490
v -0.003026 -0.009563 0.001179
v -0.002652 -0.010950 0.001484
v -0.001934 -0.009835 0.001185
v -0.001488 -0.011127 0.001505
v -0.003338 -0.011976 0.001936
v -0.002175 -0.012209 0.001941
v -0.000966 -0.012349 0.001895
v -0.002847 -0.013223 0.002520
v -0.001632 -0.013395 0.002476
v -0.000368 -0.013485 0.002406
v -0.002276 -0.014360 0.003147
v -0.001013 -0.014513 0.003037
v 0.000303 -0.014577 0.002908
v -0.001635 -0.015459 0.003766
v -0.000302 -0.015547 0.003645
v 0.001064 -0.015521 0.003562
v -0.000881 -0.016432 0.004453
v 0.000494 -0.016463 0.004329
v 0.001870 -0.016398 0.004270
v 0.002426 -0.015446 0.003519
v 0.003210 -0.016303 0.004272
v 0.003756 -0.015376 0.003526
v 0.004507 -0.016250 0.004298
v 0.005044 -0.015337 0.003603
v 0.005758 -0.016208 0.004421
v 0.006298 -0.015375 0.003722
v 0.006956 -0.016298 0.004667
v 0.007506 -0.015524 0.003994
v 0.008121 -0.016451 0.005048
v 0.008677 -0.015684 0.004418
v 0.009245 -0.016580 0.005546
v 0.009813 -0.015815 0.004925
v 0.010319 -0.016698 0.006103
v 0.010902 -0.015934 0.005473
v 0.011361 -0.016831 0.006666
v 0.011937 -0.016017 0.006055
v 0.012333 -0.016855 0.007306
v 0.012927 -0.016062 0.006643
v 0.013277 -0.016821 0.007949
v 0.013828 -0.015965 0.007301
v 0.014177 -0.016672 0.008607
v 0.014731 -0.015827 0.007918
v 0.015050 -0.016449 0.009246
v 0.015576 -0.015564 0.008558
v 0.015888 -0.016167 0.009873
v 0.016447 -0.015312 0.009147
v 0.016699 -0.015846 0.010486
v 0.017245 -0.014958 0.009770
v 0.017496 -0.015507 0.011089
v 0.018044 -0.014599 0.010378
v 0.018241 -0.015137 0.011711
v 0.018788 -0.014206 0.011011
v 0.018914 -0.014732 0.012364
v 0.019490 -0.013817 0.011666
v 0.019555 -0.014342 0.013033
v 0.020137 -0.013431 0.012360
v 0.020159 -0.013973 0.013733
v 0.020718 -0.013058 0.013113
v 0.020717 -0.013630 0.014485
v 0.021281 -0.012737 0.013912
v 0.021280 -0.013359 0.015288
v 0.021799 -0.012458 0.014777
v 0.021672 -0.013019 0.016198
v 0.022204 -0.012168 0.015745
v 0.022063 -0.012778 0.017175
v 0.022595 -0.011935 0.016782
v 0.022419 -0.012598 0.018211
v 0.022963 -0.011747 0.017869
v 0.022584 -0.012358 0.019298
v 0.023138 -0.011515 0.019000
v 0.022759 -0.012173 0.020394
v 0.023280 -0.011301 0.020126
v 0.022860 -0.011941 0.021481
v 0.023335 -0.011047 0.021228
v -0.021942 0.013290 0.021858
v -0.021604 0.014110 0.021529
v -0.022071 0.013248 0.020783
v -0.021729 0.014074 0.020425
v -0.022201 0.013170 0.019717
v -0.021868 0.014002 0.019327
v -0.022317 0.013039 0.018651
v -0.021923 0.013835 0.018231
v -0.022351 0.012815 0.017587
v -0.021939 0.013595 0.017143
v -0.022378 0.012530 0.016530
v -0.021951 0.013298 0.016068
v -0.022359 0.012165 0.015488
v -0.021927 0.012923 0.015010
v -0.022315 0.011729 0.014461
v -0.021875 0.012475 0.013963
v -0.022270 0.011235 0.013455
v -0.021810 0.011969 0.012929
v -0.022155 0.010668 0.012489
v -0.021677 0.011388 0.011935
v -0.022016 0.010048 0.011560
v -0.021545 0.010765 0.010963
v -0.021891 0.009388 0.010662
v -0.021388 0.010088 0.010037
v -0.021718 0.008676 0.009805
v -0.021214 0.009368 0.009147
v -0.021498 0.007918 0.008980
v -0.020956 0.008591 0.008325
v -0.021248 0.007126 0.008160
v -0.020654 0.007782 0.007537
v -0.020934 0.006302 0.007344
v -0.020315 0.006953 0.006751
v -0.020599 0.005470 0.006483
v -0.019947 0.006113 0.005933
v -0.020182 0.004616 0.005595
v -0.019541 0.005267 0.005065
v -0.019628 0.003721 0.004742
v -0.019003 0.004376 0.004226
v -0.018970 0.002781 0.003957
v -0.018374 0.003442 0.003425
v -0.018260 0.001797 0.003259
v -0.018260 0.001797 0.003259
v -0.017679 0.002457 0.002706
v -0.017679 0.002457 0.002706
v -0.017558 0.000760 0.002631
v -0.016967 0.001417 0.002067
v -0.016810 -0.000330 0.002157
v -0.016216 0.000318 0.001577
v -0.016037 -0.001465 0.001810
v -0.015415 -0.000825 0.001249
v -0.015214 -0.002627 0.001616
v -0.014585 -0.002007 0.001052
v -0.014392 -0.003830 0.001508
v -0.013734 -0.003212 0.000977
v -0.013527 -0.005017 0.001544
v -0.012859 -0.004396 0.001015
v -0.012620 -0.006128 0.001701
v -0.011945 -0.005487 0.001185
v -0.011734 -0.007205 0.001805
v -0.011050 -0.006532 0.001295
v -0.010821 -0.008181 0.001968
v -0.010137 -0.007473 0.001448
v -0.009885 -0.009034 0.002200
v -0.009204 -0.008293 0.001666
v -0.008937 -0.009791 0.002435
v -0.008269 -0.009040 0.001856
v -0.008010 -0.010545 0.002520
v -0.007343 -0.009764 0.001929
v -0.007075 -0.011256 0.002539
v -0.006408 -0.010447 0.001941
v -0.006117 -0.011917 0.002504
v -0.005446 -0.011068 0.001921
v -0.005086 -0.012466 0.002521
v -0.004422 -0.011579 0.001945
v -0.003996 -0.012908 0.002533
v -0.005726 -0.013294 0.003168
v -0.004631 -0.013766 0.003202
v -0.003487 -0.014134 0.003198
v -0.005260 -0.014563 0.003918
v -0.004119 -0.014979 0.003925
v -0.002910 -0.015269 0.003871
v -0.004740 -0.015722 0.004742
v -0.003526 -0.016084 0.004699
v -0.002235 -0.016335 0.004549
v -0.004135 -0.016850 0.005485
v -0.002813 -0.017135 0.005355
v -0.001440 -0.017291 0.005247
v -0.003375 -0.017845 0.006206
v -0.001981 -0.018064 0.006092
v -0.000573 -0.018140 0.006014
v -0.000048 -0.017323 0.005166
v 0.000819 -0.018139 0.005940
v 0.001335 -0.017298 0.005081
v 0.002176 -0.018101 0.005881
v 0.002683 -0.017234 0.005037
v 0.003482 -0.018018 0.005887
v 0.003984 -0.017153 0.005053
v 0.004720 -0.017935 0.005962
v 0.005227 -0.017060 0.005165
v 0.005883 -0.017897 0.006161
v 0.006404 -0.017055 0.005415
v 0.006999 -0.017941 0.006477
v 0.007555 -0.017206 0.005722
v 0.008101 -0.018092 0.006865
v 0.008666 -0.017338 0.006189
v 0.009157 -0.018190 0.007411
v 0.009733 -0.017463 0.006735
v 0.010168 -0.018244 0.008033
v 0.010770 -0.017595 0.007307
v 0.011159 -0.018287 0.008671
v 0.011758 -0.017638 0.007949
v 0.012125 -0.018256 0.009339
v 0.012697 -0.017570 0.008635
v 0.013027 -0.018076 0.010057
v 0.013581 -0.017379 0.009342
v 0.013915 -0.017884 0.010744
v 0.014480 -0.017201 0.009992
v 0.014757 -0.017654 0.011413
v 0.015326 -0.016950 0.010631
v 0.015570 -0.017405 0.012045
v 0.016131 -0.016653 0.011251
v 0.016342 -0.017087 0.012660
v 0.016911 -0.016325 0.011857
v 0.017055 -0.016703 0.013284
v 0.017641 -0.015955 0.012478
v 0.017757 -0.016352 0.013912
v 0.018353 -0.015599 0.013109
v 0.018421 -0.016018 0.014558
v 0.019002 -0.015222 0.013765
v 0.019009 -0.015662 0.015231
v 0.019576 -0.014826 0.014452
v 0.019506 -0.015272 0.015932
v 0.020118 -0.014463 0.015164
v 0.019959 -0.014914 0.016658
v 0.020592 -0.014102 0.015929
v 0.020359 -0.014605 0.017425
v 0.021055 -0.013826 0.016752
v 0.020706 -0.014336 0.018245
v 0.021433 -0.013575 0.017651
v 0.021032 -0.014136 0.019127
v 0.021719 -0.013346 0.018625
v 0.021297 -0.013957 0.020087
v 0.022021 -0.013218 0.019648
v 0.021507 -0.013766 0.021106
v 0.022166 -0.013006 0.020710
v 0.021653 -0.013505 0.022150
v 0.022289 -0.012770 0.021776
v -0.022277 0.012473 0.022197
v -0.022757 0.011612 0.021517
v -0.022426 0.012432 0.021151
v -0.022873 0.011525 0.020500
v -0.022526 0.012338 0.020108
v -0.022999 0.011407 0.019486
v -0.022625 0.012206 0.019069
v -0.023038 0.011201 0.018477
v -0.022696 0.012008 0.018034
v -0.023063 0.010937 0.017476
v -0.022722 0.011735 0.017004
v -0.023052 0.010600 0.016490
v -0.022704 0.011381 0.015987
v -0.023003 0.010178 0.015530
v -0.022659 0.010952 0.014992
v -0.022963 0.009696 0.014592
v -0.022631 0.010468 0.014017
v -0.022868 0.009147 0.013693
v -0.022538 0.009912 0.013080
v -0.022792 0.008548 0.012824
v -0.022419 0.009301 0.012186
v -0.022683 0.007902 0.011984
v -0.022301 0.008650 0.011321
v -0.022570 0.007225 0.011154
v -0.022151 0.007956 0.010482
v -0.022400 0.006510 0.010331
v -0.022019 0.007234 0.009632
v -0.022187 0.005759 0.009487
v -0.021749 0.006450 0.008819
v -0.021908 0.004957 0.008624
v -0.021483 0.005640 0.007962
v -0.021572 0.004121 0.007728
v -0.021144 0.004803 0.007082
v -0.021095 0.003255 0.006853
v -0.020692 0.003939 0.006200
v -0.020522 0.002366 0.006013
v -0.020124 0.003047 0.005351
v -0.019883 0.001443 0.005237
v -0.019460 0.002115 0.004577
v -0.019244 0.000470 0.004518
v -0.019244 0.000470 0.004518
v -0.018762 0.001138 0.003884
v -0.018762 0.001138 0.003884
v -0.018600 -0.000557 0.003898
v -0.018084 0.000107 0.003261
v -0.017889 -0.001622 0.003447
v -0.017365 -0.000973 0.002786
v -0.017084 -0.002698 0.003190
v -0.016580 -0.002084 0.002478
v -0.016290 -0.003814 0.003017
v -0.015779 -0.003227 0.002281
v -0.015545 -0.004988 0.002870
v -0.014995 -0.004417 0.002148
v -0.014711 -0.006138 0.002903
v -0.014142 -0.005591 0.002185
v -0.013863 -0.007280 0.002989
v -0.013258 -0.006719 0.002313
v -0.012993 -0.008382 0.003105
v -0.012383 -0.007816 0.002419
v -0.012094 -0.009402 0.003283
v -0.011472 -0.008811 0.002601
v -0.011167 -0.010320 0.003505
v -0.010537 -0.009695 0.002834
v -0.010236 -0.011168 0.003702
v -0.009596 -0.010504 0.003044
v -0.009310 -0.011979 0.003810
v -0.008662 -0.011280 0.003157
v -0.008373 -0.012750 0.003846
v -0.007731 -0.012030 0.003169
v -0.007390 -0.013446 0.003862
v -0.006760 -0.012711 0.003157
v -0.006349 -0.014044 0.003897
v -0.008025 -0.014117 0.004617
v -0.006990 -0.014746 0.004656
v -0.005898 -0.015283 0.004698
v -0.007642 -0.015357 0.005484
v -0.006548 -0.015938 0.005509
v -0.005375 -0.016434 0.005524
v -0.007202 -0.016503 0.006373
v -0.005997 -0.017032 0.006373
v -0.004732 -0.017520 0.006301
v -0.006582 -0.017534 0.007262
v -0.005284 -0.018064 0.007187
v -0.003914 -0.018464 0.007105
v -0.005796 -0.018545 0.008082
v -0.004416 -0.018985 0.008012
v -0.003003 -0.019310 0.007913
v -0.002502 -0.018718 0.007002
v -0.001574 -0.019485 0.007850
v -0.001082 -0.018848 0.006922
v -0.000153 -0.019574 0.007779
v 0.000322 -0.018904 0.006840
v 0.001239 -0.019589 0.007735
v 0.001694 -0.018871 0.006796
v 0.002569 -0.019563 0.007727
v 0.003013 -0.018833 0.006771
v 0.003807 -0.019515 0.007790
v 0.004250 -0.018775 0.006832
v 0.004963 -0.019460 0.007949
v 0.005402 -0.018697 0.007024
v 0.006060 -0.019465 0.008184
v 0.006508 -0.018716 0.007286
v 0.007103 -0.019481 0.008536
v 0.007581 -0.018776 0.007666
v 0.008085 -0.019455 0.009044
v 0.008613 -0.018852 0.008174
v 0.009075 -0.019512 0.009587
v 0.009612 -0.018905 0.008773
v 0.010050 -0.019492 0.010204
v 0.010590 -0.018911 0.009415
v 0.011017 -0.019428 0.010851
v 0.011555 -0.018855 0.010083
v 0.011944 -0.019301 0.011532
v 0.012497 -0.018742 0.010770
v 0.012825 -0.019139 0.012229
v 0.013380 -0.018552 0.011477
v 0.013648 -0.018923 0.012942
v 0.014222 -0.018347 0.012170
v 0.014413 -0.018640 0.013650
v 0.014996 -0.018059 0.012854
v 0.015147 -0.018326 0.014320
v 0.015782 -0.017785 0.013483
v 0.015848 -0.017992 0.014962
v 0.016480 -0.017402 0.014115
v 0.016512 -0.017679 0.015601
v 0.017151 -0.017046 0.014747
v 0.017092 -0.017328 0.016262
v 0.017759 -0.016690 0.015402
v 0.017650 -0.017017 0.016932
v 0.018316 -0.016338 0.016073
v 0.018114 -0.016675 0.017631
v 0.018802 -0.015979 0.016767
v 0.018575 -0.016431 0.018358
v 0.019243 -0.015663 0.017484
v 0.018904 -0.016104 0.019114
v 0.019614 -0.015364 0.018230
v 0.019269 -0.015852 0.019882
v 0.019984 -0.015128 0.019001
v 0.019623 -0.015613 0.020674
v 0.020303 -0.014886 0.019815
v 0.019880 -0.015307 0.021510
v 0.020595 -0.014671 0.020703
v 0.020852 -0.014457 0.021668
v -0.023047 0.010782 0.021873
v -0.023461 0.009881 0.021267
v -0.023221 0.010722 0.020890
v -0.023610 0.009785 0.020313
v -0.023326 0.010599 0.019899
v -0.023726 0.009627 0.019356
v -0.023422 0.010423 0.018913
v -0.023789 0.009386 0.018403
v -0.023443 0.010159 0.017936
v -0.023814 0.009067 0.017467
v -0.023437 0.009829 0.016977
v -0.023817 0.008673 0.016562
v -0.023406 0.009423 0.016046
v -0.023788 0.008202 0.015694
v -0.023342 0.008939 0.015153
v -0.023709 0.007660 0.014866
v -0.023271 0.008399 0.014286
v -0.023597 0.007061 0.014070
v -0.023187 0.007804 0.013452
v -0.023471 0.006422 0.013282
v -0.023051 0.007156 0.012648
v -0.023298 0.005745 0.012494
v -0.022892 0.006475 0.011848
v -0.023089 0.005038 0.011683
v -0.022739 0.005772 0.011020
v -0.022879 0.004312 0.010822
v -0.022547 0.005041 0.010160
v -0.022575 0.003544 0.009956
v -0.022259 0.004258 0.009291
v -0.022252 0.002733 0.009056
v -0.021920 0.003432 0.008395
v -0.021803 0.001882 0.008179
v -0.021471 0.002570 0.007509
v -0.021278 0.000996 0.007336
v -0.020900 0.001681 0.006676
v -0.020697 0.000077 0.006560
v -0.020264 0.000763 0.005913
v -0.020113 -0.000886 0.005868
v -0.020113 -0.000886 0.005868
v -0.019671 -0.000207 0.005192
v -0.019671 -0.000207 0.005192
v -0.019501 -0.001898 0.005307
v -0.019059 -0.001228 0.004589
v -0.018814 -0.002935 0.004909
v -0.018360 -0.002275 0.004166
v -0.018074 -0.003983 0.004655
v -0.017565 -0.003322 0.003933
v -0.017324 -0.005055 0.004497
v -0.016789 -0.004415 0.003772
v -0.016556 -0.006152 0.004429
v -0.016045 -0.005556 0.003653
v -0.015758 -0.007262 0.004445
v -0.015250 -0.006692 0.003660
v -0.014940 -0.008376 0.004504
v -0.014428 -0.007828 0.003719
v -0.014080 -0.009447 0.004646
v -0.013566 -0.008926 0.003839
v -0.013199 -0.010453 0.004855
v -0.012675 -0.009952 0.004026
v -0.012326 -0.011409 0.005057
v -0.011769 -0.010896 0.004238
v -0.011448 -0.012310 0.005221
v -0.010860 -0.011777 0.004415
v -0.010562 -0.013170 0.005319
v -0.009940 -0.012605 0.004536
v -0.009629 -0.013954 0.005403
v -0.009008 -0.013399 0.004579
v -0.008651 -0.014674 0.005469
v -0.010253 -0.014443 0.006285
v -0.009311 -0.015196 0.006333
v -0.008304 -0.015889 0.006361
v -0.009934 -0.015607 0.007301
v -0.008946 -0.016336 0.007304
v -0.007827 -0.016986 0.007280
v -0.009530 -0.016726 0.008278
v -0.008369 -0.017381 0.008232
v -0.007122 -0.018005 0.008151
v -0.008875 -0.017801 0.009150
v -0.007586 -0.018415 0.009069
v -0.006247 -0.018971 0.008996
v -0.007997 -0.018807 0.009988
v -0.006649 -0.019368 0.009920
v -0.005293 -0.019884 0.009846
v -0.004874 -0.019446 0.008929
v -0.003896 -0.020265 0.009802
v -0.003477 -0.019847 0.008842
v -0.002481 -0.020596 0.009722
v -0.002048 -0.020097 0.008775
v -0.001029 -0.020724 0.009691
v -0.000602 -0.020166 0.008745
v 0.000386 -0.020788 0.009682
v 0.000808 -0.020236 0.008701
v 0.001718 -0.020811 0.009714
v 0.002140 -0.020218 0.008716
v 0.002955 -0.020827 0.009795
v 0.003374 -0.020167 0.008800
v 0.004097 -0.020757 0.009989
v 0.004521 -0.020115 0.008961
v 0.005172 -0.020750 0.010222
v 0.005606 -0.020138 0.009173
v 0.006192 -0.020739 0.010535
v 0.006621 -0.020103 0.009522
v 0.007171 -0.020675 0.010953
v 0.007602 -0.020081 0.009967
v 0.008144 -0.020623 0.011432
v 0.008583 -0.020093 0.010470
v 0.009117 -0.020612 0.011945
v 0.009553 -0.020045 0.011048
v 0.010047 -0.020554 0.012520
v 0.010516 -0.019997 0.011652
v 0.010917 -0.020426 0.013142
v 0.011431 -0.019894 0.012300
v 0.011711 -0.020202 0.013805
v 0.012275 -0.019703 0.012990
v 0.012474 -0.019964 0.014482
v 0.013063 -0.019454 0.013704
v 0.013185 -0.019666 0.015179
v 0.013816 -0.019188 0.014414
v 0.013886 -0.019389 0.015872
v 0.014526 -0.018878 0.015110
v 0.014535 -0.019071 0.016558
v 0.015219 -0.018582 0.015775
v 0.015188 -0.018834 0.017223
v 0.015837 -0.018242 0.016437
v 0.015718 -0.018480 0.017905
v 0.016421 -0.017930 0.017103
v 0.016243 -0.018204 0.018592
v 0.016951 -0.017620 0.017787
v 0.016684 -0.017902 0.019301
v 0.017450 -0.017364 0.018491
v 0.017094 -0.017641 0.020039
v 0.017854 -0.017077 0.019234
v 0.017462 -0.017369 0.020797
v 0.018175 -0.016738 0.019995
v 0.017816 -0.017110 0.021565
v 0.018548 -0.016485 0.020765
v 0.018843 -0.016172 0.021549
v 0.016671 -0.017944 0.021519
v 0.016303 -0.018192 0.020781
v 0.015516 -0.018812 0.021508
v 0.015151 -0.019075 0.020813
v 0.014291 -0.019630 0.021596
v 0.015921 -0.018467 0.020062
v 0.015503 -0.018759 0.019363
v 0.014708 -0.019272 0.020133
v 0.014261 -0.019525 0.019456
v 0.013493 -0.020062 0.020301
v 0.013921 -0.019871 0.020945
v 0.014988 -0.018990 0.018678
v 0.014479 -0.019320 0.017994
v 0.013779 -0.019809 0.018787
v 0.013225 -0.020068 0.018138
v 0.012574 -0.020570 0.019054
v 0.013077 -0.020338 0.019663
v 0.013891 -0.019601 0.017320
v 0.013230 -0.019836 0.016654
v 0.012656 -0.020372 0.017499
v 0.012043 -0.020662 0.016882
v 0.011482 -0.021113 0.017911
v 0.012040 -0.020832 0.018471
v 0.012583 -0.020149 0.015982
v 0.011878 -0.020407 0.015338
v 0.011395 -0.020943 0.016283
v 0.010746 -0.021262 0.015687
v 0.010221 -0.021542 0.016846
v 0.010902 -0.021411 0.017362
v 0.011183 -0.020705 0.014696
v 0.010449 -0.020971 0.014064
v 0.009986 -0.021396 0.015132
v 0.009192 -0.021492 0.014585
v 0.008780 -0.021791 0.015810
v 0.009533 -0.021723 0.016327
v 0.009625 -0.021120 0.013469
v 0.008722 -0.021144 0.012935
v 0.008353 -0.021566 0.014054
v 0.007457 -0.021635 0.013558
v 0.007167 -0.022079 0.014719
v 0.008013 -0.021960 0.015256
v 0.007777 -0.021152 0.012453
v 0.006813 -0.021219 0.012001
v 0.006514 -0.021735 0.013096
v 0.005517 -0.021823 0.012691
v 0.005225 -0.022168 0.013825
v 0.006230 -0.022127 0.014244
v 0.005829 -0.021325 0.011594
v 0.004793 -0.021368 0.011270
v 0.004461 -0.021833 0.012367
v 0.003359 -0.021852 0.012085
v 0.003039 -0.022235 0.013154
v 0.004164 -0.022244 0.013455
v 0.003703 -0.021327 0.011040
v 0.002551 -0.021370 0.010832
v 0.002185 -0.021812 0.011882
v 0.000932 -0.021744 0.011748
v 0.000581 -0.022150 0.012746
v 0.001849 -0.022256 0.012896
v 0.001310 -0.021296 0.010738
v -0.000023 -0.021284 0.010662
v -0.000405 -0.021686 0.011660
v -0.001815 -0.021589 0.011636
v -0.002164 -0.021922 0.012630
v -0.000762 -0.022084 0.012639
v -0.001434 -0.021184 0.010659
v -0.002874 -0.020997 0.010695
v -0.003239 -0.021347 0.011682
v -0.004632 -0.021014 0.011723
v -0.004967 -0.021312 0.012707
v -0.003575 -0.021647 0.012678
v -0.004292 -0.020709 0.010730
v -0.005657 -0.020250 0.010798
v -0.005999 -0.020587 0.011753
v -0.007356 -0.020066 0.011791
v -0.007675 -0.020328 0.012753
v -0.006333 -0.020877 0.012719
v -0.007022 -0.019755 0.010841
v -0.008368 -0.019160 0.010917
v -0.008693 -0.019448 0.011870
v -0.009979 -0.018714 0.012029
v -0.010257 -0.018946 0.013001
v -0.008977 -0.019672 0.012844
v -0.009668 -0.018463 0.011058
v -0.010869 -0.017668 0.011238
v -0.011189 -0.017904 0.012233
v -0.009300 -0.018160 0.010098
v -0.010480 -0.017390 0.010251
v -0.011526 -0.016582 0.010358
v -0.011950 -0.016848 0.011389
v -0.010037 -0.017075 0.009264
v -0.011072 -0.016313 0.009312
v -0.011976 -0.015513 0.009321
v -0.012449 -0.015770 0.010407
v -0.010539 -0.015989 0.008289
v -0.011457 -0.015225 0.008248
v -0.012281 -0.014403 0.008195
v -0.012822 -0.014723 0.009263
v -0.010869 -0.014863 0.007236
v -0.011725 -0.014047 0.007170
v -0.012568 -0.013217 0.007040
v -0.013088 -0.013580 0.008069
v -0.011159 -0.013649 0.006200
v -0.012012 -0.012784 0.006101
v -0.012857 -0.011883 0.005940
v -0.013384 -0.012335 0.006872
v -0.014179 -0.011392 0.006677
v -0.014662 -0.011821 0.007665
v -0.013895 -0.012740 0.007872
v -0.013697 -0.010936 0.005736
v -0.014543 -0.009943 0.005527
v -0.014964 -0.010396 0.006484
v -0.015798 -0.009408 0.006285
v -0.016193 -0.009861 0.007268
v -0.015408 -0.010839 0.007467
v -0.015376 -0.008895 0.005374
v -0.016231 -0.007847 0.005257
v -0.016631 -0.008390 0.006154
v -0.017448 -0.007349 0.006100
v -0.017819 -0.007876 0.007028
v -0.016994 -0.008869 0.007117
v -0.017041 -0.006770 0.005224
v -0.017825 -0.005706 0.005265
v -0.018237 -0.006307 0.006126
v -0.018990 -0.005266 0.006247
v -0.019335 -0.005829 0.007158
v -0.018609 -0.006860 0.007037
v -0.018567 -0.004648 0.005409
v -0.019261 -0.003593 0.005674
v -0.019687 -0.004224 0.006482
v -0.020345 -0.003205 0.006837
v -0.020634 -0.003803 0.007732
v -0.020008 -0.004803 0.007386
v -0.019955 -0.002566 0.006036
v -0.020546 -0.001557 0.006580
v -0.020546 -0.001557 0.006580
v -0.020941 -0.002215 0.007342
v -0.020941 -0.002215 0.007342
v -0.021479 -0.001263 0.007989
v -0.021737 -0.001904 0.008816
v -0.021200 -0.002832 0.008211
v -0.021200 -0.002832 0.008211
v -0.021125 -0.000601 0.007239
v -0.021659 0.000315 0.008009
v -0.021996 -0.000359 0.008735
v -0.022450 0.000505 0.009564
v -0.022685 -0.000175 0.010332
v -0.022257 -0.001024 0.009525
v -0.022146 0.001192 0.008851
v -0.022549 0.002030 0.009736
v -0.022861 0.001328 0.010429
v -0.023173 0.002112 0.011315
v -0.023405 0.001413 0.012055
v -0.023089 0.000635 0.011180
v -0.022890 0.002826 0.010621
v -0.023188 0.003582 0.011486
v -0.023456 0.002858 0.012179
v -0.023736 0.003580 0.013002
v -0.023963 0.002881 0.013731
v -0.023674 0.002159 0.012916
v -0.023448 0.004307 0.012325
v -0.023690 0.005011 0.013124
v -0.023993 0.004280 0.013792
v -0.024165 0.004953 0.014573
v -0.024350 0.004254 0.015290
v -0.024173 0.003582 0.014524
v -0.023877 0.005686 0.013906
v -0.024004 0.006323 0.014685
v -0.024304 0.005592 0.015340
v -0.024363 0.006179 0.016115
v -0.024530 0.005475 0.016794
v -0.024476 0.004887 0.016043
v -0.024079 0.006911 0.015473
v -0.024155 0.007453 0.016273
v -0.024398 0.006715 0.016898
v -0.024371 0.007177 0.017706
v -0.024486 0.006441 0.018316
v -0.024529 0.006002 0.017553
v -0.024153 0.007924 0.017114
v -0.024093 0.008305 0.017991
v -0.024308 0.007545 0.018539
v -0.024238 0.007821 0.019389
v -0.024376 0.007000 0.019862
v -0.024446 0.006761 0.019086
v -0.024040 0.008606 0.018892
v -0.023951 0.008819 0.019803
v -0.024157 0.008003 0.020240
v -0.024042 0.008106 0.021089
v -0.024172 0.007208 0.021401
v -0.024279 0.007138 0.020632
v -0.023840 0.008957 0.020718
v -0.023700 0.009035 0.021624
v -0.023914 0.008163 0.021940
v -0.024075 0.007247 0.022190
v -0.024431 0.005264 0.021734
v -0.024312 0.006267 0.021635
v -0.024481 0.005252 0.021072
v -0.024395 0.006219 0.020941
v -0.024581 0.005235 0.020392
v -0.024469 0.006118 0.020231
v -0.024635 0.004293 0.020909
v -0.024639 0.004375 0.020210
v -0.024639 0.003371 0.020526
v -0.024677 0.003561 0.019773
v -0.024706 0.003846 0.019021
v -0.024664 0.002782 0.019197
v -0.024686 0.003158 0.018382
v -0.024664 0.003640 0.017573
v -0.024691 0.004262 0.018263
v -0.024586 0.004230 0.016786
v -0.024616 0.004818 0.017511
v -0.024581 0.002994 0.016857
v -0.024481 0.003600 0.016053
v -0.024450 0.002320 0.016107
v -0.024330 0.002929 0.015297
v -0.024244 0.001613 0.015323
v -0.024127 0.002225 0.014509
v -0.024017 0.000873 0.014499
v -0.023873 0.001496 0.013688
v -0.023718 0.000114 0.013659
v -0.023582 0.000745 0.012838
v -0.023364 -0.000662 0.012821
v -0.023251 -0.000032 0.011978
v -0.022970 -0.001463 0.012019
v -0.022867 -0.000839 0.011146
v -0.022515 -0.002281 0.011295
v -0.022422 -0.001671 0.010380
v -0.022023 -0.003118 0.010663
v -0.021919 -0.002528 0.009706
v -0.021509 -0.003985 0.010134
v -0.021509 -0.003985 0.010134
v -0.021376 -0.003418 0.009145
v -0.021376 -0.003418 0.009145
v -0.020983 -0.004893 0.009720
v -0.020838 -0.004365 0.008695
v -0.020425 -0.005830 0.009418
v -0.020255 -0.005342 0.008362
v -0.019811 -0.006776 0.009216
v -0.019590 -0.006321 0.008156
v -0.019116 -0.007705 0.009121
v -0.018897 -0.007321 0.008038
v -0.018412 -0.008661 0.009116
v -0.018136 -0.008307 0.008036
v -0.017709 -0.009636 0.009203
v -0.017370 -0.009294 0.008123
v -0.016972 -0.010582 0.009383
v -0.016580 -0.010246 0.008306
v -0.016257 -0.011524 0.009600
v -0.015838 -0.011214 0.008509
v -0.015552 -0.012445 0.009839
v -0.015087 -0.012144 0.008744
v -0.014843 -0.013331 0.010069
v -0.014360 -0.013054 0.008958
v -0.014091 -0.014162 0.010263
v -0.013589 -0.013888 0.009154
v -0.013326 -0.014998 0.010360
v -0.014562 -0.014396 0.011383
v -0.013789 -0.015237 0.011460
v -0.012920 -0.016048 0.011461
v -0.014191 -0.015435 0.012561
v -0.013334 -0.016292 0.012515
v -0.012313 -0.017089 0.012413
v -0.013663 -0.016491 0.013570
v -0.012617 -0.017305 0.013424
v -0.011468 -0.018127 0.013218
v -0.012866 -0.017505 0.014430
v -0.011711 -0.018331 0.014200
v -0.010490 -0.019129 0.013988
v -0.011919 -0.018504 0.015192
v -0.010705 -0.019278 0.014983
v -0.009457 -0.019994 0.014838
v -0.009241 -0.019873 0.013829
v -0.008202 -0.020677 0.014739
v -0.007970 -0.020546 0.013732
v -0.006902 -0.021267 0.014686
v -0.006636 -0.021082 0.013702
v -0.005553 -0.021757 0.014667
v -0.005277 -0.021555 0.013690
v -0.004174 -0.022181 0.014643
v -0.003892 -0.021945 0.013661
v -0.002786 -0.022536 0.014600
v -0.002485 -0.022226 0.013622
v -0.001403 -0.022679 0.014635
v -0.001095 -0.022407 0.013634
v -0.000064 -0.022799 0.014733
v 0.000245 -0.022528 0.013731
v 0.001230 -0.022848 0.014929
v 0.001530 -0.022614 0.013910
v 0.002461 -0.022927 0.015214
v 0.002739 -0.022571 0.014202
v 0.003617 -0.022849 0.015614
v 0.003887 -0.022576 0.014538
v 0.004704 -0.022825 0.016089
v 0.004966 -0.022551 0.014937
v 0.005699 -0.022781 0.016660
v 0.005955 -0.022468 0.015418
v 0.006560 -0.022631 0.017268
v 0.006859 -0.022401 0.015947
v 0.007325 -0.022537 0.017857
v 0.007668 -0.022292 0.016520
v 0.008015 -0.022487 0.018402
v 0.008406 -0.022167 0.017074
v 0.008650 -0.022411 0.018911
v 0.009089 -0.022029 0.017598
v 0.009201 -0.022260 0.019406
v 0.009737 -0.021919 0.018089
v 0.009733 -0.022187 0.019871
v 0.010315 -0.021719 0.018581
v 0.010198 -0.022000 0.020339
v 0.010866 -0.021522 0.019076
v 0.010621 -0.021784 0.020809
v 0.011368 -0.021281 0.019582
v 0.011038 -0.021613 0.021296
v 0.011843 -0.021057 0.020112
v 0.011364 -0.021347 0.021811
v 0.012279 -0.020852 0.020676
v 0.012671 -0.020652 0.021264
v 0.012998 -0.020388 0.021861
v -0.024557 0.003126 0.022061
v -0.024613 0.003233 0.021296
v -0.024560 0.004236 0.021621
v -0.024529 0.002111 0.021654
v -0.024612 0.002267 0.020850
v -0.024647 0.002490 0.020020
v -0.024504 0.001367 0.020272
v -0.024554 0.001644 0.019414
v -0.024609 0.002016 0.018543
v -0.024426 0.000849 0.018705
v -0.024454 0.001273 0.017823
v -0.024479 0.001764 0.016954
v -0.024621 0.002460 0.017692
v -0.024306 0.000525 0.017039
v -0.024314 0.001043 0.016167
v -0.024077 -0.000237 0.016227
v -0.024098 0.000292 0.015346
v -0.023801 -0.001021 0.015417
v -0.023795 -0.000476 0.014519
v -0.023429 -0.001797 0.014645
v -0.023427 -0.001249 0.013711
v -0.023029 -0.002575 0.013923
v -0.023015 -0.002037 0.012949
v -0.022624 -0.003381 0.013267
v -0.022559 -0.002843 0.012266
v -0.022168 -0.004197 0.012712
v -0.022085 -0.003670 0.011669
v -0.021735 -0.005051 0.012261
v -0.021735 -0.005051 0.012261
v -0.021623 -0.004533 0.011173
v -0.021623 -0.004533 0.011173
v -0.021245 -0.005908 0.011923
v -0.021122 -0.005411 0.010798
v -0.020721 -0.006780 0.011677
v -0.020582 -0.006308 0.010525
v -0.020118 -0.007631 0.011525
v -0.019972 -0.007199 0.010348
v -0.019486 -0.008476 0.011460
v -0.019321 -0.008085 0.010259
v -0.018856 -0.009336 0.011474
v -0.018667 -0.008996 0.010256
v -0.018247 -0.010226 0.011562
v -0.017991 -0.009920 0.010350
v -0.017633 -0.011126 0.011729
v -0.017300 -0.010839 0.010532
v -0.017032 -0.012038 0.011939
v -0.016677 -0.011802 0.010733
v -0.016396 -0.012917 0.012171
v -0.015981 -0.012679 0.010991
v -0.015717 -0.013766 0.012372
v -0.015295 -0.013554 0.011212
v -0.015002 -0.014615 0.012501
v -0.016100 -0.013988 0.013552
v -0.015361 -0.014803 0.013645
v -0.014528 -0.015611 0.013663
v -0.015639 -0.014978 0.014800
v -0.014819 -0.015809 0.014752
v -0.013908 -0.016666 0.014623
v -0.015048 -0.016014 0.015831
v -0.014095 -0.016835 0.015671
v -0.013075 -0.017698 0.015438
v -0.014241 -0.016991 0.016719
v -0.013208 -0.017819 0.016472
v -0.012086 -0.018624 0.016206
v -0.013342 -0.017928 0.017515
v -0.012239 -0.018716 0.017238
v -0.011093 -0.019493 0.017002
v -0.010907 -0.019400 0.015987
v -0.009867 -0.020215 0.016829
v -0.009672 -0.020117 0.015836
v -0.008577 -0.020883 0.016718
v -0.008398 -0.020784 0.015738
v -0.007268 -0.021503 0.016657
v -0.007105 -0.021409 0.015675
v -0.005954 -0.022064 0.016623
v -0.005764 -0.021906 0.015650
v -0.004612 -0.022499 0.016612
v -0.004403 -0.022346 0.015629
v -0.003276 -0.022880 0.016605
v -0.003044 -0.022726 0.015603
v -0.001934 -0.023132 0.016628
v -0.001686 -0.022935 0.015629
v -0.000595 -0.023280 0.016713
v -0.000349 -0.023035 0.015729
v 0.000719 -0.023307 0.016920
v 0.000952 -0.023102 0.015924
v 0.001991 -0.023326 0.017290
v 0.002198 -0.023155 0.016242
v 0.003223 -0.023279 0.017874
v 0.003382 -0.023100 0.016713
v 0.004368 -0.023238 0.018562
v 0.004496 -0.023061 0.017319
v 0.005486 -0.022998 0.017977
v 0.006305 -0.022877 0.018627
v 0.006533 -0.022998 0.020441
v 0.006968 -0.022719 0.019224
v 0.006997 -0.022942 0.020927
v 0.007561 -0.022715 0.019741
v 0.007432 -0.022887 0.021391
v 0.008065 -0.022569 0.020237
v 0.007795 -0.022756 0.021829
v 0.008563 -0.022585 0.020717
v 0.008134 -0.022696 0.022186
v 0.008970 -0.022442 0.021148
v 0.009354 -0.022301 0.021558
v 0.009720 -0.022135 0.021978
v -0.024378 0.000989 0.021972
v -0.024466 0.001154 0.021119
v -0.024257 0.000040 0.021379
v -0.024327 0.000257 0.020470
v -0.024360 0.000527 0.019581
v -0.024158 -0.000630 0.019767
v -0.024202 -0.000310 0.018836
v -0.024264 0.000067 0.017931
v -0.023985 -0.001147 0.018062
v -0.024036 -0.000720 0.017131
v -0.023724 -0.001965 0.017302
v -0.023768 -0.001518 0.016344
v -0.023393 -0.002770 0.016601
v -0.023422 -0.002311 0.015605
v -0.023086 -0.003588 0.015961
v -0.023066 -0.003108 0.014918
v -0.022755 -0.004398 0.015399
v -0.022698 -0.003909 0.014300
v -0.022380 -0.005201 0.014929
v -0.022273 -0.004713 0.013792
v -0.021928 -0.005990 0.014568
v -0.021928 -0.005990 0.014568
v -0.021848 -0.005545 0.013386
v -0.021848 -0.005545 0.013386
v -0.021446 -0.006796 0.014296
v -0.021347 -0.006372 0.013088
v -0.020934 -0.007609 0.014110
v -0.020803 -0.007205 0.012877
v -0.020412 -0.008435 0.014014
v -0.020223 -0.008035 0.012754
v -0.019896 -0.009273 0.013996
v -0.019687 -0.008901 0.012697
v -0.019365 -0.010106 0.014050
v -0.019110 -0.009744 0.012729
v -0.018813 -0.010927 0.014170
v -0.018546 -0.010600 0.012829
v -0.018235 -0.011731 0.014340
v -0.017952 -0.011441 0.013001
v -0.017649 -0.012538 0.014518
v -0.017366 -0.012298 0.013202
v -0.017047 -0.013356 0.014668
v -0.016753 -0.013145 0.013401
v -0.016390 -0.014173 0.014767
v -0.017299 -0.013565 0.015944
v -0.016605 -0.014340 0.015983
v -0.015854 -0.015153 0.015945
v -0.016767 -0.014531 0.017183
v -0.016033 -0.015354 0.017072
v -0.015188 -0.016172 0.016918
v -0.016107 -0.015509 0.018222
v -0.015296 -0.016317 0.018019
v -0.014378 -0.017133 0.017779
v -0.015377 -0.016457 0.019150
v -0.014458 -0.017218 0.018868
v -0.013458 -0.018009 0.018574
v -0.014513 -0.017317 0.019984
v -0.013571 -0.018116 0.019644
v -0.012505 -0.018868 0.019327
v -0.012386 -0.018800 0.018280
v -0.011383 -0.019620 0.019043
v -0.011246 -0.019553 0.018023
v -0.010191 -0.020344 0.018801
v -0.010045 -0.020296 0.017813
v -0.008938 -0.021055 0.018635
v -0.008765 -0.020989 0.017678
v -0.007631 -0.021697 0.018566
v -0.007447 -0.021610 0.017618
v -0.006320 -0.022266 0.018556
v -0.006133 -0.022165 0.017597
v -0.005005 -0.022752 0.018555
v -0.004824 -0.022661 0.017585
v -0.003641 -0.023046 0.018567
v -0.003482 -0.023003 0.017595
v -0.002273 -0.023332 0.018586
v -0.002133 -0.023277 0.017618
v -0.000887 -0.023476 0.018664
v -0.000775 -0.023414 0.017702
v 0.000478 -0.023570 0.018890
v 0.000562 -0.023461 0.017919
v 0.001844 -0.023595 0.019380
v 0.001878 -0.023503 0.018362
v 0.003204 -0.023491 0.020028
v 0.003164 -0.023443 0.019004
v 0.001891 -0.023613 0.020330
v 0.003338 -0.023511 0.020937
v 0.004705 -0.023267 0.021391
v 0.003548 -0.023539 0.021722
v 0.004996 -0.023304 0.021977
v 0.006189 -0.023139 0.021743
v 0.005814 -0.023196 0.021238
v -0.023948 -0.001072 0.021694
v -0.024088 -0.000884 0.020724
v -0.023711 -0.001992 0.021055
v -0.023813 -0.001770 0.020035
v -0.023918 -0.001503 0.019031
v -0.023585 -0.002654 0.019356
v -0.023646 -0.002343 0.018307
v -0.023279 -0.003479 0.018754
v -0.023361 -0.003166 0.017648
v -0.022989 -0.004298 0.018234
v -0.023041 -0.003977 0.017073
v -0.022677 -0.005108 0.017791
v -0.022739 -0.004792 0.016574
v -0.022330 -0.005905 0.017421
v -0.022373 -0.005586 0.016155
v -0.021973 -0.006705 0.017127
v -0.021973 -0.006705 0.017127
v -0.021970 -0.006374 0.015823
v -0.021970 -0.006374 0.015823
v -0.021524 -0.007467 0.016910
v -0.021521 -0.007160 0.015572
v -0.021045 -0.008225 0.016778
v -0.021033 -0.007947 0.015415
v -0.020557 -0.008995 0.016739
v -0.020524 -0.008741 0.015352
v -0.020094 -0.009796 0.016777
v -0.020011 -0.009547 0.015368
v -0.019600 -0.010589 0.016875
v -0.019522 -0.010374 0.015442
v -0.019073 -0.011366 0.017010
v -0.018987 -0.011171 0.015573
v -0.018585 -0.012175 0.017135
v -0.018449 -0.011969 0.015726
v -0.018011 -0.012941 0.017222
v -0.017906 -0.012775 0.015857
v -0.017420 -0.013729 0.017236
v -0.018056 -0.013131 0.018563
v -0.017475 -0.013922 0.018508
v -0.016834 -0.014716 0.018387
v -0.017480 -0.014124 0.019777
v -0.016854 -0.014899 0.019616
v -0.016137 -0.015652 0.019408
v -0.016806 -0.015050 0.020881
v -0.016143 -0.015811 0.020627
v -0.015354 -0.016536 0.020320
v -0.016004 -0.015908 0.021869
v -0.015299 -0.016664 0.021516
v -0.014489 -0.017410 0.021129
v -0.013474 -0.018198 0.021857
v -0.013562 -0.018146 0.020743
v -0.012531 -0.018953 0.021450
v -0.012552 -0.018902 0.020384
v -0.011484 -0.019687 0.021100
v -0.011473 -0.019663 0.020069
v -0.010354 -0.020380 0.020797
v -0.010328 -0.020414 0.019793
v -0.009187 -0.021087 0.020560
v -0.009082 -0.021079 0.019593
v -0.007912 -0.021685 0.020442
v -0.007786 -0.021714 0.019508
v -0.006583 -0.022240 0.020422
v -0.006456 -0.022250 0.019504
v -0.005219 -0.022708 0.020422
v -0.005120 -0.022717 0.019506
v -0.003828 -0.023137 0.020409
v -0.003761 -0.023115 0.019504
v -0.002377 -0.023430 0.020405
v -0.002354 -0.023380 0.019515
v -0.000915 -0.023600 0.020488
v -0.000940 -0.023590 0.019588
v 0.000541 -0.023697 0.020765
v 0.000466 -0.023676 0.019832
v 0.002027 -0.023658 0.021217
v 0.000688 -0.023783 0.021627
v 0.002231 -0.023599 0.022008
v -0.023331 -0.003063 0.021532
v -0.023574 -0.002163 0.022083
v -0.023476 -0.002894 0.020435
v -0.023063 -0.003917 0.021048
v -0.023214 -0.003743 0.019891
v -0.022822 -0.004760 0.020631
v -0.022924 -0.004563 0.019422
v -0.022523 -0.005573 0.020279
v -0.022596 -0.005365 0.019027
v -0.022225 -0.006385 0.019997
v -0.022267 -0.006165 0.018704
v -0.021856 -0.007170 0.019784
v -0.021856 -0.007170 0.019784
v -0.021916 -0.006961 0.018454
v -0.021916 -0.006961 0.018454
v -0.021429 -0.007927 0.019646
v -0.021498 -0.007731 0.018275
v -0.020965 -0.008670 0.019593
v -0.021028 -0.008477 0.018181
v -0.020489 -0.009414 0.019612
v -0.020528 -0.009214 0.018171
v -0.020021 -0.010177 0.019680
v -0.020098 -0.010008 0.018225
v -0.019560 -0.010963 0.019773
v -0.019611 -0.010783 0.018329
v -0.019090 -0.011761 0.019862
v -0.019127 -0.011574 0.018445
v -0.018570 -0.012545 0.019910
v -0.018613 -0.012359 0.018538
v -0.018071 -0.013356 0.019878
v -0.018522 -0.012749 0.021244
v -0.018011 -0.013551 0.021189
v -0.017463 -0.014333 0.021068
v -0.016688 -0.015197 0.022160
v -0.011416 -0.019730 0.022140
v -0.010358 -0.020428 0.021812
v -0.009207 -0.021045 0.021546
v -0.007994 -0.021657 0.021375
v -0.006677 -0.022114 0.022198
v -0.006699 -0.022261 0.021319
v -0.005243 -0.022564 0.022144
v -0.005286 -0.022673 0.021304
v -0.003737 -0.023068 0.022098
v -0.003835 -0.023106 0.021272
v -0.002193 -0.023478 0.022096
v -0.002333 -0.023451 0.021258
v -0.000824 -0.023654 0.021353
v -0.022690 -0.004908 0.021838
v -0.022422 -0.005733 0.021533
v -0.022090 -0.006524 0.021290
v -0.021725 -0.007300 0.021114
v -0.021725 -0.007300 0.021114
v -0.021302 -0.008051 0.021014
v -0.021302 -0.008051 0.021014
v -0.020890 -0.008820 0.020990
v -0.020890 -0.008820 0.020990
v -0.020428 -0.009576 0.021024
v -0.020428 -0.009576 0.021024
v -0.019952 -0.010342 0.021093
v -0.019952 -0.010342 0.021093
v -0.019505 -0.011144 0.021173
v -0.019505 -0.011144 0.021173
v -0.019015 -0.011940 0.021234
v 0.015190 0.023028 0.022199
v 0.015371 0.022920 0.022199
v 0.015042 0.023112 0.022199
v 0.015190 0.023028 0.022199
v 0.014350 0.023475 0.022199
v 0.014550 0.023371 0.022199
v 0.013191 0.024072 0.022199
v 0.013673 0.023822 0.022199
v 0.012468 0.024430 0.022199
v 0.012506 0.024412 0.022199
v 0.012424 0.024453 0.022199
v 0.012468 0.024430 0.022199
v 0.011017 0.025126 0.022199
v 0.011475 0.024935 0.022199
v 0.011475 0.024935 0.022199
v 0.011733 0.024810 0.022199
v 0.016960 0.021840 0.022199
v 0.017176 0.021657 0.022199
v 0.016709 0.022020 0.022199
v 0.016960 0.021840 0.022199
v 0.015800 0.022659 0.022199
v 0.016029 0.022498 0.022199
v 0.010199 0.025507 0.022199
v 0.010884 0.025185 0.022199
v 0.009791 0.025669 0.022199
v 0.010199 0.025507 0.022199
v 0.009095 0.025934 0.022199
v 0.009425 0.025811 0.022199
v 0.008612 0.026095 0.022199
v 0.008630 0.026091 0.022199
v 0.008630 0.026091 0.022199
v 0.008644 0.026086 0.022199
v 0.018699 0.020260 0.022199
v 0.018978 0.019960 0.022199
v 0.018653 0.020313 0.022199
v 0.018699 0.020260 0.022199
v 0.018585 0.020380 0.022199
v 0.018653 0.020313 0.022199
v 0.017535 0.021383 0.022199
v 0.017701 0.021214 0.022199
v 0.007516 0.026395 0.022199
v 0.007835 0.026310 0.022199
v 0.006480 0.026620 0.022199
v 0.006753 0.026573 0.022199
v 0.006753 0.026573 0.022199
v 0.006994 0.026518 0.022199
v 0.019778 0.019082 0.022199
v 0.020108 0.018701 0.022199
v 0.019263 0.019650 0.022199
v 0.019778 0.019082 0.022199
v 0.005464 0.026775 0.022199
v 0.006143 0.026673 0.022199
v 0.004905 0.026840 0.022199
v 0.005305 0.026795 0.022199
v 0.021043 0.017609 0.022199
v 0.021464 0.017135 0.022199
v 0.020939 0.017748 0.022199
v 0.021043 0.017609 0.022199
v 0.020746 0.017967 0.022199
v 0.020939 0.017748 0.022199
v 0.003355 0.026988 0.022199
v 0.003549 0.026965 0.022199
v 0.003549 0.026965 0.022199
v 0.003693 0.026946 0.022199
v 0.004467 0.026879 0.022199
v 0.004486 0.026877 0.022199
v 0.004442 0.026881 0.022199
v 0.004467 0.026879 0.022199
v 0.022115 0.016273 0.022199
v 0.022429 0.015867 0.022199
v 0.021572 0.017006 0.022199
v 0.022115 0.016273 0.022199
v 0.002168 0.027100 0.022199
v 0.002186 0.027098 0.022199
v 0.002154 0.027100 0.022199
v 0.002163 0.027100 0.022199
v 0.002163 0.027100 0.022199
v 0.002168 0.027100 0.022199
v 0.022745 0.015469 0.022199
v 0.023377 0.014629 0.022199
v 0.023403 0.014591 0.022199
v 0.023872 0.013787 0.022199
v 0.000647 0.027153 0.022199
v 0.000743 0.027152 0.022199
v 0.000472 0.027143 0.022199
v 0.000605 0.027150 0.022199
v 0.000605 0.027150 0.022199
v 0.000647 0.027153 0.022199
v 0.024678 0.012484 0.022199
v 0.025094 0.011644 0.022199
v 0.024245 0.013191 0.022199
v 0.024678 0.012484 0.022199
v -0.000885 0.027045 0.022199
v -0.000344 0.027095 0.022199
v -0.001241 0.026961 0.022199
v -0.000885 0.027045 0.022199
v 0.025880 0.009586 0.022199
v 0.026119 0.008853 0.022199
v 0.025359 0.011076 0.022199
v 0.025711 0.010102 0.022199
v -0.003152 0.026465 0.022199
v -0.002972 0.026504 0.022199
v -0.001910 0.026810 0.022199
v -0.001642 0.026882 0.022199
v -0.003300 0.026430 0.022199
v -0.003152 0.026465 0.022199
v 0.026421 0.007564 0.022199
v 0.026470 0.007233 0.022199
v 0.026353 0.007838 0.022199
v 0.026421 0.007564 0.022199
v -0.005449 0.025776 0.022199
v -0.005432 0.025781 0.022199
v -0.004016 0.026230 0.022199
v -0.003917 0.026257 0.022199
v -0.006048 0.025641 0.022199
v -0.005464 0.025772 0.022199
v -0.005464 0.025772 0.022199
v -0.005449 0.025776 0.022199
v 0.026847 0.004983 0.022199
v 0.026854 0.004570 0.022199
v 0.026768 0.005421 0.022199
v 0.026847 0.004983 0.022199
v -0.007050 0.025365 0.022199
v -0.006253 0.025594 0.022199
v -0.007827 0.025041 0.022199
v -0.007050 0.025365 0.022199
v -0.008600 0.024615 0.022199
v -0.008237 0.024816 0.022199
v 0.026924 0.002422 0.022199
v 0.026925 0.002181 0.022199
v 0.026931 0.002730 0.022199
v 0.026924 0.002422 0.022199
v -0.010224 0.023829 0.022199
v -0.010118 0.023880 0.022199
v -0.008608 0.024611 0.022199
v -0.008600 0.024615 0.022199
v -0.010350 0.023767 0.022199
v -0.010224 0.023829 0.022199
v 0.026933 0.001153 0.022199
v 0.026858 0.000260 0.022199
v 0.026823 -0.000101 0.022199
v 0.026663 -0.001119 0.022199
v -0.012678 0.022477 0.022199
v -0.012403 0.022674 0.022199
v -0.011270 0.023328 0.022199
v -0.011070 0.023450 0.022199
v -0.012988 0.022232 0.022199
v -0.012678 0.022477 0.022199
v 0.026392 -0.002524 0.022199
v 0.026260 -0.003296 0.022199
v 0.026601 -0.001596 0.022199
v 0.026392 -0.002524 0.022199
v -0.014811 0.020597 0.022199
v -0.014403 0.020978 0.022199
v -0.013766 0.021559 0.022199
v -0.013404 0.021868 0.022199
v -0.015346 0.020117 0.022199
v -0.014811 0.020597 0.022199
v 0.025858 -0.004819 0.022199
v 0.025608 -0.005469 0.022199
v 0.026052 -0.004101 0.022199
v 0.025858 -0.004819 0.022199
v -0.016202 0.019330 0.022199
v -0.015515 0.019955 0.022199
v -0.017835 0.018232 0.022199
v -0.017505 0.018463 0.022199
v -0.017027 0.018772 0.022199
v -0.016302 0.019258 0.022199
v -0.018463 0.017776 0.022199
v -0.017835 0.018232 0.022199
v 0.025089 -0.006948 0.022199
v 0.024854 -0.007630 0.022199
v 0.025329 -0.006299 0.022199
v 0.025089 -0.006948 0.022199
v -0.019956 0.016361 0.022199
v -0.019710 0.016622 0.022199
v -0.019312 0.017033 0.022199
v -0.018879 0.017414 0.022199
v 0.024324 -0.008936 0.022199
v 0.023921 -0.009819 0.022199
v 0.024609 -0.008225 0.022199
v 0.024324 -0.008936 0.022199
v -0.020373 0.015841 0.022199
v -0.019956 0.016361 0.022199
v -0.021059 0.014896 0.022199
v -0.021018 0.014955 0.022199
v -0.021018 0.014955 0.022199
v -0.020876 0.015159 0.022199
v 0.023433 -0.010837 0.022199
v 0.023360 -0.010975 0.022199
v 0.023725 -0.010240 0.022199
v 0.023486 -0.010752 0.022199
v 0.023486 -0.010752 0.022199
v 0.023433 -0.010837 0.022199
v -0.021889 0.013288 0.022199
v -0.021685 0.013717 0.022199
v -0.021121 0.014781 0.022199
v -0.021059 0.014896 0.022199
v 0.022322 -0.012656 0.022199
v 0.021704 -0.013433 0.022199
v 0.022602 -0.012228 0.022199
v 0.022322 -0.012656 0.022199
v -0.022276 0.012475 0.022199
v -0.021889 0.013288 0.022199
v -0.022664 0.011645 0.022199
v -0.022571 0.011850 0.022199
v -0.022571 0.011850 0.022199
v -0.022279 0.012469 0.022199
v 0.020329 -0.014884 0.022199
v 0.020065 -0.015112 0.022199
v 0.021593 -0.013566 0.022199
v 0.021154 -0.014043 0.022199
v 0.021154 -0.014043 0.022199
v 0.020931 -0.014302 0.022199
v -0.022836 0.011214 0.022199
v -0.022664 0.011645 0.022199
v -0.023327 0.009944 0.022199
v -0.023322 0.009956 0.022199
v -0.023322 0.009956 0.022199
v -0.023308 0.009992 0.022199
v 0.018195 -0.016667 0.022199
v 0.018016 -0.016831 0.022199
v 0.019265 -0.015794 0.022199
v 0.019170 -0.015880 0.022199
v 0.019170 -0.015880 0.022199
v 0.019067 -0.015960 0.022199
v 0.015817 -0.018503 0.022199
v 0.015806 -0.018513 0.022199
v 0.015831 -0.018493 0.022199
v 0.015817 -0.018503 0.022199
v 0.017033 -0.017577 0.022199
v 0.016972 -0.017616 0.022199
v 0.016972 -0.017616 0.022199
v 0.016923 -0.017657 0.022199
v 0.014631 -0.019348 0.022199
v 0.014583 -0.019382 0.022199
v 0.014677 -0.019318 0.022199
v 0.014631 -0.019348 0.022199
v -0.024071 0.007260 0.022199
v -0.023882 0.008173 0.022199
v -0.023882 0.008173 0.022199
v -0.023752 0.008628 0.022199
v -0.023336 0.009915 0.022199
v -0.023327 0.009944 0.022199
v -0.024401 0.005261 0.022199
v -0.024366 0.005543 0.022199
v -0.024247 0.006279 0.022199
v -0.024083 0.007199 0.022199
v 0.011875 -0.021176 0.022199
v 0.011648 -0.021281 0.022199
v 0.012124 -0.020998 0.022199
v 0.011875 -0.021176 0.022199
v 0.013649 -0.020035 0.022199
v 0.013464 -0.020153 0.022199
v 0.013464 -0.020153 0.022199
v 0.013205 -0.020290 0.022199
v -0.024527 0.003682 0.022199
v -0.024510 0.004198 0.022199
v -0.024435 0.004977 0.022199
v -0.024401 0.005261 0.022199
v 0.008773 -0.022502 0.022199
v 0.008145 -0.022693 0.022199
v 0.009228 -0.022321 0.022199
v 0.008773 -0.022502 0.022199
v 0.010276 -0.021943 0.022199
v 0.010164 -0.021990 0.022199
v 0.010164 -0.021990 0.022199
v 0.009907 -0.022078 0.022199
v 0.011037 -0.021563 0.022199
v 0.010710 -0.021801 0.022199
v -0.024392 0.001466 0.022199
v -0.024446 0.002030 0.022199
v -0.024493 0.002549 0.022199
v -0.024538 0.003110 0.022199
v 0.006571 -0.023095 0.022199
v 0.006369 -0.023122 0.022199
v 0.006639 -0.023082 0.022199
v 0.006613 -0.023087 0.022199
v 0.006613 -0.023087 0.022199
v 0.006571 -0.023095 0.022199
v 0.007381 -0.022901 0.022199
v 0.007094 -0.023002 0.022199
v 0.008118 -0.022701 0.022199
v 0.007597 -0.022831 0.022199
v -0.024080 -0.000283 0.022199
v -0.024124 -0.000102 0.022199
v -0.024248 0.000504 0.022199
v -0.024342 0.000957 0.022199
v -0.014352 -0.017466 0.022199
v -0.014460 -0.017370 0.022199
v -0.014148 -0.017632 0.022199
v -0.014291 -0.017513 0.022199
v -0.014291 -0.017513 0.022199
v -0.014352 -0.017466 0.022199
v 0.003746 -0.023486 0.022199
v 0.003066 -0.023530 0.022199
v 0.005135 -0.023272 0.022199
v 0.004637 -0.023348 0.022199
v -0.023234 -0.003134 0.022199
v -0.023489 -0.002377 0.022199
v -0.023759 -0.001436 0.022199
v -0.023860 -0.001143 0.022199
v -0.023615 -0.001974 0.022199
v -0.023759 -0.001436 0.022199
v -0.017316 -0.014434 0.022199
v -0.017398 -0.014318 0.022199
v -0.016798 -0.015061 0.022199
v -0.017237 -0.014519 0.022199
v -0.017237 -0.014519 0.022199
v -0.017316 -0.014434 0.022199
v -0.016106 -0.015777 0.022199
v -0.016682 -0.015200 0.022199
v -0.015188 -0.016702 0.022199
v -0.015659 -0.016223 0.022199
v -0.012437 -0.018989 0.022199
v -0.012926 -0.018608 0.022199
v -0.011563 -0.019621 0.022199
v -0.012437 -0.018989 0.022199
v -0.010608 -0.020255 0.022199
v -0.011407 -0.019734 0.022199
v -0.009730 -0.020761 0.022199
v -0.010318 -0.020447 0.022199
v -0.008817 -0.021271 0.022199
v -0.009180 -0.021085 0.022199
v -0.006682 -0.022112 0.022199
v -0.007835 -0.021750 0.022199
v -0.007835 -0.021750 0.022199
v -0.007992 -0.021676 0.022199
v -0.000646 -0.023675 0.022199
v -0.000847 -0.023649 0.022199
v -0.000608 -0.023678 0.022199
v -0.000646 -0.023675 0.022199
v 0.002302 -0.023599 0.022199
v 0.001625 -0.023688 0.022199
v -0.022946 -0.004083 0.022199
v -0.022953 -0.004063 0.022199
v -0.023141 -0.003383 0.022199
v -0.023234 -0.003134 0.022199
v -0.022448 -0.005399 0.022199
v -0.022627 -0.004929 0.022199
v -0.022142 -0.006079 0.022199
v -0.022290 -0.005766 0.022199
v -0.021840 -0.006783 0.022199
v -0.021944 -0.006576 0.022199
v -0.021463 -0.007470 0.022199
v -0.021537 -0.007343 0.022199
v -0.021092 -0.008203 0.022199
v -0.021141 -0.008113 0.022199
v -0.020674 -0.008963 0.022199
v -0.020725 -0.008879 0.022199
v -0.020254 -0.009775 0.022199
v -0.020322 -0.009664 0.022199
v -0.019772 -0.010592 0.022199
v -0.019858 -0.010437 0.022199
v -0.019284 -0.011428 0.022199
v -0.019402 -0.011235 0.022199
v -0.018805 -0.012269 0.022199
v -0.018938 -0.012050 0.022199
v -0.017900 -0.013659 0.022199
v -0.018023 -0.013466 0.022199
v -0.005229 -0.022567 0.022199
v -0.006676 -0.022114 0.022199
v -0.003709 -0.023073 0.022199
v -0.005122 -0.022602 0.022199
v -0.002162 -0.023478 0.022199
v -0.003523 -0.023117 0.022199
v 0.015371 0.022920 0.022199
v 0.015800 0.022659 0.022199
v 0.014550 0.023371 0.022199
v 0.015042 0.023112 0.022199
v 0.013882 0.023712 0.022199
v 0.013982 0.023665 0.022199
v 0.013982 0.023665 0.022199
v 0.014350 0.023475 0.022199
v 0.013673 0.023822 0.022199
v 0.013882 0.023712 0.022199
v 0.012506 0.024412 0.022199
v 0.013191 0.024072 0.022199
v 0.011733 0.024810 0.022199
v 0.011958 0.024686 0.022199
v 0.011958 0.024686 0.022199
v 0.012424 0.024453 0.022199
v 0.017176 0.021657 0.022199
v 0.017535 0.021383 0.022199
v 0.016387 0.022266 0.022199
v 0.016709 0.022020 0.022199
v 0.016029 0.022498 0.022199
v 0.016387 0.022266 0.022199
v 0.010963 0.025149 0.022199
v 0.011017 0.025126 0.022199
v 0.010884 0.025185 0.022199
v 0.010963 0.025149 0.022199
v 0.009425 0.025811 0.022199
v 0.009565 0.025759 0.022199
v 0.009565 0.025759 0.022199
v 0.009791 0.025669 0.022199
v 0.008644 0.026086 0.022199
v 0.009095 0.025934 0.022199
v 0.018087 0.020862 0.022199
v 0.018585 0.020380 0.022199
v 0.017701 0.021214 0.022199
v 0.018087 0.020862 0.022199
v 0.007835 0.026310 0.022199
v 0.008612 0.026095 0.022199
v 0.006994 0.026518 0.022199
v 0.007221 0.026470 0.022199
v 0.007221 0.026470 0.022199
v 0.007516 0.026395 0.022199
v 0.020108 0.018701 0.022199
v 0.020352 0.018426 0.022199
v 0.019207 0.019708 0.022199
v 0.019263 0.019650 0.022199
v 0.018978 0.019960 0.022199
v 0.019168 0.019747 0.022199
v 0.019168 0.019747 0.022199
v 0.019207 0.019708 0.022199
v 0.006143 0.026673 0.022199
v 0.006480 0.026620 0.022199
v 0.005305 0.026795 0.022199
v 0.005374 0.026790 0.022199
v 0.005374 0.026790 0.022199
v 0.005464 0.026775 0.022199
v 0.004486 0.026877 0.022199
v 0.004905 0.026840 0.022199
v 0.020352 0.018426 0.022199
v 0.020746 0.017967 0.022199
v 0.021523 0.017066 0.022199
v 0.021540 0.017045 0.022199
v 0.021464 0.017135 0.022199
v 0.021523 0.017066 0.022199
v 0.003693 0.026946 0.022199
v 0.004442 0.026881 0.022199
v 0.022429 0.015867 0.022199
v 0.022745 0.015469 0.022199
v 0.021540 0.017045 0.022199
v 0.021572 0.017006 0.022199
v 0.002186 0.027098 0.022199
v 0.002925 0.027029 0.022199
v 0.003087 0.027023 0.022199
v 0.003355 0.026988 0.022199
v 0.002925 0.027029 0.022199
v 0.003087 0.027023 0.022199
v 0.023872 0.013787 0.022199
v 0.024022 0.013566 0.022199
v 0.023377 0.014629 0.022199
v 0.023403 0.014591 0.022199
v 0.000743 0.027152 0.022199
v 0.001414 0.027134 0.022199
v 0.001654 0.027114 0.022199
v 0.002154 0.027100 0.022199
v 0.001414 0.027134 0.022199
v 0.001654 0.027114 0.022199
v 0.025094 0.011644 0.022199
v 0.025261 0.011326 0.022199
v 0.024022 0.013566 0.022199
v 0.024245 0.013191 0.022199
v -0.000344 0.027095 0.022199
v -0.000118 0.027116 0.022199
v 0.000022 0.027117 0.022199
v 0.000472 0.027143 0.022199
v -0.000118 0.027116 0.022199
v 0.000022 0.027117 0.022199
v -0.001642 0.026882 0.022199
v -0.001241 0.026961 0.022199
v 0.025711 0.010102 0.022199
v 0.025880 0.009586 0.022199
v 0.025261 0.011326 0.022199
v 0.025359 0.011076 0.022199
v -0.002972 0.026504 0.022199
v -0.002395 0.026676 0.022199
v -0.002395 0.026676 0.022199
v -0.001910 0.026810 0.022199
v -0.003917 0.026257 0.022199
v -0.003300 0.026430 0.022199
v 0.026470 0.007233 0.022199
v 0.026626 0.006265 0.022199
v 0.026119 0.008853 0.022199
v 0.026353 0.007838 0.022199
v -0.005432 0.025781 0.022199
v -0.004689 0.026050 0.022199
v -0.004689 0.026050 0.022199
v -0.004016 0.026230 0.022199
v 0.026854 0.004570 0.022199
v 0.026916 0.003696 0.022199
v 0.026626 0.006265 0.022199
v 0.026768 0.005421 0.022199
v -0.006253 0.025594 0.022199
v -0.006248 0.025596 0.022199
v -0.006243 0.025597 0.022199
v -0.006048 0.025641 0.022199
v -0.006248 0.025596 0.022199
v -0.006243 0.025597 0.022199
v -0.007836 0.025037 0.022199
v -0.007827 0.025041 0.022199
v 0.026925 0.002181 0.022199
v 0.026933 0.001153 0.022199
v 0.026916 0.003696 0.022199
v 0.026931 0.002730 0.022199
v -0.008237 0.024816 0.022199
v -0.007836 0.025037 0.022199
v -0.010118 0.023880 0.022199
v -0.009389 0.024195 0.022199
v -0.009389 0.024195 0.022199
v -0.008608 0.024611 0.022199
v -0.011070 0.023450 0.022199
v -0.010350 0.023767 0.022199
v 0.026663 -0.001119 0.022199
v 0.026651 -0.001334 0.022199
v 0.026858 0.000260 0.022199
v 0.026823 -0.000101 0.022199
v -0.012403 0.022674 0.022199
v -0.011889 0.022995 0.022199
v -0.011889 0.022995 0.022199
v -0.011270 0.023328 0.022199
v -0.013404 0.021868 0.022199
v -0.012988 0.022232 0.022199
v 0.026260 -0.003296 0.022199
v 0.026155 -0.003688 0.022199
v 0.026651 -0.001334 0.022199
v 0.026601 -0.001596 0.022199
v -0.014403 0.020978 0.022199
v -0.014117 0.021244 0.022199
v -0.014117 0.021244 0.022199
v -0.013766 0.021559 0.022199
v -0.015515 0.019955 0.022199
v -0.015346 0.020117 0.022199
v 0.025608 -0.005469 0.022199
v 0.025456 -0.005896 0.022199
v 0.026155 -0.003688 0.022199
v 0.026052 -0.004101 0.022199
v -0.016302 0.019258 0.022199
v -0.016240 0.019300 0.022199
v -0.016240 0.019300 0.022199
v -0.016224 0.019311 0.022199
v -0.016224 0.019311 0.022199
v -0.016202 0.019330 0.022199
v -0.017505 0.018463 0.022199
v -0.017027 0.018772 0.022199
v -0.018613 0.017668 0.022199
v -0.018463 0.017776 0.022199
v 0.024854 -0.007630 0.022199
v 0.024726 -0.007960 0.022199
v 0.025456 -0.005896 0.022199
v 0.025329 -0.006299 0.022199
v -0.018879 0.017414 0.022199
v -0.018613 0.017668 0.022199
v -0.019710 0.016622 0.022199
v -0.019312 0.017033 0.022199
v 0.023921 -0.009819 0.022199
v 0.023887 -0.009888 0.022199
v 0.024726 -0.007960 0.022199
v 0.024609 -0.008225 0.022199
v -0.020876 0.015159 0.022199
v -0.020610 0.015530 0.022199
v -0.020610 0.015530 0.022199
v -0.020537 0.015645 0.022199
v -0.020537 0.015645 0.022199
v -0.020373 0.015841 0.022199
v 0.023360 -0.010975 0.022199
v 0.022886 -0.011746 0.022199
v 0.023887 -0.009888 0.022199
v 0.023867 -0.009943 0.022199
v 0.023867 -0.009943 0.022199
v 0.023725 -0.010240 0.022199
v -0.021685 0.013717 0.022199
v -0.021501 0.014104 0.022199
v -0.021501 0.014104 0.022199
v -0.021121 0.014781 0.022199
v 0.021704 -0.013433 0.022199
v 0.021659 -0.013493 0.022199
v 0.022886 -0.011746 0.022199
v 0.022602 -0.012228 0.022199
v -0.022279 0.012469 0.022199
v -0.022277 0.012472 0.022199
v -0.022277 0.012472 0.022199
v -0.022277 0.012473 0.022199
v -0.022277 0.012473 0.022199
v -0.022276 0.012475 0.022199
v 0.020931 -0.014302 0.022199
v 0.020329 -0.014884 0.022199
v 0.021659 -0.013493 0.022199
v 0.021636 -0.013517 0.022199
v 0.021636 -0.013517 0.022199
v 0.021593 -0.013566 0.022199
v -0.023308 0.009992 0.022199
v -0.023070 0.010577 0.022199
v -0.023070 0.010577 0.022199
v -0.023005 0.010799 0.022199
v -0.023005 0.010799 0.022199
v -0.022836 0.011214 0.022199
v 0.019067 -0.015960 0.022199
v 0.018195 -0.016667 0.022199
v 0.020065 -0.015112 0.022199
v 0.019655 -0.015442 0.022199
v 0.019655 -0.015442 0.022199
v 0.019265 -0.015794 0.022199
v 0.018016 -0.016831 0.022199
v 0.017033 -0.017577 0.022199
v 0.016923 -0.017657 0.022199
v 0.015831 -0.018493 0.022199
v 0.015806 -0.018513 0.022199
v 0.014677 -0.019318 0.022199
v -0.024074 0.007247 0.022199
v -0.024071 0.007260 0.022199
v -0.023752 0.008628 0.022199
v -0.023608 0.009063 0.022199
v -0.023608 0.009063 0.022199
v -0.023336 0.009915 0.022199
v -0.024083 0.007199 0.022199
v -0.024074 0.007247 0.022199
v -0.024366 0.005543 0.022199
v -0.024247 0.006279 0.022199
v 0.012681 -0.020588 0.022199
v 0.012124 -0.020998 0.022199
v 0.013205 -0.020290 0.022199
v 0.012681 -0.020588 0.022199
v 0.014583 -0.019382 0.022199
v 0.014038 -0.019766 0.022199
v 0.014038 -0.019766 0.022199
v 0.013649 -0.020035 0.022199
v -0.024538 0.003110 0.022199
v -0.024527 0.003682 0.022199
v -0.024510 0.004198 0.022199
v -0.024435 0.004977 0.022199
v 0.009502 -0.022219 0.022199
v 0.009228 -0.022321 0.022199
v 0.009907 -0.022078 0.022199
v 0.009502 -0.022219 0.022199
v 0.010710 -0.021801 0.022199
v 0.010276 -0.021943 0.022199
v 0.011648 -0.021281 0.022199
v 0.011212 -0.021442 0.022199
v 0.011212 -0.021442 0.022199
v 0.011037 -0.021563 0.022199
v -0.024342 0.000957 0.022199
v -0.024392 0.001466 0.022199
v -0.024446 0.002030 0.022199
v -0.024493 0.002549 0.022199
v 0.006369 -0.023122 0.022199
v 0.005135 -0.023272 0.022199
v 0.007094 -0.023002 0.022199
v 0.006639 -0.023082 0.022199
v 0.007597 -0.022831 0.022199
v 0.007381 -0.022901 0.022199
v 0.008145 -0.022693 0.022199
v 0.008127 -0.022699 0.022199
v 0.008127 -0.022699 0.022199
v 0.008118 -0.022701 0.022199
v -0.023860 -0.001143 0.022199
v -0.024080 -0.000283 0.022199
v -0.024124 -0.000102 0.022199
v -0.024248 0.000504 0.022199
v -0.014460 -0.017370 0.022199
v -0.015188 -0.016702 0.022199
v 0.002612 -0.023562 0.022199
v 0.002302 -0.023599 0.022199
v 0.003066 -0.023530 0.022199
v 0.002612 -0.023562 0.022199
v 0.004637 -0.023348 0.022199
v 0.003746 -0.023486 0.022199
v -0.023489 -0.002377 0.022199
v -0.023557 -0.002175 0.022199
v -0.023582 -0.002102 0.022199
v -0.023615 -0.001974 0.022199
v -0.023557 -0.002175 0.022199
v -0.023582 -0.002102 0.022199
v -0.017398 -0.014318 0.022199
v -0.017900 -0.013659 0.022199
v -0.016682 -0.015200 0.022199
v -0.016798 -0.015061 0.022199
v -0.015957 -0.015938 0.022199
v -0.016106 -0.015777 0.022199
v -0.015659 -0.016223 0.022199
v -0.015957 -0.015938 0.022199
v -0.013422 -0.018226 0.022199
v -0.014148 -0.017632 0.022199
v -0.012926 -0.018608 0.022199
v -0.013422 -0.018226 0.022199
v -0.011407 -0.019734 0.022199
v -0.011446 -0.019704 0.022199
v -0.011446 -0.019704 0.022199
v -0.011563 -0.019621 0.022199
v -0.010318 -0.020447 0.022199
v -0.010608 -0.020255 0.022199
v -0.009180 -0.021085 0.022199
v -0.009730 -0.020761 0.022199
v -0.007992 -0.021676 0.022199
v -0.008817 -0.021271 0.022199
v 0.000843 -0.023743 0.022199
v -0.000608 -0.023678 0.022199
v 0.001625 -0.023688 0.022199
v 0.000843 -0.023743 0.022199
v -0.022627 -0.004929 0.022199
v -0.022946 -0.004083 0.022199
v -0.022953 -0.004063 0.022199
v -0.023141 -0.003383 0.022199
v -0.022290 -0.005766 0.022199
v -0.022448 -0.005399 0.022199
v -0.021944 -0.006576 0.022199
v -0.022142 -0.006079 0.022199
v -0.021537 -0.007343 0.022199
v -0.021840 -0.006783 0.022199
v -0.021141 -0.008113 0.022199
v -0.021463 -0.007470 0.022199
v -0.020725 -0.008879 0.022199
v -0.021092 -0.008203 0.022199
v -0.020322 -0.009664 0.022199
v -0.020674 -0.008963 0.022199
v -0.019858 -0.010437 0.022199
v -0.020254 -0.009775 0.022199
v -0.019402 -0.011235 0.022199
v -0.019772 -0.010592 0.022199
v -0.018938 -0.012050 0.022199
v -0.019284 -0.011428 0.022199
v -0.018429 -0.012857 0.022199
v -0.018805 -0.012269 0.022199
v -0.018023 -0.013466 0.022199
v -0.018429 -0.012857 0.022199
v -0.006677 -0.022114 0.022199
v -0.006682 -0.022112 0.022199
v -0.006676 -0.022114 0.022199
v -0.006677 -0.022114 0.022199
v -0.005122 -0.022602 0.022199
v -0.005229 -0.022567 0.022199
v -0.003523 -0.023117 0.022199
v -0.003709 -0.023073 0.022199
v -0.000847 -0.023649 0.022199
v -0.001996 -0.023495 0.022199
v -0.001996 -0.023495 0.022199
v -0.002162 -0.023478 0.022199
v -0.001910 0.026810 0.022199
v -0.021537 -0.007343 0.022199
v 0.008612 0.026095 0.022199
v -0.019402 -0.011235 0.022199
v 0.016387 0.022266 0.022199
v 0.015806 -0.018513 0.022199
v -0.021501 0.014104 0.022199
v 0.020065 -0.015112 0.022199
v -0.023759 -0.001436 0.022199
v -0.007992 -0.021676 0.022199
v 0.009907 -0.022078 0.022199
v -0.011446 -0.019704 0.022199
v -0.017835 0.018232 0.022199
v 0.020931 -0.014302 0.022199
v 0.021043 0.017609 0.022199
v -0.022277 0.012473 0.022197
v -0.016302 0.019258 0.022199
v 0.015831 -0.018493 0.022199
v 0.006753 0.026573 0.022199
v 0.023486 -0.010752 0.022199
v -0.018429 -0.012857 0.022199
v -0.024074 0.007247 0.022199
v -0.022953 -0.004063 0.022199
v 0.002186 0.027098 0.022199
v -0.002972 0.026504 0.022199
v -0.024366 0.005543 0.022199
v -0.018463 0.017776 0.022199
v -0.005432 0.025781 0.022199
v 0.006369 -0.023122 0.022199
v -0.001241 0.026961 0.022199
v 0.007516 0.026395 0.022199
v 0.012506 0.024412 0.022199
v -0.023882 0.008173 0.022199
v -0.015188 -0.016702 0.022199
v -0.011407 -0.019734 0.022199
v -0.023070 0.010577 0.022199
v 0.012124 -0.020998 0.022199
v 0.005374 0.026790 0.022199
v 0.023360 -0.010975 0.022199
v -0.011563 -0.019621 0.022199
v 0.016960 0.021840 0.022199
v -0.024248 0.000504 0.022199
v 0.026916 0.003696 0.022199
v -0.022571 0.011850 0.022199
v 0.007381 -0.022901 0.022199
v -0.016798 -0.015061 0.022199
v -0.017316 -0.014434 0.022199
v -0.022277 0.012473 0.022199
v 0.010199 0.025507 0.022199
v 0.016709 0.022020 0.022199
v 0.023872 0.013787 0.022199
v 0.021540 0.017045 0.022199
v -0.024071 0.007260 0.022199
v 0.013205 -0.020290 0.022199
v -0.019284 -0.011428 0.022199
v 0.008630 0.026091 0.022199
v -0.016240 0.019300 0.022199
v 0.010164 -0.021990 0.022199
v 0.018699 0.020260 0.022199
v -0.024435 0.004977 0.022199
v 0.004905 0.026840 0.022199
v 0.020329 -0.014884 0.022199
v -0.023234 -0.003134 0.022199
v -0.023557 -0.002175 0.022199
v -0.019312 0.017033 0.022199
v 0.000743 0.027152 0.022199
v 0.025711 0.010102 0.022199
v 0.019170 -0.015880 0.022199
v 0.014631 -0.019348 0.022199
v -0.018613 0.017668 0.022199
v -0.001996 -0.023495 0.022199
v -0.009730 -0.020761 0.022199
v 0.026392 -0.002524 0.022199
v -0.023308 0.009992 0.022199
v -0.020876 0.015159 0.022199
v 0.013464 -0.020153 0.022199
v 0.025608 -0.005469 0.022199
v -0.020725 -0.008879 0.022199
v 0.006480 0.026620 0.022199
v 0.003746 -0.023486 0.022199
v -0.006676 -0.022114 0.022199
v 0.026601 -0.001596 0.022199
v -0.009180 -0.021085 0.022199
v 0.020939 0.017748 0.022199
v -0.007836 0.025037 0.022199
v 0.023867 -0.009943 0.022199
v -0.016202 0.019330 0.022199
v -0.005122 -0.022602 0.022199
v -0.007050 0.025365 0.022199
v 0.002154 0.027100 0.022199
v 0.017176 0.021657 0.022199
v 0.008118 -0.022701 0.022199
v -0.023336 0.009915 0.022199
v 0.010963 0.025149 0.022199
v 0.007094 -0.023002 0.022199
v 0.026353 0.007838 0.022199
v -0.020674 -0.008963 0.022199
v -0.018938 -0.012050 0.022199
v 0.011733 0.024810 0.022199
v -0.024527 0.003682 0.022199
v -0.003709 -0.023073 0.022199
v 0.011475 0.024935 0.022199
v 0.011958 0.024686 0.022199
v 0.018653 0.020313 0.022199
v -0.015659 -0.016223 0.022199
v 0.023921 -0.009819 0.022199
v 0.004442 0.026881 0.022199
v -0.021944 -0.006576 0.022199
v 0.001654 0.027114 0.022199
v -0.023582 -0.002102 0.022199
v -0.002162 -0.023478 0.022199
v 0.018087 0.020862 0.022199
v 0.026858 0.000260 0.022199
v 0.006639 -0.023082 0.022199
v -0.017505 0.018463 0.022199
v -0.000847 -0.023649 0.022199
v -0.024401 0.005261 0.022199
v 0.012468 0.024430 0.022199
v -0.010224 0.023829 0.022199
v 0.014350 0.023475 0.022199
v -0.023608 0.009063 0.022199
v 0.002612 -0.023562 0.022199
v -0.016224 0.019311 0.022199
v -0.021685 0.013717 0.022199
v 0.006613 -0.023087 0.022199
v -0.018805 -0.012269 0.022199
v -0.000885 0.027045 0.022199
v 0.005305 0.026795 0.022199
v -0.010608 -0.020255 0.022199
v 0.026924 0.002422 0.022199
v -0.020610 0.015530 0.022199
v -0.024493 0.002549 0.022199
v -0.024342 0.000957 0.022199
v -0.004016 0.026230 0.022199
v 0.018978 0.019960 0.022199
v 0.014677 -0.019318 0.022199
v -0.005229 -0.022567 0.022199
v 0.002302 -0.023599 0.022199
v 0.011037 -0.021563 0.022199
v 0.021154 -0.014043 0.022199
v 0.010884 0.025185 0.022199
v 0.026663 -0.001119 0.022199
v 0.025089 -0.006948 0.022199
v 0.026651 -0.001334 0.022199
v 0.004637 -0.023348 0.022199
v -0.022627 -0.004929 0.022199
v 0.007597 -0.022831 0.022199
v -0.022448 -0.005399 0.022199
v 0.000843 -0.023743 0.022199
v 0.015371 0.022920 0.022199
v -0.023141 -0.003383 0.022199
v -0.004689 0.026050 0.022199
v 0.017033 -0.017577 0.022199
v 0.016923 -0.017657 0.022199
v 0.009565 0.025759 0.022199
v 0.001414 0.027134 0.022199
v 0.024726 -0.007960 0.022199
v 0.025094 0.011644 0.022199
v -0.008237 0.024816 0.022199
v -0.006253 0.025594 0.022199
v 0.023433 -0.010837 0.022199
v 0.021572 0.017006 0.022199
v -0.007835 -0.021750 0.022199
v -0.014811 0.020597 0.022199
v 0.003549 0.026965 0.022199
v -0.008608 0.024611 0.022199
v 0.026768 0.005421 0.022199
v -0.022276 0.012475 0.022199
v 0.000022 0.027117 0.022199
v -0.020254 -0.009775 0.022199
v 0.014038 -0.019766 0.022199
v -0.022279 0.012469 0.022199
v 0.003355 0.026988 0.022199
v -0.023489 -0.002377 0.022199
v -0.015515 0.019955 0.022199
v 0.018016 -0.016831 0.022199
v -0.019772 -0.010592 0.022199
v 0.009791 0.025669 0.022199
v 0.000605 0.027150 0.022199
v 0.002925 0.027029 0.022199
v -0.009389 0.024195 0.022199
v 0.018195 -0.016667 0.022199
v -0.018879 0.017414 0.022199
v 0.019263 0.019650 0.022199
v 0.008127 -0.022699 0.022199
v -0.006248 0.025596 0.022199
v 0.000472 0.027143 0.022199
v -0.006048 0.025641 0.022199
v -0.007827 0.025041 0.022199
v 0.016029 0.022498 0.022199
v -0.006243 0.025597 0.022199
v -0.013766 0.021559 0.022199
v 0.022429 0.015867 0.022199
v 0.019265 -0.015794 0.022199
v 0.003066 -0.023530 0.022199
v -0.005449 0.025776 0.022199
v -0.014291 -0.017513 0.022199
v 0.009425 0.025811 0.022199
v -0.014117 0.021244 0.022199
v -0.023615 -0.001974 0.022199
v 0.014583 -0.019382 0.022199
v 0.003693 0.026946 0.022199
v 0.011017 0.025126 0.022199
v 0.022322 -0.012656 0.022199
v 0.005464 0.026775 0.022199
v 0.025880 0.009586 0.022199
v 0.004486 0.026877 0.022199
v 0.007835 0.026310 0.022199
v 0.008644 0.026086 0.022199
v -0.022836 0.011214 0.022199
v 0.021464 0.017135 0.022199
v -0.023005 0.010799 0.022199
v 0.011212 -0.021442 0.022199
v 0.017701 0.021214 0.022199
v -0.000646 -0.023675 0.022199
v -0.012678 0.022477 0.022199
v -0.021121 0.014781 0.022199
v -0.000608 -0.023678 0.022199
v 0.006143 0.026673 0.022199
v -0.014148 -0.017632 0.022199
v 0.024324 -0.008936 0.022199
v 0.020108 0.018701 0.022199
v 0.017535 0.021383 0.022199
v 0.025456 -0.005896 0.022199
v -0.014352 -0.017466 0.022199
v -0.008600 0.024615 0.022199
v -0.024124 -0.000102 0.022199
v -0.005464 0.025772 0.022199
v 0.021593 -0.013566 0.022199
v -0.019956 0.016361 0.022199
v -0.002395 0.026676 0.022199
v -0.018023 -0.013466 0.022199
v 0.013649 -0.020035 0.022199
v 0.009228 -0.022321 0.022199
v -0.012988 0.022232 0.022199
v -0.015346 0.020117 0.022199
v 0.021523 0.017066 0.022199
v -0.014460 -0.017370 0.022199
v -0.023860 -0.001143 0.022199
v 0.026052 -0.004101 0.022199
v 0.019207 0.019708 0.022199
v 0.026626 0.006265 0.022199
v 0.012681 -0.020588 0.022199
v 0.006571 -0.023095 0.022199
v 0.015817 -0.018503 0.022199
v 0.009095 0.025934 0.022199
v 0.019168 0.019747 0.022199
v 0.021659 -0.013493 0.022199
v 0.013191 0.024072 0.022199
v -0.016106 -0.015777 0.022199
v 0.022745 0.015469 0.022199
v -0.023322 0.009956 0.022199
v 0.025261 0.011326 0.022199
v -0.021889 0.013288 0.022199
v -0.010318 -0.020447 0.022199
v -0.020373 0.015841 0.022199
v 0.022886 -0.011746 0.022199
v -0.024247 0.006279 0.022199
v 0.010710 -0.021801 0.022199
v -0.016682 -0.015200 0.022199
v 0.023887 -0.009888 0.022199
v 0.016972 -0.017616 0.022199
v 0.024854 -0.007630 0.022199
v 0.026155 -0.003688 0.022199
v 0.023377 0.014629 0.022199
v -0.006682 -0.022112 0.022199
v 0.021636 -0.013517 0.022199
v -0.024083 0.007199 0.022199
v 0.024022 0.013566 0.022199
v 0.023725 -0.010240 0.022199
v -0.011270 0.023328 0.022199
v -0.020322 -0.009664 0.022199
v 0.014550 0.023371 0.022199
v 0.025359 0.011076 0.022199
v 0.026925 0.002181 0.022199
v 0.013882 0.023712 0.022199
v -0.024446 0.002030 0.022199
v -0.000344 0.027095 0.022199
v -0.022946 -0.004083 0.022199
v 0.018585 0.020380 0.022199
v 0.009502 -0.022219 0.022199
v -0.021059 0.014896 0.022199
v 0.026470 0.007233 0.022199
v 0.011875 -0.021176 0.022199
v 0.024609 -0.008225 0.022199
v -0.019710 0.016622 0.022199
v 0.022115 0.016273 0.022199
v 0.024245 0.013191 0.022199
v 0.007221 0.026470 0.022199
v -0.001642 0.026882 0.022199
v 0.001625 -0.023688 0.022199
v -0.003523 -0.023117 0.022199
v 0.015190 0.023028 0.022199
v -0.024392 0.001466 0.022199
v 0.019655 -0.015442 0.022199
v -0.003300 0.026430 0.022199
v 0.002168 0.027100 0.022199
v 0.004467 0.026879 0.022199
v 0.000647 0.027153 0.022199
v -0.006677 -0.022114 0.022198
v -0.014403 0.020978 0.022199
v 0.026260 -0.003296 0.022199
v -0.021840 -0.006783 0.022199
v -0.015957 -0.015938 0.022199
v 0.020746 0.017967 0.022199
v -0.022290 -0.005766 0.022199
v 0.026933 0.001153 0.022199
v -0.024510 0.004198 0.022199
v -0.020537 0.015645 0.022199
v -0.021463 -0.007470 0.022199
v 0.008145 -0.022693 0.022199
v -0.010118 0.023880 0.022199
v -0.017900 -0.013659 0.022199
v -0.006677 -0.022114 0.022199
v 0.002163 0.027100 0.022199
v 0.013673 0.023822 0.022199
v 0.008773 -0.022502 0.022199
v 0.026119 0.008853 0.022199
v -0.021018 0.014955 0.022199
v 0.013982 0.023665 0.022199
v -0.023752 0.008628 0.022199
v -0.024080 -0.000283 0.022199
v -0.022664 0.011645 0.022199
v -0.021141 -0.008113 0.022199
v 0.015800 0.022659 0.022199
v -0.011070 0.023450 0.022199
v 0.026421 0.007564 0.022199
v -0.022142 -0.006079 0.022199
v -0.010350 0.023767 0.022199
v -0.021092 -0.008203 0.022199
v -0.024538 0.003110 0.022199
v 0.003087 0.027023 0.022199
v -0.003152 0.026465 0.022199
v -0.012926 -0.018608 0.022199
v 0.006994 0.026518 0.022199
v -0.019858 -0.010437 0.022199
v 0.026823 -0.000101 0.022199
v -0.012437 -0.018989 0.022199
v 0.005135 -0.023272 0.022199
v 0.012424 0.024453 0.022199
v 0.019067 -0.015960 0.022199
v -0.008817 -0.021271 0.022199
v 0.026847 0.004983 0.022199
v 0.025858 -0.004819 0.022199
v -0.017027 0.018772 0.022199
v -0.017237 -0.014519 0.022199
v 0.023403 0.014591 0.022199
v 0.015042 0.023112 0.022199
v 0.010276 -0.021943 0.022199
v 0.011648 -0.021281 0.022199
v -0.012403 0.022674 0.022199
v 0.019778 0.019082 0.022199
v -0.013404 0.021868 0.022199
v 0.026854 0.004570 0.022199
v -0.023327 0.009944 0.022199
v -0.022277 0.012472 0.022199
v 0.022602 -0.012228 0.022199
v 0.021704 -0.013433 0.022199
v -0.000118 0.027116 0.022199
v 0.020352 0.018426 0.022199
v 0.026931 0.002730 0.022199
v 0.025329 -0.006299 0.022199
v 0.024678 0.012484 0.022199
v -0.011889 0.022995 0.022199
v -0.017398 -0.014318 0.022199
v -0.003917 0.026257 0.022199
v -0.013422 -0.018226 0.022199
vt 0.401810 0.249990
vt 0.789480 0.784530
vt 0.153700 0.519090
vt 0.373700 0.690090
vt 0.407420 0.251670
vt 0.400320 0.256200
vt 0.394590 0.252280
vt 0.398740 0.245110
vt 0.407320 0.245060
vt 0.790900 0.779070
vt 0.797060 0.780640
vt 0.792610 0.788030
vt 0.785850 0.795470
vt 0.783800 0.788840
vt 0.783290 0.782170
vt 0.152020 0.511400
vt 0.157450 0.514950
vt 0.157690 0.523540
vt 0.150370 0.520510
vt 0.146350 0.509930
vt 0.155240 0.528880
vt 0.377520 0.689750
vt 0.376090 0.695140
vt 0.371260 0.694250
vt 0.371790 0.688020
vt 0.376980 0.685830
vt 0.366940 0.692830
vt 0.367930 0.700490
vt 0.362570 0.699100
vt 0.357450 0.697320
vt 0.362840 0.691050
vt 0.368830 0.685940
vt 0.358580 0.688950
vt 0.365390 0.683710
vt 0.372540 0.680180
vt 0.375100 0.682820
vt 0.379570 0.678230
vt 0.381360 0.681570
vt 0.382460 0.685460
vt 0.387600 0.681270
vt 0.388230 0.685700
vt 0.388150 0.690750
vt 0.382580 0.690200
vt 0.387140 0.696450
vt 0.381460 0.695920
vt 0.385410 0.702560
vt 0.379390 0.702170
vt 0.373540 0.701500
vt 0.376800 0.708710
vt 0.370440 0.708120
vt 0.364250 0.707160
vt 0.367090 0.714930
vt 0.360340 0.713890
vt 0.353730 0.712330
vt 0.358260 0.705690
vt 0.347310 0.710240
vt 0.352440 0.703780
vt 0.341050 0.707570
vt 0.346830 0.701370
vt 0.352510 0.695150
vt 0.341480 0.698480
vt 0.347800 0.692530
vt 0.354430 0.686600
vt 0.343320 0.689520
vt 0.350550 0.683860
vt 0.358370 0.678600
vt 0.361790 0.681180
vt 0.366720 0.674760
vt 0.369660 0.677510
vt 0.374960 0.672010
vt 0.377390 0.675110
vt 0.382880 0.670130
vt 0.384830 0.673660
vt 0.386410 0.677340
vt 0.392090 0.672690
vt 0.393240 0.676780
vt 0.393960 0.681190
vt 0.399960 0.676360
vt 0.400420 0.680980
vt 0.400510 0.685880
vt 0.394250 0.685930
vt 0.400170 0.691060
vt 0.394010 0.691080
vt 0.399350 0.696560
vt 0.393080 0.696680
vt 0.398130 0.702380
vt 0.391640 0.702630
vt 0.396680 0.708490
vt 0.389890 0.708880
vt 0.383280 0.708980
vt 0.388030 0.715370
vt 0.380990 0.715590
vt 0.373990 0.715490
vt 0.378600 0.722410
vt 0.371060 0.722370
vt 0.363550 0.721890
vt 0.367830 0.729350
vt 0.359620 0.728770
vt 0.351500 0.727520
vt 0.356140 0.720740
vt 0.343560 0.725540
vt 0.348860 0.718960
vt 0.335810 0.722900
vt 0.341770 0.716580
vt 0.328380 0.719510
vt 0.334900 0.713560
vt 0.321310 0.715400
vt 0.328350 0.709860
vt 0.335060 0.704330
vt 0.322240 0.705520
vt 0.329500 0.700440
vt 0.336410 0.695140
vt 0.324410 0.695950
vt 0.331820 0.691110
vt 0.339170 0.686030
vt 0.327680 0.686550
vt 0.335450 0.681970
vt 0.343450 0.677220
vt 0.346880 0.680750
vt 0.351910 0.672490
vt 0.355080 0.675740
vt 0.360780 0.668370
vt 0.363750 0.671760
vt 0.369690 0.665240
vt 0.372370 0.668760
vt 0.378410 0.662740
vt 0.380750 0.666500
vt 0.386730 0.660900
vt 0.388830 0.664800
vt 0.390530 0.668800
vt 0.396540 0.663550
vt 0.397980 0.667720
vt 0.399110 0.671990
vt 0.405250 0.666700
vt 0.406110 0.671160
vt 0.406720 0.675770
vt 0.413160 0.670160
vt 0.413610 0.674880
vt 0.413790 0.679760
vt 0.407030 0.680530
vt 0.413720 0.684770
vt 0.407030 0.685490
vt 0.413370 0.689950
vt 0.406670 0.690660
vt 0.412640 0.695350
vt 0.405910 0.696100
vt 0.411650 0.700970
vt 0.404820 0.701810
vt 0.410580 0.706800
vt 0.403580 0.707780
vt 0.409540 0.712830
vt 0.402340 0.713940
vt 0.395150 0.714830
vt 0.401110 0.720330
vt 0.393640 0.721340
vt 0.386130 0.722070
vt 0.391990 0.728110
vt 0.384050 0.728940
vt 0.376000 0.729400
vt 0.381570 0.736030
vt 0.372950 0.736460
vt 0.364190 0.736430
vt 0.369830 0.743730
vt 0.360410 0.743620
vt 0.350890 0.742910
vt 0.355320 0.735740
vt 0.341390 0.741470
vt 0.346520 0.734380
vt 0.332180 0.739160
vt 0.337920 0.732230
vt 0.323270 0.735910
vt 0.329580 0.729290
vt 0.314680 0.731710
vt 0.321590 0.725520
vt 0.306510 0.726580
vt 0.314010 0.720920
vt 0.298850 0.720620
vt 0.306920 0.715540
vt 0.314670 0.710630
vt 0.300470 0.709470
vt 0.308720 0.705060
vt 0.316650 0.700610
vt 0.303430 0.698970
vt 0.311800 0.695000
vt 0.319830 0.690930
vt 0.307530 0.688970
vt 0.315880 0.685360
vt 0.323930 0.681570
vt 0.312400 0.679430
vt 0.320730 0.676110
vt 0.329020 0.672570
vt 0.332030 0.677480
vt 0.337460 0.668810
vt 0.340310 0.673230
vt 0.346140 0.664940
vt 0.348920 0.668890
vt 0.355120 0.661190
vt 0.357880 0.664880
vt 0.364250 0.657930
vt 0.366950 0.661590
vt 0.373210 0.655270
vt 0.375830 0.659040
vt 0.381920 0.653100
vt 0.384380 0.657040
vt 0.390410 0.651320
vt 0.392720 0.655400
vt 0.394760 0.659480
vt 0.400910 0.653900
vt 0.402710 0.658100
vt 0.404110 0.662370
vt 0.420550 0.683810
vt 0.427140 0.687810
vt 0.420210 0.688990
vt 0.426530 0.693100
vt 0.419520 0.694350
vt 0.425740 0.698500
vt 0.418630 0.699870
vt 0.424890 0.704050
vt 0.417690 0.705560
vt 0.424020 0.709810
vt 0.416770 0.711440
vt 0.423120 0.715870
vt 0.415850 0.717580
vt 0.408520 0.719090
vt 0.414910 0.724060
vt 0.407450 0.725630
vt 0.399820 0.727010
vt 0.406240 0.732540
vt 0.398320 0.733960
vt 0.390050 0.735200
vt 0.396710 0.741220
vt 0.388020 0.742450
vt 0.379060 0.743330
vt 0.386180 0.749860
vt 0.376690 0.750720
vt 0.366960 0.751190
vt 0.374770 0.758200
vt 0.364550 0.758740
vt 0.353980 0.758820
vt 0.356920 0.751120
vt 0.343140 0.758280
vt 0.346680 0.750430
vt 0.332300 0.756890
vt 0.336430 0.748970
vt 0.321660 0.754290
vt 0.326540 0.746500
vt 0.311320 0.750330
vt 0.317020 0.742880
vt 0.301270 0.745050
vt 0.307790 0.738150
vt 0.291610 0.738560
vt 0.298950 0.732390
vt 0.282560 0.731000
vt 0.290670 0.725680
vt 0.274420 0.722410
vt 0.283220 0.718070
vt 0.291860 0.713930
vt 0.276750 0.709730
vt 0.285870 0.706350
vt 0.294700 0.702850
vt 0.280780 0.698290
vt 0.289970 0.695490
vt 0.298830 0.692430
vt 0.286020 0.687780
vt 0.295090 0.685330
vt 0.303820 0.682580
vt 0.292000 0.677910
vt 0.300820 0.675710
vt 0.309380 0.673210
vt 0.298360 0.668550
vt 0.306960 0.666550
vt 0.315440 0.664270
vt 0.317890 0.670360
vt 0.323900 0.661720
vt 0.326330 0.667310
vt 0.332400 0.658930
vt 0.334850 0.664050
vt 0.341020 0.655960
vt 0.343530 0.660630
vt 0.349860 0.652890
vt 0.352480 0.657210
vt 0.358820 0.649930
vt 0.361570 0.654060
vt 0.367820 0.647240
vt 0.370580 0.651340
vt 0.376690 0.644850
vt 0.379370 0.649040
vt 0.385310 0.642790
vt 0.387930 0.647110
vt 0.393670 0.640930
vt 0.396320 0.645370
vt 0.398730 0.649710
vt 0.432990 0.696890
vt 0.432170 0.702320
vt 0.438540 0.705970
vt 0.431270 0.707970
vt 0.437510 0.711880
vt 0.430320 0.713940
vt 0.436550 0.718120
vt 0.429420 0.720280
vt 0.422230 0.722290
vt 0.428660 0.726940
vt 0.421370 0.729020
vt 0.413920 0.730910
vt 0.420620 0.736070
vt 0.412930 0.738020
vt 0.404980 0.739760
vt 0.412240 0.745260
vt 0.403920 0.747050
vt 0.395260 0.748620
vt 0.403380 0.754310
vt 0.394250 0.755930
vt 0.384730 0.757280
vt 0.393970 0.763170
vt 0.384030 0.764610
vt 0.373730 0.765730
vt 0.384410 0.771990
vt 0.373930 0.773360
vt 0.363130 0.774500
vt 0.363120 0.766500
vt 0.351990 0.775220
vt 0.352200 0.766860
vt 0.340450 0.775230
vt 0.340990 0.766560
vt 0.328410 0.774200
vt 0.329510 0.765300
vt 0.315940 0.771650
vt 0.317930 0.762660
vt 0.303110 0.767180
vt 0.306460 0.758420
vt 0.290190 0.760640
vt 0.295220 0.752510
vt 0.277640 0.752270
vt 0.284410 0.745140
vt 0.265990 0.742190
vt 0.274350 0.736460
vt 0.255940 0.730760
vt 0.265450 0.726660
vt 0.247880 0.718620
vt 0.258040 0.716060
vt 0.267400 0.713090
vt 0.252110 0.705080
vt 0.261880 0.703130
vt 0.271310 0.700890
vt 0.257500 0.693010
vt 0.267150 0.691570
vt 0.276610 0.689890
vt 0.263920 0.682190
vt 0.273510 0.681160
vt 0.282830 0.679790
vt 0.271170 0.672380
vt 0.280510 0.671530
vt 0.289500 0.670270
vt 0.278830 0.663140
vt 0.287730 0.662300
vt 0.296360 0.661140
vt 0.286450 0.654140
vt 0.294930 0.653380
vt 0.303220 0.652320
vt 0.304900 0.659600
vt 0.311430 0.651020
vt 0.313310 0.657820
vt 0.319630 0.649440
vt 0.321690 0.655770
vt 0.327840 0.647600
vt 0.330070 0.653460
vt 0.336170 0.645500
vt 0.338570 0.650920
vt 0.344630 0.643200
vt 0.347230 0.648240
vt 0.353210 0.640780
vt 0.356030 0.645540
vt 0.361910 0.638360
vt 0.364910 0.642940
vt 0.370650 0.636010
vt 0.373750 0.640530
vt 0.379290 0.633760
vt 0.382440 0.638330
vt 0.387670 0.631680
vt 0.390830 0.636340
vt 0.395920 0.629660
vt 0.444750 0.709680
vt 0.450890 0.713260
vt 0.443720 0.715800
vt 0.450050 0.719420
vt 0.442960 0.722150
vt 0.435820 0.724670
vt 0.442580 0.728680
vt 0.435380 0.731400
vt 0.428080 0.733860
vt 0.435370 0.738230
vt 0.427880 0.740870
vt 0.420200 0.743220
vt 0.428360 0.747770
vt 0.420400 0.750270
vt 0.412080 0.752440
vt 0.421310 0.757100
vt 0.412590 0.759420
vt 0.403480 0.761440
vt 0.413800 0.766240
vt 0.404360 0.768440
vt 0.394550 0.770360
vt 0.406140 0.775360
vt 0.396200 0.777540
vt 0.385940 0.779470
vt 0.399040 0.784710
vt 0.388880 0.787030
vt 0.378500 0.789260
vt 0.375460 0.781220
vt 0.367820 0.791300
vt 0.364700 0.782770
vt 0.356600 0.792940
vt 0.353470 0.783930
vt 0.344680 0.793890
vt 0.341680 0.784380
vt 0.331770 0.793650
vt 0.329170 0.783720
vt 0.317550 0.791640
vt 0.315730 0.781370
vt 0.302010 0.787350
vt 0.301350 0.776770
vt 0.285150 0.780330
vt 0.286380 0.769760
vt 0.266960 0.769670
vt 0.271360 0.760190
vt 0.248100 0.754580
vt 0.257250 0.748050
vt 0.233440 0.736530
vt 0.245610 0.734200
vt 0.224210 0.719870
vt 0.236920 0.720130
vt 0.218380 0.705000
vt 0.230770 0.706570
vt 0.241710 0.706390
vt 0.226490 0.693700
vt 0.237380 0.694390
vt 0.247550 0.694060
vt 0.234260 0.682790
vt 0.244380 0.683160
vt 0.254160 0.682920
vt 0.242170 0.672530
vt 0.251950 0.672890
vt 0.261550 0.672850
vt 0.250570 0.663070
vt 0.260170 0.663520
vt 0.269580 0.663580
vt 0.259490 0.654320
vt 0.268760 0.654690
vt 0.277690 0.654650
vt 0.268410 0.645810
vt 0.277140 0.645960
vt 0.285540 0.645810
vt 0.276910 0.637180
vt 0.285110 0.637170
vt 0.293050 0.636970
vt 0.293780 0.645340
vt 0.300850 0.636610
vt 0.301850 0.644680
vt 0.308550 0.636100
vt 0.309830 0.643810
vt 0.316220 0.635400
vt 0.317780 0.642690
vt 0.323940 0.634470
vt 0.325780 0.641290
vt 0.331770 0.633270
vt 0.333880 0.639650
vt 0.339720 0.631750
vt 0.342100 0.637730
vt 0.347800 0.630020
vt 0.350450 0.635630
vt 0.356050 0.628120
vt 0.358940 0.633440
vt 0.364400 0.626090
vt 0.367510 0.631220
vt 0.372800 0.624000
vt 0.376060 0.629010
vt 0.381190 0.621840
vt 0.384460 0.626840
vt 0.389500 0.619620
vt 0.392800 0.624670
vt 0.457110 0.716500
vt 0.456600 0.722590
vt 0.449640 0.725740
vt 0.456730 0.728720
vt 0.449810 0.732100
vt 0.442680 0.735290
vt 0.450630 0.738430
vt 0.443450 0.741860
vt 0.436020 0.744960
vt 0.445020 0.748180
vt 0.437480 0.751440
vt 0.429590 0.754440
vt 0.439650 0.757670
vt 0.431480 0.760870
vt 0.422840 0.763730
vt 0.434030 0.767040
vt 0.425110 0.770130
vt 0.415770 0.772900
vt 0.428240 0.776280
vt 0.418750 0.779350
vt 0.408970 0.782170
vt 0.422690 0.785610
vt 0.412970 0.788820
vt 0.403040 0.791820
vt 0.417960 0.795380
vt 0.408430 0.798850
vt 0.398760 0.802180
vt 0.393120 0.794630
vt 0.388840 0.805410
vt 0.382970 0.797360
vt 0.378560 0.808510
vt 0.372430 0.799910
vt 0.367760 0.811320
vt 0.361340 0.802110
vt 0.356140 0.813520
vt 0.349460 0.803650
vt 0.343390 0.814730
vt 0.336430 0.804020
vt 0.329470 0.814720
vt 0.322010 0.802800
vt 0.314570 0.813420
vt 0.306070 0.799630
vt 0.298810 0.810700
vt 0.288120 0.793750
vt 0.282620 0.806910
vt 0.266670 0.783220
vt 0.267670 0.804580
vt 0.192340 0.729760
vt 0.237990 0.762280
vt 0.192350 0.718390
vt 0.218490 0.735090
vt 0.190090 0.704750
vt 0.209280 0.716010
vt 0.188440 0.691630
vt 0.204430 0.700510
vt 0.187730 0.679430
vt 0.201800 0.686930
vt 0.214730 0.691540
vt 0.200540 0.674570
vt 0.212520 0.679000
vt 0.223680 0.681560
vt 0.211370 0.667230
vt 0.222020 0.669960
vt 0.232200 0.671650
vt 0.221200 0.658920
vt 0.231130 0.660890
vt 0.240860 0.662250
vt 0.230760 0.650590
vt 0.240410 0.652280
vt 0.249970 0.653540
vt 0.240620 0.642700
vt 0.250080 0.644190
vt 0.259340 0.645250
vt 0.250620 0.635040
vt 0.259670 0.636190
vt 0.268410 0.636930
vt 0.260280 0.627160
vt 0.268760 0.627900
vt 0.276910 0.628290
vt 0.269290 0.618790
vt 0.277280 0.619190
vt 0.285030 0.619340
vt 0.284890 0.628360
vt 0.292590 0.619340
vt 0.292640 0.628290
vt 0.300000 0.619290
vt 0.300230 0.628130
vt 0.307270 0.619190
vt 0.307690 0.627880
vt 0.314420 0.619080
vt 0.315070 0.627530
vt 0.321520 0.618930
vt 0.322480 0.627040
vt 0.328650 0.618630
vt 0.329980 0.626310
vt 0.335900 0.618040
vt 0.337620 0.625230
vt 0.343340 0.617140
vt 0.345400 0.623880
vt 0.350960 0.615990
vt 0.353350 0.622330
vt 0.358750 0.614570
vt 0.361460 0.620570
vt 0.366660 0.612900
vt 0.369640 0.618650
vt 0.374650 0.611050
vt 0.377860 0.616610
vt 0.382710 0.609020
vt 0.386090 0.614440
vt 0.390790 0.606830
vt 0.463510 0.725190
vt 0.470740 0.727140
vt 0.464250 0.731030
vt 0.457560 0.734800
vt 0.465820 0.736700
vt 0.459210 0.740720
vt 0.452230 0.744610
vt 0.461650 0.746360
vt 0.454710 0.750410
vt 0.447360 0.754180
vt 0.457900 0.755870
vt 0.450420 0.759860
vt 0.442450 0.763610
vt 0.454080 0.765270
vt 0.445980 0.769240
vt 0.437310 0.772930
vt 0.450130 0.774650
vt 0.441390 0.778570
vt 0.432170 0.782240
vt 0.446020 0.784100
vt 0.436860 0.788040
vt 0.427400 0.791790
vt 0.442110 0.793810
vt 0.432960 0.797920
vt 0.423800 0.801960
vt 0.439370 0.803980
vt 0.430820 0.808400
vt 0.422150 0.812720
vt 0.414720 0.805860
vt 0.413220 0.816940
vt 0.405430 0.809640
vt 0.403940 0.821120
vt 0.395840 0.813360
vt 0.394360 0.825350
vt 0.385920 0.817020
vt 0.384310 0.829410
vt 0.375510 0.820450
vt 0.373470 0.832940
vt 0.364270 0.823310
vt 0.361750 0.835930
vt 0.351980 0.825440
vt 0.349440 0.838580
vt 0.338780 0.826800
vt 0.337230 0.841230
vt 0.325190 0.827560
vt 0.325810 0.844250
vt 0.311800 0.828030
vt 0.315530 0.848110
vt 0.299430 0.828990
vt 0.140120 0.688490
vt 0.306600 0.853360
vt 0.163010 0.708380
vt 0.288980 0.831720
vt 0.146140 0.680940
vt 0.167700 0.699610
vt 0.150540 0.672690
vt 0.169800 0.689340
vt 0.154210 0.664180
vt 0.171230 0.678820
vt 0.157580 0.655640
vt 0.172700 0.668490
vt 0.160860 0.647170
vt 0.174390 0.658410
vt 0.187910 0.668100
vt 0.176400 0.648770
vt 0.188490 0.656980
vt 0.200260 0.663140
vt 0.189660 0.646530
vt 0.200500 0.652090
vt 0.211030 0.656140
vt 0.201300 0.641560
vt 0.211250 0.645440
vt 0.221050 0.648380
vt 0.212020 0.635190
vt 0.221530 0.638230
vt 0.231060 0.640740
vt 0.222590 0.628520
vt 0.231970 0.631230
vt 0.241330 0.633430
vt 0.233320 0.622010
vt 0.242480 0.624300
vt 0.251470 0.626010
vt 0.243920 0.615260
vt 0.252630 0.616930
vt 0.261050 0.618090
vt 0.253940 0.607760
vt 0.262090 0.608840
vt 0.270020 0.609590
vt 0.263140 0.599520
vt 0.270920 0.600250
vt 0.278530 0.600670
vt 0.277830 0.609980
vt 0.286030 0.600840
vt 0.285440 0.610140
vt 0.293420 0.600870
vt 0.292890 0.610160
vt 0.300660 0.600880
vt 0.300180 0.610180
vt 0.307710 0.600880
vt 0.307320 0.610170
vt 0.314580 0.600800
vt 0.314300 0.610130
vt 0.321280 0.600770
vt 0.321160 0.610140
vt 0.327830 0.600910
vt 0.327940 0.610160
vt 0.334340 0.601130
vt 0.334780 0.610040
vt 0.340940 0.601240
vt 0.341800 0.609660
vt 0.347690 0.601100
vt 0.349030 0.608980
vt 0.354630 0.600570
vt 0.356430 0.607960
vt 0.361760 0.599650
vt 0.364000 0.606620
vt 0.369020 0.598410
vt 0.371690 0.605040
vt 0.376410 0.596900
vt 0.379490 0.603230
vt 0.383940 0.595100
vt 0.387340 0.601190
vt 0.472160 0.732600
vt 0.480430 0.733420
vt 0.474430 0.737840
vt 0.468190 0.742150
vt 0.477600 0.742760
vt 0.471440 0.747260
vt 0.464860 0.751650
vt 0.475370 0.752060
vt 0.468770 0.756630
vt 0.461660 0.761070
vt 0.473230 0.761330
vt 0.466050 0.766000
vt 0.458320 0.770460
vt 0.470930 0.770680
vt 0.463150 0.775400
vt 0.454790 0.779910
vt 0.468380 0.780160
vt 0.459990 0.784970
vt 0.451140 0.789550
vt 0.465660 0.789830
vt 0.456940 0.794760
vt 0.448040 0.799500
vt 0.463410 0.799720
vt 0.454980 0.804860
vt 0.446730 0.809900
vt 0.462740 0.809900
vt 0.455080 0.815370
vt 0.447380 0.820740
vt 0.438690 0.814740
vt 0.439320 0.825870
vt 0.430420 0.819430
vt 0.430770 0.830850
vt 0.421740 0.824020
vt 0.421940 0.835930
vt 0.412690 0.828660
vt 0.412940 0.841200
vt 0.403400 0.833420
vt 0.403610 0.846490
vt 0.393710 0.838120
vt 0.393660 0.851430
vt 0.383290 0.842350
vt 0.383110 0.856030
vt 0.372140 0.846160
vt 0.372530 0.860780
vt 0.360710 0.849930
vt 0.362790 0.866310
vt 0.349830 0.854190
vt 0.354120 0.872730
vt 0.340020 0.859160
vt 0.346290 0.879850
vt 0.331230 0.864910
vt 0.103940 0.651700
vt 0.339230 0.887760
vt 0.323420 0.871580
vt 0.120690 0.670120
vt 0.111030 0.644550
vt 0.127420 0.662860
vt 0.117670 0.638020
vt 0.133180 0.655600
vt 0.123770 0.631650
vt 0.138310 0.648300
vt 0.129510 0.625490
vt 0.143100 0.641100
vt 0.134960 0.619480
vt 0.147640 0.633920
vt 0.140170 0.613560
vt 0.151970 0.626730
vt 0.164160 0.638900
vt 0.156200 0.619650
vt 0.167340 0.630260
vt 0.178640 0.639440
vt 0.170610 0.621910
vt 0.180930 0.629910
vt 0.191220 0.636560
vt 0.183450 0.620680
vt 0.193000 0.626610
vt 0.202540 0.631460
vt 0.195120 0.616980
vt 0.204160 0.621530
vt 0.213320 0.625370
vt 0.206210 0.611960
vt 0.215080 0.615810
vt 0.224140 0.619200
vt 0.217280 0.606600
vt 0.226110 0.610060
vt 0.235030 0.613010
vt 0.228460 0.601120
vt 0.237070 0.603990
vt 0.245560 0.606210
vt 0.239230 0.594860
vt 0.247270 0.596940
vt 0.255210 0.598500
vt 0.248670 0.587430
vt 0.256290 0.589000
vt 0.263830 0.590150
vt 0.256620 0.579290
vt 0.264100 0.580530
vt 0.271570 0.581440
vt 0.271440 0.590870
vt 0.279050 0.582030
vt 0.278970 0.591360
vt 0.286510 0.582350
vt 0.286460 0.591580
vt 0.293920 0.582420
vt 0.293840 0.591620
vt 0.301220 0.582280
vt 0.301100 0.591560
vt 0.308340 0.582060
vt 0.308130 0.591460
vt 0.315290 0.581750
vt 0.314990 0.591270
vt 0.322040 0.581480
vt 0.321650 0.591140
vt 0.328600 0.581410
vt 0.328140 0.591210
vt 0.334980 0.581660
vt 0.334500 0.591540
vt 0.341230 0.582100
vt 0.340840 0.591930
vt 0.347430 0.582560
vt 0.347220 0.592210
vt 0.353580 0.582820
vt 0.353690 0.592180
vt 0.359730 0.582730
vt 0.360280 0.591740
vt 0.365930 0.582210
vt 0.366990 0.590890
vt 0.372180 0.581370
vt 0.373810 0.589730
vt 0.378510 0.580340
vt 0.380780 0.588290
vt 0.385150 0.579020
vt 0.388020 0.586500
vt 0.483460 0.738160
vt 0.492810 0.737480
vt 0.487320 0.742450
vt 0.481500 0.747340
vt 0.491810 0.746350
vt 0.486070 0.751520
vt 0.479880 0.756530
vt 0.491120 0.755380
vt 0.484910 0.760670
vt 0.478150 0.765780
vt 0.490280 0.764560
vt 0.483510 0.769950
vt 0.476200 0.775180
vt 0.489190 0.773940
vt 0.481930 0.779420
vt 0.474020 0.784740
vt 0.488080 0.783460
vt 0.480220 0.789000
vt 0.471870 0.794460
vt 0.486920 0.793040
vt 0.478810 0.798730
vt 0.470620 0.804400
vt 0.486240 0.802810
vt 0.478530 0.808750
vt 0.471020 0.814720
vt 0.486820 0.812940
vt 0.479840 0.819190
vt 0.472960 0.825490
vt 0.463800 0.820610
vt 0.465770 0.831700
vt 0.456410 0.826420
vt 0.458000 0.837760
vt 0.448500 0.832010
vt 0.449780 0.843700
vt 0.440100 0.837450
vt 0.441450 0.849720
vt 0.431500 0.842970
vt 0.433120 0.855930
vt 0.422830 0.848720
vt 0.424620 0.862250
vt 0.413920 0.854550
vt 0.415750 0.868470
vt 0.404500 0.860170
vt 0.406480 0.874490
vt 0.394580 0.865490
vt 0.397480 0.880780
vt 0.384800 0.871070
vt 0.389460 0.887960
vt 0.376010 0.877550
vt 0.382340 0.896080
vt 0.368230 0.884970
vt 0.375810 0.904900
vt 0.361170 0.893070
vt 0.075880 0.615120
vt 0.369690 0.914260
vt 0.354730 0.901830
vt 0.088970 0.633450
vt 0.083910 0.608100
vt 0.096620 0.626290
vt 0.091530 0.602110
vt 0.103890 0.620180
vt 0.098700 0.596810
vt 0.110650 0.614490
vt 0.105510 0.592000
vt 0.117010 0.609080
vt 0.112070 0.587550
vt 0.123100 0.603940
vt 0.118480 0.583510
vt 0.129010 0.599010
vt 0.124800 0.579720
vt 0.134790 0.594140
vt 0.145270 0.607760
vt 0.140410 0.589330
vt 0.150220 0.601560
vt 0.160360 0.612600
vt 0.155020 0.595390
vt 0.164400 0.605100
vt 0.173940 0.613670
vt 0.168410 0.597630
vt 0.177240 0.605120
vt 0.186180 0.611640
vt 0.180670 0.596670
vt 0.189050 0.602480
vt 0.197570 0.607610
vt 0.192180 0.593460
vt 0.200300 0.598270
vt 0.208660 0.602700
vt 0.203310 0.589140
vt 0.211430 0.593570
vt 0.219860 0.597670
vt 0.214500 0.584770
vt 0.222770 0.588840
vt 0.231040 0.592210
vt 0.225460 0.580030
vt 0.233350 0.582980
vt 0.241020 0.585450
vt 0.234250 0.573290
vt 0.241670 0.575520
vt 0.249070 0.577660
vt 0.241130 0.565260
vt 0.248660 0.567440
vt 0.256040 0.569380
vt 0.247720 0.557190
vt 0.255260 0.559190
vt 0.262690 0.560890
vt 0.263540 0.570790
vt 0.270190 0.562250
vt 0.271070 0.571900
vt 0.277750 0.563210
vt 0.278610 0.572640
vt 0.285330 0.563840
vt 0.286110 0.573100
vt 0.292880 0.564140
vt 0.293580 0.573260
vt 0.300370 0.564080
vt 0.300990 0.573130
vt 0.307760 0.563760
vt 0.308250 0.572820
vt 0.315030 0.563270
vt 0.315340 0.572400
vt 0.322160 0.562740
vt 0.322250 0.571990
vt 0.329070 0.562330
vt 0.328970 0.571760
vt 0.335760 0.562150
vt 0.335480 0.571830
vt 0.342200 0.562240
vt 0.341800 0.572160
vt 0.348420 0.562470
vt 0.347960 0.572560
vt 0.354500 0.562710
vt 0.354010 0.572850
vt 0.360500 0.562800
vt 0.359990 0.572870
vt 0.366490 0.562680
vt 0.365960 0.572560
vt 0.372500 0.562380
vt 0.371970 0.571990
vt 0.378560 0.561960
vt 0.378010 0.571270
vt 0.384680 0.561470
vt 0.384150 0.570440
vt 0.497230 0.741100
vt 0.502190 0.744350
vt 0.496820 0.749920
vt 0.507540 0.747320
vt 0.502250 0.753190
vt 0.496510 0.758980
vt 0.507900 0.756280
vt 0.502180 0.762350
vt 0.495910 0.768270
vt 0.508040 0.765630
vt 0.501910 0.771790
vt 0.495280 0.777760
vt 0.508330 0.775110
vt 0.501870 0.781270
vt 0.494670 0.787280
vt 0.508830 0.784550
vt 0.501740 0.790770
vt 0.494080 0.796900
vt 0.509110 0.794130
vt 0.501670 0.800470
vt 0.494090 0.806760
vt 0.509540 0.803940
vt 0.502360 0.810460
vt 0.495450 0.817020
vt 0.510950 0.814040
vt 0.504540 0.820810
vt 0.498360 0.827670
vt 0.488930 0.823550
vt 0.491990 0.834560
vt 0.482370 0.830130
vt 0.485070 0.841430
vt 0.475350 0.836670
vt 0.477550 0.848260
vt 0.467710 0.843130
vt 0.469760 0.855130
vt 0.459680 0.849570
vt 0.462110 0.862150
vt 0.451640 0.856120
vt 0.454610 0.869350
vt 0.443700 0.862840
vt 0.447050 0.876670
vt 0.435660 0.869660
vt 0.439290 0.883960
vt 0.427320 0.876440
vt 0.431470 0.891230
vt 0.418760 0.883090
vt 0.424030 0.898690
vt 0.410560 0.889980
vt 0.417270 0.906750
vt 0.403210 0.897650
vt 0.411090 0.915560
vt 0.396600 0.906190
vt 0.405370 0.925090
vt 0.390480 0.915460
vt 0.052990 0.578760
vt 0.399950 0.935140
vt 0.063770 0.596970
vt 0.384670 0.925230
vt 0.061910 0.572320
vt 0.072440 0.590140
vt 0.070120 0.566290
vt 0.080390 0.584130
vt 0.077890 0.561100
vt 0.087860 0.578970
vt 0.085380 0.556800
vt 0.095010 0.574520
vt 0.092680 0.553260
vt 0.101950 0.570600
vt 0.099850 0.550330
vt 0.108770 0.567190
vt 0.106910 0.547900
vt 0.115510 0.564160
vt 0.113850 0.545850
vt 0.122130 0.561330
vt 0.130980 0.576050
vt 0.128560 0.558570
vt 0.137000 0.572080
vt 0.145860 0.584500
vt 0.142790 0.568060
vt 0.151120 0.579150
vt 0.159700 0.589140
vt 0.156230 0.573720
vt 0.164230 0.582390
vt 0.172410 0.590110
vt 0.168720 0.575520
vt 0.176410 0.582200
vt 0.184240 0.588230
vt 0.180490 0.574210
vt 0.187940 0.579520
vt 0.195510 0.584510
vt 0.191660 0.570730
vt 0.198950 0.575420
vt 0.206510 0.580220
vt 0.201990 0.566520
vt 0.209540 0.571410
vt 0.217370 0.576180
vt 0.211170 0.562410
vt 0.218860 0.567010
vt 0.226510 0.570630
vt 0.218340 0.556560
vt 0.225960 0.560040
vt 0.233490 0.562980
vt 0.225000 0.549340
vt 0.232600 0.552340
vt 0.240040 0.555010
vt 0.231650 0.541780
vt 0.239150 0.544540
vt 0.246570 0.547050
vt 0.238060 0.533990
vt 0.245560 0.536550
vt 0.253010 0.538840
vt 0.254180 0.549080
vt 0.260510 0.540800
vt 0.261700 0.550900
vt 0.268060 0.542530
vt 0.269220 0.552470
vt 0.275710 0.544010
vt 0.276810 0.553710
vt 0.283310 0.545090
vt 0.284420 0.554560
vt 0.290920 0.545740
vt 0.292020 0.555000
vt 0.298510 0.545900
vt 0.299580 0.555030
vt 0.306030 0.545670
vt 0.307040 0.554750
vt 0.313480 0.545240
vt 0.314410 0.554260
vt 0.320880 0.544680
vt 0.321680 0.553680
vt 0.328160 0.544000
vt 0.328800 0.553090
vt 0.335270 0.543410
vt 0.335690 0.552680
vt 0.342160 0.543040
vt 0.342330 0.552490
vt 0.348860 0.542900
vt 0.348740 0.552520
vt 0.355330 0.543040
vt 0.354980 0.552730
vt 0.361660 0.543260
vt 0.361110 0.552900
vt 0.367920 0.543420
vt 0.367200 0.552940
vt 0.374140 0.543530
vt 0.373290 0.552870
vt 0.380330 0.543600
vt 0.379410 0.552740
vt 0.385570 0.552560
vt 0.513160 0.750130
vt 0.518970 0.752790
vt 0.513690 0.759300
vt 0.524910 0.755350
vt 0.519770 0.762110
vt 0.514230 0.768750
vt 0.526160 0.764710
vt 0.520900 0.771540
vt 0.515180 0.778190
vt 0.527950 0.774070
vt 0.522420 0.780940
vt 0.516100 0.787670
vt 0.529850 0.783500
vt 0.523600 0.790500
vt 0.516700 0.797360
vt 0.531260 0.793190
vt 0.524600 0.800300
vt 0.517690 0.807280
vt 0.532750 0.803020
vt 0.526200 0.810270
vt 0.519830 0.817450
vt 0.535030 0.812920
vt 0.529160 0.820350
vt 0.523460 0.827800
vt 0.513870 0.824490
vt 0.517640 0.835310
vt 0.507960 0.831630
vt 0.511410 0.842880
vt 0.501660 0.838850
vt 0.504690 0.850450
vt 0.494810 0.846060
vt 0.497620 0.857990
vt 0.487460 0.853260
vt 0.490690 0.865580
vt 0.480010 0.860520
vt 0.484100 0.873300
vt 0.472850 0.867930
vt 0.477660 0.881180
vt 0.465870 0.875510
vt 0.471210 0.889210
vt 0.458870 0.883220
vt 0.464700 0.897370
vt 0.451750 0.890990
vt 0.458270 0.905670
vt 0.444670 0.898780
vt 0.452180 0.914200
vt 0.437940 0.906780
vt 0.446550 0.923090
vt 0.431730 0.915240
vt 0.441420 0.932460
vt 0.426030 0.924300
vt 0.436830 0.942350
vt 0.420820 0.933990
vt 0.432650 0.952770
vt 0.034130 0.541920
vt 0.415970 0.944200
vt 0.042900 0.560580
vt 0.043540 0.536210
vt 0.052200 0.554430
vt 0.052460 0.530730
vt 0.060760 0.548550
vt 0.061020 0.525780
vt 0.068920 0.543390
vt 0.069230 0.521500
vt 0.076770 0.539140
vt 0.077140 0.518180
vt 0.084390 0.535760
vt 0.084890 0.515830
vt 0.091850 0.533170
vt 0.092550 0.514250
vt 0.099220 0.531170
vt 0.100090 0.513190
vt 0.106470 0.529660
vt 0.107460 0.512540
vt 0.113590 0.528450
vt 0.120650 0.544050
vt 0.120440 0.527300
vt 0.127250 0.542000
vt 0.134770 0.555760
vt 0.133580 0.539910
vt 0.140760 0.552400
vt 0.148370 0.563870
vt 0.146500 0.548920
vt 0.153700 0.559000
vt 0.161150 0.567990
vt 0.158740 0.553920
vt 0.165810 0.561530
vt 0.173140 0.568360
vt 0.170040 0.554800
vt 0.177230 0.560680
vt 0.184440 0.566010
vt 0.180070 0.552660
vt 0.187210 0.557420
vt 0.194510 0.561880
vt 0.188250 0.548370
vt 0.195750 0.552850
vt 0.203390 0.557590
vt 0.195580 0.543230
vt 0.203130 0.547800
vt 0.210610 0.552430
vt 0.202430 0.537550
vt 0.209940 0.541870
vt 0.217320 0.545950
vt 0.209140 0.531250
vt 0.216610 0.535150
vt 0.223960 0.538770
vt 0.215750 0.524350
vt 0.223160 0.527890
vt 0.230480 0.531210
vt 0.222200 0.516910
vt 0.229590 0.520170
vt 0.236850 0.523300
vt 0.228510 0.508950
vt 0.235860 0.512050
vt 0.243160 0.514870
vt 0.244350 0.525910
vt 0.250530 0.517380
vt 0.251810 0.528320
vt 0.257920 0.519650
vt 0.259270 0.530430
vt 0.265340 0.521660
vt 0.266770 0.532290
vt 0.272780 0.523360
vt 0.274310 0.533880
vt 0.280240 0.524760
vt 0.281890 0.535150
vt 0.287760 0.525800
vt 0.289550 0.536100
vt 0.295260 0.526430
vt 0.297110 0.536470
vt 0.302810 0.526700
vt 0.304660 0.536400
vt 0.310490 0.526700
vt 0.312230 0.536100
vt 0.318130 0.526390
vt 0.319740 0.535610
vt 0.325750 0.525860
vt 0.327170 0.534940
vt 0.333350 0.525320
vt 0.334490 0.534300
vt 0.340850 0.524910
vt 0.341660 0.533870
vt 0.348190 0.524690
vt 0.348680 0.533650
vt 0.355330 0.524660
vt 0.355490 0.533690
vt 0.362220 0.524810
vt 0.362090 0.533920
vt 0.368900 0.525070
vt 0.368550 0.534160
vt 0.375460 0.525330
vt 0.374940 0.534360
vt 0.381940 0.525560
vt 0.381260 0.534530
vt 0.531110 0.757730
vt 0.542180 0.752680
vt 0.537620 0.759850
vt 0.532920 0.767040
vt 0.544470 0.761710
vt 0.540060 0.769030
vt 0.535280 0.776360
vt 0.547440 0.770790
vt 0.542780 0.778340
vt 0.537380 0.785900
vt 0.550400 0.780090
vt 0.545100 0.787890
vt 0.539150 0.795620
vt 0.553030 0.789540
vt 0.547320 0.797540
vt 0.541200 0.805400
vt 0.555690 0.799070
vt 0.549910 0.807190
vt 0.544150 0.815190
vt 0.558820 0.808590
vt 0.553460 0.816830
vt 0.548200 0.825040
vt 0.538620 0.822950
vt 0.542870 0.833250
vt 0.533120 0.830750
vt 0.537330 0.841500
vt 0.527410 0.838630
vt 0.531490 0.849770
vt 0.521320 0.846560
vt 0.525450 0.857990
vt 0.514860 0.854480
vt 0.519460 0.866130
vt 0.508280 0.862320
vt 0.513710 0.874260
vt 0.501950 0.870170
vt 0.508140 0.882500
vt 0.495900 0.878170
vt 0.502630 0.890930
vt 0.489950 0.886330
vt 0.497160 0.899530
vt 0.483990 0.894670
vt 0.491760 0.908320
vt 0.478040 0.903160
vt 0.486560 0.917310
vt 0.472220 0.911840
vt 0.481760 0.926580
vt 0.466770 0.920810
vt 0.477540 0.936220
vt 0.461790 0.930110
vt 0.473940 0.946210
vt 0.457390 0.939810
vt 0.470880 0.956590
vt 0.453580 0.949920
vt 0.468080 0.967350
vt 0.019580 0.503650
vt 0.026180 0.522870
vt 0.450190 0.960430
vt 0.029600 0.499030
vt 0.035970 0.517710
vt 0.039260 0.494540
vt 0.045290 0.512720
vt 0.048540 0.490320
vt 0.054240 0.508120
vt 0.057460 0.486420
vt 0.062810 0.503960
vt 0.066070 0.483220
vt 0.071060 0.500630
vt 0.074510 0.481240
vt 0.079130 0.498490
vt 0.082770 0.480350
vt 0.087070 0.497270
vt 0.090820 0.480150
vt 0.094880 0.496670
vt 0.098580 0.480240
vt 0.102490 0.496400
vt 0.106010 0.480450
vt 0.109800 0.496240
vt 0.114530 0.512020
vt 0.116770 0.496110
vt 0.121370 0.511320
vt 0.127000 0.526160
vt 0.127890 0.510680
vt 0.133350 0.524740
vt 0.139640 0.537640
vt 0.139430 0.523270
vt 0.145450 0.535050
vt 0.151940 0.545290
vt 0.150810 0.532360
vt 0.156850 0.540990
vt 0.163280 0.548460
vt 0.160760 0.535860
vt 0.166860 0.542090
vt 0.173200 0.547470
vt 0.168530 0.533940
vt 0.174600 0.538790
vt 0.181110 0.543730
vt 0.174850 0.529090
vt 0.181320 0.533930
vt 0.188130 0.538700
vt 0.181070 0.523670
vt 0.187900 0.528450
vt 0.194930 0.533150
vt 0.187450 0.517880
vt 0.194480 0.522560
vt 0.201580 0.527120
vt 0.193920 0.511690
vt 0.201050 0.516220
vt 0.208200 0.520570
vt 0.200390 0.505040
vt 0.207550 0.509360
vt 0.214690 0.513450
vt 0.206800 0.497830
vt 0.213950 0.501910
vt 0.221040 0.505740
vt 0.213130 0.490000
vt 0.220190 0.493820
vt 0.227200 0.497430
vt 0.219420 0.481570
vt 0.226380 0.485190
vt 0.233390 0.488500
vt 0.234530 0.500480
vt 0.240530 0.491460
vt 0.241830 0.503360
vt 0.247730 0.494200
vt 0.249140 0.505990
vt 0.254960 0.496750
vt 0.256460 0.508410
vt 0.262210 0.499060
vt 0.263800 0.510560
vt 0.269530 0.501120
vt 0.271180 0.512410
vt 0.276880 0.502900
vt 0.278590 0.513960
vt 0.284300 0.504370
vt 0.286020 0.515170
vt 0.291760 0.505550
vt 0.293460 0.516080
vt 0.299290 0.506450
vt 0.300980 0.516670
vt 0.306930 0.507080
vt 0.308620 0.516960
vt 0.314630 0.507470
vt 0.316320 0.516990
vt 0.322420 0.507590
vt 0.324100 0.516740
vt 0.330400 0.507490
vt 0.331940 0.516390
vt 0.338420 0.507340
vt 0.339740 0.516080
vt 0.346340 0.507180
vt 0.347410 0.515880
vt 0.354050 0.507030
vt 0.354860 0.515800
vt 0.361510 0.506970
vt 0.362030 0.515830
vt 0.368710 0.507080
vt 0.368940 0.516030
vt 0.375660 0.507370
vt 0.375670 0.516330
vt 0.382460 0.507730
vt 0.382320 0.516630
vt 0.548790 0.754450
vt 0.555720 0.755930
vt 0.551660 0.763340
vt 0.559120 0.764660
vt 0.555010 0.772340
vt 0.566800 0.765710
vt 0.562730 0.773510
vt 0.558190 0.781540
vt 0.570640 0.774400
vt 0.566190 0.782550
vt 0.561170 0.790860
vt 0.574340 0.783310
vt 0.569470 0.791740
vt 0.564250 0.800260
vt 0.577930 0.792450
vt 0.572990 0.801010
vt 0.567950 0.809620
vt 0.581940 0.801540
vt 0.577190 0.810200
vt 0.572420 0.818920
vt 0.562880 0.818080
vt 0.567610 0.827690
vt 0.557840 0.826600
vt 0.562780 0.836560
vt 0.552740 0.835200
vt 0.557850 0.845470
vt 0.547470 0.843820
vt 0.552840 0.854350
vt 0.542000 0.852400
vt 0.547860 0.863140
vt 0.536470 0.860910
vt 0.542980 0.871880
vt 0.531070 0.869340
vt 0.538210 0.880650
vt 0.525830 0.877790
vt 0.533540 0.889490
vt 0.520710 0.886330
vt 0.528960 0.898460
vt 0.515650 0.895000
vt 0.524490 0.907570
vt 0.510680 0.903840
vt 0.520210 0.916850
vt 0.505850 0.912870
vt 0.516250 0.926330
vt 0.501280 0.922110
vt 0.512760 0.936050
vt 0.497130 0.931620
vt 0.509920 0.946090
vt 0.493620 0.941490
vt 0.507720 0.956530
vt 0.490770 0.951730
vt 0.505940 0.967380
vt 0.488390 0.962350
vt 0.009460 0.465610
vt 0.504390 0.978630
vt 0.486230 0.973280
vt 0.013900 0.484560
vt 0.020050 0.461690
vt 0.024280 0.480340
vt 0.030300 0.458000
vt 0.034260 0.476290
vt 0.040260 0.454590
vt 0.043870 0.472450
vt 0.049960 0.451520
vt 0.053170 0.468910
vt 0.059430 0.449090
vt 0.062220 0.466040
vt 0.068630 0.447620
vt 0.071060 0.464310
vt 0.077420 0.447050
vt 0.079600 0.463640
vt 0.085810 0.447310
vt 0.087830 0.463710
vt 0.093860 0.448010
vt 0.095730 0.464090
vt 0.101590 0.448880
vt 0.103310 0.464620
vt 0.109050 0.450000
vt 0.110650 0.465320
vt 0.113150 0.480780
vt 0.117790 0.466280
vt 0.120150 0.481160
vt 0.123460 0.496060
vt 0.126970 0.481740
vt 0.130020 0.495980
vt 0.134120 0.510100
vt 0.136440 0.496220
vt 0.140230 0.509570
vt 0.145170 0.521940
vt 0.142980 0.497620
vt 0.133700 0.482640
vt 0.140620 0.484370
vt 0.147630 0.487780
vt 0.149590 0.500120
vt 0.154570 0.492200
vt 0.156040 0.504030
vt 0.161270 0.497300
vt 0.162280 0.508740
vt 0.162930 0.519500
vt 0.168370 0.513730
vt 0.168730 0.524270
vt 0.162810 0.528730
vt 0.174480 0.518810
vt 0.167740 0.502630
vt 0.174160 0.507880
vt 0.180550 0.513070
vt 0.173820 0.496480
vt 0.180360 0.501810
vt 0.186870 0.506990
vt 0.180050 0.490120
vt 0.186660 0.495380
vt 0.193240 0.500490
vt 0.186460 0.483330
vt 0.193060 0.488490
vt 0.199650 0.493480
vt 0.193000 0.476040
vt 0.199530 0.481080
vt 0.206050 0.485890
vt 0.199680 0.468290
vt 0.206050 0.473110
vt 0.212470 0.477700
vt 0.206510 0.460040
vt 0.212750 0.464680
vt 0.219000 0.469030
vt 0.213630 0.451520
vt 0.219690 0.455920
vt 0.225860 0.459950
vt 0.225710 0.472720
vt 0.232310 0.463570
vt 0.232540 0.476130
vt 0.238950 0.466870
vt 0.239490 0.479240
vt 0.245760 0.469890
vt 0.246530 0.482110
vt 0.252700 0.472730
vt 0.253650 0.484800
vt 0.259750 0.475430
vt 0.260820 0.487290
vt 0.266910 0.477980
vt 0.268050 0.489580
vt 0.274200 0.480390
vt 0.275390 0.491660
vt 0.281610 0.482570
vt 0.282810 0.493450
vt 0.289160 0.484460
vt 0.290320 0.494970
vt 0.296820 0.486090
vt 0.297910 0.496210
vt 0.304580 0.487400
vt 0.305590 0.497180
vt 0.312390 0.488430
vt 0.313320 0.497920
vt 0.320220 0.489200
vt 0.321090 0.498390
vt 0.328130 0.489680
vt 0.329060 0.498600
vt 0.336130 0.489910
vt 0.337160 0.498620
vt 0.344190 0.489900
vt 0.345210 0.498520
vt 0.352160 0.489750
vt 0.353100 0.498350
vt 0.359990 0.489610
vt 0.360780 0.498240
vt 0.367610 0.489600
vt 0.368230 0.498280
vt 0.375030 0.489770
vt 0.375460 0.498510
vt 0.382260 0.490120
vt 0.382470 0.498900
vt 0.574690 0.766490
vt 0.582750 0.767000
vt 0.578730 0.775080
vt 0.590930 0.767470
vt 0.586930 0.775570
vt 0.582610 0.783980
vt 0.595240 0.776030
vt 0.591050 0.784400
vt 0.586610 0.792970
vt 0.599700 0.784710
vt 0.595450 0.793240
vt 0.591060 0.801960
vt 0.604490 0.793390
vt 0.600310 0.802070
vt 0.596030 0.810920
vt 0.586550 0.810680
vt 0.591710 0.819880
vt 0.582020 0.819520
vt 0.587390 0.828980
vt 0.577460 0.828480
vt 0.583150 0.838210
vt 0.572920 0.837540
vt 0.579000 0.847510
vt 0.568380 0.846670
vt 0.574950 0.856810
vt 0.563860 0.855780
vt 0.570970 0.866080
vt 0.559390 0.864830
vt 0.567060 0.875340
vt 0.555010 0.873860
vt 0.563210 0.884660
vt 0.550700 0.882910
vt 0.559440 0.894070
vt 0.546480 0.892070
vt 0.555820 0.903620
vt 0.542380 0.901330
vt 0.552380 0.913300
vt 0.538420 0.910740
vt 0.549250 0.923130
vt 0.534710 0.920290
vt 0.546530 0.933120
vt 0.531360 0.930010
vt 0.544320 0.943300
vt 0.528530 0.939940
vt 0.542680 0.953750
vt 0.526300 0.950170
vt 0.541550 0.964540
vt 0.524670 0.960780
vt 0.540870 0.975750
vt 0.523490 0.971790
vt 0.003950 0.427690
vt 0.540580 0.987380
vt 0.006100 0.446670
vt 0.522670 0.983140
vt 0.015040 0.424220
vt 0.016950 0.442990
vt 0.025940 0.421350
vt 0.027510 0.439660
vt 0.036590 0.418930
vt 0.037840 0.436740
vt 0.046980 0.416960
vt 0.047920 0.434210
vt 0.057080 0.415620
vt 0.057740 0.432290
vt 0.066820 0.414810
vt 0.067250 0.431110
vt 0.076110 0.414500
vt 0.076300 0.430650
vt 0.084850 0.414960
vt 0.084880 0.431060
vt 0.093110 0.416120
vt 0.093050 0.432040
vt 0.100990 0.417580
vt 0.100870 0.433250
vt 0.108540 0.419400
vt 0.108400 0.434740
vt 0.115860 0.421830
vt 0.115770 0.436710
vt 0.116300 0.451510
vt 0.123080 0.439220
vt 0.123600 0.453340
vt 0.124770 0.467540
vt 0.130900 0.455640
vt 0.131850 0.469110
vt 0.138250 0.458690
vt 0.139030 0.471490
vt 0.145610 0.462900
vt 0.146300 0.475350
vt 0.152900 0.467790
vt 0.153490 0.480070
vt 0.159990 0.473230
vt 0.160470 0.485400
vt 0.166800 0.478930
vt 0.167180 0.490990
vt 0.173310 0.484710
vt 0.166820 0.466550
vt 0.173460 0.472280
vt 0.179760 0.478060
vt 0.173740 0.459640
vt 0.180210 0.465260
vt 0.186390 0.470870
vt 0.180830 0.452300
vt 0.187170 0.457750
vt 0.193250 0.463270
vt 0.188130 0.444670
vt 0.194360 0.450030
vt 0.200290 0.455220
vt 0.195650 0.436740
vt 0.201710 0.441810
vt 0.207510 0.446880
vt 0.203370 0.428600
vt 0.209330 0.433490
vt 0.215010 0.438340
vt 0.211440 0.420370
vt 0.217320 0.425040
vt 0.223020 0.429580
vt 0.220930 0.442770
vt 0.228750 0.433860
vt 0.226840 0.446990
vt 0.234570 0.437890
vt 0.232970 0.450830
vt 0.240460 0.441660
vt 0.239250 0.454350
vt 0.246580 0.445150
vt 0.245720 0.457590
vt 0.252890 0.448490
vt 0.252380 0.460640
vt 0.259410 0.451740
vt 0.259230 0.463580
vt 0.266180 0.454920
vt 0.266250 0.466430
vt 0.273180 0.458020
vt 0.273450 0.469150
vt 0.280430 0.461000
vt 0.280820 0.471730
vt 0.287930 0.463780
vt 0.288390 0.474060
vt 0.295650 0.466230
vt 0.296110 0.476100
vt 0.303520 0.468270
vt 0.303950 0.477780
vt 0.311520 0.469830
vt 0.311870 0.479080
vt 0.319600 0.471010
vt 0.319820 0.480060
vt 0.327540 0.471790
vt 0.327690 0.480730
vt 0.335370 0.472300
vt 0.335570 0.481130
vt 0.343190 0.472550
vt 0.343490 0.481250
vt 0.351050 0.472570
vt 0.351440 0.481160
vt 0.358910 0.472460
vt 0.359320 0.481020
vt 0.366670 0.472340
vt 0.367040 0.480950
vt 0.374260 0.472410
vt 0.374580 0.481070
vt 0.381680 0.472750
vt 0.381940 0.481410
vt 0.388990 0.473230
vt 0.389160 0.481860
vt 0.599240 0.767900
vt 0.607650 0.768100
vt 0.603770 0.776370
vt 0.616160 0.768110
vt 0.612430 0.776440
vt 0.608550 0.784910
vt 0.621290 0.776200
vt 0.617610 0.784650
vt 0.613780 0.793260
vt 0.626940 0.783980
vt 0.623250 0.792600
vt 0.619340 0.801480
vt 0.609750 0.801980
vt 0.615340 0.810550
vt 0.605630 0.810910
vt 0.611360 0.819780
vt 0.601490 0.819990
vt 0.607480 0.829150
vt 0.597400 0.829230
vt 0.603810 0.838640
vt 0.593440 0.838590
vt 0.600390 0.848220
vt 0.589680 0.848030
vt 0.597210 0.857830
vt 0.586070 0.857500
vt 0.594160 0.867440
vt 0.582560 0.866960
vt 0.591150 0.877050
vt 0.579100 0.876410
vt 0.588160 0.886740
vt 0.575690 0.885930
vt 0.585250 0.896560
vt 0.572360 0.895570
vt 0.582510 0.906540
vt 0.569190 0.905340
vt 0.580080 0.916690
vt 0.566280 0.915290
vt 0.578060 0.927020
vt 0.563720 0.925380
vt 0.576510 0.937510
vt 0.561600 0.935620
vt 0.575500 0.948190
vt 0.560000 0.946060
vt 0.574910 0.959110
vt 0.558900 0.956750
vt 0.574650 0.970380
vt 0.558240 0.967760
vt 0.574640 0.982070
vt 0.557950 0.979170
vt 0.575000 0.994260
vt 0.001950 0.389340
vt 0.002470 0.408570
vt 0.558120 0.990990
vt 0.013890 0.386730
vt 0.014020 0.405460
vt 0.025610 0.384920
vt 0.025340 0.403100
vt 0.036980 0.383560
vt 0.036350 0.401210
vt 0.047890 0.382600
vt 0.047010 0.399810
vt 0.058260 0.382130
vt 0.057260 0.398990
vt 0.068100 0.382050
vt 0.067060 0.398590
vt 0.077520 0.382340
vt 0.076420 0.398490
vt 0.086530 0.383180
vt 0.085360 0.398990
vt 0.095110 0.384610
vt 0.093800 0.400250
vt 0.103250 0.386460
vt 0.101810 0.401920
vt 0.111020 0.388710
vt 0.109420 0.404000
vt 0.118380 0.391660
vt 0.116720 0.406800
vt 0.125380 0.395600
vt 0.123930 0.410360
vt 0.123070 0.424970
vt 0.131120 0.414720
vt 0.130520 0.428610
vt 0.130390 0.442260
vt 0.138030 0.432800
vt 0.137900 0.445830
vt 0.145450 0.437630
vt 0.145320 0.450340
vt 0.152820 0.442820
vt 0.152670 0.455370
vt 0.160030 0.448280
vt 0.159840 0.460850
vt 0.166840 0.454070
vt 0.160580 0.435560
vt 0.167580 0.441160
vt 0.174120 0.446900
vt 0.168290 0.428250
vt 0.175150 0.433800
vt 0.181560 0.439390
vt 0.176130 0.420780
vt 0.182890 0.426220
vt 0.189200 0.431660
vt 0.184150 0.413250
vt 0.190820 0.418520
vt 0.197030 0.423730
vt 0.192400 0.405720
vt 0.199010 0.410740
vt 0.205180 0.415710
vt 0.200980 0.398120
vt 0.207540 0.402910
vt 0.213660 0.407640
vt 0.209960 0.390590
vt 0.216500 0.395140
vt 0.222690 0.399590
vt 0.219780 0.412100
vt 0.228690 0.403970
vt 0.225640 0.416560
vt 0.234500 0.408220
vt 0.231370 0.420850
vt 0.240170 0.412270
vt 0.237030 0.424950
vt 0.245690 0.416300
vt 0.242670 0.428900
vt 0.251250 0.420310
vt 0.248460 0.432660
vt 0.256880 0.424270
vt 0.254400 0.436320
vt 0.262680 0.428230
vt 0.260550 0.439930
vt 0.268700 0.432140
vt 0.266950 0.443470
vt 0.274970 0.435970
vt 0.273640 0.446970
vt 0.281560 0.439670
vt 0.280640 0.450340
vt 0.288500 0.443170
vt 0.287940 0.453510
vt 0.295760 0.446330
vt 0.295510 0.456350
vt 0.303330 0.449020
vt 0.303320 0.458710
vt 0.311110 0.451150
vt 0.311260 0.460540
vt 0.319100 0.452720
vt 0.319340 0.461890
vt 0.327260 0.453780
vt 0.327450 0.462800
vt 0.335310 0.454430
vt 0.335360 0.463380
vt 0.343220 0.454930
vt 0.343180 0.463750
vt 0.351100 0.455280
vt 0.351000 0.463940
vt 0.359000 0.455430
vt 0.358840 0.463920
vt 0.366910 0.455460
vt 0.366630 0.463830
vt 0.374740 0.455660
vt 0.374310 0.463900
vt 0.382420 0.456100
vt 0.381830 0.464280
vt 0.389890 0.456620
vt 0.389200 0.464810
vt 0.624810 0.767790
vt 0.633550 0.766930
vt 0.630360 0.775510
vt 0.642470 0.765580
vt 0.639560 0.774200
vt 0.636460 0.782860
vt 0.648920 0.772240
vt 0.646010 0.781040
vt 0.642530 0.790110
vt 0.632860 0.791600
vt 0.638740 0.799340
vt 0.629020 0.800610
vt 0.634930 0.808750
vt 0.625110 0.809830
vt 0.631230 0.818290
vt 0.621280 0.819220
vt 0.627750 0.827950
vt 0.617610 0.828740
vt 0.624590 0.837680
vt 0.614200 0.838350
vt 0.621850 0.847470
vt 0.611110 0.848050
vt 0.619470 0.857290
vt 0.608350 0.857780
vt 0.617300 0.867140
vt 0.605750 0.867520
vt 0.615140 0.877050
vt 0.603180 0.877290
vt 0.612950 0.887030
vt 0.600590 0.887120
vt 0.610800 0.897130
vt 0.598060 0.897090
vt 0.608830 0.907400
vt 0.595720 0.907230
vt 0.607240 0.917830
vt 0.593720 0.917560
vt 0.606180 0.928450
vt 0.592190 0.928080
vt 0.605740 0.939240
vt 0.591210 0.938770
vt 0.605760 0.950200
vt 0.590730 0.949630
vt 0.606000 0.961450
vt 0.590580 0.960740
vt 0.606370 0.973070
vt 0.590660 0.972250
vt 0.606810 0.985250
vt 0.590920 0.984220
vt 0.607260 0.998040
vt 0.002820 0.350420
vt 0.591400 0.996720
vt 0.001960 0.369770
vt 0.015660 0.349970
vt 0.014540 0.368130
vt 0.028260 0.349640
vt 0.026720 0.367050
vt 0.040440 0.349210
vt 0.038460 0.366180
vt 0.052050 0.348890
vt 0.049640 0.365540
vt 0.062970 0.348950
vt 0.060230 0.365340
vt 0.073250 0.349450
vt 0.070250 0.365600
vt 0.082930 0.350350
vt 0.079770 0.366250
vt 0.092030 0.351720
vt 0.088790 0.367420
vt 0.100580 0.353650
vt 0.097340 0.369110
vt 0.108680 0.356000
vt 0.105500 0.371220
vt 0.116420 0.358670
vt 0.113320 0.373650
vt 0.123820 0.361810
vt 0.120750 0.376670
vt 0.130800 0.365840
vt 0.127780 0.380730
vt 0.137310 0.371050
vt 0.134550 0.385920
vt 0.132310 0.400520
vt 0.141260 0.391660
vt 0.139540 0.405860
vt 0.138410 0.419610
vt 0.146760 0.411390
vt 0.145850 0.424720
vt 0.153970 0.417010
vt 0.153240 0.430090
vt 0.161030 0.422750
vt 0.155060 0.403540
vt 0.162120 0.409410
vt 0.168950 0.415320
vt 0.163390 0.395830
vt 0.170310 0.401920
vt 0.177040 0.407880
vt 0.171880 0.388420
vt 0.178720 0.394640
vt 0.185380 0.400540
vt 0.180660 0.381450
vt 0.187410 0.387590
vt 0.194000 0.393210
vt 0.189750 0.374810
vt 0.196440 0.380650
vt 0.203060 0.385900
vt 0.199200 0.368370
vt 0.205880 0.373860
vt 0.212530 0.378790
vt 0.209060 0.362180
vt 0.215750 0.367360
vt 0.222550 0.371950
vt 0.219430 0.383170
vt 0.229280 0.376300
vt 0.225950 0.387520
vt 0.235730 0.380570
vt 0.232150 0.391870
vt 0.241880 0.384770
vt 0.238090 0.396140
vt 0.247790 0.388840
vt 0.243860 0.400240
vt 0.253510 0.392830
vt 0.249420 0.404260
vt 0.259050 0.396880
vt 0.254860 0.408280
vt 0.264430 0.401110
vt 0.260250 0.412440
vt 0.269710 0.405520
vt 0.265780 0.416740
vt 0.275060 0.410000
vt 0.271450 0.420990
vt 0.280530 0.414340
vt 0.277300 0.425090
vt 0.286190 0.418490
vt 0.283420 0.429050
vt 0.292200 0.422460
vt 0.289890 0.432790
vt 0.298490 0.426130
vt 0.296680 0.436230
vt 0.305120 0.429360
vt 0.303830 0.439210
vt 0.312130 0.432070
vt 0.311310 0.441620
vt 0.319550 0.434220
vt 0.319080 0.443460
vt 0.327310 0.435770
vt 0.327120 0.444710
vt 0.335310 0.436790
vt 0.335240 0.445520
vt 0.343530 0.437510
vt 0.343320 0.446130
vt 0.351690 0.438140
vt 0.351310 0.446640
vt 0.359770 0.438700
vt 0.359300 0.447000
vt 0.367880 0.439150
vt 0.367320 0.447240
vt 0.376000 0.439640
vt 0.375340 0.447580
vt 0.384000 0.440180
vt 0.383200 0.448080
vt 0.391790 0.440650
vt 0.390810 0.448560
vt 0.658370 0.769770
vt 0.667710 0.766870
vt 0.664900 0.776140
vt 0.655500 0.778810
vt 0.661690 0.785700
vt 0.652150 0.788140
vt 0.658170 0.795430
vt 0.648480 0.797630
vt 0.654590 0.805260
vt 0.644760 0.807220
vt 0.651170 0.815110
vt 0.641200 0.816930
vt 0.648050 0.825010
vt 0.637890 0.826740
vt 0.645410 0.834940
vt 0.635000 0.836570
vt 0.643320 0.844840
vt 0.632590 0.846420
vt 0.641610 0.854780
vt 0.630570 0.856300
vt 0.640130 0.864820
vt 0.628770 0.866250
vt 0.638740 0.875000
vt 0.627010 0.876300
vt 0.637350 0.885300
vt 0.625220 0.886440
vt 0.636040 0.895680
vt 0.623460 0.896690
vt 0.634960 0.906060
vt 0.621890 0.907030
vt 0.634290 0.916470
vt 0.620740 0.917480
vt 0.634200 0.926940
vt 0.620140 0.928070
vt 0.634750 0.937510
vt 0.620200 0.938800
vt 0.635670 0.948310
vt 0.620690 0.949740
vt 0.636670 0.959480
vt 0.621330 0.960980
vt 0.637570 0.971190
vt 0.621980 0.972650
vt 0.638280 0.983620
vt 0.622540 0.984950
vt 0.005430 0.312830
vt 0.638730 0.996890
vt 0.003600 0.331380
vt 0.622930 0.997990
vt 0.018730 0.315080
vt 0.016960 0.332320
vt 0.031990 0.316520
vt 0.030010 0.332810
vt 0.045060 0.317180
vt 0.042710 0.332900
vt 0.057660 0.317350
vt 0.054830 0.332840
vt 0.069440 0.317690
vt 0.066140 0.333090
vt 0.080430 0.318400
vt 0.076740 0.333730
vt 0.090680 0.319500
vt 0.086640 0.334760
vt 0.100180 0.321150
vt 0.095910 0.336260
vt 0.109040 0.323300
vt 0.104560 0.338330
vt 0.117320 0.325870
vt 0.112700 0.340830
vt 0.125090 0.328780
vt 0.120390 0.343680
vt 0.132370 0.332090
vt 0.127680 0.346950
vt 0.139160 0.335980
vt 0.134550 0.350900
vt 0.145450 0.340640
vt 0.140940 0.355810
vt 0.151180 0.346490
vt 0.146960 0.361820
vt 0.143610 0.377000
vt 0.152870 0.368330
vt 0.150060 0.383190
vt 0.147960 0.397660
vt 0.156410 0.389660
vt 0.158930 0.375050
vt 0.165010 0.381970
vt 0.162290 0.360220
vt 0.168040 0.367520
vt 0.173900 0.374830
vt 0.171950 0.353060
vt 0.177430 0.360820
vt 0.183110 0.368290
vt 0.181820 0.346890
vt 0.187080 0.354830
vt 0.192640 0.362150
vt 0.191920 0.341470
vt 0.197020 0.349310
vt 0.202550 0.356280
vt 0.202240 0.336610
vt 0.207270 0.344160
vt 0.212790 0.350770
vt 0.212770 0.332250
vt 0.217750 0.339500
vt 0.223280 0.345800
vt 0.219140 0.356420
vt 0.229810 0.350960
vt 0.225950 0.361260
vt 0.236690 0.355500
vt 0.232820 0.365670
vt 0.243510 0.359750
vt 0.239500 0.369880
vt 0.250130 0.363890
vt 0.245890 0.374000
vt 0.256510 0.367970
vt 0.252010 0.378050
vt 0.262610 0.372030
vt 0.257910 0.382070
vt 0.268430 0.376140
vt 0.263580 0.386200
vt 0.274010 0.380250
vt 0.269070 0.390420
vt 0.279350 0.384460
vt 0.274340 0.394760
vt 0.284450 0.388880
vt 0.279450 0.399260
vt 0.289410 0.393420
vt 0.284540 0.403750
vt 0.294390 0.397890
vt 0.289820 0.408070
vt 0.299540 0.402290
vt 0.295460 0.412250
vt 0.304900 0.406470
vt 0.301290 0.416160
vt 0.310580 0.410230
vt 0.307410 0.419650
vt 0.316610 0.413550
vt 0.313910 0.422670
vt 0.322980 0.416440
vt 0.320810 0.425170
vt 0.329780 0.418800
vt 0.328120 0.427100
vt 0.337220 0.420400
vt 0.335840 0.428400
vt 0.345350 0.421320
vt 0.344110 0.429210
vt 0.353690 0.422150
vt 0.352430 0.429930
vt 0.362030 0.422990
vt 0.360660 0.430650
vt 0.370330 0.423770
vt 0.368850 0.431300
vt 0.378530 0.424470
vt 0.377030 0.431940
vt 0.386610 0.425070
vt 0.385100 0.432510
vt 0.394560 0.425600
vt 0.392980 0.432990
vt 0.683440 0.770190
vt 0.674220 0.773250
vt 0.680430 0.780050
vt 0.671110 0.782980
vt 0.677230 0.790120
vt 0.667760 0.792920
vt 0.674050 0.800220
vt 0.664360 0.802910
vt 0.671060 0.810250
vt 0.661130 0.812880
vt 0.668390 0.820210
vt 0.658210 0.822830
vt 0.666200 0.830120
vt 0.655800 0.832790
vt 0.664610 0.840010
vt 0.653980 0.842720
vt 0.663440 0.850000
vt 0.652570 0.852710
vt 0.662510 0.860160
vt 0.651380 0.862820
vt 0.661750 0.870490
vt 0.650300 0.873120
vt 0.661220 0.880920
vt 0.649350 0.883520
vt 0.660980 0.891320
vt 0.648540 0.893950
vt 0.661100 0.901580
vt 0.648030 0.904310
vt 0.661580 0.911770
vt 0.647920 0.914620
vt 0.662610 0.921910
vt 0.648390 0.924930
vt 0.664120 0.932180
vt 0.649430 0.935340
vt 0.665790 0.942780
vt 0.650760 0.945980
vt 0.667210 0.953990
vt 0.652020 0.957090
vt 0.668400 0.965930
vt 0.653080 0.968880
vt 0.669460 0.978730
vt 0.653960 0.981470
vt 0.670410 0.992460
vt 0.011520 0.277500
vt 0.654580 0.994900
vt 0.007820 0.294880
vt 0.024720 0.281800
vt 0.021260 0.298240
vt 0.037920 0.284880
vt 0.034580 0.300570
vt 0.051090 0.286750
vt 0.047810 0.301840
vt 0.064170 0.287670
vt 0.060750 0.302320
vt 0.076850 0.288330
vt 0.073020 0.302780
vt 0.088760 0.289160
vt 0.084440 0.303550
vt 0.099780 0.290420
vt 0.095040 0.304720
vt 0.109920 0.292200
vt 0.104850 0.306460
vt 0.119260 0.294410
vt 0.113950 0.308660
vt 0.127930 0.297000
vt 0.122400 0.311250
vt 0.135990 0.299920
vt 0.130290 0.314170
vt 0.143510 0.303170
vt 0.137650 0.317460
vt 0.150460 0.306920
vt 0.144480 0.321250
vt 0.156830 0.311300
vt 0.150770 0.325730
vt 0.162560 0.316580
vt 0.156490 0.331220
vt 0.167540 0.323300
vt 0.161720 0.337990
vt 0.156560 0.353220
vt 0.166550 0.345430
vt 0.172290 0.330710
vt 0.176720 0.338750
vt 0.178820 0.316510
vt 0.183080 0.324580
vt 0.187090 0.333120
vt 0.190020 0.310870
vt 0.193880 0.319460
vt 0.197610 0.328260
vt 0.201200 0.306280
vt 0.204730 0.315240
vt 0.208250 0.324110
vt 0.212350 0.302660
vt 0.215600 0.311840
vt 0.219060 0.320550
vt 0.223390 0.300040
vt 0.226530 0.309150
vt 0.230140 0.317470
vt 0.223540 0.328340
vt 0.234550 0.324830
vt 0.228580 0.335170
vt 0.239670 0.331280
vt 0.234420 0.340970
vt 0.245980 0.336480
vt 0.241070 0.345790
vt 0.252750 0.341050
vt 0.247920 0.350190
vt 0.259560 0.345380
vt 0.254690 0.354410
vt 0.266280 0.349460
vt 0.261280 0.358500
vt 0.272770 0.353390
vt 0.267580 0.362530
vt 0.278950 0.357240
vt 0.273580 0.366520
vt 0.284810 0.361080
vt 0.279300 0.370490
vt 0.290330 0.365160
vt 0.284700 0.374590
vt 0.295530 0.369550
vt 0.289830 0.378960
vt 0.300500 0.374100
vt 0.294790 0.383510
vt 0.305330 0.378740
vt 0.299660 0.388110
vt 0.310100 0.383400
vt 0.304530 0.392690
vt 0.314880 0.387940
vt 0.309560 0.397100
vt 0.319880 0.392170
vt 0.314880 0.401140
vt 0.325180 0.395990
vt 0.320550 0.404750
vt 0.330860 0.399310
vt 0.326580 0.407890
vt 0.336910 0.402120
vt 0.332970 0.410520
vt 0.343440 0.404350
vt 0.339900 0.412440
vt 0.350650 0.406000
vt 0.347570 0.413670
vt 0.358380 0.407340
vt 0.355680 0.414700
vt 0.366450 0.408440
vt 0.363970 0.415650
vt 0.374660 0.409240
vt 0.372270 0.416460
vt 0.382770 0.409900
vt 0.380460 0.417150
vt 0.390740 0.410530
vt 0.388520 0.417770
vt 0.398650 0.411240
vt 0.396470 0.418380
vt 0.692560 0.767010
vt 0.698810 0.773710
vt 0.689660 0.776970
vt 0.695970 0.783820
vt 0.686630 0.787090
vt 0.693290 0.793860
vt 0.683680 0.797210
vt 0.690880 0.803830
vt 0.680980 0.807220
vt 0.688760 0.813700
vt 0.678580 0.817150
vt 0.687040 0.823470
vt 0.676620 0.826990
vt 0.685830 0.833220
vt 0.675230 0.836800
vt 0.685030 0.843080
vt 0.674260 0.846740
vt 0.684560 0.853090
vt 0.673550 0.856870
vt 0.684450 0.863180
vt 0.673120 0.867140
vt 0.684740 0.873270
vt 0.673010 0.877470
vt 0.685530 0.883290
vt 0.673320 0.887720
vt 0.686790 0.893220
vt 0.674050 0.897860
vt 0.688450 0.903110
vt 0.675160 0.907900
vt 0.690420 0.913080
vt 0.676690 0.917910
vt 0.692550 0.923340
vt 0.678550 0.928130
vt 0.694640 0.934160
vt 0.680440 0.938840
vt 0.696500 0.945690
vt 0.682080 0.950220
vt 0.698120 0.958050
vt 0.683460 0.962350
vt 0.699680 0.971300
vt 0.684730 0.975330
vt 0.701540 0.985310
vt 0.021290 0.244060
vt 0.015830 0.260550
vt 0.686020 0.989160
vt 0.034050 0.249860
vt 0.028970 0.265660
vt 0.046870 0.254150
vt 0.042020 0.269390
vt 0.059800 0.257180
vt 0.055080 0.271820
vt 0.072840 0.259240
vt 0.068180 0.273320
vt 0.085850 0.260630
vt 0.081090 0.274310
vt 0.098460 0.261820
vt 0.093430 0.275280
vt 0.110310 0.263200
vt 0.104890 0.276600
vt 0.121210 0.264930
vt 0.115400 0.278370
vt 0.131170 0.267110
vt 0.125030 0.280580
vt 0.140310 0.269730
vt 0.133900 0.283160
vt 0.148710 0.272700
vt 0.142120 0.286110
vt 0.156480 0.276050
vt 0.149770 0.289400
vt 0.163720 0.279820
vt 0.156890 0.293120
vt 0.170390 0.284110
vt 0.163390 0.297440
vt 0.176410 0.289130
vt 0.169210 0.302570
vt 0.181580 0.295310
vt 0.174210 0.309090
vt 0.185810 0.302810
vt 0.189270 0.282430
vt 0.193690 0.289670
vt 0.197370 0.297710
vt 0.201880 0.277040
vt 0.205670 0.285020
vt 0.208880 0.293610
vt 0.214080 0.273020
vt 0.217450 0.281530
vt 0.220270 0.290640
vt 0.226140 0.270060
vt 0.229030 0.279240
vt 0.231490 0.288740
vt 0.237880 0.268480
vt 0.240350 0.278050
vt 0.242710 0.287530
vt 0.234350 0.298110
vt 0.245430 0.296530
vt 0.237510 0.306880
vt 0.248610 0.304810
vt 0.241280 0.314780
vt 0.252390 0.312280
vt 0.245740 0.321800
vt 0.257510 0.318310
vt 0.251500 0.327390
vt 0.263640 0.323380
vt 0.258020 0.332170
vt 0.270200 0.327910
vt 0.264740 0.336590
vt 0.276900 0.332010
vt 0.271490 0.340670
vt 0.283590 0.335860
vt 0.278130 0.344520
vt 0.290120 0.339610
vt 0.284520 0.348280
vt 0.296380 0.343470
vt 0.290570 0.352090
vt 0.302230 0.347590
vt 0.296220 0.356180
vt 0.307660 0.351970
vt 0.301500 0.360570
vt 0.312750 0.356480
vt 0.306510 0.365100
vt 0.317580 0.361070
vt 0.311330 0.369740
vt 0.322240 0.365690
vt 0.316020 0.374410
vt 0.326880 0.370170
vt 0.320700 0.378950
vt 0.331550 0.374440
vt 0.325470 0.383230
vt 0.336300 0.378470
vt 0.330420 0.387180
vt 0.341260 0.382170
vt 0.335720 0.390680
vt 0.346570 0.385450
vt 0.341400 0.393740
vt 0.352330 0.388300
vt 0.347580 0.396290
vt 0.358670 0.390680
vt 0.354370 0.398340
vt 0.365580 0.392470
vt 0.361720 0.399950
vt 0.372980 0.393770
vt 0.369510 0.401180
vt 0.380710 0.394650
vt 0.377500 0.402000
vt 0.388550 0.395330
vt 0.385500 0.402650
vt 0.396310 0.396070
vt 0.393380 0.403310
vt 0.716950 0.766620
vt 0.707910 0.770290
vt 0.714630 0.776550
vt 0.705300 0.780320
vt 0.712460 0.786340
vt 0.702880 0.790240
vt 0.710510 0.796090
vt 0.700730 0.800090
vt 0.708860 0.805820
vt 0.698870 0.809890
vt 0.707590 0.815510
vt 0.697390 0.819630
vt 0.706730 0.825200
vt 0.696350 0.829350
vt 0.706330 0.834870
vt 0.695720 0.839130
vt 0.706430 0.844500
vt 0.695520 0.848960
vt 0.706970 0.854110
vt 0.695740 0.858790
vt 0.707990 0.863620
vt 0.696400 0.868610
vt 0.709540 0.873020
vt 0.697590 0.878340
vt 0.711530 0.882440
vt 0.699270 0.888040
vt 0.713880 0.892010
vt 0.701340 0.897780
vt 0.716470 0.901890
vt 0.703670 0.907690
vt 0.719120 0.912250
vt 0.706070 0.918000
vt 0.721640 0.923290
vt 0.708370 0.928920
vt 0.723920 0.935200
vt 0.710450 0.940650
vt 0.726080 0.947980
vt 0.712320 0.953280
vt 0.728530 0.961410
vt 0.714260 0.966670
vt 0.034650 0.212500
vt 0.731740 0.975200
vt 0.716700 0.980550
vt 0.027400 0.228020
vt 0.046750 0.219350
vt 0.039990 0.234410
vt 0.059100 0.224620
vt 0.052600 0.239230
vt 0.071590 0.228680
vt 0.065320 0.242820
vt 0.084260 0.231740
vt 0.078220 0.245400
vt 0.097110 0.233960
vt 0.091210 0.247200
vt 0.109900 0.235650
vt 0.103960 0.248630
vt 0.122180 0.237320
vt 0.116040 0.250130
vt 0.133670 0.239230
vt 0.127290 0.251920
vt 0.144320 0.241470
vt 0.137630 0.254110
vt 0.154080 0.244060
vt 0.147050 0.256710
vt 0.162960 0.247080
vt 0.155660 0.259700
vt 0.171050 0.250580
vt 0.163570 0.263130
vt 0.178480 0.254550
vt 0.170910 0.266990
vt 0.185330 0.259040
vt 0.177700 0.271350
vt 0.191580 0.264190
vt 0.183860 0.276400
vt 0.197070 0.270140
vt 0.199660 0.252550
vt 0.205330 0.258470
vt 0.210080 0.265190
vt 0.213700 0.247240
vt 0.218740 0.253850
vt 0.222630 0.261520
vt 0.227470 0.242930
vt 0.231810 0.250470
vt 0.234900 0.259200
vt 0.240710 0.240210
vt 0.244030 0.249080
vt 0.246720 0.258350
vt 0.253060 0.239500
vt 0.256010 0.248870
vt 0.258440 0.258380
vt 0.249280 0.267900
vt 0.260640 0.267860
vt 0.251530 0.277440
vt 0.262820 0.277040
vt 0.253920 0.286570
vt 0.265200 0.285670
vt 0.256630 0.295090
vt 0.268000 0.293540
vt 0.259820 0.302840
vt 0.271730 0.300250
vt 0.264240 0.309250
vt 0.276520 0.305930
vt 0.269750 0.314620
vt 0.282270 0.310860
vt 0.276000 0.319300
vt 0.288640 0.315240
vt 0.282590 0.323500
vt 0.295220 0.319340
vt 0.289260 0.327440
vt 0.301790 0.323350
vt 0.295860 0.331300
vt 0.308210 0.327490
vt 0.302250 0.335280
vt 0.314390 0.331790
vt 0.308290 0.339470
vt 0.320250 0.336160
vt 0.313940 0.343840
vt 0.325760 0.340500
vt 0.319200 0.348290
vt 0.330880 0.344850
vt 0.324110 0.352760
vt 0.335610 0.349330
vt 0.328780 0.357290
vt 0.340200 0.353800
vt 0.333390 0.361750
vt 0.344820 0.358070
vt 0.338020 0.366040
vt 0.349510 0.362060
vt 0.342720 0.370100
vt 0.354290 0.365760
vt 0.347520 0.373860
vt 0.359170 0.369160
vt 0.352510 0.377280
vt 0.364230 0.372190
vt 0.357860 0.380310
vt 0.369630 0.374710
vt 0.363670 0.382840
vt 0.375440 0.376760
vt 0.370040 0.384790
vt 0.381760 0.378380
vt 0.376990 0.386180
vt 0.388680 0.379590
vt 0.384370 0.387170
vt 0.396010 0.380660
vt 0.391980 0.387960
vt 0.403520 0.381860
vt 0.399620 0.388860
vt 0.725920 0.762730
vt 0.733010 0.768380
vt 0.723890 0.772540
vt 0.731300 0.777990
vt 0.721960 0.782260
vt 0.729740 0.787560
vt 0.720190 0.791920
vt 0.728470 0.797070
vt 0.718730 0.801530
vt 0.727550 0.806530
vt 0.717620 0.811130
vt 0.727070 0.815940
vt 0.716960 0.820710
vt 0.727180 0.825240
vt 0.716820 0.830230
vt 0.727870 0.834440
vt 0.717220 0.839660
vt 0.729070 0.843530
vt 0.718100 0.849020
vt 0.730850 0.852450
vt 0.719510 0.858230
vt 0.733050 0.861340
vt 0.721380 0.867350
vt 0.735540 0.870330
vt 0.723630 0.876540
vt 0.738230 0.879590
vt 0.726160 0.885950
vt 0.741000 0.889420
vt 0.728890 0.895780
vt 0.743950 0.899940
vt 0.731740 0.906210
vt 0.746890 0.911270
vt 0.734490 0.917410
vt 0.749770 0.923400
vt 0.737030 0.929480
vt 0.752730 0.936140
vt 0.739540 0.942290
vt 0.756210 0.949180
vt 0.742500 0.955540
vt 0.760820 0.962240
vt 0.051500 0.182840
vt 0.042540 0.197400
vt 0.746340 0.968920
vt 0.062810 0.190270
vt 0.054330 0.204630
vt 0.074450 0.196220
vt 0.066360 0.210280
vt 0.086380 0.201040
vt 0.078600 0.214730
vt 0.098540 0.204830
vt 0.091010 0.218200
vt 0.110870 0.207830
vt 0.103630 0.220840
vt 0.123400 0.210190
vt 0.116350 0.222860
vt 0.135700 0.212410
vt 0.128700 0.224750
vt 0.147510 0.214730
vt 0.140390 0.226840
vt 0.158650 0.217190
vt 0.151300 0.229160
vt 0.168950 0.219930
vt 0.161350 0.231800
vt 0.178330 0.223100
vt 0.170490 0.234880
vt 0.186820 0.226790
vt 0.178800 0.238470
vt 0.194540 0.231030
vt 0.186380 0.242570
vt 0.201540 0.235870
vt 0.193310 0.247260
vt 0.207860 0.241270
vt 0.210000 0.224800
vt 0.216430 0.230250
vt 0.222160 0.236270
vt 0.225050 0.219390
vt 0.230910 0.225610
vt 0.236070 0.232500
vt 0.239670 0.215200
vt 0.244900 0.222510
vt 0.249360 0.230520
vt 0.253690 0.213050
vt 0.258310 0.221440
vt 0.262070 0.230370
vt 0.267200 0.212970
vt 0.271170 0.222030
vt 0.274290 0.231440
vt 0.265150 0.239840
vt 0.276990 0.240940
vt 0.267690 0.249390
vt 0.279270 0.250460
vt 0.269910 0.258870
vt 0.281400 0.259730
vt 0.272010 0.268110
vt 0.283580 0.268480
vt 0.274220 0.276840
vt 0.286070 0.276360
vt 0.276860 0.284690
vt 0.289110 0.283370
vt 0.280150 0.291570
vt 0.292860 0.289520
vt 0.284310 0.297560
vt 0.297400 0.294920
vt 0.289410 0.302790
vt 0.302770 0.299640
vt 0.295320 0.307360
vt 0.308660 0.304080
vt 0.301670 0.311570
vt 0.314760 0.308530
vt 0.308070 0.315770
vt 0.320880 0.313070
vt 0.314390 0.320110
vt 0.326960 0.317560
vt 0.320590 0.324520
vt 0.332960 0.321920
vt 0.326580 0.328890
vt 0.338820 0.326160
vt 0.332320 0.333140
vt 0.344400 0.330390
vt 0.337700 0.337410
vt 0.349550 0.334670
vt 0.342620 0.341830
vt 0.354370 0.338940
vt 0.347260 0.346240
vt 0.359110 0.342960
vt 0.351890 0.350420
vt 0.363900 0.346690
vt 0.356600 0.354260
vt 0.368750 0.350160
vt 0.361390 0.357850
vt 0.373730 0.353280
vt 0.366290 0.361110
vt 0.379000 0.355960
vt 0.371370 0.363960
vt 0.384410 0.358370
vt 0.376660 0.366380
vt 0.389910 0.360650
vt 0.382170 0.368520
vt 0.395570 0.362850
vt 0.387990 0.370450
vt 0.401560 0.364920
vt 0.394360 0.372140
vt 0.401300 0.373670
vt 0.742000 0.764110
vt 0.749560 0.769070
vt 0.740490 0.773590
vt 0.748280 0.778330
vt 0.739100 0.783050
vt 0.747350 0.787590
vt 0.738020 0.792440
vt 0.746810 0.796730
vt 0.737320 0.801760
vt 0.746840 0.805780
vt 0.737060 0.810980
vt 0.747410 0.814580
vt 0.737380 0.820050
vt 0.748700 0.823170
vt 0.738350 0.828950
vt 0.750520 0.831580
vt 0.739870 0.837710
vt 0.752880 0.839930
vt 0.741960 0.846340
vt 0.755590 0.848350
vt 0.744450 0.854990
vt 0.758550 0.857110
vt 0.747220 0.863830
vt 0.761540 0.866350
vt 0.750060 0.873070
vt 0.764540 0.876290
vt 0.752880 0.882950
vt 0.767590 0.886860
vt 0.755870 0.893520
vt 0.770900 0.898160
vt 0.758990 0.904870
vt 0.774360 0.910100
vt 0.762200 0.916960
vt 0.778270 0.922510
vt 0.765640 0.929570
vt 0.782820 0.934910
vt 0.769650 0.942340
vt 0.071970 0.154620
vt 0.788660 0.946950
vt 0.061220 0.168540
vt 0.774860 0.954830
vt 0.082480 0.162450
vt 0.072220 0.176190
vt 0.093380 0.168880
vt 0.083490 0.182410
vt 0.104630 0.174250
vt 0.095040 0.187530
vt 0.116120 0.178620
vt 0.106910 0.191620
vt 0.127960 0.182320
vt 0.119010 0.194960
vt 0.139980 0.185460
vt 0.131260 0.197700
vt 0.151930 0.188530
vt 0.143400 0.200330
vt 0.163630 0.191350
vt 0.155210 0.202920
vt 0.174900 0.194120
vt 0.166470 0.205550
vt 0.185370 0.197000
vt 0.176920 0.208360
vt 0.194940 0.200400
vt 0.186440 0.211630
vt 0.203560 0.204330
vt 0.195040 0.215450
vt 0.211380 0.208810
vt 0.202850 0.219850
vt 0.218480 0.213810
vt 0.220270 0.197870
vt 0.227360 0.202980
vt 0.233750 0.208680
vt 0.236610 0.192230
vt 0.242960 0.198200
vt 0.248510 0.205190
vt 0.252470 0.188300
vt 0.257800 0.195940
vt 0.262590 0.204230
vt 0.267360 0.187410
vt 0.271960 0.196190
vt 0.276220 0.205110
vt 0.281500 0.188790
vt 0.285700 0.197970
vt 0.289470 0.207060
vt 0.280210 0.214240
vt 0.292910 0.216310
vt 0.283610 0.223540
vt 0.295750 0.225730
vt 0.286440 0.233000
vt 0.298150 0.235360
vt 0.288720 0.242610
vt 0.300360 0.244640
vt 0.290930 0.251950
vt 0.302690 0.253270
vt 0.293120 0.260640
vt 0.305210 0.261040
vt 0.295570 0.268500
vt 0.308170 0.268030
vt 0.298480 0.275490
vt 0.311530 0.274270
vt 0.301980 0.281700
vt 0.315440 0.279940
vt 0.306150 0.287200
vt 0.319860 0.285200
vt 0.310990 0.292180
vt 0.324750 0.290280
vt 0.316350 0.296950
vt 0.329960 0.295170
vt 0.322020 0.301670
vt 0.335410 0.299870
vt 0.327820 0.306340
vt 0.340920 0.304320
vt 0.333670 0.310850
vt 0.346420 0.308640
vt 0.339490 0.315200
vt 0.351930 0.312830
vt 0.345280 0.319430
vt 0.357410 0.316950
vt 0.350910 0.323580
vt 0.362820 0.320990
vt 0.356270 0.327730
vt 0.368020 0.324970
vt 0.361330 0.331840
vt 0.373100 0.328740
vt 0.366230 0.335740
vt 0.378120 0.332310
vt 0.371130 0.339390
vt 0.383190 0.335570
vt 0.376110 0.342760
vt 0.388390 0.338530
vt 0.381250 0.345770
vt 0.393810 0.341170
vt 0.386640 0.348400
vt 0.399340 0.343700
vt 0.392150 0.350880
vt 0.404940 0.346120
vt 0.397710 0.353290
vt 0.403360 0.355620
vt 0.406050 0.336480
vt 0.400580 0.334000
vt 0.407360 0.326660
vt 0.402150 0.324090
vt 0.409420 0.316590
vt 0.395260 0.331330
vt 0.390070 0.328500
vt 0.397030 0.321330
vt 0.391910 0.318450
vt 0.399550 0.311320
vt 0.404480 0.314020
vt 0.384950 0.325340
vt 0.379830 0.321950
vt 0.386860 0.315250
vt 0.381890 0.311820
vt 0.390000 0.305260
vt 0.394670 0.308450
vt 0.374720 0.318300
vt 0.369540 0.314490
vt 0.377010 0.308140
vt 0.372220 0.304320
vt 0.381180 0.298170
vt 0.385500 0.301820
vt 0.364350 0.310500
vt 0.359230 0.306430
vt 0.367540 0.300310
vt 0.362830 0.296270
vt 0.372660 0.290450
vt 0.376900 0.294390
vt 0.354110 0.302280
vt 0.349000 0.298060
vt 0.358130 0.292050
vt 0.353310 0.287810
vt 0.363820 0.282270
vt 0.368340 0.286440
vt 0.343840 0.293640
vt 0.338740 0.289070
vt 0.348480 0.283290
vt 0.343750 0.278500
vt 0.354180 0.273260
vt 0.359010 0.277970
vt 0.333870 0.284110
vt 0.329330 0.278930
vt 0.339320 0.273210
vt 0.335190 0.267580
vt 0.345300 0.262350
vt 0.349570 0.268080
vt 0.325180 0.273370
vt 0.321420 0.267500
vt 0.331400 0.261460
vt 0.327870 0.255010
vt 0.337690 0.249470
vt 0.341370 0.256150
vt 0.317980 0.261120
vt 0.314960 0.254150
vt 0.324650 0.247880
vt 0.321830 0.240110
vt 0.331320 0.234350
vt 0.334320 0.242260
vt 0.312220 0.246370
vt 0.309830 0.237850
vt 0.319230 0.231530
vt 0.316990 0.222330
vt 0.326530 0.216510
vt 0.328750 0.225780
vt 0.307480 0.228580
vt 0.305170 0.219060
vt 0.314670 0.212770
vt 0.312030 0.203460
vt 0.321790 0.197590
vt 0.324420 0.207000
vt 0.302300 0.209630
vt 0.299060 0.200470
vt 0.308720 0.194230
vt 0.305070 0.185010
vt 0.314940 0.179040
vt 0.318570 0.188370
vt 0.295270 0.191240
vt 0.291260 0.181940
vt 0.301120 0.175500
vt 0.297350 0.165790
vt 0.307800 0.159690
vt 0.311320 0.169550
vt 0.287070 0.172360
vt 0.282780 0.163070
vt 0.293410 0.156040
vt 0.277150 0.179600
vt 0.272340 0.170750
vt 0.267010 0.162930
vt 0.277920 0.154490
vt 0.262300 0.179170
vt 0.256390 0.172020
vt 0.249950 0.165920
vt 0.260940 0.156140
vt 0.246300 0.181840
vt 0.239410 0.176230
vt 0.232000 0.171370
vt 0.242780 0.160640
vt 0.229590 0.186990
vt 0.221880 0.182270
vt 0.213480 0.178220
vt 0.223730 0.167110
vt 0.212480 0.193310
vt 0.203880 0.189240
vt 0.194430 0.185840
vt 0.204110 0.174600
vt 0.193870 0.171560
vt 0.204330 0.160250
vt 0.214510 0.163510
vt 0.184000 0.182760
vt 0.172880 0.180010
vt 0.182840 0.168560
vt 0.171470 0.165590
vt 0.182180 0.154100
vt 0.193460 0.157280
vt 0.161290 0.176920
vt 0.149600 0.173660
vt 0.159920 0.162000
vt 0.148420 0.158140
vt 0.159430 0.146460
vt 0.170790 0.150640
vt 0.137800 0.169960
vt 0.126290 0.165980
vt 0.137050 0.153620
vt 0.126020 0.148650
vt 0.137550 0.136380
vt 0.148310 0.141790
vt 0.115000 0.161180
vt 0.104070 0.155710
vt 0.115250 0.142740
vt 0.105160 0.135890
vt 0.117650 0.123040
vt 0.127260 0.130280
vt 0.093410 0.148930
vt 0.083480 0.140890
vt 0.801990 0.938150
vt 0.095710 0.127410
vt 0.815010 0.928680
vt 0.808190 0.917780
vt 0.820420 0.908090
vt 0.109000 0.114530
vt 0.827500 0.918260
vt 0.795730 0.926750
vt 0.790580 0.914780
vt 0.802740 0.906360
vt 0.798110 0.894670
vt 0.809760 0.885940
vt 0.814600 0.897160
vt 0.786370 0.902750
vt 0.782580 0.890950
vt 0.794190 0.883180
vt 0.790490 0.872120
vt 0.801600 0.863780
vt 0.805480 0.874680
vt 0.779180 0.879810
vt 0.775900 0.869260
vt 0.787100 0.861720
vt 0.783630 0.851940
vt 0.794130 0.843790
vt 0.797840 0.853430
vt 0.772770 0.859420
vt 0.769550 0.850170
vt 0.780260 0.842840
vt 0.776850 0.834240
vt 0.786740 0.826390
vt 0.790380 0.834790
vt 0.766470 0.841530
vt 0.763500 0.833200
vt 0.773700 0.826080
vt 0.770790 0.818110
vt 0.780130 0.810680
vt 0.783280 0.818390
vt 0.760930 0.825090
vt 0.758750 0.816940
vt 0.768400 0.810230
vt 0.766480 0.802240
vt 0.775470 0.795470
vt 0.777460 0.803050
vt 0.757180 0.808670
vt 0.756230 0.800110
vt 0.765450 0.794080
vt 0.765080 0.785710
vt 0.774230 0.780090
vt 0.774540 0.787820
vt 0.756080 0.791380
vt 0.756440 0.782470
vt 0.765530 0.777320
vt 0.766380 0.768820
vt 0.775550 0.764470
vt 0.774630 0.772310
vt 0.757380 0.773540
vt 0.758510 0.764540
vt 0.767560 0.760280
vt 0.776630 0.756370
vt 0.794520 0.758050
vt 0.784900 0.760670
vt 0.793430 0.765110
vt 0.784010 0.767900
vt 0.792270 0.772390
vt 0.783480 0.775210
vt 0.802240 0.765460
vt 0.800080 0.773160
vt 0.810310 0.768190
vt 0.806950 0.776800
vt 0.802490 0.785420
vt 0.813200 0.782160
vt 0.807510 0.791700
vt 0.800530 0.801070
vt 0.796450 0.794110
vt 0.792320 0.810090
vt 0.788840 0.802680
vt 0.804660 0.808520
vt 0.796030 0.817810
vt 0.808950 0.816560
vt 0.799970 0.826020
vt 0.813330 0.825310
vt 0.804040 0.834870
vt 0.817800 0.834800
vt 0.808110 0.844450
vt 0.822320 0.844920
vt 0.812230 0.854700
vt 0.826970 0.855480
vt 0.816460 0.865470
vt 0.831980 0.866100
vt 0.821080 0.876440
vt 0.837590 0.876340
vt 0.826290 0.887210
vt 0.843980 0.885990
vt 0.832340 0.897520
vt 0.138450 0.089880
vt 0.851440 0.894780
vt 0.123100 0.101900
vt 0.839580 0.906970
vt 0.145600 0.098560
vt 0.131130 0.110630
vt 0.153870 0.106020
vt 0.140080 0.118060
vt 0.162900 0.112570
vt 0.149800 0.124430
vt 0.172530 0.118410
vt 0.160050 0.130070
vt 0.182850 0.123440
vt 0.170840 0.134970
vt 0.193770 0.127690
vt 0.182000 0.139150
vt 0.205000 0.131350
vt 0.193340 0.142710
vt 0.216120 0.134700
vt 0.204540 0.145950
vt 0.226920 0.137920
vt 0.215380 0.149090
vt 0.237010 0.141350
vt 0.225510 0.152400
vt 0.246100 0.145380
vt 0.234660 0.156170
vt 0.254020 0.150230
vt 0.258020 0.135150
vt 0.265730 0.140550
vt 0.272240 0.146980
vt 0.277750 0.131520
vt 0.283940 0.138610
vt 0.289020 0.146790
vt 0.295880 0.131050
vt 0.300440 0.139930
vt 0.304190 0.149600
vt 0.312070 0.133770
vt 0.315350 0.143860
vt 0.318450 0.154000
vt 0.326740 0.138550
vt 0.329500 0.148810
vt 0.332470 0.158720
vt 0.321760 0.163920
vt 0.335560 0.168350
vt 0.325120 0.173460
vt 0.338610 0.177850
vt 0.328500 0.182850
vt 0.341520 0.187320
vt 0.331620 0.192200
vt 0.344010 0.196860
vt 0.334200 0.201680
vt 0.345990 0.206410
vt 0.336230 0.211230
vt 0.347970 0.215590
vt 0.338320 0.220460
vt 0.350360 0.224290
vt 0.340840 0.229090
vt 0.353330 0.232460
vt 0.343880 0.237120
vt 0.356970 0.240000
vt 0.347390 0.244510
vt 0.361140 0.246980
vt 0.351280 0.251340
vt 0.365920 0.253320
vt 0.355480 0.257650
vt 0.371320 0.258960
vt 0.360110 0.263330
vt 0.376740 0.263920
vt 0.365040 0.268410
vt 0.381930 0.268230
vt 0.370140 0.272920
vt 0.386670 0.272110
vt 0.374940 0.277100
vt 0.390980 0.275770
vt 0.379360 0.281070
vt 0.395040 0.279100
vt 0.383480 0.284830
vt 0.398840 0.282230
vt 0.387420 0.288440
vt 0.402530 0.285230
vt 0.391340 0.291900
vt 0.406210 0.288090
vt 0.395270 0.295210
vt 0.409990 0.290810
vt 0.399380 0.298330
vt 0.414010 0.293330
vt 0.403750 0.301170
vt 0.408300 0.303770
vt 0.412920 0.306260
vt 0.815130 0.750670
vt 0.812990 0.759400
vt 0.804030 0.757570
vt 0.824180 0.753210
vt 0.821470 0.762690
vt 0.817850 0.772470
vt 0.829260 0.767710
vt 0.824860 0.778090
vt 0.819190 0.788580
vt 0.831190 0.785210
vt 0.824710 0.796050
vt 0.817280 0.806550
vt 0.812490 0.798720
vt 0.830010 0.804520
vt 0.822030 0.815190
vt 0.835380 0.813710
vt 0.826900 0.824550
vt 0.840880 0.823290
vt 0.831880 0.834450
vt 0.846500 0.832970
vt 0.836960 0.844640
vt 0.852280 0.842520
vt 0.842370 0.854770
vt 0.858570 0.851630
vt 0.848370 0.864450
vt 0.865570 0.859970
vt 0.855060 0.873480
vt 0.873480 0.867190
vt 0.171820 0.066720
vt 0.154640 0.077970
vt 0.862710 0.881500
vt 0.177720 0.075320
vt 0.161180 0.086680
vt 0.184800 0.082900
vt 0.168800 0.094230
vt 0.192720 0.089660
vt 0.177190 0.100910
vt 0.201360 0.095580
vt 0.186190 0.106830
vt 0.210670 0.100710
vt 0.195920 0.111960
vt 0.220650 0.105150
vt 0.206430 0.116340
vt 0.231210 0.109000
vt 0.217420 0.120100
vt 0.241940 0.112570
vt 0.228460 0.123530
vt 0.252340 0.116220
vt 0.239150 0.126920
vt 0.261890 0.120430
vt 0.249090 0.130680
vt 0.270380 0.125430
vt 0.275700 0.110840
vt 0.283520 0.116510
vt 0.290200 0.123210
vt 0.297380 0.108370
vt 0.303280 0.115850
vt 0.308120 0.124290
vt 0.316780 0.109400
vt 0.320860 0.118450
vt 0.324010 0.128200
vt 0.333930 0.113260
vt 0.336460 0.123290
vt 0.338440 0.133600
vt 0.349250 0.118750
vt 0.350690 0.129160
vt 0.352330 0.139420
vt 0.340760 0.143900
vt 0.354390 0.149650
vt 0.343370 0.153950
vt 0.356790 0.159800
vt 0.346170 0.163820
vt 0.359330 0.169720
vt 0.348950 0.173520
vt 0.361740 0.179390
vt 0.351560 0.183100
vt 0.363900 0.188880
vt 0.353890 0.192650
vt 0.365790 0.198200
vt 0.355850 0.202090
vt 0.367530 0.207310
vt 0.357720 0.211200
vt 0.369520 0.216190
vt 0.359910 0.219960
vt 0.372270 0.224660
vt 0.362770 0.228260
vt 0.376350 0.232580
vt 0.366540 0.235960
vt 0.382100 0.239990
vt 0.371320 0.243080
vt 0.388560 0.246730
vt 0.377140 0.249560
vt 0.383200 0.255260
vt 0.388960 0.259970
vt 0.405210 0.259340
vt 0.394100 0.263880
vt 0.409380 0.262070
vt 0.398600 0.267230
vt 0.413300 0.264670
vt 0.402730 0.270310
vt 0.416930 0.267030
vt 0.406790 0.273180
vt 0.419850 0.269180
vt 0.410280 0.275770
vt 0.413550 0.278280
vt 0.416860 0.280770
vt 0.835370 0.747050
vt 0.832720 0.757410
vt 0.843950 0.751910
vt 0.840580 0.763260
vt 0.836420 0.774320
vt 0.848370 0.770020
vt 0.843280 0.781930
vt 0.837290 0.793400
vt 0.850120 0.790250
vt 0.843200 0.802300
vt 0.856810 0.798870
vt 0.849240 0.811450
vt 0.863560 0.807270
vt 0.855420 0.820540
vt 0.870440 0.815300
vt 0.861720 0.829430
vt 0.877480 0.822790
vt 0.868300 0.837870
vt 0.884880 0.829530
vt 0.875510 0.845390
vt 0.207720 0.045840
vt 0.892900 0.835380
vt 0.883510 0.851850
vt 0.189450 0.055860
vt 0.212540 0.054370
vt 0.194900 0.064550
vt 0.218850 0.061870
vt 0.201590 0.072190
vt 0.226450 0.068330
vt 0.209270 0.078880
vt 0.234990 0.073910
vt 0.217790 0.084670
vt 0.244170 0.078810
vt 0.226940 0.089690
vt 0.253810 0.083210
vt 0.236630 0.094080
vt 0.263650 0.087360
vt 0.246760 0.098050
vt 0.273280 0.091610
vt 0.256970 0.101890
vt 0.282280 0.096350
vt 0.266780 0.106030
vt 0.290390 0.101810
vt 0.298690 0.087500
vt 0.305770 0.093840
vt 0.311740 0.101120
vt 0.321800 0.086870
vt 0.326650 0.094970
vt 0.330640 0.103730
vt 0.342270 0.089720
vt 0.345160 0.098850
vt 0.347400 0.108510
vt 0.360490 0.094660
vt 0.361590 0.104480
vt 0.362410 0.114640
vt 0.376520 0.101250
vt 0.376280 0.111400
vt 0.376180 0.121720
vt 0.363250 0.125100
vt 0.376390 0.132120
vt 0.364220 0.135470
vt 0.376920 0.142550
vt 0.365550 0.145850
vt 0.378130 0.152970
vt 0.367430 0.156200
vt 0.380070 0.163160
vt 0.369710 0.166280
vt 0.382210 0.172970
vt 0.371980 0.176010
vt 0.384060 0.182520
vt 0.373990 0.185490
vt 0.385590 0.192010
vt 0.375750 0.194820
vt 0.386940 0.201470
vt 0.377330 0.204060
vt 0.388520 0.210830
vt 0.379120 0.213140
vt 0.391250 0.219810
vt 0.381870 0.221820
vt 0.396200 0.228450
vt 0.386540 0.230050
vt 0.402280 0.236950
vt 0.392690 0.237910
vt 0.405270 0.227760
vt 0.410770 0.237050
vt 0.414550 0.246040
vt 0.418110 0.237890
vt 0.419860 0.247610
vt 0.417120 0.255870
vt 0.412700 0.253670
vt 0.855510 0.745160
vt 0.852510 0.757670
vt 0.864420 0.750740
vt 0.860780 0.764280
vt 0.856180 0.777520
vt 0.868930 0.771180
vt 0.863490 0.785430
vt 0.876870 0.777560
vt 0.870760 0.792960
vt 0.884770 0.783360
vt 0.878130 0.799900
vt 0.892740 0.788610
vt 0.885620 0.806290
vt 0.900810 0.793470
vt 0.893300 0.812140
vt 0.244250 0.027320
vt 0.909080 0.797870
vt 0.901340 0.817350
vt 0.226140 0.036140
vt 0.248620 0.035430
vt 0.230550 0.044550
vt 0.254800 0.042400
vt 0.236660 0.051830
vt 0.262600 0.048330
vt 0.244260 0.058040
vt 0.271620 0.053470
vt 0.252940 0.063440
vt 0.281360 0.058140
vt 0.262300 0.068240
vt 0.291260 0.062700
vt 0.272010 0.072690
vt 0.300690 0.067570
vt 0.281630 0.077130
vt 0.309010 0.073130
vt 0.290650 0.081960
vt 0.316020 0.079510
vt 0.328320 0.065720
vt 0.334180 0.073080
vt 0.338670 0.081060
vt 0.353330 0.067950
vt 0.356640 0.076480
vt 0.358880 0.085270
vt 0.375830 0.073200
vt 0.376720 0.082160
vt 0.376690 0.091410
vt 0.395480 0.080680
vt 0.394090 0.089780
vt 0.392240 0.099110
vt 0.405880 0.108040
vt 0.390730 0.109040
vt 0.403420 0.117790
vt 0.389560 0.119210
vt 0.401770 0.127800
vt 0.388900 0.129500
vt 0.400640 0.137900
vt 0.388620 0.139860
vt 0.400170 0.148010
vt 0.389000 0.150210
vt 0.400860 0.158140
vt 0.390440 0.160430
vt 0.402350 0.168250
vt 0.392370 0.170380
vt 0.403760 0.178270
vt 0.394020 0.180130
vt 0.404680 0.188310
vt 0.395260 0.189850
vt 0.405380 0.198470
vt 0.396310 0.199620
vt 0.406640 0.208460
vt 0.397700 0.209270
vt 0.409500 0.218160
vt 0.400430 0.218570
vt 0.413770 0.227860
vt 0.417960 0.218550
vt 0.421290 0.228830
vt 0.876160 0.741330
vt 0.867010 0.737030
vt 0.873380 0.756330
vt 0.885080 0.745140
vt 0.881800 0.761530
vt 0.894040 0.748250
vt 0.890190 0.766060
vt 0.903080 0.750710
vt 0.898630 0.770060
vt 0.912230 0.752530
vt 0.907090 0.773650
vt 0.274570 0.011260
vt 0.921420 0.754260
vt 0.260870 0.019320
vt 0.915560 0.777060
vt 0.280680 0.018190
vt 0.265820 0.026890
vt 0.288710 0.024050
vt 0.272680 0.033310
vt 0.298500 0.029160
vt 0.281140 0.038800
vt 0.309820 0.033920
vt 0.290850 0.043650
vt 0.322130 0.038840
vt 0.301320 0.048280
vt 0.333130 0.044860
vt 0.311590 0.053320
vt 0.342080 0.051890
vt 0.320810 0.059080
vt 0.348690 0.059600
vt 0.364840 0.047150
vt 0.370260 0.055780
vt 0.373750 0.064350
vt 0.395940 0.071680
vt 0.415080 0.127300
vt 0.413100 0.136940
vt 0.411790 0.146660
vt 0.411490 0.156520
vt 0.422230 0.165860
vt 0.412260 0.166640
vt 0.422550 0.176460
vt 0.413270 0.176910
vt 0.422570 0.187510
vt 0.413770 0.187430
vt 0.422770 0.198520
vt 0.414140 0.198040
vt 0.415310 0.208400
vt 0.896270 0.730540
vt 0.905640 0.731300
vt 0.915300 0.730610
vt 0.925370 0.727550
vt 0.285160 0.001950
vt 0.936200 0.717190
vt 0.291850 0.008090
vt 0.945230 0.709040
vt 0.300600 0.013470
vt 0.311810 0.018500
vt 0.953360 0.701880
vt 0.326090 0.023750
vt 0.961130 0.695470
vt 0.345180 0.029820
vt 0.968960 0.689790
vt 0.356860 0.038390
vt 0.409596 0.661438
vt 0.408976 0.660177
vt 0.410138 0.662441
vt 0.409596 0.661438
vt 0.412714 0.666977
vt 0.411943 0.665678
vt 0.417349 0.674320
vt 0.415383 0.671267
vt 0.420450 0.678800
vt 0.420291 0.678567
vt 0.420653 0.679078
vt 0.420450 0.678800
vt 0.427165 0.687445
vt 0.425009 0.684810
vt 0.425009 0.684810
vt 0.423803 0.683266
vt 0.403481 0.648733
vt 0.402797 0.646971
vt 0.404308 0.650614
vt 0.403481 0.648733
vt 0.407439 0.657245
vt 0.406648 0.655553
vt 0.431229 0.692127
vt 0.427815 0.688203
vt 0.433318 0.694383
vt 0.431229 0.692127
vt 0.436912 0.698107
vt 0.435190 0.696344
vt 0.439481 0.700619
vt 0.439382 0.700526
vt 0.439382 0.700526
vt 0.439309 0.700455
vt 0.398042 0.634214
vt 0.397215 0.631647
vt 0.398177 0.634660
vt 0.398042 0.634214
vt 0.398378 0.635268
vt 0.398177 0.634660
vt 0.401650 0.644245
vt 0.401099 0.642757
vt 0.445454 0.706028
vt 0.443669 0.704468
vt 0.451331 0.710869
vt 0.449733 0.709620
vt 0.449733 0.709620
vt 0.448365 0.708492
vt 0.395000 0.624107
vt 0.394189 0.620847
vt 0.396381 0.629006
vt 0.395000 0.624107
vt 0.457295 0.715343
vt 0.453266 0.712362
vt 0.460662 0.717709
vt 0.458238 0.716017
vt 0.392062 0.611593
vt 0.391231 0.607511
vt 0.392282 0.612744
vt 0.392062 0.611593
vt 0.392696 0.614649
vt 0.392282 0.612744
vt 0.470438 0.723953
vt 0.469176 0.723187
vt 0.469176 0.723187
vt 0.468245 0.722610
vt 0.463384 0.719526
vt 0.463258 0.719443
vt 0.463538 0.719626
vt 0.463384 0.719526
vt 0.390001 0.600433
vt 0.389516 0.597005
vt 0.391018 0.606423
vt 0.390001 0.600433
vt 0.478232 0.728450
vt 0.478108 0.728379
vt 0.478329 0.728501
vt 0.478266 0.728468
vt 0.478266 0.728468
vt 0.478232 0.728450
vt 0.389003 0.593718
vt 0.388168 0.586773
vt 0.388131 0.586469
vt 0.387540 0.580244
vt 0.488621 0.733770
vt 0.487958 0.733438
vt 0.489865 0.734349
vt 0.488921 0.733912
vt 0.488921 0.733912
vt 0.488621 0.733770
vt 0.386715 0.570047
vt 0.386387 0.563742
vt 0.387119 0.575604
vt 0.386715 0.570047
vt 0.499558 0.738690
vt 0.495653 0.736974
vt 0.502286 0.739782
vt 0.499558 0.738690
vt 0.385959 0.548878
vt 0.385909 0.543654
vt 0.386184 0.559549
vt 0.386000 0.552546
vt 0.517067 0.745225
vt 0.515664 0.744717
vt 0.507351 0.741768
vt 0.505255 0.740977
vt 0.518257 0.745620
vt 0.517067 0.745225
vt 0.386015 0.534659
vt 0.386088 0.532366
vt 0.385988 0.536587
vt 0.386015 0.534659
vt 0.535755 0.750861
vt 0.535615 0.750819
vt 0.523985 0.747450
vt 0.523176 0.747196
vt 0.540597 0.752190
vt 0.535884 0.750896
vt 0.535884 0.750896
vt 0.535755 0.750861
vt 0.386654 0.516802
vt 0.386830 0.513965
vt 0.386506 0.519855
vt 0.386654 0.516802
vt 0.548858 0.754334
vt 0.542253 0.752643
vt 0.555691 0.755835
vt 0.548858 0.754334
vt 0.562953 0.757252
vt 0.559537 0.756586
vt 0.387824 0.499228
vt 0.387974 0.497566
vt 0.387662 0.501352
vt 0.387824 0.499228
vt 0.577896 0.759873
vt 0.576903 0.759693
vt 0.563029 0.757267
vt 0.562953 0.757252
vt 0.579088 0.760056
vt 0.577896 0.759873
vt 0.388573 0.490532
vt 0.389200 0.484373
vt 0.389456 0.481880
vt 0.390235 0.474797
vt 0.601542 0.762997
vt 0.598625 0.762638
vt 0.587623 0.761327
vt 0.585624 0.761053
vt 0.604942 0.763318
vt 0.601542 0.762997
vt 0.391422 0.464966
vt 0.392120 0.459578
vt 0.390614 0.471508
vt 0.391422 0.464966
vt 0.625986 0.764796
vt 0.621115 0.764470
vt 0.613755 0.764059
vt 0.609640 0.763725
vt 0.632210 0.765043
vt 0.625986 0.764796
vt 0.393595 0.448761
vt 0.394289 0.443961
vt 0.392886 0.453892
vt 0.393595 0.448761
vt 0.642289 0.765355
vt 0.634219 0.765103
vt 0.659526 0.765726
vt 0.655905 0.765639
vt 0.650999 0.765613
vt 0.643365 0.765387
vt 0.666405 0.765729
vt 0.659526 0.765726
vt 0.395867 0.433195
vt 0.396592 0.428219
vt 0.395172 0.437957
vt 0.395867 0.433195
vt 0.684793 0.765458
vt 0.681550 0.765504
vt 0.676467 0.765654
vt 0.671307 0.765690
vt 0.398048 0.418527
vt 0.399072 0.411826
vt 0.397262 0.423803
vt 0.398048 0.418527
vt 0.690796 0.765240
vt 0.684793 0.765458
vt 0.701298 0.764709
vt 0.700646 0.764730
vt 0.700646 0.764730
vt 0.698419 0.764854
vt 0.400285 0.404030
vt 0.400449 0.402954
vt 0.399568 0.408626
vt 0.400175 0.404720
vt 0.400175 0.404720
vt 0.400285 0.404030
vt 0.717702 0.763443
vt 0.713348 0.763757
vt 0.702491 0.764639
vt 0.701298 0.764709
vt 0.402641 0.389301
vt 0.403780 0.382431
vt 0.402074 0.392847
vt 0.402641 0.389301
vt 0.725907 0.762717
vt 0.717702 0.763443
vt 0.734207 0.761893
vt 0.732141 0.762057
vt 0.732141 0.762057
vt 0.725959 0.762712
vt 0.406111 0.368673
vt 0.406507 0.366276
vt 0.403986 0.381235
vt 0.404746 0.376798
vt 0.404746 0.376798
vt 0.405122 0.374435
vt 0.738465 0.761444
vt 0.734207 0.761893
vt 0.750882 0.759951
vt 0.750757 0.759963
vt 0.750757 0.759963
vt 0.750406 0.760006
vt 0.409343 0.349654
vt 0.409597 0.347996
vt 0.407756 0.359081
vt 0.407902 0.358209
vt 0.407902 0.358209
vt 0.408043 0.357304
vt 0.412529 0.329183
vt 0.412544 0.329076
vt 0.412513 0.329294
vt 0.412529 0.329183
vt 0.410950 0.339568
vt 0.411029 0.339086
vt 0.411029 0.339086
vt 0.411092 0.338642
vt 0.413947 0.319263
vt 0.413998 0.318861
vt 0.413895 0.319635
vt 0.413947 0.319263
vt 0.776521 0.756303
vt 0.767919 0.757665
vt 0.767919 0.757665
vt 0.763496 0.758211
vt 0.751159 0.759917
vt 0.750882 0.759951
vt 0.795307 0.753080
vt 0.792648 0.753518
vt 0.785741 0.754770
vt 0.777100 0.756205
vt 0.416882 0.296774
vt 0.417068 0.295060
vt 0.416625 0.298850
vt 0.416882 0.296774
vt 0.415063 0.311128
vt 0.415264 0.309652
vt 0.415264 0.309652
vt 0.415510 0.307645
vt 0.810111 0.750215
vt 0.805262 0.751187
vt 0.797987 0.752613
vt 0.795307 0.753080
vt 0.419512 0.273750
vt 0.419950 0.269255
vt 0.419147 0.277075
vt 0.419512 0.273750
vt 0.418298 0.284678
vt 0.418393 0.283862
vt 0.418393 0.283862
vt 0.418592 0.281993
vt 0.417624 0.290511
vt 0.417960 0.287817
vt 0.831073 0.745493
vt 0.825646 0.746745
vt 0.820729 0.747958
vt 0.815448 0.749089
vt 0.421010 0.258226
vt 0.421117 0.256855
vt 0.420974 0.258697
vt 0.420988 0.258525
vt 0.420988 0.258525
vt 0.421010 0.258226
vt 0.420501 0.263896
vt 0.420704 0.261859
vt 0.419972 0.269064
vt 0.420350 0.265437
vt 0.848087 0.741093
vt 0.846256 0.741569
vt 0.840257 0.743248
vt 0.835896 0.744287
vt 0.407572 0.098743
vt 0.407110 0.097594
vt 0.408284 0.100782
vt 0.407825 0.099359
vt 0.407825 0.099359
vt 0.407572 0.098743
vt 0.422544 0.238986
vt 0.422790 0.234382
vt 0.421812 0.248476
vt 0.422004 0.245102
vt 0.877110 0.732256
vt 0.869261 0.734785
vt 0.859583 0.737842
vt 0.856601 0.738624
vt 0.865145 0.736147
vt 0.859583 0.737842
vt 0.392482 0.063187
vt 0.391680 0.061955
vt 0.395831 0.070098
vt 0.393081 0.064190
vt 0.393081 0.064190
vt 0.392482 0.063187
vt 0.399935 0.078874
vt 0.396566 0.071694
vt 0.404266 0.089713
vt 0.401875 0.084117
vt 0.413437 0.117811
vt 0.411968 0.113010
vt 0.415498 0.125874
vt 0.413437 0.117811
vt 0.417497 0.134476
vt 0.415842 0.127344
vt 0.418932 0.141910
vt 0.417928 0.137033
vt 0.420175 0.149458
vt 0.419651 0.146536
vt 0.422231 0.165819
vt 0.421222 0.157256
vt 0.421222 0.157256
vt 0.421050 0.156032
vt 0.423755 0.209137
vt 0.423760 0.207754
vt 0.423753 0.209398
vt 0.423755 0.209137
vt 0.423082 0.229237
vt 0.423205 0.224657
vt 0.887243 0.728830
vt 0.887016 0.728910
vt 0.879745 0.731494
vt 0.877110 0.732256
vt 0.901485 0.723357
vt 0.896264 0.725372
vt 0.909174 0.719735
vt 0.905427 0.721416
vt 0.917102 0.715350
vt 0.914487 0.716860
vt 0.925137 0.709091
vt 0.923353 0.711082
vt 0.932995 0.702587
vt 0.931946 0.703575
vt 0.941162 0.695746
vt 0.940234 0.696510
vt 0.949614 0.689336
vt 0.948440 0.690169
vt 0.958254 0.683632
vt 0.956664 0.684586
vt 0.373504 0.029917
vt 0.371028 0.027795
vt 0.379198 0.039041
vt 0.377093 0.036664
vt 0.387890 0.054554
vt 0.386366 0.052509
vt 0.423153 0.176545
vt 0.422236 0.165868
vt 0.423643 0.187682
vt 0.423167 0.177328
vt 0.423829 0.198696
vt 0.423635 0.188994
vt 0.408976 0.660177
vt 0.407439 0.657245
vt 0.411943 0.665678
vt 0.410138 0.662441
vt 0.414512 0.669948
vt 0.414124 0.669324
vt 0.414124 0.669324
vt 0.412714 0.666977
vt 0.415383 0.671267
vt 0.414512 0.669948
vt 0.420291 0.678567
vt 0.417349 0.674320
vt 0.423803 0.683266
vt 0.422744 0.681894
vt 0.422744 0.681894
vt 0.420653 0.679078
vt 0.402797 0.646971
vt 0.401650 0.644245
vt 0.405402 0.653042
vt 0.404308 0.650614
vt 0.406648 0.655553
vt 0.405402 0.653042
vt 0.427422 0.687755
vt 0.427165 0.687445
vt 0.427815 0.688203
vt 0.427422 0.687755
vt 0.435190 0.696344
vt 0.434464 0.695601
vt 0.434464 0.695601
vt 0.433318 0.694383
vt 0.439309 0.700455
vt 0.436912 0.698107
vt 0.399849 0.639594
vt 0.398378 0.635268
vt 0.401099 0.642757
vt 0.399849 0.639594
vt 0.443669 0.704468
vt 0.439481 0.700619
vt 0.448365 0.708492
vt 0.447085 0.707431
vt 0.447085 0.707431
vt 0.445454 0.706028
vt 0.394189 0.620847
vt 0.393569 0.618529
vt 0.396527 0.629514
vt 0.396381 0.629006
vt 0.397215 0.631647
vt 0.396641 0.629845
vt 0.396641 0.629845
vt 0.396527 0.629514
vt 0.453266 0.712362
vt 0.451331 0.710869
vt 0.458238 0.716017
vt 0.457827 0.715731
vt 0.457827 0.715731
vt 0.457295 0.715343
vt 0.463258 0.719443
vt 0.460662 0.717709
vt 0.393569 0.618529
vt 0.392696 0.614649
vt 0.391112 0.606918
vt 0.391076 0.606749
vt 0.391231 0.607511
vt 0.391112 0.606918
vt 0.468245 0.722610
vt 0.463538 0.719626
vt 0.389516 0.597005
vt 0.389003 0.593718
vt 0.391076 0.606749
vt 0.391018 0.606423
vt 0.478108 0.728379
vt 0.473211 0.725600
vt 0.472161 0.724996
vt 0.470438 0.723953
vt 0.473211 0.725600
vt 0.472161 0.724996
vt 0.387540 0.580244
vt 0.387347 0.578498
vt 0.388168 0.586773
vt 0.388131 0.586469
vt 0.487958 0.733438
vt 0.483314 0.731129
vt 0.481705 0.730280
vt 0.478329 0.728501
vt 0.483314 0.731129
vt 0.481705 0.730280
vt 0.386387 0.563742
vt 0.386244 0.561345
vt 0.387347 0.578498
vt 0.387119 0.575604
vt 0.495653 0.736974
vt 0.494029 0.736280
vt 0.493057 0.735834
vt 0.489865 0.734349
vt 0.494029 0.736280
vt 0.493057 0.735834
vt 0.505255 0.740977
vt 0.502286 0.739782
vt 0.386000 0.552546
vt 0.385959 0.548878
vt 0.386244 0.561345
vt 0.386184 0.559549
vt 0.515664 0.744717
vt 0.511101 0.743140
vt 0.511101 0.743140
vt 0.507351 0.741768
vt 0.523176 0.747196
vt 0.518257 0.745620
vt 0.386088 0.532366
vt 0.386266 0.525695
vt 0.385909 0.543654
vt 0.385988 0.536587
vt 0.535615 0.750819
vt 0.529362 0.749124
vt 0.529362 0.749124
vt 0.523985 0.747450
vt 0.386830 0.513965
vt 0.387175 0.507977
vt 0.386266 0.525695
vt 0.386506 0.519855
vt 0.542253 0.752643
vt 0.542209 0.752633
vt 0.542168 0.752622
vt 0.540597 0.752190
vt 0.542209 0.752633
vt 0.542168 0.752622
vt 0.555764 0.755851
vt 0.555691 0.755835
vt 0.387974 0.497566
vt 0.388573 0.490532
vt 0.387175 0.507977
vt 0.387662 0.501352
vt 0.559537 0.756586
vt 0.555764 0.755851
vt 0.576903 0.759693
vt 0.570339 0.758603
vt 0.570339 0.758603
vt 0.563029 0.757267
vt 0.585624 0.761053
vt 0.579088 0.760056
vt 0.390235 0.474797
vt 0.390391 0.473327
vt 0.389200 0.484373
vt 0.389456 0.481880
vt 0.598625 0.762638
vt 0.593528 0.762109
vt 0.593528 0.762109
vt 0.587623 0.761327
vt 0.609640 0.763725
vt 0.604942 0.763318
vt 0.392120 0.459578
vt 0.392486 0.456806
vt 0.390391 0.473327
vt 0.390614 0.471508
vt 0.621115 0.764470
vt 0.617791 0.764333
vt 0.617791 0.764333
vt 0.613755 0.764059
vt 0.634219 0.765103
vt 0.632210 0.765043
vt 0.394289 0.443961
vt 0.394746 0.440854
vt 0.392486 0.456806
vt 0.392886 0.453892
vt 0.643365 0.765387
vt 0.642708 0.765365
vt 0.642708 0.765365
vt 0.642544 0.765362
vt 0.642544 0.765362
vt 0.642289 0.765355
vt 0.655905 0.765639
vt 0.650999 0.765613
vt 0.668029 0.765732
vt 0.666405 0.765729
vt 0.396592 0.428219
vt 0.396953 0.425796
vt 0.394746 0.440854
vt 0.395172 0.437957
vt 0.671307 0.765690
vt 0.668029 0.765732
vt 0.681550 0.765504
vt 0.676467 0.765654
vt 0.399072 0.411826
vt 0.399156 0.411295
vt 0.396953 0.425796
vt 0.397262 0.423803
vt 0.698419 0.764854
vt 0.694290 0.765043
vt 0.694290 0.765043
vt 0.693071 0.765139
vt 0.693071 0.765139
vt 0.690796 0.765240
vt 0.400449 0.402954
vt 0.401456 0.396695
vt 0.399156 0.411295
vt 0.399214 0.410899
vt 0.399214 0.410899
vt 0.399568 0.408626
vt 0.713348 0.763757
vt 0.709498 0.764145
vt 0.709498 0.764145
vt 0.702491 0.764639
vt 0.403780 0.382431
vt 0.403867 0.381919
vt 0.401456 0.396695
vt 0.402074 0.392847
vt 0.725959 0.762712
vt 0.725932 0.762715
vt 0.725932 0.762715
vt 0.725923 0.762716
vt 0.725923 0.762716
vt 0.725907 0.762717
vt 0.405122 0.374435
vt 0.406111 0.368673
vt 0.403867 0.381919
vt 0.403910 0.381690
vt 0.403910 0.381690
vt 0.403986 0.381235
vt 0.750406 0.760006
vt 0.744617 0.760661
vt 0.744617 0.760661
vt 0.742528 0.760973
vt 0.742528 0.760973
vt 0.738465 0.761444
vt 0.408043 0.357304
vt 0.409343 0.349654
vt 0.406507 0.366276
vt 0.407164 0.362720
vt 0.407164 0.362720
vt 0.407756 0.359081
vt 0.409597 0.347996
vt 0.410950 0.339568
vt 0.411092 0.338642
vt 0.412513 0.329294
vt 0.412544 0.329076
vt 0.413895 0.319635
vt 0.776643 0.756283
vt 0.776521 0.756303
vt 0.763496 0.758211
vt 0.759359 0.758839
vt 0.759359 0.758839
vt 0.751159 0.759917
vt 0.777100 0.756205
vt 0.776643 0.756283
vt 0.792648 0.753518
vt 0.785741 0.754770
vt 0.416054 0.303552
vt 0.416625 0.298850
vt 0.415510 0.307645
vt 0.416054 0.303552
vt 0.413998 0.318861
vt 0.414638 0.314362
vt 0.414638 0.314362
vt 0.415063 0.311128
vt 0.815448 0.749089
vt 0.810111 0.750215
vt 0.805262 0.751187
vt 0.797987 0.752613
vt 0.418937 0.279080
vt 0.419147 0.277075
vt 0.418592 0.281993
vt 0.418937 0.279080
vt 0.417960 0.287817
vt 0.418298 0.284678
vt 0.417068 0.295060
vt 0.417449 0.291959
vt 0.417449 0.291959
vt 0.417624 0.290511
vt 0.835896 0.744287
vt 0.831073 0.745493
vt 0.825646 0.746745
vt 0.820729 0.747958
vt 0.421117 0.256855
vt 0.421812 0.248476
vt 0.420704 0.261859
vt 0.420974 0.258697
vt 0.420350 0.265437
vt 0.420501 0.263896
vt 0.419950 0.269255
vt 0.419966 0.269123
vt 0.419966 0.269123
vt 0.419972 0.269064
vt 0.856601 0.738624
vt 0.848087 0.741093
vt 0.846256 0.741569
vt 0.840257 0.743248
vt 0.407110 0.097594
vt 0.404266 0.089713
vt 0.422930 0.231341
vt 0.423082 0.229237
vt 0.422790 0.234382
vt 0.422930 0.231341
vt 0.422004 0.245102
vt 0.422544 0.238986
vt 0.869261 0.734785
vt 0.867164 0.735499
vt 0.866414 0.735772
vt 0.865145 0.736147
vt 0.867164 0.735499
vt 0.866414 0.735772
vt 0.391680 0.061955
vt 0.387890 0.054554
vt 0.396566 0.071694
vt 0.395831 0.070098
vt 0.400569 0.080688
vt 0.399935 0.078874
vt 0.401875 0.084117
vt 0.400569 0.080688
vt 0.410652 0.108210
vt 0.408284 0.100782
vt 0.411968 0.113010
vt 0.410652 0.108210
vt 0.415842 0.127344
vt 0.415777 0.126980
vt 0.415777 0.126980
vt 0.415498 0.125874
vt 0.417928 0.137033
vt 0.417497 0.134476
vt 0.419651 0.146536
vt 0.418932 0.141910
vt 0.421050 0.156032
vt 0.420175 0.149458
vt 0.423557 0.219281
vt 0.423753 0.209398
vt 0.423205 0.224657
vt 0.423557 0.219281
vt 0.896264 0.725372
vt 0.887243 0.728830
vt 0.887016 0.728910
vt 0.879745 0.731494
vt 0.905427 0.721416
vt 0.901485 0.723357
vt 0.914487 0.716860
vt 0.909174 0.719735
vt 0.923353 0.711082
vt 0.917102 0.715350
vt 0.931946 0.703575
vt 0.925137 0.709091
vt 0.940234 0.696510
vt 0.932995 0.702587
vt 0.948440 0.690169
vt 0.941162 0.695746
vt 0.956664 0.684586
vt 0.949614 0.689336
vt 0.965033 0.679880
vt 0.958254 0.683632
vt 0.377093 0.036664
vt 0.373504 0.029917
vt 0.382806 0.045596
vt 0.379198 0.039041
vt 0.386366 0.052509
vt 0.382806 0.045596
vt 0.422236 0.165861
vt 0.422231 0.165819
vt 0.422236 0.165868
vt 0.422236 0.165861
vt 0.423167 0.177328
vt 0.423153 0.176545
vt 0.423635 0.188994
vt 0.423643 0.187682
vt 0.423760 0.207754
vt 0.423788 0.199842
vt 0.423788 0.199842
vt 0.423829 0.198696
vt 0.439627 0.993263
vt 0.058297 0.322210
vt 0.644044 0.979214
vt 0.099777 0.245759
vt 0.795095 0.903970
vt 0.783805 0.102757
vt 0.058994 0.743606
vt 0.866567 0.169565
vt 0.015127 0.438282
vt 0.321454 0.040602
vt 0.669212 0.032704
vt 0.254360 0.079343
vt 0.130217 0.824715
vt 0.883378 0.185482
vt 0.885567 0.812478
vt 0.043925 0.711563
vt 0.160010 0.844866
vt 0.784304 0.103135
vt 0.607938 0.988590
vt 0.933016 0.255230
vt 0.118679 0.213880
vt 0.009011 0.608885
vt 0.030795 0.386666
vt 0.519208 0.998918
vt 0.418990 0.987252
vt 0.003341 0.575407
vt 0.118034 0.815758
vt 0.371193 0.973043
vt 0.600479 0.012197
vt 0.452612 0.996228
vt 0.622761 0.985097
vt 0.719698 0.946133
vt 0.012742 0.627085
vt 0.181648 0.138340
vt 0.255109 0.078757
vt 0.028509 0.674307
vt 0.712288 0.053931
vt 0.581133 0.992866
vt 0.930582 0.250865
vt 0.252076 0.080982
vt 0.806241 0.895603
vt 0.005632 0.476402
vt 0.999667 0.539119
vt 0.038209 0.699315
vt 0.620127 0.016545
vt 0.150365 0.170586
vt 0.140319 0.182902
vt 0.043930 0.711563
vt 0.674887 0.967658
vt 0.801368 0.899149
vt 0.940531 0.737384
vt 0.895221 0.801401
vt 0.009065 0.609141
vt 0.733279 0.067839
vt 0.102072 0.241967
vt 0.644400 0.979120
vt 0.161209 0.845698
vt 0.674192 0.034440
vt 0.840014 0.864570
vt 0.002003 0.564283
vt 0.572034 0.993846
vt 0.871696 0.174060
vt 0.025330 0.404909
vt 0.019063 0.423758
vt 0.101526 0.801153
vt 0.491163 0.999974
vt 0.976243 0.664983
vt 0.849166 0.154486
vt 0.760983 0.086344
vt 0.115104 0.813634
vt 0.437945 0.004869
vt 0.287691 0.058580
vt 0.989473 0.416907
vt 0.023888 0.662822
vt 0.071138 0.764329
vt 0.738304 0.070521
vt 0.974255 0.359035
vt 0.074073 0.292044
vt 0.602624 0.989519
vt 0.549505 0.005041
vt 0.347028 0.031993
vt 0.993553 0.435142
vt 0.298386 0.052209
vt 0.883536 0.815203
vt 0.324498 0.958427
vt 0.940435 0.271134
vt 0.161959 0.846288
vt 0.377219 0.022415
vt 0.339768 0.964864
vt 0.518571 0.998957
vt 0.810425 0.892018
vt 0.634457 0.020470
vt 0.023344 0.661306
vt 0.689714 0.960627
vt 0.614562 0.014552
vt 0.988731 0.620496
vt 0.075071 0.290380
vt 0.108792 0.229728
vt 0.704686 0.953956
vt 0.000218 0.538843
vt 0.404675 0.013162
vt 0.699663 0.956411
vt 0.709063 0.951521
vt 0.839124 0.865594
vt 0.172506 0.147746
vt 0.941483 0.273567
vt 0.563037 0.994654
vt 0.050403 0.337292
vt 0.508874 0.999224
vt 0.018571 0.425196
vt 0.434717 0.005204
vt 0.828133 0.876397
vt 0.998531 0.471601
vt 0.605712 0.012981
vt 0.136647 0.829263
vt 0.460282 0.001837
vt 0.002656 0.569867
vt 0.718963 0.946484
vt 0.278098 0.934690
vt 0.755519 0.927730
vt 0.018075 0.644560
vt 0.527477 0.003552
vt 0.161516 0.845916
vt 0.055428 0.735998
vt 0.605216 0.012887
vt 0.111382 0.225429
vt 0.459538 0.997867
vt 0.579801 0.992964
vt 0.270639 0.068529
vt 0.999827 0.514073
vt 0.076319 0.771621
vt 0.000869 0.516585
vt 0.003803 0.485293
vt 0.398711 0.981861
vt 0.845445 0.858658
vt 0.761888 0.086929
vt 0.375137 0.023098
vt 0.521462 0.002822
vt 0.691163 0.042820
vt 0.887722 0.190568
vt 0.688179 0.961324
vt 0.994755 0.444506
vt 0.964167 0.329986
vt 0.994507 0.440275
vt 0.566822 0.007748
vt 0.037128 0.369648
vt 0.624318 0.017903
vt 0.040609 0.360416
vt 0.493113 0.000000
vt 0.775368 0.916818
vt 0.027131 0.400029
vt 0.385633 0.978328
vt 0.807647 0.121133
vt 0.805509 0.119571
vt 0.662566 0.972610
vt 0.504205 0.999627
vt 0.957106 0.310100
vt 0.964269 0.695283
vt 0.316699 0.954076
vt 0.355245 0.969364
vt 0.931990 0.253564
vt 0.895832 0.800627
vt 0.324508 0.039158
vt 0.188976 0.871176
vt 0.545687 0.996297
vt 0.309488 0.950048
vt 0.996798 0.572998
vt 0.043945 0.711595
vt 0.477150 0.999291
vt 0.083237 0.274440
vt 0.749458 0.078139
vt 0.043896 0.711492
vt 0.541908 0.996750
vt 0.020371 0.419795
vt 0.175300 0.858561
vt 0.826750 0.135797
vt 0.092588 0.258387
vt 0.666946 0.970839
vt 0.488492 0.999936
vt 0.533553 0.997550
vt 0.294321 0.941881
vt 0.830232 0.139022
vt 0.109947 0.808647
vt 0.850972 0.852572
vt 0.634618 0.020510
vt 0.355347 0.969398
vt 0.485907 0.999803
vt 0.359228 0.970277
vt 0.324661 0.958496
vt 0.788156 0.908540
vt 0.355448 0.969424
vt 0.209272 0.890089
vt 0.912498 0.778242
vt 0.851023 0.156167
vt 0.536290 0.004187
vt 0.370867 0.972947
vt 0.199077 0.122392
vt 0.659836 0.973634
vt 0.202459 0.883897
vt 0.017936 0.427715
vt 0.760056 0.085680
vt 0.548476 0.995937
vt 0.690773 0.960162
vt 0.910410 0.217823
vt 0.582894 0.992577
vt 0.979544 0.654843
vt 0.563895 0.994564
vt 0.628951 0.983439
vt 0.644668 0.979038
vt 0.033057 0.686827
vt 0.893749 0.803161
vt 0.029775 0.678667
vt 0.694554 0.045212
vt 0.820636 0.883301
vt 0.464175 0.001336
vt 0.230413 0.908117
vt 0.066382 0.756914
vt 0.464921 0.001273
vt 0.596076 0.990556
vt 0.201865 0.120052
vt 0.949306 0.290913
vt 0.867390 0.833939
vt 0.817404 0.886621
vt 0.971289 0.350646
vt 0.197886 0.123325
vt 0.309644 0.950131
vt 0.008042 0.464492
vt 0.370572 0.972851
vt 0.896238 0.199948
vt 0.089013 0.787948
vt 0.430207 0.990630
vt 0.126565 0.201914
vt 0.741906 0.072844
vt 0.656011 0.027938
vt 0.224397 0.903308
vt 0.178590 0.861745
vt 0.894896 0.801808
vt 0.195799 0.125207
vt 0.013166 0.444033
vt 0.982880 0.385925
vt 0.849885 0.853715
vt 0.994022 0.589593
vt 0.723107 0.061973
vt 0.604386 0.012731
vt 0.784034 0.102956
vt 0.653426 0.976042
vt 0.849140 0.854477
vt 0.897534 0.201392
vt 0.733005 0.939458
vt 0.163820 0.156506
vt 0.918622 0.770431
vt 0.023613 0.662117
vt 0.967513 0.689033
vt 0.051466 0.727578
vt 0.276275 0.064751
vt 0.080910 0.777746
vt 0.921358 0.235706
vt 0.005659 0.589872
vt 0.684811 0.038146
vt 0.152630 0.167848
vt 0.940806 0.272209
vt 0.806467 0.120377
vt 0.959606 0.316581
vt 0.984873 0.394036
vt 0.930909 0.753922
vt 0.346903 0.032034
vt 0.897089 0.200912
vt 0.008844 0.607930
vt 0.943443 0.733046
vt 0.937674 0.265307
vt 0.257776 0.924845
vt 0.081907 0.276618
vt 0.759419 0.925695
vt 0.969407 0.684119
vt 0.999846 0.509352
vt 0.746438 0.932379
vt 0.001783 0.506383
vt 0.470052 0.998855
vt 0.030928 0.386263
vt 0.837805 0.866920
vt 0.661340 0.029942
vt 0.067585 0.759176
vt 0.990994 0.608605
vt 0.707446 0.050420
vt 0.954835 0.304881
vt 0.093796 0.793086
vt 0.906392 0.786219
vt 0.947773 0.725663
vt 0.617025 0.986584
vt 0.444837 0.994671
vt 0.508302 0.001073
vt 0.408282 0.012300
vt 0.771856 0.918942
vt 0.002829 0.495293
vt 0.858597 0.163082
vt 0.412609 0.985780
vt 0.518847 0.998944
vt 0.563510 0.994606
vt 0.489303 1.000000
vt 0.347007 0.031999
vt 0.196903 0.878667
vt 0.986918 0.401732
vt 0.052418 0.333219
vt 0.166713 0.153348
vt 0.879786 0.819502
vt 0.043665 0.353213
vt 1.000000 0.489146
vt 0.000544 0.548980
vt 0.077735 0.773892
vt 0.059730 0.319724
vt 0.634984 0.020623
vt 0.280163 0.935677
vt 0.128964 0.198123
vt 0.347009 0.031998
vt 0.518750 0.998947
vt 0.742365 0.934549
vt 0.647170 0.024373
vt 0.984185 0.640430
vt 0.068386 0.760326
vt 0.748384 0.931465
vt 0.015267 0.636013
vt 0.008901 0.460926
vt 0.036406 0.695303
vt 0.065999 0.307097
vt 0.783698 0.911704
vt 0.261663 0.927237
vt 0.990055 0.615117
vt 0.046553 0.347044
vt 0.275640 0.933475
vt 0.066945 0.305323
vt 0.000000 0.527606
vt 0.536707 0.997431
vt 0.415500 0.986476
vt 0.225606 0.100883
vt 0.612606 0.987527
vt 0.090920 0.261434
vt 0.997866 0.464501
vt 0.235107 0.093398
vt 0.576498 0.009252
vt 0.718099 0.946948
vt 0.847165 0.152906
vt 0.305435 0.048571
vt 0.998315 0.564396
vt 0.979116 0.371801
vt 0.145930 0.835317
vt 0.141851 0.181234
vt 0.931419 0.753177
vt 0.768980 0.920603
vt 0.676370 0.035367
vt 0.703029 0.048360
vt 0.235754 0.911992
vt 0.860993 0.841414
vt 0.216307 0.896162
vt 0.998464 0.556286
vt 0.023529 0.661867
vt 0.043921 0.711545
vt 0.915853 0.226241
vt 0.898396 0.202560
vt 0.474441 0.999262
vt 0.872135 0.828528
vt 0.999958 0.520130
vt 0.968823 0.342731
vt 0.956190 0.711781
vt 0.245753 0.918289
vt 0.138720 0.185176
vt 0.400633 0.982394
vt 0.215961 0.108392
usemtl plum_skin
f 7/7 6/6 5/5
f 7/7 5/5 1/1
f 5/5 9/9 8/8
f 5/5 8/8 1/1
f 12/12 11/11 10/10
f 12/12 10/10 2/2
f 14/14 13/13 12/12
f 14/14 12/12 2/2
f 10/10 15/15 14/14
f 10/10 14/14 2/2
f 18/18 17/17 16/16
f 18/18 16/16 3/3
f 16/16 20/20 19/19
f 16/16 19/19 3/3
f 19/19 21/21 18/18
f 19/19 18/18 3/3
f 24/24 23/23 22/22
f 24/24 22/22 4/4
f 22/22 26/26 25/25
f 22/22 25/25 4/4
f 25/25 27/27 24/24
f 25/25 24/24 4/4
f 29/29 28/28 24/24
f 29/29 24/24 27/27
f 31/31 30/30 29/29
f 31/31 29/29 27/27
f 25/25 32/32 31/31
f 25/25 31/31 27/27
f 34/34 33/33 31/31
f 34/34 31/31 32/32
f 36/36 35/35 34/34
f 36/36 34/34 32/32
f 25/25 26/26 36/36
f 25/25 36/36 32/32
f 38/38 37/37 35/35
f 38/38 35/35 36/36
f 26/26 39/39 38/38
f 26/26 38/38 36/36
f 41/41 40/40 38/38
f 41/41 38/38 39/39
f 43/43 42/42 41/41
f 43/43 41/41 39/39
f 26/26 22/22 43/43
f 26/26 43/43 39/39
f 45/45 44/44 42/42
f 45/45 42/42 43/43
f 22/22 23/23 45/45
f 22/22 45/45 43/43
f 47/47 46/46 44/44
f 47/47 44/44 45/45
f 23/23 48/48 47/47
f 23/23 47/47 45/45
f 50/50 49/49 47/47
f 50/50 47/47 48/48
f 28/28 51/51 50/50
f 28/28 50/50 48/48
f 23/23 24/24 28/28
f 23/23 28/28 48/48
f 53/53 52/52 50/50
f 53/53 50/50 51/51
f 55/55 54/54 53/53
f 55/55 53/53 51/51
f 28/28 29/29 55/55
f 28/28 55/55 51/51
f 57/57 56/56 54/54
f 57/57 54/54 55/55
f 29/29 30/30 57/57
f 29/29 57/57 55/55
f 59/59 58/58 56/56
f 59/59 56/56 57/57
f 30/30 60/60 59/59
f 30/30 59/59 57/57
f 62/62 61/61 59/59
f 62/62 59/59 60/60
f 33/33 63/63 62/62
f 33/33 62/62 60/60
f 30/30 31/31 33/33
f 30/30 33/33 60/60
f 65/65 64/64 62/62
f 65/65 62/62 63/63
f 67/67 66/66 65/65
f 67/67 65/65 63/63
f 33/33 34/34 67/67
f 33/33 67/67 63/63
f 69/69 68/68 66/66
f 69/69 66/66 67/67
f 34/34 35/35 69/69
f 34/34 69/69 67/67
f 71/71 70/70 68/68
f 71/71 68/68 69/69
f 35/35 37/37 71/71
f 35/35 71/71 69/69
f 73/73 72/72 70/70
f 73/73 70/70 71/71
f 37/37 74/74 73/73
f 37/37 73/73 71/71
f 76/76 75/75 73/73
f 76/76 73/73 74/74
f 40/40 77/77 76/76
f 40/40 76/76 74/74
f 37/37 38/38 40/40
f 37/37 40/40 74/74
f 79/79 78/78 76/76
f 79/79 76/76 77/77
f 81/81 80/80 79/79
f 81/81 79/79 77/77
f 40/40 41/41 81/81
f 40/40 81/81 77/77
f 83/83 82/82 80/80
f 83/83 80/80 81/81
f 41/41 42/42 83/83
f 41/41 83/83 81/81
f 85/85 84/84 82/82
f 85/85 82/82 83/83
f 42/42 44/44 85/85
f 42/42 85/85 83/83
f 87/87 86/86 84/84
f 87/87 84/84 85/85
f 44/44 46/46 87/87
f 44/44 87/87 85/85
f 89/89 88/88 86/86
f 89/89 86/86 87/87
f 46/46 90/90 89/89
f 46/46 89/89 87/87
f 92/92 91/91 89/89
f 92/92 89/89 90/90
f 49/49 93/93 92/92
f 49/49 92/92 90/90
f 46/46 47/47 49/49
f 46/46 49/49 90/90
f 95/95 94/94 92/92
f 95/95 92/92 93/93
f 52/52 96/96 95/95
f 52/52 95/95 93/93
f 49/49 50/50 52/52
f 49/49 52/52 93/93
f 98/98 97/97 95/95
f 98/98 95/95 96/96
f 100/100 99/99 98/98
f 100/100 98/98 96/96
f 52/52 53/53 100/100
f 52/52 100/100 96/96
f 102/102 101/101 99/99
f 102/102 99/99 100/100
f 53/53 54/54 102/102
f 53/53 102/102 100/100
f 104/104 103/103 101/101
f 104/104 101/101 102/102
f 54/54 56/56 104/104
f 54/54 104/104 102/102
f 106/106 105/105 103/103
f 106/106 103/103 104/104
f 56/56 58/58 106/106
f 56/56 106/106 104/104
f 108/108 107/107 105/105
f 108/108 105/105 106/106
f 58/58 109/109 108/108
f 58/58 108/108 106/106
f 111/111 110/110 108/108
f 111/111 108/108 109/109
f 61/61 112/112 111/111
f 61/61 111/111 109/109
f 58/58 59/59 61/61
f 58/58 61/61 109/109
f 114/114 113/113 111/111
f 114/114 111/111 112/112
f 64/64 115/115 114/114
f 64/64 114/114 112/112
f 61/61 62/62 64/64
f 61/61 64/64 112/112
f 117/117 116/116 114/114
f 117/117 114/114 115/115
f 119/119 118/118 117/117
f 119/119 117/117 115/115
f 64/64 65/65 119/119
f 64/64 119/119 115/115
f 121/121 120/120 118/118
f 121/121 118/118 119/119
f 65/65 66/66 121/121
f 65/65 121/121 119/119
f 123/123 122/122 120/120
f 123/123 120/120 121/121
f 66/66 68/68 123/123
f 66/66 123/123 121/121
f 125/125 124/124 122/122
f 125/125 122/122 123/123
f 68/68 70/70 125/125
f 68/68 125/125 123/123
f 127/127 126/126 124/124
f 127/127 124/124 125/125
f 70/70 72/72 127/127
f 70/70 127/127 125/125
f 129/129 128/128 126/126
f 129/129 126/126 127/127
f 72/72 130/130 129/129
f 72/72 129/129 127/127
f 132/132 131/131 129/129
f 132/132 129/129 130/130
f 75/75 133/133 132/132
f 75/75 132/132 130/130
f 72/72 73/73 75/75
f 72/72 75/75 130/130
f 135/135 134/134 132/132
f 135/135 132/132 133/133
f 78/78 136/136 135/135
f 78/78 135/135 133/133
f 75/75 76/76 78/78
f 75/75 78/78 133/133
f 138/138 137/137 135/135
f 138/138 135/135 136/136
f 140/140 139/139 138/138
f 140/140 138/138 136/136
f 78/78 79/79 140/140
f 78/78 140/140 136/136
f 142/142 141/141 139/139
f 142/142 139/139 140/140
f 79/79 80/80 142/142
f 79/79 142/142 140/140
f 144/144 143/143 141/141
f 144/144 141/141 142/142
f 80/80 82/82 144/144
f 80/80 144/144 142/142
f 146/146 145/145 143/143
f 146/146 143/143 144/144
f 82/82 84/84 146/146
f 82/82 146/146 144/144
f 148/148 147/147 145/145
f 148/148 145/145 146/146
f 84/84 86/86 148/148
f 84/84 148/148 146/146
f 150/150 149/149 147/147
f 150/150 147/147 148/148
f 86/86 88/88 150/150
f 86/86 150/150 148/148
f 152/152 151/151 149/149
f 152/152 149/149 150/150
f 88/88 153/153 152/152
f 88/88 152/152 150/150
f 155/155 154/154 152/152
f 155/155 152/152 153/153
f 91/91 156/156 155/155
f 91/91 155/155 153/153
f 88/88 89/89 91/91
f 88/88 91/91 153/153
f 158/158 157/157 155/155
f 158/158 155/155 156/156
f 94/94 159/159 158/158
f 94/94 158/158 156/156
f 91/91 92/92 94/94
f 91/91 94/94 156/156
f 161/161 160/160 158/158
f 161/161 158/158 159/159
f 97/97 162/162 161/161
f 97/97 161/161 159/159
f 94/94 95/95 97/97
f 94/94 97/97 159/159
f 164/164 163/163 161/161
f 164/164 161/161 162/162
f 166/166 165/165 164/164
f 166/166 164/164 162/162
f 97/97 98/98 166/166
f 97/97 166/166 162/162
f 168/168 167/167 165/165
f 168/168 165/165 166/166
f 98/98 99/99 168/168
f 98/98 168/168 166/166
f 170/170 169/169 167/167
f 170/170 167/167 168/168
f 99/99 101/101 170/170
f 99/99 170/170 168/168
f 172/172 171/171 169/169
f 172/172 169/169 170/170
f 101/101 103/103 172/172
f 101/101 172/172 170/170
f 174/174 173/173 171/171
f 174/174 171/171 172/172
f 103/103 105/105 174/174
f 103/103 174/174 172/172
f 176/176 175/175 173/173
f 176/176 173/173 174/174
f 105/105 107/107 176/176
f 105/105 176/176 174/174
f 178/178 177/177 175/175
f 178/178 175/175 176/176
f 107/107 179/179 178/178
f 107/107 178/178 176/176
f 181/181 180/180 178/178
f 181/181 178/178 179/179
f 110/110 182/182 181/181
f 110/110 181/181 179/179
f 107/107 108/108 110/110
f 107/107 110/110 179/179
f 184/184 183/183 181/181
f 184/184 181/181 182/182
f 113/113 185/185 184/184
f 113/113 184/184 182/182
f 110/110 111/111 113/113
f 110/110 113/113 182/182
f 187/187 186/186 184/184
f 187/187 184/184 185/185
f 116/116 188/188 187/187
f 116/116 187/187 185/185
f 113/113 114/114 116/116
f 113/113 116/116 185/185
f 190/190 189/189 187/187
f 190/190 187/187 188/188
f 192/192 191/191 190/190
f 192/192 190/190 188/188
f 116/116 117/117 192/192
f 116/116 192/192 188/188
f 194/194 193/193 191/191
f 194/194 191/191 192/192
f 117/117 118/118 194/194
f 117/117 194/194 192/192
f 196/196 195/195 193/193
f 196/196 193/193 194/194
f 118/118 120/120 196/196
f 118/118 196/196 194/194
f 198/198 197/197 195/195
f 198/198 195/195 196/196
f 120/120 122/122 198/198
f 120/120 198/198 196/196
f 200/200 199/199 197/197
f 200/200 197/197 198/198
f 122/122 124/124 200/200
f 122/122 200/200 198/198
f 202/202 201/201 199/199
f 202/202 199/199 200/200
f 124/124 126/126 202/202
f 124/124 202/202 200/200
f 204/204 203/203 201/201
f 204/204 201/201 202/202
f 126/126 128/128 204/204
f 126/126 204/204 202/202
f 206/206 205/205 203/203
f 206/206 203/203 204/204
f 128/128 207/207 206/206
f 128/128 206/206 204/204
f 209/209 208/208 206/206
f 209/209 206/206 207/207
f 131/131 210/210 209/209
f 131/131 209/209 207/207
f 128/128 129/129 131/131
f 128/128 131/131 207/207
f 131/131 132/132 134/134
f 131/131 134/134 210/210
f 134/134 135/135 137/137
f 139/139 141/141 211/211
f 141/141 143/143 213/213
f 141/141 213/213 211/211
f 215/215 214/214 212/212
f 215/215 212/212 213/213
f 143/143 145/145 215/215
f 143/143 215/215 213/213
f 217/217 216/216 214/214
f 217/217 214/214 215/215
f 145/145 147/147 217/217
f 145/145 217/217 215/215
f 219/219 218/218 216/216
f 219/219 216/216 217/217
f 147/147 149/149 219/219
f 147/147 219/219 217/217
f 221/221 220/220 218/218
f 221/221 218/218 219/219
f 149/149 151/151 221/221
f 149/149 221/221 219/219
f 223/223 222/222 220/220
f 223/223 220/220 221/221
f 151/151 224/224 223/223
f 151/151 223/223 221/221
f 226/226 225/225 223/223
f 226/226 223/223 224/224
f 154/154 227/227 226/226
f 154/154 226/226 224/224
f 151/151 152/152 154/154
f 151/151 154/154 224/224
f 229/229 228/228 226/226
f 229/229 226/226 227/227
f 157/157 230/230 229/229
f 157/157 229/229 227/227
f 154/154 155/155 157/157
f 154/154 157/157 227/227
f 232/232 231/231 229/229
f 232/232 229/229 230/230
f 160/160 233/233 232/232
f 160/160 232/232 230/230
f 157/157 158/158 160/160
f 157/157 160/160 230/230
f 235/235 234/234 232/232
f 235/235 232/232 233/233
f 163/163 236/236 235/235
f 163/163 235/235 233/233
f 160/160 161/161 163/163
f 160/160 163/163 233/233
f 238/238 237/237 235/235
f 238/238 235/235 236/236
f 240/240 239/239 238/238
f 240/240 238/238 236/236
f 163/163 164/164 240/240
f 163/163 240/240 236/236
f 242/242 241/241 239/239
f 242/242 239/239 240/240
f 164/164 165/165 242/242
f 164/164 242/242 240/240
f 244/244 243/243 241/241
f 244/244 241/241 242/242
f 165/165 167/167 244/244
f 165/165 244/244 242/242
f 246/246 245/245 243/243
f 246/246 243/243 244/244
f 167/167 169/169 246/246
f 167/167 246/246 244/244
f 248/248 247/247 245/245
f 248/248 245/245 246/246
f 169/169 171/171 248/248
f 169/169 248/248 246/246
f 250/250 249/249 247/247
f 250/250 247/247 248/248
f 171/171 173/173 250/250
f 171/171 250/250 248/248
f 252/252 251/251 249/249
f 252/252 249/249 250/250
f 173/173 175/175 252/252
f 173/173 252/252 250/250
f 254/254 253/253 251/251
f 254/254 251/251 252/252
f 175/175 177/177 254/254
f 175/175 254/254 252/252
f 256/256 255/255 253/253
f 256/256 253/253 254/254
f 177/177 257/257 256/256
f 177/177 256/256 254/254
f 259/259 258/258 256/256
f 259/259 256/256 257/257
f 180/180 260/260 259/259
f 180/180 259/259 257/257
f 177/177 178/178 180/180
f 177/177 180/180 257/257
f 262/262 261/261 259/259
f 262/262 259/259 260/260
f 183/183 263/263 262/262
f 183/183 262/262 260/260
f 180/180 181/181 183/183
f 180/180 183/183 260/260
f 265/265 264/264 262/262
f 265/265 262/262 263/263
f 186/186 266/266 265/265
f 186/186 265/265 263/263
f 183/183 184/184 186/186
f 183/183 186/186 263/263
f 268/268 267/267 265/265
f 268/268 265/265 266/266
f 189/189 269/269 268/268
f 189/189 268/268 266/266
f 186/186 187/187 189/189
f 186/186 189/189 266/266
f 271/271 270/270 268/268
f 271/271 268/268 269/269
f 273/273 272/272 271/271
f 273/273 271/271 269/269
f 189/189 190/190 273/273
f 189/189 273/273 269/269
f 275/275 274/274 272/272
f 275/275 272/272 273/273
f 190/190 191/191 275/275
f 190/190 275/275 273/273
f 277/277 276/276 274/274
f 277/277 274/274 275/275
f 191/191 193/193 277/277
f 191/191 277/277 275/275
f 279/279 278/278 276/276
f 279/279 276/276 277/277
f 193/193 195/195 279/279
f 193/193 279/279 277/277
f 281/281 280/280 278/278
f 281/281 278/278 279/279
f 195/195 197/197 281/281
f 195/195 281/281 279/279
f 283/283 282/282 280/280
f 283/283 280/280 281/281
f 197/197 199/199 283/283
f 197/197 283/283 281/281
f 285/285 284/284 282/282
f 285/285 282/282 283/283
f 199/199 201/201 285/285
f 199/199 285/285 283/283
f 287/287 286/286 284/284
f 287/287 284/284 285/285
f 201/201 203/203 287/287
f 201/201 287/287 285/285
f 289/289 288/288 286/286
f 289/289 286/286 287/287
f 203/203 205/205 289/289
f 203/203 289/289 287/287
f 291/291 290/290 288/288
f 291/291 288/288 289/289
f 205/205 292/292 291/291
f 205/205 291/291 289/289
f 205/205 206/206 208/208
f 205/205 208/208 292/292
f 214/214 216/216 293/293
f 216/216 218/218 294/294
f 216/216 294/294 293/293
f 218/218 220/220 296/296
f 218/218 296/296 294/294
f 298/298 297/297 295/295
f 298/298 295/295 296/296
f 220/220 222/222 298/298
f 220/220 298/298 296/296
f 300/300 299/299 297/297
f 300/300 297/297 298/298
f 222/222 301/301 300/300
f 222/222 300/300 298/298
f 303/303 302/302 300/300
f 303/303 300/300 301/301
f 225/225 304/304 303/303
f 225/225 303/303 301/301
f 222/222 223/223 225/225
f 222/222 225/225 301/301
f 306/306 305/305 303/303
f 306/306 303/303 304/304
f 228/228 307/307 306/306
f 228/228 306/306 304/304
f 225/225 226/226 228/228
f 225/225 228/228 304/304
f 309/309 308/308 306/306
f 309/309 306/306 307/307
f 231/231 310/310 309/309
f 231/231 309/309 307/307
f 228/228 229/229 231/231
f 228/228 231/231 307/307
f 312/312 311/311 309/309
f 312/312 309/309 310/310
f 234/234 313/313 312/312
f 234/234 312/312 310/310
f 231/231 232/232 234/234
f 231/231 234/234 310/310
f 315/315 314/314 312/312
f 315/315 312/312 313/313
f 237/237 316/316 315/315
f 237/237 315/315 313/313
f 234/234 235/235 237/237
f 234/234 237/237 313/313
f 318/318 317/317 315/315
f 318/318 315/315 316/316
f 320/320 319/319 318/318
f 320/320 318/318 316/316
f 237/237 238/238 320/320
f 237/237 320/320 316/316
f 322/322 321/321 319/319
f 322/322 319/319 320/320
f 238/238 239/239 322/322
f 238/238 322/322 320/320
f 324/324 323/323 321/321
f 324/324 321/321 322/322
f 239/239 241/241 324/324
f 239/239 324/324 322/322
f 326/326 325/325 323/323
f 326/326 323/323 324/324
f 241/241 243/243 326/326
f 241/241 326/326 324/324
f 328/328 327/327 325/325
f 328/328 325/325 326/326
f 243/243 245/245 328/328
f 243/243 328/328 326/326
f 330/330 329/329 327/327
f 330/330 327/327 328/328
f 245/245 247/247 330/330
f 245/245 330/330 328/328
f 332/332 331/331 329/329
f 332/332 329/329 330/330
f 247/247 249/249 332/332
f 247/247 332/332 330/330
f 334/334 333/333 331/331
f 334/334 331/331 332/332
f 249/249 251/251 334/334
f 249/249 334/334 332/332
f 336/336 335/335 333/333
f 336/336 333/333 334/334
f 251/251 253/253 336/336
f 251/251 336/336 334/334
f 338/338 337/337 335/335
f 338/338 335/335 336/336
f 253/253 255/255 338/338
f 253/253 338/338 336/336
f 340/340 339/339 337/337
f 340/340 337/337 338/338
f 255/255 341/341 340/340
f 255/255 340/340 338/338
f 343/343 342/342 340/340
f 343/343 340/340 341/341
f 258/258 344/344 343/343
f 258/258 343/343 341/341
f 255/255 256/256 258/258
f 255/255 258/258 341/341
f 346/346 345/345 343/343
f 346/346 343/343 344/344
f 261/261 347/347 346/346
f 261/261 346/346 344/344
f 258/258 259/259 261/261
f 258/258 261/261 344/344
f 349/349 348/348 346/346
f 349/349 346/346 347/347
f 264/264 350/350 349/349
f 264/264 349/349 347/347
f 261/261 262/262 264/264
f 261/261 264/264 347/347
f 352/352 351/351 349/349
f 352/352 349/349 350/350
f 267/267 353/353 352/352
f 267/267 352/352 350/350
f 264/264 265/265 267/267
f 264/264 267/267 350/350
f 355/355 354/354 352/352
f 355/355 352/352 353/353
f 270/270 356/356 355/355
f 270/270 355/355 353/353
f 267/267 268/268 270/270
f 267/267 270/270 353/353
f 358/358 357/357 355/355
f 358/358 355/355 356/356
f 360/360 359/359 358/358
f 360/360 358/358 356/356
f 270/270 271/271 360/360
f 270/270 360/360 356/356
f 362/362 361/361 359/359
f 362/362 359/359 360/360
f 271/271 272/272 362/362
f 271/271 362/362 360/360
f 364/364 363/363 361/361
f 364/364 361/361 362/362
f 272/272 274/274 364/364
f 272/272 364/364 362/362
f 366/366 365/365 363/363
f 366/366 363/363 364/364
f 274/274 276/276 366/366
f 274/274 366/366 364/364
f 368/368 367/367 365/365
f 368/368 365/365 366/366
f 276/276 278/278 368/368
f 276/276 368/368 366/366
f 370/370 369/369 367/367
f 370/370 367/367 368/368
f 278/278 280/280 370/370
f 278/278 370/370 368/368
f 372/372 371/371 369/369
f 372/372 369/369 370/370
f 280/280 282/282 372/372
f 280/280 372/372 370/370
f 374/374 373/373 371/371
f 374/374 371/371 372/372
f 282/282 284/284 374/374
f 282/282 374/374 372/372
f 376/376 375/375 373/373
f 376/376 373/373 374/374
f 284/284 286/286 376/376
f 284/284 376/376 374/374
f 378/378 377/377 375/375
f 378/378 375/375 376/376
f 286/286 288/288 378/378
f 286/286 378/378 376/376
f 380/380 379/379 377/377
f 380/380 377/377 378/378
f 288/288 290/290 380/380
f 288/288 380/380 378/378
f 295/295 297/297 382/382
f 297/297 299/299 384/384
f 297/297 384/384 382/382
f 386/386 385/385 383/383
f 386/386 383/383 384/384
f 299/299 387/387 386/386
f 299/299 386/386 384/384
f 389/389 388/388 386/386
f 389/389 386/386 387/387
f 302/302 390/390 389/389
f 302/302 389/389 387/387
f 299/299 300/300 302/302
f 299/299 302/302 387/387
f 392/392 391/391 389/389
f 392/392 389/389 390/390
f 305/305 393/393 392/392
f 305/305 392/392 390/390
f 302/302 303/303 305/305
f 302/302 305/305 390/390
f 395/395 394/394 392/392
f 395/395 392/392 393/393
f 308/308 396/396 395/395
f 308/308 395/395 393/393
f 305/305 306/306 308/308
f 305/305 308/308 393/393
f 398/398 397/397 395/395
f 398/398 395/395 396/396
f 311/311 399/399 398/398
f 311/311 398/398 396/396
f 308/308 309/309 311/311
f 308/308 311/311 396/396
f 401/401 400/400 398/398
f 401/401 398/398 399/399
f 314/314 402/402 401/401
f 314/314 401/401 399/399
f 311/311 312/312 314/314
f 311/311 314/314 399/399
f 404/404 403/403 401/401
f 404/404 401/401 402/402
f 317/317 405/405 404/404
f 317/317 404/404 402/402
f 314/314 315/315 317/317
f 314/314 317/317 402/402
f 407/407 406/406 404/404
f 407/407 404/404 405/405
f 409/409 408/408 407/407
f 409/409 407/407 405/405
f 317/317 318/318 409/409
f 317/317 409/409 405/405
f 411/411 410/410 408/408
f 411/411 408/408 409/409
f 318/318 319/319 411/411
f 318/318 411/411 409/409
f 413/413 412/412 410/410
f 413/413 410/410 411/411
f 319/319 321/321 413/413
f 319/319 413/413 411/411
f 415/415 414/414 412/412
f 415/415 412/412 413/413
f 321/321 323/323 415/415
f 321/321 415/415 413/413
f 417/417 416/416 414/414
f 417/417 414/414 415/415
f 323/323 325/325 417/417
f 323/323 417/417 415/415
f 419/419 418/418 416/416
f 419/419 416/416 417/417
f 325/325 327/327 419/419
f 325/325 419/419 417/417
f 421/421 420/420 418/418
f 421/421 418/418 419/419
f 327/327 329/329 421/421
f 327/327 421/421 419/419
f 423/423 422/422 420/420
f 423/423 420/420 421/421
f 329/329 331/331 423/423
f 329/329 423/423 421/421
f 425/425 424/424 422/422
f 425/425 422/422 423/423
f 331/331 333/333 425/425
f 331/331 425/425 423/423
f 427/427 426/426 424/424
f 427/427 424/424 425/425
f 333/333 335/335 427/427
f 333/333 427/427 425/425
f 429/429 428/428 426/426
f 429/429 426/426 427/427
f 335/335 337/337 429/429
f 335/335 429/429 427/427
f 431/431 430/430 428/428
f 431/431 428/428 429/429
f 337/337 339/339 431/431
f 337/337 431/431 429/429
f 433/433 432/432 430/430
f 433/433 430/430 431/431
f 339/339 434/434 433/433
f 339/339 433/433 431/431
f 436/436 435/435 433/433
f 436/436 433/433 434/434
f 342/342 437/437 436/436
f 342/342 436/436 434/434
f 339/339 340/340 342/342
f 339/339 342/342 434/434
f 439/439 438/438 436/436
f 439/439 436/436 437/437
f 345/345 440/440 439/439
f 345/345 439/439 437/437
f 342/342 343/343 345/345
f 342/342 345/345 437/437
f 442/442 441/441 439/439
f 442/442 439/439 440/440
f 348/348 443/443 442/442
f 348/348 442/442 440/440
f 345/345 346/346 348/348
f 345/345 348/348 440/440
f 445/445 444/444 442/442
f 445/445 442/442 443/443
f 351/351 446/446 445/445
f 351/351 445/445 443/443
f 348/348 349/349 351/351
f 348/348 351/351 443/443
f 448/448 447/447 445/445
f 448/448 445/445 446/446
f 354/354 449/449 448/448
f 354/354 448/448 446/446
f 351/351 352/352 354/354
f 351/351 354/354 446/446
f 451/451 450/450 448/448
f 451/451 448/448 449/449
f 357/357 452/452 451/451
f 357/357 451/451 449/449
f 354/354 355/355 357/357
f 354/354 357/357 449/449
f 454/454 453/453 451/451
f 454/454 451/451 452/452
f 456/456 455/455 454/454
f 456/456 454/454 452/452
f 357/357 358/358 456/456
f 357/357 456/456 452/452
f 458/458 457/457 455/455
f 458/458 455/455 456/456
f 358/358 359/359 458/458
f 358/358 458/458 456/456
f 460/460 459/459 457/457
f 460/460 457/457 458/458
f 359/359 361/361 460/460
f 359/359 460/460 458/458
f 462/462 461/461 459/459
f 462/462 459/459 460/460
f 361/361 363/363 462/462
f 361/361 462/462 460/460
f 464/464 463/463 461/461
f 464/464 461/461 462/462
f 363/363 365/365 464/464
f 363/363 464/464 462/462
f 466/466 465/465 463/463
f 466/466 463/463 464/464
f 365/365 367/367 466/466
f 365/365 466/466 464/464
f 468/468 467/467 465/465
f 468/468 465/465 466/466
f 367/367 369/369 468/468
f 367/367 468/468 466/466
f 470/470 469/469 467/467
f 470/470 467/467 468/468
f 369/369 371/371 470/470
f 369/369 470/470 468/468
f 472/472 471/471 469/469
f 472/472 469/469 470/470
f 371/371 373/373 472/472
f 371/371 472/472 470/470
f 474/474 473/473 471/471
f 474/474 471/471 472/472
f 373/373 375/375 474/474
f 373/373 474/474 472/472
f 476/476 475/475 473/473
f 476/476 473/473 474/474
f 375/375 377/377 476/476
f 375/375 476/476 474/474
f 478/478 477/477 475/475
f 478/478 475/475 476/476
f 377/377 379/379 478/478
f 377/377 478/478 476/476
f 480/480 479/479 477/477
f 480/480 477/477 478/478
f 379/379 381/381 480/480
f 379/379 480/480 478/478
f 383/383 385/385 481/481
f 385/385 483/483 482/482
f 385/385 482/482 481/481
f 485/485 484/484 482/482
f 485/485 482/482 483/483
f 388/388 486/486 485/485
f 388/388 485/485 483/483
f 385/385 386/386 388/388
f 385/385 388/388 483/483
f 488/488 487/487 485/485
f 488/488 485/485 486/486
f 391/391 489/489 488/488
f 391/391 488/488 486/486
f 388/388 389/389 391/391
f 388/388 391/391 486/486
f 491/491 490/490 488/488
f 491/491 488/488 489/489
f 394/394 492/492 491/491
f 394/394 491/491 489/489
f 391/391 392/392 394/394
f 391/391 394/394 489/489
f 494/494 493/493 491/491
f 494/494 491/491 492/492
f 397/397 495/495 494/494
f 397/397 494/494 492/492
f 394/394 395/395 397/397
f 394/394 397/397 492/492
f 497/497 496/496 494/494
f 497/497 494/494 495/495
f 400/400 498/498 497/497
f 400/400 497/497 495/495
f 397/397 398/398 400/400
f 397/397 400/400 495/495
f 500/500 499/499 497/497
f 500/500 497/497 498/498
f 403/403 501/501 500/500
f 403/403 500/500 498/498
f 400/400 401/401 403/403
f 400/400 403/403 498/498
f 503/503 502/502 500/500
f 503/503 500/500 501/501
f 406/406 504/504 503/503
f 406/406 503/503 501/501
f 403/403 404/404 406/406
f 403/403 406/406 501/501
f 506/506 505/505 503/503
f 506/506 503/503 504/504
f 508/508 507/507 506/506
f 508/508 506/506 504/504
f 406/406 407/407 508/508
f 406/406 508/508 504/504
f 510/510 509/509 507/507
f 510/510 507/507 508/508
f 407/407 408/408 510/510
f 407/407 510/510 508/508
f 512/512 511/511 509/509
f 512/512 509/509 510/510
f 408/408 410/410 512/512
f 408/408 512/512 510/510
f 514/514 513/513 511/511
f 514/514 511/511 512/512
f 410/410 412/412 514/514
f 410/410 514/514 512/512
f 516/516 515/515 513/513
f 516/516 513/513 514/514
f 412/412 414/414 516/516
f 412/412 516/516 514/514
f 518/518 517/517 515/515
f 518/518 515/515 516/516
f 414/414 416/416 518/518
f 414/414 518/518 516/516
f 520/520 519/519 517/517
f 520/520 517/517 518/518
f 416/416 418/418 520/520
f 416/416 520/520 518/518
f 522/522 521/521 519/519
f 522/522 519/519 520/520
f 418/418 420/420 522/522
f 418/418 522/522 520/520
f 524/524 523/523 521/521
f 524/524 521/521 522/522
f 420/420 422/422 524/524
f 420/420 524/524 522/522
f 526/526 525/525 523/523
f 526/526 523/523 524/524
f 422/422 424/424 526/526
f 422/422 526/526 524/524
f 529/529 527/527 525/525
f 529/529 525/525 526/526
f 424/424 426/426 529/529
f 424/424 529/529 526/526
f 531/531 530/530 528/528
f 531/531 528/528 529/529
f 426/426 428/428 531/531
f 426/426 531/531 529/529
f 533/533 532/532 530/530
f 533/533 530/530 531/531
f 428/428 430/430 533/533
f 428/428 533/533 531/531
f 535/535 534/534 532/532
f 535/535 532/532 533/533
f 430/430 432/432 535/535
f 430/430 535/535 533/533
f 537/537 536/536 534/534
f 537/537 534/534 535/535
f 432/432 538/538 537/537
f 432/432 537/537 535/535
f 540/540 539/539 537/537
f 540/540 537/537 538/538
f 435/435 541/541 540/540
f 435/435 540/540 538/538
f 432/432 433/433 435/435
f 432/432 435/435 538/538
f 543/543 542/542 540/540
f 543/543 540/540 541/541
f 438/438 544/544 543/543
f 438/438 543/543 541/541
f 435/435 436/436 438/438
f 435/435 438/438 541/541
f 546/546 545/545 543/543
f 546/546 543/543 544/544
f 441/441 547/547 546/546
f 441/441 546/546 544/544
f 438/438 439/439 441/441
f 438/438 441/441 544/544
f 549/549 548/548 546/546
f 549/549 546/546 547/547
f 444/444 550/550 549/549
f 444/444 549/549 547/547
f 441/441 442/442 444/444
f 441/441 444/444 547/547
f 552/552 551/551 549/549
f 552/552 549/549 550/550
f 447/447 553/553 552/552
f 447/447 552/552 550/550
f 444/444 445/445 447/447
f 444/444 447/447 550/550
f 555/555 554/554 552/552
f 555/555 552/552 553/553
f 450/450 556/556 555/555
f 450/450 555/555 553/553
f 447/447 448/448 450/450
f 447/447 450/450 553/553
f 558/558 557/557 555/555
f 558/558 555/555 556/556
f 453/453 559/559 558/558
f 453/453 558/558 556/556
f 450/450 451/451 453/453
f 450/450 453/453 556/556
f 561/561 560/560 558/558
f 561/561 558/558 559/559
f 563/563 562/562 561/561
f 563/563 561/561 559/559
f 453/453 454/454 563/563
f 453/453 563/563 559/559
f 565/565 564/564 562/562
f 565/565 562/562 563/563
f 454/454 455/455 565/565
f 454/454 565/565 563/563
f 567/567 566/566 564/564
f 567/567 564/564 565/565
f 455/455 457/457 567/567
f 455/455 567/567 565/565
f 569/569 568/568 566/566
f 569/569 566/566 567/567
f 457/457 459/459 569/569
f 457/457 569/569 567/567
f 571/571 570/570 568/568
f 571/571 568/568 569/569
f 459/459 461/461 571/571
f 459/459 571/571 569/569
f 573/573 572/572 570/570
f 573/573 570/570 571/571
f 461/461 463/463 573/573
f 461/461 573/573 571/571
f 575/575 574/574 572/572
f 575/575 572/572 573/573
f 463/463 465/465 575/575
f 463/463 575/575 573/573
f 577/577 576/576 574/574
f 577/577 574/574 575/575
f 465/465 467/467 577/577
f 465/465 577/577 575/575
f 579/579 578/578 576/576
f 579/579 576/576 577/577
f 467/467 469/469 579/579
f 467/467 579/579 577/577
f 581/581 580/580 578/578
f 581/581 578/578 579/579
f 469/469 471/471 581/581
f 469/469 581/581 579/579
f 583/583 582/582 580/580
f 583/583 580/580 581/581
f 471/471 473/473 583/583
f 471/471 583/583 581/581
f 585/585 584/584 582/582
f 585/585 582/582 583/583
f 473/473 475/475 585/585
f 473/473 585/585 583/583
f 587/587 586/586 584/584
f 587/587 584/584 585/585
f 475/475 477/477 587/587
f 475/475 587/587 585/585
f 589/589 588/588 586/586
f 589/589 586/586 587/587
f 477/477 479/479 589/589
f 477/477 589/589 587/587
f 484/484 594/594 593/593
f 484/484 593/593 591/591
f 596/596 595/595 593/593
f 596/596 593/593 594/594
f 487/487 597/597 596/596
f 487/487 596/596 594/594
f 484/484 485/485 487/487
f 484/484 487/487 594/594
f 599/599 598/598 596/596
f 599/599 596/596 597/597
f 490/490 600/600 599/599
f 490/490 599/599 597/597
f 487/487 488/488 490/490
f 487/487 490/490 597/597
f 602/602 601/601 599/599
f 602/602 599/599 600/600
f 493/493 603/603 602/602
f 493/493 602/602 600/600
f 490/490 491/491 493/493
f 490/490 493/493 600/600
f 605/605 604/604 602/602
f 605/605 602/602 603/603
f 496/496 606/606 605/605
f 496/496 605/605 603/603
f 493/493 494/494 496/496
f 493/493 496/496 603/603
f 608/608 607/607 605/605
f 608/608 605/605 606/606
f 499/499 609/609 608/608
f 499/499 608/608 606/606
f 496/496 497/497 499/499
f 496/496 499/499 606/606
f 611/611 610/610 608/608
f 611/611 608/608 609/609
f 502/502 612/612 611/611
f 502/502 611/611 609/609
f 499/499 500/500 502/502
f 499/499 502/502 609/609
f 614/614 613/613 611/611
f 614/614 611/611 612/612
f 505/505 615/615 614/614
f 505/505 614/614 612/612
f 502/502 503/503 505/505
f 502/502 505/505 612/612
f 617/617 616/616 614/614
f 617/617 614/614 615/615
f 619/619 618/618 617/617
f 619/619 617/617 615/615
f 505/505 506/506 619/619
f 505/505 619/619 615/615
f 621/621 620/620 618/618
f 621/621 618/618 619/619
f 506/506 507/507 621/621
f 506/506 621/621 619/619
f 623/623 622/622 620/620
f 623/623 620/620 621/621
f 507/507 509/509 623/623
f 507/507 623/623 621/621
f 625/625 624/624 622/622
f 625/625 622/622 623/623
f 509/509 511/511 625/625
f 509/509 625/625 623/623
f 627/627 626/626 624/624
f 627/627 624/624 625/625
f 511/511 513/513 627/627
f 511/511 627/627 625/625
f 629/629 628/628 626/626
f 629/629 626/626 627/627
f 513/513 515/515 629/629
f 513/513 629/629 627/627
f 631/631 630/630 628/628
f 631/631 628/628 629/629
f 515/515 517/517 631/631
f 515/515 631/631 629/629
f 633/633 632/632 630/630
f 633/633 630/630 631/631
f 517/517 519/519 633/633
f 517/517 633/633 631/631
f 635/635 634/634 632/632
f 635/635 632/632 633/633
f 519/519 521/521 635/635
f 519/519 635/635 633/633
f 637/637 636/636 634/634
f 637/637 634/634 635/635
f 521/521 523/523 637/637
f 521/521 637/637 635/635
f 639/639 638/638 636/636
f 639/639 636/636 637/637
f 523/523 525/525 639/639
f 523/523 639/639 637/637
f 643/643 641/641 638/638
f 643/643 638/638 639/639
f 525/525 527/527 643/643
f 525/525 643/643 639/639
f 645/645 644/644 640/640
f 645/645 640/640 642/642
f 528/528 530/530 645/645
f 528/528 645/645 642/642
f 647/647 646/646 644/644
f 647/647 644/644 645/645
f 530/530 532/532 647/647
f 530/530 647/647 645/645
f 649/649 648/648 646/646
f 649/649 646/646 647/647
f 532/532 534/534 649/649
f 532/532 649/649 647/647
f 651/651 650/650 648/648
f 651/651 648/648 649/649
f 534/534 536/536 651/651
f 534/534 651/651 649/649
f 653/653 652/652 650/650
f 653/653 650/650 651/651
f 536/536 654/654 653/653
f 536/536 653/653 651/651
f 656/656 655/655 653/653
f 656/656 653/653 654/654
f 539/539 657/657 656/656
f 539/539 656/656 654/654
f 536/536 537/537 539/539
f 536/536 539/539 654/654
f 659/659 658/658 656/656
f 659/659 656/656 657/657
f 542/542 660/660 659/659
f 542/542 659/659 657/657
f 539/539 540/540 542/542
f 539/539 542/542 657/657
f 662/662 661/661 659/659
f 662/662 659/659 660/660
f 545/545 663/663 662/662
f 545/545 662/662 660/660
f 542/542 543/543 545/545
f 542/542 545/545 660/660
f 665/665 664/664 662/662
f 665/665 662/662 663/663
f 548/548 666/666 665/665
f 548/548 665/665 663/663
f 545/545 546/546 548/548
f 545/545 548/548 663/663
f 668/668 667/667 665/665
f 668/668 665/665 666/666
f 551/551 669/669 668/668
f 551/551 668/668 666/666
f 548/548 549/549 551/551
f 548/548 551/551 666/666
f 671/671 670/670 668/668
f 671/671 668/668 669/669
f 554/554 672/672 671/671
f 554/554 671/671 669/669
f 551/551 552/552 554/554
f 551/551 554/554 669/669
f 674/674 673/673 671/671
f 674/674 671/671 672/672
f 557/557 675/675 674/674
f 557/557 674/674 672/672
f 554/554 555/555 557/557
f 554/554 557/557 672/672
f 677/677 676/676 674/674
f 677/677 674/674 675/675
f 560/560 678/678 677/677
f 560/560 677/677 675/675
f 557/557 558/558 560/560
f 557/557 560/560 675/675
f 680/680 679/679 677/677
f 680/680 677/677 678/678
f 682/682 681/681 680/680
f 682/682 680/680 678/678
f 560/560 561/561 682/682
f 560/560 682/682 678/678
f 684/684 683/683 681/681
f 684/684 681/681 682/682
f 561/561 562/562 684/684
f 561/561 684/684 682/682
f 686/686 685/685 683/683
f 686/686 683/683 684/684
f 562/562 564/564 686/686
f 562/562 686/686 684/684
f 688/688 687/687 685/685
f 688/688 685/685 686/686
f 564/564 566/566 688/688
f 564/564 688/688 686/686
f 690/690 689/689 687/687
f 690/690 687/687 688/688
f 566/566 568/568 690/690
f 566/566 690/690 688/688
f 692/692 691/691 689/689
f 692/692 689/689 690/690
f 568/568 570/570 692/692
f 568/568 692/692 690/690
f 694/694 693/693 691/691
f 694/694 691/691 692/692
f 570/570 572/572 694/694
f 570/570 694/694 692/692
f 696/696 695/695 693/693
f 696/696 693/693 694/694
f 572/572 574/574 696/696
f 572/572 696/696 694/694
f 698/698 697/697 695/695
f 698/698 695/695 696/696
f 574/574 576/576 698/698
f 574/574 698/698 696/696
f 700/700 699/699 697/697
f 700/700 697/697 698/698
f 576/576 578/578 700/700
f 576/576 700/700 698/698
f 702/702 701/701 699/699
f 702/702 699/699 700/700
f 578/578 580/580 702/702
f 578/578 702/702 700/700
f 704/704 703/703 701/701
f 704/704 701/701 702/702
f 580/580 582/582 704/704
f 580/580 704/704 702/702
f 706/706 705/705 703/703
f 706/706 703/703 704/704
f 582/582 584/584 706/706
f 582/582 706/706 704/704
f 708/708 707/707 705/705
f 708/708 705/705 706/706
f 584/584 586/586 708/708
f 584/584 708/708 706/706
f 710/710 709/709 707/707
f 710/710 707/707 708/708
f 586/586 588/588 710/710
f 586/586 710/710 708/708
f 712/712 711/711 709/709
f 712/712 709/709 710/710
f 588/588 590/590 712/712
f 588/588 712/712 710/710
f 595/595 716/716 715/715
f 595/595 715/715 713/713
f 592/592 593/593 595/595
f 592/592 595/595 713/713
f 718/718 717/717 715/715
f 718/718 715/715 716/716
f 598/598 719/719 718/718
f 598/598 718/718 716/716
f 595/595 596/596 598/598
f 595/595 598/598 716/716
f 721/721 720/720 718/718
f 721/721 718/718 719/719
f 601/601 722/722 721/721
f 601/601 721/721 719/719
f 598/598 599/599 601/601
f 598/598 601/601 719/719
f 724/724 723/723 721/721
f 724/724 721/721 722/722
f 604/604 725/725 724/724
f 604/604 724/724 722/722
f 601/601 602/602 604/604
f 601/601 604/604 722/722
f 727/727 726/726 724/724
f 727/727 724/724 725/725
f 607/607 728/728 727/727
f 607/607 727/727 725/725
f 604/604 605/605 607/607
f 604/604 607/607 725/725
f 730/730 729/729 727/727
f 730/730 727/727 728/728
f 610/610 731/731 730/730
f 610/610 730/730 728/728
f 607/607 608/608 610/610
f 607/607 610/610 728/728
f 733/733 732/732 730/730
f 733/733 730/730 731/731
f 613/613 734/734 733/733
f 613/613 733/733 731/731
f 610/610 611/611 613/613
f 610/610 613/613 731/731
f 736/736 735/735 733/733
f 736/736 733/733 734/734
f 616/616 737/737 736/736
f 616/616 736/736 734/734
f 613/613 614/614 616/616
f 613/613 616/616 734/734
f 739/739 738/738 736/736
f 739/739 736/736 737/737
f 741/741 740/740 739/739
f 741/741 739/739 737/737
f 616/616 617/617 741/741
f 616/616 741/741 737/737
f 743/743 742/742 740/740
f 743/743 740/740 741/741
f 617/617 618/618 743/743
f 617/617 743/743 741/741
f 745/745 744/744 742/742
f 745/745 742/742 743/743
f 618/618 620/620 745/745
f 618/618 745/745 743/743
f 747/747 746/746 744/744
f 747/747 744/744 745/745
f 620/620 622/622 747/747
f 620/620 747/747 745/745
f 749/749 748/748 746/746
f 749/749 746/746 747/747
f 622/622 624/624 749/749
f 622/622 749/749 747/747
f 751/751 750/750 748/748
f 751/751 748/748 749/749
f 624/624 626/626 751/751
f 624/624 751/751 749/749
f 753/753 752/752 750/750
f 753/753 750/750 751/751
f 626/626 628/628 753/753
f 626/626 753/753 751/751
f 755/755 754/754 752/752
f 755/755 752/752 753/753
f 628/628 630/630 755/755
f 628/628 755/755 753/753
f 757/757 756/756 754/754
f 757/757 754/754 755/755
f 630/630 632/632 757/757
f 630/630 757/757 755/755
f 759/759 758/758 756/756
f 759/759 756/756 757/757
f 632/632 634/634 759/759
f 632/632 759/759 757/757
f 761/761 760/760 758/758
f 761/761 758/758 759/759
f 634/634 636/636 761/761
f 634/634 761/761 759/759
f 763/763 762/762 760/760
f 763/763 760/760 761/761
f 636/636 638/638 763/763
f 636/636 763/763 761/761
f 766/766 765/765 762/762
f 766/766 762/762 763/763
f 638/638 641/641 766/766
f 638/638 766/766 763/763
f 769/769 768/768 764/764
f 769/769 764/764 767/767
f 640/640 644/644 769/769
f 640/640 769/769 767/767
f 771/771 770/770 768/768
f 771/771 768/768 769/769
f 644/644 646/646 771/771
f 644/644 771/771 769/769
f 773/773 772/772 770/770
f 773/773 770/770 771/771
f 646/646 648/648 773/773
f 646/646 773/773 771/771
f 775/775 774/774 772/772
f 775/775 772/772 773/773
f 648/648 650/650 775/775
f 648/648 775/775 773/773
f 777/777 776/776 774/774
f 777/777 774/774 775/775
f 650/650 652/652 777/777
f 650/650 777/777 775/775
f 779/779 778/778 776/776
f 779/779 776/776 777/777
f 652/652 780/780 779/779
f 652/652 779/779 777/777
f 782/782 781/781 779/779
f 782/782 779/779 780/780
f 655/655 783/783 782/782
f 655/655 782/782 780/780
f 652/652 653/653 655/655
f 652/652 655/655 780/780
f 785/785 784/784 782/782
f 785/785 782/782 783/783
f 658/658 786/786 785/785
f 658/658 785/785 783/783
f 655/655 656/656 658/658
f 655/655 658/658 783/783
f 788/788 787/787 785/785
f 788/788 785/785 786/786
f 661/661 789/789 788/788
f 661/661 788/788 786/786
f 658/658 659/659 661/661
f 658/658 661/661 786/786
f 791/791 790/790 788/788
f 791/791 788/788 789/789
f 664/664 792/792 791/791
f 664/664 791/791 789/789
f 661/661 662/662 664/664
f 661/661 664/664 789/789
f 794/794 793/793 791/791
f 794/794 791/791 792/792
f 667/667 795/795 794/794
f 667/667 794/794 792/792
f 664/664 665/665 667/667
f 664/664 667/667 792/792
f 797/797 796/796 794/794
f 797/797 794/794 795/795
f 670/670 798/798 797/797
f 670/670 797/797 795/795
f 667/667 668/668 670/670
f 667/667 670/670 795/795
f 800/800 799/799 797/797
f 800/800 797/797 798/798
f 673/673 801/801 800/800
f 673/673 800/800 798/798
f 670/670 671/671 673/673
f 670/670 673/673 798/798
f 803/803 802/802 800/800
f 803/803 800/800 801/801
f 676/676 804/804 803/803
f 676/676 803/803 801/801
f 673/673 674/674 676/676
f 673/673 676/676 801/801
f 806/806 805/805 803/803
f 806/806 803/803 804/804
f 679/679 807/807 806/806
f 679/679 806/806 804/804
f 676/676 677/677 679/679
f 676/676 679/679 804/804
f 809/809 808/808 806/806
f 809/809 806/806 807/807
f 811/811 810/810 809/809
f 811/811 809/809 807/807
f 679/679 680/680 811/811
f 679/679 811/811 807/807
f 813/813 812/812 810/810
f 813/813 810/810 811/811
f 680/680 681/681 813/813
f 680/680 813/813 811/811
f 815/815 814/814 812/812
f 815/815 812/812 813/813
f 681/681 683/683 815/815
f 681/681 815/815 813/813
f 817/817 816/816 814/814
f 817/817 814/814 815/815
f 683/683 685/685 817/817
f 683/683 817/817 815/815
f 819/819 818/818 816/816
f 819/819 816/816 817/817
f 685/685 687/687 819/819
f 685/685 819/819 817/817
f 821/821 820/820 818/818
f 821/821 818/818 819/819
f 687/687 689/689 821/821
f 687/687 821/821 819/819
f 823/823 822/822 820/820
f 823/823 820/820 821/821
f 689/689 691/691 823/823
f 689/689 823/823 821/821
f 825/825 824/824 822/822
f 825/825 822/822 823/823
f 691/691 693/693 825/825
f 691/691 825/825 823/823
f 827/827 826/826 824/824
f 827/827 824/824 825/825
f 693/693 695/695 827/827
f 693/693 827/827 825/825
f 829/829 828/828 826/826
f 829/829 826/826 827/827
f 695/695 697/697 829/829
f 695/695 829/829 827/827
f 831/831 830/830 828/828
f 831/831 828/828 829/829
f 697/697 699/699 831/831
f 697/697 831/831 829/829
f 833/833 832/832 830/830
f 833/833 830/830 831/831
f 699/699 701/701 833/833
f 699/699 833/833 831/831
f 835/835 834/834 832/832
f 835/835 832/832 833/833
f 701/701 703/703 835/835
f 701/701 835/835 833/833
f 837/837 836/836 834/834
f 837/837 834/834 835/835
f 703/703 705/705 837/837
f 703/703 837/837 835/835
f 839/839 838/838 836/836
f 839/839 836/836 837/837
f 705/705 707/707 839/839
f 705/705 839/839 837/837
f 841/841 840/840 838/838
f 841/841 838/838 839/839
f 707/707 709/709 841/841
f 707/707 841/841 839/839
f 843/843 842/842 840/840
f 843/843 840/840 841/841
f 709/709 711/711 843/843
f 709/709 843/843 841/841
f 845/845 844/844 842/842
f 845/845 842/842 843/843
f 711/711 845/845 843/843
f 717/717 849/849 848/848
f 717/717 848/848 846/846
f 714/714 715/715 717/717
f 714/714 717/717 846/846
f 851/851 850/850 848/848
f 851/851 848/848 849/849
f 720/720 852/852 851/851
f 720/720 851/851 849/849
f 717/717 718/718 720/720
f 717/717 720/720 849/849
f 854/854 853/853 851/851
f 854/854 851/851 852/852
f 723/723 855/855 854/854
f 723/723 854/854 852/852
f 720/720 721/721 723/723
f 720/720 723/723 852/852
f 857/857 856/856 854/854
f 857/857 854/854 855/855
f 726/726 858/858 857/857
f 726/726 857/857 855/855
f 723/723 724/724 726/726
f 723/723 726/726 855/855
f 860/860 859/859 857/857
f 860/860 857/857 858/858
f 729/729 861/861 860/860
f 729/729 860/860 858/858
f 726/726 727/727 729/729
f 726/726 729/729 858/858
f 863/863 862/862 860/860
f 863/863 860/860 861/861
f 732/732 864/864 863/863
f 732/732 863/863 861/861
f 729/729 730/730 732/732
f 729/729 732/732 861/861
f 866/866 865/865 863/863
f 866/866 863/863 864/864
f 735/735 867/867 866/866
f 735/735 866/866 864/864
f 732/732 733/733 735/735
f 732/732 735/735 864/864
f 869/869 868/868 866/866
f 869/869 866/866 867/867
f 738/738 870/870 869/869
f 738/738 869/869 867/867
f 735/735 736/736 738/738
f 735/735 738/738 867/867
f 872/872 871/871 869/869
f 872/872 869/869 870/870
f 874/874 873/873 872/872
f 874/874 872/872 870/870
f 738/738 739/739 874/874
f 738/738 874/874 870/870
f 876/876 875/875 873/873
f 876/876 873/873 874/874
f 739/739 740/740 876/876
f 739/739 876/876 874/874
f 878/878 877/877 875/875
f 878/878 875/875 876/876
f 740/740 742/742 878/878
f 740/740 878/878 876/876
f 880/880 879/879 877/877
f 880/880 877/877 878/878
f 742/742 744/744 880/880
f 742/742 880/880 878/878
f 882/882 881/881 879/879
f 882/882 879/879 880/880
f 744/744 746/746 882/882
f 744/744 882/882 880/880
f 884/884 883/883 881/881
f 884/884 881/881 882/882
f 746/746 748/748 884/884
f 746/746 884/884 882/882
f 886/886 885/885 883/883
f 886/886 883/883 884/884
f 748/748 750/750 886/886
f 748/748 886/886 884/884
f 888/888 887/887 885/885
f 888/888 885/885 886/886
f 750/750 752/752 888/888
f 750/750 888/888 886/886
f 890/890 889/889 887/887
f 890/890 887/887 888/888
f 752/752 754/754 890/890
f 752/752 890/890 888/888
f 892/892 891/891 889/889
f 892/892 889/889 890/890
f 754/754 756/756 892/892
f 754/754 892/892 890/890
f 894/894 893/893 891/891
f 894/894 891/891 892/892
f 756/756 758/758 894/894
f 756/756 894/894 892/892
f 896/896 895/895 893/893
f 896/896 893/893 894/894
f 758/758 760/760 896/896
f 758/758 896/896 894/894
f 898/898 897/897 895/895
f 898/898 895/895 896/896
f 760/760 762/762 898/898
f 760/760 898/898 896/896
f 901/901 900/900 897/897
f 901/901 897/897 898/898
f 762/762 765/765 901/901
f 762/762 901/901 898/898
f 904/904 903/903 899/899
f 904/904 899/899 902/902
f 764/764 768/768 904/904
f 764/764 904/904 902/902
f 906/906 905/905 903/903
f 906/906 903/903 904/904
f 768/768 770/770 906/906
f 768/768 906/906 904/904
f 908/908 907/907 905/905
f 908/908 905/905 906/906
f 770/770 772/772 908/908
f 770/770 908/908 906/906
f 910/910 909/909 907/907
f 910/910 907/907 908/908
f 772/772 774/774 910/910
f 772/772 910/910 908/908
f 912/912 911/911 909/909
f 912/912 909/909 910/910
f 774/774 776/776 912/912
f 774/774 912/912 910/910
f 914/914 913/913 911/911
f 914/914 911/911 912/912
f 776/776 778/778 914/914
f 776/776 914/914 912/912
f 916/916 915/915 913/913
f 916/916 913/913 914/914
f 778/778 917/917 916/916
f 778/778 916/916 914/914
f 919/919 918/918 916/916
f 919/919 916/916 917/917
f 781/781 920/920 919/919
f 781/781 919/919 917/917
f 778/778 779/779 781/781
f 778/778 781/781 917/917
f 922/922 921/921 919/919
f 922/922 919/919 920/920
f 784/784 923/923 922/922
f 784/784 922/922 920/920
f 781/781 782/782 784/784
f 781/781 784/784 920/920
f 925/925 924/924 922/922
f 925/925 922/922 923/923
f 787/787 926/926 925/925
f 787/787 925/925 923/923
f 784/784 785/785 787/787
f 784/784 787/787 923/923
f 928/928 927/927 925/925
f 928/928 925/925 926/926
f 790/790 929/929 928/928
f 790/790 928/928 926/926
f 787/787 788/788 790/790
f 787/787 790/790 926/926
f 931/931 930/930 928/928
f 931/931 928/928 929/929
f 793/793 932/932 931/931
f 793/793 931/931 929/929
f 790/790 791/791 793/793
f 790/790 793/793 929/929
f 934/934 933/933 931/931
f 934/934 931/931 932/932
f 796/796 935/935 934/934
f 796/796 934/934 932/932
f 793/793 794/794 796/796
f 793/793 796/796 932/932
f 937/937 936/936 934/934
f 937/937 934/934 935/935
f 799/799 938/938 937/937
f 799/799 937/937 935/935
f 796/796 797/797 799/799
f 796/796 799/799 935/935
f 940/940 939/939 937/937
f 940/940 937/937 938/938
f 802/802 941/941 940/940
f 802/802 940/940 938/938
f 799/799 800/800 802/802
f 799/799 802/802 938/938
f 943/943 942/942 940/940
f 943/943 940/940 941/941
f 805/805 944/944 943/943
f 805/805 943/943 941/941
f 802/802 803/803 805/805
f 802/802 805/805 941/941
f 946/946 945/945 943/943
f 946/946 943/943 944/944
f 808/808 947/947 946/946
f 808/808 946/946 944/944
f 805/805 806/806 808/808
f 805/805 808/808 944/944
f 949/949 948/948 946/946
f 949/949 946/946 947/947
f 951/951 950/950 949/949
f 951/951 949/949 947/947
f 808/808 809/809 951/951
f 808/808 951/951 947/947
f 953/953 952/952 950/950
f 953/953 950/950 951/951
f 809/809 810/810 953/953
f 809/809 953/953 951/951
f 955/955 954/954 952/952
f 955/955 952/952 953/953
f 810/810 812/812 955/955
f 810/810 955/955 953/953
f 957/957 956/956 954/954
f 957/957 954/954 955/955
f 812/812 814/814 957/957
f 812/812 957/957 955/955
f 959/959 958/958 956/956
f 959/959 956/956 957/957
f 814/814 816/816 959/959
f 814/814 959/959 957/957
f 961/961 960/960 958/958
f 961/961 958/958 959/959
f 816/816 818/818 961/961
f 816/816 961/961 959/959
f 963/963 962/962 960/960
f 963/963 960/960 961/961
f 818/818 820/820 963/963
f 818/818 963/963 961/961
f 965/965 964/964 962/962
f 965/965 962/962 963/963
f 820/820 822/822 965/965
f 820/820 965/965 963/963
f 967/967 966/966 964/964
f 967/967 964/964 965/965
f 822/822 824/824 967/967
f 822/822 967/967 965/965
f 969/969 968/968 966/966
f 969/969 966/966 967/967
f 824/824 826/826 969/969
f 824/824 969/969 967/967
f 971/971 970/970 968/968
f 971/971 968/968 969/969
f 826/826 828/828 971/971
f 826/826 971/971 969/969
f 973/973 972/972 970/970
f 973/973 970/970 971/971
f 828/828 830/830 973/973
f 828/828 973/973 971/971
f 975/975 974/974 972/972
f 975/975 972/972 973/973
f 830/830 832/832 975/975
f 830/830 975/975 973/973
f 977/977 976/976 974/974
f 977/977 974/974 975/975
f 832/832 834/834 977/977
f 832/832 977/977 975/975
f 979/979 978/978 976/976
f 979/979 976/976 977/977
f 834/834 836/836 979/979
f 834/834 979/979 977/977
f 981/981 980/980 978/978
f 981/981 978/978 979/979
f 836/836 838/838 981/981
f 836/836 981/981 979/979
f 983/983 982/982 980/980
f 983/983 980/980 981/981
f 838/838 840/840 983/983
f 838/838 983/983 981/981
f 985/985 984/984 982/982
f 985/985 982/982 983/983
f 840/840 842/842 985/985
f 840/840 985/985 983/983
f 987/987 986/986 984/984
f 987/987 984/984 985/985
f 842/842 844/844 987/987
f 842/842 987/987 985/985
f 850/850 990/990 989/989
f 850/850 989/989 988/988
f 847/847 848/848 850/850
f 847/847 850/850 988/988
f 992/992 991/991 989/989
f 992/992 989/989 990/990
f 853/853 993/993 992/992
f 853/853 992/992 990/990
f 850/850 851/851 853/853
f 850/850 853/853 990/990
f 995/995 994/994 992/992
f 995/995 992/992 993/993
f 856/856 996/996 995/995
f 856/856 995/995 993/993
f 853/853 854/854 856/856
f 853/853 856/856 993/993
f 998/998 997/997 995/995
f 998/998 995/995 996/996
f 859/859 999/999 998/998
f 859/859 998/998 996/996
f 856/856 857/857 859/859
f 856/856 859/859 996/996
f 1001/1001 1000/1000 998/998
f 1001/1001 998/998 999/999
f 862/862 1002/1002 1001/1001
f 862/862 1001/1001 999/999
f 859/859 860/860 862/862
f 859/859 862/862 999/999
f 1004/1004 1003/1003 1001/1001
f 1004/1004 1001/1001 1002/1002
f 865/865 1005/1005 1004/1004
f 865/865 1004/1004 1002/1002
f 862/862 863/863 865/865
f 862/862 865/865 1002/1002
f 1007/1007 1006/1006 1004/1004
f 1007/1007 1004/1004 1005/1005
f 868/868 1008/1008 1007/1007
f 868/868 1007/1007 1005/1005
f 865/865 866/866 868/868
f 865/865 868/868 1005/1005
f 1010/1010 1009/1009 1007/1007
f 1010/1010 1007/1007 1008/1008
f 871/871 1011/1011 1010/1010
f 871/871 1010/1010 1008/1008
f 868/868 869/869 871/871
f 868/868 871/871 1008/1008
f 1013/1013 1012/1012 1010/1010
f 1013/1013 1010/1010 1011/1011
f 1015/1015 1014/1014 1013/1013
f 1015/1015 1013/1013 1011/1011
f 871/871 872/872 1015/1015
f 871/871 1015/1015 1011/1011
f 1017/1017 1016/1016 1014/1014
f 1017/1017 1014/1014 1015/1015
f 872/872 873/873 1017/1017
f 872/872 1017/1017 1015/1015
f 1019/1019 1018/1018 1016/1016
f 1019/1019 1016/1016 1017/1017
f 873/873 875/875 1019/1019
f 873/873 1019/1019 1017/1017
f 1021/1021 1020/1020 1018/1018
f 1021/1021 1018/1018 1019/1019
f 875/875 877/877 1021/1021
f 875/875 1021/1021 1019/1019
f 1023/1023 1022/1022 1020/1020
f 1023/1023 1020/1020 1021/1021
f 877/877 879/879 1023/1023
f 877/877 1023/1023 1021/1021
f 1025/1025 1024/1024 1022/1022
f 1025/1025 1022/1022 1023/1023
f 879/879 881/881 1025/1025
f 879/879 1025/1025 1023/1023
f 1027/1027 1026/1026 1024/1024
f 1027/1027 1024/1024 1025/1025
f 881/881 883/883 1027/1027
f 881/881 1027/1027 1025/1025
f 1029/1029 1028/1028 1026/1026
f 1029/1029 1026/1026 1027/1027
f 883/883 885/885 1029/1029
f 883/883 1029/1029 1027/1027
f 1031/1031 1030/1030 1028/1028
f 1031/1031 1028/1028 1029/1029
f 885/885 887/887 1031/1031
f 885/885 1031/1031 1029/1029
f 1033/1033 1032/1032 1030/1030
f 1033/1033 1030/1030 1031/1031
f 887/887 889/889 1033/1033
f 887/887 1033/1033 1031/1031
f 1035/1035 1034/1034 1032/1032
f 1035/1035 1032/1032 1033/1033
f 889/889 891/891 1035/1035
f 889/889 1035/1035 1033/1033
f 1037/1037 1036/1036 1034/1034
f 1037/1037 1034/1034 1035/1035
f 891/891 893/893 1037/1037
f 891/891 1037/1037 1035/1035
f 1039/1039 1038/1038 1036/1036
f 1039/1039 1036/1036 1037/1037
f 893/893 895/895 1039/1039
f 893/893 1039/1039 1037/1037
f 1041/1041 1040/1040 1038/1038
f 1041/1041 1038/1038 1039/1039
f 895/895 897/897 1041/1041
f 895/895 1041/1041 1039/1039
f 1045/1045 1043/1043 1040/1040
f 1045/1045 1040/1040 1041/1041
f 897/897 900/900 1045/1045
f 897/897 1045/1045 1041/1041
f 1047/1047 1046/1046 1042/1042
f 1047/1047 1042/1042 1044/1044
f 899/899 903/903 1047/1047
f 899/899 1047/1047 1044/1044
f 1049/1049 1048/1048 1046/1046
f 1049/1049 1046/1046 1047/1047
f 903/903 905/905 1049/1049
f 903/903 1049/1049 1047/1047
f 1051/1051 1050/1050 1048/1048
f 1051/1051 1048/1048 1049/1049
f 905/905 907/907 1051/1051
f 905/905 1051/1051 1049/1049
f 1053/1053 1052/1052 1050/1050
f 1053/1053 1050/1050 1051/1051
f 907/907 909/909 1053/1053
f 907/907 1053/1053 1051/1051
f 1055/1055 1054/1054 1052/1052
f 1055/1055 1052/1052 1053/1053
f 909/909 911/911 1055/1055
f 909/909 1055/1055 1053/1053
f 1057/1057 1056/1056 1054/1054
f 1057/1057 1054/1054 1055/1055
f 911/911 913/913 1057/1057
f 911/911 1057/1057 1055/1055
f 1059/1059 1058/1058 1056/1056
f 1059/1059 1056/1056 1057/1057
f 913/913 915/915 1059/1059
f 913/913 1059/1059 1057/1057
f 1061/1061 1060/1060 1058/1058
f 1061/1061 1058/1058 1059/1059
f 915/915 1062/1062 1061/1061
f 915/915 1061/1061 1059/1059
f 1064/1064 1063/1063 1061/1061
f 1064/1064 1061/1061 1062/1062
f 918/918 1065/1065 1064/1064
f 918/918 1064/1064 1062/1062
f 915/915 916/916 918/918
f 915/915 918/918 1062/1062
f 1067/1067 1066/1066 1064/1064
f 1067/1067 1064/1064 1065/1065
f 921/921 1068/1068 1067/1067
f 921/921 1067/1067 1065/1065
f 918/918 919/919 921/921
f 918/918 921/921 1065/1065
f 1070/1070 1069/1069 1067/1067
f 1070/1070 1067/1067 1068/1068
f 924/924 1071/1071 1070/1070
f 924/924 1070/1070 1068/1068
f 921/921 922/922 924/924
f 921/921 924/924 1068/1068
f 1073/1073 1072/1072 1070/1070
f 1073/1073 1070/1070 1071/1071
f 927/927 1074/1074 1073/1073
f 927/927 1073/1073 1071/1071
f 924/924 925/925 927/927
f 924/924 927/927 1071/1071
f 1076/1076 1075/1075 1073/1073
f 1076/1076 1073/1073 1074/1074
f 930/930 1077/1077 1076/1076
f 930/930 1076/1076 1074/1074
f 927/927 928/928 930/930
f 927/927 930/930 1074/1074
f 1079/1079 1078/1078 1076/1076
f 1079/1079 1076/1076 1077/1077
f 933/933 1080/1080 1079/1079
f 933/933 1079/1079 1077/1077
f 930/930 931/931 933/933
f 930/930 933/933 1077/1077
f 1082/1082 1081/1081 1079/1079
f 1082/1082 1079/1079 1080/1080
f 936/936 1083/1083 1082/1082
f 936/936 1082/1082 1080/1080
f 933/933 934/934 936/936
f 933/933 936/936 1080/1080
f 1085/1085 1084/1084 1082/1082
f 1085/1085 1082/1082 1083/1083
f 939/939 1086/1086 1085/1085
f 939/939 1085/1085 1083/1083
f 936/936 937/937 939/939
f 936/936 939/939 1083/1083
f 1088/1088 1087/1087 1085/1085
f 1088/1088 1085/1085 1086/1086
f 942/942 1089/1089 1088/1088
f 942/942 1088/1088 1086/1086
f 939/939 940/940 942/942
f 939/939 942/942 1086/1086
f 1091/1091 1090/1090 1088/1088
f 1091/1091 1088/1088 1089/1089
f 945/945 1092/1092 1091/1091
f 945/945 1091/1091 1089/1089
f 942/942 943/943 945/945
f 942/942 945/945 1089/1089
f 1094/1094 1093/1093 1091/1091
f 1094/1094 1091/1091 1092/1092
f 948/948 1095/1095 1094/1094
f 948/948 1094/1094 1092/1092
f 945/945 946/946 948/948
f 945/945 948/948 1092/1092
f 1097/1097 1096/1096 1094/1094
f 1097/1097 1094/1094 1095/1095
f 1099/1099 1098/1098 1097/1097
f 1099/1099 1097/1097 1095/1095
f 948/948 949/949 1099/1099
f 948/948 1099/1099 1095/1095
f 1101/1101 1100/1100 1098/1098
f 1101/1101 1098/1098 1099/1099
f 949/949 950/950 1101/1101
f 949/949 1101/1101 1099/1099
f 1103/1103 1102/1102 1100/1100
f 1103/1103 1100/1100 1101/1101
f 950/950 952/952 1103/1103
f 950/950 1103/1103 1101/1101
f 1105/1105 1104/1104 1102/1102
f 1105/1105 1102/1102 1103/1103
f 952/952 954/954 1105/1105
f 952/952 1105/1105 1103/1103
f 1107/1107 1106/1106 1104/1104
f 1107/1107 1104/1104 1105/1105
f 954/954 956/956 1107/1107
f 954/954 1107/1107 1105/1105
f 1109/1109 1108/1108 1106/1106
f 1109/1109 1106/1106 1107/1107
f 956/956 958/958 1109/1109
f 956/956 1109/1109 1107/1107
f 1111/1111 1110/1110 1108/1108
f 1111/1111 1108/1108 1109/1109
f 958/958 960/960 1111/1111
f 958/958 1111/1111 1109/1109
f 1113/1113 1112/1112 1110/1110
f 1113/1113 1110/1110 1111/1111
f 960/960 962/962 1113/1113
f 960/960 1113/1113 1111/1111
f 1115/1115 1114/1114 1112/1112
f 1115/1115 1112/1112 1113/1113
f 962/962 964/964 1115/1115
f 962/962 1115/1115 1113/1113
f 1117/1117 1116/1116 1114/1114
f 1117/1117 1114/1114 1115/1115
f 964/964 966/966 1117/1117
f 964/964 1117/1117 1115/1115
f 1119/1119 1118/1118 1116/1116
f 1119/1119 1116/1116 1117/1117
f 966/966 968/968 1119/1119
f 966/966 1119/1119 1117/1117
f 1121/1121 1120/1120 1118/1118
f 1121/1121 1118/1118 1119/1119
f 968/968 970/970 1121/1121
f 968/968 1121/1121 1119/1119
f 1123/1123 1122/1122 1120/1120
f 1123/1123 1120/1120 1121/1121
f 970/970 972/972 1123/1123
f 970/970 1123/1123 1121/1121
f 1125/1125 1124/1124 1122/1122
f 1125/1125 1122/1122 1123/1123
f 972/972 974/974 1125/1125
f 972/972 1125/1125 1123/1123
f 1127/1127 1126/1126 1124/1124
f 1127/1127 1124/1124 1125/1125
f 974/974 976/976 1127/1127
f 974/974 1127/1127 1125/1125
f 1129/1129 1128/1128 1126/1126
f 1129/1129 1126/1126 1127/1127
f 976/976 978/978 1129/1129
f 976/976 1129/1129 1127/1127
f 1131/1131 1130/1130 1128/1128
f 1131/1131 1128/1128 1129/1129
f 978/978 980/980 1131/1131
f 978/978 1131/1131 1129/1129
f 1133/1133 1132/1132 1130/1130
f 1133/1133 1130/1130 1131/1131
f 980/980 982/982 1133/1133
f 980/980 1133/1133 1131/1131
f 1135/1135 1134/1134 1132/1132
f 1135/1135 1132/1132 1133/1133
f 982/982 984/984 1135/1135
f 982/982 1135/1135 1133/1133
f 1136/1136 1134/1134 1135/1135
f 984/984 986/986 1136/1136
f 984/984 1136/1136 1135/1135
f 994/994 1139/1139 1138/1138
f 994/994 1138/1138 1137/1137
f 991/991 992/992 994/994
f 991/991 994/994 1137/1137
f 1141/1141 1140/1140 1138/1138
f 1141/1141 1138/1138 1139/1139
f 997/997 1142/1142 1141/1141
f 997/997 1141/1141 1139/1139
f 994/994 995/995 997/997
f 994/994 997/997 1139/1139
f 1144/1144 1143/1143 1141/1141
f 1144/1144 1141/1141 1142/1142
f 1000/1000 1145/1145 1144/1144
f 1000/1000 1144/1144 1142/1142
f 997/997 998/998 1000/1000
f 997/997 1000/1000 1142/1142
f 1147/1147 1146/1146 1144/1144
f 1147/1147 1144/1144 1145/1145
f 1003/1003 1148/1148 1147/1147
f 1003/1003 1147/1147 1145/1145
f 1000/1000 1001/1001 1003/1003
f 1000/1000 1003/1003 1145/1145
f 1150/1150 1149/1149 1147/1147
f 1150/1150 1147/1147 1148/1148
f 1006/1006 1151/1151 1150/1150
f 1006/1006 1150/1150 1148/1148
f 1003/1003 1004/1004 1006/1006
f 1003/1003 1006/1006 1148/1148
f 1153/1153 1152/1152 1150/1150
f 1153/1153 1150/1150 1151/1151
f 1009/1009 1154/1154 1153/1153
f 1009/1009 1153/1153 1151/1151
f 1006/1006 1007/1007 1009/1009
f 1006/1006 1009/1009 1151/1151
f 1156/1156 1155/1155 1153/1153
f 1156/1156 1153/1153 1154/1154
f 1012/1012 1157/1157 1156/1156
f 1012/1012 1156/1156 1154/1154
f 1009/1009 1010/1010 1012/1012
f 1009/1009 1012/1012 1154/1154
f 1159/1159 1158/1158 1156/1156
f 1159/1159 1156/1156 1157/1157
f 1161/1161 1160/1160 1159/1159
f 1161/1161 1159/1159 1157/1157
f 1012/1012 1013/1013 1161/1161
f 1012/1012 1161/1161 1157/1157
f 1163/1163 1162/1162 1160/1160
f 1163/1163 1160/1160 1161/1161
f 1013/1013 1014/1014 1163/1163
f 1013/1013 1163/1163 1161/1161
f 1165/1165 1164/1164 1162/1162
f 1165/1165 1162/1162 1163/1163
f 1014/1014 1016/1016 1165/1165
f 1014/1014 1165/1165 1163/1163
f 1167/1167 1166/1166 1164/1164
f 1167/1167 1164/1164 1165/1165
f 1016/1016 1018/1018 1167/1167
f 1016/1016 1167/1167 1165/1165
f 1169/1169 1168/1168 1166/1166
f 1169/1169 1166/1166 1167/1167
f 1018/1018 1020/1020 1169/1169
f 1018/1018 1169/1169 1167/1167
f 1171/1171 1170/1170 1168/1168
f 1171/1171 1168/1168 1169/1169
f 1020/1020 1022/1022 1171/1171
f 1020/1020 1171/1171 1169/1169
f 1173/1173 1172/1172 1170/1170
f 1173/1173 1170/1170 1171/1171
f 1022/1022 1024/1024 1173/1173
f 1022/1022 1173/1173 1171/1171
f 1175/1175 1174/1174 1172/1172
f 1175/1175 1172/1172 1173/1173
f 1024/1024 1026/1026 1175/1175
f 1024/1024 1175/1175 1173/1173
f 1177/1177 1176/1176 1174/1174
f 1177/1177 1174/1174 1175/1175
f 1026/1026 1028/1028 1177/1177
f 1026/1026 1177/1177 1175/1175
f 1179/1179 1178/1178 1176/1176
f 1179/1179 1176/1176 1177/1177
f 1028/1028 1030/1030 1179/1179
f 1028/1028 1179/1179 1177/1177
f 1181/1181 1180/1180 1178/1178
f 1181/1181 1178/1178 1179/1179
f 1030/1030 1032/1032 1181/1181
f 1030/1030 1181/1181 1179/1179
f 1183/1183 1182/1182 1180/1180
f 1183/1183 1180/1180 1181/1181
f 1032/1032 1034/1034 1183/1183
f 1032/1032 1183/1183 1181/1181
f 1185/1185 1184/1184 1182/1182
f 1185/1185 1182/1182 1183/1183
f 1034/1034 1036/1036 1185/1185
f 1034/1034 1185/1185 1183/1183
f 1187/1187 1186/1186 1184/1184
f 1187/1187 1184/1184 1185/1185
f 1036/1036 1038/1038 1187/1187
f 1036/1036 1187/1187 1185/1185
f 1189/1189 1188/1188 1186/1186
f 1189/1189 1186/1186 1187/1187
f 1038/1038 1040/1040 1189/1189
f 1038/1038 1189/1189 1187/1187
f 1192/1192 1190/1190 1188/1188
f 1192/1192 1188/1188 1189/1189
f 1040/1040 1043/1043 1192/1192
f 1040/1040 1192/1192 1189/1189
f 1195/1195 1194/1194 1191/1191
f 1195/1195 1191/1191 1193/1193
f 1042/1042 1046/1046 1195/1195
f 1042/1042 1195/1195 1193/1193
f 1197/1197 1196/1196 1194/1194
f 1197/1197 1194/1194 1195/1195
f 1046/1046 1048/1048 1197/1197
f 1046/1046 1197/1197 1195/1195
f 1199/1199 1198/1198 1196/1196
f 1199/1199 1196/1196 1197/1197
f 1048/1048 1050/1050 1199/1199
f 1048/1048 1199/1199 1197/1197
f 1201/1201 1200/1200 1198/1198
f 1201/1201 1198/1198 1199/1199
f 1050/1050 1052/1052 1201/1201
f 1050/1050 1201/1201 1199/1199
f 1203/1203 1202/1202 1200/1200
f 1203/1203 1200/1200 1201/1201
f 1052/1052 1054/1054 1203/1203
f 1052/1052 1203/1203 1201/1201
f 1205/1205 1204/1204 1202/1202
f 1205/1205 1202/1202 1203/1203
f 1054/1054 1056/1056 1205/1205
f 1054/1054 1205/1205 1203/1203
f 1207/1207 1206/1206 1204/1204
f 1207/1207 1204/1204 1205/1205
f 1056/1056 1058/1058 1207/1207
f 1056/1056 1207/1207 1205/1205
f 1209/1209 1208/1208 1206/1206
f 1209/1209 1206/1206 1207/1207
f 1058/1058 1060/1060 1209/1209
f 1058/1058 1209/1209 1207/1207
f 1211/1211 1210/1210 1208/1208
f 1211/1211 1208/1208 1209/1209
f 1060/1060 1212/1212 1211/1211
f 1060/1060 1211/1211 1209/1209
f 1214/1214 1213/1213 1211/1211
f 1214/1214 1211/1211 1212/1212
f 1063/1063 1215/1215 1214/1214
f 1063/1063 1214/1214 1212/1212
f 1060/1060 1061/1061 1063/1063
f 1060/1060 1063/1063 1212/1212
f 1217/1217 1216/1216 1214/1214
f 1217/1217 1214/1214 1215/1215
f 1066/1066 1218/1218 1217/1217
f 1066/1066 1217/1217 1215/1215
f 1063/1063 1064/1064 1066/1066
f 1063/1063 1066/1066 1215/1215
f 1220/1220 1219/1219 1217/1217
f 1220/1220 1217/1217 1218/1218
f 1069/1069 1221/1221 1220/1220
f 1069/1069 1220/1220 1218/1218
f 1066/1066 1067/1067 1069/1069
f 1066/1066 1069/1069 1218/1218
f 1223/1223 1222/1222 1220/1220
f 1223/1223 1220/1220 1221/1221
f 1072/1072 1224/1224 1223/1223
f 1072/1072 1223/1223 1221/1221
f 1069/1069 1070/1070 1072/1072
f 1069/1069 1072/1072 1221/1221
f 1226/1226 1225/1225 1223/1223
f 1226/1226 1223/1223 1224/1224
f 1075/1075 1227/1227 1226/1226
f 1075/1075 1226/1226 1224/1224
f 1072/1072 1073/1073 1075/1075
f 1072/1072 1075/1075 1224/1224
f 1229/1229 1228/1228 1226/1226
f 1229/1229 1226/1226 1227/1227
f 1078/1078 1230/1230 1229/1229
f 1078/1078 1229/1229 1227/1227
f 1075/1075 1076/1076 1078/1078
f 1075/1075 1078/1078 1227/1227
f 1232/1232 1231/1231 1229/1229
f 1232/1232 1229/1229 1230/1230
f 1081/1081 1233/1233 1232/1232
f 1081/1081 1232/1232 1230/1230
f 1078/1078 1079/1079 1081/1081
f 1078/1078 1081/1081 1230/1230
f 1235/1235 1234/1234 1232/1232
f 1235/1235 1232/1232 1233/1233
f 1084/1084 1236/1236 1235/1235
f 1084/1084 1235/1235 1233/1233
f 1081/1081 1082/1082 1084/1084
f 1081/1081 1084/1084 1233/1233
f 1238/1238 1237/1237 1235/1235
f 1238/1238 1235/1235 1236/1236
f 1087/1087 1239/1239 1238/1238
f 1087/1087 1238/1238 1236/1236
f 1084/1084 1085/1085 1087/1087
f 1084/1084 1087/1087 1236/1236
f 1241/1241 1240/1240 1238/1238
f 1241/1241 1238/1238 1239/1239
f 1090/1090 1242/1242 1241/1241
f 1090/1090 1241/1241 1239/1239
f 1087/1087 1088/1088 1090/1090
f 1087/1087 1090/1090 1239/1239
f 1244/1244 1243/1243 1241/1241
f 1244/1244 1241/1241 1242/1242
f 1093/1093 1245/1245 1244/1244
f 1093/1093 1244/1244 1242/1242
f 1090/1090 1091/1091 1093/1093
f 1090/1090 1093/1093 1242/1242
f 1247/1247 1246/1246 1244/1244
f 1247/1247 1244/1244 1245/1245
f 1096/1096 1248/1248 1247/1247
f 1096/1096 1247/1247 1245/1245
f 1093/1093 1094/1094 1096/1096
f 1093/1093 1096/1096 1245/1245
f 1250/1250 1249/1249 1247/1247
f 1250/1250 1247/1247 1248/1248
f 1252/1252 1251/1251 1250/1250
f 1252/1252 1250/1250 1248/1248
f 1096/1096 1097/1097 1252/1252
f 1096/1096 1252/1252 1248/1248
f 1254/1254 1253/1253 1251/1251
f 1254/1254 1251/1251 1252/1252
f 1097/1097 1098/1098 1254/1254
f 1097/1097 1254/1254 1252/1252
f 1256/1256 1255/1255 1253/1253
f 1256/1256 1253/1253 1254/1254
f 1098/1098 1100/1100 1256/1256
f 1098/1098 1256/1256 1254/1254
f 1258/1258 1257/1257 1255/1255
f 1258/1258 1255/1255 1256/1256
f 1100/1100 1102/1102 1258/1258
f 1100/1100 1258/1258 1256/1256
f 1260/1260 1259/1259 1257/1257
f 1260/1260 1257/1257 1258/1258
f 1102/1102 1104/1104 1260/1260
f 1102/1102 1260/1260 1258/1258
f 1262/1262 1261/1261 1259/1259
f 1262/1262 1259/1259 1260/1260
f 1104/1104 1106/1106 1262/1262
f 1104/1104 1262/1262 1260/1260
f 1264/1264 1263/1263 1261/1261
f 1264/1264 1261/1261 1262/1262
f 1106/1106 1108/1108 1264/1264
f 1106/1106 1264/1264 1262/1262
f 1266/1266 1265/1265 1263/1263
f 1266/1266 1263/1263 1264/1264
f 1108/1108 1110/1110 1266/1266
f 1108/1108 1266/1266 1264/1264
f 1268/1268 1267/1267 1265/1265
f 1268/1268 1265/1265 1266/1266
f 1110/1110 1112/1112 1268/1268
f 1110/1110 1268/1268 1266/1266
f 1270/1270 1269/1269 1267/1267
f 1270/1270 1267/1267 1268/1268
f 1112/1112 1114/1114 1270/1270
f 1112/1112 1270/1270 1268/1268
f 1272/1272 1271/1271 1269/1269
f 1272/1272 1269/1269 1270/1270
f 1114/1114 1116/1116 1272/1272
f 1114/1114 1272/1272 1270/1270
f 1274/1274 1273/1273 1271/1271
f 1274/1274 1271/1271 1272/1272
f 1116/1116 1118/1118 1274/1274
f 1116/1116 1274/1274 1272/1272
f 1276/1276 1275/1275 1273/1273
f 1276/1276 1273/1273 1274/1274
f 1118/1118 1120/1120 1276/1276
f 1118/1118 1276/1276 1274/1274
f 1278/1278 1277/1277 1275/1275
f 1278/1278 1275/1275 1276/1276
f 1120/1120 1122/1122 1278/1278
f 1120/1120 1278/1278 1276/1276
f 1280/1280 1279/1279 1277/1277
f 1280/1280 1277/1277 1278/1278
f 1122/1122 1124/1124 1280/1280
f 1122/1122 1280/1280 1278/1278
f 1282/1282 1281/1281 1279/1279
f 1282/1282 1279/1279 1280/1280
f 1124/1124 1126/1126 1282/1282
f 1124/1124 1282/1282 1280/1280
f 1284/1284 1283/1283 1281/1281
f 1284/1284 1281/1281 1282/1282
f 1126/1126 1128/1128 1284/1284
f 1126/1126 1284/1284 1282/1282
f 1286/1286 1285/1285 1283/1283
f 1286/1286 1283/1283 1284/1284
f 1128/1128 1130/1130 1286/1286
f 1128/1128 1286/1286 1284/1284
f 1288/1288 1287/1287 1285/1285
f 1288/1288 1285/1285 1286/1286
f 1130/1130 1132/1132 1288/1288
f 1130/1130 1288/1288 1286/1286
f 1290/1290 1289/1289 1287/1287
f 1290/1290 1287/1287 1288/1288
f 1132/1132 1134/1134 1290/1290
f 1132/1132 1290/1290 1288/1288
f 1143/1143 1294/1294 1293/1293
f 1143/1143 1293/1293 1291/1291
f 1140/1140 1141/1141 1143/1143
f 1140/1140 1143/1143 1291/1291
f 1296/1296 1295/1295 1293/1293
f 1296/1296 1293/1293 1294/1294
f 1146/1146 1297/1297 1296/1296
f 1146/1146 1296/1296 1294/1294
f 1143/1143 1144/1144 1146/1146
f 1143/1143 1146/1146 1294/1294
f 1299/1299 1298/1298 1296/1296
f 1299/1299 1296/1296 1297/1297
f 1149/1149 1300/1300 1299/1299
f 1149/1149 1299/1299 1297/1297
f 1146/1146 1147/1147 1149/1149
f 1146/1146 1149/1149 1297/1297
f 1302/1302 1301/1301 1299/1299
f 1302/1302 1299/1299 1300/1300
f 1152/1152 1303/1303 1302/1302
f 1152/1152 1302/1302 1300/1300
f 1149/1149 1150/1150 1152/1152
f 1149/1149 1152/1152 1300/1300
f 1305/1305 1304/1304 1302/1302
f 1305/1305 1302/1302 1303/1303
f 1155/1155 1306/1306 1305/1305
f 1155/1155 1305/1305 1303/1303
f 1152/1152 1153/1153 1155/1155
f 1152/1152 1155/1155 1303/1303
f 1308/1308 1307/1307 1305/1305
f 1308/1308 1305/1305 1306/1306
f 1158/1158 1309/1309 1308/1308
f 1158/1158 1308/1308 1306/1306
f 1155/1155 1156/1156 1158/1158
f 1155/1155 1158/1158 1306/1306
f 1311/1311 1310/1310 1308/1308
f 1311/1311 1308/1308 1309/1309
f 1313/1313 1312/1312 1311/1311
f 1313/1313 1311/1311 1309/1309
f 1158/1158 1159/1159 1313/1313
f 1158/1158 1313/1313 1309/1309
f 1315/1315 1314/1314 1312/1312
f 1315/1315 1312/1312 1313/1313
f 1159/1159 1160/1160 1315/1315
f 1159/1159 1315/1315 1313/1313
f 1317/1317 1316/1316 1314/1314
f 1317/1317 1314/1314 1315/1315
f 1160/1160 1162/1162 1317/1317
f 1160/1160 1317/1317 1315/1315
f 1319/1319 1318/1318 1316/1316
f 1319/1319 1316/1316 1317/1317
f 1162/1162 1164/1164 1319/1319
f 1162/1162 1319/1319 1317/1317
f 1321/1321 1320/1320 1318/1318
f 1321/1321 1318/1318 1319/1319
f 1164/1164 1166/1166 1321/1321
f 1164/1164 1321/1321 1319/1319
f 1323/1323 1322/1322 1320/1320
f 1323/1323 1320/1320 1321/1321
f 1166/1166 1168/1168 1323/1323
f 1166/1166 1323/1323 1321/1321
f 1325/1325 1324/1324 1322/1322
f 1325/1325 1322/1322 1323/1323
f 1168/1168 1170/1170 1325/1325
f 1168/1168 1325/1325 1323/1323
f 1327/1327 1326/1326 1324/1324
f 1327/1327 1324/1324 1325/1325
f 1170/1170 1172/1172 1327/1327
f 1170/1170 1327/1327 1325/1325
f 1329/1329 1328/1328 1326/1326
f 1329/1329 1326/1326 1327/1327
f 1172/1172 1174/1174 1329/1329
f 1172/1172 1329/1329 1327/1327
f 1331/1331 1330/1330 1328/1328
f 1331/1331 1328/1328 1329/1329
f 1174/1174 1176/1176 1331/1331
f 1174/1174 1331/1331 1329/1329
f 1333/1333 1332/1332 1330/1330
f 1333/1333 1330/1330 1331/1331
f 1176/1176 1178/1178 1333/1333
f 1176/1176 1333/1333 1331/1331
f 1335/1335 1334/1334 1332/1332
f 1335/1335 1332/1332 1333/1333
f 1178/1178 1180/1180 1335/1335
f 1178/1178 1335/1335 1333/1333
f 1337/1337 1336/1336 1334/1334
f 1337/1337 1334/1334 1335/1335
f 1180/1180 1182/1182 1337/1337
f 1180/1180 1337/1337 1335/1335
f 1339/1339 1338/1338 1336/1336
f 1339/1339 1336/1336 1337/1337
f 1182/1182 1184/1184 1339/1339
f 1182/1182 1339/1339 1337/1337
f 1341/1341 1340/1340 1338/1338
f 1341/1341 1338/1338 1339/1339
f 1184/1184 1186/1186 1341/1341
f 1184/1184 1341/1341 1339/1339
f 1343/1343 1342/1342 1340/1340
f 1343/1343 1340/1340 1341/1341
f 1186/1186 1188/1188 1343/1343
f 1186/1186 1343/1343 1341/1341
f 1347/1347 1344/1344 1342/1342
f 1347/1347 1342/1342 1343/1343
f 1188/1188 1190/1190 1347/1347
f 1188/1188 1347/1347 1343/1343
f 1349/1349 1348/1348 1345/1345
f 1349/1349 1345/1345 1346/1346
f 1191/1191 1194/1194 1349/1349
f 1191/1191 1349/1349 1346/1346
f 1351/1351 1350/1350 1348/1348
f 1351/1351 1348/1348 1349/1349
f 1194/1194 1196/1196 1351/1351
f 1194/1194 1351/1351 1349/1349
f 1353/1353 1352/1352 1350/1350
f 1353/1353 1350/1350 1351/1351
f 1196/1196 1198/1198 1353/1353
f 1196/1196 1353/1353 1351/1351
f 1355/1355 1354/1354 1352/1352
f 1355/1355 1352/1352 1353/1353
f 1198/1198 1200/1200 1355/1355
f 1198/1198 1355/1355 1353/1353
f 1357/1357 1356/1356 1354/1354
f 1357/1357 1354/1354 1355/1355
f 1200/1200 1202/1202 1357/1357
f 1200/1200 1357/1357 1355/1355
f 1359/1359 1358/1358 1356/1356
f 1359/1359 1356/1356 1357/1357
f 1202/1202 1204/1204 1359/1359
f 1202/1202 1359/1359 1357/1357
f 1361/1361 1360/1360 1358/1358
f 1361/1361 1358/1358 1359/1359
f 1204/1204 1206/1206 1361/1361
f 1204/1204 1361/1361 1359/1359
f 1363/1363 1362/1362 1360/1360
f 1363/1363 1360/1360 1361/1361
f 1206/1206 1208/1208 1363/1363
f 1206/1206 1363/1363 1361/1361
f 1365/1365 1364/1364 1362/1362
f 1365/1365 1362/1362 1363/1363
f 1208/1208 1210/1210 1365/1365
f 1208/1208 1365/1365 1363/1363
f 1367/1367 1366/1366 1364/1364
f 1367/1367 1364/1364 1365/1365
f 1210/1210 1368/1368 1367/1367
f 1210/1210 1367/1367 1365/1365
f 1370/1370 1369/1369 1367/1367
f 1370/1370 1367/1367 1368/1368
f 1213/1213 1371/1371 1370/1370
f 1213/1213 1370/1370 1368/1368
f 1210/1210 1211/1211 1213/1213
f 1210/1210 1213/1213 1368/1368
f 1373/1373 1372/1372 1370/1370
f 1373/1373 1370/1370 1371/1371
f 1216/1216 1374/1374 1373/1373
f 1216/1216 1373/1373 1371/1371
f 1213/1213 1214/1214 1216/1216
f 1213/1213 1216/1216 1371/1371
f 1376/1376 1375/1375 1373/1373
f 1376/1376 1373/1373 1374/1374
f 1219/1219 1377/1377 1376/1376
f 1219/1219 1376/1376 1374/1374
f 1216/1216 1217/1217 1219/1219
f 1216/1216 1219/1219 1374/1374
f 1379/1379 1378/1378 1376/1376
f 1379/1379 1376/1376 1377/1377
f 1222/1222 1380/1380 1379/1379
f 1222/1222 1379/1379 1377/1377
f 1219/1219 1220/1220 1222/1222
f 1219/1219 1222/1222 1377/1377
f 1382/1382 1381/1381 1379/1379
f 1382/1382 1379/1379 1380/1380
f 1225/1225 1383/1383 1382/1382
f 1225/1225 1382/1382 1380/1380
f 1222/1222 1223/1223 1225/1225
f 1222/1222 1225/1225 1380/1380
f 1385/1385 1384/1384 1382/1382
f 1385/1385 1382/1382 1383/1383
f 1228/1228 1386/1386 1385/1385
f 1228/1228 1385/1385 1383/1383
f 1225/1225 1226/1226 1228/1228
f 1225/1225 1228/1228 1383/1383
f 1388/1388 1387/1387 1385/1385
f 1388/1388 1385/1385 1386/1386
f 1231/1231 1389/1389 1388/1388
f 1231/1231 1388/1388 1386/1386
f 1228/1228 1229/1229 1231/1231
f 1228/1228 1231/1231 1386/1386
f 1391/1391 1390/1390 1388/1388
f 1391/1391 1388/1388 1389/1389
f 1234/1234 1392/1392 1391/1391
f 1234/1234 1391/1391 1389/1389
f 1231/1231 1232/1232 1234/1234
f 1231/1231 1234/1234 1389/1389
f 1394/1394 1393/1393 1391/1391
f 1394/1394 1391/1391 1392/1392
f 1237/1237 1395/1395 1394/1394
f 1237/1237 1394/1394 1392/1392
f 1234/1234 1235/1235 1237/1237
f 1234/1234 1237/1237 1392/1392
f 1397/1397 1396/1396 1394/1394
f 1397/1397 1394/1394 1395/1395
f 1240/1240 1398/1398 1397/1397
f 1240/1240 1397/1397 1395/1395
f 1237/1237 1238/1238 1240/1240
f 1237/1237 1240/1240 1395/1395
f 1400/1400 1399/1399 1397/1397
f 1400/1400 1397/1397 1398/1398
f 1243/1243 1401/1401 1400/1400
f 1243/1243 1400/1400 1398/1398
f 1240/1240 1241/1241 1243/1243
f 1240/1240 1243/1243 1398/1398
f 1403/1403 1402/1402 1400/1400
f 1403/1403 1400/1400 1401/1401
f 1246/1246 1404/1404 1403/1403
f 1246/1246 1403/1403 1401/1401
f 1243/1243 1244/1244 1246/1246
f 1243/1243 1246/1246 1401/1401
f 1406/1406 1405/1405 1403/1403
f 1406/1406 1403/1403 1404/1404
f 1249/1249 1407/1407 1406/1406
f 1249/1249 1406/1406 1404/1404
f 1246/1246 1247/1247 1249/1249
f 1246/1246 1249/1249 1404/1404
f 1409/1409 1408/1408 1406/1406
f 1409/1409 1406/1406 1407/1407
f 1411/1411 1410/1410 1409/1409
f 1411/1411 1409/1409 1407/1407
f 1249/1249 1250/1250 1411/1411
f 1249/1249 1411/1411 1407/1407
f 1413/1413 1412/1412 1410/1410
f 1413/1413 1410/1410 1411/1411
f 1250/1250 1251/1251 1413/1413
f 1250/1250 1413/1413 1411/1411
f 1415/1415 1414/1414 1412/1412
f 1415/1415 1412/1412 1413/1413
f 1251/1251 1253/1253 1415/1415
f 1251/1251 1415/1415 1413/1413
f 1417/1417 1416/1416 1414/1414
f 1417/1417 1414/1414 1415/1415
f 1253/1253 1255/1255 1417/1417
f 1253/1253 1417/1417 1415/1415
f 1419/1419 1418/1418 1416/1416
f 1419/1419 1416/1416 1417/1417
f 1255/1255 1257/1257 1419/1419
f 1255/1255 1419/1419 1417/1417
f 1421/1421 1420/1420 1418/1418
f 1421/1421 1418/1418 1419/1419
f 1257/1257 1259/1259 1421/1421
f 1257/1257 1421/1421 1419/1419
f 1423/1423 1422/1422 1420/1420
f 1423/1423 1420/1420 1421/1421
f 1259/1259 1261/1261 1423/1423
f 1259/1259 1423/1423 1421/1421
f 1425/1425 1424/1424 1422/1422
f 1425/1425 1422/1422 1423/1423
f 1261/1261 1263/1263 1425/1425
f 1261/1261 1425/1425 1423/1423
f 1427/1427 1426/1426 1424/1424
f 1427/1427 1424/1424 1425/1425
f 1263/1263 1265/1265 1427/1427
f 1263/1263 1427/1427 1425/1425
f 1429/1429 1428/1428 1426/1426
f 1429/1429 1426/1426 1427/1427
f 1265/1265 1267/1267 1429/1429
f 1265/1265 1429/1429 1427/1427
f 1431/1431 1430/1430 1428/1428
f 1431/1431 1428/1428 1429/1429
f 1267/1267 1269/1269 1431/1431
f 1267/1267 1431/1431 1429/1429
f 1433/1433 1432/1432 1430/1430
f 1433/1433 1430/1430 1431/1431
f 1269/1269 1271/1271 1433/1433
f 1269/1269 1433/1433 1431/1431
f 1435/1435 1434/1434 1432/1432
f 1435/1435 1432/1432 1433/1433
f 1271/1271 1273/1273 1435/1435
f 1271/1271 1435/1435 1433/1433
f 1437/1437 1436/1436 1434/1434
f 1437/1437 1434/1434 1435/1435
f 1273/1273 1275/1275 1437/1437
f 1273/1273 1437/1437 1435/1435
f 1439/1439 1438/1438 1436/1436
f 1439/1439 1436/1436 1437/1437
f 1275/1275 1277/1277 1439/1439
f 1275/1275 1439/1439 1437/1437
f 1441/1441 1440/1440 1438/1438
f 1441/1441 1438/1438 1439/1439
f 1277/1277 1279/1279 1441/1441
f 1277/1277 1441/1441 1439/1439
f 1443/1443 1442/1442 1440/1440
f 1443/1443 1440/1440 1441/1441
f 1279/1279 1281/1281 1443/1443
f 1279/1279 1443/1443 1441/1441
f 1445/1445 1444/1444 1442/1442
f 1445/1445 1442/1442 1443/1443
f 1281/1281 1283/1283 1445/1445
f 1281/1281 1445/1445 1443/1443
f 1447/1447 1446/1446 1444/1444
f 1447/1447 1444/1444 1445/1445
f 1283/1283 1285/1285 1447/1447
f 1283/1283 1447/1447 1445/1445
f 1449/1449 1448/1448 1446/1446
f 1449/1449 1446/1446 1447/1447
f 1285/1285 1287/1287 1449/1449
f 1285/1285 1449/1449 1447/1447
f 1451/1451 1450/1450 1448/1448
f 1451/1451 1448/1448 1449/1449
f 1287/1287 1289/1289 1451/1451
f 1287/1287 1451/1451 1449/1449
f 1295/1295 1454/1454 1453/1453
f 1295/1295 1453/1453 1452/1452
f 1292/1292 1293/1293 1295/1295
f 1292/1292 1295/1295 1452/1452
f 1455/1455 1453/1453 1454/1454
f 1298/1298 1456/1456 1455/1455
f 1298/1298 1455/1455 1454/1454
f 1295/1295 1296/1296 1298/1298
f 1295/1295 1298/1298 1454/1454
f 1458/1458 1457/1457 1455/1455
f 1458/1458 1455/1455 1456/1456
f 1301/1301 1459/1459 1458/1458
f 1301/1301 1458/1458 1456/1456
f 1298/1298 1299/1299 1301/1301
f 1298/1298 1301/1301 1456/1456
f 1461/1461 1460/1460 1458/1458
f 1461/1461 1458/1458 1459/1459
f 1304/1304 1462/1462 1461/1461
f 1304/1304 1461/1461 1459/1459
f 1301/1301 1302/1302 1304/1304
f 1301/1301 1304/1304 1459/1459
f 1464/1464 1463/1463 1461/1461
f 1464/1464 1461/1461 1462/1462
f 1307/1307 1465/1465 1464/1464
f 1307/1307 1464/1464 1462/1462
f 1304/1304 1305/1305 1307/1307
f 1304/1304 1307/1307 1462/1462
f 1467/1467 1466/1466 1464/1464
f 1467/1467 1464/1464 1465/1465
f 1310/1310 1468/1468 1467/1467
f 1310/1310 1467/1467 1465/1465
f 1307/1307 1308/1308 1310/1310
f 1307/1307 1310/1310 1465/1465
f 1470/1470 1469/1469 1467/1467
f 1470/1470 1467/1467 1468/1468
f 1472/1472 1471/1471 1470/1470
f 1472/1472 1470/1470 1468/1468
f 1310/1310 1311/1311 1472/1472
f 1310/1310 1472/1472 1468/1468
f 1474/1474 1473/1473 1471/1471
f 1474/1474 1471/1471 1472/1472
f 1311/1311 1312/1312 1474/1474
f 1311/1311 1474/1474 1472/1472
f 1476/1476 1475/1475 1473/1473
f 1476/1476 1473/1473 1474/1474
f 1312/1312 1314/1314 1476/1476
f 1312/1312 1476/1476 1474/1474
f 1478/1478 1477/1477 1475/1475
f 1478/1478 1475/1475 1476/1476
f 1314/1314 1316/1316 1478/1478
f 1314/1314 1478/1478 1476/1476
f 1480/1480 1479/1479 1477/1477
f 1480/1480 1477/1477 1478/1478
f 1316/1316 1318/1318 1480/1480
f 1316/1316 1480/1480 1478/1478
f 1482/1482 1481/1481 1479/1479
f 1482/1482 1479/1479 1480/1480
f 1318/1318 1320/1320 1482/1482
f 1318/1318 1482/1482 1480/1480
f 1484/1484 1483/1483 1481/1481
f 1484/1484 1481/1481 1482/1482
f 1320/1320 1322/1322 1484/1484
f 1320/1320 1484/1484 1482/1482
f 1486/1486 1485/1485 1483/1483
f 1486/1486 1483/1483 1484/1484
f 1322/1322 1324/1324 1486/1486
f 1322/1322 1486/1486 1484/1484
f 1488/1488 1487/1487 1485/1485
f 1488/1488 1485/1485 1486/1486
f 1324/1324 1326/1326 1488/1488
f 1324/1324 1488/1488 1486/1486
f 1490/1490 1489/1489 1487/1487
f 1490/1490 1487/1487 1488/1488
f 1326/1326 1328/1328 1490/1490
f 1326/1326 1490/1490 1488/1488
f 1492/1492 1491/1491 1489/1489
f 1492/1492 1489/1489 1490/1490
f 1328/1328 1330/1330 1492/1492
f 1328/1328 1492/1492 1490/1490
f 1494/1494 1493/1493 1491/1491
f 1494/1494 1491/1491 1492/1492
f 1330/1330 1332/1332 1494/1494
f 1330/1330 1494/1494 1492/1492
f 1496/1496 1495/1495 1493/1493
f 1496/1496 1493/1493 1494/1494
f 1332/1332 1334/1334 1496/1496
f 1332/1332 1496/1496 1494/1494
f 1498/1498 1497/1497 1495/1495
f 1498/1498 1495/1495 1496/1496
f 1334/1334 1336/1336 1498/1498
f 1334/1334 1498/1498 1496/1496
f 1500/1500 1499/1499 1497/1497
f 1500/1500 1497/1497 1498/1498
f 1336/1336 1338/1338 1500/1500
f 1336/1336 1500/1500 1498/1498
f 1502/1502 1501/1501 1499/1499
f 1502/1502 1499/1499 1500/1500
f 1338/1338 1340/1340 1502/1502
f 1338/1338 1502/1502 1500/1500
f 1504/1504 1503/1503 1501/1501
f 1504/1504 1501/1501 1502/1502
f 1340/1340 1342/1342 1504/1504
f 1340/1340 1504/1504 1502/1502
f 1507/1507 1506/1506 1503/1503
f 1507/1507 1503/1503 1504/1504
f 1342/1342 1344/1344 1507/1507
f 1342/1342 1507/1507 1504/1504
f 1510/1510 1509/1509 1505/1505
f 1510/1510 1505/1505 1508/1508
f 1345/1345 1348/1348 1510/1510
f 1345/1345 1510/1510 1508/1508
f 1512/1512 1511/1511 1509/1509
f 1512/1512 1509/1509 1510/1510
f 1348/1348 1350/1350 1512/1512
f 1348/1348 1512/1512 1510/1510
f 1514/1514 1513/1513 1511/1511
f 1514/1514 1511/1511 1512/1512
f 1350/1350 1352/1352 1514/1514
f 1350/1350 1514/1514 1512/1512
f 1516/1516 1515/1515 1513/1513
f 1516/1516 1513/1513 1514/1514
f 1352/1352 1354/1354 1516/1516
f 1352/1352 1516/1516 1514/1514
f 1518/1518 1517/1517 1515/1515
f 1518/1518 1515/1515 1516/1516
f 1354/1354 1356/1356 1518/1518
f 1354/1354 1518/1518 1516/1516
f 1520/1520 1519/1519 1517/1517
f 1520/1520 1517/1517 1518/1518
f 1356/1356 1358/1358 1520/1520
f 1356/1356 1520/1520 1518/1518
f 1522/1522 1521/1521 1519/1519
f 1522/1522 1519/1519 1520/1520
f 1358/1358 1360/1360 1522/1522
f 1358/1358 1522/1522 1520/1520
f 1524/1524 1523/1523 1521/1521
f 1524/1524 1521/1521 1522/1522
f 1360/1360 1362/1362 1524/1524
f 1360/1360 1524/1524 1522/1522
f 1526/1526 1525/1525 1523/1523
f 1526/1526 1523/1523 1524/1524
f 1362/1362 1364/1364 1526/1526
f 1362/1362 1526/1526 1524/1524
f 1528/1528 1527/1527 1525/1525
f 1528/1528 1525/1525 1526/1526
f 1364/1364 1366/1366 1528/1528
f 1364/1364 1528/1528 1526/1526
f 1530/1530 1529/1529 1527/1527
f 1530/1530 1527/1527 1528/1528
f 1366/1366 1531/1531 1530/1530
f 1366/1366 1530/1530 1528/1528
f 1533/1533 1532/1532 1530/1530
f 1533/1533 1530/1530 1531/1531
f 1369/1369 1534/1534 1533/1533
f 1369/1369 1533/1533 1531/1531
f 1366/1366 1367/1367 1369/1369
f 1366/1366 1369/1369 1531/1531
f 1536/1536 1535/1535 1533/1533
f 1536/1536 1533/1533 1534/1534
f 1372/1372 1537/1537 1536/1536
f 1372/1372 1536/1536 1534/1534
f 1369/1369 1370/1370 1372/1372
f 1369/1369 1372/1372 1534/1534
f 1539/1539 1538/1538 1536/1536
f 1539/1539 1536/1536 1537/1537
f 1375/1375 1540/1540 1539/1539
f 1375/1375 1539/1539 1537/1537
f 1372/1372 1373/1373 1375/1375
f 1372/1372 1375/1375 1537/1537
f 19/19 20/20 1539/1539
f 19/19 1539/1539 1540/1540
f 1378/1378 21/21 19/19
f 1378/1378 19/19 1540/1540
f 1375/1375 1376/1376 1378/1378
f 1375/1375 1378/1378 1540/1540
f 20/20 1541/1541 1538/1538
f 20/20 1538/1538 1539/1539
f 1543/1543 1542/1542 1538/1538
f 1543/1543 1538/1538 1541/1541
f 1545/1545 1544/1544 1543/1543
f 1545/1545 1543/1543 1541/1541
f 20/20 16/16 1545/1545
f 20/20 1545/1545 1541/1541
f 1547/1547 1546/1546 1544/1544
f 1547/1547 1544/1544 1545/1545
f 16/16 17/17 1547/1547
f 16/16 1547/1547 1545/1545
f 1549/1549 1548/1548 1546/1546
f 1549/1549 1546/1546 1547/1547
f 17/17 1550/1550 1549/1549
f 17/17 1549/1549 1547/1547
f 1552/1552 1551/1551 1549/1549
f 1552/1552 1549/1549 1550/1550
f 1553/1553 1384/1384 1552/1552
f 1553/1553 1552/1552 1550/1550
f 17/17 18/18 1553/1553
f 17/17 1553/1553 1550/1550
f 1381/1381 1382/1382 1384/1384
f 1381/1381 1384/1384 1553/1553
f 18/18 21/21 1381/1381
f 18/18 1381/1381 1553/1553
f 1387/1387 1554/1554 1551/1551
f 1387/1387 1551/1551 1552/1552
f 1384/1384 1385/1385 1387/1387
f 1384/1384 1387/1387 1552/1552
f 1556/1556 1555/1555 1551/1551
f 1556/1556 1551/1551 1554/1554
f 1390/1390 1557/1557 1556/1556
f 1390/1390 1556/1556 1554/1554
f 1387/1387 1388/1388 1390/1390
f 1387/1387 1390/1390 1554/1554
f 1559/1559 1558/1558 1556/1556
f 1559/1559 1556/1556 1557/1557
f 1393/1393 1560/1560 1559/1559
f 1393/1393 1559/1559 1557/1557
f 1390/1390 1391/1391 1393/1393
f 1390/1390 1393/1393 1557/1557
f 1562/1562 1561/1561 1559/1559
f 1562/1562 1559/1559 1560/1560
f 1396/1396 1563/1563 1562/1562
f 1396/1396 1562/1562 1560/1560
f 1393/1393 1394/1394 1396/1396
f 1393/1393 1396/1396 1560/1560
f 1565/1565 1564/1564 1562/1562
f 1565/1565 1562/1562 1563/1563
f 1399/1399 1566/1566 1565/1565
f 1399/1399 1565/1565 1563/1563
f 1396/1396 1397/1397 1399/1399
f 1396/1396 1399/1399 1563/1563
f 1568/1568 1567/1567 1565/1565
f 1568/1568 1565/1565 1566/1566
f 1402/1402 1569/1569 1568/1568
f 1402/1402 1568/1568 1566/1566
f 1399/1399 1400/1400 1402/1402
f 1399/1399 1402/1402 1566/1566
f 1571/1571 1570/1570 1568/1568
f 1571/1571 1568/1568 1569/1569
f 1405/1405 1572/1572 1571/1571
f 1405/1405 1571/1571 1569/1569
f 1402/1402 1403/1403 1405/1405
f 1402/1402 1405/1405 1569/1569
f 1574/1574 1573/1573 1571/1571
f 1574/1574 1571/1571 1572/1572
f 1408/1408 1575/1575 1574/1574
f 1408/1408 1574/1574 1572/1572
f 1405/1405 1406/1406 1408/1408
f 1405/1405 1408/1408 1572/1572
f 1577/1577 1576/1576 1574/1574
f 1577/1577 1574/1574 1575/1575
f 1579/1579 1578/1578 1577/1577
f 1579/1579 1577/1577 1575/1575
f 1408/1408 1409/1409 1579/1579
f 1408/1408 1579/1579 1575/1575
f 1581/1581 1580/1580 1578/1578
f 1581/1581 1578/1578 1579/1579
f 1409/1409 1410/1410 1581/1581
f 1409/1409 1581/1581 1579/1579
f 1583/1583 1582/1582 1580/1580
f 1583/1583 1580/1580 1581/1581
f 1410/1410 1412/1412 1583/1583
f 1410/1410 1583/1583 1581/1581
f 1585/1585 1584/1584 1582/1582
f 1585/1585 1582/1582 1583/1583
f 1412/1412 1414/1414 1585/1585
f 1412/1412 1585/1585 1583/1583
f 1587/1587 1586/1586 1584/1584
f 1587/1587 1584/1584 1585/1585
f 1414/1414 1416/1416 1587/1587
f 1414/1414 1587/1587 1585/1585
f 1589/1589 1588/1588 1586/1586
f 1589/1589 1586/1586 1587/1587
f 1416/1416 1418/1418 1589/1589
f 1416/1416 1589/1589 1587/1587
f 1591/1591 1590/1590 1588/1588
f 1591/1591 1588/1588 1589/1589
f 1418/1418 1420/1420 1591/1591
f 1418/1418 1591/1591 1589/1589
f 1593/1593 1592/1592 1590/1590
f 1593/1593 1590/1590 1591/1591
f 1420/1420 1422/1422 1593/1593
f 1420/1420 1593/1593 1591/1591
f 1595/1595 1594/1594 1592/1592
f 1595/1595 1592/1592 1593/1593
f 1422/1422 1424/1424 1595/1595
f 1422/1422 1595/1595 1593/1593
f 1597/1597 1596/1596 1594/1594
f 1597/1597 1594/1594 1595/1595
f 1424/1424 1426/1426 1597/1597
f 1424/1424 1597/1597 1595/1595
f 1599/1599 1598/1598 1596/1596
f 1599/1599 1596/1596 1597/1597
f 1426/1426 1428/1428 1599/1599
f 1426/1426 1599/1599 1597/1597
f 1601/1601 1600/1600 1598/1598
f 1601/1601 1598/1598 1599/1599
f 1428/1428 1430/1430 1601/1601
f 1428/1428 1601/1601 1599/1599
f 1603/1603 1602/1602 1600/1600
f 1603/1603 1600/1600 1601/1601
f 1430/1430 1432/1432 1603/1603
f 1430/1430 1603/1603 1601/1601
f 1605/1605 1604/1604 1602/1602
f 1605/1605 1602/1602 1603/1603
f 1432/1432 1434/1434 1605/1605
f 1432/1432 1605/1605 1603/1603
f 1607/1607 1606/1606 1604/1604
f 1607/1607 1604/1604 1605/1605
f 1434/1434 1436/1436 1607/1607
f 1434/1434 1607/1607 1605/1605
f 1609/1609 1608/1608 1606/1606
f 1609/1609 1606/1606 1607/1607
f 1436/1436 1438/1438 1609/1609
f 1436/1436 1609/1609 1607/1607
f 1611/1611 1610/1610 1608/1608
f 1611/1611 1608/1608 1609/1609
f 1438/1438 1440/1440 1611/1611
f 1438/1438 1611/1611 1609/1609
f 1613/1613 1612/1612 1610/1610
f 1613/1613 1610/1610 1611/1611
f 1440/1440 1442/1442 1613/1613
f 1440/1440 1613/1613 1611/1611
f 1615/1615 1614/1614 1612/1612
f 1615/1615 1612/1612 1613/1613
f 1442/1442 1444/1444 1615/1615
f 1442/1442 1615/1615 1613/1613
f 1617/1617 1616/1616 1614/1614
f 1617/1617 1614/1614 1615/1615
f 1444/1444 1446/1446 1617/1617
f 1444/1444 1617/1617 1615/1615
f 1619/1619 1618/1618 1616/1616
f 1619/1619 1616/1616 1617/1617
f 1446/1446 1448/1448 1619/1619
f 1446/1446 1619/1619 1617/1617
f 1621/1621 1620/1620 1618/1618
f 1621/1621 1618/1618 1619/1619
f 1448/1448 1450/1450 1621/1621
f 1448/1448 1621/1621 1619/1619
f 1460/1460 1624/1624 1623/1623
f 1460/1460 1623/1623 1622/1622
f 1457/1457 1458/1458 1460/1460
f 1457/1457 1460/1460 1622/1622
f 1626/1626 1625/1625 1623/1623
f 1626/1626 1623/1623 1624/1624
f 1463/1463 1627/1627 1626/1626
f 1463/1463 1626/1626 1624/1624
f 1460/1460 1461/1461 1463/1463
f 1460/1460 1463/1463 1624/1624
f 1629/1629 1628/1628 1626/1626
f 1629/1629 1626/1626 1627/1627
f 1466/1466 1630/1630 1629/1629
f 1466/1466 1629/1629 1627/1627
f 1463/1463 1464/1464 1466/1466
f 1463/1463 1466/1466 1627/1627
f 1632/1632 1631/1631 1629/1629
f 1632/1632 1629/1629 1630/1630
f 1469/1469 1633/1633 1632/1632
f 1469/1469 1632/1632 1630/1630
f 1466/1466 1467/1467 1469/1469
f 1466/1466 1469/1469 1630/1630
f 1635/1635 1634/1634 1632/1632
f 1635/1635 1632/1632 1633/1633
f 1637/1637 1636/1636 1635/1635
f 1637/1637 1635/1635 1633/1633
f 1469/1469 1470/1470 1637/1637
f 1469/1469 1637/1637 1633/1633
f 1639/1639 1638/1638 1636/1636
f 1639/1639 1636/1636 1637/1637
f 1470/1470 1471/1471 1639/1639
f 1470/1470 1639/1639 1637/1637
f 1641/1641 1640/1640 1638/1638
f 1641/1641 1638/1638 1639/1639
f 1471/1471 1473/1473 1641/1641
f 1471/1471 1641/1641 1639/1639
f 1643/1643 1642/1642 1640/1640
f 1643/1643 1640/1640 1641/1641
f 1473/1473 1475/1475 1643/1643
f 1473/1473 1643/1643 1641/1641
f 1645/1645 1644/1644 1642/1642
f 1645/1645 1642/1642 1643/1643
f 1475/1475 1477/1477 1645/1645
f 1475/1475 1645/1645 1643/1643
f 1647/1647 1646/1646 1644/1644
f 1647/1647 1644/1644 1645/1645
f 1477/1477 1479/1479 1647/1647
f 1477/1477 1647/1647 1645/1645
f 1649/1649 1648/1648 1646/1646
f 1649/1649 1646/1646 1647/1647
f 1479/1479 1481/1481 1649/1649
f 1479/1479 1649/1649 1647/1647
f 1651/1651 1650/1650 1648/1648
f 1651/1651 1648/1648 1649/1649
f 1481/1481 1483/1483 1651/1651
f 1481/1481 1651/1651 1649/1649
f 1653/1653 1652/1652 1650/1650
f 1653/1653 1650/1650 1651/1651
f 1483/1483 1485/1485 1653/1653
f 1483/1483 1653/1653 1651/1651
f 1655/1655 1654/1654 1652/1652
f 1655/1655 1652/1652 1653/1653
f 1485/1485 1487/1487 1655/1655
f 1485/1485 1655/1655 1653/1653
f 1657/1657 1656/1656 1654/1654
f 1657/1657 1654/1654 1655/1655
f 1487/1487 1489/1489 1657/1657
f 1487/1487 1657/1657 1655/1655
f 1659/1659 1658/1658 1656/1656
f 1659/1659 1656/1656 1657/1657
f 1489/1489 1491/1491 1659/1659
f 1489/1489 1659/1659 1657/1657
f 1661/1661 1660/1660 1658/1658
f 1661/1661 1658/1658 1659/1659
f 1491/1491 1493/1493 1661/1661
f 1491/1491 1661/1661 1659/1659
f 1663/1663 1662/1662 1660/1660
f 1663/1663 1660/1660 1661/1661
f 1493/1493 1495/1495 1663/1663
f 1493/1493 1663/1663 1661/1661
f 1665/1665 1664/1664 1662/1662
f 1665/1665 1662/1662 1663/1663
f 1495/1495 1497/1497 1665/1665
f 1495/1495 1665/1665 1663/1663
f 1667/1667 1666/1666 1664/1664
f 1667/1667 1664/1664 1665/1665
f 1497/1497 1499/1499 1667/1667
f 1497/1497 1667/1667 1665/1665
f 1669/1669 1668/1668 1666/1666
f 1669/1669 1666/1666 1667/1667
f 1499/1499 1501/1501 1669/1669
f 1499/1499 1669/1669 1667/1667
f 1671/1671 1670/1670 1668/1668
f 1671/1671 1668/1668 1669/1669
f 1501/1501 1503/1503 1671/1671
f 1501/1501 1671/1671 1669/1669
f 1675/1675 1673/1673 1670/1670
f 1675/1675 1670/1670 1671/1671
f 1503/1503 1506/1506 1675/1675
f 1503/1503 1675/1675 1671/1671
f 1677/1677 1676/1676 1672/1672
f 1677/1677 1672/1672 1674/1674
f 1505/1505 1509/1509 1677/1677
f 1505/1505 1677/1677 1674/1674
f 1679/1679 1678/1678 1676/1676
f 1679/1679 1676/1676 1677/1677
f 1509/1509 1511/1511 1679/1679
f 1509/1509 1679/1679 1677/1677
f 1681/1681 1680/1680 1678/1678
f 1681/1681 1678/1678 1679/1679
f 1511/1511 1513/1513 1681/1681
f 1511/1511 1681/1681 1679/1679
f 1683/1683 1682/1682 1680/1680
f 1683/1683 1680/1680 1681/1681
f 1513/1513 1515/1515 1683/1683
f 1513/1513 1683/1683 1681/1681
f 1685/1685 1684/1684 1682/1682
f 1685/1685 1682/1682 1683/1683
f 1515/1515 1517/1517 1685/1685
f 1515/1515 1685/1685 1683/1683
f 1687/1687 1686/1686 1684/1684
f 1687/1687 1684/1684 1685/1685
f 1517/1517 1519/1519 1687/1687
f 1517/1517 1687/1687 1685/1685
f 1689/1689 1688/1688 1686/1686
f 1689/1689 1686/1686 1687/1687
f 1519/1519 1521/1521 1689/1689
f 1519/1519 1689/1689 1687/1687
f 1691/1691 1690/1690 1688/1688
f 1691/1691 1688/1688 1689/1689
f 1521/1521 1523/1523 1691/1691
f 1521/1521 1691/1691 1689/1689
f 1693/1693 1692/1692 1690/1690
f 1693/1693 1690/1690 1691/1691
f 1523/1523 1525/1525 1693/1693
f 1523/1523 1693/1693 1691/1691
f 1695/1695 1694/1694 1692/1692
f 1695/1695 1692/1692 1693/1693
f 1525/1525 1527/1527 1695/1695
f 1525/1525 1695/1695 1693/1693
f 1697/1697 1696/1696 1694/1694
f 1697/1697 1694/1694 1695/1695
f 1527/1527 1529/1529 1697/1697
f 1527/1527 1697/1697 1695/1695
f 1699/1699 1698/1698 1696/1696
f 1699/1699 1696/1696 1697/1697
f 1529/1529 1700/1700 1699/1699
f 1529/1529 1699/1699 1697/1697
f 1702/1702 1701/1701 1699/1699
f 1702/1702 1699/1699 1700/1700
f 1532/1532 1703/1703 1702/1702
f 1532/1532 1702/1702 1700/1700
f 1529/1529 1530/1530 1532/1532
f 1529/1529 1532/1532 1700/1700
f 1705/1705 1704/1704 1702/1702
f 1705/1705 1702/1702 1703/1703
f 1535/1535 1542/1542 1705/1705
f 1535/1535 1705/1705 1703/1703
f 1532/1532 1533/1533 1535/1535
f 1532/1532 1535/1535 1703/1703
f 1707/1707 1706/1706 1704/1704
f 1707/1707 1704/1704 1705/1705
f 1542/1542 1543/1543 1707/1707
f 1542/1542 1707/1707 1705/1705
f 1709/1709 1708/1708 1706/1706
f 1709/1709 1706/1706 1707/1707
f 1543/1543 1544/1544 1709/1709
f 1543/1543 1709/1709 1707/1707
f 1711/1711 1710/1710 1708/1708
f 1711/1711 1708/1708 1709/1709
f 1544/1544 1546/1546 1711/1711
f 1544/1544 1711/1711 1709/1709
f 1713/1713 1712/1712 1710/1710
f 1713/1713 1710/1710 1711/1711
f 1546/1546 1548/1548 1713/1713
f 1546/1546 1713/1713 1711/1711
f 1715/1715 1714/1714 1712/1712
f 1715/1715 1712/1712 1713/1713
f 1548/1548 1555/1555 1715/1715
f 1548/1548 1715/1715 1713/1713
f 1558/1558 1716/1716 1714/1714
f 1558/1558 1714/1714 1715/1715
f 1555/1555 1556/1556 1558/1558
f 1555/1555 1558/1558 1715/1715
f 1718/1718 1717/1717 1714/1714
f 1718/1718 1714/1714 1716/1716
f 1561/1561 1719/1719 1718/1718
f 1561/1561 1718/1718 1716/1716
f 1558/1558 1559/1559 1561/1561
f 1558/1558 1561/1561 1716/1716
f 1721/1721 1720/1720 1718/1718
f 1721/1721 1718/1718 1719/1719
f 1564/1564 1722/1722 1721/1721
f 1564/1564 1721/1721 1719/1719
f 1561/1561 1562/1562 1564/1564
f 1561/1561 1564/1564 1719/1719
f 1724/1724 1723/1723 1721/1721
f 1724/1724 1721/1721 1722/1722
f 1567/1567 1725/1725 1724/1724
f 1567/1567 1724/1724 1722/1722
f 1564/1564 1565/1565 1567/1567
f 1564/1564 1567/1567 1722/1722
f 1727/1727 1726/1726 1724/1724
f 1727/1727 1724/1724 1725/1725
f 1570/1570 1728/1728 1727/1727
f 1570/1570 1727/1727 1725/1725
f 1567/1567 1568/1568 1570/1570
f 1567/1567 1570/1570 1725/1725
f 1730/1730 1729/1729 1727/1727
f 1730/1730 1727/1727 1728/1728
f 1573/1573 1731/1731 1730/1730
f 1573/1573 1730/1730 1728/1728
f 1570/1570 1571/1571 1573/1573
f 1570/1570 1573/1573 1728/1728
f 1733/1733 1732/1732 1730/1730
f 1733/1733 1730/1730 1731/1731
f 1576/1576 1734/1734 1733/1733
f 1576/1576 1733/1733 1731/1731
f 1573/1573 1574/1574 1576/1576
f 1573/1573 1576/1576 1731/1731
f 1736/1736 1735/1735 1733/1733
f 1736/1736 1733/1733 1734/1734
f 1738/1738 1737/1737 1736/1736
f 1738/1738 1736/1736 1734/1734
f 1576/1576 1577/1577 1738/1738
f 1576/1576 1738/1738 1734/1734
f 1740/1740 1739/1739 1737/1737
f 1740/1740 1737/1737 1738/1738
f 1577/1577 1578/1578 1740/1740
f 1577/1577 1740/1740 1738/1738
f 1742/1742 1741/1741 1739/1739
f 1742/1742 1739/1739 1740/1740
f 1578/1578 1580/1580 1742/1742
f 1578/1578 1742/1742 1740/1740
f 1744/1744 1743/1743 1741/1741
f 1744/1744 1741/1741 1742/1742
f 1580/1580 1582/1582 1744/1744
f 1580/1580 1744/1744 1742/1742
f 1746/1746 1745/1745 1743/1743
f 1746/1746 1743/1743 1744/1744
f 1582/1582 1584/1584 1746/1746
f 1582/1582 1746/1746 1744/1744
f 1748/1748 1747/1747 1745/1745
f 1748/1748 1745/1745 1746/1746
f 1584/1584 1586/1586 1748/1748
f 1584/1584 1748/1748 1746/1746
f 1750/1750 1749/1749 1747/1747
f 1750/1750 1747/1747 1748/1748
f 1586/1586 1588/1588 1750/1750
f 1586/1586 1750/1750 1748/1748
f 1752/1752 1751/1751 1749/1749
f 1752/1752 1749/1749 1750/1750
f 1588/1588 1590/1590 1752/1752
f 1588/1588 1752/1752 1750/1750
f 1754/1754 1753/1753 1751/1751
f 1754/1754 1751/1751 1752/1752
f 1590/1590 1592/1592 1754/1754
f 1590/1590 1754/1754 1752/1752
f 1756/1756 1755/1755 1753/1753
f 1756/1756 1753/1753 1754/1754
f 1592/1592 1594/1594 1756/1756
f 1592/1592 1756/1756 1754/1754
f 1758/1758 1757/1757 1755/1755
f 1758/1758 1755/1755 1756/1756
f 1594/1594 1596/1596 1758/1758
f 1594/1594 1758/1758 1756/1756
f 1760/1760 1759/1759 1757/1757
f 1760/1760 1757/1757 1758/1758
f 1596/1596 1598/1598 1760/1760
f 1596/1596 1760/1760 1758/1758
f 1762/1762 1761/1761 1759/1759
f 1762/1762 1759/1759 1760/1760
f 1598/1598 1600/1600 1762/1762
f 1598/1598 1762/1762 1760/1760
f 1764/1764 1763/1763 1761/1761
f 1764/1764 1761/1761 1762/1762
f 1600/1600 1602/1602 1764/1764
f 1600/1600 1764/1764 1762/1762
f 1766/1766 1765/1765 1763/1763
f 1766/1766 1763/1763 1764/1764
f 1602/1602 1604/1604 1766/1766
f 1602/1602 1766/1766 1764/1764
f 1768/1768 1767/1767 1765/1765
f 1768/1768 1765/1765 1766/1766
f 1604/1604 1606/1606 1768/1768
f 1604/1604 1768/1768 1766/1766
f 1770/1770 1769/1769 1767/1767
f 1770/1770 1767/1767 1768/1768
f 1606/1606 1608/1608 1770/1770
f 1606/1606 1770/1770 1768/1768
f 1772/1772 1771/1771 1769/1769
f 1772/1772 1769/1769 1770/1770
f 1608/1608 1610/1610 1772/1772
f 1608/1608 1772/1772 1770/1770
f 1774/1774 1773/1773 1771/1771
f 1774/1774 1771/1771 1772/1772
f 1610/1610 1612/1612 1774/1774
f 1610/1610 1774/1774 1772/1772
f 1776/1776 1775/1775 1773/1773
f 1776/1776 1773/1773 1774/1774
f 1612/1612 1614/1614 1776/1776
f 1612/1612 1776/1776 1774/1774
f 1778/1778 1777/1777 1775/1775
f 1778/1778 1775/1775 1776/1776
f 1614/1614 1616/1616 1778/1778
f 1614/1614 1778/1778 1776/1776
f 1780/1780 1779/1779 1777/1777
f 1780/1780 1777/1777 1778/1778
f 1616/1616 1618/1618 1780/1780
f 1616/1616 1780/1780 1778/1778
f 1782/1782 1781/1781 1779/1779
f 1782/1782 1779/1779 1780/1780
f 1618/1618 1620/1620 1782/1782
f 1618/1618 1782/1782 1780/1780
f 1784/1784 1783/1783 1781/1781
f 1784/1784 1781/1781 1782/1782
f 1620/1620 1784/1784 1782/1782
f 1628/1628 1787/1787 1786/1786
f 1628/1628 1786/1786 1785/1785
f 1625/1625 1626/1626 1628/1628
f 1625/1625 1628/1628 1785/1785
f 1789/1789 1788/1788 1786/1786
f 1789/1789 1786/1786 1787/1787
f 1631/1631 1790/1790 1789/1789
f 1631/1631 1789/1789 1787/1787
f 1628/1628 1629/1629 1631/1631
f 1628/1628 1631/1631 1787/1787
f 1792/1792 1791/1791 1789/1789
f 1792/1792 1789/1789 1790/1790
f 1634/1634 1793/1793 1792/1792
f 1634/1634 1792/1792 1790/1790
f 1631/1631 1632/1632 1634/1634
f 1631/1631 1634/1634 1790/1790
f 1795/1795 1794/1794 1792/1792
f 1795/1795 1792/1792 1793/1793
f 1797/1797 1796/1796 1795/1795
f 1797/1797 1795/1795 1793/1793
f 1634/1634 1635/1635 1797/1797
f 1634/1634 1797/1797 1793/1793
f 1799/1799 1798/1798 1796/1796
f 1799/1799 1796/1796 1797/1797
f 1635/1635 1636/1636 1799/1799
f 1635/1635 1799/1799 1797/1797
f 1801/1801 1800/1800 1798/1798
f 1801/1801 1798/1798 1799/1799
f 1636/1636 1638/1638 1801/1801
f 1636/1636 1801/1801 1799/1799
f 1803/1803 1802/1802 1800/1800
f 1803/1803 1800/1800 1801/1801
f 1638/1638 1640/1640 1803/1803
f 1638/1638 1803/1803 1801/1801
f 1805/1805 1804/1804 1802/1802
f 1805/1805 1802/1802 1803/1803
f 1640/1640 1642/1642 1805/1805
f 1640/1640 1805/1805 1803/1803
f 1807/1807 1806/1806 1804/1804
f 1807/1807 1804/1804 1805/1805
f 1642/1642 1644/1644 1807/1807
f 1642/1642 1807/1807 1805/1805
f 1809/1809 1808/1808 1806/1806
f 1809/1809 1806/1806 1807/1807
f 1644/1644 1646/1646 1809/1809
f 1644/1644 1809/1809 1807/1807
f 1811/1811 1810/1810 1808/1808
f 1811/1811 1808/1808 1809/1809
f 1646/1646 1648/1648 1811/1811
f 1646/1646 1811/1811 1809/1809
f 1813/1813 1812/1812 1810/1810
f 1813/1813 1810/1810 1811/1811
f 1648/1648 1650/1650 1813/1813
f 1648/1648 1813/1813 1811/1811
f 1815/1815 1814/1814 1812/1812
f 1815/1815 1812/1812 1813/1813
f 1650/1650 1652/1652 1815/1815
f 1650/1650 1815/1815 1813/1813
f 1817/1817 1816/1816 1814/1814
f 1817/1817 1814/1814 1815/1815
f 1652/1652 1654/1654 1817/1817
f 1652/1652 1817/1817 1815/1815
f 1819/1819 1818/1818 1816/1816
f 1819/1819 1816/1816 1817/1817
f 1654/1654 1656/1656 1819/1819
f 1654/1654 1819/1819 1817/1817
f 1821/1821 1820/1820 1818/1818
f 1821/1821 1818/1818 1819/1819
f 1656/1656 1658/1658 1821/1821
f 1656/1656 1821/1821 1819/1819
f 1823/1823 1822/1822 1820/1820
f 1823/1823 1820/1820 1821/1821
f 1658/1658 1660/1660 1823/1823
f 1658/1658 1823/1823 1821/1821
f 1825/1825 1824/1824 1822/1822
f 1825/1825 1822/1822 1823/1823
f 1660/1660 1662/1662 1825/1825
f 1660/1660 1825/1825 1823/1823
f 1827/1827 1826/1826 1824/1824
f 1827/1827 1824/1824 1825/1825
f 1662/1662 1664/1664 1827/1827
f 1662/1662 1827/1827 1825/1825
f 1829/1829 1828/1828 1826/1826
f 1829/1829 1826/1826 1827/1827
f 1664/1664 1666/1666 1829/1829
f 1664/1664 1829/1829 1827/1827
f 1831/1831 1830/1830 1828/1828
f 1831/1831 1828/1828 1829/1829
f 1666/1666 1668/1668 1831/1831
f 1666/1666 1831/1831 1829/1829
f 1833/1833 1832/1832 1830/1830
f 1833/1833 1830/1830 1831/1831
f 1668/1668 1670/1670 1833/1833
f 1668/1668 1833/1833 1831/1831
f 1837/1837 1834/1834 1832/1832
f 1837/1837 1832/1832 1833/1833
f 1670/1670 1673/1673 1837/1837
f 1670/1670 1837/1837 1833/1833
f 1839/1839 1838/1838 1835/1835
f 1839/1839 1835/1835 1836/1836
f 1672/1672 1676/1676 1839/1839
f 1672/1672 1839/1839 1836/1836
f 1841/1841 1840/1840 1838/1838
f 1841/1841 1838/1838 1839/1839
f 1676/1676 1678/1678 1841/1841
f 1676/1676 1841/1841 1839/1839
f 1843/1843 1842/1842 1840/1840
f 1843/1843 1840/1840 1841/1841
f 1678/1678 1680/1680 1843/1843
f 1678/1678 1843/1843 1841/1841
f 1845/1845 1844/1844 1842/1842
f 1845/1845 1842/1842 1843/1843
f 1680/1680 1682/1682 1845/1845
f 1680/1680 1845/1845 1843/1843
f 1847/1847 1846/1846 1844/1844
f 1847/1847 1844/1844 1845/1845
f 1682/1682 1684/1684 1847/1847
f 1682/1682 1847/1847 1845/1845
f 1849/1849 1848/1848 1846/1846
f 1849/1849 1846/1846 1847/1847
f 1684/1684 1686/1686 1849/1849
f 1684/1684 1849/1849 1847/1847
f 1851/1851 1850/1850 1848/1848
f 1851/1851 1848/1848 1849/1849
f 1686/1686 1688/1688 1851/1851
f 1686/1686 1851/1851 1849/1849
f 1853/1853 1852/1852 1850/1850
f 1853/1853 1850/1850 1851/1851
f 1688/1688 1690/1690 1853/1853
f 1688/1688 1853/1853 1851/1851
f 1855/1855 1854/1854 1852/1852
f 1855/1855 1852/1852 1853/1853
f 1690/1690 1692/1692 1855/1855
f 1690/1690 1855/1855 1853/1853
f 1857/1857 1856/1856 1854/1854
f 1857/1857 1854/1854 1855/1855
f 1692/1692 1694/1694 1857/1857
f 1692/1692 1857/1857 1855/1855
f 1859/1859 1858/1858 1856/1856
f 1859/1859 1856/1856 1857/1857
f 1694/1694 1696/1696 1859/1859
f 1694/1694 1859/1859 1857/1857
f 1861/1861 1860/1860 1858/1858
f 1861/1861 1858/1858 1859/1859
f 1696/1696 1698/1698 1861/1861
f 1696/1696 1861/1861 1859/1859
f 1863/1863 1862/1862 1860/1860
f 1863/1863 1860/1860 1861/1861
f 1698/1698 1864/1864 1863/1863
f 1698/1698 1863/1863 1861/1861
f 1866/1866 1865/1865 1863/1863
f 1866/1866 1863/1863 1864/1864
f 1701/1701 1867/1867 1866/1866
f 1701/1701 1866/1866 1864/1864
f 1698/1698 1699/1699 1701/1701
f 1698/1698 1701/1701 1864/1864
f 1869/1869 1868/1868 1866/1866
f 1869/1869 1866/1866 1867/1867
f 1704/1704 1706/1706 1869/1869
f 1704/1704 1869/1869 1867/1867
f 1701/1701 1702/1702 1704/1704
f 1701/1701 1704/1704 1867/1867
f 1871/1871 1870/1870 1868/1868
f 1871/1871 1868/1868 1869/1869
f 1706/1706 1708/1708 1871/1871
f 1706/1706 1871/1871 1869/1869
f 1873/1873 1872/1872 1870/1870
f 1873/1873 1870/1870 1871/1871
f 1708/1708 1710/1710 1873/1873
f 1708/1708 1873/1873 1871/1871
f 1875/1875 1874/1874 1872/1872
f 1875/1875 1872/1872 1873/1873
f 1710/1710 1712/1712 1875/1875
f 1710/1710 1875/1875 1873/1873
f 1717/1717 1876/1876 1874/1874
f 1717/1717 1874/1874 1875/1875
f 1712/1712 1714/1714 1717/1717
f 1712/1712 1717/1717 1875/1875
f 1878/1878 1877/1877 1874/1874
f 1878/1878 1874/1874 1876/1876
f 1720/1720 1879/1879 1878/1878
f 1720/1720 1878/1878 1876/1876
f 1717/1717 1718/1718 1720/1720
f 1717/1717 1720/1720 1876/1876
f 1881/1881 1880/1880 1878/1878
f 1881/1881 1878/1878 1879/1879
f 1723/1723 1882/1882 1881/1881
f 1723/1723 1881/1881 1879/1879
f 1720/1720 1721/1721 1723/1723
f 1720/1720 1723/1723 1879/1879
f 1884/1884 1883/1883 1881/1881
f 1884/1884 1881/1881 1882/1882
f 1726/1726 1885/1885 1884/1884
f 1726/1726 1884/1884 1882/1882
f 1723/1723 1724/1724 1726/1726
f 1723/1723 1726/1726 1882/1882
f 1887/1887 1886/1886 1884/1884
f 1887/1887 1884/1884 1885/1885
f 1729/1729 1888/1888 1887/1887
f 1729/1729 1887/1887 1885/1885
f 1726/1726 1727/1727 1729/1729
f 1726/1726 1729/1729 1885/1885
f 1890/1890 1889/1889 1887/1887
f 1890/1890 1887/1887 1888/1888
f 1732/1732 1891/1891 1890/1890
f 1732/1732 1890/1890 1888/1888
f 1729/1729 1730/1730 1732/1732
f 1729/1729 1732/1732 1888/1888
f 1893/1893 1892/1892 1890/1890
f 1893/1893 1890/1890 1891/1891
f 1735/1735 1894/1894 1893/1893
f 1735/1735 1893/1893 1891/1891
f 1732/1732 1733/1733 1735/1735
f 1732/1732 1735/1735 1891/1891
f 1896/1896 1895/1895 1893/1893
f 1896/1896 1893/1893 1894/1894
f 1898/1898 1897/1897 1896/1896
f 1898/1898 1896/1896 1894/1894
f 1735/1735 1736/1736 1898/1898
f 1735/1735 1898/1898 1894/1894
f 1900/1900 1899/1899 1897/1897
f 1900/1900 1897/1897 1898/1898
f 1736/1736 1737/1737 1900/1900
f 1736/1736 1900/1900 1898/1898
f 1902/1902 1901/1901 1899/1899
f 1902/1902 1899/1899 1900/1900
f 1737/1737 1739/1739 1902/1902
f 1737/1737 1902/1902 1900/1900
f 1904/1904 1903/1903 1901/1901
f 1904/1904 1901/1901 1902/1902
f 1739/1739 1741/1741 1904/1904
f 1739/1739 1904/1904 1902/1902
f 1906/1906 1905/1905 1903/1903
f 1906/1906 1903/1903 1904/1904
f 1741/1741 1743/1743 1906/1906
f 1741/1741 1906/1906 1904/1904
f 1908/1908 1907/1907 1905/1905
f 1908/1908 1905/1905 1906/1906
f 1743/1743 1745/1745 1908/1908
f 1743/1743 1908/1908 1906/1906
f 1910/1910 1909/1909 1907/1907
f 1910/1910 1907/1907 1908/1908
f 1745/1745 1747/1747 1910/1910
f 1745/1745 1910/1910 1908/1908
f 1912/1912 1911/1911 1909/1909
f 1912/1912 1909/1909 1910/1910
f 1747/1747 1749/1749 1912/1912
f 1747/1747 1912/1912 1910/1910
f 1914/1914 1913/1913 1911/1911
f 1914/1914 1911/1911 1912/1912
f 1749/1749 1751/1751 1914/1914
f 1749/1749 1914/1914 1912/1912
f 1916/1916 1915/1915 1913/1913
f 1916/1916 1913/1913 1914/1914
f 1751/1751 1753/1753 1916/1916
f 1751/1751 1916/1916 1914/1914
f 1918/1918 1917/1917 1915/1915
f 1918/1918 1915/1915 1916/1916
f 1753/1753 1755/1755 1918/1918
f 1753/1753 1918/1918 1916/1916
f 1920/1920 1919/1919 1917/1917
f 1920/1920 1917/1917 1918/1918
f 1755/1755 1757/1757 1920/1920
f 1755/1755 1920/1920 1918/1918
f 1922/1922 1921/1921 1919/1919
f 1922/1922 1919/1919 1920/1920
f 1757/1757 1759/1759 1922/1922
f 1757/1757 1922/1922 1920/1920
f 1924/1924 1923/1923 1921/1921
f 1924/1924 1921/1921 1922/1922
f 1759/1759 1761/1761 1924/1924
f 1759/1759 1924/1924 1922/1922
f 1926/1926 1925/1925 1923/1923
f 1926/1926 1923/1923 1924/1924
f 1761/1761 1763/1763 1926/1926
f 1761/1761 1926/1926 1924/1924
f 1928/1928 1927/1927 1925/1925
f 1928/1928 1925/1925 1926/1926
f 1763/1763 1765/1765 1928/1928
f 1763/1763 1928/1928 1926/1926
f 1930/1930 1929/1929 1927/1927
f 1930/1930 1927/1927 1928/1928
f 1765/1765 1767/1767 1930/1930
f 1765/1765 1930/1930 1928/1928
f 1932/1932 1931/1931 1929/1929
f 1932/1932 1929/1929 1930/1930
f 1767/1767 1769/1769 1932/1932
f 1767/1767 1932/1932 1930/1930
f 1934/1934 1933/1933 1931/1931
f 1934/1934 1931/1931 1932/1932
f 1769/1769 1771/1771 1934/1934
f 1769/1769 1934/1934 1932/1932
f 1936/1936 1935/1935 1933/1933
f 1936/1936 1933/1933 1934/1934
f 1771/1771 1773/1773 1936/1936
f 1771/1771 1936/1936 1934/1934
f 1938/1938 1937/1937 1935/1935
f 1938/1938 1935/1935 1936/1936
f 1773/1773 1775/1775 1938/1938
f 1773/1773 1938/1938 1936/1936
f 1940/1940 1939/1939 1937/1937
f 1940/1940 1937/1937 1938/1938
f 1775/1775 1777/1777 1940/1940
f 1775/1775 1940/1940 1938/1938
f 1942/1942 1941/1941 1939/1939
f 1942/1942 1939/1939 1940/1940
f 1777/1777 1779/1779 1942/1942
f 1777/1777 1942/1942 1940/1940
f 1944/1944 1943/1943 1941/1941
f 1944/1944 1941/1941 1942/1942
f 1779/1779 1781/1781 1944/1944
f 1779/1779 1944/1944 1942/1942
f 1946/1946 1945/1945 1943/1943
f 1946/1946 1943/1943 1944/1944
f 1781/1781 1783/1783 1946/1946
f 1781/1781 1946/1946 1944/1944
f 1791/1791 1949/1949 1948/1948
f 1791/1791 1948/1948 1947/1947
f 1788/1788 1789/1789 1791/1791
f 1788/1788 1791/1791 1947/1947
f 1951/1951 1950/1950 1948/1948
f 1951/1951 1948/1948 1949/1949
f 1794/1794 1952/1952 1951/1951
f 1794/1794 1951/1951 1949/1949
f 1791/1791 1792/1792 1794/1794
f 1791/1791 1794/1794 1949/1949
f 1954/1954 1953/1953 1951/1951
f 1954/1954 1951/1951 1952/1952
f 1956/1956 1955/1955 1954/1954
f 1956/1956 1954/1954 1952/1952
f 1794/1794 1795/1795 1956/1956
f 1794/1794 1956/1956 1952/1952
f 1958/1958 1957/1957 1955/1955
f 1958/1958 1955/1955 1956/1956
f 1795/1795 1796/1796 1958/1958
f 1795/1795 1958/1958 1956/1956
f 1960/1960 1959/1959 1957/1957
f 1960/1960 1957/1957 1958/1958
f 1796/1796 1798/1798 1960/1960
f 1796/1796 1960/1960 1958/1958
f 1962/1962 1961/1961 1959/1959
f 1962/1962 1959/1959 1960/1960
f 1798/1798 1800/1800 1962/1962
f 1798/1798 1962/1962 1960/1960
f 1964/1964 1963/1963 1961/1961
f 1964/1964 1961/1961 1962/1962
f 1800/1800 1802/1802 1964/1964
f 1800/1800 1964/1964 1962/1962
f 1966/1966 1965/1965 1963/1963
f 1966/1966 1963/1963 1964/1964
f 1802/1802 1804/1804 1966/1966
f 1802/1802 1966/1966 1964/1964
f 1968/1968 1967/1967 1965/1965
f 1968/1968 1965/1965 1966/1966
f 1804/1804 1806/1806 1968/1968
f 1804/1804 1968/1968 1966/1966
f 1970/1970 1969/1969 1967/1967
f 1970/1970 1967/1967 1968/1968
f 1806/1806 1808/1808 1970/1970
f 1806/1806 1970/1970 1968/1968
f 1972/1972 1971/1971 1969/1969
f 1972/1972 1969/1969 1970/1970
f 1808/1808 1810/1810 1972/1972
f 1808/1808 1972/1972 1970/1970
f 1974/1974 1973/1973 1971/1971
f 1974/1974 1971/1971 1972/1972
f 1810/1810 1812/1812 1974/1974
f 1810/1810 1974/1974 1972/1972
f 1976/1976 1975/1975 1973/1973
f 1976/1976 1973/1973 1974/1974
f 1812/1812 1814/1814 1976/1976
f 1812/1812 1976/1976 1974/1974
f 1978/1978 1977/1977 1975/1975
f 1978/1978 1975/1975 1976/1976
f 1814/1814 1816/1816 1978/1978
f 1814/1814 1978/1978 1976/1976
f 1980/1980 1979/1979 1977/1977
f 1980/1980 1977/1977 1978/1978
f 1816/1816 1818/1818 1980/1980
f 1816/1816 1980/1980 1978/1978
f 1982/1982 1981/1981 1979/1979
f 1982/1982 1979/1979 1980/1980
f 1818/1818 1820/1820 1982/1982
f 1818/1818 1982/1982 1980/1980
f 1984/1984 1983/1983 1981/1981
f 1984/1984 1981/1981 1982/1982
f 1820/1820 1822/1822 1984/1984
f 1820/1820 1984/1984 1982/1982
f 1986/1986 1985/1985 1983/1983
f 1986/1986 1983/1983 1984/1984
f 1822/1822 1824/1824 1986/1986
f 1822/1822 1986/1986 1984/1984
f 1988/1988 1987/1987 1985/1985
f 1988/1988 1985/1985 1986/1986
f 1824/1824 1826/1826 1988/1988
f 1824/1824 1988/1988 1986/1986
f 1990/1990 1989/1989 1987/1987
f 1990/1990 1987/1987 1988/1988
f 1826/1826 1828/1828 1990/1990
f 1826/1826 1990/1990 1988/1988
f 1992/1992 1991/1991 1989/1989
f 1992/1992 1989/1989 1990/1990
f 1828/1828 1830/1830 1992/1992
f 1828/1828 1992/1992 1990/1990
f 1994/1994 1993/1993 1991/1991
f 1994/1994 1991/1991 1992/1992
f 1830/1830 1832/1832 1994/1994
f 1830/1830 1994/1994 1992/1992
f 1997/1997 1995/1995 1993/1993
f 1997/1997 1993/1993 1994/1994
f 1832/1832 1834/1834 1997/1997
f 1832/1832 1997/1997 1994/1994
f 2000/2000 1999/1999 1996/1996
f 2000/2000 1996/1996 1998/1998
f 1835/1835 1838/1838 2000/2000
f 1835/1835 2000/2000 1998/1998
f 2002/2002 2001/2001 1999/1999
f 2002/2002 1999/1999 2000/2000
f 1838/1838 1840/1840 2002/2002
f 1838/1838 2002/2002 2000/2000
f 2004/2004 2003/2003 2001/2001
f 2004/2004 2001/2001 2002/2002
f 1840/1840 1842/1842 2004/2004
f 1840/1840 2004/2004 2002/2002
f 2006/2006 2005/2005 2003/2003
f 2006/2006 2003/2003 2004/2004
f 1842/1842 1844/1844 2006/2006
f 1842/1842 2006/2006 2004/2004
f 2008/2008 2007/2007 2005/2005
f 2008/2008 2005/2005 2006/2006
f 1844/1844 1846/1846 2008/2008
f 1844/1844 2008/2008 2006/2006
f 2010/2010 2009/2009 2007/2007
f 2010/2010 2007/2007 2008/2008
f 1846/1846 1848/1848 2010/2010
f 1846/1846 2010/2010 2008/2008
f 2012/2012 2011/2011 2009/2009
f 2012/2012 2009/2009 2010/2010
f 1848/1848 1850/1850 2012/2012
f 1848/1848 2012/2012 2010/2010
f 2014/2014 2013/2013 2011/2011
f 2014/2014 2011/2011 2012/2012
f 1850/1850 1852/1852 2014/2014
f 1850/1850 2014/2014 2012/2012
f 2016/2016 2015/2015 2013/2013
f 2016/2016 2013/2013 2014/2014
f 1852/1852 1854/1854 2016/2016
f 1852/1852 2016/2016 2014/2014
f 2018/2018 2017/2017 2015/2015
f 2018/2018 2015/2015 2016/2016
f 1854/1854 1856/1856 2018/2018
f 1854/1854 2018/2018 2016/2016
f 2020/2020 2019/2019 2017/2017
f 2020/2020 2017/2017 2018/2018
f 1856/1856 1858/1858 2020/2020
f 1856/1856 2020/2020 2018/2018
f 2022/2022 2021/2021 2019/2019
f 2022/2022 2019/2019 2020/2020
f 1858/1858 1860/1860 2022/2022
f 1858/1858 2022/2022 2020/2020
f 2024/2024 2023/2023 2021/2021
f 2024/2024 2021/2021 2022/2022
f 1860/1860 1862/1862 2024/2024
f 1860/1860 2024/2024 2022/2022
f 2026/2026 2025/2025 2023/2023
f 2026/2026 2023/2023 2024/2024
f 1862/1862 2027/2027 2026/2026
f 1862/1862 2026/2026 2024/2024
f 2029/2029 2028/2028 2026/2026
f 2029/2029 2026/2026 2027/2027
f 1865/1865 2030/2030 2029/2029
f 1865/1865 2029/2029 2027/2027
f 1862/1862 1863/1863 1865/1865
f 1862/1862 1865/1865 2027/2027
f 2032/2032 2031/2031 2029/2029
f 2032/2032 2029/2029 2030/2030
f 1868/1868 1870/1870 2032/2032
f 1868/1868 2032/2032 2030/2030
f 1865/1865 1866/1866 1868/1868
f 1865/1865 1868/1868 2030/2030
f 2034/2034 2033/2033 2031/2031
f 2034/2034 2031/2031 2032/2032
f 1870/1870 1872/1872 2034/2034
f 1870/1870 2034/2034 2032/2032
f 1877/1877 2035/2035 2033/2033
f 1877/1877 2033/2033 2034/2034
f 1872/1872 1874/1874 1877/1877
f 1872/1872 1877/1877 2034/2034
f 2037/2037 2036/2036 2033/2033
f 2037/2037 2033/2033 2035/2035
f 1880/1880 2038/2038 2037/2037
f 1880/1880 2037/2037 2035/2035
f 1877/1877 1878/1878 1880/1880
f 1877/1877 1880/1880 2035/2035
f 2040/2040 2039/2039 2037/2037
f 2040/2040 2037/2037 2038/2038
f 1883/1883 2041/2041 2040/2040
f 1883/1883 2040/2040 2038/2038
f 1880/1880 1881/1881 1883/1883
f 1880/1880 1883/1883 2038/2038
f 2043/2043 2042/2042 2040/2040
f 2043/2043 2040/2040 2041/2041
f 1886/1886 2044/2044 2043/2043
f 1886/1886 2043/2043 2041/2041
f 1883/1883 1884/1884 1886/1886
f 1883/1883 1886/1886 2041/2041
f 2046/2046 2045/2045 2043/2043
f 2046/2046 2043/2043 2044/2044
f 1889/1889 2047/2047 2046/2046
f 1889/1889 2046/2046 2044/2044
f 1886/1886 1887/1887 1889/1889
f 1886/1886 1889/1889 2044/2044
f 2049/2049 2048/2048 2046/2046
f 2049/2049 2046/2046 2047/2047
f 1892/1892 2050/2050 2049/2049
f 1892/1892 2049/2049 2047/2047
f 1889/1889 1890/1890 1892/1892
f 1889/1889 1892/1892 2047/2047
f 2052/2052 2051/2051 2049/2049
f 2052/2052 2049/2049 2050/2050
f 1895/1895 2053/2053 2052/2052
f 1895/1895 2052/2052 2050/2050
f 1892/1892 1893/1893 1895/1895
f 1892/1892 1895/1895 2050/2050
f 2055/2055 2054/2054 2052/2052
f 2055/2055 2052/2052 2053/2053
f 2057/2057 2056/2056 2055/2055
f 2057/2057 2055/2055 2053/2053
f 1895/1895 1896/1896 2057/2057
f 1895/1895 2057/2057 2053/2053
f 2059/2059 2058/2058 2056/2056
f 2059/2059 2056/2056 2057/2057
f 1896/1896 1897/1897 2059/2059
f 1896/1896 2059/2059 2057/2057
f 2061/2061 2060/2060 2058/2058
f 2061/2061 2058/2058 2059/2059
f 1897/1897 1899/1899 2061/2061
f 1897/1897 2061/2061 2059/2059
f 2063/2063 2062/2062 2060/2060
f 2063/2063 2060/2060 2061/2061
f 1899/1899 1901/1901 2063/2063
f 1899/1899 2063/2063 2061/2061
f 2065/2065 2064/2064 2062/2062
f 2065/2065 2062/2062 2063/2063
f 1901/1901 1903/1903 2065/2065
f 1901/1901 2065/2065 2063/2063
f 2067/2067 2066/2066 2064/2064
f 2067/2067 2064/2064 2065/2065
f 1903/1903 1905/1905 2067/2067
f 1903/1903 2067/2067 2065/2065
f 2069/2069 2068/2068 2066/2066
f 2069/2069 2066/2066 2067/2067
f 1905/1905 1907/1907 2069/2069
f 1905/1905 2069/2069 2067/2067
f 2071/2071 2070/2070 2068/2068
f 2071/2071 2068/2068 2069/2069
f 1907/1907 1909/1909 2071/2071
f 1907/1907 2071/2071 2069/2069
f 2073/2073 2072/2072 2070/2070
f 2073/2073 2070/2070 2071/2071
f 1909/1909 1911/1911 2073/2073
f 1909/1909 2073/2073 2071/2071
f 2075/2075 2074/2074 2072/2072
f 2075/2075 2072/2072 2073/2073
f 1911/1911 1913/1913 2075/2075
f 1911/1911 2075/2075 2073/2073
f 2077/2077 2076/2076 2074/2074
f 2077/2077 2074/2074 2075/2075
f 1913/1913 1915/1915 2077/2077
f 1913/1913 2077/2077 2075/2075
f 2079/2079 2078/2078 2076/2076
f 2079/2079 2076/2076 2077/2077
f 1915/1915 1917/1917 2079/2079
f 1915/1915 2079/2079 2077/2077
f 2081/2081 2080/2080 2078/2078
f 2081/2081 2078/2078 2079/2079
f 1917/1917 1919/1919 2081/2081
f 1917/1917 2081/2081 2079/2079
f 2083/2083 2082/2082 2080/2080
f 2083/2083 2080/2080 2081/2081
f 1919/1919 1921/1921 2083/2083
f 1919/1919 2083/2083 2081/2081
f 2085/2085 2084/2084 2082/2082
f 2085/2085 2082/2082 2083/2083
f 1921/1921 1923/1923 2085/2085
f 1921/1921 2085/2085 2083/2083
f 2087/2087 2086/2086 2084/2084
f 2087/2087 2084/2084 2085/2085
f 1923/1923 1925/1925 2087/2087
f 1923/1923 2087/2087 2085/2085
f 2089/2089 2088/2088 2086/2086
f 2089/2089 2086/2086 2087/2087
f 1925/1925 1927/1927 2089/2089
f 1925/1925 2089/2089 2087/2087
f 2091/2091 2090/2090 2088/2088
f 2091/2091 2088/2088 2089/2089
f 1927/1927 1929/1929 2091/2091
f 1927/1927 2091/2091 2089/2089
f 2093/2093 2092/2092 2090/2090
f 2093/2093 2090/2090 2091/2091
f 1929/1929 1931/1931 2093/2093
f 1929/1929 2093/2093 2091/2091
f 2095/2095 2094/2094 2092/2092
f 2095/2095 2092/2092 2093/2093
f 1931/1931 1933/1933 2095/2095
f 1931/1931 2095/2095 2093/2093
f 2097/2097 2096/2096 2094/2094
f 2097/2097 2094/2094 2095/2095
f 1933/1933 1935/1935 2097/2097
f 1933/1933 2097/2097 2095/2095
f 2099/2099 2098/2098 2096/2096
f 2099/2099 2096/2096 2097/2097
f 1935/1935 1937/1937 2099/2099
f 1935/1935 2099/2099 2097/2097
f 2101/2101 2100/2100 2098/2098
f 2101/2101 2098/2098 2099/2099
f 1937/1937 1939/1939 2101/2101
f 1937/1937 2101/2101 2099/2099
f 2103/2103 2102/2102 2100/2100
f 2103/2103 2100/2100 2101/2101
f 1939/1939 1941/1941 2103/2103
f 1939/1939 2103/2103 2101/2101
f 2105/2105 2104/2104 2102/2102
f 2105/2105 2102/2102 2103/2103
f 1941/1941 1943/1943 2105/2105
f 1941/1941 2105/2105 2103/2103
f 2107/2107 2106/2106 2104/2104
f 2107/2107 2104/2104 2105/2105
f 1943/1943 1945/1945 2107/2107
f 1943/1943 2107/2107 2105/2105
f 1950/1950 1951/1951 1953/1953
f 2111/2111 2110/2110 2109/2109
f 2111/2111 2109/2109 2108/2108
f 1953/1953 1954/1954 2111/2111
f 1953/1953 2111/2111 2108/2108
f 2113/2113 2112/2112 2110/2110
f 2113/2113 2110/2110 2111/2111
f 1954/1954 1955/1955 2113/2113
f 1954/1954 2113/2113 2111/2111
f 2115/2115 2114/2114 2112/2112
f 2115/2115 2112/2112 2113/2113
f 1955/1955 1957/1957 2115/2115
f 1955/1955 2115/2115 2113/2113
f 2117/2117 2116/2116 2114/2114
f 2117/2117 2114/2114 2115/2115
f 1957/1957 1959/1959 2117/2117
f 1957/1957 2117/2117 2115/2115
f 2119/2119 2118/2118 2116/2116
f 2119/2119 2116/2116 2117/2117
f 1959/1959 1961/1961 2119/2119
f 1959/1959 2119/2119 2117/2117
f 2121/2121 2120/2120 2118/2118
f 2121/2121 2118/2118 2119/2119
f 1961/1961 1963/1963 2121/2121
f 1961/1961 2121/2121 2119/2119
f 2123/2123 2122/2122 2120/2120
f 2123/2123 2120/2120 2121/2121
f 1963/1963 1965/1965 2123/2123
f 1963/1963 2123/2123 2121/2121
f 2125/2125 2124/2124 2122/2122
f 2125/2125 2122/2122 2123/2123
f 1965/1965 1967/1967 2125/2125
f 1965/1965 2125/2125 2123/2123
f 2127/2127 2126/2126 2124/2124
f 2127/2127 2124/2124 2125/2125
f 1967/1967 1969/1969 2127/2127
f 1967/1967 2127/2127 2125/2125
f 2129/2129 2128/2128 2126/2126
f 2129/2129 2126/2126 2127/2127
f 1969/1969 1971/1971 2129/2129
f 1969/1969 2129/2129 2127/2127
f 2131/2131 2130/2130 2128/2128
f 2131/2131 2128/2128 2129/2129
f 1971/1971 1973/1973 2131/2131
f 1971/1971 2131/2131 2129/2129
f 2133/2133 2132/2132 2130/2130
f 2133/2133 2130/2130 2131/2131
f 1973/1973 1975/1975 2133/2133
f 1973/1973 2133/2133 2131/2131
f 2135/2135 2134/2134 2132/2132
f 2135/2135 2132/2132 2133/2133
f 1975/1975 1977/1977 2135/2135
f 1975/1975 2135/2135 2133/2133
f 2137/2137 2136/2136 2134/2134
f 2137/2137 2134/2134 2135/2135
f 1977/1977 1979/1979 2137/2137
f 1977/1977 2137/2137 2135/2135
f 2139/2139 2138/2138 2136/2136
f 2139/2139 2136/2136 2137/2137
f 1979/1979 1981/1981 2139/2139
f 1979/1979 2139/2139 2137/2137
f 2141/2141 2140/2140 2138/2138
f 2141/2141 2138/2138 2139/2139
f 1981/1981 1983/1983 2141/2141
f 1981/1981 2141/2141 2139/2139
f 2143/2143 2142/2142 2140/2140
f 2143/2143 2140/2140 2141/2141
f 1983/1983 1985/1985 2143/2143
f 1983/1983 2143/2143 2141/2141
f 2145/2145 2144/2144 2142/2142
f 2145/2145 2142/2142 2143/2143
f 1985/1985 1987/1987 2145/2145
f 1985/1985 2145/2145 2143/2143
f 2147/2147 2146/2146 2144/2144
f 2147/2147 2144/2144 2145/2145
f 1987/1987 1989/1989 2147/2147
f 1987/1987 2147/2147 2145/2145
f 2149/2149 2148/2148 2146/2146
f 2149/2149 2146/2146 2147/2147
f 1989/1989 1991/1991 2149/2149
f 1989/1989 2149/2149 2147/2147
f 2151/2151 2150/2150 2148/2148
f 2151/2151 2148/2148 2149/2149
f 1991/1991 1993/1993 2151/2151
f 1991/1991 2151/2151 2149/2149
f 2155/2155 2153/2153 2150/2150
f 2155/2155 2150/2150 2151/2151
f 1993/1993 1995/1995 2155/2155
f 1993/1993 2155/2155 2151/2151
f 2157/2157 2156/2156 2152/2152
f 2157/2157 2152/2152 2154/2154
f 1996/1996 1999/1999 2157/2157
f 1996/1996 2157/2157 2154/2154
f 2159/2159 2158/2158 2156/2156
f 2159/2159 2156/2156 2157/2157
f 1999/1999 2001/2001 2159/2159
f 1999/1999 2159/2159 2157/2157
f 2161/2161 2160/2160 2158/2158
f 2161/2161 2158/2158 2159/2159
f 2001/2001 2003/2003 2161/2161
f 2001/2001 2161/2161 2159/2159
f 2163/2163 2162/2162 2160/2160
f 2163/2163 2160/2160 2161/2161
f 2003/2003 2005/2005 2163/2163
f 2003/2003 2163/2163 2161/2161
f 2165/2165 2164/2164 2162/2162
f 2165/2165 2162/2162 2163/2163
f 2005/2005 2007/2007 2165/2165
f 2005/2005 2165/2165 2163/2163
f 2167/2167 2166/2166 2164/2164
f 2167/2167 2164/2164 2165/2165
f 2007/2007 2009/2009 2167/2167
f 2007/2007 2167/2167 2165/2165
f 2169/2169 2168/2168 2166/2166
f 2169/2169 2166/2166 2167/2167
f 2009/2009 2011/2011 2169/2169
f 2009/2009 2169/2169 2167/2167
f 2171/2171 2170/2170 2168/2168
f 2171/2171 2168/2168 2169/2169
f 2011/2011 2013/2013 2171/2171
f 2011/2011 2171/2171 2169/2169
f 2173/2173 2172/2172 2170/2170
f 2173/2173 2170/2170 2171/2171
f 2013/2013 2015/2015 2173/2173
f 2013/2013 2173/2173 2171/2171
f 2175/2175 2174/2174 2172/2172
f 2175/2175 2172/2172 2173/2173
f 2015/2015 2017/2017 2175/2175
f 2015/2015 2175/2175 2173/2173
f 2177/2177 2176/2176 2174/2174
f 2177/2177 2174/2174 2175/2175
f 2017/2017 2019/2019 2177/2177
f 2017/2017 2177/2177 2175/2175
f 2179/2179 2178/2178 2176/2176
f 2179/2179 2176/2176 2177/2177
f 2019/2019 2021/2021 2179/2179
f 2019/2019 2179/2179 2177/2177
f 2181/2181 2180/2180 2178/2178
f 2181/2181 2178/2178 2179/2179
f 2021/2021 2023/2023 2181/2181
f 2021/2021 2181/2181 2179/2179
f 2183/2183 2182/2182 2180/2180
f 2183/2183 2180/2180 2181/2181
f 2023/2023 2025/2025 2183/2183
f 2023/2023 2183/2183 2181/2181
f 2185/2185 2184/2184 2182/2182
f 2185/2185 2182/2182 2183/2183
f 2025/2025 2186/2186 2185/2185
f 2025/2025 2185/2185 2183/2183
f 2188/2188 2187/2187 2185/2185
f 2188/2188 2185/2185 2186/2186
f 2028/2028 2189/2189 2188/2188
f 2028/2028 2188/2188 2186/2186
f 2025/2025 2026/2026 2028/2028
f 2025/2025 2028/2028 2186/2186
f 2036/2036 2190/2190 2188/2188
f 2036/2036 2188/2188 2189/2189
f 2031/2031 2033/2033 2036/2036
f 2031/2031 2036/2036 2189/2189
f 2028/2028 2029/2029 2031/2031
f 2028/2028 2031/2031 2189/2189
f 2191/2191 2187/2187 2188/2188
f 2191/2191 2188/2188 2190/2190
f 2039/2039 2192/2192 2191/2191
f 2039/2039 2191/2191 2190/2190
f 2036/2036 2037/2037 2039/2039
f 2036/2036 2039/2039 2190/2190
f 2194/2194 2193/2193 2191/2191
f 2194/2194 2191/2191 2192/2192
f 2042/2042 2195/2195 2194/2194
f 2042/2042 2194/2194 2192/2192
f 2039/2039 2040/2040 2042/2042
f 2039/2039 2042/2042 2192/2192
f 2197/2197 2196/2196 2194/2194
f 2197/2197 2194/2194 2195/2195
f 2045/2045 2198/2198 2197/2197
f 2045/2045 2197/2197 2195/2195
f 2042/2042 2043/2043 2045/2045
f 2042/2042 2045/2045 2195/2195
f 2200/2200 2199/2199 2197/2197
f 2200/2200 2197/2197 2198/2198
f 2048/2048 2201/2201 2200/2200
f 2048/2048 2200/2200 2198/2198
f 2045/2045 2046/2046 2048/2048
f 2045/2045 2048/2048 2198/2198
f 2203/2203 2202/2202 2200/2200
f 2203/2203 2200/2200 2201/2201
f 2051/2051 2204/2204 2203/2203
f 2051/2051 2203/2203 2201/2201
f 2048/2048 2049/2049 2051/2051
f 2048/2048 2051/2051 2201/2201
f 2206/2206 2205/2205 2203/2203
f 2206/2206 2203/2203 2204/2204
f 2054/2054 2207/2207 2206/2206
f 2054/2054 2206/2206 2204/2204
f 2051/2051 2052/2052 2054/2054
f 2051/2051 2054/2054 2204/2204
f 2209/2209 2208/2208 2206/2206
f 2209/2209 2206/2206 2207/2207
f 2211/2211 2210/2210 2209/2209
f 2211/2211 2209/2209 2207/2207
f 2054/2054 2055/2055 2211/2211
f 2054/2054 2211/2211 2207/2207
f 2213/2213 2212/2212 2210/2210
f 2213/2213 2210/2210 2211/2211
f 2055/2055 2056/2056 2213/2213
f 2055/2055 2213/2213 2211/2211
f 2215/2215 2214/2214 2212/2212
f 2215/2215 2212/2212 2213/2213
f 2056/2056 2058/2058 2215/2215
f 2056/2056 2215/2215 2213/2213
f 2217/2217 2216/2216 2214/2214
f 2217/2217 2214/2214 2215/2215
f 2058/2058 2060/2060 2217/2217
f 2058/2058 2217/2217 2215/2215
f 2219/2219 2218/2218 2216/2216
f 2219/2219 2216/2216 2217/2217
f 2060/2060 2062/2062 2219/2219
f 2060/2060 2219/2219 2217/2217
f 2221/2221 2220/2220 2218/2218
f 2221/2221 2218/2218 2219/2219
f 2062/2062 2064/2064 2221/2221
f 2062/2062 2221/2221 2219/2219
f 2223/2223 2222/2222 2220/2220
f 2223/2223 2220/2220 2221/2221
f 2064/2064 2066/2066 2223/2223
f 2064/2064 2223/2223 2221/2221
f 2225/2225 2224/2224 2222/2222
f 2225/2225 2222/2222 2223/2223
f 2066/2066 2068/2068 2225/2225
f 2066/2066 2225/2225 2223/2223
f 2227/2227 2226/2226 2224/2224
f 2227/2227 2224/2224 2225/2225
f 2068/2068 2070/2070 2227/2227
f 2068/2068 2227/2227 2225/2225
f 2229/2229 2228/2228 2226/2226
f 2229/2229 2226/2226 2227/2227
f 2070/2070 2072/2072 2229/2229
f 2070/2070 2229/2229 2227/2227
f 2231/2231 2230/2230 2228/2228
f 2231/2231 2228/2228 2229/2229
f 2072/2072 2074/2074 2231/2231
f 2072/2072 2231/2231 2229/2229
f 2233/2233 2232/2232 2230/2230
f 2233/2233 2230/2230 2231/2231
f 2074/2074 2076/2076 2233/2233
f 2074/2074 2233/2233 2231/2231
f 2235/2235 2234/2234 2232/2232
f 2235/2235 2232/2232 2233/2233
f 2076/2076 2078/2078 2235/2235
f 2076/2076 2235/2235 2233/2233
f 2237/2237 2236/2236 2234/2234
f 2237/2237 2234/2234 2235/2235
f 2078/2078 2080/2080 2237/2237
f 2078/2078 2237/2237 2235/2235
f 2239/2239 2238/2238 2236/2236
f 2239/2239 2236/2236 2237/2237
f 2080/2080 2082/2082 2239/2239
f 2080/2080 2239/2239 2237/2237
f 2241/2241 2240/2240 2238/2238
f 2241/2241 2238/2238 2239/2239
f 2082/2082 2084/2084 2241/2241
f 2082/2082 2241/2241 2239/2239
f 2243/2243 2242/2242 2240/2240
f 2243/2243 2240/2240 2241/2241
f 2084/2084 2086/2086 2243/2243
f 2084/2084 2243/2243 2241/2241
f 2245/2245 2244/2244 2242/2242
f 2245/2245 2242/2242 2243/2243
f 2086/2086 2088/2088 2245/2245
f 2086/2086 2245/2245 2243/2243
f 2247/2247 2246/2246 2244/2244
f 2247/2247 2244/2244 2245/2245
f 2088/2088 2090/2090 2247/2247
f 2088/2088 2247/2247 2245/2245
f 2249/2249 2248/2248 2246/2246
f 2249/2249 2246/2246 2247/2247
f 2090/2090 2092/2092 2249/2249
f 2090/2090 2249/2249 2247/2247
f 2251/2251 2250/2250 2248/2248
f 2251/2251 2248/2248 2249/2249
f 2092/2092 2094/2094 2251/2251
f 2092/2092 2251/2251 2249/2249
f 2253/2253 2252/2252 2250/2250
f 2253/2253 2250/2250 2251/2251
f 2094/2094 2096/2096 2253/2253
f 2094/2094 2253/2253 2251/2251
f 2255/2255 2254/2254 2252/2252
f 2255/2255 2252/2252 2253/2253
f 2096/2096 2098/2098 2255/2255
f 2096/2096 2255/2255 2253/2253
f 2257/2257 2256/2256 2254/2254
f 2257/2257 2254/2254 2255/2255
f 2098/2098 2100/2100 2257/2257
f 2098/2098 2257/2257 2255/2255
f 2259/2259 2258/2258 2256/2256
f 2259/2259 2256/2256 2257/2257
f 2100/2100 2102/2102 2259/2259
f 2100/2100 2259/2259 2257/2257
f 2261/2261 2260/2260 2258/2258
f 2261/2261 2258/2258 2259/2259
f 2102/2102 2104/2104 2261/2261
f 2102/2102 2261/2261 2259/2259
f 2263/2263 2262/2262 2260/2260
f 2263/2263 2260/2260 2261/2261
f 2104/2104 2106/2106 2263/2263
f 2104/2104 2263/2263 2261/2261
f 2109/2109 2110/2110 2265/2265
f 2267/2267 2266/2266 2264/2264
f 2267/2267 2264/2264 2265/2265
f 2110/2110 2112/2112 2267/2267
f 2110/2110 2267/2267 2265/2265
f 2269/2269 2268/2268 2266/2266
f 2269/2269 2266/2266 2267/2267
f 2112/2112 2114/2114 2269/2269
f 2112/2112 2269/2269 2267/2267
f 2271/2271 2270/2270 2268/2268
f 2271/2271 2268/2268 2269/2269
f 2114/2114 2116/2116 2271/2271
f 2114/2114 2271/2271 2269/2269
f 2273/2273 2272/2272 2270/2270
f 2273/2273 2270/2270 2271/2271
f 2116/2116 2118/2118 2273/2273
f 2116/2116 2273/2273 2271/2271
f 2275/2275 2274/2274 2272/2272
f 2275/2275 2272/2272 2273/2273
f 2118/2118 2120/2120 2275/2275
f 2118/2118 2275/2275 2273/2273
f 2277/2277 2276/2276 2274/2274
f 2277/2277 2274/2274 2275/2275
f 2120/2120 2122/2122 2277/2277
f 2120/2120 2277/2277 2275/2275
f 2279/2279 2278/2278 2276/2276
f 2279/2279 2276/2276 2277/2277
f 2122/2122 2124/2124 2279/2279
f 2122/2122 2279/2279 2277/2277
f 2281/2281 2280/2280 2278/2278
f 2281/2281 2278/2278 2279/2279
f 2124/2124 2126/2126 2281/2281
f 2124/2124 2281/2281 2279/2279
f 2283/2283 2282/2282 2280/2280
f 2283/2283 2280/2280 2281/2281
f 2126/2126 2128/2128 2283/2283
f 2126/2126 2283/2283 2281/2281
f 2285/2285 2284/2284 2282/2282
f 2285/2285 2282/2282 2283/2283
f 2128/2128 2130/2130 2285/2285
f 2128/2128 2285/2285 2283/2283
f 2287/2287 2286/2286 2284/2284
f 2287/2287 2284/2284 2285/2285
f 2130/2130 2132/2132 2287/2287
f 2130/2130 2287/2287 2285/2285
f 2289/2289 2288/2288 2286/2286
f 2289/2289 2286/2286 2287/2287
f 2132/2132 2134/2134 2289/2289
f 2132/2132 2289/2289 2287/2287
f 2291/2291 2290/2290 2288/2288
f 2291/2291 2288/2288 2289/2289
f 2134/2134 2136/2136 2291/2291
f 2134/2134 2291/2291 2289/2289
f 2293/2293 2292/2292 2290/2290
f 2293/2293 2290/2290 2291/2291
f 2136/2136 2138/2138 2293/2293
f 2136/2136 2293/2293 2291/2291
f 2295/2295 2294/2294 2292/2292
f 2295/2295 2292/2292 2293/2293
f 2138/2138 2140/2140 2295/2295
f 2138/2138 2295/2295 2293/2293
f 2297/2297 2296/2296 2294/2294
f 2297/2297 2294/2294 2295/2295
f 2140/2140 2142/2142 2297/2297
f 2140/2140 2297/2297 2295/2295
f 2299/2299 2298/2298 2296/2296
f 2299/2299 2296/2296 2297/2297
f 2142/2142 2144/2144 2299/2299
f 2142/2142 2299/2299 2297/2297
f 2301/2301 2300/2300 2298/2298
f 2301/2301 2298/2298 2299/2299
f 2144/2144 2146/2146 2301/2301
f 2144/2144 2301/2301 2299/2299
f 2303/2303 2302/2302 2300/2300
f 2303/2303 2300/2300 2301/2301
f 2146/2146 2148/2148 2303/2303
f 2146/2146 2303/2303 2301/2301
f 2305/2305 2304/2304 2302/2302
f 2305/2305 2302/2302 2303/2303
f 2148/2148 2150/2150 2305/2305
f 2148/2148 2305/2305 2303/2303
f 2308/2308 2306/2306 2304/2304
f 2308/2308 2304/2304 2305/2305
f 2150/2150 2153/2153 2308/2308
f 2150/2150 2308/2308 2305/2305
f 2311/2311 2310/2310 2307/2307
f 2311/2311 2307/2307 2309/2309
f 2152/2152 2156/2156 2311/2311
f 2152/2152 2311/2311 2309/2309
f 2313/2313 2312/2312 2310/2310
f 2313/2313 2310/2310 2311/2311
f 2156/2156 2158/2158 2313/2313
f 2156/2156 2313/2313 2311/2311
f 2315/2315 2314/2314 2312/2312
f 2315/2315 2312/2312 2313/2313
f 2158/2158 2160/2160 2315/2315
f 2158/2158 2315/2315 2313/2313
f 2317/2317 2316/2316 2314/2314
f 2317/2317 2314/2314 2315/2315
f 2160/2160 2162/2162 2317/2317
f 2160/2160 2317/2317 2315/2315
f 2319/2319 2318/2318 2316/2316
f 2319/2319 2316/2316 2317/2317
f 2162/2162 2164/2164 2319/2319
f 2162/2162 2319/2319 2317/2317
f 2321/2321 2320/2320 2318/2318
f 2321/2321 2318/2318 2319/2319
f 2164/2164 2166/2166 2321/2321
f 2164/2164 2321/2321 2319/2319
f 2323/2323 2322/2322 2320/2320
f 2323/2323 2320/2320 2321/2321
f 2166/2166 2168/2168 2323/2323
f 2166/2166 2323/2323 2321/2321
f 2325/2325 2324/2324 2322/2322
f 2325/2325 2322/2322 2323/2323
f 2168/2168 2170/2170 2325/2325
f 2168/2168 2325/2325 2323/2323
f 2327/2327 2326/2326 2324/2324
f 2327/2327 2324/2324 2325/2325
f 2170/2170 2172/2172 2327/2327
f 2170/2170 2327/2327 2325/2325
f 2329/2329 2328/2328 2326/2326
f 2329/2329 2326/2326 2327/2327
f 2172/2172 2174/2174 2329/2329
f 2172/2172 2329/2329 2327/2327
f 2331/2331 2330/2330 2328/2328
f 2331/2331 2328/2328 2329/2329
f 2174/2174 2176/2176 2331/2331
f 2174/2174 2331/2331 2329/2329
f 2333/2333 2332/2332 2330/2330
f 2333/2333 2330/2330 2331/2331
f 2176/2176 2178/2178 2333/2333
f 2176/2176 2333/2333 2331/2331
f 2335/2335 2334/2334 2332/2332
f 2335/2335 2332/2332 2333/2333
f 2178/2178 2180/2180 2335/2335
f 2178/2178 2335/2335 2333/2333
f 2337/2337 2336/2336 2334/2334
f 2337/2337 2334/2334 2335/2335
f 2180/2180 2182/2182 2337/2337
f 2180/2180 2337/2337 2335/2335
f 2339/2339 2338/2338 2336/2336
f 2339/2339 2336/2336 2337/2337
f 2182/2182 2184/2184 2339/2339
f 2182/2182 2339/2339 2337/2337
f 2341/2341 2340/2340 2338/2338
f 2341/2341 2338/2338 2339/2339
f 2184/2184 2342/2342 2341/2341
f 2184/2184 2341/2341 2339/2339
f 2193/2193 2343/2343 2341/2341
f 2193/2193 2341/2341 2342/2342
f 2187/2187 2191/2191 2193/2193
f 2187/2187 2193/2193 2342/2342
f 2184/2184 2185/2185 2187/2187
f 2184/2184 2187/2187 2342/2342
f 2344/2344 2340/2340 2341/2341
f 2344/2344 2341/2341 2343/2343
f 2196/2196 2345/2345 2344/2344
f 2196/2196 2344/2344 2343/2343
f 2193/2193 2194/2194 2196/2196
f 2193/2193 2196/2196 2343/2343
f 2347/2347 2346/2346 2344/2344
f 2347/2347 2344/2344 2345/2345
f 2199/2199 2348/2348 2347/2347
f 2199/2199 2347/2347 2345/2345
f 2196/2196 2197/2197 2199/2199
f 2196/2196 2199/2199 2345/2345
f 2350/2350 2349/2349 2347/2347
f 2350/2350 2347/2347 2348/2348
f 2202/2202 2351/2351 2350/2350
f 2202/2202 2350/2350 2348/2348
f 2199/2199 2200/2200 2202/2202
f 2199/2199 2202/2202 2348/2348
f 2353/2353 2352/2352 2350/2350
f 2353/2353 2350/2350 2351/2351
f 2205/2205 2354/2354 2353/2353
f 2205/2205 2353/2353 2351/2351
f 2202/2202 2203/2203 2205/2205
f 2202/2202 2205/2205 2351/2351
f 2356/2356 2355/2355 2353/2353
f 2356/2356 2353/2353 2354/2354
f 2208/2208 2357/2357 2356/2356
f 2208/2208 2356/2356 2354/2354
f 2205/2205 2206/2206 2208/2208
f 2205/2205 2208/2208 2354/2354
f 2359/2359 2358/2358 2356/2356
f 2359/2359 2356/2356 2357/2357
f 2361/2361 2360/2360 2359/2359
f 2361/2361 2359/2359 2357/2357
f 2208/2208 2209/2209 2361/2361
f 2208/2208 2361/2361 2357/2357
f 2363/2363 2362/2362 2360/2360
f 2363/2363 2360/2360 2361/2361
f 2209/2209 2210/2210 2363/2363
f 2209/2209 2363/2363 2361/2361
f 2365/2365 2364/2364 2362/2362
f 2365/2365 2362/2362 2363/2363
f 2210/2210 2212/2212 2365/2365
f 2210/2210 2365/2365 2363/2363
f 2367/2367 2366/2366 2364/2364
f 2367/2367 2364/2364 2365/2365
f 2212/2212 2214/2214 2367/2367
f 2212/2212 2367/2367 2365/2365
f 2369/2369 2368/2368 2366/2366
f 2369/2369 2366/2366 2367/2367
f 2214/2214 2216/2216 2369/2369
f 2214/2214 2369/2369 2367/2367
f 2371/2371 2370/2370 2368/2368
f 2371/2371 2368/2368 2369/2369
f 2216/2216 2218/2218 2371/2371
f 2216/2216 2371/2371 2369/2369
f 2373/2373 2372/2372 2370/2370
f 2373/2373 2370/2370 2371/2371
f 2218/2218 2220/2220 2373/2373
f 2218/2218 2373/2373 2371/2371
f 2375/2375 2374/2374 2372/2372
f 2375/2375 2372/2372 2373/2373
f 2220/2220 2222/2222 2375/2375
f 2220/2220 2375/2375 2373/2373
f 2377/2377 2376/2376 2374/2374
f 2377/2377 2374/2374 2375/2375
f 2222/2222 2224/2224 2377/2377
f 2222/2222 2377/2377 2375/2375
f 2379/2379 2378/2378 2376/2376
f 2379/2379 2376/2376 2377/2377
f 2224/2224 2226/2226 2379/2379
f 2224/2224 2379/2379 2377/2377
f 2381/2381 2380/2380 2378/2378
f 2381/2381 2378/2378 2379/2379
f 2226/2226 2228/2228 2381/2381
f 2226/2226 2381/2381 2379/2379
f 2383/2383 2382/2382 2380/2380
f 2383/2383 2380/2380 2381/2381
f 2228/2228 2230/2230 2383/2383
f 2228/2228 2383/2383 2381/2381
f 2385/2385 2384/2384 2382/2382
f 2385/2385 2382/2382 2383/2383
f 2230/2230 2232/2232 2385/2385
f 2230/2230 2385/2385 2383/2383
f 2387/2387 2386/2386 2384/2384
f 2387/2387 2384/2384 2385/2385
f 2232/2232 2234/2234 2387/2387
f 2232/2232 2387/2387 2385/2385
f 2389/2389 2388/2388 2386/2386
f 2389/2389 2386/2386 2387/2387
f 2234/2234 2236/2236 2389/2389
f 2234/2234 2389/2389 2387/2387
f 2391/2391 2390/2390 2388/2388
f 2391/2391 2388/2388 2389/2389
f 2236/2236 2238/2238 2391/2391
f 2236/2236 2391/2391 2389/2389
f 2393/2393 2392/2392 2390/2390
f 2393/2393 2390/2390 2391/2391
f 2238/2238 2240/2240 2393/2393
f 2238/2238 2393/2393 2391/2391
f 2395/2395 2394/2394 2392/2392
f 2395/2395 2392/2392 2393/2393
f 2240/2240 2242/2242 2395/2395
f 2240/2240 2395/2395 2393/2393
f 2397/2397 2396/2396 2394/2394
f 2397/2397 2394/2394 2395/2395
f 2242/2242 2244/2244 2397/2397
f 2242/2242 2397/2397 2395/2395
f 2399/2399 2398/2398 2396/2396
f 2399/2399 2396/2396 2397/2397
f 2244/2244 2246/2246 2399/2399
f 2244/2244 2399/2399 2397/2397
f 2401/2401 2400/2400 2398/2398
f 2401/2401 2398/2398 2399/2399
f 2246/2246 2248/2248 2401/2401
f 2246/2246 2401/2401 2399/2399
f 2403/2403 2402/2402 2400/2400
f 2403/2403 2400/2400 2401/2401
f 2248/2248 2250/2250 2403/2403
f 2248/2248 2403/2403 2401/2401
f 2405/2405 2404/2404 2402/2402
f 2405/2405 2402/2402 2403/2403
f 2250/2250 2252/2252 2405/2405
f 2250/2250 2405/2405 2403/2403
f 2407/2407 2406/2406 2404/2404
f 2407/2407 2404/2404 2405/2405
f 2252/2252 2254/2254 2407/2407
f 2252/2252 2407/2407 2405/2405
f 2409/2409 2408/2408 2406/2406
f 2409/2409 2406/2406 2407/2407
f 2254/2254 2256/2256 2409/2409
f 2254/2254 2409/2409 2407/2407
f 2411/2411 2410/2410 2408/2408
f 2411/2411 2408/2408 2409/2409
f 2256/2256 2258/2258 2411/2411
f 2256/2256 2411/2411 2409/2409
f 2413/2413 2412/2412 2410/2410
f 2413/2413 2410/2410 2411/2411
f 2258/2258 2260/2260 2413/2413
f 2258/2258 2413/2413 2411/2411
f 2415/2415 2414/2414 2412/2412
f 2415/2415 2412/2412 2413/2413
f 2260/2260 2262/2262 2415/2415
f 2260/2260 2415/2415 2413/2413
f 2264/2264 2266/2266 2418/2418
f 2264/2264 2418/2418 2416/2416
f 2420/2420 2419/2419 2417/2417
f 2420/2420 2417/2417 2418/2418
f 2266/2266 2268/2268 2420/2420
f 2266/2266 2420/2420 2418/2418
f 2422/2422 2421/2421 2419/2419
f 2422/2422 2419/2419 2420/2420
f 2268/2268 2270/2270 2422/2422
f 2268/2268 2422/2422 2420/2420
f 2424/2424 2423/2423 2421/2421
f 2424/2424 2421/2421 2422/2422
f 2270/2270 2272/2272 2424/2424
f 2270/2270 2424/2424 2422/2422
f 2426/2426 2425/2425 2423/2423
f 2426/2426 2423/2423 2424/2424
f 2272/2272 2274/2274 2426/2426
f 2272/2272 2426/2426 2424/2424
f 2428/2428 2427/2427 2425/2425
f 2428/2428 2425/2425 2426/2426
f 2274/2274 2276/2276 2428/2428
f 2274/2274 2428/2428 2426/2426
f 2430/2430 2429/2429 2427/2427
f 2430/2430 2427/2427 2428/2428
f 2276/2276 2278/2278 2430/2430
f 2276/2276 2430/2430 2428/2428
f 2432/2432 2431/2431 2429/2429
f 2432/2432 2429/2429 2430/2430
f 2278/2278 2280/2280 2432/2432
f 2278/2278 2432/2432 2430/2430
f 2434/2434 2433/2433 2431/2431
f 2434/2434 2431/2431 2432/2432
f 2280/2280 2282/2282 2434/2434
f 2280/2280 2434/2434 2432/2432
f 2436/2436 2435/2435 2433/2433
f 2436/2436 2433/2433 2434/2434
f 2282/2282 2284/2284 2436/2436
f 2282/2282 2436/2436 2434/2434
f 2438/2438 2437/2437 2435/2435
f 2438/2438 2435/2435 2436/2436
f 2284/2284 2286/2286 2438/2438
f 2284/2284 2438/2438 2436/2436
f 2440/2440 2439/2439 2437/2437
f 2440/2440 2437/2437 2438/2438
f 2286/2286 2288/2288 2440/2440
f 2286/2286 2440/2440 2438/2438
f 2442/2442 2441/2441 2439/2439
f 2442/2442 2439/2439 2440/2440
f 2288/2288 2290/2290 2442/2442
f 2288/2288 2442/2442 2440/2440
f 2444/2444 2443/2443 2441/2441
f 2444/2444 2441/2441 2442/2442
f 2290/2290 2292/2292 2444/2444
f 2290/2290 2444/2444 2442/2442
f 2446/2446 2445/2445 2443/2443
f 2446/2446 2443/2443 2444/2444
f 2292/2292 2294/2294 2446/2446
f 2292/2292 2446/2446 2444/2444
f 2448/2448 2447/2447 2445/2445
f 2448/2448 2445/2445 2446/2446
f 2294/2294 2296/2296 2448/2448
f 2294/2294 2448/2448 2446/2446
f 2450/2450 2449/2449 2447/2447
f 2450/2450 2447/2447 2448/2448
f 2296/2296 2298/2298 2450/2450
f 2296/2296 2450/2450 2448/2448
f 2452/2452 2451/2451 2449/2449
f 2452/2452 2449/2449 2450/2450
f 2298/2298 2300/2300 2452/2452
f 2298/2298 2452/2452 2450/2450
f 2454/2454 2453/2453 2451/2451
f 2454/2454 2451/2451 2452/2452
f 2300/2300 2302/2302 2454/2454
f 2300/2300 2454/2454 2452/2452
f 2456/2456 2455/2455 2453/2453
f 2456/2456 2453/2453 2454/2454
f 2302/2302 2304/2304 2456/2456
f 2302/2302 2456/2456 2454/2454
f 2460/2460 2457/2457 2455/2455
f 2460/2460 2455/2455 2456/2456
f 2304/2304 2306/2306 2460/2460
f 2304/2304 2460/2460 2456/2456
f 2462/2462 2461/2461 2458/2458
f 2462/2462 2458/2458 2459/2459
f 2307/2307 2310/2310 2462/2462
f 2307/2307 2462/2462 2459/2459
f 2464/2464 2463/2463 2461/2461
f 2464/2464 2461/2461 2462/2462
f 2310/2310 2312/2312 2464/2464
f 2310/2310 2464/2464 2462/2462
f 2466/2466 2465/2465 2463/2463
f 2466/2466 2463/2463 2464/2464
f 2312/2312 2314/2314 2466/2466
f 2312/2312 2466/2466 2464/2464
f 2468/2468 2467/2467 2465/2465
f 2468/2468 2465/2465 2466/2466
f 2314/2314 2316/2316 2468/2468
f 2314/2314 2468/2468 2466/2466
f 2470/2470 2469/2469 2467/2467
f 2470/2470 2467/2467 2468/2468
f 2316/2316 2318/2318 2470/2470
f 2316/2316 2470/2470 2468/2468
f 2472/2472 2471/2471 2469/2469
f 2472/2472 2469/2469 2470/2470
f 2318/2318 2320/2320 2472/2472
f 2318/2318 2472/2472 2470/2470
f 2474/2474 2473/2473 2471/2471
f 2474/2474 2471/2471 2472/2472
f 2320/2320 2322/2322 2474/2474
f 2320/2320 2474/2474 2472/2472
f 2476/2476 2475/2475 2473/2473
f 2476/2476 2473/2473 2474/2474
f 2322/2322 2324/2324 2476/2476
f 2322/2322 2476/2476 2474/2474
f 2478/2478 2477/2477 2475/2475
f 2478/2478 2475/2475 2476/2476
f 2324/2324 2326/2326 2478/2478
f 2324/2324 2478/2478 2476/2476
f 2480/2480 2479/2479 2477/2477
f 2480/2480 2477/2477 2478/2478
f 2326/2326 2328/2328 2480/2480
f 2326/2326 2480/2480 2478/2478
f 2482/2482 2481/2481 2479/2479
f 2482/2482 2479/2479 2480/2480
f 2328/2328 2330/2330 2482/2482
f 2328/2328 2482/2482 2480/2480
f 2484/2484 2483/2483 2481/2481
f 2484/2484 2481/2481 2482/2482
f 2330/2330 2332/2332 2484/2484
f 2330/2330 2484/2484 2482/2482
f 2486/2486 2485/2485 2483/2483
f 2486/2486 2483/2483 2484/2484
f 2332/2332 2334/2334 2486/2486
f 2332/2332 2486/2486 2484/2484
f 2488/2488 2487/2487 2485/2485
f 2488/2488 2485/2485 2486/2486
f 2334/2334 2336/2336 2488/2488
f 2334/2334 2488/2488 2486/2486
f 2490/2490 2489/2489 2487/2487
f 2490/2490 2487/2487 2488/2488
f 2336/2336 2338/2338 2490/2490
f 2336/2336 2490/2490 2488/2488
f 2492/2492 2491/2491 2489/2489
f 2492/2492 2489/2489 2490/2490
f 2338/2338 2340/2340 2492/2492
f 2338/2338 2492/2492 2490/2490
f 2346/2346 2493/2493 2491/2491
f 2346/2346 2491/2491 2492/2492
f 2340/2340 2344/2344 2346/2346
f 2340/2340 2346/2346 2492/2492
f 2495/2495 2494/2494 2491/2491
f 2495/2495 2491/2491 2493/2493
f 2349/2349 2496/2496 2495/2495
f 2349/2349 2495/2495 2493/2493
f 2346/2346 2347/2347 2349/2349
f 2346/2346 2349/2349 2493/2493
f 2498/2498 2497/2497 2495/2495
f 2498/2498 2495/2495 2496/2496
f 2352/2352 2499/2499 2498/2498
f 2352/2352 2498/2498 2496/2496
f 2349/2349 2350/2350 2352/2352
f 2349/2349 2352/2352 2496/2496
f 2501/2501 2500/2500 2498/2498
f 2501/2501 2498/2498 2499/2499
f 2355/2355 2502/2502 2501/2501
f 2355/2355 2501/2501 2499/2499
f 2352/2352 2353/2353 2355/2355
f 2352/2352 2355/2355 2499/2499
f 2504/2504 2503/2503 2501/2501
f 2504/2504 2501/2501 2502/2502
f 2358/2358 2505/2505 2504/2504
f 2358/2358 2504/2504 2502/2502
f 2355/2355 2356/2356 2358/2358
f 2355/2355 2358/2358 2502/2502
f 2507/2507 2506/2506 2504/2504
f 2507/2507 2504/2504 2505/2505
f 2509/2509 2508/2508 2507/2507
f 2509/2509 2507/2507 2505/2505
f 2358/2358 2359/2359 2509/2509
f 2358/2358 2509/2509 2505/2505
f 2511/2511 2510/2510 2508/2508
f 2511/2511 2508/2508 2509/2509
f 2359/2359 2360/2360 2511/2511
f 2359/2359 2511/2511 2509/2509
f 2513/2513 2512/2512 2510/2510
f 2513/2513 2510/2510 2511/2511
f 2360/2360 2362/2362 2513/2513
f 2360/2360 2513/2513 2511/2511
f 2515/2515 2514/2514 2512/2512
f 2515/2515 2512/2512 2513/2513
f 2362/2362 2364/2364 2515/2515
f 2362/2362 2515/2515 2513/2513
f 2517/2517 2516/2516 2514/2514
f 2517/2517 2514/2514 2515/2515
f 2364/2364 2366/2366 2517/2517
f 2364/2364 2517/2517 2515/2515
f 2519/2519 2518/2518 2516/2516
f 2519/2519 2516/2516 2517/2517
f 2366/2366 2368/2368 2519/2519
f 2366/2366 2519/2519 2517/2517
f 2521/2521 2520/2520 2518/2518
f 2521/2521 2518/2518 2519/2519
f 2368/2368 2370/2370 2521/2521
f 2368/2368 2521/2521 2519/2519
f 2523/2523 2522/2522 2520/2520
f 2523/2523 2520/2520 2521/2521
f 2370/2370 2372/2372 2523/2523
f 2370/2370 2523/2523 2521/2521
f 2525/2525 2524/2524 2522/2522
f 2525/2525 2522/2522 2523/2523
f 2372/2372 2374/2374 2525/2525
f 2372/2372 2525/2525 2523/2523
f 2527/2527 2526/2526 2524/2524
f 2527/2527 2524/2524 2525/2525
f 2374/2374 2376/2376 2527/2527
f 2374/2374 2527/2527 2525/2525
f 2529/2529 2528/2528 2526/2526
f 2529/2529 2526/2526 2527/2527
f 2376/2376 2378/2378 2529/2529
f 2376/2376 2529/2529 2527/2527
f 2531/2531 2530/2530 2528/2528
f 2531/2531 2528/2528 2529/2529
f 2378/2378 2380/2380 2531/2531
f 2378/2378 2531/2531 2529/2529
f 2533/2533 2532/2532 2530/2530
f 2533/2533 2530/2530 2531/2531
f 2380/2380 2382/2382 2533/2533
f 2380/2380 2533/2533 2531/2531
f 2535/2535 2534/2534 2532/2532
f 2535/2535 2532/2532 2533/2533
f 2382/2382 2384/2384 2535/2535
f 2382/2382 2535/2535 2533/2533
f 2537/2537 2536/2536 2534/2534
f 2537/2537 2534/2534 2535/2535
f 2384/2384 2386/2386 2537/2537
f 2384/2384 2537/2537 2535/2535
f 2539/2539 2538/2538 2536/2536
f 2539/2539 2536/2536 2537/2537
f 2386/2386 2388/2388 2539/2539
f 2386/2386 2539/2539 2537/2537
f 2541/2541 2540/2540 2538/2538
f 2541/2541 2538/2538 2539/2539
f 2388/2388 2390/2390 2541/2541
f 2388/2388 2541/2541 2539/2539
f 2543/2543 2542/2542 2540/2540
f 2543/2543 2540/2540 2541/2541
f 2390/2390 2392/2392 2543/2543
f 2390/2390 2543/2543 2541/2541
f 2545/2545 2544/2544 2542/2542
f 2545/2545 2542/2542 2543/2543
f 2392/2392 2394/2394 2545/2545
f 2392/2392 2545/2545 2543/2543
f 2547/2547 2546/2546 2544/2544
f 2547/2547 2544/2544 2545/2545
f 2394/2394 2396/2396 2547/2547
f 2394/2394 2547/2547 2545/2545
f 2549/2549 2548/2548 2546/2546
f 2549/2549 2546/2546 2547/2547
f 2396/2396 2398/2398 2549/2549
f 2396/2396 2549/2549 2547/2547
f 2551/2551 2550/2550 2548/2548
f 2551/2551 2548/2548 2549/2549
f 2398/2398 2400/2400 2551/2551
f 2398/2398 2551/2551 2549/2549
f 2553/2553 2552/2552 2550/2550
f 2553/2553 2550/2550 2551/2551
f 2400/2400 2402/2402 2553/2553
f 2400/2400 2553/2553 2551/2551
f 2555/2555 2554/2554 2552/2552
f 2555/2555 2552/2552 2553/2553
f 2402/2402 2404/2404 2555/2555
f 2402/2402 2555/2555 2553/2553
f 2557/2557 2556/2556 2554/2554
f 2557/2557 2554/2554 2555/2555
f 2404/2404 2406/2406 2557/2557
f 2404/2404 2557/2557 2555/2555
f 2559/2559 2558/2558 2556/2556
f 2559/2559 2556/2556 2557/2557
f 2406/2406 2408/2408 2559/2559
f 2406/2406 2559/2559 2557/2557
f 2561/2561 2560/2560 2558/2558
f 2561/2561 2558/2558 2559/2559
f 2408/2408 2410/2410 2561/2561
f 2408/2408 2561/2561 2559/2559
f 2563/2563 2562/2562 2560/2560
f 2563/2563 2560/2560 2561/2561
f 2410/2410 2412/2412 2563/2563
f 2410/2410 2563/2563 2561/2561
f 2567/2567 2566/2566 2564/2564
f 2567/2567 2564/2564 2565/2565
f 2417/2417 2419/2419 2567/2567
f 2417/2417 2567/2567 2565/2565
f 2569/2569 2568/2568 2566/2566
f 2569/2569 2566/2566 2567/2567
f 2419/2419 2421/2421 2569/2569
f 2419/2419 2569/2569 2567/2567
f 2571/2571 2570/2570 2568/2568
f 2571/2571 2568/2568 2569/2569
f 2421/2421 2423/2423 2571/2571
f 2421/2421 2571/2571 2569/2569
f 2573/2573 2572/2572 2570/2570
f 2573/2573 2570/2570 2571/2571
f 2423/2423 2425/2425 2573/2573
f 2423/2423 2573/2573 2571/2571
f 2575/2575 2574/2574 2572/2572
f 2575/2575 2572/2572 2573/2573
f 2425/2425 2427/2427 2575/2575
f 2425/2425 2575/2575 2573/2573
f 2577/2577 2576/2576 2574/2574
f 2577/2577 2574/2574 2575/2575
f 2427/2427 2429/2429 2577/2577
f 2427/2427 2577/2577 2575/2575
f 2579/2579 2578/2578 2576/2576
f 2579/2579 2576/2576 2577/2577
f 2429/2429 2431/2431 2579/2579
f 2429/2429 2579/2579 2577/2577
f 2581/2581 2580/2580 2578/2578
f 2581/2581 2578/2578 2579/2579
f 2431/2431 2433/2433 2581/2581
f 2431/2431 2581/2581 2579/2579
f 2583/2583 2582/2582 2580/2580
f 2583/2583 2580/2580 2581/2581
f 2433/2433 2435/2435 2583/2583
f 2433/2433 2583/2583 2581/2581
f 2585/2585 2584/2584 2582/2582
f 2585/2585 2582/2582 2583/2583
f 2435/2435 2437/2437 2585/2585
f 2435/2435 2585/2585 2583/2583
f 2587/2587 2586/2586 2584/2584
f 2587/2587 2584/2584 2585/2585
f 2437/2437 2439/2439 2587/2587
f 2437/2437 2587/2587 2585/2585
f 2589/2589 2588/2588 2586/2586
f 2589/2589 2586/2586 2587/2587
f 2439/2439 2441/2441 2589/2589
f 2439/2439 2589/2589 2587/2587
f 2591/2591 2590/2590 2588/2588
f 2591/2591 2588/2588 2589/2589
f 2441/2441 2443/2443 2591/2591
f 2441/2441 2591/2591 2589/2589
f 2593/2593 2592/2592 2590/2590
f 2593/2593 2590/2590 2591/2591
f 2443/2443 2445/2445 2593/2593
f 2443/2443 2593/2593 2591/2591
f 2595/2595 2594/2594 2592/2592
f 2595/2595 2592/2592 2593/2593
f 2445/2445 2447/2447 2595/2595
f 2445/2445 2595/2595 2593/2593
f 2597/2597 2596/2596 2594/2594
f 2597/2597 2594/2594 2595/2595
f 2447/2447 2449/2449 2597/2597
f 2447/2447 2597/2597 2595/2595
f 2599/2599 2598/2598 2596/2596
f 2599/2599 2596/2596 2597/2597
f 2449/2449 2451/2451 2599/2599
f 2449/2449 2599/2599 2597/2597
f 2601/2601 2600/2600 2598/2598
f 2601/2601 2598/2598 2599/2599
f 2451/2451 2453/2453 2601/2601
f 2451/2451 2601/2601 2599/2599
f 2603/2603 2602/2602 2600/2600
f 2603/2603 2600/2600 2601/2601
f 2453/2453 2455/2455 2603/2603
f 2453/2453 2603/2603 2601/2601
f 2606/2606 2605/2605 2602/2602
f 2606/2606 2602/2602 2603/2603
f 2455/2455 2457/2457 2606/2606
f 2455/2455 2606/2606 2603/2603
f 2609/2609 2608/2608 2604/2604
f 2609/2609 2604/2604 2607/2607
f 2458/2458 2461/2461 2609/2609
f 2458/2458 2609/2609 2607/2607
f 2611/2611 2610/2610 2608/2608
f 2611/2611 2608/2608 2609/2609
f 2461/2461 2463/2463 2611/2611
f 2461/2461 2611/2611 2609/2609
f 2613/2613 2612/2612 2610/2610
f 2613/2613 2610/2610 2611/2611
f 2463/2463 2465/2465 2613/2613
f 2463/2463 2613/2613 2611/2611
f 2615/2615 2614/2614 2612/2612
f 2615/2615 2612/2612 2613/2613
f 2465/2465 2467/2467 2615/2615
f 2465/2465 2615/2615 2613/2613
f 2617/2617 2616/2616 2614/2614
f 2617/2617 2614/2614 2615/2615
f 2467/2467 2469/2469 2617/2617
f 2467/2467 2617/2617 2615/2615
f 2619/2619 2618/2618 2616/2616
f 2619/2619 2616/2616 2617/2617
f 2469/2469 2471/2471 2619/2619
f 2469/2469 2619/2619 2617/2617
f 2621/2621 2620/2620 2618/2618
f 2621/2621 2618/2618 2619/2619
f 2471/2471 2473/2473 2621/2621
f 2471/2471 2621/2621 2619/2619
f 2623/2623 2622/2622 2620/2620
f 2623/2623 2620/2620 2621/2621
f 2473/2473 2475/2475 2623/2623
f 2473/2473 2623/2623 2621/2621
f 2625/2625 2624/2624 2622/2622
f 2625/2625 2622/2622 2623/2623
f 2475/2475 2477/2477 2625/2625
f 2475/2475 2625/2625 2623/2623
f 2627/2627 2626/2626 2624/2624
f 2627/2627 2624/2624 2625/2625
f 2477/2477 2479/2479 2627/2627
f 2477/2477 2627/2627 2625/2625
f 2629/2629 2628/2628 2626/2626
f 2629/2629 2626/2626 2627/2627
f 2479/2479 2481/2481 2629/2629
f 2479/2479 2629/2629 2627/2627
f 2631/2631 2630/2630 2628/2628
f 2631/2631 2628/2628 2629/2629
f 2481/2481 2483/2483 2631/2631
f 2481/2481 2631/2631 2629/2629
f 2633/2633 2632/2632 2630/2630
f 2633/2633 2630/2630 2631/2631
f 2483/2483 2485/2485 2633/2633
f 2483/2483 2633/2633 2631/2631
f 2635/2635 2634/2634 2632/2632
f 2635/2635 2632/2632 2633/2633
f 2485/2485 2487/2487 2635/2635
f 2485/2485 2635/2635 2633/2633
f 2637/2637 2636/2636 2634/2634
f 2637/2637 2634/2634 2635/2635
f 2487/2487 2489/2489 2637/2637
f 2487/2487 2637/2637 2635/2635
f 2494/2494 2638/2638 2636/2636
f 2494/2494 2636/2636 2637/2637
f 2489/2489 2491/2491 2494/2494
f 2489/2489 2494/2494 2637/2637
f 2640/2640 2639/2639 2636/2636
f 2640/2640 2636/2636 2638/2638
f 2497/2497 2641/2641 2640/2640
f 2497/2497 2640/2640 2638/2638
f 2494/2494 2495/2495 2497/2497
f 2494/2494 2497/2497 2638/2638
f 2643/2643 2642/2642 2640/2640
f 2643/2643 2640/2640 2641/2641
f 2500/2500 2644/2644 2643/2643
f 2500/2500 2643/2643 2641/2641
f 2497/2497 2498/2498 2500/2500
f 2497/2497 2500/2500 2641/2641
f 2646/2646 2645/2645 2643/2643
f 2646/2646 2643/2643 2644/2644
f 2503/2503 2647/2647 2646/2646
f 2503/2503 2646/2646 2644/2644
f 2500/2500 2501/2501 2503/2503
f 2500/2500 2503/2503 2644/2644
f 2649/2649 2648/2648 2646/2646
f 2649/2649 2646/2646 2647/2647
f 2506/2506 2650/2650 2649/2649
f 2506/2506 2649/2649 2647/2647
f 2503/2503 2504/2504 2506/2506
f 2503/2503 2506/2506 2647/2647
f 2652/2652 2651/2651 2649/2649
f 2652/2652 2649/2649 2650/2650
f 2654/2654 2653/2653 2652/2652
f 2654/2654 2652/2652 2650/2650
f 2506/2506 2507/2507 2654/2654
f 2506/2506 2654/2654 2650/2650
f 2656/2656 2655/2655 2653/2653
f 2656/2656 2653/2653 2654/2654
f 2507/2507 2508/2508 2656/2656
f 2507/2507 2656/2656 2654/2654
f 2658/2658 2657/2657 2655/2655
f 2658/2658 2655/2655 2656/2656
f 2508/2508 2510/2510 2658/2658
f 2508/2508 2658/2658 2656/2656
f 2660/2660 2659/2659 2657/2657
f 2660/2660 2657/2657 2658/2658
f 2510/2510 2512/2512 2660/2660
f 2510/2510 2660/2660 2658/2658
f 2662/2662 2661/2661 2659/2659
f 2662/2662 2659/2659 2660/2660
f 2512/2512 2514/2514 2662/2662
f 2512/2512 2662/2662 2660/2660
f 2664/2664 2663/2663 2661/2661
f 2664/2664 2661/2661 2662/2662
f 2514/2514 2516/2516 2664/2664
f 2514/2514 2664/2664 2662/2662
f 2666/2666 2665/2665 2663/2663
f 2666/2666 2663/2663 2664/2664
f 2516/2516 2518/2518 2666/2666
f 2516/2516 2666/2666 2664/2664
f 2668/2668 2667/2667 2665/2665
f 2668/2668 2665/2665 2666/2666
f 2518/2518 2520/2520 2668/2668
f 2518/2518 2668/2668 2666/2666
f 2670/2670 2669/2669 2667/2667
f 2670/2670 2667/2667 2668/2668
f 2520/2520 2522/2522 2670/2670
f 2520/2520 2670/2670 2668/2668
f 2672/2672 2671/2671 2669/2669
f 2672/2672 2669/2669 2670/2670
f 2522/2522 2524/2524 2672/2672
f 2522/2522 2672/2672 2670/2670
f 2674/2674 2673/2673 2671/2671
f 2674/2674 2671/2671 2672/2672
f 2524/2524 2526/2526 2674/2674
f 2524/2524 2674/2674 2672/2672
f 2676/2676 2675/2675 2673/2673
f 2676/2676 2673/2673 2674/2674
f 2526/2526 2528/2528 2676/2676
f 2526/2526 2676/2676 2674/2674
f 2678/2678 2677/2677 2675/2675
f 2678/2678 2675/2675 2676/2676
f 2528/2528 2530/2530 2678/2678
f 2528/2528 2678/2678 2676/2676
f 2680/2680 2679/2679 2677/2677
f 2680/2680 2677/2677 2678/2678
f 2530/2530 2532/2532 2680/2680
f 2530/2530 2680/2680 2678/2678
f 2682/2682 2681/2681 2679/2679
f 2682/2682 2679/2679 2680/2680
f 2532/2532 2534/2534 2682/2682
f 2532/2532 2682/2682 2680/2680
f 2684/2684 2683/2683 2681/2681
f 2684/2684 2681/2681 2682/2682
f 2534/2534 2536/2536 2684/2684
f 2534/2534 2684/2684 2682/2682
f 2686/2686 2685/2685 2683/2683
f 2686/2686 2683/2683 2684/2684
f 2536/2536 2538/2538 2686/2686
f 2536/2536 2686/2686 2684/2684
f 2688/2688 2687/2687 2685/2685
f 2688/2688 2685/2685 2686/2686
f 2538/2538 2540/2540 2688/2688
f 2538/2538 2688/2688 2686/2686
f 2690/2690 2689/2689 2687/2687
f 2690/2690 2687/2687 2688/2688
f 2540/2540 2542/2542 2690/2690
f 2540/2540 2690/2690 2688/2688
f 2692/2692 2691/2691 2689/2689
f 2692/2692 2689/2689 2690/2690
f 2542/2542 2544/2544 2692/2692
f 2542/2542 2692/2692 2690/2690
f 2694/2694 2693/2693 2691/2691
f 2694/2694 2691/2691 2692/2692
f 2544/2544 2546/2546 2694/2694
f 2544/2544 2694/2694 2692/2692
f 2696/2696 2695/2695 2693/2693
f 2696/2696 2693/2693 2694/2694
f 2546/2546 2548/2548 2696/2696
f 2546/2546 2696/2696 2694/2694
f 2698/2698 2697/2697 2695/2695
f 2698/2698 2695/2695 2696/2696
f 2548/2548 2550/2550 2698/2698
f 2548/2548 2698/2698 2696/2696
f 2700/2700 2699/2699 2697/2697
f 2700/2700 2697/2697 2698/2698
f 2550/2550 2552/2552 2700/2700
f 2550/2550 2700/2700 2698/2698
f 2702/2702 2701/2701 2699/2699
f 2702/2702 2699/2699 2700/2700
f 2552/2552 2554/2554 2702/2702
f 2552/2552 2702/2702 2700/2700
f 2704/2704 2703/2703 2701/2701
f 2704/2704 2701/2701 2702/2702
f 2554/2554 2556/2556 2704/2704
f 2554/2554 2704/2704 2702/2702
f 2706/2706 2705/2705 2703/2703
f 2706/2706 2703/2703 2704/2704
f 2556/2556 2558/2558 2706/2706
f 2556/2556 2706/2706 2704/2704
f 2708/2708 2707/2707 2705/2705
f 2708/2708 2705/2705 2706/2706
f 2558/2558 2560/2560 2708/2708
f 2558/2558 2708/2708 2706/2706
f 2710/2710 2709/2709 2707/2707
f 2710/2710 2707/2707 2708/2708
f 2560/2560 2562/2562 2710/2710
f 2560/2560 2710/2710 2708/2708
f 2564/2564 2566/2566 2713/2713
f 2564/2564 2713/2713 2711/2711
f 2715/2715 2714/2714 2712/2712
f 2715/2715 2712/2712 2713/2713
f 2566/2566 2568/2568 2715/2715
f 2566/2566 2715/2715 2713/2713
f 2717/2717 2716/2716 2714/2714
f 2717/2717 2714/2714 2715/2715
f 2568/2568 2570/2570 2717/2717
f 2568/2568 2717/2717 2715/2715
f 2719/2719 2718/2718 2716/2716
f 2719/2719 2716/2716 2717/2717
f 2570/2570 2572/2572 2719/2719
f 2570/2570 2719/2719 2717/2717
f 2721/2721 2720/2720 2718/2718
f 2721/2721 2718/2718 2719/2719
f 2572/2572 2574/2574 2721/2721
f 2572/2572 2721/2721 2719/2719
f 2723/2723 2722/2722 2720/2720
f 2723/2723 2720/2720 2721/2721
f 2574/2574 2576/2576 2723/2723
f 2574/2574 2723/2723 2721/2721
f 2725/2725 2724/2724 2722/2722
f 2725/2725 2722/2722 2723/2723
f 2576/2576 2578/2578 2725/2725
f 2576/2576 2725/2725 2723/2723
f 2727/2727 2726/2726 2724/2724
f 2727/2727 2724/2724 2725/2725
f 2578/2578 2580/2580 2727/2727
f 2578/2578 2727/2727 2725/2725
f 2729/2729 2728/2728 2726/2726
f 2729/2729 2726/2726 2727/2727
f 2580/2580 2582/2582 2729/2729
f 2580/2580 2729/2729 2727/2727
f 2731/2731 2730/2730 2728/2728
f 2731/2731 2728/2728 2729/2729
f 2582/2582 2584/2584 2731/2731
f 2582/2582 2731/2731 2729/2729
f 2733/2733 2732/2732 2730/2730
f 2733/2733 2730/2730 2731/2731
f 2584/2584 2586/2586 2733/2733
f 2584/2584 2733/2733 2731/2731
f 2735/2735 2734/2734 2732/2732
f 2735/2735 2732/2732 2733/2733
f 2586/2586 2588/2588 2735/2735
f 2586/2586 2735/2735 2733/2733
f 2737/2737 2736/2736 2734/2734
f 2737/2737 2734/2734 2735/2735
f 2588/2588 2590/2590 2737/2737
f 2588/2588 2737/2737 2735/2735
f 2739/2739 2738/2738 2736/2736
f 2739/2739 2736/2736 2737/2737
f 2590/2590 2592/2592 2739/2739
f 2590/2590 2739/2739 2737/2737
f 2741/2741 2740/2740 2738/2738
f 2741/2741 2738/2738 2739/2739
f 2592/2592 2594/2594 2741/2741
f 2592/2592 2741/2741 2739/2739
f 2743/2743 2742/2742 2740/2740
f 2743/2743 2740/2740 2741/2741
f 2594/2594 2596/2596 2743/2743
f 2594/2594 2743/2743 2741/2741
f 2745/2745 2744/2744 2742/2742
f 2745/2745 2742/2742 2743/2743
f 2596/2596 2598/2598 2745/2745
f 2596/2596 2745/2745 2743/2743
f 2747/2747 2746/2746 2744/2744
f 2747/2747 2744/2744 2745/2745
f 2598/2598 2600/2600 2747/2747
f 2598/2598 2747/2747 2745/2745
f 2749/2749 2748/2748 2746/2746
f 2749/2749 2746/2746 2747/2747
f 2600/2600 2602/2602 2749/2749
f 2600/2600 2749/2749 2747/2747
f 2753/2753 2750/2750 2748/2748
f 2753/2753 2748/2748 2749/2749
f 2602/2602 2605/2605 2753/2753
f 2602/2602 2753/2753 2749/2749
f 2755/2755 2754/2754 2751/2751
f 2755/2755 2751/2751 2752/2752
f 2604/2604 2608/2608 2755/2755
f 2604/2604 2755/2755 2752/2752
f 2757/2757 2756/2756 2754/2754
f 2757/2757 2754/2754 2755/2755
f 2608/2608 2610/2610 2757/2757
f 2608/2608 2757/2757 2755/2755
f 2759/2759 2758/2758 2756/2756
f 2759/2759 2756/2756 2757/2757
f 2610/2610 2612/2612 2759/2759
f 2610/2610 2759/2759 2757/2757
f 2761/2761 2760/2760 2758/2758
f 2761/2761 2758/2758 2759/2759
f 2612/2612 2614/2614 2761/2761
f 2612/2612 2761/2761 2759/2759
f 2763/2763 2762/2762 2760/2760
f 2763/2763 2760/2760 2761/2761
f 2614/2614 2616/2616 2763/2763
f 2614/2614 2763/2763 2761/2761
f 2765/2765 2764/2764 2762/2762
f 2765/2765 2762/2762 2763/2763
f 2616/2616 2618/2618 2765/2765
f 2616/2616 2765/2765 2763/2763
f 2767/2767 2766/2766 2764/2764
f 2767/2767 2764/2764 2765/2765
f 2618/2618 2620/2620 2767/2767
f 2618/2618 2767/2767 2765/2765
f 2769/2769 2768/2768 2766/2766
f 2769/2769 2766/2766 2767/2767
f 2620/2620 2622/2622 2769/2769
f 2620/2620 2769/2769 2767/2767
f 2771/2771 2770/2770 2768/2768
f 2771/2771 2768/2768 2769/2769
f 2622/2622 2624/2624 2771/2771
f 2622/2622 2771/2771 2769/2769
f 2773/2773 2772/2772 2770/2770
f 2773/2773 2770/2770 2771/2771
f 2624/2624 2626/2626 2773/2773
f 2624/2624 2773/2773 2771/2771
f 2775/2775 2774/2774 2772/2772
f 2775/2775 2772/2772 2773/2773
f 2626/2626 2628/2628 2775/2775
f 2626/2626 2775/2775 2773/2773
f 2777/2777 2776/2776 2774/2774
f 2777/2777 2774/2774 2775/2775
f 2628/2628 2630/2630 2777/2777
f 2628/2628 2777/2777 2775/2775
f 2779/2779 2778/2778 2776/2776
f 2779/2779 2776/2776 2777/2777
f 2630/2630 2632/2632 2779/2779
f 2630/2630 2779/2779 2777/2777
f 2781/2781 2780/2780 2778/2778
f 2781/2781 2778/2778 2779/2779
f 2632/2632 2634/2634 2781/2781
f 2632/2632 2781/2781 2779/2779
f 2639/2639 2782/2782 2780/2780
f 2639/2639 2780/2780 2781/2781
f 2634/2634 2636/2636 2639/2639
f 2634/2634 2639/2639 2781/2781
f 2784/2784 2783/2783 2780/2780
f 2784/2784 2780/2780 2782/2782
f 2642/2642 2785/2785 2784/2784
f 2642/2642 2784/2784 2782/2782
f 2639/2639 2640/2640 2642/2642
f 2639/2639 2642/2642 2782/2782
f 2787/2787 2786/2786 2784/2784
f 2787/2787 2784/2784 2785/2785
f 2645/2645 2788/2788 2787/2787
f 2645/2645 2787/2787 2785/2785
f 2642/2642 2643/2643 2645/2645
f 2642/2642 2645/2645 2785/2785
f 2790/2790 2789/2789 2787/2787
f 2790/2790 2787/2787 2788/2788
f 2648/2648 2791/2791 2790/2790
f 2648/2648 2790/2790 2788/2788
f 2645/2645 2646/2646 2648/2648
f 2645/2645 2648/2648 2788/2788
f 2793/2793 2792/2792 2790/2790
f 2793/2793 2790/2790 2791/2791
f 2651/2651 2794/2794 2793/2793
f 2651/2651 2793/2793 2791/2791
f 2648/2648 2649/2649 2651/2651
f 2648/2648 2651/2651 2791/2791
f 2796/2796 2795/2795 2793/2793
f 2796/2796 2793/2793 2794/2794
f 2798/2798 2797/2797 2796/2796
f 2798/2798 2796/2796 2794/2794
f 2651/2651 2652/2652 2798/2798
f 2651/2651 2798/2798 2794/2794
f 2800/2800 2799/2799 2797/2797
f 2800/2800 2797/2797 2798/2798
f 2652/2652 2653/2653 2800/2800
f 2652/2652 2800/2800 2798/2798
f 2802/2802 2801/2801 2799/2799
f 2802/2802 2799/2799 2800/2800
f 2653/2653 2655/2655 2802/2802
f 2653/2653 2802/2802 2800/2800
f 2804/2804 2803/2803 2801/2801
f 2804/2804 2801/2801 2802/2802
f 2655/2655 2657/2657 2804/2804
f 2655/2655 2804/2804 2802/2802
f 2806/2806 2805/2805 2803/2803
f 2806/2806 2803/2803 2804/2804
f 2657/2657 2659/2659 2806/2806
f 2657/2657 2806/2806 2804/2804
f 2808/2808 2807/2807 2805/2805
f 2808/2808 2805/2805 2806/2806
f 2659/2659 2661/2661 2808/2808
f 2659/2659 2808/2808 2806/2806
f 2810/2810 2809/2809 2807/2807
f 2810/2810 2807/2807 2808/2808
f 2661/2661 2663/2663 2810/2810
f 2661/2661 2810/2810 2808/2808
f 2812/2812 2811/2811 2809/2809
f 2812/2812 2809/2809 2810/2810
f 2663/2663 2665/2665 2812/2812
f 2663/2663 2812/2812 2810/2810
f 2814/2814 2813/2813 2811/2811
f 2814/2814 2811/2811 2812/2812
f 2665/2665 2667/2667 2814/2814
f 2665/2665 2814/2814 2812/2812
f 2816/2816 2815/2815 2813/2813
f 2816/2816 2813/2813 2814/2814
f 2667/2667 2669/2669 2816/2816
f 2667/2667 2816/2816 2814/2814
f 2818/2818 2817/2817 2815/2815
f 2818/2818 2815/2815 2816/2816
f 2669/2669 2671/2671 2818/2818
f 2669/2669 2818/2818 2816/2816
f 2820/2820 2819/2819 2817/2817
f 2820/2820 2817/2817 2818/2818
f 2671/2671 2673/2673 2820/2820
f 2671/2671 2820/2820 2818/2818
f 2822/2822 2821/2821 2819/2819
f 2822/2822 2819/2819 2820/2820
f 2673/2673 2675/2675 2822/2822
f 2673/2673 2822/2822 2820/2820
f 2824/2824 2823/2823 2821/2821
f 2824/2824 2821/2821 2822/2822
f 2675/2675 2677/2677 2824/2824
f 2675/2675 2824/2824 2822/2822
f 2826/2826 2825/2825 2823/2823
f 2826/2826 2823/2823 2824/2824
f 2677/2677 2679/2679 2826/2826
f 2677/2677 2826/2826 2824/2824
f 2828/2828 2827/2827 2825/2825
f 2828/2828 2825/2825 2826/2826
f 2679/2679 2681/2681 2828/2828
f 2679/2679 2828/2828 2826/2826
f 2830/2830 2829/2829 2827/2827
f 2830/2830 2827/2827 2828/2828
f 2681/2681 2683/2683 2830/2830
f 2681/2681 2830/2830 2828/2828
f 2832/2832 2831/2831 2829/2829
f 2832/2832 2829/2829 2830/2830
f 2683/2683 2685/2685 2832/2832
f 2683/2683 2832/2832 2830/2830
f 2834/2834 2833/2833 2831/2831
f 2834/2834 2831/2831 2832/2832
f 2685/2685 2687/2687 2834/2834
f 2685/2685 2834/2834 2832/2832
f 2836/2836 2835/2835 2833/2833
f 2836/2836 2833/2833 2834/2834
f 2687/2687 2689/2689 2836/2836
f 2687/2687 2836/2836 2834/2834
f 2838/2838 2837/2837 2835/2835
f 2838/2838 2835/2835 2836/2836
f 2689/2689 2691/2691 2838/2838
f 2689/2689 2838/2838 2836/2836
f 2840/2840 2839/2839 2837/2837
f 2840/2840 2837/2837 2838/2838
f 2691/2691 2693/2693 2840/2840
f 2691/2691 2840/2840 2838/2838
f 2842/2842 2841/2841 2839/2839
f 2842/2842 2839/2839 2840/2840
f 2693/2693 2695/2695 2842/2842
f 2693/2693 2842/2842 2840/2840
f 2844/2844 2843/2843 2841/2841
f 2844/2844 2841/2841 2842/2842
f 2695/2695 2697/2697 2844/2844
f 2695/2695 2844/2844 2842/2842
f 2846/2846 2845/2845 2843/2843
f 2846/2846 2843/2843 2844/2844
f 2697/2697 2699/2699 2846/2846
f 2697/2697 2846/2846 2844/2844
f 2848/2848 2847/2847 2845/2845
f 2848/2848 2845/2845 2846/2846
f 2699/2699 2701/2701 2848/2848
f 2699/2699 2848/2848 2846/2846
f 2850/2850 2849/2849 2847/2847
f 2850/2850 2847/2847 2848/2848
f 2701/2701 2703/2703 2850/2850
f 2701/2701 2850/2850 2848/2848
f 2852/2852 2851/2851 2849/2849
f 2852/2852 2849/2849 2850/2850
f 2703/2703 2705/2705 2852/2852
f 2703/2703 2852/2852 2850/2850
f 2853/2853 2851/2851 2852/2852
f 2705/2705 2707/2707 2853/2853
f 2705/2705 2853/2853 2852/2852
f 2712/2712 2714/2714 2856/2856
f 2712/2712 2856/2856 2854/2854
f 2858/2858 2857/2857 2855/2855
f 2858/2858 2855/2855 2856/2856
f 2714/2714 2716/2716 2858/2858
f 2714/2714 2858/2858 2856/2856
f 2860/2860 2859/2859 2857/2857
f 2860/2860 2857/2857 2858/2858
f 2716/2716 2718/2718 2860/2860
f 2716/2716 2860/2860 2858/2858
f 2862/2862 2861/2861 2859/2859
f 2862/2862 2859/2859 2860/2860
f 2718/2718 2720/2720 2862/2862
f 2718/2718 2862/2862 2860/2860
f 2864/2864 2863/2863 2861/2861
f 2864/2864 2861/2861 2862/2862
f 2720/2720 2722/2722 2864/2864
f 2720/2720 2864/2864 2862/2862
f 2866/2866 2865/2865 2863/2863
f 2866/2866 2863/2863 2864/2864
f 2722/2722 2724/2724 2866/2866
f 2722/2722 2866/2866 2864/2864
f 2868/2868 2867/2867 2865/2865
f 2868/2868 2865/2865 2866/2866
f 2724/2724 2726/2726 2868/2868
f 2724/2724 2868/2868 2866/2866
f 2870/2870 2869/2869 2867/2867
f 2870/2870 2867/2867 2868/2868
f 2726/2726 2728/2728 2870/2870
f 2726/2726 2870/2870 2868/2868
f 2872/2872 2871/2871 2869/2869
f 2872/2872 2869/2869 2870/2870
f 2728/2728 2730/2730 2872/2872
f 2728/2728 2872/2872 2870/2870
f 2874/2874 2873/2873 2871/2871
f 2874/2874 2871/2871 2872/2872
f 2730/2730 2732/2732 2874/2874
f 2730/2730 2874/2874 2872/2872
f 2876/2876 2875/2875 2873/2873
f 2876/2876 2873/2873 2874/2874
f 2732/2732 2734/2734 2876/2876
f 2732/2732 2876/2876 2874/2874
f 2878/2878 2877/2877 2875/2875
f 2878/2878 2875/2875 2876/2876
f 2734/2734 2736/2736 2878/2878
f 2734/2734 2878/2878 2876/2876
f 2880/2880 2879/2879 2877/2877
f 2880/2880 2877/2877 2878/2878
f 2736/2736 2738/2738 2880/2880
f 2736/2736 2880/2880 2878/2878
f 2882/2882 2881/2881 2879/2879
f 2882/2882 2879/2879 2880/2880
f 2738/2738 2740/2740 2882/2882
f 2738/2738 2882/2882 2880/2880
f 2884/2884 2883/2883 2881/2881
f 2884/2884 2881/2881 2882/2882
f 2740/2740 2742/2742 2884/2884
f 2740/2740 2884/2884 2882/2882
f 2886/2886 2885/2885 2883/2883
f 2886/2886 2883/2883 2884/2884
f 2742/2742 2744/2744 2886/2886
f 2742/2742 2886/2886 2884/2884
f 2888/2888 2887/2887 2885/2885
f 2888/2888 2885/2885 2886/2886
f 2744/2744 2746/2746 2888/2888
f 2744/2744 2888/2888 2886/2886
f 2890/2890 2889/2889 2887/2887
f 2890/2890 2887/2887 2888/2888
f 2746/2746 2748/2748 2890/2890
f 2746/2746 2890/2890 2888/2888
f 2894/2894 2892/2892 2889/2889
f 2894/2894 2889/2889 2890/2890
f 2748/2748 2750/2750 2894/2894
f 2748/2748 2894/2894 2890/2890
f 2896/2896 2895/2895 2891/2891
f 2896/2896 2891/2891 2893/2893
f 2751/2751 2754/2754 2896/2896
f 2751/2751 2896/2896 2893/2893
f 2898/2898 2897/2897 2895/2895
f 2898/2898 2895/2895 2896/2896
f 2754/2754 2756/2756 2898/2898
f 2754/2754 2898/2898 2896/2896
f 2900/2900 2899/2899 2897/2897
f 2900/2900 2897/2897 2898/2898
f 2756/2756 2758/2758 2900/2900
f 2756/2756 2900/2900 2898/2898
f 2902/2902 2901/2901 2899/2899
f 2902/2902 2899/2899 2900/2900
f 2758/2758 2760/2760 2902/2902
f 2758/2758 2902/2902 2900/2900
f 2904/2904 2903/2903 2901/2901
f 2904/2904 2901/2901 2902/2902
f 2760/2760 2762/2762 2904/2904
f 2760/2760 2904/2904 2902/2902
f 2906/2906 2905/2905 2903/2903
f 2906/2906 2903/2903 2904/2904
f 2762/2762 2764/2764 2906/2906
f 2762/2762 2906/2906 2904/2904
f 2908/2908 2907/2907 2905/2905
f 2908/2908 2905/2905 2906/2906
f 2764/2764 2766/2766 2908/2908
f 2764/2764 2908/2908 2906/2906
f 2910/2910 2909/2909 2907/2907
f 2910/2910 2907/2907 2908/2908
f 2766/2766 2768/2768 2910/2910
f 2766/2766 2910/2910 2908/2908
f 2912/2912 2911/2911 2909/2909
f 2912/2912 2909/2909 2910/2910
f 2768/2768 2770/2770 2912/2912
f 2768/2768 2912/2912 2910/2910
f 2914/2914 2913/2913 2911/2911
f 2914/2914 2911/2911 2912/2912
f 2770/2770 2772/2772 2914/2914
f 2770/2770 2914/2914 2912/2912
f 2916/2916 2915/2915 2913/2913
f 2916/2916 2913/2913 2914/2914
f 2772/2772 2774/2774 2916/2916
f 2772/2772 2916/2916 2914/2914
f 2918/2918 2917/2917 2915/2915
f 2918/2918 2915/2915 2916/2916
f 2774/2774 2776/2776 2918/2918
f 2774/2774 2918/2918 2916/2916
f 2920/2920 2919/2919 2917/2917
f 2920/2920 2917/2917 2918/2918
f 2776/2776 2778/2778 2920/2920
f 2776/2776 2920/2920 2918/2918
f 2783/2783 2921/2921 2919/2919
f 2783/2783 2919/2919 2920/2920
f 2778/2778 2780/2780 2783/2783
f 2778/2778 2783/2783 2920/2920
f 2923/2923 2922/2922 2919/2919
f 2923/2923 2919/2919 2921/2921
f 2786/2786 2924/2924 2923/2923
f 2786/2786 2923/2923 2921/2921
f 2783/2783 2784/2784 2786/2786
f 2783/2783 2786/2786 2921/2921
f 2926/2926 2925/2925 2923/2923
f 2926/2926 2923/2923 2924/2924
f 2789/2789 2927/2927 2926/2926
f 2789/2789 2926/2926 2924/2924
f 2786/2786 2787/2787 2789/2789
f 2786/2786 2789/2789 2924/2924
f 2929/2929 2928/2928 2926/2926
f 2929/2929 2926/2926 2927/2927
f 2792/2792 2930/2930 2929/2929
f 2792/2792 2929/2929 2927/2927
f 2789/2789 2790/2790 2792/2792
f 2789/2789 2792/2792 2927/2927
f 2932/2932 2931/2931 2929/2929
f 2932/2932 2929/2929 2930/2930
f 2795/2795 2933/2933 2932/2932
f 2795/2795 2932/2932 2930/2930
f 2792/2792 2793/2793 2795/2795
f 2792/2792 2795/2795 2930/2930
f 2935/2935 2934/2934 2932/2932
f 2935/2935 2932/2932 2933/2933
f 2937/2937 2936/2936 2935/2935
f 2937/2937 2935/2935 2933/2933
f 2795/2795 2796/2796 2937/2937
f 2795/2795 2937/2937 2933/2933
f 2939/2939 2938/2938 2936/2936
f 2939/2939 2936/2936 2937/2937
f 2796/2796 2797/2797 2939/2939
f 2796/2796 2939/2939 2937/2937
f 2941/2941 2940/2940 2938/2938
f 2941/2941 2938/2938 2939/2939
f 2797/2797 2799/2799 2941/2941
f 2797/2797 2941/2941 2939/2939
f 2943/2943 2942/2942 2940/2940
f 2943/2943 2940/2940 2941/2941
f 2799/2799 2801/2801 2943/2943
f 2799/2799 2943/2943 2941/2941
f 2945/2945 2944/2944 2942/2942
f 2945/2945 2942/2942 2943/2943
f 2801/2801 2803/2803 2945/2945
f 2801/2801 2945/2945 2943/2943
f 2947/2947 2946/2946 2944/2944
f 2947/2947 2944/2944 2945/2945
f 2803/2803 2805/2805 2947/2947
f 2803/2803 2947/2947 2945/2945
f 2949/2949 2948/2948 2946/2946
f 2949/2949 2946/2946 2947/2947
f 2805/2805 2807/2807 2949/2949
f 2805/2805 2949/2949 2947/2947
f 2951/2951 2950/2950 2948/2948
f 2951/2951 2948/2948 2949/2949
f 2807/2807 2809/2809 2951/2951
f 2807/2807 2951/2951 2949/2949
f 2953/2953 2952/2952 2950/2950
f 2953/2953 2950/2950 2951/2951
f 2809/2809 2811/2811 2953/2953
f 2809/2809 2953/2953 2951/2951
f 2955/2955 2954/2954 2952/2952
f 2955/2955 2952/2952 2953/2953
f 2811/2811 2813/2813 2955/2955
f 2811/2811 2955/2955 2953/2953
f 2957/2957 2956/2956 2954/2954
f 2957/2957 2954/2954 2955/2955
f 2813/2813 2815/2815 2957/2957
f 2813/2813 2957/2957 2955/2955
f 2959/2959 2958/2958 2956/2956
f 2959/2959 2956/2956 2957/2957
f 2815/2815 2817/2817 2959/2959
f 2815/2815 2959/2959 2957/2957
f 2961/2961 2960/2960 2958/2958
f 2961/2961 2958/2958 2959/2959
f 2817/2817 2819/2819 2961/2961
f 2817/2817 2961/2961 2959/2959
f 2963/2963 2962/2962 2960/2960
f 2963/2963 2960/2960 2961/2961
f 2819/2819 2821/2821 2963/2963
f 2819/2819 2963/2963 2961/2961
f 2965/2965 2964/2964 2962/2962
f 2965/2965 2962/2962 2963/2963
f 2821/2821 2823/2823 2965/2965
f 2821/2821 2965/2965 2963/2963
f 2967/2967 2966/2966 2964/2964
f 2967/2967 2964/2964 2965/2965
f 2823/2823 2825/2825 2967/2967
f 2823/2823 2967/2967 2965/2965
f 2969/2969 2968/2968 2966/2966
f 2969/2969 2966/2966 2967/2967
f 2825/2825 2827/2827 2969/2969
f 2825/2825 2969/2969 2967/2967
f 2971/2971 2970/2970 2968/2968
f 2971/2971 2968/2968 2969/2969
f 2827/2827 2829/2829 2971/2971
f 2827/2827 2971/2971 2969/2969
f 2973/2973 2972/2972 2970/2970
f 2973/2973 2970/2970 2971/2971
f 2829/2829 2831/2831 2973/2973
f 2829/2829 2973/2973 2971/2971
f 2975/2975 2974/2974 2972/2972
f 2975/2975 2972/2972 2973/2973
f 2831/2831 2833/2833 2975/2975
f 2831/2831 2975/2975 2973/2973
f 2977/2977 2976/2976 2974/2974
f 2977/2977 2974/2974 2975/2975
f 2833/2833 2835/2835 2977/2977
f 2833/2833 2977/2977 2975/2975
f 2979/2979 2978/2978 2976/2976
f 2979/2979 2976/2976 2977/2977
f 2835/2835 2837/2837 2979/2979
f 2835/2835 2979/2979 2977/2977
f 2981/2981 2980/2980 2978/2978
f 2981/2981 2978/2978 2979/2979
f 2837/2837 2839/2839 2981/2981
f 2837/2837 2981/2981 2979/2979
f 2983/2983 2982/2982 2980/2980
f 2983/2983 2980/2980 2981/2981
f 2839/2839 2841/2841 2983/2983
f 2839/2839 2983/2983 2981/2981
f 2985/2985 2984/2984 2982/2982
f 2985/2985 2982/2982 2983/2983
f 2841/2841 2843/2843 2985/2985
f 2841/2841 2985/2985 2983/2983
f 2987/2987 2986/2986 2984/2984
f 2987/2987 2984/2984 2985/2985
f 2843/2843 2845/2845 2987/2987
f 2843/2843 2987/2987 2985/2985
f 2989/2989 2988/2988 2986/2986
f 2989/2989 2986/2986 2987/2987
f 2845/2845 2847/2847 2989/2989
f 2845/2845 2989/2989 2987/2987
f 2990/2990 2988/2988 2989/2989
f 2847/2847 2849/2849 2990/2990
f 2847/2847 2990/2990 2989/2989
f 2992/2992 2984/2984 2986/2986
f 2992/2992 2986/2986 2991/2991
f 2994/2994 2996/2996 2992/2992
f 2994/2994 2992/2992 2993/2993
f 2994/2994 2998/2998 2997/2997
f 2994/2994 2997/2997 2996/2996
f 2982/2982 2984/2984 2992/2992
f 2982/2982 2992/2992 2996/2996
f 2997/2997 2980/2980 2982/2982
f 2997/2997 2982/2982 2996/2996
f 3001/3001 3000/3000 2999/2999
f 3001/3001 2999/2999 2998/2998
f 2994/2994 2995/2995 3001/3001
f 2994/2994 3001/3001 2998/2998
f 2999/2999 3002/3002 2997/2997
f 2999/2999 2997/2997 2998/2998
f 2999/2999 3004/3004 3003/3003
f 2999/2999 3003/3003 3002/3002
f 2978/2978 2980/2980 2997/2997
f 2978/2978 2997/2997 3002/3002
f 3003/3003 2976/2976 2978/2978
f 3003/3003 2978/2978 3002/3002
f 3007/3007 3006/3006 3005/3005
f 3007/3007 3005/3005 3004/3004
f 2999/2999 3000/3000 3007/3007
f 2999/2999 3007/3007 3004/3004
f 3005/3005 3008/3008 3003/3003
f 3005/3005 3003/3003 3004/3004
f 3005/3005 3010/3010 3009/3009
f 3005/3005 3009/3009 3008/3008
f 2974/2974 2976/2976 3003/3003
f 2974/2974 3003/3003 3008/3008
f 3009/3009 2972/2972 2974/2974
f 3009/3009 2974/2974 3008/3008
f 3013/3013 3012/3012 3011/3011
f 3013/3013 3011/3011 3010/3010
f 3005/3005 3006/3006 3013/3013
f 3005/3005 3013/3013 3010/3010
f 3011/3011 3014/3014 3009/3009
f 3011/3011 3009/3009 3010/3010
f 3011/3011 3016/3016 3015/3015
f 3011/3011 3015/3015 3014/3014
f 2970/2970 2972/2972 3009/3009
f 2970/2970 3009/3009 3014/3014
f 3015/3015 2968/2968 2970/2970
f 3015/3015 2970/2970 3014/3014
f 3019/3019 3018/3018 3017/3017
f 3019/3019 3017/3017 3016/3016
f 3011/3011 3012/3012 3019/3019
f 3011/3011 3019/3019 3016/3016
f 3017/3017 3020/3020 3015/3015
f 3017/3017 3015/3015 3016/3016
f 3017/3017 3022/3022 3021/3021
f 3017/3017 3021/3021 3020/3020
f 2966/2966 2968/2968 3015/3015
f 2966/2966 3015/3015 3020/3020
f 3021/3021 2964/2964 2966/2966
f 3021/3021 2966/2966 3020/3020
f 3025/3025 3024/3024 3023/3023
f 3025/3025 3023/3023 3022/3022
f 3017/3017 3018/3018 3025/3025
f 3017/3017 3025/3025 3022/3022
f 3023/3023 3026/3026 3021/3021
f 3023/3023 3021/3021 3022/3022
f 3023/3023 3028/3028 3027/3027
f 3023/3023 3027/3027 3026/3026
f 2962/2962 2964/2964 3021/3021
f 2962/2962 3021/3021 3026/3026
f 3027/3027 2960/2960 2962/2962
f 3027/3027 2962/2962 3026/3026
f 3031/3031 3030/3030 3029/3029
f 3031/3031 3029/3029 3028/3028
f 3023/3023 3024/3024 3031/3031
f 3023/3023 3031/3031 3028/3028
f 3029/3029 3032/3032 3027/3027
f 3029/3029 3027/3027 3028/3028
f 3029/3029 3034/3034 3033/3033
f 3029/3029 3033/3033 3032/3032
f 2958/2958 2960/2960 3027/3027
f 2958/2958 3027/3027 3032/3032
f 3033/3033 2956/2956 2958/2958
f 3033/3033 2958/2958 3032/3032
f 3037/3037 3036/3036 3035/3035
f 3037/3037 3035/3035 3034/3034
f 3029/3029 3030/3030 3037/3037
f 3029/3029 3037/3037 3034/3034
f 3035/3035 3038/3038 3033/3033
f 3035/3035 3033/3033 3034/3034
f 3035/3035 3040/3040 3039/3039
f 3035/3035 3039/3039 3038/3038
f 2954/2954 2956/2956 3033/3033
f 2954/2954 3033/3033 3038/3038
f 3039/3039 2952/2952 2954/2954
f 3039/3039 2954/2954 3038/3038
f 3043/3043 3042/3042 3041/3041
f 3043/3043 3041/3041 3040/3040
f 3035/3035 3036/3036 3043/3043
f 3035/3035 3043/3043 3040/3040
f 3041/3041 3044/3044 3039/3039
f 3041/3041 3039/3039 3040/3040
f 3041/3041 3046/3046 3045/3045
f 3041/3041 3045/3045 3044/3044
f 2950/2950 2952/2952 3039/3039
f 2950/2950 3039/3039 3044/3044
f 3045/3045 2948/2948 2950/2950
f 3045/3045 2950/2950 3044/3044
f 3049/3049 3048/3048 3047/3047
f 3049/3049 3047/3047 3046/3046
f 3041/3041 3042/3042 3049/3049
f 3041/3041 3049/3049 3046/3046
f 3047/3047 3050/3050 3045/3045
f 3047/3047 3045/3045 3046/3046
f 3047/3047 3052/3052 3051/3051
f 3047/3047 3051/3051 3050/3050
f 2946/2946 2948/2948 3045/3045
f 2946/2946 3045/3045 3050/3050
f 3051/3051 2944/2944 2946/2946
f 3051/3051 2946/2946 3050/3050
f 3055/3055 3054/3054 3053/3053
f 3055/3055 3053/3053 3052/3052
f 3047/3047 3048/3048 3055/3055
f 3047/3047 3055/3055 3052/3052
f 3053/3053 3056/3056 3051/3051
f 3053/3053 3051/3051 3052/3052
f 3053/3053 3058/3058 3057/3057
f 3053/3053 3057/3057 3056/3056
f 2942/2942 2944/2944 3051/3051
f 2942/2942 3051/3051 3056/3056
f 3057/3057 2940/2940 2942/2942
f 3057/3057 2942/2942 3056/3056
f 3061/3061 3060/3060 3059/3059
f 3061/3061 3059/3059 3058/3058
f 3053/3053 3054/3054 3061/3061
f 3053/3053 3061/3061 3058/3058
f 3059/3059 3062/3062 3057/3057
f 3059/3059 3057/3057 3058/3058
f 3059/3059 3064/3064 3063/3063
f 3059/3059 3063/3063 3062/3062
f 2938/2938 2940/2940 3057/3057
f 2938/2938 3057/3057 3062/3062
f 3063/3063 2936/2936 2938/2938
f 3063/3063 2938/2938 3062/3062
f 3067/3067 3066/3066 3065/3065
f 3067/3067 3065/3065 3064/3064
f 3059/3059 3060/3060 3067/3067
f 3059/3059 3067/3067 3064/3064
f 3065/3065 3068/3068 3063/3063
f 3065/3065 3063/3063 3064/3064
f 3065/3065 3070/3070 3069/3069
f 3065/3065 3069/3069 3068/3068
f 2935/2935 2936/2936 3063/3063
f 2935/2935 3063/3063 3068/3068
f 3069/3069 2934/2934 2935/2935
f 3069/3069 2935/2935 3068/3068
f 3073/3073 3072/3072 3071/3071
f 3073/3073 3071/3071 3070/3070
f 3065/3065 3066/3066 3073/3073
f 3065/3065 3073/3073 3070/3070
f 3071/3071 3074/3074 3069/3069
f 3071/3071 3069/3069 3070/3070
f 3071/3071 3076/3076 3075/3075
f 3071/3071 3075/3075 3074/3074
f 3077/3077 2934/2934 3069/3069
f 3077/3077 3069/3069 3074/3074
f 3075/3075 3078/3078 3077/3077
f 3075/3075 3077/3077 3074/3074
f 3075/3075 3080/3080 3079/3079
f 3075/3075 3079/3079 3078/3078
f 3081/3081 2931/2931 3077/3077
f 3081/3081 3077/3077 3078/3078
f 3079/3079 3082/3082 3081/3081
f 3079/3079 3081/3081 3078/3078
f 3079/3079 3084/3084 3083/3083
f 3079/3079 3083/3083 3082/3082
f 3085/3085 2928/2928 3081/3081
f 3085/3085 3081/3081 3082/3082
f 3083/3083 3086/3086 3085/3085
f 3083/3083 3085/3085 3082/3082
f 3083/3083 3088/3088 3087/3087
f 3083/3083 3087/3087 3086/3086
f 3089/3089 2925/2925 3085/3085
f 3089/3089 3085/3085 3086/3086
f 3087/3087 3090/3090 3089/3089
f 3087/3087 3089/3089 3086/3086
f 3087/3087 3092/3092 3091/3091
f 3087/3087 3091/3091 3090/3090
f 3093/3093 2922/2922 3089/3089
f 3093/3093 3089/3089 3090/3090
f 3091/3091 3094/3094 3093/3093
f 3091/3091 3093/3093 3090/3090
f 3091/3091 3096/3096 3095/3095
f 3091/3091 3095/3095 3094/3094
f 2915/2915 2917/2917 3093/3093
f 2915/2915 3093/3093 3094/3094
f 3095/3095 2913/2913 2915/2915
f 3095/3095 2915/2915 3094/3094
f 3099/3099 3098/3098 3097/3097
f 3099/3099 3097/3097 3096/3096
f 3091/3091 3092/3092 3099/3099
f 3091/3091 3099/3099 3096/3096
f 3097/3097 3100/3100 3095/3095
f 3097/3097 3095/3095 3096/3096
f 3097/3097 3102/3102 3101/3101
f 3097/3097 3101/3101 3100/3100
f 2911/2911 2913/2913 3095/3095
f 2911/2911 3095/3095 3100/3100
f 3101/3101 2909/2909 2911/2911
f 3101/3101 2911/2911 3100/3100
f 3105/3105 3104/3104 3103/3103
f 3105/3105 3103/3103 3102/3102
f 3097/3097 3098/3098 3105/3105
f 3097/3097 3105/3105 3102/3102
f 3103/3103 3106/3106 3101/3101
f 3103/3103 3101/3101 3102/3102
f 3103/3103 3108/3108 3107/3107
f 3103/3103 3107/3107 3106/3106
f 2907/2907 2909/2909 3101/3101
f 2907/2907 3101/3101 3106/3106
f 3107/3107 2905/2905 2907/2907
f 3107/3107 2907/2907 3106/3106
f 3111/3111 3110/3110 3109/3109
f 3111/3111 3109/3109 3108/3108
f 3103/3103 3104/3104 3111/3111
f 3103/3103 3111/3111 3108/3108
f 3109/3109 3112/3112 3107/3107
f 3109/3109 3107/3107 3108/3108
f 3109/3109 3114/3114 3113/3113
f 3109/3109 3113/3113 3112/3112
f 2903/2903 2905/2905 3107/3107
f 2903/2903 3107/3107 3112/3112
f 3113/3113 2901/2901 2903/2903
f 3113/3113 2903/2903 3112/3112
f 3117/3117 3116/3116 3115/3115
f 3117/3117 3115/3115 3114/3114
f 3109/3109 3110/3110 3117/3117
f 3109/3109 3117/3117 3114/3114
f 3115/3115 3118/3118 3113/3113
f 3115/3115 3113/3113 3114/3114
f 3115/3115 3120/3120 3119/3119
f 3115/3115 3119/3119 3118/3118
f 2899/2899 2901/2901 3113/3113
f 2899/2899 3113/3113 3118/3118
f 3119/3119 2897/2897 2899/2899
f 3119/3119 2899/2899 3118/3118
f 3123/3123 3122/3122 3121/3121
f 3123/3123 3121/3121 3120/3120
f 3115/3115 3116/3116 3123/3123
f 3115/3115 3123/3123 3120/3120
f 3121/3121 3124/3124 3119/3119
f 3121/3121 3119/3119 3120/3120
f 3121/3121 3127/3127 3125/3125
f 3121/3121 3125/3125 3124/3124
f 2895/2895 2897/2897 3119/3119
f 2895/2895 3119/3119 3124/3124
f 3125/3125 2891/2891 2895/2895
f 3125/3125 2895/2895 3124/3124
f 3132/3132 3130/3130 3129/3129
f 3132/3132 3129/3129 3128/3128
f 3121/3121 3122/3122 3131/3131
f 3121/3121 3131/3131 3127/3127
f 3129/3129 3133/3133 3126/3126
f 3129/3129 3126/3126 3128/3128
f 3129/3129 3135/3135 3134/3134
f 3129/3129 3134/3134 3133/3133
f 2889/2889 2892/2892 3126/3126
f 2889/2889 3126/3126 3133/3133
f 3134/3134 2887/2887 2889/2889
f 3134/3134 2889/2889 3133/3133
f 3138/3138 3137/3137 3136/3136
f 3138/3138 3136/3136 3135/3135
f 3129/3129 3130/3130 3138/3138
f 3129/3129 3138/3138 3135/3135
f 3136/3136 3139/3139 3134/3134
f 3136/3136 3134/3134 3135/3135
f 3136/3136 3141/3141 3140/3140
f 3136/3136 3140/3140 3139/3139
f 2885/2885 2887/2887 3134/3134
f 2885/2885 3134/3134 3139/3139
f 3140/3140 2883/2883 2885/2885
f 3140/3140 2885/2885 3139/3139
f 3144/3144 3143/3143 3142/3142
f 3144/3144 3142/3142 3141/3141
f 3136/3136 3137/3137 3144/3144
f 3136/3136 3144/3144 3141/3141
f 3142/3142 3145/3145 3140/3140
f 3142/3142 3140/3140 3141/3141
f 3142/3142 3147/3147 3146/3146
f 3142/3142 3146/3146 3145/3145
f 2881/2881 2883/2883 3140/3140
f 2881/2881 3140/3140 3145/3145
f 3146/3146 2879/2879 2881/2881
f 3146/3146 2881/2881 3145/3145
f 3150/3150 3149/3149 3148/3148
f 3150/3150 3148/3148 3147/3147
f 3142/3142 3143/3143 3150/3150
f 3142/3142 3150/3150 3147/3147
f 3148/3148 3151/3151 3146/3146
f 3148/3148 3146/3146 3147/3147
f 3148/3148 3153/3153 3152/3152
f 3148/3148 3152/3152 3151/3151
f 2877/2877 2879/2879 3146/3146
f 2877/2877 3146/3146 3151/3151
f 3152/3152 2875/2875 2877/2877
f 3152/3152 2877/2877 3151/3151
f 3156/3156 3155/3155 3154/3154
f 3156/3156 3154/3154 3153/3153
f 3148/3148 3149/3149 3156/3156
f 3148/3148 3156/3156 3153/3153
f 3154/3154 3157/3157 3152/3152
f 3154/3154 3152/3152 3153/3153
f 3154/3154 3159/3159 3158/3158
f 3154/3154 3158/3158 3157/3157
f 2873/2873 2875/2875 3152/3152
f 2873/2873 3152/3152 3157/3157
f 3158/3158 2871/2871 2873/2873
f 3158/3158 2873/2873 3157/3157
f 3162/3162 3161/3161 3160/3160
f 3162/3162 3160/3160 3159/3159
f 3154/3154 3155/3155 3162/3162
f 3154/3154 3162/3162 3159/3159
f 3160/3160 3163/3163 3158/3158
f 3160/3160 3158/3158 3159/3159
f 3160/3160 3165/3165 3164/3164
f 3160/3160 3164/3164 3163/3163
f 2869/2869 2871/2871 3158/3158
f 2869/2869 3158/3158 3163/3163
f 3164/3164 2867/2867 2869/2869
f 3164/3164 2869/2869 3163/3163
f 3168/3168 3167/3167 3166/3166
f 3168/3168 3166/3166 3165/3165
f 3160/3160 3161/3161 3168/3168
f 3160/3160 3168/3168 3165/3165
f 3166/3166 3169/3169 3164/3164
f 3166/3166 3164/3164 3165/3165
f 3166/3166 3171/3171 3170/3170
f 3166/3166 3170/3170 3169/3169
f 2865/2865 2867/2867 3164/3164
f 2865/2865 3164/3164 3169/3169
f 3170/3170 2863/2863 2865/2865
f 3170/3170 2865/2865 3169/3169
f 3174/3174 3173/3173 3172/3172
f 3174/3174 3172/3172 3171/3171
f 3166/3166 3167/3167 3174/3174
f 3166/3166 3174/3174 3171/3171
f 3172/3172 3175/3175 3170/3170
f 3172/3172 3170/3170 3171/3171
f 3172/3172 3177/3177 3176/3176
f 3172/3172 3176/3176 3175/3175
f 2861/2861 2863/2863 3170/3170
f 2861/2861 3170/3170 3175/3175
f 3176/3176 2859/2859 2861/2861
f 3176/3176 2861/2861 3175/3175
f 3180/3180 3179/3179 3178/3178
f 3180/3180 3178/3178 3177/3177
f 3172/3172 3173/3173 3180/3180
f 3172/3172 3180/3180 3177/3177
f 3178/3178 3181/3181 3176/3176
f 3178/3178 3176/3176 3177/3177
f 3178/3178 3183/3183 3182/3182
f 3178/3178 3182/3182 3181/3181
f 2857/2857 2859/2859 3176/3176
f 2857/2857 3176/3176 3181/3181
f 3182/3182 2855/2855 2857/2857
f 3182/3182 2857/2857 3181/3181
f 3178/3178 3179/3179 3184/3184
f 3178/3178 3184/3184 3183/3183
f 3184/3184 3179/3179 3186/3186
f 3188/3188 3187/3187 3185/3185
f 3188/3188 3185/3185 3186/3186
f 3179/3179 3180/3180 3188/3188
f 3179/3179 3188/3188 3186/3186
f 3190/3190 3189/3189 3187/3187
f 3190/3190 3187/3187 3188/3188
f 3180/3180 3173/3173 3190/3190
f 3180/3180 3190/3190 3188/3188
f 15/15 10/10 3189/3189
f 15/15 3189/3189 3190/3190
f 3173/3173 3174/3174 15/15
f 3173/3173 15/15 3190/3190
f 3192/3192 3191/3191 3187/3187
f 3192/3192 3187/3187 3189/3189
f 10/10 11/11 3192/3192
f 10/10 3192/3192 3189/3189
f 3194/3194 3193/3193 3191/3191
f 3194/3194 3191/3191 3192/3192
f 11/11 3195/3195 3194/3194
f 11/11 3194/3194 3192/3192
f 3197/3197 3196/3196 3194/3194
f 3197/3197 3194/3194 3195/3195
f 3199/3199 3198/3198 3197/3197
f 3199/3199 3197/3197 3195/3195
f 11/11 12/12 3199/3199
f 11/11 3199/3199 3195/3195
f 3201/3201 3200/3200 3198/3198
f 3201/3201 3198/3198 3199/3199
f 12/12 13/13 3201/3201
f 12/12 3201/3201 3199/3199
f 3161/3161 3162/3162 3200/3200
f 3161/3161 3200/3200 3201/3201
f 13/13 3168/3168 3161/3161
f 13/13 3161/3161 3201/3201
f 3203/3203 3202/3202 3198/3198
f 3203/3203 3198/3198 3200/3200
f 3162/3162 3155/3155 3203/3203
f 3162/3162 3203/3203 3200/3200
f 3205/3205 3204/3204 3202/3202
f 3205/3205 3202/3202 3203/3203
f 3155/3155 3156/3156 3205/3205
f 3155/3155 3205/3205 3203/3203
f 3207/3207 3206/3206 3204/3204
f 3207/3207 3204/3204 3205/3205
f 3156/3156 3149/3149 3207/3207
f 3156/3156 3207/3207 3205/3205
f 3209/3209 3208/3208 3206/3206
f 3209/3209 3206/3206 3207/3207
f 3149/3149 3150/3150 3209/3209
f 3149/3149 3209/3209 3207/3207
f 3211/3211 3210/3210 3208/3208
f 3211/3211 3208/3208 3209/3209
f 3150/3150 3143/3143 3211/3211
f 3150/3150 3211/3211 3209/3209
f 3213/3213 3212/3212 3210/3210
f 3213/3213 3210/3210 3211/3211
f 3143/3143 3144/3144 3213/3213
f 3143/3143 3213/3213 3211/3211
f 3215/3215 3214/3214 3212/3212
f 3215/3215 3212/3212 3213/3213
f 3144/3144 3137/3137 3215/3215
f 3144/3144 3215/3215 3213/3213
f 3217/3217 3216/3216 3214/3214
f 3217/3217 3214/3214 3215/3215
f 3137/3137 3138/3138 3217/3217
f 3137/3137 3217/3217 3215/3215
f 3219/3219 3218/3218 3216/3216
f 3219/3219 3216/3216 3217/3217
f 3138/3138 3130/3130 3219/3219
f 3138/3138 3219/3219 3217/3217
f 3223/3223 3221/3221 3218/3218
f 3223/3223 3218/3218 3219/3219
f 3130/3130 3132/3132 3223/3223
f 3130/3130 3223/3223 3219/3219
f 3225/3225 3224/3224 3220/3220
f 3225/3225 3220/3220 3222/3222
f 3131/3131 3122/3122 3225/3225
f 3131/3131 3225/3225 3222/3222
f 3227/3227 3226/3226 3224/3224
f 3227/3227 3224/3224 3225/3225
f 3122/3122 3123/3123 3227/3227
f 3122/3122 3227/3227 3225/3225
f 3229/3229 3228/3228 3226/3226
f 3229/3229 3226/3226 3227/3227
f 3123/3123 3116/3116 3229/3229
f 3123/3123 3229/3229 3227/3227
f 3231/3231 3230/3230 3228/3228
f 3231/3231 3228/3228 3229/3229
f 3116/3116 3117/3117 3231/3231
f 3116/3116 3231/3231 3229/3229
f 3233/3233 3232/3232 3230/3230
f 3233/3233 3230/3230 3231/3231
f 3117/3117 3110/3110 3233/3233
f 3117/3117 3233/3233 3231/3231
f 3235/3235 3234/3234 3232/3232
f 3235/3235 3232/3232 3233/3233
f 3110/3110 3111/3111 3235/3235
f 3110/3110 3235/3235 3233/3233
f 3237/3237 3236/3236 3234/3234
f 3237/3237 3234/3234 3235/3235
f 3111/3111 3104/3104 3237/3237
f 3111/3111 3237/3237 3235/3235
f 3239/3239 3238/3238 3236/3236
f 3239/3239 3236/3236 3237/3237
f 3104/3104 3105/3105 3239/3239
f 3104/3104 3239/3239 3237/3237
f 3241/3241 3240/3240 3238/3238
f 3241/3241 3238/3238 3239/3239
f 3105/3105 3098/3098 3241/3241
f 3105/3105 3241/3241 3239/3239
f 3243/3243 3242/3242 3240/3240
f 3243/3243 3240/3240 3241/3241
f 3098/3098 3099/3099 3243/3243
f 3098/3098 3243/3243 3241/3241
f 3245/3245 3244/3244 3242/3242
f 3245/3245 3242/3242 3243/3243
f 3099/3099 3092/3092 3245/3245
f 3099/3099 3245/3245 3243/3243
f 3088/3088 3246/3246 3244/3244
f 3088/3088 3244/3244 3245/3245
f 3092/3092 3087/3087 3088/3088
f 3092/3092 3088/3088 3245/3245
f 3248/3248 3247/3247 3244/3244
f 3248/3248 3244/3244 3246/3246
f 3084/3084 3249/3249 3248/3248
f 3084/3084 3248/3248 3246/3246
f 3088/3088 3083/3083 3084/3084
f 3088/3088 3084/3084 3246/3246
f 3251/3251 3250/3250 3248/3248
f 3251/3251 3248/3248 3249/3249
f 3080/3080 3252/3252 3251/3251
f 3080/3080 3251/3251 3249/3249
f 3084/3084 3079/3079 3080/3080
f 3084/3084 3080/3080 3249/3249
f 3254/3254 3253/3253 3251/3251
f 3254/3254 3251/3251 3252/3252
f 3076/3076 3255/3255 3254/3254
f 3076/3076 3254/3254 3252/3252
f 3080/3080 3075/3075 3076/3076
f 3080/3080 3076/3076 3252/3252
f 3257/3257 3256/3256 3254/3254
f 3257/3257 3254/3254 3255/3255
f 3072/3072 3258/3258 3257/3257
f 3072/3072 3257/3257 3255/3255
f 3076/3076 3071/3071 3072/3072
f 3076/3076 3072/3072 3255/3255
f 3260/3260 3259/3259 3257/3257
f 3260/3260 3257/3257 3258/3258
f 3262/3262 3261/3261 3260/3260
f 3262/3262 3260/3260 3258/3258
f 3072/3072 3073/3073 3262/3262
f 3072/3072 3262/3262 3258/3258
f 3264/3264 3263/3263 3261/3261
f 3264/3264 3261/3261 3262/3262
f 3073/3073 3066/3066 3264/3264
f 3073/3073 3264/3264 3262/3262
f 3266/3266 3265/3265 3263/3263
f 3266/3266 3263/3263 3264/3264
f 3066/3066 3067/3067 3266/3266
f 3066/3066 3266/3266 3264/3264
f 3268/3268 3267/3267 3265/3265
f 3268/3268 3265/3265 3266/3266
f 3067/3067 3060/3060 3268/3268
f 3067/3067 3268/3268 3266/3266
f 3270/3270 3269/3269 3267/3267
f 3270/3270 3267/3267 3268/3268
f 3060/3060 3061/3061 3270/3270
f 3060/3060 3270/3270 3268/3268
f 3272/3272 3271/3271 3269/3269
f 3272/3272 3269/3269 3270/3270
f 3061/3061 3054/3054 3272/3272
f 3061/3061 3272/3272 3270/3270
f 3274/3274 3273/3273 3271/3271
f 3274/3274 3271/3271 3272/3272
f 3054/3054 3055/3055 3274/3274
f 3054/3054 3274/3274 3272/3272
f 3276/3276 3275/3275 3273/3273
f 3276/3276 3273/3273 3274/3274
f 3055/3055 3048/3048 3276/3276
f 3055/3055 3276/3276 3274/3274
f 3278/3278 3277/3277 3275/3275
f 3278/3278 3275/3275 3276/3276
f 3048/3048 3049/3049 3278/3278
f 3048/3048 3278/3278 3276/3276
f 3280/3280 3279/3279 3277/3277
f 3280/3280 3277/3277 3278/3278
f 3049/3049 3042/3042 3280/3280
f 3049/3049 3280/3280 3278/3278
f 3282/3282 3281/3281 3279/3279
f 3282/3282 3279/3279 3280/3280
f 3042/3042 3043/3043 3282/3282
f 3042/3042 3282/3282 3280/3280
f 3284/3284 3283/3283 3281/3281
f 3284/3284 3281/3281 3282/3282
f 3043/3043 3036/3036 3284/3284
f 3043/3043 3284/3284 3282/3282
f 3286/3286 3285/3285 3283/3283
f 3286/3286 3283/3283 3284/3284
f 3036/3036 3037/3037 3286/3286
f 3036/3036 3286/3286 3284/3284
f 3288/3288 3287/3287 3285/3285
f 3288/3288 3285/3285 3286/3286
f 3037/3037 3030/3030 3288/3288
f 3037/3037 3288/3288 3286/3286
f 3290/3290 3289/3289 3287/3287
f 3290/3290 3287/3287 3288/3288
f 3030/3030 3031/3031 3290/3290
f 3030/3030 3290/3290 3288/3288
f 3292/3292 3291/3291 3289/3289
f 3292/3292 3289/3289 3290/3290
f 3031/3031 3024/3024 3292/3292
f 3031/3031 3292/3292 3290/3290
f 3294/3294 3293/3293 3291/3291
f 3294/3294 3291/3291 3292/3292
f 3024/3024 3025/3025 3294/3294
f 3024/3024 3294/3294 3292/3292
f 3296/3296 3295/3295 3293/3293
f 3296/3296 3293/3293 3294/3294
f 3025/3025 3018/3018 3296/3296
f 3025/3025 3296/3296 3294/3294
f 3298/3298 3297/3297 3295/3295
f 3298/3298 3295/3295 3296/3296
f 3018/3018 3019/3019 3298/3298
f 3018/3018 3298/3298 3296/3296
f 3300/3300 3299/3299 3297/3297
f 3300/3300 3297/3297 3298/3298
f 3019/3019 3012/3012 3300/3300
f 3019/3019 3300/3300 3298/3298
f 3302/3302 3301/3301 3299/3299
f 3302/3302 3299/3299 3300/3300
f 3012/3012 3013/3013 3302/3302
f 3012/3012 3302/3302 3300/3300
f 3304/3304 3303/3303 3301/3301
f 3304/3304 3301/3301 3302/3302
f 3013/3013 3006/3006 3304/3304
f 3013/3013 3304/3304 3302/3302
f 3306/3306 3305/3305 3303/3303
f 3306/3306 3303/3303 3304/3304
f 3006/3006 3007/3007 3306/3306
f 3006/3006 3306/3306 3304/3304
f 3307/3307 3305/3305 3306/3306
f 3007/3007 3000/3000 3307/3307
f 3007/3007 3307/3307 3306/3306
f 3000/3000 3001/3001 3308/3308
f 3000/3000 3308/3308 3307/3307
f 3311/3311 3310/3310 3309/3309
f 3191/3191 3193/3193 3310/3310
f 3191/3191 3310/3310 3311/3311
f 3185/3185 3187/3187 3191/3191
f 3185/3185 3191/3191 3311/3311
f 3313/3313 3312/3312 3309/3309
f 3313/3313 3309/3309 3310/3310
f 3193/3193 3314/3314 3313/3313
f 3193/3193 3313/3313 3310/3310
f 3316/3316 3315/3315 3313/3313
f 3316/3316 3313/3313 3314/3314
f 3196/3196 3317/3317 3316/3316
f 3196/3196 3316/3316 3314/3314
f 3193/3193 3194/3194 3196/3196
f 3193/3193 3196/3196 3314/3314
f 3319/3319 3318/3318 3316/3316
f 3319/3319 3316/3316 3317/3317
f 3321/3321 3320/3320 3319/3319
f 3321/3321 3319/3319 3317/3317
f 3196/3196 3197/3197 3321/3321
f 3196/3196 3321/3321 3317/3317
f 3202/3202 3204/3204 3320/3320
f 3202/3202 3320/3320 3321/3321
f 3197/3197 3198/3198 3202/3202
f 3197/3197 3202/3202 3321/3321
f 3323/3323 3322/3322 3319/3319
f 3323/3323 3319/3319 3320/3320
f 3204/3204 3206/3206 3323/3323
f 3204/3204 3323/3323 3320/3320
f 3325/3325 3324/3324 3322/3322
f 3325/3325 3322/3322 3323/3323
f 3206/3206 3208/3208 3325/3325
f 3206/3206 3325/3325 3323/3323
f 3327/3327 3326/3326 3324/3324
f 3327/3327 3324/3324 3325/3325
f 3208/3208 3210/3210 3327/3327
f 3208/3208 3327/3327 3325/3325
f 3329/3329 3328/3328 3326/3326
f 3329/3329 3326/3326 3327/3327
f 3210/3210 3212/3212 3329/3329
f 3210/3210 3329/3329 3327/3327
f 3331/3331 3330/3330 3328/3328
f 3331/3331 3328/3328 3329/3329
f 3212/3212 3214/3214 3331/3331
f 3212/3212 3331/3331 3329/3329
f 3333/3333 3332/3332 3330/3330
f 3333/3333 3330/3330 3331/3331
f 3214/3214 3216/3216 3333/3333
f 3214/3214 3333/3333 3331/3331
f 3335/3335 3334/3334 3332/3332
f 3335/3335 3332/3332 3333/3333
f 3216/3216 3218/3218 3335/3335
f 3216/3216 3335/3335 3333/3333
f 3339/3339 3336/3336 3334/3334
f 3339/3339 3334/3334 3335/3335
f 3218/3218 3221/3221 3339/3339
f 3218/3218 3339/3339 3335/3335
f 3341/3341 3340/3340 3337/3337
f 3341/3341 3337/3337 3338/3338
f 3220/3220 3224/3224 3341/3341
f 3220/3220 3341/3341 3338/3338
f 3343/3343 3342/3342 3340/3340
f 3343/3343 3340/3340 3341/3341
f 3224/3224 3226/3226 3343/3343
f 3224/3224 3343/3343 3341/3341
f 3345/3345 3344/3344 3342/3342
f 3345/3345 3342/3342 3343/3343
f 3226/3226 3228/3228 3345/3345
f 3226/3226 3345/3345 3343/3343
f 3347/3347 3346/3346 3344/3344
f 3347/3347 3344/3344 3345/3345
f 3228/3228 3230/3230 3347/3347
f 3228/3228 3347/3347 3345/3345
f 3349/3349 3348/3348 3346/3346
f 3349/3349 3346/3346 3347/3347
f 3230/3230 3232/3232 3349/3349
f 3230/3230 3349/3349 3347/3347
f 3351/3351 3350/3350 3348/3348
f 3351/3351 3348/3348 3349/3349
f 3232/3232 3234/3234 3351/3351
f 3232/3232 3351/3351 3349/3349
f 3353/3353 3352/3352 3350/3350
f 3353/3353 3350/3350 3351/3351
f 3234/3234 3236/3236 3353/3353
f 3234/3234 3353/3353 3351/3351
f 3355/3355 3354/3354 3352/3352
f 3355/3355 3352/3352 3353/3353
f 3236/3236 3238/3238 3355/3355
f 3236/3236 3355/3355 3353/3353
f 3357/3357 3356/3356 3354/3354
f 3357/3357 3354/3354 3355/3355
f 3238/3238 3240/3240 3357/3357
f 3238/3238 3357/3357 3355/3355
f 3359/3359 3358/3358 3356/3356
f 3359/3359 3356/3356 3357/3357
f 3240/3240 3242/3242 3359/3359
f 3240/3240 3359/3359 3357/3357
f 3247/3247 3360/3360 3358/3358
f 3247/3247 3358/3358 3359/3359
f 3242/3242 3244/3244 3247/3247
f 3242/3242 3247/3247 3359/3359
f 3362/3362 3361/3361 3358/3358
f 3362/3362 3358/3358 3360/3360
f 3250/3250 3363/3363 3362/3362
f 3250/3250 3362/3362 3360/3360
f 3247/3247 3248/3248 3250/3250
f 3247/3247 3250/3250 3360/3360
f 3365/3365 3364/3364 3362/3362
f 3365/3365 3362/3362 3363/3363
f 3253/3253 3366/3366 3365/3365
f 3253/3253 3365/3365 3363/3363
f 3250/3250 3251/3251 3253/3253
f 3250/3250 3253/3253 3363/3363
f 3368/3368 3367/3367 3365/3365
f 3368/3368 3365/3365 3366/3366
f 3256/3256 3369/3369 3368/3368
f 3256/3256 3368/3368 3366/3366
f 3253/3253 3254/3254 3256/3256
f 3253/3253 3256/3256 3366/3366
f 3371/3371 3370/3370 3368/3368
f 3371/3371 3368/3368 3369/3369
f 3259/3259 3372/3372 3371/3371
f 3259/3259 3371/3371 3369/3369
f 3256/3256 3257/3257 3259/3259
f 3256/3256 3259/3259 3369/3369
f 3374/3374 3373/3373 3371/3371
f 3374/3374 3371/3371 3372/3372
f 3376/3376 3375/3375 3374/3374
f 3376/3376 3374/3374 3372/3372
f 3259/3259 3260/3260 3376/3376
f 3259/3259 3376/3376 3372/3372
f 3378/3378 3377/3377 3375/3375
f 3378/3378 3375/3375 3376/3376
f 3260/3260 3261/3261 3378/3378
f 3260/3260 3378/3378 3376/3376
f 3380/3380 3379/3379 3377/3377
f 3380/3380 3377/3377 3378/3378
f 3261/3261 3263/3263 3380/3380
f 3261/3261 3380/3380 3378/3378
f 3382/3382 3381/3381 3379/3379
f 3382/3382 3379/3379 3380/3380
f 3263/3263 3265/3265 3382/3382
f 3263/3263 3382/3382 3380/3380
f 3384/3384 3383/3383 3381/3381
f 3384/3384 3381/3381 3382/3382
f 3265/3265 3267/3267 3384/3384
f 3265/3265 3384/3384 3382/3382
f 3386/3386 3385/3385 3383/3383
f 3386/3386 3383/3383 3384/3384
f 3267/3267 3269/3269 3386/3386
f 3267/3267 3386/3386 3384/3384
f 3388/3388 3387/3387 3385/3385
f 3388/3388 3385/3385 3386/3386
f 3269/3269 3271/3271 3388/3388
f 3269/3269 3388/3388 3386/3386
f 3390/3390 3389/3389 3387/3387
f 3390/3390 3387/3387 3388/3388
f 3271/3271 3273/3273 3390/3390
f 3271/3271 3390/3390 3388/3388
f 3392/3392 3391/3391 3389/3389
f 3392/3392 3389/3389 3390/3390
f 3273/3273 3275/3275 3392/3392
f 3273/3273 3392/3392 3390/3390
f 3394/3394 3393/3393 3391/3391
f 3394/3394 3391/3391 3392/3392
f 3275/3275 3277/3277 3394/3394
f 3275/3275 3394/3394 3392/3392
f 3396/3396 3395/3395 3393/3393
f 3396/3396 3393/3393 3394/3394
f 3277/3277 3279/3279 3396/3396
f 3277/3277 3396/3396 3394/3394
f 3398/3398 3397/3397 3395/3395
f 3398/3398 3395/3395 3396/3396
f 3279/3279 3281/3281 3398/3398
f 3279/3279 3398/3398 3396/3396
f 3400/3400 3399/3399 3397/3397
f 3400/3400 3397/3397 3398/3398
f 3281/3281 3283/3283 3400/3400
f 3281/3281 3400/3400 3398/3398
f 3401/3401 7/7 3399/3399
f 3401/3401 3399/3399 3400/3400
f 3283/3283 3285/3285 3401/3401
f 3283/3283 3401/3401 3400/3400
f 3402/3402 6/6 7/7
f 3402/3402 7/7 3401/3401
f 3285/3285 3287/3287 3402/3402
f 3285/3285 3402/3402 3401/3401
f 3404/3404 3403/3403 6/6
f 3404/3404 6/6 3402/3402
f 3287/3287 3289/3289 3404/3404
f 3287/3287 3404/3404 3402/3402
f 3406/3406 3405/3405 3403/3403
f 3406/3406 3403/3403 3404/3404
f 3289/3289 3291/3291 3406/3406
f 3289/3289 3406/3406 3404/3404
f 3408/3408 3407/3407 3405/3405
f 3408/3408 3405/3405 3406/3406
f 3291/3291 3293/3293 3408/3408
f 3291/3291 3408/3408 3406/3406
f 3410/3410 3409/3409 3407/3407
f 3410/3410 3407/3407 3408/3408
f 3293/3293 3295/3295 3410/3410
f 3293/3293 3410/3410 3408/3408
f 3412/3412 3411/3411 3409/3409
f 3412/3412 3409/3409 3410/3410
f 3295/3295 3297/3297 3412/3412
f 3295/3295 3412/3412 3410/3410
f 3413/3413 3411/3411 3412/3412
f 3297/3297 3299/3299 3413/3413
f 3297/3297 3413/3413 3412/3412
f 3299/3299 3301/3301 3414/3414
f 3299/3299 3414/3414 3413/3413
f 3312/3312 3416/3416 3415/3415
f 3418/3418 3417/3417 3415/3415
f 3418/3418 3415/3415 3416/3416
f 3315/3315 3419/3419 3418/3418
f 3315/3315 3418/3418 3416/3416
f 3312/3312 3313/3313 3315/3315
f 3312/3312 3315/3315 3416/3416
f 3421/3421 3420/3420 3418/3418
f 3421/3421 3418/3418 3419/3419
f 3318/3318 3422/3422 3421/3421
f 3318/3318 3421/3421 3419/3419
f 3315/3315 3316/3316 3318/3318
f 3315/3315 3318/3318 3419/3419
f 3424/3424 3423/3423 3421/3421
f 3424/3424 3421/3421 3422/3422
f 3322/3322 3324/3324 3424/3424
f 3322/3322 3424/3424 3422/3422
f 3318/3318 3319/3319 3322/3322
f 3318/3318 3322/3322 3422/3422
f 3426/3426 3425/3425 3423/3423
f 3426/3426 3423/3423 3424/3424
f 3324/3324 3326/3326 3426/3426
f 3324/3324 3426/3426 3424/3424
f 3428/3428 3427/3427 3425/3425
f 3428/3428 3425/3425 3426/3426
f 3326/3326 3328/3328 3428/3428
f 3326/3326 3428/3428 3426/3426
f 3430/3430 3429/3429 3427/3427
f 3430/3430 3427/3427 3428/3428
f 3328/3328 3330/3330 3430/3430
f 3328/3328 3430/3430 3428/3428
f 3432/3432 3431/3431 3429/3429
f 3432/3432 3429/3429 3430/3430
f 3330/3330 3332/3332 3432/3432
f 3330/3330 3432/3432 3430/3430
f 3434/3434 3433/3433 3431/3431
f 3434/3434 3431/3431 3432/3432
f 3332/3332 3334/3334 3434/3434
f 3332/3332 3434/3434 3432/3432
f 3437/3437 3436/3436 3433/3433
f 3437/3437 3433/3433 3434/3434
f 3334/3334 3336/3336 3437/3437
f 3334/3334 3437/3437 3434/3434
f 3440/3440 3439/3439 3435/3435
f 3440/3440 3435/3435 3438/3438
f 3337/3337 3340/3340 3440/3440
f 3337/3337 3440/3440 3438/3438
f 3442/3442 3441/3441 3439/3439
f 3442/3442 3439/3439 3440/3440
f 3340/3340 3342/3342 3442/3442
f 3340/3340 3442/3442 3440/3440
f 3444/3444 3443/3443 3441/3441
f 3444/3444 3441/3441 3442/3442
f 3342/3342 3344/3344 3444/3444
f 3342/3342 3444/3444 3442/3442
f 3446/3446 3445/3445 3443/3443
f 3446/3446 3443/3443 3444/3444
f 3344/3344 3346/3346 3446/3446
f 3344/3344 3446/3446 3444/3444
f 3448/3448 3447/3447 3445/3445
f 3448/3448 3445/3445 3446/3446
f 3346/3346 3348/3348 3448/3448
f 3346/3346 3448/3448 3446/3446
f 3450/3450 3449/3449 3447/3447
f 3450/3450 3447/3447 3448/3448
f 3348/3348 3350/3350 3450/3450
f 3348/3348 3450/3450 3448/3448
f 3452/3452 3451/3451 3449/3449
f 3452/3452 3449/3449 3450/3450
f 3350/3350 3352/3352 3452/3452
f 3350/3350 3452/3452 3450/3450
f 3454/3454 3453/3453 3451/3451
f 3454/3454 3451/3451 3452/3452
f 3352/3352 3354/3354 3454/3454
f 3352/3352 3454/3454 3452/3452
f 3456/3456 3455/3455 3453/3453
f 3456/3456 3453/3453 3454/3454
f 3354/3354 3356/3356 3456/3456
f 3354/3354 3456/3456 3454/3454
f 3361/3361 3457/3457 3455/3455
f 3361/3361 3455/3455 3456/3456
f 3356/3356 3358/3358 3361/3361
f 3356/3356 3361/3361 3456/3456
f 3459/3459 3458/3458 3455/3455
f 3459/3459 3455/3455 3457/3457
f 3364/3364 3460/3460 3459/3459
f 3364/3364 3459/3459 3457/3457
f 3361/3361 3362/3362 3364/3364
f 3361/3361 3364/3364 3457/3457
f 3462/3462 3461/3461 3459/3459
f 3462/3462 3459/3459 3460/3460
f 3367/3367 3463/3463 3462/3462
f 3367/3367 3462/3462 3460/3460
f 3364/3364 3365/3365 3367/3367
f 3364/3364 3367/3367 3460/3460
f 3465/3465 3464/3464 3462/3462
f 3465/3465 3462/3462 3463/3463
f 3370/3370 3466/3466 3465/3465
f 3370/3370 3465/3465 3463/3463
f 3367/3367 3368/3368 3370/3370
f 3367/3367 3370/3370 3463/3463
f 3468/3468 3467/3467 3465/3465
f 3468/3468 3465/3465 3466/3466
f 3373/3373 3469/3469 3468/3468
f 3373/3373 3468/3468 3466/3466
f 3370/3370 3371/3371 3373/3373
f 3370/3370 3373/3373 3466/3466
f 3471/3471 3470/3470 3468/3468
f 3471/3471 3468/3468 3469/3469
f 3473/3473 3472/3472 3471/3471
f 3473/3473 3471/3471 3469/3469
f 3373/3373 3374/3374 3473/3473
f 3373/3373 3473/3473 3469/3469
f 3475/3475 3474/3474 3472/3472
f 3475/3475 3472/3472 3473/3473
f 3374/3374 3375/3375 3475/3475
f 3374/3374 3475/3475 3473/3473
f 3477/3477 3476/3476 3474/3474
f 3477/3477 3474/3474 3475/3475
f 3375/3375 3377/3377 3477/3477
f 3375/3375 3477/3477 3475/3475
f 3479/3479 3478/3478 3476/3476
f 3479/3479 3476/3476 3477/3477
f 3377/3377 3379/3379 3479/3479
f 3377/3377 3479/3479 3477/3477
f 3481/3481 3480/3480 3478/3478
f 3481/3481 3478/3478 3479/3479
f 3379/3379 3381/3381 3481/3481
f 3379/3379 3481/3481 3479/3479
f 3483/3483 3482/3482 3480/3480
f 3483/3483 3480/3480 3481/3481
f 3381/3381 3383/3383 3483/3483
f 3381/3381 3483/3483 3481/3481
f 3485/3485 3484/3484 3482/3482
f 3485/3485 3482/3482 3483/3483
f 3383/3383 3385/3385 3485/3485
f 3383/3383 3485/3485 3483/3483
f 3487/3487 3486/3486 3484/3484
f 3487/3487 3484/3484 3485/3485
f 3385/3385 3387/3387 3487/3487
f 3385/3385 3487/3487 3485/3485
f 3489/3489 3488/3488 3486/3486
f 3489/3489 3486/3486 3487/3487
f 3387/3387 3389/3389 3489/3489
f 3387/3387 3489/3489 3487/3487
f 3491/3491 3490/3490 3488/3488
f 3491/3491 3488/3488 3489/3489
f 3389/3389 3391/3391 3491/3491
f 3389/3389 3491/3491 3489/3489
f 3493/3493 3492/3492 3490/3490
f 3493/3493 3490/3490 3491/3491
f 3391/3391 3393/3393 3493/3493
f 3391/3391 3493/3493 3491/3491
f 3495/3495 3494/3494 3492/3492
f 3495/3495 3492/3492 3493/3493
f 3393/3393 3395/3395 3495/3495
f 3393/3393 3495/3495 3493/3493
f 3497/3497 3496/3496 3494/3494
f 3497/3497 3494/3494 3495/3495
f 3395/3395 3397/3397 3497/3497
f 3395/3395 3497/3497 3495/3495
f 8/8 9/9 3496/3496
f 8/8 3496/3496 3497/3497
f 3397/3397 3399/3399 8/8
f 3397/3397 8/8 3497/3497
f 3499/3499 3498/3498 3494/3494
f 3499/3499 3494/3494 3496/3496
f 9/9 3500/3500 3499/3499
f 9/9 3499/3499 3496/3496
f 3502/3502 3501/3501 3499/3499
f 3502/3502 3499/3499 3500/3500
f 3504/3504 3503/3503 3502/3502
f 3504/3504 3502/3502 3500/3500
f 9/9 5/5 3504/3504
f 9/9 3504/3504 3500/3500
f 3403/3403 3405/3405 3503/3503
f 3403/3403 3503/3503 3504/3504
f 5/5 6/6 3403/3403
f 5/5 3403/3403 3504/3504
f 3417/3417 3506/3506 3505/3505
f 3508/3508 3507/3507 3505/3505
f 3508/3508 3505/3505 3506/3506
f 3420/3420 3509/3509 3508/3508
f 3420/3420 3508/3508 3506/3506
f 3417/3417 3418/3418 3420/3420
f 3417/3417 3420/3420 3506/3506
f 3511/3511 3510/3510 3508/3508
f 3511/3511 3508/3508 3509/3509
f 3423/3423 3425/3425 3511/3511
f 3423/3423 3511/3511 3509/3509
f 3420/3420 3421/3421 3423/3423
f 3420/3420 3423/3423 3509/3509
f 3513/3513 3512/3512 3510/3510
f 3513/3513 3510/3510 3511/3511
f 3425/3425 3427/3427 3513/3513
f 3425/3425 3513/3513 3511/3511
f 3515/3515 3514/3514 3512/3512
f 3515/3515 3512/3512 3513/3513
f 3427/3427 3429/3429 3515/3515
f 3427/3427 3515/3515 3513/3513
f 3517/3517 3516/3516 3514/3514
f 3517/3517 3514/3514 3515/3515
f 3429/3429 3431/3431 3517/3517
f 3429/3429 3517/3517 3515/3515
f 3519/3519 3518/3518 3516/3516
f 3519/3519 3516/3516 3517/3517
f 3431/3431 3433/3433 3519/3519
f 3431/3431 3519/3519 3517/3517
f 3522/3522 3521/3521 3518/3518
f 3522/3522 3518/3518 3519/3519
f 3433/3433 3436/3436 3522/3522
f 3433/3433 3522/3522 3519/3519
f 3525/3525 3524/3524 3520/3520
f 3525/3525 3520/3520 3523/3523
f 3435/3435 3439/3439 3525/3525
f 3435/3435 3525/3525 3523/3523
f 3527/3527 3526/3526 3524/3524
f 3527/3527 3524/3524 3525/3525
f 3439/3439 3441/3441 3527/3527
f 3439/3439 3527/3527 3525/3525
f 3529/3529 3528/3528 3526/3526
f 3529/3529 3526/3526 3527/3527
f 3441/3441 3443/3443 3529/3529
f 3441/3441 3529/3529 3527/3527
f 3531/3531 3530/3530 3528/3528
f 3531/3531 3528/3528 3529/3529
f 3443/3443 3445/3445 3531/3531
f 3443/3443 3531/3531 3529/3529
f 3533/3533 3532/3532 3530/3530
f 3533/3533 3530/3530 3531/3531
f 3445/3445 3447/3447 3533/3533
f 3445/3445 3533/3533 3531/3531
f 3535/3535 3534/3534 3532/3532
f 3535/3535 3532/3532 3533/3533
f 3447/3447 3449/3449 3535/3535
f 3447/3447 3535/3535 3533/3533
f 3537/3537 3536/3536 3534/3534
f 3537/3537 3534/3534 3535/3535
f 3449/3449 3451/3451 3537/3537
f 3449/3449 3537/3537 3535/3535
f 3539/3539 3538/3538 3536/3536
f 3539/3539 3536/3536 3537/3537
f 3451/3451 3453/3453 3539/3539
f 3451/3451 3539/3539 3537/3537
f 3458/3458 3540/3540 3538/3538
f 3458/3458 3538/3538 3539/3539
f 3453/3453 3455/3455 3458/3458
f 3453/3453 3458/3458 3539/3539
f 3542/3542 3541/3541 3538/3538
f 3542/3542 3538/3538 3540/3540
f 3461/3461 3543/3543 3542/3542
f 3461/3461 3542/3542 3540/3540
f 3458/3458 3459/3459 3461/3461
f 3458/3458 3461/3461 3540/3540
f 3545/3545 3544/3544 3542/3542
f 3545/3545 3542/3542 3543/3543
f 3464/3464 3546/3546 3545/3545
f 3464/3464 3545/3545 3543/3543
f 3461/3461 3462/3462 3464/3464
f 3461/3461 3464/3464 3543/3543
f 3548/3548 3547/3547 3545/3545
f 3548/3548 3545/3545 3546/3546
f 3467/3467 3549/3549 3548/3548
f 3467/3467 3548/3548 3546/3546
f 3464/3464 3465/3465 3467/3467
f 3464/3464 3467/3467 3546/3546
f 3551/3551 3550/3550 3548/3548
f 3551/3551 3548/3548 3549/3549
f 3470/3470 3552/3552 3551/3551
f 3470/3470 3551/3551 3549/3549
f 3467/3467 3468/3468 3470/3470
f 3467/3467 3470/3470 3549/3549
f 3470/3470 3471/3471 3554/3554
f 3470/3470 3554/3554 3552/3552
f 3556/3556 3555/3555 3553/3553
f 3556/3556 3553/3553 3554/3554
f 3471/3471 3472/3472 3556/3556
f 3471/3471 3556/3556 3554/3554
f 3558/3558 3557/3557 3555/3555
f 3558/3558 3555/3555 3556/3556
f 3472/3472 3474/3474 3558/3558
f 3472/3472 3558/3558 3556/3556
f 3560/3560 3559/3559 3557/3557
f 3560/3560 3557/3557 3558/3558
f 3474/3474 3476/3476 3560/3560
f 3474/3474 3560/3560 3558/3558
f 3562/3562 3561/3561 3559/3559
f 3562/3562 3559/3559 3560/3560
f 3476/3476 3478/3478 3562/3562
f 3476/3476 3562/3562 3560/3560
f 3564/3564 3563/3563 3561/3561
f 3564/3564 3561/3561 3562/3562
f 3478/3478 3480/3480 3564/3564
f 3478/3478 3564/3564 3562/3562
f 3566/3566 3565/3565 3563/3563
f 3566/3566 3563/3563 3564/3564
f 3480/3480 3482/3482 3566/3566
f 3480/3480 3566/3566 3564/3564
f 3568/3568 3567/3567 3565/3565
f 3568/3568 3565/3565 3566/3566
f 3482/3482 3484/3484 3568/3568
f 3482/3482 3568/3568 3566/3566
f 3570/3570 3569/3569 3567/3567
f 3570/3570 3567/3567 3568/3568
f 3484/3484 3486/3486 3570/3570
f 3484/3484 3570/3570 3568/3568
f 3572/3572 3571/3571 3569/3569
f 3572/3572 3569/3569 3570/3570
f 3486/3486 3488/3488 3572/3572
f 3486/3486 3572/3572 3570/3570
f 3574/3574 3573/3573 3571/3571
f 3574/3574 3571/3571 3572/3572
f 3488/3488 3490/3490 3574/3574
f 3488/3488 3574/3574 3572/3572
f 3576/3576 3575/3575 3573/3573
f 3576/3576 3573/3573 3574/3574
f 3490/3490 3492/3492 3576/3576
f 3490/3490 3576/3576 3574/3574
f 3498/3498 3577/3577 3575/3575
f 3498/3498 3575/3575 3576/3576
f 3492/3492 3494/3494 3498/3498
f 3492/3492 3498/3498 3576/3576
f 3579/3579 3578/3578 3575/3575
f 3579/3579 3575/3575 3577/3577
f 3501/3501 3579/3579 3577/3577
f 3498/3498 3499/3499 3501/3501
f 3498/3498 3501/3501 3577/3577
f 3507/3507 3582/3582 3580/3580
f 3507/3507 3580/3580 3581/3581
f 3584/3584 3583/3583 3580/3580
f 3584/3584 3580/3580 3582/3582
f 3510/3510 3512/3512 3584/3584
f 3510/3510 3584/3584 3582/3582
f 3507/3507 3508/3508 3510/3510
f 3507/3507 3510/3510 3582/3582
f 3586/3586 3585/3585 3583/3583
f 3586/3586 3583/3583 3584/3584
f 3512/3512 3514/3514 3586/3586
f 3512/3512 3586/3586 3584/3584
f 3588/3588 3587/3587 3585/3585
f 3588/3588 3585/3585 3586/3586
f 3514/3514 3516/3516 3588/3588
f 3514/3514 3588/3588 3586/3586
f 3590/3590 3589/3589 3587/3587
f 3590/3590 3587/3587 3588/3588
f 3516/3516 3518/3518 3590/3590
f 3516/3516 3590/3590 3588/3588
f 3594/3594 3592/3592 3589/3589
f 3594/3594 3589/3589 3590/3590
f 3518/3518 3521/3521 3594/3594
f 3518/3518 3594/3594 3590/3590
f 3596/3596 3595/3595 3591/3591
f 3596/3596 3591/3591 3593/3593
f 3520/3520 3524/3524 3596/3596
f 3520/3520 3596/3596 3593/3593
f 3598/3598 3597/3597 3595/3595
f 3598/3598 3595/3595 3596/3596
f 3524/3524 3526/3526 3598/3598
f 3524/3524 3598/3598 3596/3596
f 3600/3600 3599/3599 3597/3597
f 3600/3600 3597/3597 3598/3598
f 3526/3526 3528/3528 3600/3600
f 3526/3526 3600/3600 3598/3598
f 3602/3602 3601/3601 3599/3599
f 3602/3602 3599/3599 3600/3600
f 3528/3528 3530/3530 3602/3602
f 3528/3528 3602/3602 3600/3600
f 3604/3604 3603/3603 3601/3601
f 3604/3604 3601/3601 3602/3602
f 3530/3530 3532/3532 3604/3604
f 3530/3530 3604/3604 3602/3602
f 3606/3606 3605/3605 3603/3603
f 3606/3606 3603/3603 3604/3604
f 3532/3532 3534/3534 3606/3606
f 3532/3532 3606/3606 3604/3604
f 3608/3608 3607/3607 3605/3605
f 3608/3608 3605/3605 3606/3606
f 3534/3534 3536/3536 3608/3608
f 3534/3534 3608/3608 3606/3606
f 3541/3541 3609/3609 3607/3607
f 3541/3541 3607/3607 3608/3608
f 3536/3536 3538/3538 3541/3541
f 3536/3536 3541/3541 3608/3608
f 3611/3611 3610/3610 3607/3607
f 3611/3611 3607/3607 3609/3609
f 3544/3544 3612/3612 3611/3611
f 3544/3544 3611/3611 3609/3609
f 3541/3541 3542/3542 3544/3544
f 3541/3541 3544/3544 3609/3609
f 3544/3544 3545/3545 3547/3547
f 3544/3544 3547/3547 3612/3612
f 3547/3547 3548/3548 3550/3550
f 3547/3547 3550/3550 3613/3613
f 3555/3555 3557/3557 3614/3614
f 3557/3557 3559/3559 3615/3615
f 3557/3557 3615/3615 3614/3614
f 3559/3559 3561/3561 3616/3616
f 3559/3559 3616/3616 3615/3615
f 3561/3561 3563/3563 3617/3617
f 3561/3561 3617/3617 3616/3616
f 3563/3563 3565/3565 3619/3619
f 3563/3563 3619/3619 3617/3617
f 3621/3621 3620/3620 3618/3618
f 3621/3621 3618/3618 3619/3619
f 3565/3565 3567/3567 3621/3621
f 3565/3565 3621/3621 3619/3619
f 3623/3623 3622/3622 3620/3620
f 3623/3623 3620/3620 3621/3621
f 3567/3567 3569/3569 3623/3623
f 3567/3567 3623/3623 3621/3621
f 3625/3625 3624/3624 3622/3622
f 3625/3625 3622/3622 3623/3623
f 3569/3569 3571/3571 3625/3625
f 3569/3569 3625/3625 3623/3623
f 3626/3626 3624/3624 3625/3625
f 3571/3571 3573/3573 3626/3626
f 3571/3571 3626/3626 3625/3625
f 3573/3573 3575/3575 3578/3578
f 3573/3573 3578/3578 3626/3626
f 3583/3583 3585/3585 3627/3627
f 3585/3585 3587/3587 3628/3628
f 3585/3585 3628/3628 3627/3627
f 3587/3587 3589/3589 3629/3629
f 3587/3587 3629/3629 3628/3628
f 3589/3589 3592/3592 3630/3630
f 3589/3589 3630/3630 3629/3629
f 3591/3591 3595/3595 3633/3633
f 3591/3591 3633/3633 3631/3631
f 3595/3595 3597/3597 3635/3635
f 3595/3595 3635/3635 3633/3633
f 3597/3597 3599/3599 3636/3636
f 3597/3597 3636/3636 3635/3635
f 3599/3599 3601/3601 3638/3638
f 3599/3599 3638/3638 3636/3636
f 3601/3601 3603/3603 3640/3640
f 3601/3601 3640/3640 3638/3638
f 3603/3603 3605/3605 3642/3642
f 3603/3603 3642/3642 3640/3640
f 3605/3605 3607/3607 3610/3610
f 3605/3605 3610/3610 3642/3642
f 7/7 1/1 8/8
f 7/7 8/8 3399/3399
f 3167/3167 14/14 15/15
f 3167/3167 15/15 3174/3174
f 13/13 14/14 3167/3167
f 13/13 3167/3167 3168/3168
f 2917/2917 2919/2919 2922/2922
f 2917/2917 2922/2922 3093/3093
f 2922/2922 2923/2923 2925/2925
f 2922/2922 2925/2925 3089/3089
f 2925/2925 2926/2926 2928/2928
f 2925/2925 2928/2928 3085/3085
f 2928/2928 2929/2929 2931/2931
f 2928/2928 2931/2931 3081/3081
f 2931/2931 2932/2932 2934/2934
f 2931/2931 2934/2934 3077/3077
f 1548/1548 1549/1549 1551/1551
f 1548/1548 1551/1551 1555/1555
f 1535/1535 1536/1536 1538/1538
f 1535/1535 1538/1538 1542/1542
f 21/21 1378/1378 1379/1379
f 21/21 1379/1379 1381/1381
f 209/209 210/210 3643/3643
f 210/210 134/134 3645/3645
f 134/134 137/137 3647/3647
f 137/137 138/138 3649/3649
f 138/138 139/139 3651/3651
f 139/139 211/211 3653/3653
f 213/213 212/212 3655/3655
f 211/211 213/213 3657/3657
f 291/291 292/292 3659/3659
f 292/292 208/208 3661/3661
f 208/208 209/209 3663/3663
f 212/212 214/214 3665/3665
f 214/214 293/293 3667/3667
f 293/293 294/294 3669/3669
f 296/296 295/295 3671/3671
f 294/294 296/296 3673/3673
f 381/381 379/379 3675/3675
f 379/379 380/380 3677/3677
f 380/380 290/290 3679/3679
f 290/290 291/291 3681/3681
f 295/295 382/382 3683/3683
f 384/384 383/383 3685/3685
f 382/382 384/384 3687/3687
f 479/479 480/480 3689/3689
f 480/480 381/381 3691/3691
f 383/383 481/481 3693/3693
f 481/481 482/482 3695/3695
f 590/590 588/588 3697/3697
f 588/588 589/589 3699/3699
f 589/589 479/479 3701/3701
f 593/593 592/592 3703/3703
f 591/591 593/593 3705/3705
f 482/482 484/484 3707/3707
f 484/484 591/591 3709/3709
f 711/711 712/712 3711/3711
f 712/712 590/590 3713/3713
f 592/592 713/713 3715/3715
f 715/715 714/714 3717/3717
f 713/713 715/715 3719/3719
f 845/845 711/711 3721/3721
f 844/844 845/845 3723/3723
f 714/714 846/846 3725/3725
f 848/848 847/847 3727/3727
f 846/846 848/848 3729/3729
f 986/986 987/987 3731/3731
f 987/987 844/844 3733/3733
f 847/847 988/988 3735/3735
f 988/988 989/989 3737/3737
f 1134/1134 1136/1136 3739/3739
f 1136/1136 986/986 3741/3741
f 991/991 1137/1137 3743/3743
f 989/989 991/991 3745/3745
f 1137/1137 1138/1138 3747/3747
f 1289/1289 1290/1290 3749/3749
f 1290/1290 1134/1134 3751/3751
f 1140/1140 1291/1291 3753/3753
f 1138/1138 1140/1140 3755/3755
f 1293/1293 1292/1292 3757/3757
f 1291/1291 1293/1293 3759/3759
f 1450/1450 1451/1451 3761/3761
f 1451/1451 1289/1289 3763/3763
f 1292/1292 1452/1452 3765/3765
f 1452/1452 1453/1453 3767/3767
f 1453/1453 1455/1455 3769/3769
f 1620/1620 1621/1621 3771/3771
f 1621/1621 1450/1450 3773/3773
f 1457/1457 1622/1622 3775/3775
f 1455/1455 1457/1457 3777/3777
f 1622/1622 1623/1623 3779/3779
f 1784/1784 1620/1620 3781/3781
f 1783/1783 1784/1784 3783/3783
f 1625/1625 1785/1785 3785/3785
f 1623/1623 1625/1625 3787/3787
f 1785/1785 1786/1786 3789/3789
f 1945/1945 1946/1946 3791/3791
f 1946/1946 1783/1783 3793/3793
f 1788/1788 1947/1947 3795/3795
f 1786/1786 1788/1788 3797/3797
f 1947/1947 1948/1948 3799/3799
f 2106/2106 2107/2107 3801/3801
f 2107/2107 1945/1945 3803/3803
f 1948/1948 1950/1950 3805/3805
f 1953/1953 2108/2108 3807/3807
f 1950/1950 1953/1953 3809/3809
f 2108/2108 2109/2109 3811/3811
f 2262/2262 2263/2263 3813/3813
f 2263/2263 2106/2106 3815/3815
f 2265/2265 2264/2264 3817/3817
f 2109/2109 2265/2265 3819/3819
f 2414/2414 2415/2415 3821/3821
f 2415/2415 2262/2262 3823/3823
f 2264/2264 2416/2416 3825/3825
f 2418/2418 2417/2417 3827/3827
f 2416/2416 2418/2418 3829/3829
f 2562/2562 2563/2563 3831/3831
f 2412/2412 2414/2414 3833/3833
f 2563/2563 2412/2412 3835/3835
f 2565/2565 2564/2564 3837/3837
f 2417/2417 2565/2565 3839/3839
f 2709/2709 2710/2710 3841/3841
f 2710/2710 2562/2562 3843/3843
f 2564/2564 2711/2711 3845/3845
f 2713/2713 2712/2712 3847/3847
f 2711/2711 2713/2713 3849/3849
f 2851/2851 2853/2853 3851/3851
f 2707/2707 2709/2709 3853/3853
f 2853/2853 2707/2707 3855/3855
f 2712/2712 2854/2854 3857/3857
f 2856/2856 2855/2855 3859/3859
f 2854/2854 2856/2856 3861/3861
f 2988/2988 2990/2990 3863/3863
f 2849/2849 2851/2851 3865/3865
f 2990/2990 2849/2849 3867/3867
f 2993/2993 2992/2992 3869/3869
f 2992/2992 2991/2991 3871/3871
f 2986/2986 2988/2988 3873/3873
f 2991/2991 2986/2986 3875/3875
f 2995/2995 2994/2994 3877/3877
f 2994/2994 2993/2993 3879/3879
f 3183/3183 3184/3184 3881/3881
f 3182/3182 3183/3183 3883/3883
f 2855/2855 3182/3182 3885/3885
f 3186/3186 3185/3185 3887/3887
f 3184/3184 3186/3186 3889/3889
f 3305/3305 3307/3307 3891/3891
f 3307/3307 3308/3308 3893/3893
f 3001/3001 2995/2995 3895/3895
f 3308/3308 3001/3001 3897/3897
f 3311/3311 3309/3309 3899/3899
f 3185/3185 3311/3311 3901/3901
f 3411/3411 3413/3413 3903/3903
f 3413/3413 3414/3414 3905/3905
f 3301/3301 3303/3303 3907/3907
f 3414/3414 3301/3301 3909/3909
f 3303/3303 3305/3305 3911/3911
f 3312/3312 3415/3415 3913/3913
f 3309/3309 3312/3312 3915/3915
f 3502/3502 3503/3503 3917/3917
f 3405/3405 3407/3407 3919/3919
f 3503/3503 3405/3405 3921/3921
f 3407/3407 3409/3409 3923/3923
f 3409/3409 3411/3411 3925/3925
f 3417/3417 3505/3505 3927/3927
f 3415/3415 3417/3417 3929/3929
f 3551/3551 3552/3552 3931/3931
f 3554/3554 3553/3553 3933/3933
f 3552/3552 3554/3554 3935/3935
f 3579/3579 3501/3501 3937/3937
f 3501/3501 3502/3502 3939/3939
f 3581/3581 3580/3580 3941/3941
f 3505/3505 3507/3507 3943/3943
f 3507/3507 3581/3581 3945/3945
f 3611/3611 3612/3612 3947/3947
f 3547/3547 3613/3613 3949/3949
f 3612/3612 3547/3547 3951/3951
f 3613/3613 3550/3550 3953/3953
f 3550/3550 3551/3551 3955/3955
f 3553/3553 3555/3555 3957/3957
f 3555/3555 3614/3614 3959/3959
f 3614/3614 3615/3615 3961/3961
f 3615/3615 3616/3616 3963/3963
f 3616/3616 3617/3617 3965/3965
f 3619/3619 3618/3618 3967/3967
f 3617/3617 3619/3619 3969/3969
f 3624/3624 3626/3626 3971/3971
f 3626/3626 3578/3578 3973/3973
f 3578/3578 3579/3579 3975/3975
f 3583/3583 3627/3627 3977/3977
f 3580/3580 3583/3583 3979/3979
f 3627/3627 3628/3628 3981/3981
f 3628/3628 3629/3629 3983/3983
f 3629/3629 3630/3630 3985/3985
f 3630/3630 3632/3632 3987/3987
f 3632/3632 3634/3634 3989/3989
f 3634/3634 3637/3637 3991/3991
f 3637/3637 3639/3639 3993/3993
f 3639/3639 3641/3641 3995/3995
f 3640/3640 3642/3642 3997/3997
f 3642/3642 3610/3610 3999/3999
f 3610/3610 3611/3611 4001/4001
f 3618/3618 3620/3620 4003/4003
f 3620/3620 3622/3622 4005/4005
f 3622/3622 3624/3624 4007/4007
f 3643/3643 3644/3644 209/209
f 3645/3645 3646/3646 210/210
f 3647/3647 3648/3648 134/134
f 3649/3649 3650/3650 137/137
f 3651/3651 3652/3652 138/138
f 3653/3653 3654/3654 139/139
f 3655/3655 3656/3656 213/213
f 3657/3657 3658/3658 211/211
f 3659/3659 3660/3660 291/291
f 3661/3661 3662/3662 292/292
f 3663/3663 3664/3664 208/208
f 3665/3665 3666/3666 212/212
f 3667/3667 3668/3668 214/214
f 3669/3669 3670/3670 293/293
f 3671/3671 3672/3672 296/296
f 3673/3673 3674/3674 294/294
f 3675/3675 3676/3676 381/381
f 3677/3677 3678/3678 379/379
f 3679/3679 3680/3680 380/380
f 3681/3681 3682/3682 290/290
f 3683/3683 3684/3684 295/295
f 3685/3685 3686/3686 384/384
f 3687/3687 3688/3688 382/382
f 3689/3689 3690/3690 479/479
f 3691/3691 3692/3692 480/480
f 3693/3693 3694/3694 383/383
f 3695/3695 3696/3696 481/481
f 3697/3697 3698/3698 590/590
f 3699/3699 3700/3700 588/588
f 3701/3701 3702/3702 589/589
f 3703/3703 3704/3704 593/593
f 3705/3705 3706/3706 591/591
f 3707/3707 3708/3708 482/482
f 3709/3709 3710/3710 484/484
f 3711/3711 3712/3712 711/711
f 3713/3713 3714/3714 712/712
f 3715/3715 3716/3716 592/592
f 3717/3717 3718/3718 715/715
f 3719/3719 3720/3720 713/713
f 3721/3721 3722/3722 845/845
f 3723/3723 3724/3724 844/844
f 3725/3725 3726/3726 714/714
f 3727/3727 3728/3728 848/848
f 3729/3729 3730/3730 846/846
f 3731/3731 3732/3732 986/986
f 3733/3733 3734/3734 987/987
f 3735/3735 3736/3736 847/847
f 3737/3737 3738/3738 988/988
f 3739/3739 3740/3740 1134/1134
f 3741/3741 3742/3742 1136/1136
f 3743/3743 3744/3744 991/991
f 3745/3745 3746/3746 989/989
f 3747/3747 3748/3748 1137/1137
f 3749/3749 3750/3750 1289/1289
f 3751/3751 3752/3752 1290/1290
f 3753/3753 3754/3754 1140/1140
f 3755/3755 3756/3756 1138/1138
f 3757/3757 3758/3758 1293/1293
f 3759/3759 3760/3760 1291/1291
f 3761/3761 3762/3762 1450/1450
f 3763/3763 3764/3764 1451/1451
f 3765/3765 3766/3766 1292/1292
f 3767/3767 3768/3768 1452/1452
f 3769/3769 3770/3770 1453/1453
f 3771/3771 3772/3772 1620/1620
f 3773/3773 3774/3774 1621/1621
f 3775/3775 3776/3776 1457/1457
f 3777/3777 3778/3778 1455/1455
f 3779/3779 3780/3780 1622/1622
f 3781/3781 3782/3782 1784/1784
f 3783/3783 3784/3784 1783/1783
f 3785/3785 3786/3786 1625/1625
f 3787/3787 3788/3788 1623/1623
f 3789/3789 3790/3790 1785/1785
f 3791/3791 3792/3792 1945/1945
f 3793/3793 3794/3794 1946/1946
f 3795/3795 3796/3796 1788/1788
f 3797/3797 3798/3798 1786/1786
f 3799/3799 3800/3800 1947/1947
f 3801/3801 3802/3802 2106/2106
f 3803/3803 3804/3804 2107/2107
f 3805/3805 3806/3806 1948/1948
f 3807/3807 3808/3808 1953/1953
f 3809/3809 3810/3810 1950/1950
f 3811/3811 3812/3812 2108/2108
f 3813/3813 3814/3814 2262/2262
f 3815/3815 3816/3816 2263/2263
f 3817/3817 3818/3818 2265/2265
f 3819/3819 3820/3820 2109/2109
f 3821/3821 3822/3822 2414/2414
f 3823/3823 3824/3824 2415/2415
f 3825/3825 3826/3826 2264/2264
f 3827/3827 3828/3828 2418/2418
f 3829/3829 3830/3830 2416/2416
f 3831/3831 3832/3832 2562/2562
f 3833/3833 3834/3834 2412/2412
f 3835/3835 3836/3836 2563/2563
f 3837/3837 3838/3838 2565/2565
f 3839/3839 3840/3840 2417/2417
f 3841/3841 3842/3842 2709/2709
f 3843/3843 3844/3844 2710/2710
f 3845/3845 3846/3846 2564/2564
f 3847/3847 3848/3848 2713/2713
f 3849/3849 3850/3850 2711/2711
f 3851/3851 3852/3852 2851/2851
f 3853/3853 3854/3854 2707/2707
f 3855/3855 3856/3856 2853/2853
f 3857/3857 3858/3858 2712/2712
f 3859/3859 3860/3860 2856/2856
f 3861/3861 3862/3862 2854/2854
f 3863/3863 3864/3864 2988/2988
f 3865/3865 3866/3866 2849/2849
f 3867/3867 3868/3868 2990/2990
f 3869/3869 3870/3870 2993/2993
f 3871/3871 3872/3872 2992/2992
f 3873/3873 3874/3874 2986/2986
f 3875/3875 3876/3876 2991/2991
f 3877/3877 3878/3878 2995/2995
f 3879/3879 3880/3880 2994/2994
f 3881/3881 3882/3882 3183/3183
f 3883/3883 3884/3884 3182/3182
f 3885/3885 3886/3886 2855/2855
f 3887/3887 3888/3888 3186/3186
f 3889/3889 3890/3890 3184/3184
f 3891/3891 3892/3892 3305/3305
f 3893/3893 3894/3894 3307/3307
f 3895/3895 3896/3896 3001/3001
f 3897/3897 3898/3898 3308/3308
f 3899/3899 3900/3900 3311/3311
f 3901/3901 3902/3902 3185/3185
f 3903/3903 3904/3904 3411/3411
f 3905/3905 3906/3906 3413/3413
f 3907/3907 3908/3908 3301/3301
f 3909/3909 3910/3910 3414/3414
f 3911/3911 3912/3912 3303/3303
f 3913/3913 3914/3914 3312/3312
f 3915/3915 3916/3916 3309/3309
f 3917/3917 3918/3918 3502/3502
f 3919/3919 3920/3920 3405/3405
f 3921/3921 3922/3922 3503/3503
f 3923/3923 3924/3924 3407/3407
f 3925/3925 3926/3926 3409/3409
f 3927/3927 3928/3928 3417/3417
f 3929/3929 3930/3930 3415/3415
f 3931/3931 3932/3932 3551/3551
f 3933/3933 3934/3934 3554/3554
f 3935/3935 3936/3936 3552/3552
f 3937/3937 3938/3938 3579/3579
f 3939/3939 3940/3940 3501/3501
f 3941/3941 3942/3942 3581/3581
f 3943/3943 3944/3944 3505/3505
f 3945/3945 3946/3946 3507/3507
f 3947/3947 3948/3948 3611/3611
f 3949/3949 3950/3950 3547/3547
f 3951/3951 3952/3952 3612/3612
f 3953/3953 3954/3954 3613/3613
f 3955/3955 3956/3956 3550/3550
f 3957/3957 3958/3958 3553/3553
f 3959/3959 3960/3960 3555/3555
f 3961/3961 3962/3962 3614/3614
f 3963/3963 3964/3964 3615/3615
f 3965/3965 3966/3966 3616/3616
f 3967/3967 3968/3968 3619/3619
f 3969/3969 3970/3970 3617/3617
f 3971/3971 3972/3972 3624/3624
f 3973/3973 3974/3974 3626/3626
f 3975/3975 3976/3976 3578/3578
f 3977/3977 3978/3978 3583/3583
f 3979/3979 3980/3980 3580/3580
f 3981/3981 3982/3982 3627/3627
f 3983/3983 3984/3984 3628/3628
f 3985/3985 3986/3986 3629/3629
f 3987/3987 3988/3988 3630/3630
f 3989/3989 3990/3990 3632/3632
f 3991/3991 3992/3992 3634/3634
f 3993/3993 3994/3994 3637/3637
f 3995/3995 3996/3996 3639/3639
f 3997/3997 3998/3998 3640/3640
f 3999/3999 4000/4000 3642/3642
f 4001/4001 4002/4002 3610/3610
f 4003/4003 4004/4004 3618/3618
f 4005/4005 4006/4006 3620/3620
f 4007/4007 4008/4008 3622/3622
f 209/209 4009/4009 4010/4010
f 134/134 4011/4011 4012/4012
f 137/137 4013/4013 4014/4014
f 137/137 4015/4015 4016/4016
f 137/137 4017/4017 4018/4018
f 138/138 4019/4019 4020/4020
f 211/211 4021/4021 4022/4022
f 211/211 4023/4023 4024/4024
f 291/291 4025/4025 4026/4026
f 208/208 4027/4027 4028/4028
f 208/208 4029/4029 4030/4030
f 212/212 4031/4031 4032/4032
f 212/212 4033/4033 4034/4034
f 293/293 4035/4035 4036/4036
f 293/293 4037/4037 4038/4038
f 294/294 4039/4039 4040/4040
f 290/290 4041/4041 4042/4042
f 290/290 4043/4043 4044/4044
f 295/295 4045/4045 4046/4046
f 382/382 4047/4047 4048/4048
f 382/382 4049/4049 4050/4050
f 479/479 4051/4051 4052/4052
f 381/381 4053/4053 4054/4054
f 381/381 4055/4055 4056/4056
f 381/381 4057/4057 4058/4058
f 383/383 4059/4059 4060/4060
f 481/481 4061/4061 4062/4062
f 481/481 4063/4063 4064/4064
f 482/482 4065/4065 4066/4066
f 479/479 4067/4067 4068/4068
f 590/590 4069/4069 4070/4070
f 590/590 4071/4071 4072/4072
f 591/591 4073/4073 4074/4074
f 711/711 4075/4075 4076/4076
f 590/590 4077/4077 4078/4078
f 592/592 4079/4079 4080/4080
f 592/592 4081/4081 4082/4082
f 592/592 4083/4083 4084/4084
f 844/844 4085/4085 4086/4086
f 845/845 4087/4087 4088/4088
f 714/714 4089/4089 4090/4090
f 714/714 4091/4091 4092/4092
f 714/714 4093/4093 4094/4094
f 986/986 4095/4095 4096/4096
f 844/844 4097/4097 4098/4098
f 847/847 4099/4099 4100/4100
f 847/847 4101/4101 4102/4102
f 847/847 4103/4103 4104/4104
f 989/989 4105/4105 4106/4106
f 1136/1136 4107/4107 4108/4108
f 986/986 4109/4109 4110/4110
f 991/991 4111/4111 4112/4112
f 991/991 4113/4113 4114/4114
f 1138/1138 4115/4115 4116/4116
f 1289/1289 4117/4117 4118/4118
f 1134/1134 4119/4119 4120/4120
f 1140/1140 4121/4121 4122/4122
f 1140/1140 4123/4123 4124/4124
f 1450/1450 4125/4125 4126/4126
f 1289/1289 4127/4127 4128/4128
f 1292/1292 4129/4129 4130/4130
f 1292/1292 4131/4131 4132/4132
f 1292/1292 4133/4133 4134/4134
f 1453/1453 4135/4135 4136/4136
f 1620/1620 4137/4137 4138/4138
f 1450/1450 4139/4139 4140/4140
f 1453/1453 4141/4141 4142/4142
f 1457/1457 4143/4143 4144/4144
f 1457/1457 4145/4145 4146/4146
f 1623/1623 4147/4147 4148/4148
f 1783/1783 4149/4149 4150/4150
f 1784/1784 4151/4151 4152/4152
f 1625/1625 4153/4153 4154/4154
f 1625/1625 4155/4155 4156/4156
f 1786/1786 4157/4157 4158/4158
f 1945/1945 4159/4159 4160/4160
f 1783/1783 4161/4161 4162/4162
f 1788/1788 4163/4163 4164/4164
f 1788/1788 4165/4165 4166/4166
f 1948/1948 4167/4167 4168/4168
f 2106/2106 4169/4169 4170/4170
f 1945/1945 4171/4171 4172/4172
f 1950/1950 4173/4173 4174/4174
f 1950/1950 4175/4175 4176/4176
f 1950/1950 4177/4177 4178/4178
f 1953/1953 4179/4179 4180/4180
f 2109/2109 4181/4181 4182/4182
f 2262/2262 4183/4183 4184/4184
f 2106/2106 4185/4185 4186/4186
f 2109/2109 4187/4187 4188/4188
f 2265/2265 4189/4189 4190/4190
f 2414/2414 4191/4191 4192/4192
f 2262/2262 4193/4193 4194/4194
f 2416/2416 4195/4195 4196/4196
f 2416/2416 4197/4197 4198/4198
f 2416/2416 4199/4199 4200/4200
f 2562/2562 4201/4201 4202/4202
f 2414/2414 4203/4203 4204/4204
f 2414/2414 4205/4205 4206/4206
f 2565/2565 4207/4207 4208/4208
f 2565/2565 4209/4209 4210/4210
f 2709/2709 4211/4211 4212/4212
f 2562/2562 4213/4213 4214/4214
f 2711/2711 4215/4215 4216/4216
f 2711/2711 4217/4217 4218/4218
f 2711/2711 4219/4219 4220/4220
f 2853/2853 4221/4221 4222/4222
f 2709/2709 4223/4223 4224/4224
f 2709/2709 4225/4225 4226/4226
f 2854/2854 4227/4227 4228/4228
f 2854/2854 4229/4229 4230/4230
f 2854/2854 4231/4231 4232/4232
f 2990/2990 4233/4233 4234/4234
f 2851/2851 4235/4235 4236/4236
f 2851/2851 4237/4237 4238/4238
f 2988/2988 4239/4239 4240/4240
f 2991/2991 4241/4241 4242/4242
f 2993/2993 4243/4243 4244/4244
f 3184/3184 4245/4245 4246/4246
f 3182/3182 4247/4247 4248/4248
f 3182/3182 4249/4249 4250/4250
f 3184/3184 4251/4251 4252/4252
f 3186/3186 4253/4253 4254/4254
f 3308/3308 4255/4255 4256/4256
f 3308/3308 4257/4257 4258/4258
f 2995/2995 4259/4259 4260/4260
f 2995/2995 4261/4261 4262/4262
f 3309/3309 4263/4263 4264/4264
f 3311/3311 4265/4265 4266/4266
f 3414/3414 4267/4267 4268/4268
f 3414/3414 4269/4269 4270/4270
f 3303/3303 4271/4271 4272/4272
f 3305/3305 4273/4273 4274/4274
f 3305/3305 4275/4275 4276/4276
f 3415/3415 4277/4277 4278/4278
f 3312/3312 4279/4279 4280/4280
f 3502/3502 4281/4281 4282/4282
f 3407/3407 4283/4283 4284/4284
f 3409/3409 4285/4285 4286/4286
f 3411/3411 4287/4287 4288/4288
f 3411/3411 4289/4289 4290/4290
f 3505/3505 4291/4291 4292/4292
f 3417/3417 4293/4293 4294/4294
f 3551/3551 4295/4295 4296/4296
f 3579/3579 4297/4297 4298/4298
f 3579/3579 4299/4299 4300/4300
f 3501/3501 4301/4301 4302/4302
f 3581/3581 4303/4303 4304/4304
f 3581/3581 4305/4305 4306/4306
f 3581/3581 4307/4307 4308/4308
f 3611/3611 4309/4309 4310/4310
f 3613/3613 4311/4311 4312/4312
f 3550/3550 4313/4313 4314/4314
f 3550/3550 4315/4315 4316/4316
f 3553/3553 4317/4317 4318/4318
f 3553/3553 4319/4319 4320/4320
f 3614/3614 4321/4321 4322/4322
f 3614/3614 4323/4323 4324/4324
f 3615/3615 4325/4325 4326/4326
f 3616/3616 4327/4327 4328/4328
f 3617/3617 4329/4329 4330/4330
f 3578/3578 4331/4331 4332/4332
f 3578/3578 4333/4333 4334/4334
f 3627/3627 4335/4335 4336/4336
f 3583/3583 4337/4337 4338/4338
f 3628/3628 4339/4339 4340/4340
f 3629/3629 4341/4341 4342/4342
f 3630/3630 4343/4343 4344/4344
f 3632/3632 4345/4345 4346/4346
f 3634/3634 4347/4347 4348/4348
f 3637/3637 4349/4349 4350/4350
f 3639/3639 4351/4351 4352/4352
f 3641/3641 4353/4353 4354/4354
f 3642/3642 4355/4355 4356/4356
f 3610/3610 4357/4357 4358/4358
f 3610/3610 4359/4359 4360/4360
f 3618/3618 4361/4361 4362/4362
f 3618/3618 4363/4363 4364/4364
f 3620/3620 4365/4365 4366/4366
f 3622/3622 4367/4367 4368/4368
f 3624/3624 4369/4369 4370/4370
f 3624/3624 4371/4371 4372/4372
usemtl plum_cut
f 4416/4416 4544/4544 4388/4388
f 4509/4509 4453/4453 4672/4672
f 4388/4388 4544/4544 4728/4728
f 4388/4388 4728/4728 4420/4420
f 4388/4388 4420/4420 4540/4540
f 4672/4672 4686/4686 4638/4638
f 4672/4672 4453/4453 4686/4686
f 4662/4662 4373/4373 4603/4603
f 4397/4397 4705/4705 4668/4668
f 4506/4506 4524/4524 4400/4400
f 4400/4400 4568/4568 4600/4600
f 4560/4560 4563/4563 4558/4558
f 4532/4532 4461/4461 4561/4561
f 4561/4561 4457/4457 4531/4531
f 4598/4598 4538/4538 4553/4553
f 4553/4553 4684/4684 4491/4491
f 4701/4701 4698/4698 4643/4643
f 4643/4643 4736/4736 4723/4723
f 4723/4723 4588/4588 4607/4607
f 4725/4725 4564/4564 4571/4571
f 4571/4571 4673/4673 4536/4536
f 4536/4536 4608/4608 4547/4547
f 4717/4717 4487/4487 4385/4385
f 4399/4399 4442/4442 4555/4555
f 4555/4555 4437/4437 4658/4658
f 4658/4658 4602/4602 4628/4628
f 4628/4628 4681/4681 4503/4503
f 4503/4503 4447/4447 4691/4691
f 4691/4691 4654/4654 4589/4589
f 4589/4589 4379/4379 4496/4496
f 4540/4540 4420/4420 4728/4728
f 4728/4728 4544/4544 4416/4416
f 4416/4416 4695/4695 4582/4582
f 4582/4582 4584/4584 4408/4408
f 4408/4408 4446/4446 4624/4624
f 4624/4624 4727/4727 4465/4465
f 4493/4493 4693/4693 4405/4405
f 4425/4425 4394/4394 4640/4640
f 4640/4640 4630/4630 4398/4398
f 4398/4398 4489/4489 4432/4432
f 4432/4432 4680/4680 4472/4472
f 4472/4472 4703/4703 4504/4504
f 4504/4504 4649/4649 4666/4666
f 4666/4666 4505/4505 4414/4414
f 4414/4414 4599/4599 4694/4694
f 4694/4694 4611/4611 4381/4381
f 4572/4572 4482/4482 4436/4436
f 4436/4436 4546/4546 4435/4435
f 4523/4523 4395/4395 4651/4651
f 4651/4651 4518/4518 4520/4520
f 4520/4520 4678/4678 4700/4700
f 4700/4700 4480/4480 4675/4675
f 4675/4675 4374/4374 4682/4682
f 4682/4682 4696/4696 4702/4702
f 4702/4702 4450/4450 4469/4469
f 4469/4469 4644/4644 4542/4542
f 4708/4708 4549/4549 4376/4376
f 4427/4427 4470/4470 4498/4498
f 4498/4498 4393/4393 4604/4604
f 4604/4604 4685/4685 4737/4737
f 4737/4737 4419/4419 4718/4718
f 4718/4718 4418/4418 4632/4632
f 4622/4622 4676/4676 4477/4477
f 4477/4477 4406/4406 4610/4610
f 4610/4610 4597/4597 4569/4569
f 4569/4569 4592/4592 4739/4739
f 4706/4706 4710/4710 4412/4412
f 4384/4384 4407/4407 4501/4501
f 4501/4501 4627/4627 4444/4444
f 4444/4444 4455/4455 4714/4714
f 4714/4714 4382/4382 4535/4535
f 4638/4638 4686/4686 4453/4453
f 4460/4460 4473/4473 4664/4664
f 4664/4664 4483/4483 4443/4443
f 4443/4443 4488/4488 4587/4587
f 4587/4587 4590/4590 4521/4521
f 4521/4521 4663/4663 4510/4510
f 4567/4567 4452/4452 4517/4517
f 4711/4711 4401/4401 4616/4616
f 4616/4616 4497/4497 4486/4486
f 4486/4486 4467/4467 4417/4417
f 4464/4464 4557/4557 4683/4683
f 4683/4683 4689/4689 4606/4606
f 4383/4383 4430/4430 4721/4721
f 4721/4721 4631/4631 4511/4511
f 4585/4585 4722/4722 4656/4656
f 4656/4656 4409/4409 4615/4615
f 4426/4426 4448/4448 4605/4605
f 4605/4605 4543/4543 4573/4573
f 4441/4441 4508/4508 4378/4378
f 4617/4617 4390/4390 4526/4526
f 4634/4634 4525/4525 4548/4548
f 4713/4713 4440/4440 4566/4566
f 4667/4667 4380/4380 4434/4434
f 4434/4434 4386/4386 4512/4512
f 4512/4512 4601/4601 4639/4639
f 4639/4639 4620/4620 4730/4730
f 4730/4730 4576/4576 4729/4729
f 4629/4629 4411/4411 4533/4533
f 4533/4533 4392/4392 4642/4642
f 4642/4642 4458/4458 4633/4633
f 4633/4633 4478/4478 4593/4593
f 4657/4657 4529/4529 4635/4635
f 4515/4515 4734/4734 4596/4596
f 4449/4449 4716/4716 4612/4612
f 4636/4636 4674/4674 4445/4445
f 4445/4445 4454/4454 4516/4516
f 4514/4514 4709/4709 4485/4485
f 4485/4485 4679/4679 4647/4647
f 4502/4502 4733/4733 4415/4415
f 4726/4726 4715/4715 4539/4539
f 4655/4655 4699/4699 4468/4468
f 4468/4468 4690/4690 4578/4578
f 4578/4578 4439/4439 4646/4646
f 4646/4646 4625/4625 4530/4530
f 4530/4530 4735/4735 4660/4660
f 4660/4660 4641/4641 4423/4423
f 4423/4423 4719/4719 4637/4637
f 4637/4637 4623/4623 4565/4565
f 4659/4659 4534/4534 4424/4424
f 4424/4424 4609/4609 4583/4583
f 4387/4387 4456/4456 4677/4677
f 4677/4677 4732/4732 4594/4594
f 4594/4594 4724/4724 4556/4556
f 4556/4556 4613/4613 4619/4619
f 4619/4619 4507/4507 4431/4431
f 4431/4431 4476/4476 4652/4652
f 4652/4652 4484/4484 4586/4586
f 4586/4586 4595/4595 4463/4463
f 4463/4463 4413/4413 4422/4422
f 4422/4422 4377/4377 4562/4562
f 4562/4562 4697/4697 4522/4522
f 4522/4522 4665/4665 4720/4720
f 4720/4720 4645/4645 4492/4492
f 4492/4492 4692/4692 4648/4648
f 4648/4648 4688/4688 4621/4621
f 4621/4621 4404/4404 4490/4490
f 4490/4490 4712/4712 4475/4475
f 4475/4475 4471/4471 4474/4474
f 4513/4513 4421/4421 4550/4550
f 4550/4550 4527/4527 4570/4570
f 4570/4570 4618/4618 4581/4581
f 4581/4581 4428/4428 4375/4375
f 4375/4375 4580/4580 4403/4403
f 4403/4403 4661/4661 4707/4707
f 4707/4707 4391/4391 4451/4451
f 4451/4451 4591/4591 4577/4577
f 4577/4577 4410/4410 4500/4500
f 4500/4500 4433/4433 4579/4579
f 4579/4579 4670/4670 4479/4479
f 4574/4574 4537/4537 4545/4545
f 4545/4545 4704/4704 4552/4552
f 4552/4552 4396/4396 4669/4669
f 4687/4687 4462/4462 4481/4481
f 4481/4481 4528/4528 4438/4438
f 4438/4438 4671/4671 4551/4551
f 4551/4551 4559/4559 4541/4541
f 4541/4541 4731/4731 4650/4650
f 4650/4650 4499/4499 4402/4402
f 4402/4402 4662/4662 4603/4603
f 4397/4397 4668/4668 4738/4738
f 4738/4738 4506/4506 4400/4400
f 4560/4560 4558/4558 4532/4532
f 4532/4532 4561/4561 4531/4531
f 4553/4553 4491/4491 4701/4701
f 4701/4701 4643/4643 4723/4723
f 4723/4723 4607/4607 4725/4725
f 4725/4725 4571/4571 4536/4536
f 4717/4717 4385/4385 4399/4399
f 4399/4399 4555/4555 4658/4658
f 4658/4658 4628/4628 4503/4503
f 4503/4503 4691/4691 4589/4589
f 4589/4589 4496/4496 4626/4626
f 4540/4540 4728/4728 4416/4416
f 4416/4416 4582/4582 4408/4408
f 4408/4408 4624/4624 4465/4465
f 4465/4465 4493/4493 4405/4405
f 4405/4405 4425/4425 4640/4640
f 4640/4640 4398/4398 4432/4432
f 4432/4432 4472/4472 4504/4504
f 4504/4504 4666/4666 4414/4414
f 4414/4414 4694/4694 4381/4381
f 4381/4381 4572/4572 4436/4436
f 4436/4436 4435/4435 4523/4523
f 4523/4523 4651/4651 4520/4520
f 4700/4700 4675/4675 4682/4682
f 4682/4682 4702/4702 4469/4469
f 4469/4469 4542/4542 4708/4708
f 4708/4708 4376/4376 4427/4427
f 4427/4427 4498/4498 4604/4604
f 4604/4604 4737/4737 4718/4718
f 4718/4718 4632/4632 4622/4622
f 4622/4622 4477/4477 4610/4610
f 4610/4610 4569/4569 4739/4739
f 4739/4739 4706/4706 4412/4412
f 4412/4412 4384/4384 4501/4501
f 4501/4501 4444/4444 4714/4714
f 4714/4714 4535/4535 4638/4638
f 4638/4638 4453/4453 4509/4509
f 4509/4509 4460/4460 4664/4664
f 4664/4664 4443/4443 4587/4587
f 4587/4587 4521/4521 4510/4510
f 4494/4494 4567/4567 4517/4517
f 4711/4711 4616/4616 4486/4486
f 4486/4486 4417/4417 4519/4519
f 4519/4519 4464/4464 4683/4683
f 4683/4683 4606/4606 4653/4653
f 4653/4653 4383/4383 4721/4721
f 4721/4721 4511/4511 4585/4585
f 4585/4585 4656/4656 4615/4615
f 4615/4615 4426/4426 4605/4605
f 4605/4605 4573/4573 4441/4441
f 4441/4441 4378/4378 4617/4617
f 4617/4617 4526/4526 4634/4634
f 4634/4634 4548/4548 4554/4554
f 4554/4554 4713/4713 4566/4566
f 4667/4667 4434/4434 4512/4512
f 4512/4512 4639/4639 4730/4730
f 4730/4730 4729/4729 4629/4629
f 4629/4629 4533/4533 4642/4642
f 4633/4633 4593/4593 4657/4657
f 4657/4657 4635/4635 4515/4515
f 4596/4596 4449/4449 4612/4612
f 4612/4612 4636/4636 4445/4445
f 4445/4445 4516/4516 4514/4514
f 4514/4514 4485/4485 4647/4647
f 4647/4647 4502/4502 4415/4415
f 4415/4415 4726/4726 4539/4539
f 4614/4614 4655/4655 4468/4468
f 4468/4468 4578/4578 4646/4646
f 4646/4646 4530/4530 4660/4660
f 4423/4423 4637/4637 4565/4565
f 4659/4659 4424/4424 4583/4583
f 4387/4387 4677/4677 4594/4594
f 4594/4594 4556/4556 4619/4619
f 4619/4619 4431/4431 4652/4652
f 4652/4652 4586/4586 4463/4463
f 4463/4463 4422/4422 4562/4562
f 4562/4562 4522/4522 4720/4720
f 4720/4720 4492/4492 4648/4648
f 4648/4648 4621/4621 4490/4490
f 4475/4475 4474/4474 4575/4575
f 4466/4466 4513/4513 4550/4550
f 4550/4550 4570/4570 4581/4581
f 4581/4581 4375/4375 4403/4403
f 4403/4403 4707/4707 4451/4451
f 4451/4451 4577/4577 4500/4500
f 4579/4579 4479/4479 4574/4574
f 4574/4574 4545/4545 4552/4552
f 4552/4552 4669/4669 4687/4687
f 4481/4481 4438/4438 4551/4551
f 4551/4551 4541/4541 4650/4650
f 4650/4650 4402/4402 4603/4603
f 4397/4397 4738/4738 4400/4400
f 4600/4600 4560/4560 4532/4532
f 4532/4532 4531/4531 4598/4598
f 4553/4553 4701/4701 4723/4723
f 4723/4723 4725/4725 4536/4536
f 4389/4389 4717/4717 4399/4399
f 4399/4399 4658/4658 4503/4503
f 4503/4503 4589/4589 4626/4626
f 4626/4626 4540/4540 4416/4416
f 4408/4408 4465/4465 4405/4405
f 4405/4405 4640/4640 4432/4432
f 4432/4432 4504/4504 4414/4414
f 4414/4414 4381/4381 4436/4436
f 4436/4436 4523/4523 4520/4520
f 4520/4520 4700/4700 4682/4682
f 4682/4682 4469/4469 4708/4708
f 4708/4708 4427/4427 4604/4604
f 4604/4604 4718/4718 4622/4622
f 4622/4622 4610/4610 4739/4739
f 4739/4739 4412/4412 4501/4501
f 4501/4501 4714/4714 4638/4638
f 4509/4509 4664/4664 4587/4587
f 4587/4587 4510/4510 4494/4494
f 4494/4494 4517/4517 4711/4711
f 4711/4711 4486/4486 4519/4519
f 4519/4519 4683/4683 4653/4653
f 4653/4653 4721/4721 4585/4585
f 4615/4615 4605/4605 4441/4441
f 4441/4441 4617/4617 4634/4634
f 4634/4634 4554/4554 4566/4566
f 4566/4566 4667/4667 4512/4512
f 4512/4512 4730/4730 4629/4629
f 4629/4629 4642/4642 4633/4633
f 4633/4633 4657/4657 4515/4515
f 4515/4515 4596/4596 4612/4612
f 4612/4612 4445/4445 4514/4514
f 4514/4514 4647/4647 4415/4415
f 4415/4415 4539/4539 4614/4614
f 4614/4614 4468/4468 4646/4646
f 4646/4646 4660/4660 4423/4423
f 4423/4423 4565/4565 4659/4659
f 4659/4659 4583/4583 4387/4387
f 4387/4387 4594/4594 4619/4619
f 4619/4619 4652/4652 4463/4463
f 4463/4463 4562/4562 4720/4720
f 4720/4720 4648/4648 4490/4490
f 4490/4490 4475/4475 4575/4575
f 4466/4466 4550/4550 4581/4581
f 4581/4581 4403/4403 4451/4451
f 4451/4451 4500/4500 4579/4579
f 4574/4574 4552/4552 4687/4687
f 4481/4481 4551/4551 4650/4650
f 4650/4650 4603/4603 4397/4397
f 4397/4397 4400/4400 4600/4600
f 4600/4600 4532/4532 4598/4598
f 4553/4553 4723/4723 4536/4536
f 4389/4389 4399/4399 4503/4503
f 4503/4503 4626/4626 4416/4416
f 4416/4416 4408/4408 4405/4405
f 4405/4405 4432/4432 4414/4414
f 4414/4414 4436/4436 4520/4520
f 4520/4520 4682/4682 4708/4708
f 4708/4708 4604/4604 4622/4622
f 4622/4622 4739/4739 4501/4501
f 4501/4501 4638/4638 4509/4509
f 4509/4509 4587/4587 4494/4494
f 4494/4494 4711/4711 4519/4519
f 4519/4519 4653/4653 4585/4585
f 4585/4585 4615/4615 4441/4441
f 4441/4441 4634/4634 4566/4566
f 4566/4566 4512/4512 4629/4629
f 4629/4629 4633/4633 4515/4515
f 4515/4515 4612/4612 4514/4514
f 4514/4514 4415/4415 4614/4614
f 4614/4614 4646/4646 4423/4423
f 4423/4423 4659/4659 4387/4387
f 4387/4387 4619/4619 4463/4463
f 4463/4463 4720/4720 4490/4490
f 4490/4490 4575/4575 4466/4466
f 4466/4466 4581/4581 4451/4451
f 4451/4451 4579/4579 4574/4574
f 4574/4574 4687/4687 4481/4481
f 4481/4481 4650/4650 4397/4397
f 4397/4397 4600/4600 4598/4598
f 4598/4598 4553/4553 4536/4536
f 4429/4429 4389/4389 4503/4503
f 4503/4503 4416/4416 4405/4405
f 4405/4405 4414/4414 4520/4520
f 4520/4520 4708/4708 4622/4622
f 4622/4622 4501/4501 4509/4509
f 4509/4509 4494/4494 4519/4519
f 4519/4519 4585/4585 4441/4441
f 4441/4441 4566/4566 4629/4629
f 4629/4629 4515/4515 4514/4514
f 4514/4514 4614/4614 4423/4423
f 4423/4423 4387/4387 4463/4463
f 4463/4463 4490/4490 4466/4466
f 4466/4466 4451/4451 4574/4574
f 4574/4574 4481/4481 4397/4397
f 4397/4397 4598/4598 4536/4536
f 4495/4495 4429/4429 4503/4503
f 4503/4503 4405/4405 4520/4520
f 4520/4520 4622/4622 4509/4509
f 4509/4509 4519/4519 4441/4441
f 4441/4441 4629/4629 4514/4514
f 4514/4514 4423/4423 4463/4463
f 4463/4463 4466/4466 4574/4574
f 4574/4574 4397/4397 4536/4536
f 4459/4459 4495/4495 4503/4503
f 4503/4503 4520/4520 4509/4509
f 4509/4509 4441/4441 4514/4514
f 4514/4514 4463/4463 4574/4574
f 4574/4574 4536/4536 4547/4547
f 4459/4459 4503/4503 4509/4509
f 4509/4509 4514/4514 4574/4574
f 4574/4574 4547/4547 4459/4459
f 4459/4459 4509/4509 4574/4574
