# generated
mtllib kiwi.mtl
o fruit_half
v 3.258452 -1.653285 1.068697
v 3.333974 -1.447011 0.976650
v 3.404253 -1.196947 0.897652
v 3.466918 -0.915110 0.818485
v 3.519672 -0.613546 0.738671
v 3.086082 -1.735462 1.019398
v 3.107923 -1.484891 0.844018
v 3.154307 -1.210682 0.727716
v 3.203312 -0.918476 0.636661
v 2.848512 -1.834314 0.941315
v 2.861244 -1.558090 0.742615
v 2.891298 -1.262338 0.598184
v 2.927466 -0.949675 0.494635
v 2.547237 -1.949888 0.843181
v 2.557643 -1.652203 0.629328
v 2.565012 -1.334319 0.473416
v 2.587747 -0.998502 0.360675
v 2.091003 -2.074047 0.742203
v 2.098121 -1.760343 0.514340
v 2.107497 -1.418824 0.345500
v 2.121988 -1.060449 0.226974
v 1.543424 -2.185095 0.655248
v 1.554398 -1.859507 0.410922
v 1.567720 -1.501305 0.224506
v 1.577613 -1.121186 0.098464
v 0.926104 -2.267092 0.591608
v 0.936052 -1.926040 0.338546
v 0.948084 -1.554508 0.142965
v 0.958353 -1.160103 0.007516
v 3.311579 -1.687781 3.876122
v 3.375394 -1.521464 3.948547
v 3.450073 -1.273144 4.042061
v 3.513715 -0.977611 4.137752
v 3.567418 -0.001981 4.299408
v 3.567418 -0.001981 4.299408
v 3.150725 -1.766255 3.944253
v 3.171724 -1.555591 4.096041
v 3.213020 -1.291082 4.227813
v 3.256040 -0.988383 4.342785
v 3.289731 -0.663243 4.436546
v 2.899186 -1.872732 4.036457
v 2.903956 -1.621480 4.229100
v 2.926617 -1.330953 4.387026
v 2.960334 -1.012564 4.517799
v 2.995481 -0.678060 4.620280
v 2.586300 -1.997065 4.150131
v 2.578222 -1.707711 4.368550
v 2.592708 -1.388736 4.544558
v 2.629429 -1.050501 4.688434
v 2.660350 -0.702906 4.786161
v 2.169724 -2.107889 4.255435
v 2.162178 -1.792377 4.491543
v 2.168902 -1.454007 4.684042
v 2.188479 -1.097764 4.833653
v 2.213304 -0.735961 4.936191
v 1.581971 -2.161656 4.312559
v 1.577247 -1.838603 4.557464
v 1.581061 -1.492780 4.758664
v 1.593614 -1.131828 4.916468
v 1.615215 -0.764046 5.034451
v 0.941667 -2.190620 4.349818
v 0.942659 -1.865282 4.600133
v 0.946761 -1.516986 4.805776
v 0.955299 -1.153504 4.966978
v 0.968569 -0.780611 5.087090
v 3.321789 -1.732207 1.250501
v 3.498907 -1.516042 1.200555
v 3.609973 -1.242979 1.141156
v 3.698103 -0.947617 1.070837
v 3.756687 -0.640216 0.987577
v 0.919123 -2.559606 0.893835
v 1.536475 -2.461424 0.950155
v 2.087127 -2.337854 1.020969
v 2.546382 -2.198959 1.100728
v 2.848722 -2.041499 1.184910
v 3.113122 -1.896830 1.235965
v 3.397826 -1.822415 1.507618
v 3.609290 -1.578231 1.478675
v 3.914445 -0.972568 1.387675
v 3.965854 -0.658229 1.283066
v 0.917062 -2.797896 1.241265
v 1.540826 -2.688619 1.286101
v 2.097599 -2.550363 1.342275
v 2.523015 -2.372519 1.414880
v 2.885645 -2.210141 1.466197
v 3.159606 -2.028874 1.501825
v 3.474198 -1.896474 1.813149
v 3.694423 -1.619690 1.805226
v 3.781168 -1.291999 1.436483
v 0.920176 -2.978350 1.628433
v 1.554958 -2.862068 1.660035
v 2.130369 -2.717469 1.701318
v 2.561548 -2.522312 1.752304
v 2.913760 -2.328439 1.791032
v 3.215774 -2.124795 1.810898
v 3.523668 -1.941485 2.149020
v 3.763793 -1.665554 2.140992
v 4.119236 -0.937330 1.808187
v 4.135057 0.001028 1.429523
v 4.135057 0.001028 1.429523
v 0.926811 -3.091865 2.046934
v 1.581232 -2.981224 2.064150
v 2.176402 -2.831817 2.088921
v 2.582248 -2.609776 2.120757
v 2.954578 -2.408371 2.139830
v 3.262243 -2.191409 2.149219
v 3.555971 -1.965304 2.493824
v 3.555971 -1.965304 2.493824
v 3.782669 -1.676467 2.486181
v 3.782669 -1.676467 2.486181
v 3.993782 -1.368111 2.477479
v 3.993782 -1.368111 2.477479
v 4.192269 -1.055416 2.470502
v 4.192269 -1.055416 2.470502
v 0.936065 -3.135858 2.495162
v 0.936065 -3.135858 2.495162
v 1.612535 -3.040447 2.495903
v 1.612535 -3.040447 2.495903
v 2.161603 -2.849637 2.499271
v 2.161603 -2.849637 2.499271
v 2.597905 -2.642506 2.500067
v 2.597905 -2.642506 2.500067
v 2.973107 -2.438325 2.501705
v 2.973107 -2.438325 2.501705
v 3.287059 -2.214537 2.499547
v 3.287059 -2.214537 2.499547
v 3.552347 -1.951073 2.836411
v 3.778042 -1.668250 2.827987
v 4.112477 -0.952541 3.167285
v 0.945071 -3.094432 2.947275
v 1.637498 -3.026306 2.937241
v 2.153689 -2.815675 2.900801
v 2.596189 -2.616817 2.876112
v 2.977783 -2.419746 2.859620
v 3.291778 -2.201833 2.847220
v 3.522734 -1.911083 3.167119
v 3.733424 -1.635670 3.165873
v 3.804305 -1.301182 3.515517
v 0.947114 -2.948717 3.354271
v 1.635597 -2.913284 3.341006
v 2.165037 -2.730980 3.284341
v 2.593202 -2.539291 3.235341
v 2.964974 -2.352931 3.202561
v 3.270475 -2.146427 3.179034
v 3.455541 -1.836818 3.465248
v 3.642253 -1.588902 3.478960
v 0.945063 -2.739308 3.724403
v 1.613172 -2.704563 3.701906
v 2.168813 -2.579051 3.641430
v 2.589858 -2.411655 3.572453
v 2.939373 -2.236460 3.518174
v 3.226785 -2.049590 3.481161
v 3.378523 -1.756006 3.713019
v 3.522621 -1.544688 3.744658
v 3.644019 -1.281216 3.806922
v 3.741105 -0.978359 3.886734
v 3.794245 -0.654311 3.976038
v 0.942907 -2.484518 4.057085
v 1.595228 -2.453299 4.027006
v 2.148091 -2.355620 3.955636
v 2.573518 -2.222218 3.873974
v 2.915808 -2.078446 3.800185
v 3.179243 -1.921628 3.740084
v 4.170327 -0.779931 1.966364
v 4.177284 -0.000202 1.622352
v 4.177284 -0.000202 1.622352
v 4.183630 -0.768364 2.952732
v 4.188493 -0.890685 2.461620
v 4.188493 -0.890685 2.461620
v 4.056593 -0.642027 2.038995
v 4.056593 -0.642027 2.038995
v 4.050558 0.001205 1.757856
v 4.050558 0.001205 1.757856
v 4.050558 0.001205 1.757856
v 4.055079 -0.626704 2.846466
v 4.055079 -0.626704 2.846466
v 4.053180 -0.753874 2.446353
v 4.053180 -0.753874 2.446353
v 4.053180 -0.753874 2.446353
v 4.165245 -0.613877 2.030012
v 4.169500 -0.609716 2.854981
v 4.186942 -0.731574 2.451502
v 4.389325 -0.488903 2.452967
v 4.175264 -0.629212 3.347762
v 4.178881 -0.551524 3.141692
v 4.052414 -0.442610 3.000370
v 4.052414 -0.442610 3.000370
v 4.187644 -0.385733 2.972568
v 4.016948 -0.649654 3.683962
v 3.946091 -0.979552 3.575147
v 4.193617 -1.029989 2.789544
v 4.189324 -0.858423 2.718210
v 4.055436 -0.719761 2.660347
v 4.055436 -0.719761 2.660347
v 4.180800 -0.689825 2.667040
v 4.377531 -0.424085 2.704134
v 4.158107 -1.031613 2.154340
v 4.178563 -0.863495 2.202919
v 4.056036 -0.720386 2.227648
v 4.056036 -0.720386 2.227648
v 4.177564 -0.684050 2.219285
v 4.380775 -0.430903 2.189093
v 3.964324 -1.344679 2.141666
v 3.978034 -1.351910 2.816568
v 3.920900 -1.320151 3.170378
v 3.909931 -1.307132 1.795992
v 4.100206 -0.683687 2.032650
v 4.097983 0.012576 3.157020
v 4.097983 0.012576 3.157020
v 4.108029 -0.668921 2.862267
v 4.104522 -0.796071 2.446071
v 4.104522 -0.796071 2.446071
v 4.101455 -0.507590 1.865630
v 4.108207 -0.759837 2.669432
v 4.101339 -0.764127 2.222812
v 3.247883 -0.615727 0.563642
v 2.962654 -0.635260 0.423159
v 2.616478 -0.665120 0.287104
v 2.141771 -0.702555 0.150059
v 1.590723 -0.741299 0.015962
v 0.968606 -0.766787 -0.080688
v 3.554697 -0.656643 4.225493
v 4.137257 -0.638878 1.597650
v 4.174092 -0.576184 1.776311
v 4.049098 -0.473018 1.882840
v 4.049098 -0.473018 1.882840
v 4.182471 -0.420926 1.900132
v 4.106122 -0.478492 3.031579
v 3.282696 -0.307019 0.515081
v 3.557657 -0.304473 0.675962
v 2.988346 -0.315038 0.383787
v 2.649107 -0.326403 0.248143
v 2.161217 -0.344089 0.110734
v 1.604621 -0.362110 -0.028892
v 0.978091 -0.371388 -0.128592
v 3.572435 -0.327740 4.287074
v 3.309094 -0.330905 4.498474
v 3.021335 -0.338060 4.685266
v 2.678830 -0.350758 4.838721
v 2.227371 -0.370736 4.985662
v 1.646389 -0.391441 5.116724
v 0.983742 -0.397425 5.171296
v 3.790071 -0.323176 0.915296
v 3.989271 -0.331992 1.192031
v 4.436626 -0.260904 2.454935
v 4.135960 -0.311581 3.486082
v 4.011015 -0.319990 3.767504
v 3.812225 -0.325814 4.048132
v 4.175230 -0.289948 3.280054
v 4.049861 -0.223852 3.107570
v 4.049861 -0.223852 3.107570
v 4.177533 -0.182489 3.065582
v 4.141285 -0.313486 1.486547
v 4.178173 -0.305819 1.654699
v 4.047927 -0.248717 1.773050
v 4.047927 -0.248717 1.773050
v 4.175262 -0.211386 1.810846
v 4.399500 -0.219659 2.739202
v 4.406007 -0.227067 2.161615
v 4.104231 -0.244256 3.141548
v 4.104723 -0.271244 1.750156
v 4.149684 -0.723752 2.009264
v 4.141548 0.009493 3.229364
v 4.141548 0.009493 3.229364
v 4.159366 -0.713459 2.902794
v 4.160637 -0.837951 2.455029
v 4.160637 -0.837951 2.455029
v 4.152279 -0.538820 1.830214
v 4.156004 -0.511296 3.079342
v 4.162765 -0.803659 2.692037
v 4.153727 -0.805171 2.216951
v 4.153409 -0.266318 3.203078
v 4.156669 -0.288835 1.711005
v 4.451409 -0.002675 2.457561
v 3.992207 0.000029 3.790860
v 3.992207 0.000029 3.790860
v 3.800900 -0.001732 4.059188
v 3.800900 -0.001732 4.059188
v 4.404877 0.005820 2.751560
v 4.413008 0.002708 2.156280
v 1.617103 0.000884 -0.040179
v 1.617103 0.000884 -0.040179
v 3.285380 1.697368 1.060194
v 3.112869 1.782369 1.013698
v 3.129579 1.525922 0.848603
v 3.357851 1.483879 0.971129
v 3.170341 1.241367 0.725755
v 3.428756 1.218183 0.882459
v 3.217961 0.940616 0.631976
v 3.487976 0.927601 0.799846
v 3.258277 0.631002 0.562915
v 3.532893 0.623664 0.728862
v 3.285200 0.314577 0.519925
v 3.559772 0.310966 0.679725
v 2.874416 1.885490 0.939223
v 2.879867 1.602353 0.746889
v 2.906016 1.298693 0.603322
v 2.941781 0.977669 0.498032
v 2.972027 0.653871 0.426117
v 2.991924 0.324424 0.386245
v 2.583388 2.004442 0.841161
v 2.581470 1.697474 0.632080
v 2.592529 1.373495 0.474279
v 2.613083 1.026809 0.360528
v 2.640330 0.684914 0.286209
v 2.662467 0.335464 0.247923
v 2.135459 2.134589 0.727752
v 2.138587 1.807395 0.501686
v 2.146901 1.458734 0.335709
v 2.158505 1.085334 0.218329
v 2.170272 0.720774 0.144398
v 2.178242 0.349423 0.107597
v 1.612467 2.281972 0.598020
v 1.616233 1.929347 0.356874
v 1.618302 1.552899 0.183561
v 1.619712 1.150312 0.064108
v 1.621408 0.759950 -0.009169
v 1.623088 0.365095 -0.044701
v 0.947689 2.304336 0.572336
v 0.961478 1.964898 0.302671
v 0.972399 1.585313 0.107957
v 0.977946 1.174397 -0.020868
v 0.980840 0.775307 -0.098905
v 0.982621 0.372793 -0.136007
v 3.303851 1.697219 3.849355
v 3.369168 1.524461 3.930276
v 3.137153 1.538095 4.081540
v 3.119704 1.758489 3.917492
v 3.437861 1.259176 4.034409
v 3.175344 1.261303 4.225773
v 3.490675 0.950540 4.135994
v 3.219578 0.955468 4.347281
v 3.528999 0.636128 4.219852
v 3.257659 0.641638 4.433075
v 3.553460 0.318510 4.276878
v 3.286804 0.322619 4.487280
v 3.304145 -0.001423 4.510251
v 3.304145 -0.001423 4.510251
v 2.852149 1.588594 4.225181
v 2.845680 1.846925 4.015070
v 2.881788 1.291746 4.402002
v 2.924682 0.978510 4.536496
v 2.960497 0.658042 4.620666
v 2.989821 0.332007 4.669895
v 3.014435 0.000153 4.695139
v 3.014435 0.000153 4.695139
v 2.506189 1.660616 4.360202
v 2.498631 1.945937 4.124712
v 2.535675 1.349425 4.549860
v 2.570920 1.022400 4.686916
v 2.612586 0.689100 4.778567
v 2.643405 0.348734 4.829431
v 2.682025 0.001573 4.852126
v 2.682025 0.001573 4.852126
v 2.091231 1.750412 4.491648
v 2.072326 2.047381 4.237097
v 2.121747 1.425517 4.692516
v 2.160260 1.081802 4.838647
v 2.196743 0.730893 4.934845
v 2.224331 0.372603 4.985312
v 2.231423 0.001609 4.990210
v 2.231423 0.001609 4.990210
v 1.554200 1.833161 4.586926
v 1.533304 2.134756 4.321714
v 1.592265 1.506706 4.812235
v 1.616086 1.145490 4.966105
v 1.637149 0.776046 5.068714
v 1.654587 0.397400 5.126775
v 1.662592 0.001589 5.138096
v 1.662592 0.001589 5.138096
v 0.948365 1.895217 4.650419
v 0.931572 2.201706 4.373037
v 0.970552 1.558894 4.884287
v 0.982077 1.184159 5.042504
v 0.991083 0.801087 5.146983
v 0.997955 0.409044 5.205849
v 0.998051 0.001603 5.213747
v 0.998051 0.001603 5.213747
v 3.532856 1.561063 1.187950
v 3.366695 1.805435 1.233706
v 3.655924 1.279736 1.120008
v 3.734442 0.974389 1.042788
v 3.777446 0.655752 0.967441
v 3.790683 0.327637 0.918433
v 3.657163 1.638929 1.447509
v 3.450486 1.906976 1.465932
v 3.829726 1.341642 1.406046
v 3.949397 1.010966 1.348838
v 3.986393 0.672403 1.259523
v 3.990079 0.334823 1.188475
v 3.772410 1.685402 1.757605
v 3.536706 1.972327 1.766058
v 3.978890 1.336593 1.761166
v 3.841980 1.711871 2.093495
v 3.591876 2.000925 2.098963
v 4.045171 1.367486 2.104165
v 4.149308 0.597422 1.585936
v 4.174301 0.853040 1.826375
v 4.140812 0.303513 1.465706
v 3.858462 1.720134 2.440191
v 3.858462 1.720134 2.440191
v 3.604770 2.001107 2.444168
v 3.604770 2.001107 2.444168
v 4.166883 0.554329 2.015504
v 4.187326 0.373846 1.873940
v 4.387928 0.415582 2.186088
v 4.187994 0.648070 2.228738
v 3.825174 1.697337 2.785279
v 3.578590 1.970651 2.787219
v 4.069941 1.395751 2.443689
v 4.069941 1.395751 2.443689
v 4.033579 1.382576 2.786843
v 4.202461 1.037735 2.452875
v 4.202461 1.037735 2.452875
v 4.188539 1.037875 2.772654
v 4.191361 0.727020 2.450708
v 4.389180 0.492896 2.452060
v 4.375610 0.435745 2.720283
v 4.181204 0.701560 2.675345
v 3.753504 1.652395 3.123333
v 3.524264 1.915610 3.117313
v 3.944113 1.337792 3.142777
v 3.828324 1.317132 3.487164
v 3.662199 1.610413 3.440829
v 4.094597 0.956849 3.166880
v 3.949634 0.975045 3.557205
v 3.457016 1.849075 3.421335
v 3.535602 1.562587 3.716119
v 3.377791 1.770706 3.677742
v 3.657759 1.286731 3.788524
v 3.988300 0.637031 3.681973
v 3.774605 0.637491 3.970955
v 3.738104 0.963190 3.877316
v 3.993094 0.318729 3.769232
v 3.791519 0.318224 4.035538
v 0.937081 2.587432 0.885278
v 1.606149 2.572453 0.893562
v 2.142467 2.411891 0.999729
v 2.598781 2.265147 1.088186
v 2.902826 2.115672 1.167661
v 3.150672 1.969901 1.219703
v 0.928707 2.808874 1.241740
v 1.595893 2.785514 1.247593
v 2.160190 2.629781 1.316856
v 2.628403 2.469668 1.376736
v 2.953719 2.293087 1.434101
v 3.210848 2.107320 1.467589
v 0.924791 2.968315 1.635085
v 1.598180 2.942618 1.636481
v 2.185172 2.787571 1.677293
v 2.671796 2.620216 1.714148
v 3.008280 2.422377 1.751576
v 3.276580 2.200263 1.769932
v 0.925313 3.066582 2.055445
v 1.605147 3.030512 2.048994
v 2.206458 2.873592 2.061812
v 2.699458 2.697191 2.077319
v 3.034062 2.481654 2.096200
v 3.317896 2.245154 2.103095
v 0.930838 3.111881 2.496974
v 0.930838 3.111881 2.496974
v 1.611703 3.053881 2.487082
v 1.611703 3.053881 2.487082
v 2.213711 2.892980 2.475771
v 2.213711 2.892980 2.475771
v 2.673295 2.700557 2.466090
v 2.673295 2.700557 2.466090
v 3.023911 2.482762 2.458617
v 3.023911 2.482762 2.458617
v 3.324071 2.247469 2.451211
v 3.324071 2.247469 2.451211
v 0.936332 3.081456 2.944775
v 1.610830 3.006626 2.927316
v 2.180409 2.834343 2.883745
v 2.624009 2.640433 2.845777
v 2.987954 2.433330 2.817410
v 3.299260 2.210481 2.797694
v 0.928326 2.923367 3.348578
v 1.573916 2.845789 3.318711
v 2.121852 2.697455 3.259455
v 2.569922 2.527128 3.204476
v 2.941352 2.341987 3.160113
v 3.254882 2.140229 3.129896
v 0.922891 2.719341 3.721086
v 1.548288 2.648435 3.686181
v 2.098195 2.531608 3.616238
v 2.537740 2.381884 3.542160
v 2.901372 2.219159 3.479748
v 3.203927 2.043596 3.436426
v 0.923325 2.477685 4.062725
v 1.532494 2.408645 4.020684
v 2.080242 2.313911 3.944786
v 2.513629 2.189736 3.851034
v 2.867041 2.056278 3.767021
v 3.153425 1.918078 3.703497
v 4.177058 0.507467 1.752681
v 4.178183 0.693678 1.958571
v 4.189460 0.864410 2.720289
v 4.173027 0.786432 2.983839
v 4.191442 0.967984 2.145259
v 4.185863 0.787893 2.196586
v 4.191645 0.857781 2.455896
v 4.191645 0.857781 2.455896
v 4.153540 0.476175 1.801431
v 4.154052 0.644539 1.996037
v 4.156739 0.000191 1.689341
v 4.156739 0.000191 1.689341
v 4.162270 0.005366 3.339547
v 4.162270 0.005366 3.339547
v 4.160385 0.296118 3.310910
v 4.141426 0.282476 3.216841
v 4.163029 0.813525 2.700600
v 4.154857 0.732419 2.931940
v 4.159380 0.741317 2.208890
v 4.163470 0.809961 2.451909
v 4.163470 0.809961 2.451909
v 4.047855 0.568776 2.031111
v 4.047855 0.568776 2.031111
v 4.046334 0.425546 1.854512
v 4.046334 0.425546 1.854512
v 4.046401 0.010467 3.132755
v 4.046401 0.010467 3.132755
v 4.046401 0.010467 3.132755
v 4.090761 0.244315 3.118495
v 4.090761 0.244315 3.118495
v 4.172831 0.220545 3.100716
v 4.169194 0.017748 3.085324
v 4.052372 0.651013 2.879625
v 4.052372 0.651013 2.879625
v 4.054963 0.733789 2.670293
v 4.054963 0.733789 2.670293
v 4.167111 0.630203 2.888471
v 4.055223 0.739378 2.443212
v 4.055223 0.739378 2.443212
v 4.055223 0.739378 2.443212
v 4.051697 0.671752 2.222135
v 4.051697 0.671752 2.222135
v 4.177891 0.202137 1.799018
v 4.402946 0.228239 2.152251
v 4.434571 0.258744 2.453145
v 4.396236 0.234211 2.752641
v 4.176836 0.275012 1.629950
v 4.155682 0.261666 1.689504
v 4.051232 0.231948 1.756460
v 4.051232 0.231948 1.756460
v 4.118649 0.615698 3.376476
v 4.107103 0.308610 3.497360
v 4.100490 0.496619 3.067711
v 4.094790 0.458659 3.035437
v 4.094790 0.458659 3.035437
v 4.097475 0.265135 3.158807
v 4.108350 0.775257 2.684557
v 4.105102 0.694391 2.899026
v 4.104377 0.707647 2.215084
v 4.107072 0.775878 2.446444
v 4.107072 0.775878 2.446444
v 4.108357 0.000967 1.744061
v 4.108357 0.000967 1.744061
v 4.104342 0.249796 1.730186
v 4.101945 0.607825 2.023113
v 4.165369 0.568578 3.198084
v 4.144385 0.529394 3.113714
v 4.182237 0.423449 3.028969
v 4.101811 0.452661 1.836689
v 3.291330 0.001995 0.509539
v 3.291330 0.001995 0.509539
v 3.565551 0.001176 0.663763
v 3.565551 0.001176 0.663763
v 2.994771 0.003009 0.379396
v 2.994771 0.003009 0.379396
v 2.660377 0.003357 0.246412
v 2.660377 0.003357 0.246412
v 2.174011 0.002645 0.107147
v 2.174011 0.002645 0.107147
v 0.984425 0.001556 -0.135428
v 0.984425 0.001556 -0.135428
v 3.792223 0.000206 0.902527
v 3.792223 0.000206 0.902527
v 3.988497 0.000260 1.166617
v 3.988497 0.000260 1.166617
v 4.172303 0.004415 1.800911
v 4.127113 0.001728 3.526035
v 4.127113 0.001728 3.526035
v 4.276444 -0.535554 2.069460
v 4.295678 -0.401319 1.998617
v 4.313142 -0.201337 1.963547
v 4.309394 0.001377 1.938171
v 4.315207 0.194895 1.952433
v 4.299419 0.372956 1.981941
v 4.286898 0.490550 2.058889
v 4.312282 0.574823 2.219250
v 4.323565 0.616793 2.453175
v 4.305735 0.605972 2.684939
v 4.275542 0.543854 2.845817
v 4.290454 0.408331 2.918987
v 4.305199 0.212659 2.948450
v 4.302606 0.012793 2.956642
v 4.309106 -0.184139 2.922061
v 4.293463 -0.382413 2.879904
v 4.278148 -0.523696 2.810295
v 4.304505 -0.593971 2.668917
v 4.318810 -0.618727 2.449498
v 4.305128 -0.594635 2.220087
v 4.072927 -0.654351 2.007135
v 4.072927 -0.654351 2.007135
v 4.081426 -0.006661 1.621730
v 4.253284 -0.000999 1.713584
v 4.225992 -0.627905 1.979618
v 4.225992 -0.627905 1.979618
v 4.068404 0.645371 2.005838
v 4.068404 0.645371 2.005838
v 4.237389 0.644133 1.979748
v 4.237389 0.644133 1.979748
v 4.088734 0.813864 2.441600
v 4.280180 0.794886 2.445988
v 4.045665 0.654606 2.888557
v 4.045665 0.654606 2.888557
v 4.213511 0.657969 2.931244
v 4.213511 0.657969 2.931244
v 4.140063 -0.005177 3.192279
v 4.237466 -0.005291 3.181591
v 4.057357 -0.662947 2.899371
v 4.057357 -0.662947 2.899371
v 4.199174 -0.651122 2.900521
v 4.199174 -0.651122 2.900521
v 4.080157 -0.787079 2.449487
v 4.257270 -0.800139 2.450618
v 4.585999 -0.494580 2.166822
v 4.584949 -0.468923 2.725563
v 4.617175 -0.342292 2.451646
v 4.845472 -0.458502 2.368369
v 4.849255 -0.438988 2.529638
v 4.940282 -0.323274 2.449937
v 4.348182 0.610858 2.928765
v 4.373941 -0.004013 3.043163
v 4.251801 -0.617128 2.963237
v 4.562433 0.491526 2.956151
v 4.514002 -0.015523 3.094772
v 4.518518 0.306789 3.323705
v 4.434368 0.305993 3.244022
v 4.643591 0.218858 3.340606
v 4.495260 0.025913 3.259514
v 4.468480 0.399354 2.046245
v 4.462358 0.386514 2.457061
v 4.443124 0.407530 2.855710
v 4.683733 0.154564 2.199215
v 4.662758 0.007872 2.459516
v 4.671733 0.156993 2.718673
v 4.438168 -0.005504 1.658749
v 4.408791 -0.501773 1.962429
v 4.381269 0.500705 1.928893
v 4.739925 -0.005538 1.537822
v 4.527917 -0.403211 1.809179
v 4.641018 0.355881 1.841555
v 4.600114 -0.005373 1.613968
v 4.477401 -0.405460 1.857056
v 4.518661 0.392423 1.903846
v 4.466772 -0.557023 2.112762
v 4.451651 -0.541049 2.796765
v 4.473903 -0.490880 2.452026
v 4.066930 -0.747446 2.698977
v 4.178596 -0.750897 2.704936
v 4.076585 -0.740780 2.204746
v 4.200867 -0.724880 2.202492
v 4.607006 -0.369111 2.618643
v 4.621108 -0.362788 2.282052
v 4.910278 -0.373635 2.528827
v 4.929796 -0.339237 2.339865
v 4.467886 -0.540581 2.659748
v 4.483408 -0.547315 2.247377
v 4.711300 -0.449091 2.282454
v 4.715358 -0.416911 2.612424
v 4.784413 -0.289530 2.450653
v 4.753263 -0.340627 2.582724
v 4.774477 -0.307642 2.302465
v 4.142877 0.347956 3.123066
v 4.242761 0.341075 3.110026
v 4.049037 -0.365129 3.134015
v 4.243994 -0.344539 3.110130
v 4.374680 0.316692 3.079782
v 4.382039 -0.301926 2.968920
v 4.554097 0.223151 3.081388
v 4.443612 -0.213093 3.006931
v 4.477245 0.311740 3.283594
v 4.392569 0.280156 3.207881
v 4.574018 0.112883 3.313877
v 4.416625 -0.063241 3.186532
v 4.523639 -0.018863 3.155426
v 4.628819 0.391164 3.077559
v 4.592815 0.165723 3.153798
v 4.442513 -0.169872 3.074071
v 4.580779 0.209738 3.392618
v 4.454026 0.148226 3.283380
v 4.519075 0.175565 3.340380
v 4.392843 0.104838 3.224473
v 4.410440 0.536943 1.975753
v 4.401909 0.631084 2.451517
v 4.384784 0.549657 2.913041
v 4.075720 0.755724 2.199337
v 4.274727 0.758498 2.185636
v 4.061651 0.756915 2.683213
v 4.247520 0.767903 2.710193
v 4.501419 0.406801 2.248807
v 4.486838 0.412265 2.661446
v 4.668106 0.044888 2.330417
v 4.662956 0.045991 2.588283
v 4.447757 0.637557 2.202165
v 4.428229 0.646620 2.695369
v 4.548359 0.246602 3.370270
v 4.494555 0.238910 3.322074
v 4.390494 0.191397 3.221177
v 4.441264 0.225457 3.270598
v 4.474403 0.079349 3.282457
v 4.616275 0.204861 3.378938
v 4.548226 0.134875 3.336777
v 4.403291 0.015964 3.216139
v 4.657918 0.290193 3.215386
v 4.513356 -0.005824 3.217276
v 4.597734 0.121681 3.241158
v 4.430491 -0.118626 3.137233
v 4.277060 -0.619494 3.008468
v 4.403613 -0.371754 2.966094
v 4.074717 -0.361401 1.770654
v 4.281889 -0.324088 1.767839
v 4.070127 0.345763 1.777072
v 4.291075 0.323930 1.711410
v 4.433262 -0.259285 1.743875
v 4.433110 0.257528 1.743720
v 4.595414 -0.306325 1.689810
v 4.707924 0.177560 1.668627
v 4.573288 -0.199682 1.729310
v 4.570478 0.187874 1.735540
v 4.343036 -0.587952 1.988988
v 4.352978 -0.666877 2.451807
v 4.317621 -0.586428 2.919479
v 4.333460 -0.617600 2.698761
v 4.353374 -0.617011 2.209693
v 4.221787 -0.488362 2.954238
v 4.294230 -0.478767 2.919504
v 4.056444 -0.535933 3.027348
v 4.345946 -0.466795 2.932210
v 4.140821 0.507831 3.027127
v 4.241867 0.169164 3.149525
v 4.049713 -0.192484 3.177253
v 4.377213 0.156994 3.061076
v 4.538942 0.103768 3.120850
v 4.455687 0.311165 3.263443
v 4.534924 0.067748 3.298554
v 4.141954 0.174367 3.167335
v 4.241358 0.505709 3.039881
v 4.241801 -0.178875 3.128382
v 4.368962 0.472407 3.015020
v 4.369516 -0.163080 2.993245
v 4.558872 0.348528 3.030127
v 4.483247 -0.120974 3.055350
v 4.498248 0.309227 3.303805
v 4.413405 0.295328 3.225265
v 4.610358 0.162912 3.327283
v 4.455981 -0.016871 3.220729
v 4.613455 0.269324 3.121092
v 4.485285 -0.097918 3.119564
v 4.562218 0.071909 3.181453
v 4.486125 0.162375 3.313791
v 4.551362 0.190747 3.366536
v 4.423012 0.129326 3.253648
v 4.521770 0.241910 3.346854
v 4.415779 0.211071 3.245075
v 4.467389 0.234070 3.296284
v 4.511343 0.105933 3.316431
v 4.583999 0.168010 3.357189
v 4.438315 0.050235 3.248725
v 4.631598 0.198810 3.229314
v 4.471656 -0.062103 3.180010
v 4.557628 0.055714 3.248902
v 4.463441 0.581199 2.878336
v 4.477818 -0.006741 3.040188
v 4.481374 0.279674 3.035265
v 4.410012 -0.259139 2.950279
v 4.472042 0.426907 2.969332
v 4.434184 -0.140616 2.994997
v 4.483985 0.137424 3.062067
v 4.305326 -0.547186 3.051728
v 4.298806 -0.507110 3.011909
v 4.052646 -0.444125 3.101272
v 4.237952 -0.417360 3.093366
v 4.353609 -0.388984 2.952423
v 4.387536 -0.417027 2.966167
v 4.217270 -0.557631 2.913894
v 4.274720 -0.561016 3.009592
v 4.290764 -0.581694 3.049174
v 4.055670 -0.594400 2.953583
v 4.566305 0.270685 2.156714
v 4.551447 0.195716 2.459375
v 4.547359 0.272873 2.754636
v 4.574887 0.219993 2.307869
v 4.564896 0.222676 2.609181
v 4.709766 -0.186658 1.665622
v 4.070848 -0.613463 2.035840
v 4.070848 -0.613463 2.035840
v 4.070848 -0.613463 2.035840
v 4.070848 -0.613463 2.035840
v 4.061769 -0.010435 1.667549
v 4.061769 -0.010435 1.667549
v 4.247762 -0.002693 1.763250
v 4.217071 -0.588531 2.009116
v 4.217071 -0.588531 2.009116
v 4.217071 -0.588531 2.009116
v 4.217071 -0.588531 2.009116
v 4.072894 0.607218 2.037842
v 4.072894 0.607218 2.037842
v 4.072894 0.607218 2.037842
v 4.072894 0.607218 2.037842
v 4.230253 0.605723 2.010953
v 4.230253 0.605723 2.010953
v 4.230253 0.605723 2.010953
v 4.230253 0.605723 2.010953
v 4.083997 0.764088 2.441546
v 4.083997 0.764088 2.441546
v 4.256851 0.750665 2.445452
v 4.053698 0.614343 2.860019
v 4.053698 0.614343 2.860019
v 4.053698 0.614343 2.860019
v 4.053698 0.614343 2.860019
v 4.208365 0.620305 2.898764
v 4.208365 0.620305 2.898764
v 4.208365 0.620305 2.898764
v 4.208365 0.620305 2.898764
v 4.134884 -0.004474 3.142553
v 4.134884 -0.004474 3.142553
v 4.216640 -0.002250 3.136236
v 4.054351 -0.623301 2.869054
v 4.054351 -0.623301 2.869054
v 4.054351 -0.623301 2.869054
v 4.054351 -0.623301 2.869054
v 4.194057 -0.617289 2.864064
v 4.194057 -0.617289 2.864064
v 4.194057 -0.617289 2.864064
v 4.194057 -0.617289 2.864064
v 4.082491 -0.737180 2.451663
v 4.082491 -0.737180 2.451663
v 4.236816 -0.754522 2.451515
v 4.565333 -0.455503 2.143458
v 4.565333 -0.455503 2.143458
v 4.563133 -0.429165 2.746619
v 4.563133 -0.429165 2.746619
v 4.592292 -0.298937 2.452733
v 4.863089 -0.468725 2.322706
v 4.863089 -0.468725 2.322706
v 4.867047 -0.444911 2.575988
v 4.867047 -0.444911 2.575988
v 4.950613 -0.275411 2.460054
v 4.950613 -0.275411 2.460054
v 4.331239 0.583245 2.890680
v 4.331239 0.583245 2.890680
v 4.354317 0.006478 2.998387
v 4.293054 -0.615925 2.935011
v 4.293054 -0.615925 2.935011
v 4.577594 0.468576 2.914397
v 4.577594 0.468576 2.914397
v 4.559552 -0.025016 3.076464
v 4.485069 0.317707 3.359229
v 4.485069 0.317707 3.359229
v 4.399635 0.314523 3.278963
v 4.399635 0.314523 3.278963
v 4.686924 0.194735 3.346965
v 4.686924 0.194735 3.346965
v 4.495911 -0.006307 3.297743
v 4.422107 0.383594 2.056301
v 4.422107 0.383594 2.056301
v 4.415261 0.369773 2.455780
v 4.397346 0.391530 2.843533
v 4.397346 0.391530 2.843533
v 4.647701 0.125095 2.180959
v 4.647701 0.125095 2.180959
v 4.619747 -0.017612 2.458716
v 4.619747 -0.017612 2.458716
v 4.635565 0.127083 2.735914
v 4.635565 0.127083 2.735914
v 4.448587 -0.005452 1.707652
v 4.398420 -0.470599 2.000121
v 4.398420 -0.470599 2.000121
v 4.361682 0.469609 1.962796
v 4.361682 0.469609 1.962796
v 4.763823 -0.005500 1.581742
v 4.763823 -0.005500 1.581742
v 4.568632 -0.400347 1.838059
v 4.568632 -0.400347 1.838059
v 4.653197 0.326425 1.880077
v 4.653197 0.326425 1.880077
v 4.618968 -0.005723 1.660276
v 4.510643 -0.378752 1.896473
v 4.510643 -0.378752 1.896473
v 4.509123 0.360720 1.941316
v 4.509123 0.360720 1.941316
v 4.445441 -0.511878 2.115396
v 4.445441 -0.511878 2.115396
v 4.427711 -0.497416 2.791962
v 4.427711 -0.497416 2.791962
v 4.434795 -0.459771 2.450356
v 4.068238 -0.699741 2.684060
v 4.068238 -0.699741 2.684060
v 4.166326 -0.705094 2.689078
v 4.070842 -0.693314 2.219374
v 4.070842 -0.693314 2.219374
v 4.186481 -0.679561 2.217957
v 4.591969 -0.327488 2.641911
v 4.604728 -0.324899 2.253837
v 4.925252 -0.346159 2.567826
v 4.925252 -0.346159 2.567826
v 4.944178 -0.306091 2.305303
v 4.944178 -0.306091 2.305303
v 4.436215 -0.501924 2.661362
v 4.451959 -0.508798 2.242141
v 4.730267 -0.440005 2.237092
v 4.730267 -0.440005 2.237092
v 4.731932 -0.400174 2.656528
v 4.731932 -0.400174 2.656528
v 4.784432 -0.240000 2.457494
v 4.763112 -0.307426 2.618788
v 4.780511 -0.273800 2.266157
v 4.137637 0.330932 3.076347
v 4.137637 0.330932 3.076347
v 4.232373 0.325665 3.063608
v 4.043016 -0.350490 3.086587
v 4.043016 -0.350490 3.086587
v 4.219368 -0.335347 3.067597
v 4.355209 0.306733 3.034819
v 4.363986 -0.293698 2.914004
v 4.363986 -0.293698 2.914004
v 4.582943 0.208460 3.043282
v 4.491502 -0.226708 3.002336
v 4.491502 -0.226708 3.002336
v 4.443642 0.322100 3.319139
v 4.443642 0.322100 3.319139
v 4.357450 0.287129 3.242781
v 4.357450 0.287129 3.242781
v 4.600513 0.080775 3.341573
v 4.416599 -0.092931 3.226762
v 4.416599 -0.092931 3.226762
v 4.567235 -0.042940 3.159851
v 4.664841 0.374992 3.046885
v 4.664841 0.374992 3.046885
v 4.634073 0.148374 3.131509
v 4.479208 -0.198733 3.091976
v 4.479208 -0.198733 3.091976
v 4.568359 0.185785 3.434713
v 4.568359 0.185785 3.434713
v 4.421211 0.143292 3.320781
v 4.491881 0.166433 3.381331
v 4.360794 0.099670 3.262501
v 4.360794 0.099670 3.262501
v 4.372860 0.509591 1.994180
v 4.372860 0.509591 1.994180
v 4.358606 0.606120 2.450249
v 4.346944 0.523329 2.893677
v 4.346944 0.523329 2.893677
v 4.076365 0.708694 2.216302
v 4.076365 0.708694 2.216302
v 4.259024 0.713290 2.200116
v 4.064933 0.709243 2.668497
v 4.064933 0.709243 2.668497
v 4.234223 0.721611 2.696769
v 4.454400 0.389941 2.246573
v 4.439781 0.395374 2.660834
v 4.626860 0.020512 2.316111
v 4.626860 0.020512 2.316111
v 4.621459 0.021170 2.601007
v 4.621459 0.021170 2.601007
v 4.407273 0.608734 2.207665
v 4.388141 0.617445 2.688906
v 4.515788 0.246718 3.408206
v 4.515788 0.246718 3.408206
v 4.460640 0.243766 3.358491
v 4.355097 0.193901 3.256401
v 4.355097 0.193901 3.256401
v 4.405470 0.229637 3.305258
v 4.450988 0.061876 3.323033
v 4.641053 0.172819 3.408252
v 4.641053 0.172819 3.408252
v 4.547971 0.108366 3.379170
v 4.382453 -0.001063 3.258281
v 4.382453 -0.001063 3.258281
v 4.703833 0.275838 3.201755
v 4.703833 0.275838 3.201755
v 4.541895 -0.039517 3.240735
v 4.641481 0.097469 3.241083
v 4.449392 -0.152895 3.168352
v 4.449392 -0.152895 3.168352
v 4.321944 -0.617132 2.986563
v 4.321944 -0.617132 2.986563
v 4.416123 -0.375134 2.917802
v 4.416123 -0.375134 2.917802
v 4.071675 -0.336108 1.813678
v 4.071675 -0.336108 1.813678
v 4.275371 -0.300823 1.811614
v 4.075690 0.324165 1.821823
v 4.075690 0.324165 1.821823
v 4.287051 0.306009 1.757915
v 4.432469 -0.236991 1.788622
v 4.421604 0.236219 1.787464
v 4.638550 -0.305272 1.715074
v 4.638550 -0.305272 1.715074
v 4.725930 0.151970 1.707626
v 4.725930 0.151970 1.707626
v 4.586971 -0.180238 1.773295
v 4.586971 -0.180238 1.773295
v 4.576657 0.161597 1.777627
v 4.322145 -0.543866 1.999943
v 4.322145 -0.543866 1.999943
v 4.314267 -0.635269 2.450260
v 4.292395 -0.544742 2.908260
v 4.292395 -0.544742 2.908260
v 4.303958 -0.578306 2.689509
v 4.326414 -0.575670 2.217693
v 4.217811 -0.453563 2.918555
v 4.217811 -0.453563 2.918555
v 4.275202 -0.445466 2.887427
v 4.275202 -0.445466 2.887427
v 4.035863 -0.505590 2.993351
v 4.035863 -0.505590 2.993351
v 4.357018 -0.454919 2.884920
v 4.357018 -0.454919 2.884920
v 4.147025 0.480254 2.985884
v 4.147025 0.480254 2.985884
v 4.224854 0.161720 3.103101
v 4.039817 -0.182415 3.129288
v 4.039817 -0.182415 3.129288
v 4.359685 0.158232 3.014265
v 4.578131 0.093825 3.091433
v 4.421427 0.320440 3.298660
v 4.421427 0.320440 3.298660
v 4.547729 0.035182 3.334268
v 4.133855 0.164573 3.118977
v 4.133855 0.164573 3.118977
v 4.235629 0.480350 2.997172
v 4.215884 -0.170529 3.086445
v 4.349322 0.450367 2.974665
v 4.347200 -0.151046 2.950150
v 4.582629 0.329790 2.990321
v 4.530541 -0.136320 3.050078
v 4.464955 0.320179 3.339465
v 4.464955 0.320179 3.339465
v 4.378155 0.303009 3.259884
v 4.378155 0.303009 3.259884
v 4.646376 0.132259 3.343502
v 4.451576 -0.045077 3.261777
v 4.653629 0.254354 3.095363
v 4.523211 -0.126186 3.135768
v 4.606914 0.052024 3.171118
v 4.454649 0.156351 3.352170
v 4.528727 0.174558 3.408075
v 4.390088 0.125313 3.291063
v 4.488509 0.245754 3.383988
v 4.379954 0.214607 3.279776
v 4.432334 0.238973 3.331599
v 4.496089 0.085806 3.359585
v 4.594608 0.133398 3.391678
v 4.414100 0.034765 3.289643
v 4.677557 0.180801 3.221348
v 4.491211 -0.095749 3.211405
v 4.595105 0.025590 3.262614
v 4.449159 0.555213 2.838077
v 4.449159 0.555213 2.838077
v 4.502189 -0.000841 2.996930
v 4.481212 0.266464 2.987042
v 4.436433 -0.248206 2.901507
v 4.436433 -0.248206 2.901507
v 4.464386 0.403971 2.925567
v 4.488786 -0.135010 2.955214
v 4.501399 0.133285 3.015381
v 4.345797 -0.563411 3.027255
v 4.345797 -0.563411 3.027255
v 4.330876 -0.520342 2.975902
v 4.330876 -0.520342 2.975902
v 4.041193 -0.415228 3.062108
v 4.041193 -0.415228 3.062108
v 4.216776 -0.390071 3.057215
v 4.341878 -0.374009 2.906183
v 4.405881 -0.413853 2.919763
v 4.405881 -0.413853 2.919763
v 4.232448 -0.541738 2.868983
v 4.316052 -0.564697 2.981697
v 4.335065 -0.589095 3.027206
v 4.335065 -0.589095 3.027206
v 4.044648 -0.562659 2.916555
v 4.044648 -0.562659 2.916555
v 4.524436 0.243440 2.154553
v 4.524436 0.243440 2.154553
v 4.507186 0.172481 2.458325
v 4.505477 0.245562 2.754678
v 4.505477 0.245562 2.754678
v 4.533014 0.195230 2.296319
v 4.522794 0.197422 2.618647
v 4.728334 -0.163621 1.705927
v 4.728334 -0.163621 1.705927
v 0.630833 -3.120451 2.749489
v 0.630833 -3.143348 2.498213
v 0.630833 0.377475 -0.146670
v 0.630833 0.577111 -0.128241
v 0.630833 -2.607019 3.906397
v 0.630833 -2.743170 3.728658
v 0.630833 1.586837 0.106134
v 0.630833 1.783185 0.206897
v 0.630833 -1.522228 4.812253
v 0.630833 -1.701698 4.706226
v 0.630833 -2.333367 4.216676
v 0.630833 -2.488558 4.062120
v 0.630833 1.960825 0.309997
v 0.630833 2.141150 0.453020
v 0.630833 -2.928725 1.453931
v 0.630833 -2.825119 1.232064
v 0.630833 2.941667 3.355374
v 0.630833 2.827317 3.563741
v 0.630833 -1.770077 0.226759
v 0.630833 -1.570672 0.121171
v 0.630833 -2.720690 1.080465
v 0.630833 -2.584759 0.882079
v 0.630833 -0.208149 5.202626
v 0.630833 -0.398507 5.182162
v 0.630833 0.804538 5.158803
v 0.630833 0.618421 5.186860
v 0.630833 -0.183784 -0.144334
v 0.630833 0.001583 -0.147842
v 0.630833 -3.131216 2.300756
v 0.630833 -3.106110 2.047523
v 0.630833 2.805093 1.246820
v 0.630833 2.894928 1.468338
v 0.630833 -2.453598 0.748453
v 0.630833 -2.289076 0.577984
v 0.630833 2.495762 4.073365
v 0.630833 2.347387 4.240668
v 0.630833 3.066781 2.059447
v 0.630833 3.092309 2.308287
v 0.630833 2.297611 0.579218
v 0.630833 2.451568 0.749146
v 0.630833 2.966774 1.639412
v 0.630833 3.022425 1.877484
v 0.630833 -3.018903 3.173505
v 0.630833 -3.098814 2.950251
v 0.630833 2.581477 0.891344
v 0.630833 2.704511 1.089158
v 0.630833 1.739608 4.775349
v 0.630833 1.567862 4.895354
v 0.630833 0.780344 -0.107625
v 0.630833 0.979647 -0.068614
v 0.630833 3.111268 2.500195
v 0.630833 3.094268 2.750338
v 0.630833 2.738173 3.730012
v 0.630833 2.604853 3.918520
v 0.630833 -0.574714 -0.118525
v 0.630833 -0.375130 -0.142909
v 0.630833 -1.376165 0.058388
v 0.630833 -1.169586 -0.012947
v 0.630833 2.071520 4.518530
v 0.630833 1.910279 4.665252
v 0.630833 -0.973544 5.033935
v 0.630833 -1.158158 4.974291
v 0.630833 1.178650 -0.027801
v 0.630833 1.386425 0.037405
v 0.630833 -0.597424 5.136735
v 0.630833 -0.783417 5.095662
v 0.630833 -1.158158 4.974291
v 0.630833 -1.344207 4.891653
v 0.630833 -2.131690 0.460375
v 0.630833 -1.943902 0.320472
v 0.630833 1.190086 5.053714
v 0.630833 1.006477 5.103949
v 0.630833 -1.870219 4.606109
v 0.630833 -2.038795 4.476390
v 0.630833 -3.068079 1.863401
v 0.630833 -3.002879 1.624266
v 0.630833 0.001583 -0.147842
v 0.630833 0.184898 -0.148097
v 0.630833 3.083612 2.946597
v 0.630833 2.994697 3.173601
v 0.630833 1.375168 4.975348
v 0.630833 1.190086 5.053714
v 0.630833 -2.838938 3.557729
v 0.630833 -2.952223 3.357530
v 0.630833 -0.976386 -0.052640
v 0.630833 -0.774353 -0.098248
v 0.630833 0.410105 5.217973
v 0.630833 0.216421 5.221729
v 0.630833 -3.098814 2.950251
v 0.630833 -3.120451 2.749489
v 0.630833 0.577111 -0.128241
v 0.630833 0.780344 -0.107625
v 0.630833 -2.488558 4.062120
v 0.630833 -2.607019 3.906397
v 0.630833 1.783185 0.206897
v 0.630833 1.960825 0.309997
v 0.630833 -1.701698 4.706226
v 0.630833 -1.870219 4.606109
v 0.630833 -2.195035 4.355397
v 0.630833 -2.333367 4.216676
v 0.630833 2.141150 0.453020
v 0.630833 2.297611 0.579218
v 0.630833 -3.002879 1.624266
v 0.630833 -2.928725 1.453931
v 0.630833 2.827317 3.563741
v 0.630833 2.738173 3.730012
v 0.630833 -1.943902 0.320472
v 0.630833 -1.770077 0.226759
v 0.630833 -2.825119 1.232064
v 0.630833 -2.720690 1.080465
v 0.630833 0.001610 5.226970
v 0.630833 -0.208149 5.202626
v 0.630833 0.618421 5.186860
v 0.630833 0.410105 5.217973
v 0.630833 -0.375130 -0.142909
v 0.630833 -0.183784 -0.144334
v 0.630833 -3.143348 2.498213
v 0.630833 -3.131216 2.300756
v 0.630833 2.894928 1.468338
v 0.630833 2.966774 1.639412
v 0.630833 -2.584759 0.882079
v 0.630833 -2.453598 0.748453
v 0.630833 2.347387 4.240668
v 0.630833 2.218715 4.385567
v 0.630833 3.092309 2.308287
v 0.630833 3.111268 2.500195
v 0.630833 2.451568 0.749146
v 0.630833 2.581477 0.891344
v 0.630833 3.022425 1.877484
v 0.630833 3.066781 2.059447
v 0.630833 -2.952223 3.357530
v 0.630833 -3.018903 3.173505
v 0.630833 2.704511 1.089158
v 0.630833 2.805093 1.246820
v 0.630833 1.910279 4.665252
v 0.630833 1.739608 4.775349
v 0.630833 0.979647 -0.068614
v 0.630833 1.178650 -0.027801
v 0.630833 3.094268 2.750338
v 0.630833 3.083612 2.946597
v 0.630833 2.604853 3.918520
v 0.630833 2.495762 4.073365
v 0.630833 -0.774353 -0.098248
v 0.630833 -0.574714 -0.118525
v 0.630833 -1.570672 0.121171
v 0.630833 -1.376165 0.058388
v 0.630833 2.218715 4.385567
v 0.630833 2.071520 4.518530
v 0.630833 -0.783417 5.095662
v 0.630833 -0.973544 5.033935
v 0.630833 1.386425 0.037405
v 0.630833 1.586837 0.106134
v 0.630833 -0.398507 5.182162
v 0.630833 -0.597424 5.136735
v 0.630833 -1.344207 4.891653
v 0.630833 -1.522228 4.812253
v 0.630833 -2.289076 0.577984
v 0.630833 -2.131690 0.460375
v 0.630833 1.006477 5.103949
v 0.630833 0.804538 5.158803
v 0.630833 -2.038795 4.476390
v 0.630833 -2.195035 4.355397
v 0.630833 -3.106110 2.047523
v 0.630833 -3.068079 1.863401
v 0.630833 0.184898 -0.148097
v 0.630833 0.377475 -0.146670
v 0.630833 2.994697 3.173601
v 0.630833 2.941667 3.355374
v 0.630833 1.567862 4.895354
v 0.630833 1.375168 4.975348
v 0.630833 -2.743170 3.728658
v 0.630833 -2.838938 3.557729
v 0.630833 -1.169586 -0.012947
v 0.630833 -0.976386 -0.052640
v 0.630833 0.216421 5.221729
v 0.630833 0.001610 5.226970
v 0.630833 0.780344 -0.107625
v 0.630833 -2.607019 3.906397
v 0.630833 -1.701698 4.706226
v 0.630833 2.495762 4.073365
v 0.630833 2.894928 1.468338
v 0.630833 0.377475 -0.146670
v 0.630833 -2.952223 3.357530
v 0.630833 -1.344207 4.891653
v 0.630833 3.092309 2.308287
v 0.630833 1.386425 0.037405
v 0.630833 -2.488558 4.062120
v 0.630833 2.347387 4.240668
v 0.630833 -2.743170 3.728658
v 0.630833 1.586837 0.106134
v 0.630833 -2.453598 0.748453
v 0.630833 1.739608 4.775349
v 0.630833 -0.976386 -0.052640
v 0.630833 -1.943902 0.320472
v 0.630833 -0.597424 5.136735
v 0.630833 -0.398507 5.182162
v 0.630833 -2.195035 4.355397
v 0.630833 -0.183784 -0.144334
v 0.630833 0.001583 -0.147842
v 0.630833 2.805093 1.246820
v 0.630833 1.190086 5.053714
v 0.630833 -2.333367 4.216676
v 0.630833 0.410105 5.217973
v 0.630833 -0.774353 -0.098248
v 0.630833 3.066781 2.059447
v 0.630833 -2.584759 0.882079
v 0.630833 3.094268 2.750338
v 0.630833 2.297611 0.579218
v 0.630833 1.960825 0.309997
v 0.630833 -2.720690 1.080465
v 0.630833 -1.570672 0.121171
v 0.630833 -1.169586 -0.012947
v 0.630833 -3.002879 1.624266
v 0.630833 -0.973544 5.033935
v 0.630833 0.979647 -0.068614
v 0.630833 -1.158158 4.974291
v 0.630833 -0.574714 -0.118525
v 0.630833 2.071520 4.518530
v 0.630833 1.783185 0.206897
v 0.630833 2.141150 0.453020
v 0.630833 0.618421 5.186860
v 0.630833 2.941667 3.355374
v 0.630833 2.581477 0.891344
v 0.630833 -1.522228 4.812253
v 0.630833 -2.928725 1.453931
v 0.630833 0.216421 5.221729
v 0.630833 -0.783417 5.095662
v 0.630833 2.218715 4.385567
v 0.630833 2.704511 1.089158
v 0.630833 -3.106110 2.047523
v 0.630833 -3.120451 2.749489
v 0.630833 2.994697 3.173601
v 0.630833 -1.376165 0.058388
v 0.630833 2.827317 3.563741
v 0.630833 -2.289076 0.577984
v 0.630833 -3.098814 2.950251
v 0.630833 -2.825119 1.232064
v 0.630833 3.022425 1.877484
v 0.630833 -1.770077 0.226759
v 0.630833 -3.143348 2.498213
v 0.630833 2.604853 3.918520
v 0.630833 0.804538 5.158803
v 0.630833 2.738173 3.730012
v 0.630833 -3.068079 1.863401
v 0.630833 -2.131690 0.460375
v 0.630833 -2.038795 4.476390
v 0.630833 1.375168 4.975348
v 0.630833 0.001610 5.226970
v 0.630833 -1.870219 4.606109
v 0.630833 1.910279 4.665252
v 0.630833 3.111268 2.500195
v 0.630833 3.083612 2.946597
v 0.630833 -0.208149 5.202626
v 0.630833 2.451568 0.749146
v 0.630833 0.577111 -0.128241
v 0.630833 2.966774 1.639412
v 0.630833 -2.838938 3.557729
v 0.630833 1.006477 5.103949
v 0.630833 0.184898 -0.148097
v 0.630833 -3.131216 2.300756
v 0.630833 1.567862 4.895354
v 0.630833 -3.018903 3.173505
v 0.630833 1.178650 -0.027801
v 0.630833 -0.375130 -0.142909
vt 0.900556 0.370883
vt 0.904222 0.360717
vt 0.908646 0.348749
vt 0.913261 0.335277
vt 0.917830 0.320826
vt 0.891845 0.372829
vt 0.892330 0.358660
vt 0.895193 0.344821
vt 0.898883 0.330590
vt 0.879704 0.374734
vt 0.879655 0.358813
vt 0.881427 0.343357
vt 0.884315 0.327921
vt 0.864548 0.376729
vt 0.864362 0.359555
vt 0.865072 0.342865
vt 0.867149 0.326177
vt 0.843285 0.379148
vt 0.842897 0.360854
vt 0.843427 0.342831
vt 0.844837 0.324949
vt 0.818594 0.381549
vt 0.818252 0.362310
vt 0.818571 0.343229
vt 0.819319 0.324274
vt 0.791356 0.383610
vt 0.790943 0.363592
vt 0.790881 0.343781
vt 0.791034 0.324069
vt 0.384060 0.367879
vt 0.388214 0.375801
vt 0.393927 0.387407
vt 0.400139 0.401035
vt 0.075172 0.198200
vt 0.419704 0.444975
vt 0.375385 0.367581
vt 0.377254 0.379671
vt 0.381168 0.393104
vt 0.386136 0.407677
vt 0.391669 0.422865
vt 0.362328 0.367259
vt 0.363576 0.382076
vt 0.366590 0.397344
vt 0.370880 0.413066
vt 0.376015 0.428948
vt 0.346346 0.367156
vt 0.347244 0.384005
vt 0.349854 0.400813
vt 0.353977 0.417629
vt 0.358718 0.434151
vt 0.326651 0.367480
vt 0.327568 0.385741
vt 0.329679 0.403744
vt 0.332919 0.421597
vt 0.337008 0.439044
vt 0.300712 0.368630
vt 0.301695 0.387771
vt 0.303484 0.406657
vt 0.306052 0.425280
vt 0.309407 0.443598
vt 0.272638 0.370212
vt 0.273853 0.389811
vt 0.275411 0.409147
vt 0.277356 0.428210
vt 0.279702 0.447076
vt 0.905814 0.378852
vt 0.914412 0.368858
vt 0.921373 0.356528
vt 0.927566 0.342747
vt 0.932656 0.327972
vt 0.792153 0.403490
vt 0.819702 0.400691
vt 0.844724 0.397257
vt 0.866163 0.393483
vt 0.881802 0.389690
vt 0.895157 0.385124
vt 0.913269 0.389760
vt 0.924323 0.378927
vt 0.943137 0.351714
vt 0.947922 0.335964
vt 0.793459 0.423457
vt 0.821848 0.419893
vt 0.847630 0.415294
vt 0.868647 0.410308
vt 0.886475 0.404600
vt 0.900765 0.398105
vt 0.922300 0.402069
vt 0.935284 0.390534
vt 0.934239 0.366134
vt 0.795346 0.443796
vt 0.825083 0.439395
vt 0.852310 0.433586
vt 0.874168 0.427146
vt 0.892473 0.419996
vt 0.908345 0.411726
vt 0.932155 0.415217
vt 0.946224 0.402999
vt 0.962758 0.361633
vt 0.971777 0.311537
vt 0.544211 0.050815
vt 0.797857 0.464620
vt 0.829668 0.459341
vt 0.858597 0.452021
vt 0.880622 0.444285
vt 0.900242 0.435509
vt 0.917048 0.425993
vt 0.942610 0.428641
vt 0.417552 0.307444
vt 0.957437 0.415665
vt 0.434103 0.318051
vt 0.449919 0.329639
vt 0.971258 0.401665
vt 0.983929 0.387553
vt 0.464589 0.341835
vt 0.270634 0.266492
vt 0.801087 0.486493
vt 0.835709 0.479962
vt 0.305555 0.268947
vt 0.864734 0.471124
vt 0.335246 0.274762
vt 0.888390 0.461307
vt 0.359706 0.281685
vt 0.381093 0.289503
vt 0.908836 0.451137
vt 0.926612 0.440344
vt 0.400086 0.298024
vt 0.409266 0.321989
vt 0.424733 0.331889
vt 0.445129 0.370477
vt 0.270653 0.288796
vt 0.303758 0.290368
vt 0.330865 0.294013
vt 0.354427 0.299385
vt 0.375007 0.305930
vt 0.392936 0.313417
vt 0.401537 0.336026
vt 0.415554 0.345501
vt 0.417531 0.369207
vt 0.270780 0.309831
vt 0.302328 0.310325
vt 0.328430 0.312831
vt 0.350513 0.316731
vt 0.369852 0.321948
vt 0.386601 0.328290
vt 0.394434 0.349069
vt 0.406270 0.357960
vt 0.271105 0.330314
vt 0.301089 0.329993
vt 0.326942 0.331226
vt 0.347848 0.333743
vt 0.365807 0.337478
vt 0.381196 0.342450
vt 0.388313 0.360219
vt 0.397236 0.368342
vt 0.405705 0.379447
vt 0.413731 0.392759
vt 0.420715 0.407489
vt 0.271745 0.350384
vt 0.300560 0.349377
vt 0.325732 0.349359
vt 0.346140 0.350484
vt 0.363201 0.352542
vt 0.377175 0.355590
vt 0.974587 0.359407
vt 0.980448 0.316275
vt 0.535431 0.055721
vt 0.459764 0.370431
vt 0.988790 0.380717
vt 0.470993 0.347538
vt 0.985226 0.355237
vt 0.012272 0.238146
vt 0.989733 0.320055
vt 0.047602 0.219598
vt 0.526224 0.059710
vt 0.014725 0.284357
vt 0.472193 0.372319
vt 0.479289 0.352725
vt 0.005868 0.261619
vt 0.995287 0.373579
vt 0.017559 0.240359
vt 0.019632 0.281209
vt 0.012756 0.261507
vt 0.027593 0.260863
vt 0.449926 0.388708
vt 0.460149 0.385017
vt 0.472596 0.384118
vt 0.025252 0.293105
vt 0.030301 0.287428
vt 0.435358 0.398167
vt 0.428052 0.382675
vt 0.455112 0.354153
vt 0.463899 0.358249
vt 0.008584 0.273905
vt 0.474575 0.362296
vt 0.014966 0.272193
vt 0.030684 0.271963
vt 0.972679 0.376652
vt 0.980250 0.371006
vt 0.007495 0.248952
vt 0.989089 0.364602
vt 0.013972 0.249859
vt 0.029502 0.249046
vt 0.959812 0.389621
vt 0.439874 0.342989
vt 0.429500 0.356856
vt 0.948269 0.377171
vt 0.982666 0.356740
vt 0.477916 0.407596
vt 0.014022 0.167377
vt 0.468921 0.371391
vt 0.476533 0.350975
vt 0.992773 0.375653
vt 0.981316 0.344740
vt 0.471559 0.360982
vt 0.986562 0.366426
vt 0.902974 0.316071
vt 0.887832 0.312765
vt 0.870109 0.310031
vt 0.847029 0.307516
vt 0.820628 0.305743
vt 0.791446 0.304858
vt 0.406371 0.415749
vt 0.963424 0.343004
vt 0.973100 0.345171
vt 0.984410 0.343906
vt 0.021101 0.228363
vt 0.026609 0.233172
vt 0.469063 0.383947
vt 0.907418 0.301496
vt 0.922461 0.306185
vt 0.891799 0.297593
vt 0.874015 0.293941
vt 0.849900 0.290252
vt 0.822484 0.287394
vt 0.792153 0.285693
vt 0.412755 0.430598
vt 0.397620 0.438037
vt 0.381710 0.444615
vt 0.363922 0.450511
vt 0.341509 0.456297
vt 0.313610 0.461735
vt 0.282380 0.466069
vt 0.937369 0.312803
vt 0.952279 0.319931
vt 0.037908 0.260451
vt 0.454196 0.405063
vt 0.441617 0.413475
vt 0.427347 0.422370
vt 0.463335 0.399437
vt 0.038042 0.298297
vt 0.475370 0.395734
vt 0.040821 0.291669
vt 0.966878 0.326470
vt 0.975067 0.330392
vt 0.033619 0.221708
vt 0.985935 0.331755
vt 0.036927 0.227902
vt 0.039963 0.273280
vt 0.038651 0.247172
vt 0.472120 0.396334
vt 0.982724 0.331799
vt 0.979072 0.358021
vt 0.017737 0.169299
vt 0.474250 0.409693
vt 0.464631 0.370975
vt 0.473434 0.349378
vt 0.990491 0.378255
vt 0.977473 0.345085
vt 0.464865 0.384357
vt 0.467780 0.359776
vt 0.983561 0.368545
vt 0.467942 0.397616
vt 0.979013 0.331325
vt 0.049264 0.259983
vt 0.449160 0.427310
vt 0.044131 0.184001
vt 0.434826 0.436394
vt 0.059281 0.191424
vt 0.050134 0.273389
vt 0.048956 0.246285
vt 0.694845 0.007674
vt 0.824892 0.269669
vt 0.616938 0.110405
vt 0.625663 0.112432
vt 0.625119 0.098219
vt 0.613227 0.100014
vt 0.622453 0.083774
vt 0.608784 0.087236
vt 0.618741 0.069099
vt 0.604180 0.073330
vt 0.614601 0.054314
vt 0.599516 0.058902
vt 0.610196 0.039422
vt 0.594751 0.044253
vt 0.637824 0.114504
vt 0.637982 0.098419
vt 0.636297 0.082594
vt 0.633414 0.066727
vt 0.630038 0.051111
vt 0.626252 0.035483
vt 0.652627 0.116601
vt 0.653160 0.099180
vt 0.652359 0.082188
vt 0.650398 0.065023
vt 0.647563 0.048491
vt 0.644114 0.031876
vt 0.673722 0.118940
vt 0.674209 0.100309
vt 0.673760 0.082141
vt 0.672522 0.063728
vt 0.670768 0.046044
vt 0.668478 0.028195
vt 0.698023 0.121482
vt 0.698578 0.101888
vt 0.698642 0.082723
vt 0.698265 0.063197
vt 0.697516 0.044448
vt 0.696297 0.025531
vt 0.726834 0.123207
vt 0.727182 0.103012
vt 0.727371 0.083124
vt 0.727526 0.063000
vt 0.727573 0.043727
vt 0.727412 0.024338
vt 0.102327 0.116553
vt 0.099165 0.125825
vt 0.111562 0.129425
vt 0.111726 0.115885
vt 0.094904 0.139010
vt 0.109229 0.144044
vt 0.090303 0.153655
vt 0.105669 0.159076
vt 0.085638 0.168582
vt 0.101466 0.174133
vt 0.080723 0.183448
vt 0.096757 0.189148
vt 0.403960 0.452874
vt 0.091573 0.204225
vt 0.126363 0.130985
vt 0.125761 0.114972
vt 0.124822 0.147046
vt 0.121793 0.162980
vt 0.118004 0.178506
vt 0.113587 0.193943
vt 0.387491 0.460113
vt 0.108576 0.209522
vt 0.143630 0.131250
vt 0.143072 0.113800
vt 0.142276 0.148489
vt 0.139785 0.165295
vt 0.136256 0.181669
vt 0.132232 0.197955
vt 0.126918 0.214278
vt 0.369612 0.466817
vt 0.163601 0.130876
vt 0.163529 0.112362
vt 0.162442 0.148995
vt 0.160222 0.166734
vt 0.157389 0.184070
vt 0.154076 0.201372
vt 0.346689 0.473813
vt 0.150373 0.219189
vt 0.187981 0.129739
vt 0.187946 0.110592
vt 0.186920 0.148656
vt 0.185743 0.167374
vt 0.184171 0.185774
vt 0.182153 0.204292
vt 0.318069 0.480544
vt 0.179656 0.223567
vt 0.214860 0.128412
vt 0.214636 0.108686
vt 0.214650 0.147961
vt 0.214518 0.167404
vt 0.214215 0.186541
vt 0.213695 0.205828
vt 0.213056 0.225841
vt 0.285362 0.485592
vt 0.602915 0.108377
vt 0.611641 0.119033
vt 0.595730 0.095519
vt 0.589781 0.081254
vt 0.584592 0.066253
vt 0.579433 0.051032
vt 0.593283 0.118482
vt 0.604692 0.129585
vt 0.583297 0.105392
vt 0.574802 0.090484
vt 0.569212 0.074355
vt 0.564270 0.058396
vt 0.582047 0.129639
vt 0.595450 0.141666
vt 0.568595 0.115800
vt 0.570519 0.141593
vt 0.585027 0.154424
vt 0.556495 0.127766
vt 0.552363 0.080268
vt 0.550873 0.098293
vt 0.549729 0.064725
vt 0.043310 0.071014
vt 0.558886 0.154099
vt 0.574123 0.167870
vt 0.059313 0.057365
vt 0.077292 0.236226
vt 0.067749 0.229953
vt 0.067644 0.246992
vt 0.082607 0.246506
vt 0.054965 0.083506
vt 0.069776 0.071004
vt 0.544720 0.139813
vt 0.029199 0.085951
vt 0.041487 0.097576
vt 0.532204 0.125198
vt 0.016809 0.101099
vt 0.028324 0.111528
vt 0.085811 0.257702
vt 0.071357 0.258599
vt 0.069463 0.270577
vt 0.085240 0.268877
vt 0.066237 0.095782
vt 0.079590 0.083992
vt 0.053814 0.110069
vt 0.067294 0.121334
vt 0.077328 0.107487
vt 0.041129 0.127027
vt 0.058737 0.137291
vt 0.088576 0.096575
vt 0.088283 0.118050
vt 0.096555 0.108191
vt 0.081156 0.131310
vt 0.054461 0.154120
vt 0.070079 0.161822
vt 0.074986 0.146372
vt 0.050261 0.169621
vt 0.065167 0.176832
vt 0.726081 0.143051
vt 0.696965 0.140531
vt 0.672095 0.137162
vt 0.650691 0.133431
vt 0.635225 0.129693
vt 0.622490 0.125297
vt 0.724994 0.162950
vt 0.695326 0.159642
vt 0.669167 0.155158
vt 0.647102 0.149862
vt 0.630495 0.144394
vt 0.616995 0.138022
vt 0.723454 0.183184
vt 0.692584 0.179169
vt 0.664909 0.173454
vt 0.641629 0.166674
vt 0.623761 0.159766
vt 0.609316 0.151815
vt 0.721419 0.203972
vt 0.688921 0.199048
vt 0.659602 0.191822
vt 0.634756 0.183302
vt 0.615888 0.174948
vt 0.600256 0.165797
vt 0.718986 0.225669
vt 0.206551 0.005553
vt 0.172236 0.010471
vt 0.684331 0.220041
vt 0.653211 0.211162
vt 0.141311 0.018209
vt 0.626863 0.200905
vt 0.114829 0.027153
vt 0.094552 0.036110
vt 0.607053 0.191013
vt 0.590268 0.180510
vt 0.076797 0.045694
vt 0.208728 0.027456
vt 0.176543 0.031728
vt 0.147342 0.037702
vt 0.122416 0.044812
vt 0.102653 0.052363
vt 0.085884 0.060681
vt 0.210908 0.048377
vt 0.180843 0.051855
vt 0.152985 0.056381
vt 0.129224 0.061800
vt 0.110135 0.067776
vt 0.094228 0.074755
vt 0.212634 0.068781
vt 0.184284 0.071658
vt 0.158006 0.075018
vt 0.135462 0.078902
vt 0.116999 0.083302
vt 0.101657 0.088821
vt 0.213894 0.088835
vt 0.186686 0.091220
vt 0.161613 0.093694
vt 0.140220 0.096286
vt 0.122450 0.099100
vt 0.107876 0.102690
vt 0.542420 0.081524
vt 0.540318 0.095596
vt 0.020778 0.117115
vt 0.027448 0.128927
vt 0.542229 0.113279
vt 0.534631 0.107414
vt 0.526758 0.118136
vt 0.011151 0.108179
vt 0.538241 0.081590
vt 0.536241 0.094395
vt 0.532292 0.057310
vt 0.983607 0.317797
vt 0.022612 0.172071
vt 0.469494 0.412857
vt 0.028027 0.158784
vt 0.022901 0.156905
vt 0.017341 0.119224
vt 0.022915 0.130194
vt 0.531741 0.105391
vt 0.525148 0.116003
vt 0.009198 0.110029
vt 0.082516 0.232988
vt 0.529633 0.091862
vt 0.072704 0.224187
vt 0.531332 0.080920
vt 0.480345 0.406182
vt 0.011599 0.166517
vt 0.051245 0.299264
vt 0.016905 0.156090
vt 0.063977 0.295507
vt 0.061986 0.291545
vt 0.051363 0.292499
vt 0.086962 0.281753
vt 0.015734 0.132736
vt 0.010997 0.122622
vt 0.091867 0.269823
vt 0.081535 0.279267
vt 0.520532 0.111715
vt 0.004102 0.113798
vt 0.092644 0.256697
vt 0.089145 0.243729
vt 0.526096 0.101828
vt 0.058625 0.226387
vt 0.059114 0.245696
vt 0.060765 0.259196
vt 0.060422 0.272736
vt 0.541072 0.068136
vt 0.536986 0.069369
vt 0.060812 0.219800
vt 0.530290 0.070324
vt 0.039740 0.147091
vt 0.037115 0.163090
vt 0.020728 0.143977
vt 0.075620 0.290058
vt 0.018525 0.144797
vt 0.019005 0.156071
vt 0.013992 0.121043
vt 0.018924 0.131335
vt 0.528767 0.103519
vt 0.006608 0.111950
vt 0.522838 0.113796
vt 0.986974 0.319088
vt 0.528944 0.058650
vt 0.533319 0.070119
vt 0.532580 0.093357
vt 0.030160 0.144279
vt 0.024645 0.143730
vt 0.071978 0.286909
vt 0.534454 0.081521
vt 0.605765 0.024698
vt 0.911956 0.287003
vt 0.927300 0.291928
vt 0.589895 0.029767
vt 0.895972 0.282539
vt 0.622284 0.020204
vt 0.640600 0.015928
vt 0.878189 0.278247
vt 0.665977 0.011278
vt 0.853315 0.273491
vt 0.793186 0.267338
vt 0.726907 0.006039
vt 0.573670 0.036013
vt 0.942977 0.297932
vt 0.557926 0.043284
vt 0.958249 0.304697
vt 0.048113 0.226194
vt 0.030856 0.176894
vt 0.461635 0.418604
vt 0.023263 0.243382
vt 0.029398 0.239645
vt 0.038770 0.237188
vt 0.048433 0.235276
vt 0.057811 0.235788
vt 0.066427 0.237030
vt 0.072162 0.240371
vt 0.075804 0.247765
vt 0.077823 0.258269
vt 0.077818 0.268730
vt 0.075712 0.276329
vt 0.069578 0.280236
vt 0.060396 0.282530
vt 0.050836 0.283841
vt 0.041296 0.282631
vt 0.031827 0.280874
vt 0.025192 0.277616
vt 0.022215 0.270964
vt 0.020827 0.261030
vt 0.021303 0.250586
vt 0.439119 0.010757
vt 0.474982 0.215180
vt 0.477097 0.010598
vt 0.477197 0.018904
vt 0.475267 0.206947
vt 0.441287 0.018689
vt 0.987041 0.206294
vt 0.515298 0.010054
vt 0.514349 0.018933
vt 0.977798 0.205772
vt 0.986536 0.230704
vt 0.977943 0.230249
vt 0.984537 0.255402
vt 0.550838 0.276452
vt 0.559321 0.275233
vt 0.975210 0.255308
vt 0.558735 0.241477
vt 0.563214 0.241624
vt 0.552744 0.208067
vt 0.522494 0.220914
vt 0.522304 0.213474
vt 0.558866 0.206317
vt 0.498375 0.219675
vt 0.499221 0.212072
vt 0.487242 0.189238
vt 0.515294 0.191740
vt 0.502249 0.186722
vt 0.491194 0.174053
vt 0.512397 0.176008
vt 0.504018 0.171855
vt 0.565865 0.272555
vt 0.571762 0.241742
vt 0.562973 0.205811
vt 0.576881 0.267855
vt 0.580144 0.242571
vt 0.603550 0.249020
vt 0.604325 0.243821
vt 0.594035 0.254862
vt 0.589958 0.243618
vt 0.959837 0.209655
vt 0.957248 0.229290
vt 0.957934 0.248570
vt 0.943663 0.215375
vt 0.937940 0.228025
vt 0.942179 0.241209
vt 0.477173 0.027507
vt 0.448563 0.027827
vt 0.505640 0.025982
vt 0.476216 0.042084
vt 0.457135 0.034349
vt 0.496623 0.038160
vt 0.476987 0.035023
vt 0.455153 0.031468
vt 0.500216 0.032733
vt 0.484359 0.195788
vt 0.517414 0.199557
vt 0.501068 0.195810
vt 0.511218 0.220443
vt 0.511398 0.215157
vt 0.485934 0.217219
vt 0.486866 0.211286
vt 0.509747 0.188351
vt 0.494435 0.186030
vt 0.508992 0.173641
vt 0.497826 0.171819
vt 0.510894 0.198414
vt 0.490901 0.195930
vt 0.490131 0.181204
vt 0.513047 0.183271
vt 0.503188 0.178994
vt 0.509275 0.181440
vt 0.496633 0.179135
vt 0.557629 0.257810
vt 0.562331 0.257809
vt 0.555917 0.225146
vt 0.564525 0.225737
vt 0.568754 0.257271
vt 0.573709 0.225845
vt 0.579410 0.254471
vt 0.578856 0.232020
vt 0.604144 0.246694
vt 0.603754 0.241314
vt 0.591985 0.249151
vt 0.588227 0.237507
vt 0.583508 0.242791
vt 0.582378 0.262801
vt 0.583788 0.252108
vt 0.581779 0.234431
vt 0.598294 0.252646
vt 0.596659 0.244041
vt 0.596979 0.248407
vt 0.596127 0.239456
vt 0.967624 0.207301
vt 0.968740 0.229824
vt 0.965504 0.251552
vt 0.987065 0.217925
vt 0.978245 0.217803
vt 0.985808 0.243493
vt 0.977480 0.242906
vt 0.958271 0.219241
vt 0.957400 0.239155
vt 0.939653 0.221818
vt 0.938938 0.234376
vt 0.969070 0.218271
vt 0.968172 0.241069
vt 0.600593 0.251083
vt 0.600320 0.247625
vt 0.600064 0.240185
vt 0.600396 0.244010
vt 0.593144 0.243998
vt 0.596323 0.253638
vt 0.594343 0.248887
vt 0.592016 0.238668
vt 0.588436 0.258203
vt 0.586954 0.243140
vt 0.588192 0.250146
vt 0.585025 0.236220
vt 0.565407 0.205368
vt 0.573932 0.221736
vt 0.458264 0.010870
vt 0.460301 0.019887
vt 0.495990 0.010587
vt 0.493489 0.020222
vt 0.463814 0.026464
vt 0.490907 0.026938
vt 0.463693 0.036634
vt 0.485659 0.040308
vt 0.466820 0.032446
vt 0.487812 0.033467
vt 0.478077 0.201435
vt 0.499944 0.205114
vt 0.522237 0.206937
vt 0.511977 0.205761
vt 0.488382 0.202632
vt 0.564650 0.214323
vt 0.569009 0.215660
vt 0.555893 0.216168
vt 0.571394 0.216802
vt 0.555924 0.266565
vt 0.563227 0.249669
vt 0.555873 0.232806
vt 0.570642 0.249737
vt 0.580487 0.248534
vt 0.604311 0.245266
vt 0.591048 0.246515
vt 0.558465 0.249695
vt 0.560879 0.266166
vt 0.564630 0.233434
vt 0.567234 0.265084
vt 0.572991 0.233458
vt 0.578218 0.260677
vt 0.579471 0.237083
vt 0.603868 0.247974
vt 0.604136 0.242460
vt 0.593031 0.251926
vt 0.589075 0.240593
vt 0.583202 0.257080
vt 0.582613 0.238559
vt 0.584280 0.247425
vt 0.596783 0.246273
vt 0.597434 0.250540
vt 0.596450 0.241779
vt 0.600285 0.249381
vt 0.600238 0.242135
vt 0.600402 0.245824
vt 0.593683 0.246573
vt 0.595256 0.251264
vt 0.592640 0.241361
vt 0.588382 0.253949
vt 0.586013 0.239719
vt 0.587983 0.246666
vt 0.571663 0.272170
vt 0.576690 0.242254
vt 0.574671 0.256636
vt 0.576342 0.228674
vt 0.573059 0.264201
vt 0.576067 0.234953
vt 0.576016 0.249534
vt 0.568101 0.207527
vt 0.567697 0.209957
vt 0.556099 0.221267
vt 0.563897 0.221970
vt 0.571409 0.220693
vt 0.573069 0.219686
vt 0.561714 0.210309
vt 0.565805 0.208040
vt 0.567257 0.206532
vt 0.554534 0.212025
vt 0.951353 0.213930
vt 0.947784 0.228716
vt 0.949807 0.243473
vt 0.948811 0.221129
vt 0.948082 0.236259
vt 0.467616 0.038882
vt 0.477390 0.273783
vt 0.475044 0.217846
vt 0.439894 0.008228
vt 0.472108 0.471629
vt 0.505591 0.472018
vt 0.476921 0.008355
vt 0.505436 0.462377
vt 0.439826 0.020761
vt 0.473743 0.464848
vt 0.477661 0.281183
vt 0.473083 0.205583
vt 0.539778 0.469586
vt 0.990881 0.492962
vt 0.514553 0.007587
vt 0.989646 0.206942
vt 0.976546 0.203333
vt 0.982837 0.492909
vt 0.538693 0.461966
vt 0.515207 0.021328
vt 0.989006 0.230805
vt 0.992539 0.470844
vt 0.984194 0.471127
vt 0.987198 0.255094
vt 0.989439 0.448460
vt 0.449616 0.267979
vt 0.548969 0.274897
vt 0.973272 0.257214
vt 0.981450 0.448848
vt 0.442153 0.269201
vt 0.560452 0.277323
vt 0.556381 0.241946
vt 0.438360 0.240117
vt 0.434636 0.240531
vt 0.521690 0.223446
vt 0.550824 0.209238
vt 0.521193 0.269731
vt 0.445313 0.211422
vt 0.438996 0.209461
vt 0.520227 0.276615
vt 0.557341 0.204675
vt 0.524823 0.213377
vt 0.498983 0.268926
vt 0.498152 0.222171
vt 0.499556 0.276075
vt 0.485192 0.298023
vt 0.484943 0.189218
vt 0.516217 0.296985
vt 0.517660 0.191856
vt 0.501581 0.301607
vt 0.485224 0.316066
vt 0.489486 0.172745
vt 0.515403 0.315228
vt 0.514348 0.174946
vt 0.502918 0.318859
vt 0.504518 0.169353
vt 0.566174 0.275000
vt 0.436306 0.269116
vt 0.426197 0.241674
vt 0.563048 0.203278
vt 0.433566 0.207650
vt 0.424323 0.267957
vt 0.578193 0.269991
vt 0.414293 0.243918
vt 0.605531 0.250207
vt 0.386054 0.253513
vt 0.384005 0.248256
vt 0.606776 0.243467
vt 0.595433 0.256799
vt 0.401346 0.259024
vt 0.401133 0.245560
vt 0.966572 0.491183
vt 0.959365 0.206979
vt 0.964635 0.471598
vt 0.965516 0.452428
vt 0.957208 0.251172
vt 0.949841 0.486535
vt 0.942324 0.213491
vt 0.935244 0.227868
vt 0.944040 0.472410
vt 0.948798 0.457927
vt 0.940642 0.242932
vt 0.505127 0.452671
vt 0.478059 0.455881
vt 0.446538 0.029299
vt 0.531934 0.455617
vt 0.507695 0.027440
vt 0.503676 0.436232
vt 0.475839 0.044139
vt 0.455918 0.036532
vt 0.484373 0.446417
vt 0.498265 0.040246
vt 0.523761 0.441648
vt 0.504644 0.444301
vt 0.453392 0.033925
vt 0.484239 0.450516
vt 0.527075 0.448445
vt 0.502447 0.034072
vt 0.484183 0.291742
vt 0.482274 0.194462
vt 0.519781 0.198666
vt 0.517348 0.289344
vt 0.500725 0.291701
vt 0.511275 0.269199
vt 0.511001 0.223013
vt 0.510972 0.274233
vt 0.485497 0.219781
vt 0.486918 0.271190
vt 0.488058 0.277002
vt 0.510261 0.300514
vt 0.492303 0.302047
vt 0.510018 0.171151
vt 0.509868 0.317146
vt 0.497797 0.169348
vt 0.494269 0.318412
vt 0.510912 0.289982
vt 0.490421 0.291604
vt 0.485838 0.307810
vt 0.487713 0.180922
vt 0.515501 0.183183
vt 0.514695 0.306914
vt 0.502270 0.310671
vt 0.510027 0.308686
vt 0.493551 0.310248
vt 0.555215 0.257699
vt 0.440613 0.253724
vt 0.436201 0.254743
vt 0.442658 0.225397
vt 0.553442 0.224801
vt 0.434242 0.225892
vt 0.430379 0.255545
vt 0.576304 0.225131
vt 0.424025 0.225853
vt 0.417632 0.255541
vt 0.414674 0.232888
vt 0.580322 0.230563
vt 0.606611 0.247032
vt 0.384768 0.251043
vt 0.605356 0.239745
vt 0.384157 0.245308
vt 0.401053 0.252307
vt 0.402246 0.239135
vt 0.588809 0.235181
vt 0.409776 0.244435
vt 0.416793 0.264923
vt 0.583728 0.264765
vt 0.412034 0.254268
vt 0.410447 0.235214
vt 0.582848 0.232449
vt 0.599631 0.254676
vt 0.394306 0.255801
vt 0.392549 0.246913
vt 0.393311 0.251436
vt 0.596681 0.237032
vt 0.392786 0.242401
vt 0.967219 0.205105
vt 0.973811 0.493705
vt 0.975771 0.471345
vt 0.972681 0.449848
vt 0.964752 0.253762
vt 0.989587 0.217959
vt 0.992462 0.482778
vt 0.983784 0.482521
vt 0.991651 0.458900
vt 0.988339 0.243720
vt 0.983481 0.459503
vt 0.965425 0.481780
vt 0.964954 0.461638
vt 0.945871 0.479354
vt 0.937057 0.220804
vt 0.945331 0.465358
vt 0.936242 0.235077
vt 0.975581 0.482665
vt 0.975147 0.460313
vt 0.602217 0.252976
vt 0.390343 0.254568
vt 0.389061 0.251235
vt 0.388443 0.243861
vt 0.600891 0.237788
vt 0.388250 0.247602
vt 0.396822 0.246240
vt 0.397792 0.257389
vt 0.597470 0.255645
vt 0.397365 0.251900
vt 0.397569 0.240912
vt 0.592525 0.236296
vt 0.408760 0.261869
vt 0.589761 0.260173
vt 0.405332 0.244998
vt 0.406334 0.253087
vt 0.585829 0.234039
vt 0.406249 0.237269
vt 0.566184 0.203184
vt 0.430851 0.206966
vt 0.576047 0.220782
vt 0.422395 0.221245
vt 0.458158 0.008417
vt 0.489047 0.471477
vt 0.490448 0.462080
vt 0.522573 0.470037
vt 0.496264 0.008109
vt 0.520181 0.460518
vt 0.493036 0.454463
vt 0.517746 0.453676
vt 0.464470 0.038720
vt 0.490901 0.441636
vt 0.486107 0.042968
vt 0.512272 0.438537
vt 0.466970 0.031832
vt 0.495211 0.447183
vt 0.514699 0.446102
vt 0.475889 0.200214
vt 0.477918 0.286496
vt 0.499962 0.282426
vt 0.524690 0.206511
vt 0.522773 0.282268
vt 0.511734 0.282821
vt 0.488768 0.285117
vt 0.433966 0.216586
vt 0.565325 0.214560
vt 0.568914 0.213144
vt 0.429556 0.216994
vt 0.553452 0.216452
vt 0.443858 0.218719
vt 0.572975 0.215054
vt 0.425496 0.216958
vt 0.553528 0.265920
vt 0.442712 0.261104
vt 0.434743 0.247601
vt 0.442693 0.232653
vt 0.553350 0.233073
vt 0.427638 0.248988
vt 0.415087 0.249930
vt 0.606795 0.245278
vt 0.384287 0.249666
vt 0.400858 0.249048
vt 0.439054 0.246922
vt 0.555997 0.249621
vt 0.438669 0.261883
vt 0.433965 0.233080
vt 0.433205 0.262331
vt 0.425212 0.233625
vt 0.420491 0.261416
vt 0.414077 0.238126
vt 0.385403 0.252320
vt 0.606238 0.248701
vt 0.383968 0.246781
vt 0.606400 0.241543
vt 0.401290 0.255567
vt 0.401460 0.242317
vt 0.414003 0.259393
vt 0.409835 0.239739
vt 0.410166 0.249437
vt 0.392840 0.249180
vt 0.393827 0.253570
vt 0.392510 0.244679
vt 0.389672 0.252948
vt 0.388212 0.245742
vt 0.388548 0.249430
vt 0.396941 0.249151
vt 0.397737 0.254452
vt 0.396992 0.243560
vt 0.407425 0.257340
vt 0.405540 0.241138
vt 0.405250 0.249098
vt 0.431240 0.270539
vt 0.572223 0.274716
vt 0.419369 0.243061
vt 0.423851 0.256240
vt 0.419718 0.229333
vt 0.578213 0.227143
vt 0.427267 0.262971
vt 0.418884 0.235946
vt 0.420888 0.249892
vt 0.570124 0.206665
vt 0.428061 0.208858
vt 0.429741 0.211460
vt 0.570045 0.210495
vt 0.553712 0.221661
vt 0.442941 0.222925
vt 0.434848 0.223258
vt 0.426485 0.221079
vt 0.575083 0.218591
vt 0.423104 0.219456
vt 0.436311 0.212240
vt 0.430806 0.209530
vt 0.428644 0.207796
vt 0.568835 0.204930
vt 0.444558 0.214906
vt 0.552042 0.212551
vt 0.950781 0.211361
vt 0.958052 0.486686
vt 0.954596 0.471945
vt 0.949000 0.245963
vt 0.957151 0.457350
vt 0.955479 0.480007
vt 0.955011 0.463956
vt 0.495569 0.440180
vt 0.465547 0.040188
vt 0.254956 0.279526
vt 0.255198 0.267122
vt 0.744254 0.024887
vt 0.744291 0.034502
vt 0.257432 0.341790
vt 0.257038 0.331069
vt 0.742355 0.083780
vt 0.742009 0.094058
vt 0.261438 0.410038
vt 0.260729 0.400066
vt 0.258486 0.361653
vt 0.257986 0.351186
vt 0.741529 0.103721
vt 0.741026 0.114428
vt 0.781606 0.436101
vt 0.780605 0.424436
vt 0.224683 0.047471
vt 0.225508 0.058897
vt 0.777211 0.354952
vt 0.776892 0.344312
vt 0.780274 0.415782
vt 0.779476 0.404387
vt 0.266780 0.476788
vt 0.265681 0.467446
vt 0.230796 0.186226
vt 0.230699 0.195381
vt 0.775254 0.276394
vt 0.775611 0.267270
vt 0.785119 0.478233
vt 0.783547 0.465855
vt 0.738309 0.163721
vt 0.737343 0.175112
vt 0.779122 0.395598
vt 0.778502 0.384408
vt 0.226856 0.088074
vt 0.227453 0.098754
vt 0.735627 0.204902
vt 0.734406 0.217137
vt 0.740583 0.123888
vt 0.739923 0.134659
vt 0.737027 0.184029
vt 0.735888 0.195803
vt 0.255670 0.300951
vt 0.255654 0.289411
vt 0.739480 0.143774
vt 0.738673 0.154811
vt 0.229209 0.137442
vt 0.229601 0.147425
vt 0.743735 0.044330
vt 0.743644 0.053953
vt 0.221659 0.004718
vt 0.223030 0.016943
vt 0.225793 0.067943
vt 0.226499 0.079008
vt 0.775453 0.295496
vt 0.775582 0.285821
vt 0.776456 0.334725
vt 0.776294 0.324398
vt 0.228258 0.117401
vt 0.228764 0.127788
vt 0.263636 0.438569
vt 0.262769 0.429204
vt 0.743101 0.063634
vt 0.742896 0.073806
vt 0.265138 0.457497
vt 0.264176 0.448250
vt 0.262769 0.429204
vt 0.261970 0.419430
vt 0.778099 0.375226
vt 0.777631 0.364196
vt 0.230263 0.166980
vt 0.230311 0.176151
vt 0.260191 0.390653
vt 0.259584 0.380495
vt 0.783217 0.456808
vt 0.781957 0.444892
vt 0.744574 0.006368
vt 0.744779 0.015403
vt 0.223339 0.026565
vt 0.224350 0.038341
vt 0.230073 0.157379
vt 0.230263 0.166980
vt 0.256493 0.321572
vt 0.256267 0.310494
vt 0.775878 0.315015
vt 0.775847 0.305146
vt 0.231191 0.205617
vt 0.230889 0.215131
vt 0.255654 0.289411
vt 0.254956 0.279526
vt 0.744291 0.034502
vt 0.743735 0.044330
vt 0.257986 0.351186
vt 0.257432 0.341790
vt 0.742009 0.094058
vt 0.741529 0.103721
vt 0.260729 0.400066
vt 0.260191 0.390653
vt 0.259037 0.371026
vt 0.258486 0.361653
vt 0.741026 0.114428
vt 0.740583 0.123888
vt 0.781957 0.444892
vt 0.781606 0.436101
vt 0.225508 0.058897
vt 0.225793 0.067943
vt 0.777631 0.364196
vt 0.777211 0.354952
vt 0.780605 0.424436
vt 0.780274 0.415782
vt 0.267338 0.487159
vt 0.266780 0.476788
vt 0.230699 0.195381
vt 0.231191 0.205617
vt 0.775582 0.285821
vt 0.775254 0.276394
vt 0.785410 0.487936
vt 0.785119 0.478233
vt 0.737343 0.175112
vt 0.737027 0.184029
vt 0.779476 0.404387
vt 0.779122 0.395598
vt 0.227453 0.098754
vt 0.227835 0.107980
vt 0.734406 0.217137
vt 0.734254 0.226627
vt 0.739923 0.134659
vt 0.739480 0.143774
vt 0.735888 0.195803
vt 0.735627 0.204902
vt 0.256267 0.310494
vt 0.255670 0.300951
vt 0.738673 0.154811
vt 0.738309 0.163721
vt 0.228764 0.127788
vt 0.229209 0.137442
vt 0.743644 0.053953
vt 0.743101 0.063634
vt 0.223030 0.016943
vt 0.223339 0.026565
vt 0.226499 0.079008
vt 0.226856 0.088074
vt 0.775847 0.305146
vt 0.775453 0.295496
vt 0.776892 0.344312
vt 0.776456 0.334725
vt 0.227835 0.107980
vt 0.228258 0.117401
vt 0.264176 0.448250
vt 0.263636 0.438569
vt 0.742896 0.073806
vt 0.742355 0.083780
vt 0.265681 0.467446
vt 0.265138 0.457497
vt 0.261970 0.419430
vt 0.261438 0.410038
vt 0.778502 0.384408
vt 0.778099 0.375226
vt 0.230311 0.176151
vt 0.230796 0.186226
vt 0.259584 0.380495
vt 0.259037 0.371026
vt 0.783547 0.465855
vt 0.783217 0.456808
vt 0.744779 0.015403
vt 0.744254 0.024887
vt 0.224350 0.038341
vt 0.224683 0.047471
vt 0.229601 0.147425
vt 0.230073 0.157379
vt 0.257038 0.331069
vt 0.256493 0.321572
vt 0.776294 0.324398
vt 0.775878 0.315015
vt 0.230889 0.215131
vt 0.231386 0.225679
vt 0.627327 0.007529
vt 0.085749 0.754315
vt 0.230494 0.903119
vt 0.901592 0.785378
vt 0.965411 0.300728
vt 0.562916 0.000265
vt 0.030557 0.652202
vt 0.287650 0.937616
vt 0.996969 0.456996
vt 0.724229 0.034511
vt 0.104689 0.783286
vt 0.877869 0.816504
vt 0.063981 0.721248
vt 0.756271 0.047298
vt 0.110279 0.166798
vt 0.780696 0.915979
vt 0.346458 0.017759
vt 0.191770 0.087175
vt 0.407047 0.983212
vt 0.438850 0.991664
vt 0.151618 0.837849
vt 0.473181 0.000700
vt 0.502818 0.000047
vt 0.951048 0.259516
vt 0.692838 0.967767
vt 0.129501 0.812041
vt 0.568133 0.998326
vt 0.378759 0.009274
vt 0.992887 0.410701
vt 0.089308 0.191658
vt 0.997282 0.539237
vt 0.869911 0.135313
vt 0.816065 0.085226
vt 0.067575 0.228567
vt 0.251443 0.050096
vt 0.315569 0.025144
vt 0.022458 0.329738
vt 0.346912 0.964087
vt 0.659192 0.014787
vt 0.317396 0.952990
vt 0.410678 0.005502
vt 0.833763 0.868199
vt 0.787664 0.066045
vt 0.844896 0.111834
vt 0.601439 0.992538
vt 0.972884 0.651800
vt 0.915296 0.193382
vt 0.259188 0.922844
vt 0.034314 0.298048
vt 0.537166 0.999025
vt 0.377310 0.975571
vt 0.857297 0.843462
vt 0.934967 0.230184
vt 0.005954 0.408482
vt 0.003661 0.539079
vt 0.981362 0.617983
vt 0.282541 0.038415
vt 0.954601 0.690566
vt 0.136583 0.135083
vt 0.007120 0.576430
vt 0.050879 0.256771
vt 0.985796 0.376847
vt 0.219561 0.069740
vt 0.000000 0.492331
vt 0.919033 0.756571
vt 0.631196 0.987318
vt 0.940349 0.721500
vt 0.012034 0.374227
vt 0.161746 0.113203
vt 0.176598 0.860359
vt 0.722429 0.953187
vt 0.502822 1.000000
vt 0.203550 0.884492
vt 0.807984 0.895496
vt 1.000000 0.492699
vt 0.995578 0.575750
vt 0.469285 0.995471
vt 0.894526 0.166927
vt 0.594834 0.003694
vt 0.976898 0.332556
vt 0.048670 0.689447
vt 0.663482 0.977113
vt 0.532126 0.000000
vt 0.001940 0.455595
vt 0.753237 0.938305
vt 0.019896 0.617965
vt 0.691009 0.022380
vt 0.442588 0.000965
usemtl kiwi_skin
f 249/249 246/246 184/184
f 249/249 184/184 185/185
f 1070/1070 1064/1064 855/855
f 1070/1070 855/855 1028/1028
f 46/46 47/47 52/52
f 46/46 52/52 51/51
f 2/2 7/7 8/8
f 2/2 8/8 3/3
f 701/701 702/702 615/615
f 701/701 615/615 614/614
f 391/391 393/393 387/387
f 391/391 387/387 385/385
f 711/711 695/695 950/950
f 711/711 950/950 975/975
f 182/182 201/201 603/603
f 182/182 603/603 602/602
f 1055/1055 973/973 1041/1041
f 1055/1055 1041/1041 934/934
f 161/161 162/162 41/41
f 161/161 41/41 46/46
f 929/929 926/926 1036/1036
f 929/929 1036/1036 1038/1038
f 166/166 100/100 399/399
f 166/166 399/399 542/542
f 580/580 244/244 243/243
f 580/580 243/243 578/578
f 468/468 476/476 477/477
f 468/468 477/477 471/471
f 332/332 334/334 333/333
f 332/332 333/333 331/331
f 95/95 87/87 96/96
f 95/95 96/96 106/106
f 348/348 356/356 355/355
f 348/348 355/355 347/347
f 3/3 8/8 9/9
f 3/3 9/9 4/4
f 231/231 232/232 572/572
f 231/231 572/572 569/569
f 453/453 459/459 395/395
f 453/453 395/395 392/392
f 459/459 470/470 402/402
f 459/459 402/402 395/395
f 294/294 568/568 565/565
f 294/294 565/565 293/293
f 108/108 110/110 128/128
f 108/108 128/128 127/127
f 318/318 317/317 311/311
f 318/318 311/311 312/312
f 242/242 241/241 369/369
f 242/242 369/369 378/378
f 302/302 303/303 309/309
f 302/302 309/309 308/308
f 154/154 155/155 32/32
f 154/154 32/32 31/31
f 359/359 351/351 350/350
f 359/359 350/350 358/358
f 1055/1055 976/976 948/948
f 1055/1055 948/948 1050/1050
f 233/233 232/232 218/218
f 233/233 218/218 219/219
f 1056/1056 1050/1050 948/948
f 1056/1056 948/948 977/977
f 563/563 526/526 596/596
f 563/563 596/596 595/595
f 176/176 210/210 214/214
f 176/176 214/214 194/194
f 482/482 488/488 489/489
f 482/482 489/489 483/483
f 272/272 269/269 228/228
f 272/272 228/228 260/260
f 80/80 79/79 69/69
f 80/80 69/69 70/70
f 188/188 252/252 250/250
f 188/188 250/250 187/187
f 384/384 294/294 292/292
f 384/384 292/292 383/383
f 1049/1049 940/940 860/860
f 1049/1049 860/860 1029/1029
f 609/609 650/650 881/881
f 609/609 881/881 805/805
f 260/260 251/251 521/521
f 260/260 521/521 208/208
f 657/657 651/651 883/883
f 657/657 883/883 894/894
f 962/962 825/825 821/821
f 962/962 821/821 960/960
f 341/341 349/349 350/350
f 341/341 350/350 342/342
f 43/43 44/44 49/49
f 43/43 49/49 48/48
f 579/579 577/577 384/384
f 579/579 384/384 390/390
f 301/301 439/439 440/440
f 301/301 440/440 295/295
f 386/386 392/392 391/391
f 386/386 391/391 385/385
f 97/97 88/88 206/206
f 97/97 206/206 203/203
f 392/392 395/395 394/394
f 392/392 394/394 391/391
f 653/653 729/729 1001/1001
f 653/653 1001/1001 886/886
f 91/91 92/92 103/103
f 91/91 103/103 102/102
f 476/476 482/482 483/483
f 476/476 483/483 477/477
f 439/439 445/445 446/446
f 439/439 446/446 440/440
f 456/456 464/464 466/466
f 456/456 466/466 457/457
f 357/357 365/365 366/366
f 357/357 366/366 358/358
f 323/323 322/322 316/316
f 323/323 316/316 317/317
f 229/229 231/231 569/569
f 229/229 569/569 566/566
f 86/86 77/77 87/87
f 86/86 87/87 95/95
f 485/485 491/491 492/492
f 485/485 492/492 486/486
f 324/324 323/323 317/317
f 324/324 317/317 318/318
f 448/448 454/454 455/455
f 448/448 455/455 449/449
f 367/367 359/359 358/358
f 367/367 358/358 366/366
f 47/47 48/48 53/53
f 47/47 53/53 52/52
f 440/440 446/446 447/447
f 440/440 447/447 441/441
f 155/155 138/138 190/190
f 155/155 190/190 156/156
f 361/361 240/240 239/239
f 361/361 239/239 354/354
f 115/115 118/118 131/131
f 115/115 131/131 130/130
f 24/24 28/28 29/29
f 24/24 29/29 25/25
f 31/31 32/32 38/38
f 31/31 38/38 37/37
f 1069/1069 1038/1038 855/855
f 1069/1069 855/855 1064/1064
f 830/830 829/829 1033/1033
f 830/830 1033/1033 1025/1025
f 787/787 741/741 1021/1021
f 787/787 1021/1021 1079/1079
f 259/259 586/586 587/587
f 259/259 587/587 280/280
f 435/435 278/278 276/276
f 435/435 276/276 434/434
f 313/313 437/437 438/438
f 313/313 438/438 307/307
f 714/714 692/692 946/946
f 714/714 946/946 979/979
f 902/902 841/841 839/839
f 902/902 839/839 900/900
f 428/428 326/326 329/329
f 428/428 329/329 430/430
f 212/212 267/267 271/271
f 212/212 271/271 215/215
f 416/416 535/535 531/531
f 416/416 531/531 419/419
f 965/965 876/876 1089/1089
f 965/965 1089/1089 1092/1092
f 430/430 423/423 424/424
f 430/430 424/424 428/428
f 756/756 639/639 766/766
f 756/756 766/766 710/710
f 263/263 209/209 551/551
f 263/263 551/551 511/511
f 970/970 955/955 825/825
f 970/970 825/825 962/962
f 155/155 156/156 33/33
f 155/155 33/33 32/32
f 221/221 220/220 25/25
f 221/221 25/25 29/29
f 638/638 688/688 762/762
f 638/638 762/762 746/746
f 279/279 597/597 598/598
f 279/279 598/598 258/258
f 584/584 585/585 202/202
f 202/202 603/603 584/584
f 749/749 743/743 677/677
f 749/749 677/677 676/676
f 791/791 740/740 1019/1019
f 791/791 1019/1019 1086/1086
f 339/339 347/347 349/349
f 339/339 349/349 341/341
f 218/218 217/217 13/13
f 218/218 13/13 17/17
f 206/206 98/98 197/197
f 206/206 197/197 203/203
f 295/295 296/296 302/302
f 295/295 302/302 301/301
f 390/390 384/384 383/383
f 390/390 383/383 389/389
f 210/210 265/265 270/270
f 210/210 270/270 214/214
f 716/716 771/771 642/642
f 716/716 642/642 759/759
f 213/213 268/268 273/273
f 213/213 273/273 261/261
f 412/412 422/422 425/425
f 412/412 425/425 415/415
f 99/99 253/253 244/244
f 99/99 244/244 580/580
f 16/16 20/20 21/21
f 16/16 21/21 17/17
f 651/651 612/612 816/816
f 651/651 816/816 883/883
f 262/262 271/271 198/198
f 262/262 198/198 164/164
f 646/646 705/705 966/966
f 646/646 966/966 874/874
f 430/430 433/433 426/426
f 430/430 426/426 423/423
f 215/215 207/207 170/170
f 215/215 170/170 200/200
f 120/120 122/122 133/133
f 120/120 133/133 132/132
f 937/937 980/980 1056/1056
f 937/937 1056/1056 1032/1032
f 334/334 336/336 335/335
f 334/334 335/335 333/333
f 923/923 1025/1025 1033/1033
f 923/923 1033/1033 922/922
f 127/127 128/128 137/137
f 127/127 137/137 136/136
f 319/319 436/436 437/437
f 319/319 437/437 313/313
f 306/306 305/305 299/299
f 306/306 299/299 300/300
f 465/465 474/474 475/475
f 465/465 475/475 467/467
f 97/97 203/203 112/112
f 97/97 112/112 109/109
f 229/229 216/216 217/217
f 229/229 217/217 231/231
f 689/689 717/717 984/984
f 689/689 984/984 942/942
f 740/740 791/791 788/788
f 740/740 788/788 738/738
f 23/23 27/27 28/28
f 23/23 28/28 24/24
f 233/233 234/234 282/282
f 233/233 282/282 574/574
f 443/443 449/449 450/450
f 443/443 450/450 444/444
f 265/265 167/167 192/192
f 265/265 192/192 270/270
f 626/626 627/627 662/662
f 626/626 662/662 661/661
f 295/295 440/440 441/441
f 295/295 441/441 284/284
f 106/106 96/96 107/107
f 106/106 107/107 125/125
f 757/757 685/685 935/935
f 757/757 935/935 1044/1044
f 272/272 249/249 185/185
f 272/272 185/185 269/269
f 32/32 33/33 39/39
f 32/32 39/39 38/38
f 450/450 456/456 457/457
f 450/450 457/457 451/451
f 39/39 33/33 222/222
f 39/39 222/222 40/40
f 87/87 88/88 97/97
f 87/87 97/97 96/96
f 133/133 134/134 143/143
f 133/133 143/143 142/142
f 314/314 315/315 321/321
f 314/314 321/321 320/320
f 53/53 54/54 59/59
f 53/53 59/59 58/58
f 441/441 447/447 386/386
f 441/441 386/386 380/380
f 123/123 126/126 135/135
f 123/123 135/135 134/134
f 204/204 111/111 114/114
f 204/204 114/114 191/191
f 437/437 443/443 444/444
f 437/437 444/444 438/438
f 455/455 463/463 464/464
f 455/455 464/464 456/456
f 137/137 128/128 204/204
f 137/137 204/204 205/205
f 90/90 91/91 102/102
f 90/90 102/102 101/101
f 5/5 4/4 9/9
f 5/5 9/9 216/216
f 149/149 150/150 161/161
f 149/149 161/161 160/160
f 152/152 145/145 153/153
f 152/152 153/153 163/163
f 41/41 42/42 47/47
f 41/41 47/47 46/46
f 376/376 377/377 370/370
f 376/376 370/370 368/368
f 394/394 396/396 393/393
f 394/394 393/393 391/391
f 471/471 477/477 409/409
f 471/471 409/409 403/403
f 306/306 571/571 573/573
f 306/306 573/573 312/312
f 610/610 699/699 700/700
f 610/610 700/700 613/613
f 353/353 346/346 344/344
f 353/353 344/344 352/352
f 490/490 372/372 364/364
f 490/490 364/364 491/491
f 104/104 105/105 124/124
f 104/104 124/124 121/121
f 511/511 510/510 508/508
f 511/511 508/508 263/263
f 721/721 636/636 856/856
f 721/721 856/856 989/989
f 14/14 18/18 19/19
f 14/14 19/19 15/15
f 150/150 151/151 162/162
f 150/150 162/162 161/161
f 20/20 24/24 25/25
f 20/20 25/25 21/21
f 103/103 104/104 121/121
f 103/103 121/121 119/119
f 194/194 214/214 211/211
f 194/194 211/211 177/177
f 259/259 280/280 274/274
f 259/259 274/274 245/245
f 454/454 460/460 463/463
f 454/454 463/463 455/455
f 343/343 334/334 332/332
f 343/343 332/332 342/342
f 182/182 195/195 193/193
f 182/182 193/193 178/178
f 288/288 290/290 289/289
f 288/288 289/289 287/287
f 394/394 401/401 410/410
f 394/394 410/410 396/396
f 235/235 234/234 220/220
f 235/235 220/220 221/221
f 340/340 348/348 347/347
f 340/340 347/347 339/339
f 241/241 60/60 55/55
f 241/241 55/55 240/240
f 308/308 309/309 315/315
f 308/308 315/315 314/314
f 313/313 314/314 320/320
f 313/313 320/320 319/319
f 42/42 43/43 48/48
f 42/42 48/48 47/47
f 451/451 457/457 458/458
f 451/451 458/458 452/452
f 731/731 797/797 1095/1095
f 731/731 1095/1095 1005/1005
f 578/578 243/243 230/230
f 578/578 230/230 567/567
f 160/160 161/161 46/46
f 160/160 46/46 51/51
f 45/45 44/44 39/39
f 45/45 39/39 40/40
f 140/140 141/141 149/149
f 140/140 149/149 148/148
f 145/145 146/146 154/154
f 145/145 154/154 153/153
f 102/102 103/103 119/119
f 102/102 119/119 117/117
f 190/190 129/129 184/184
f 190/190 184/184 189/189
f 614/614 699/699 957/957
f 614/614 957/957 817/817
f 433/433 432/432 431/431
f 433/433 431/431 426/426
f 393/393 396/396 500/500
f 393/393 500/500 398/398
f 387/387 381/381 379/379
f 387/387 379/379 385/385
f 626/626 663/663 664/664
f 626/626 664/664 627/627
f 627/627 734/734 736/736
f 627/627 736/736 662/662
f 606/606 607/607 724/724
f 606/606 724/724 723/723
f 268/268 224/224 254/254
f 268/268 254/254 273/273
f 138/138 205/205 129/129
f 138/138 129/129 190/190
f 618/618 634/634 853/853
f 618/618 853/853 827/827
f 283/283 286/286 285/285
f 283/283 285/285 284/284
f 695/695 716/716 982/982
f 695/695 982/982 950/950
f 591/591 592/592 417/417
f 591/591 417/417 406/406
f 509/509 583/583 246/246
f 509/509 246/246 249/249
f 563/563 549/549 525/525
f 563/563 525/525 526/526
f 329/329 330/330 332/332
f 329/329 332/332 331/331
f 156/156 190/190 189/189
f 156/156 189/189 157/157
f 432/432 435/435 434/434
f 432/432 434/434 431/431
f 14/14 10/10 75/75
f 14/14 75/75 74/74
f 919/919 918/918 846/846
f 919/919 846/846 906/906
f 325/325 328/328 327/327
f 325/325 327/327 326/326
f 819/819 962/962 960/960
f 819/819 960/960 818/818
f 143/143 144/144 152/152
f 143/143 152/152 151/151
f 162/162 163/163 36/36
f 162/162 36/36 41/41
f 94/94 95/95 106/106
f 94/94 106/106 105/105
f 605/605 663/663 903/903
f 605/605 903/903 799/799
f 564/564 560/560 518/518
f 564/564 518/518 520/520
f 1028/1028 855/855 830/830
f 1028/1028 830/830 1025/1025
f 504/504 543/543 542/542
f 504/504 542/542 496/496
f 272/272 264/264 509/509
f 272/272 509/509 249/249
f 757/757 640/640 712/712
f 757/757 712/712 767/767
f 792/792 646/646 874/874
f 792/792 874/874 1087/1087
f 755/755 638/638 776/776
f 755/755 776/776 780/780
f 734/734 660/660 669/669
f 734/734 669/669 736/736
f 347/347 355/355 357/357
f 347/347 357/357 349/349
f 581/581 538/538 588/588
f 581/581 588/588 587/587
f 81/81 82/82 91/91
f 81/81 91/91 90/90
f 204/204 191/191 129/129
f 204/204 129/129 205/205
f 294/294 293/293 291/291
f 294/294 291/291 292/292
f 513/513 512/512 498/498
f 513/513 498/498 499/499
f 985/985 867/867 1046/1046
f 985/985 1046/1046 1060/1060
f 600/600 601/601 196/196
f 196/196 599/599 600/600
f 286/286 379/379 381/381
f 286/286 381/381 288/288
f 1014/1014 905/905 841/841
f 1014/1014 841/841 1010/1010
f 85/85 86/86 95/95
f 85/85 95/95 94/94
f 293/293 565/565 570/570
f 293/293 570/570 300/300
f 344/344 336/336 334/334
f 344/344 334/334 343/343
f 278/278 435/435 335/335
f 278/278 335/335 34/34
f 18/18 22/22 23/23
f 18/18 23/23 19/19
f 365/365 373/373 374/374
f 365/365 374/374 366/366
f 421/421 427/427 424/424
f 421/421 424/424 420/420
f 317/317 316/316 310/310
f 317/317 310/310 311/311
f 227/227 226/226 255/255
f 227/227 255/255 257/257
f 189/189 184/184 246/246
f 189/189 246/246 247/247
f 72/72 73/73 83/83
f 72/72 83/83 82/82
f 495/495 328/328 325/325
f 495/495 325/325 429/429
f 1032/1032 1056/1056 977/977
f 1032/1032 977/977 867/867
f 543/543 506/506 166/166
f 543/543 166/166 542/542
f 182/182 178/178 199/199
f 182/182 199/199 201/201
f 214/214 270/270 266/266
f 214/214 266/266 211/211
f 764/764 694/694 766/766
f 764/764 766/766 709/709
f 418/418 541/541 540/540
f 418/418 540/540 417/417
f 794/794 645/645 872/872
f 794/794 872/872 1090/1090
f 954/954 870/870 964/964
f 954/954 964/964 970/970
f 562/562 513/513 499/499
f 562/562 499/499 561/561
f 752/752 779/779 775/775
f 752/752 775/775 634/634
f 502/502 501/501 500/500
f 502/502 500/500 413/413
f 819/819 818/818 958/958
f 819/819 958/958 959/959
f 268/268 262/262 164/164
f 268/268 164/164 224/224
f 355/355 363/363 365/365
f 355/355 365/365 357/357
f 663/663 626/626 840/840
f 663/663 840/840 903/903
f 1078/1078 1077/1077 926/926
f 1078/1078 926/926 929/929
f 258/258 598/598 599/599
f 258/258 599/599 196/196
f 6/6 10/10 11/11
f 6/6 11/11 7/7
f 50/50 49/49 44/44
f 50/50 44/44 45/45
f 710/710 768/768 684/684
f 710/710 684/684 756/756
f 511/511 562/562 561/561
f 511/511 561/561 510/510
f 782/782 790/790 1084/1084
f 782/782 1084/1084 1071/1071
f 349/349 357/357 358/358
f 349/349 358/358 350/350
f 327/327 339/339 341/341
f 327/327 341/341 330/330
f 66/66 67/67 78/78
f 66/66 78/78 77/77
f 380/380 386/386 385/385
f 380/380 385/385 379/379
f 1031/1031 863/863 976/976
f 1031/1031 976/976 1055/1055
f 48/48 49/49 54/54
f 48/48 54/54 53/53
f 55/55 54/54 49/49
f 55/55 49/49 50/50
f 92/92 93/93 104/104
f 92/92 104/104 103/103
f 360/360 352/352 351/351
f 360/360 351/351 359/359
f 749/749 676/676 921/921
f 749/749 921/921 1034/1034
f 416/416 419/419 593/593
f 416/416 593/593 592/592
f 309/309 310/310 316/316
f 309/309 316/316 315/315
f 467/467 475/475 476/476
f 467/467 476/476 468/468
f 101/101 102/102 117/117
f 101/101 117/117 116/116
f 458/458 469/469 470/470
f 458/458 470/470 459/459
f 369/369 241/241 240/240
f 369/369 240/240 361/361
f 126/126 108/108 127/127
f 126/126 127/127 135/135
f 56/56 57/57 62/62
f 56/56 62/62 61/61
f 370/370 362/362 360/360
f 370/370 360/360 368/368
f 356/356 364/364 363/363
f 356/356 363/363 355/355
f 462/462 473/473 474/474
f 462/462 474/474 465/465
f 84/84 85/85 94/94
f 84/84 94/94 93/93
f 299/299 298/298 289/289
f 299/299 289/289 291/291
f 159/159 160/160 51/51
f 159/159 51/51 56/56
f 526/526 527/527 597/597
f 526/526 597/597 596/596
f 269/269 185/185 167/167
f 269/269 167/167 265/265
f 11/11 15/15 16/16
f 11/11 16/16 12/12
f 73/73 74/74 84/84
f 73/73 84/84 83/83
f 180/180 201/201 199/199
f 180/180 199/199 171/171
f 511/511 551/551 548/548
f 511/511 548/548 562/562
f 303/303 304/304 310/310
f 303/303 310/310 309/309
f 687/687 720/720 987/987
f 687/687 987/987 939/939
f 548/548 553/553 513/513
f 548/548 513/513 562/562
f 494/494 340/340 328/328
f 494/494 328/328 495/495
f 790/790 721/721 989/989
f 790/790 989/989 1084/1084
f 475/475 481/481 482/482
f 475/475 482/482 476/476
f 134/134 135/135 144/144
f 134/134 144/144 143/143
f 75/75 76/76 86/86
f 75/75 86/86 85/85
f 122/122 123/123 134/134
f 122/122 134/134 133/133
f 747/747 640/640 864/864
f 747/747 864/864 1030/1030
f 132/132 133/133 142/142
f 132/132 142/142 141/141
f 60/60 59/59 54/54
f 60/60 54/54 55/55
f 311/311 310/310 304/304
f 311/311 304/304 305/305
f 375/375 376/376 368/368
f 375/375 368/368 367/367
f 362/362 353/353 352/352
f 362/362 352/352 360/360
f 473/473 479/479 480/480
f 473/473 480/480 474/474
f 447/447 453/453 392/392
f 447/447 392/392 386/386
f 12/12 16/16 17/17
f 12/12 17/17 13/13
f 88/88 78/78 89/89
f 88/88 89/89 206/206
f 364/364 372/372 371/371
f 364/364 371/371 363/363
f 492/492 356/356 348/348
f 492/492 348/348 493/493
f 248/248 247/247 275/275
f 248/248 275/275 277/277
f 57/57 58/58 63/63
f 57/57 63/63 62/62
f 477/477 483/483 421/421
f 477/477 421/421 409/409
f 756/756 684/684 933/933
f 756/756 933/933 1042/1042
f 346/346 338/338 336/336
f 346/346 336/336 344/344
f 420/420 424/424 423/423
f 420/420 423/423 422/422
f 577/577 568/568 294/294
f 577/577 294/294 384/384
f 65/65 60/60 241/241
f 65/65 241/241 242/242
f 412/412 415/415 414/414
f 412/412 414/414 411/411
f 219/219 218/218 17/17
f 219/219 17/17 21/21
f 296/296 297/297 303/303
f 296/296 303/303 302/302
f 963/963 870/870 954/954
f 963/963 954/954 969/969
f 257/257 581/581 587/587
f 257/257 587/587 586/586
f 539/539 280/280 587/587
f 539/539 587/587 588/588
f 740/740 784/784 1075/1075
f 740/740 1075/1075 1019/1019
f 173/173 544/544 538/538
f 173/173 538/538 581/581
f 351/351 343/343 342/342
f 351/351 342/342 350/350
f 79/79 89/89 68/68
f 79/79 68/68 69/69
f 285/285 287/287 297/297
f 285/285 297/297 296/296
f 434/434 276/276 582/582
f 434/434 582/582 547/547
f 643/643 696/696 707/707
f 643/643 707/707 703/703
f 286/286 288/288 287/287
f 286/286 287/287 285/285
f 195/195 182/182 602/602
f 195/195 602/602 601/601
f 480/480 486/486 487/487
f 480/480 487/487 481/481
f 607/607 649/649 727/727
f 607/607 727/727 724/724
f 1053/1053 973/973 1050/1050
f 1053/1053 1050/1050 949/949
f 559/559 564/564 520/520
f 559/559 520/520 545/545
f 181/181 175/175 193/193
f 181/181 193/193 195/195
f 744/744 678/678 679/679
f 744/744 679/679 751/751
f 273/273 254/254 165/165
f 273/273 165/165 507/507
f 899/899 846/846 907/907
f 899/899 907/907 913/913
f 532/532 419/419 531/531
f 532/532 531/531 528/528
f 148/148 149/149 160/160
f 148/148 160/160 159/159
f 705/705 647/647 875/875
f 705/705 875/875 966/966
f 590/590 591/591 406/406
f 406/406 589/589 590/590
f 220/220 219/219 21/21
f 220/220 21/21 25/25
f 6/6 1/1 66/66
f 6/6 66/66 76/76
f 165/165 254/254 253/253
f 165/165 253/253 99/99
f 679/679 785/785 786/786
f 679/679 786/786 681/681
f 556/556 554/554 514/514
f 556/556 514/514 515/515
f 223/223 98/98 79/79
f 223/223 79/79 80/80
f 1038/1038 1036/1036 830/830
f 1038/1038 830/830 855/855
f 505/505 560/560 564/564
f 505/505 564/564 504/504
f 228/228 269/269 265/265
f 228/228 265/265 210/210
f 815/815 809/809 996/996
f 815/815 996/996 998/998
f 336/336 338/338 34/34
f 336/336 34/34 335/335
f 93/93 94/94 105/105
f 93/93 105/105 104/104
f 293/293 300/300 299/299
f 293/293 299/299 291/291
f 10/10 14/14 15/15
f 10/10 15/15 11/11
f 330/330 341/341 342/342
f 330/330 342/342 332/332
f 130/130 131/131 140/140
f 130/130 140/140 139/139
f 173/173 581/581 257/257
f 173/173 257/257 255/255
f 797/797 652/652 885/885
f 797/797 885/885 1095/1095
f 718/718 774/774 762/762
f 718/718 762/762 688/688
f 491/491 364/364 356/356
f 491/491 356/356 492/492
f 51/51 52/52 57/57
f 51/51 57/57 56/56
f 354/354 239/239 238/238
f 354/354 238/238 345/345
f 444/444 450/450 451/451
f 444/444 451/451 445/445
f 236/236 248/248 277/277
f 236/236 277/277 35/35
f 541/541 279/279 274/274
f 541/541 274/274 540/540
f 326/326 327/327 330/330
f 326/326 330/330 329/329
f 685/685 711/711 975/975
f 685/685 975/975 935/935
f 36/36 37/37 42/42
f 36/36 42/42 41/41
f 559/559 545/545 174/174
f 559/559 174/174 558/558
f 131/131 132/132 141/141
f 131/131 141/141 140/140
f 416/416 407/407 536/536
f 416/416 536/536 535/535
f 71/71 72/72 82/82
f 71/71 82/82 81/81
f 486/486 492/492 493/493
f 486/486 493/493 487/487
f 232/232 231/231 217/217
f 232/232 217/217 218/218
f 693/693 763/763 769/769
f 693/693 769/769 713/713
f 217/217 216/216 9/9
f 217/217 9/9 13/13
f 487/487 493/493 494/494
f 487/487 494/494 488/488
f 461/461 472/472 473/473
f 461/461 473/473 462/462
f 640/640 757/757 1044/1044
f 640/640 1044/1044 864/864
f 58/58 59/59 64/64
f 58/58 64/64 63/63
f 452/452 458/458 459/459
f 452/452 459/459 453/453
f 446/446 452/452 453/453
f 446/446 453/453 447/447
f 920/920 907/907 846/846
f 920/920 846/846 918/918
f 472/472 478/478 479/479
f 472/472 479/479 473/473
f 619/619 698/698 708/708
f 619/619 708/708 702/702
f 135/135 127/127 136/136
f 135/135 136/136 144/144
f 237/237 236/236 35/35
f 237/237 35/35 337/337
f 684/684 747/747 1030/1030
f 684/684 1030/1030 933/933
f 52/52 53/53 58/58
f 52/52 58/58 57/57
f 230/230 5/5 216/216
f 230/230 216/216 229/229
f 22/22 26/26 27/27
f 22/22 27/27 23/23
f 38/38 39/39 44/44
f 38/38 44/44 43/43
f 230/230 229/229 566/566
f 230/230 566/566 567/567
f 307/307 438/438 439/439
f 307/307 439/439 301/301
f 403/403 409/409 408/408
f 403/403 408/408 400/400
f 300/300 570/570 571/571
f 300/300 571/571 306/306
f 204/204 128/128 110/110
f 204/204 110/110 111/111
f 442/442 448/448 449/449
f 442/442 449/449 443/443
f 279/279 541/541 596/596
f 279/279 596/596 597/597
f 678/678 744/744 1027/1027
f 678/678 1027/1027 925/925
f 40/40 222/222 236/236
f 40/40 236/236 237/237
f 449/449 455/455 456/456
f 449/449 456/456 450/450
f 529/529 530/530 552/552
f 529/529 552/552 553/553
f 141/141 142/142 150/150
f 141/141 150/150 149/149
f 438/438 444/444 445/445
f 438/438 445/445 439/439
f 483/483 489/489 427/427
f 483/483 427/427 421/421
f 22/22 18/18 73/73
f 22/22 73/73 72/72
f 427/427 429/429 428/428
f 427/427 428/428 424/424
f 258/258 245/245 274/274
f 258/258 274/274 279/279
f 212/212 215/215 200/200
f 212/212 200/200 179/179
f 751/751 679/679 681/681
f 751/751 681/681 753/753
f 409/409 421/421 420/420
f 409/409 420/420 408/408
f 493/493 348/348 340/340
f 493/493 340/340 494/494
f 109/109 107/107 96/96
f 109/109 96/96 97/97
f 445/445 451/451 452/452
f 445/445 452/452 446/446
f 420/420 422/422 412/412
f 420/420 412/412 408/408
f 147/147 148/148 159/159
f 147/147 159/159 158/158
f 333/333 335/335 435/435
f 333/333 435/435 432/432
f 100/100 579/579 390/390
f 100/100 390/390 399/399
f 539/539 540/540 274/274
f 539/539 274/274 280/280
f 959/959 958/958 810/810
f 959/959 810/810 814/814
f 33/33 156/156 157/157
f 33/33 157/157 222/222
f 368/368 360/360 359/359
f 368/368 359/359 367/367
f 375/375 367/367 366/366
f 375/375 366/366 374/374
f 82/82 83/83 92/92
f 82/82 92/92 91/91
f 137/137 205/205 138/138
f 137/137 138/138 146/146
f 301/301 302/302 308/308
f 301/301 308/308 307/307
f 10/10 6/6 76/76
f 10/10 76/76 75/75
f 658/658 733/733 1008/1008
f 658/658 1008/1008 896/896
f 866/866 1045/1045 986/986
f 866/866 986/986 1059/1059
f 488/488 494/494 495/495
f 488/488 495/495 489/489
f 26/26 22/22 72/72
f 26/26 72/72 71/71
f 234/234 235/235 575/575
f 234/234 575/575 282/282
f 315/315 316/316 322/322
f 315/315 322/322 321/321
f 345/345 238/238 237/237
f 345/345 237/237 337/337
f 436/436 442/442 443/443
f 436/436 443/443 437/437
f 18/18 14/14 74/74
f 18/18 74/74 73/73
f 1037/1037 927/927 923/923
f 1037/1037 923/923 1035/1035
f 660/660 630/630 665/665
f 660/660 665/665 669/669
f 692/692 714/714 770/770
f 692/692 770/770 764/764
f 383/383 292/292 290/290
f 383/383 290/290 382/382
f 396/396 410/410 413/413
f 396/396 413/413 500/500
f 650/650 609/609 723/723
f 650/650 723/723 724/724
f 79/79 98/98 206/206
f 79/79 206/206 89/89
f 1/1 2/2 67/67
f 1/1 67/67 66/66
f 407/407 416/416 592/592
f 407/407 592/592 591/591
f 664/664 608/608 733/733
f 664/664 733/733 737/737
f 706/706 648/648 878/878
f 706/706 878/878 968/968
f 389/389 383/383 382/382
f 389/389 382/382 388/388
f 906/906 846/846 899/899
f 906/906 899/899 912/912
f 644/644 704/704 796/796
f 644/644 796/796 793/793
f 1029/1029 860/860 1064/1064
f 1029/1029 1064/1064 1070/1070
f 748/748 686/686 719/719
f 748/748 719/719 774/774
f 730/730 654/654 888/888
f 730/730 888/888 1003/1003
f 554/554 537/537 518/518
f 554/554 518/518 560/560
f 510/510 561/561 546/546
f 510/510 546/546 547/547
f 474/474 480/480 481/481
f 474/474 481/481 475/475
f 661/661 623/623 831/831
f 661/661 831/831 901/901
f 1013/1013 1010/1010 841/841
f 1013/1013 841/841 902/902
f 613/613 700/700 707/707
f 613/613 707/707 696/696
f 77/77 78/78 88/88
f 77/77 88/88 87/87
f 232/232 233/233 574/574
f 232/232 574/574 572/572
f 479/479 485/485 486/486
f 479/479 486/486 480/480
f 733/733 608/608 808/808
f 733/733 808/808 1008/1008
f 806/806 880/880 995/995
f 806/806 995/995 994/994
f 142/142 143/143 151/151
f 142/142 151/151 150/150
f 709/709 639/639 861/861
f 709/709 861/861 971/971
f 930/930 1039/1039 941/941
f 930/930 941/941 1047/1047
f 529/529 553/553 548/548
f 548/548 550/550 529/529
f 3/3 4/4 69/69
f 3/3 69/69 68/68
f 201/201 180/180 584/584
f 201/201 584/584 603/603
f 635/635 776/776 781/781
f 635/635 781/781 745/745
f 880/880 892/892 999/999
f 880/880 999/999 995/995
f 728/728 732/732 649/649
f 728/728 649/649 607/607
f 139/139 140/140 148/148
f 139/139 148/148 147/147
f 37/37 38/38 43/43
f 37/37 43/43 42/42
f 312/312 573/573 281/281
f 312/312 281/281 318/318
f 292/292 291/291 289/289
f 292/292 289/289 290/290
f 238/238 45/45 40/40
f 238/238 40/40 237/237
f 725/725 611/611 612/612
f 725/725 612/612 726/726
f 527/527 252/252 598/598
f 527/527 598/598 597/597
f 713/713 769/769 748/748
f 713/713 748/748 642/642
f 594/594 595/595 418/418
f 418/418 593/593 594/594
f 954/954 819/819 959/959
f 954/954 959/959 969/969
f 644/644 793/793 795/795
f 644/644 795/795 703/703
f 478/478 484/484 485/485
f 478/478 485/485 479/479
f 105/105 106/106 125/125
f 105/105 125/125 124/124
f 203/203 197/197 113/113
f 203/203 113/113 112/112
f 144/144 136/136 145/145
f 144/144 145/145 152/152
f 136/136 137/137 146/146
f 136/136 146/146 145/145
f 352/352 344/344 343/343
f 352/352 343/343 351/351
f 412/412 411/411 400/400
f 412/412 400/400 408/408
f 158/158 159/159 56/56
f 158/158 56/56 61/61
f 239/239 50/50 45/45
f 239/239 45/45 238/238
f 749/749 620/620 621/621
f 749/749 621/621 743/743
f 457/457 466/466 469/469
f 457/457 469/469 458/458
f 151/151 152/152 163/163
f 151/151 163/163 162/162
f 234/234 233/233 219/219
f 234/234 219/219 220/220
f 318/318 281/281 576/576
f 318/318 576/576 324/324
f 399/399 390/390 389/389
f 399/399 389/389 397/397
f 259/259 202/202 585/585
f 259/259 585/585 586/586
f 666/666 630/630 660/660
f 666/666 660/660 670/670
f 620/620 749/749 1034/1034
f 620/620 1034/1034 828/828
f 312/312 311/311 305/305
f 312/312 305/305 306/306
f 118/118 120/120 132/132
f 118/118 132/132 131/131
f 247/247 246/246 583/583
f 247/247 583/583 275/275
f 680/680 777/777 779/779
f 680/680 779/779 752/752
f 522/522 524/524 551/551
f 551/551 209/209 522/522
f 634/634 775/775 1063/1063
f 634/634 1063/1063 853/853
f 630/630 666/666 675/675
f 630/630 675/675 673/673
f 772/772 717/717 760/760
f 772/772 760/760 690/690
f 504/504 496/496 497/497
f 504/504 497/497 505/505
f 155/155 154/154 146/146
f 155/155 146/146 138/138
f 616/616 701/701 961/961
f 616/616 961/961 820/820
f 1077/1077 1076/1076 924/924
f 1077/1077 924/924 926/926
f 712/712 640/640 747/747
f 712/712 747/747 768/768
f 227/227 257/257 586/586
f 227/227 586/586 585/585
f 1089/1089 876/876 967/967
f 1089/1089 967/967 1093/1093
f 401/401 394/394 395/395
f 401/401 395/395 402/402
f 222/222 157/157 248/248
f 222/222 248/248 236/236
f 363/363 371/371 373/373
f 363/363 373/373 365/365
f 648/648 794/794 1090/1090
f 648/648 1090/1090 878/878
f 949/949 1051/1051 972/972
f 949/949 972/972 1053/1053
f 7/7 11/11 12/12
f 7/7 12/12 8/8
f 406/406 417/417 540/540
f 406/406 540/540 539/539
f 552/552 555/555 516/516
f 552/552 516/516 512/512
f 307/307 308/308 314/314
f 307/307 314/314 313/313
f 261/261 273/273 507/507
f 261/261 507/507 557/557
f 426/426 431/431 546/546
f 426/426 546/546 425/425
f 228/228 210/210 176/176
f 228/228 176/176 186/186
f 202/202 259/259 245/245
f 202/202 245/245 183/183
f 404/404 407/407 591/591
f 404/404 591/591 590/590
f 716/716 687/687 939/939
f 716/716 939/939 982/982
f 556/556 533/533 537/537
f 556/556 537/537 554/554
f 76/76 66/66 77/77
f 76/76 77/77 86/86
f 1054/1054 974/974 1052/1052
f 1054/1054 1052/1052 948/948
f 702/702 708/708 697/697
f 702/702 697/697 615/615
f 717/717 641/641 865/865
f 717/717 865/865 984/984
f 699/699 614/614 615/615
f 699/699 615/615 700/700
f 678/678 784/784 785/785
f 678/678 785/785 679/679
f 609/609 604/604 723/723
f 388/388 387/387 393/393
f 388/388 393/393 398/398
f 607/607 606/606 725/725
f 725/725 726/726 607/607
f 1004/1004 1007/1007 879/879
f 1004/1004 879/879 890/890
f 720/720 691/691 945/945
f 720/720 945/945 987/987
f 430/430 329/329 331/331
f 430/430 331/331 433/433
f 696/696 643/643 869/869
f 696/696 869/869 952/952
f 781/781 746/746 690/690
f 781/781 690/690 682/682
f 672/672 629/629 665/665
f 665/665 674/674 672/672
f 697/697 644/644 703/703
f 697/697 703/703 707/707
f 532/532 563/563 595/595
f 532/532 595/595 594/594
f 559/559 558/558 506/506
f 559/559 506/506 543/543
f 2/2 3/3 68/68
f 2/2 68/68 67/67
f 744/744 751/751 621/621
f 744/744 621/621 620/620
f 1065/1065 1070/1070 1028/1028
f 1065/1065 1028/1028 927/927
f 743/743 745/745 680/680
f 743/743 680/680 677/677
f 761/761 688/688 638/638
f 638/638 755/755 761/761
f 606/606 723/723 993/993
f 606/606 993/993 803/803
f 744/744 620/620 828/828
f 744/744 828/828 1027/1027
f 695/695 765/765 713/713
f 695/695 713/713 771/771
f 792/792 643/643 703/703
f 703/703 795/795 792/792
f 793/793 647/647 705/705
f 793/793 705/705 795/795
f 724/724 727/727 650/650
f 745/745 781/781 777/777
f 745/745 777/777 680/680
f 607/607 726/726 728/728
f 656/656 650/650 727/727
f 727/727 731/731 656/656
f 849/849 909/909 919/919
f 849/849 919/919 917/917
f 732/732 730/730 655/655
f 732/732 655/655 649/649
f 655/655 652/652 797/797
f 405/405 404/404 590/590
f 405/405 590/590 589/589
f 654/654 730/730 732/732
f 196/196 183/183 245/245
f 196/196 245/245 258/258
f 670/670 658/658 628/628
f 628/628 666/666 670/670
f 270/270 192/192 169/169
f 270/270 169/169 266/266
f 254/254 224/224 223/223
f 254/254 223/223 253/253
f 649/649 655/655 797/797
f 649/649 797/797 731/731
f 671/671 675/675 666/666
f 666/666 628/628 671/671
f 669/669 665/665 629/629
f 629/629 659/659 669/669
f 954/954 970/970 962/962
f 954/954 962/962 819/819
f 1022/1022 1018/1018 1078/1078
f 1022/1022 1078/1078 1080/1080
f 264/264 272/272 260/260
f 264/264 260/260 208/208
f 1010/1010 899/899 913/913
f 1010/1010 913/913 1014/1014
f 835/835 834/834 1085/1085
f 835/835 1085/1085 1081/1081
f 260/260 228/228 186/186
f 260/260 186/186 251/251
f 750/750 752/752 634/634
f 750/750 634/634 618/618
f 505/505 497/497 501/501
f 505/505 501/501 514/514
f 1000/1000 1007/1007 889/889
f 1000/1000 889/889 893/893
f 532/532 528/528 549/549
f 532/532 549/549 563/563
f 918/918 851/851 911/911
f 918/918 911/911 920/920
f 605/605 608/608 664/664
f 605/605 664/664 663/663
f 1081/1081 1085/1085 1020/1020
f 1081/1081 1020/1020 1015/1015
f 89/89 78/78 67/67
f 89/89 67/67 68/68
f 690/690 719/719 772/772
f 1082/1082 857/857 1081/1081
f 1082/1082 1081/1081 1015/1015
f 719/719 690/690 746/746
f 719/719 746/746 762/762
f 912/912 899/899 1010/1010
f 912/912 1010/1010 1013/1013
f 481/481 487/487 488/488
f 481/481 488/488 482/482
f 1056/1056 980/980 1051/1051
f 1056/1056 1051/1051 949/949
f 765/765 693/693 713/713
f 499/499 425/425 546/546
f 499/499 546/546 561/561
f 297/297 298/298 304/304
f 297/297 304/304 303/303
f 636/636 789/789 738/738
f 636/636 738/738 788/788
f 622/622 791/791 1086/1086
f 622/622 1086/1086 832/832
f 83/83 84/84 93/93
f 83/83 93/93 92/92
f 621/621 751/751 753/753
f 621/621 753/753 635/635
f 794/794 796/796 704/704
f 704/704 645/645 794/794
f 1049/1049 1061/1061 985/985
f 1049/1049 985/985 940/940
f 661/661 662/662 624/624
f 661/661 624/624 623/623
f 1049/1049 943/943 1059/1059
f 1049/1049 1059/1059 986/986
f 709/709 692/692 764/764
f 767/767 712/712 693/693
f 862/862 1041/1041 973/973
f 862/862 973/973 1053/1053
f 404/404 517/517 536/536
f 404/404 536/536 407/407
f 271/271 262/262 207/207
f 271/271 207/207 215/215
f 631/631 671/671 915/915
f 631/631 915/915 848/848
f 771/771 713/713 642/642
f 1047/1047 943/943 1029/1029
f 1047/1047 1029/1029 930/930
f 719/719 686/686 758/758
f 917/917 919/919 906/906
f 917/917 906/906 844/844
f 944/944 931/931 1040/1040
f 944/944 1040/1040 1048/1048
f 722/722 681/681 786/786
f 786/786 787/787 722/722
f 714/714 641/641 758/758
f 714/714 758/758 770/770
f 754/754 682/682 760/760
f 754/754 760/760 689/689
f 726/726 612/612 651/651
f 731/731 727/727 649/649
f 731/731 729/729 653/653
f 653/653 656/656 731/731
f 730/730 652/652 655/655
f 659/659 735/735 736/736
f 736/736 669/669 659/659
f 670/670 660/660 734/734
f 670/670 734/734 737/737
f 737/737 733/733 658/658
f 658/658 670/670 737/737
f 694/694 715/715 769/769
f 694/694 769/769 763/763
f 789/789 783/783 738/738
f 497/497 496/496 397/397
f 497/497 397/397 398/398
f 181/181 188/188 187/187
f 181/181 187/187 175/175
f 515/515 514/514 501/501
f 515/515 501/501 502/502
f 677/677 680/680 752/752
f 677/677 752/752 750/750
f 287/287 289/289 298/298
f 287/287 298/298 297/297
f 181/181 195/195 601/601
f 181/181 601/601 600/600
f 778/778 780/780 753/753
f 753/753 681/681 778/778
f 682/682 690/690 760/760
f 755/755 683/683 691/691
f 761/761 755/755 691/691
f 761/761 691/691 720/720
f 240/240 55/55 50/50
f 240/240 50/50 239/239
f 651/651 657/657 728/728
f 651/651 728/728 726/726
f 547/547 582/582 508/508
f 547/547 508/508 510/510
f 188/188 181/181 600/600
f 188/188 600/600 599/599
f 639/639 709/709 766/766
f 647/647 706/706 968/968
f 647/647 968/968 875/875
f 717/717 689/689 760/760
f 688/688 761/761 773/773
f 773/773 718/718 688/688
f 762/762 774/774 719/719
f 538/538 405/405 589/589
f 538/538 589/589 588/588
f 784/784 740/740 738/738
f 784/784 738/738 785/785
f 771/771 716/716 695/695
f 694/694 710/710 766/766
f 765/765 695/695 711/711
f 768/768 747/747 684/684
f 163/163 153/153 30/30
f 163/163 30/30 36/36
f 659/659 629/629 845/845
f 659/659 845/845 897/897
f 641/641 717/717 772/772
f 718/718 773/773 759/759
f 759/759 642/642 718/718
f 213/213 225/225 170/170
f 213/213 170/170 207/207
f 637/637 775/775 779/779
f 1007/1007 1000/1000 804/804
f 1007/1007 804/804 879/879
f 682/682 777/777 781/781
f 754/754 779/779 777/777
f 777/777 682/682 754/754
f 780/780 778/778 683/683
f 683/683 755/755 780/780
f 611/611 725/725 997/997
f 611/611 997/997 811/811
f 283/283 380/380 379/379
f 283/283 379/379 286/286
f 631/631 668/668 675/675
f 631/631 675/675 671/671
f 741/741 787/787 786/786
f 786/786 739/739 741/741
f 720/720 687/687 773/773
f 720/720 773/773 761/761
f 788/788 625/625 636/636
f 721/721 790/790 789/789
f 789/789 636/636 721/721
f 648/648 706/706 796/796
f 648/648 796/796 794/794
f 676/676 742/742 1023/1023
f 676/676 1023/1023 921/921
f 514/514 554/554 560/560
f 514/514 560/560 505/505
f 914/914 842/842 907/907
f 914/914 907/907 920/920
f 994/994 801/801 806/806
f 641/641 714/714 979/979
f 641/641 979/979 865/865
f 996/996 802/802 804/804
f 804/804 998/998 996/996
f 423/423 426/426 425/425
f 423/423 425/425 422/422
f 1092/1092 1089/1089 870/870
f 1092/1092 870/870 963/963
f 667/667 633/633 852/852
f 667/667 852/852 908/908
f 715/715 694/694 764/764
f 715/715 764/764 770/770
f 1093/1093 964/964 870/870
f 1093/1093 870/870 1089/1089
f 970/970 964/964 871/871
f 970/970 871/871 955/955
f 902/902 836/836 1012/1012
f 1012/1012 1013/1013 902/902
f 927/927 1028/1028 1025/1025
f 927/927 1025/1025 923/923
f 795/795 705/705 646/646
f 795/795 646/646 792/792
f 429/429 325/325 326/326
f 429/429 326/326 428/428
f 983/983 1059/1059 943/943
f 983/983 943/943 1047/1047
f 192/192 191/191 114/114
f 192/192 114/114 169/169
f 305/305 304/304 298/298
f 305/305 298/298 299/299
f 1039/1039 858/858 941/941
f 252/252 188/188 599/599
f 252/252 599/599 598/598
f 999/999 879/879 804/804
f 999/999 804/804 995/995
f 739/739 738/738 1016/1016
f 739/739 1016/1016 1017/1017
f 905/905 807/807 798/798
f 905/905 798/798 904/904
f 261/261 256/256 225/225
f 261/261 225/225 213/213
f 963/963 868/868 1088/1088
f 1088/1088 1092/1092 963/963
f 553/553 552/552 512/512
f 553/553 512/512 513/513
f 920/920 911/911 847/847
f 920/920 847/847 914/914
f 633/633 668/668 910/910
f 633/633 910/910 852/852
f 1000/1000 998/998 804/804
f 892/892 1006/1006 999/999
f 698/698 619/619 824/824
f 698/698 824/824 956/956
f 826/826 1035/1035 1024/1024
f 826/826 1024/1024 822/822
f 1094/1094 884/884 890/890
f 1007/1007 1004/1004 889/889
f 157/157 189/189 247/247
f 157/157 247/247 248/248
f 842/842 895/895 913/913
f 913/913 907/907 842/842
f 244/244 80/80 70/70
f 244/244 70/70 243/243
f 776/776 638/638 746/746
f 776/776 746/746 781/781
f 706/706 647/647 793/793
f 706/706 793/793 796/796
f 1015/1015 1020/1020 1076/1076
f 1015/1015 1076/1076 1077/1077
f 1064/1064 860/860 1040/1040
f 1064/1064 1040/1040 1069/1069
f 844/844 906/906 912/912
f 912/912 898/898 844/844
f 284/284 441/441 380/380
f 284/284 380/380 283/283
f 673/673 633/633 667/667
f 673/673 667/667 674/674
f 551/551 524/524 550/550
f 551/551 550/550 548/548
f 603/603 202/202 183/183
f 603/603 183/183 602/602
f 628/628 658/658 896/896
f 628/628 896/896 843/843
f 267/267 168/168 198/198
f 267/267 198/198 271/271
f 785/785 738/738 739/739
f 785/785 739/739 786/786
f 940/940 985/985 1060/1060
f 940/940 1060/1060 1048/1048
f 943/943 1049/1049 1029/1029
f 936/936 974/974 1054/1054
f 704/704 644/644 697/697
f 704/704 697/697 708/708
f 252/252 527/527 523/523
f 252/252 523/523 250/250
f 164/164 198/198 197/197
f 164/164 197/197 98/98
f 986/986 937/937 1032/1032
f 986/986 1032/1032 1061/1061
f 153/153 154/154 31/31
f 153/153 31/31 30/30
f 1006/1006 892/892 887/887
f 1006/1006 887/887 1002/1002
f 1057/1057 978/978 947/947
f 168/168 113/113 197/197
f 168/168 197/197 198/198
f 262/262 268/268 213/213
f 262/262 213/213 207/207
f 621/621 635/635 745/745
f 621/621 745/745 743/743
f 489/489 495/495 429/429
f 489/489 429/429 427/427
f 616/616 619/619 702/702
f 616/616 702/702 701/701
f 19/19 23/23 24/24
f 19/19 24/24 20/20
f 388/388 382/382 381/381
f 388/388 381/381 387/387
f 964/964 1093/1093 1091/1091
f 1091/1091 871/871 964/964
f 643/643 792/792 1087/1087
f 643/643 1087/1087 869/869
f 243/243 70/70 5/5
f 243/243 5/5 230/230
f 1051/1051 947/947 972/972
f 948/948 976/976 1054/1054
f 288/288 381/381 382/382
f 288/288 382/382 290/290
f 74/74 75/75 85/85
f 74/74 85/85 84/84
f 674/674 667/667 632/632
f 674/674 632/632 672/672
f 867/867 977/977 1058/1058
f 30/30 31/31 37/37
f 30/30 37/37 36/36
f 969/969 953/953 868/868
f 969/969 868/868 963/963
f 1045/1045 937/937 986/986
f 779/779 754/754 689/689
f 779/779 689/689 637/637
f 180/180 227/227 585/585
f 180/180 585/585 584/584
f 1078/1078 929/929 992/992
f 992/992 1080/1080 1078/1078
f 656/656 653/653 886/886
f 656/656 886/886 891/891
f 593/593 418/418 417/417
f 593/593 417/417 592/592
f 882/882 815/815 998/998
f 879/879 999/999 1006/1006
f 791/791 622/622 625/625
f 791/791 625/625 788/788
f 890/890 884/884 1004/1004
f 1013/1013 1012/1012 898/898
f 898/898 912/912 1013/1013
f 758/758 641/641 772/772
f 758/758 772/772 719/719
f 895/895 1009/1009 1014/1014
f 1014/1014 913/913 895/895
f 404/404 405/405 519/519
f 404/404 519/519 517/517
f 1015/1015 1073/1073 1082/1082
f 951/951 981/981 1058/1058
f 951/951 1058/1058 1052/1052
f 668/668 633/633 673/673
f 668/668 673/673 675/675
f 8/8 12/12 13/13
f 8/8 13/13 9/9
f 645/645 704/704 708/708
f 645/645 708/708 698/698
f 1038/1038 1069/1069 1066/1066
f 1066/1066 929/929 1038/1038
f 1039/1039 930/930 1070/1070
f 1039/1039 1070/1070 1065/1065
f 691/691 683/683 932/932
f 691/691 932/932 945/945
f 735/735 659/659 897/897
f 735/735 897/897 1011/1011
f 526/526 525/525 523/523
f 526/526 523/523 527/527
f 635/635 753/753 780/780
f 635/635 780/780 776/776
f 1053/1053 972/972 862/862
f 976/976 863/863 1043/1043
f 1047/1047 941/941 983/983
f 986/986 1061/1061 1049/1049
f 973/973 1055/1055 1050/1050
f 723/723 604/604 800/800
f 723/723 800/800 993/993
f 890/890 879/879 1006/1006
f 890/890 1006/1006 1094/1094
f 980/980 1057/1057 947/947
f 980/980 947/947 1051/1051
f 974/974 951/951 1052/1052
f 934/934 1031/1031 1055/1055
f 949/949 1050/1050 1056/1056
f 642/642 748/748 774/774
f 642/642 774/774 718/718
f 981/981 938/938 1046/1046
f 1059/1059 983/983 866/866
f 775/775 637/637 859/859
f 775/775 859/859 1063/1063
f 980/980 937/937 1045/1045
f 980/980 1045/1045 1057/1057
f 1068/1068 1062/1062 858/858
f 167/167 129/129 191/191
f 167/167 191/191 192/192
f 1061/1061 1032/1032 867/867
f 1061/1061 867/867 985/985
f 1045/1045 866/866 978/978
f 1045/1045 978/978 1057/1057
f 930/930 1029/1029 1070/1070
f 931/931 1066/1066 1069/1069
f 1069/1069 1040/1040 931/931
f 419/419 532/532 594/594
f 419/419 594/594 593/593
f 1048/1048 1040/1040 860/860
f 1048/1048 860/860 940/940
f 1077/1077 1078/1078 1018/1018
f 1018/1018 1015/1015 1077/1077
f 873/873 965/965 1092/1092
f 873/873 1092/1092 1088/1088
f 729/729 731/731 1005/1005
f 729/729 1005/1005 1001/1001
f 857/857 835/835 1081/1081
f 1082/1082 1083/1083 990/990
f 990/990 857/857 1082/1082
f 1093/1093 967/967 877/877
f 1093/1093 877/877 1091/1091
f 253/253 223/223 80/80
f 253/253 80/80 244/244
f 676/676 677/677 750/750
f 676/676 750/750 742/742
f 687/687 716/716 759/759
f 687/687 759/759 773/773
f 969/969 959/959 814/814
f 969/969 814/814 953/953
f 672/672 632/632 850/850
f 672/672 850/850 916/916
f 711/711 767/767 693/693
f 711/711 693/693 765/765
f 893/893 882/882 998/998
f 893/893 998/998 1000/1000
f 541/541 418/418 595/595
f 541/541 595/595 596/596
f 645/645 698/698 956/956
f 645/645 956/956 872/872
f 699/699 610/610 812/812
f 699/699 812/812 957/957
f 1011/1011 838/838 624/624
f 624/624 735/735 1011/1011
f 916/916 845/845 629/629
f 629/629 672/672 916/916
f 784/784 678/678 925/925
f 784/784 925/925 1075/1075
f 722/722 787/787 1079/1079
f 722/722 1079/1079 991/991
f 758/758 686/686 715/715
f 758/758 715/715 770/770
f 742/742 750/750 618/618
f 742/742 618/618 617/617
f 539/539 588/588 589/589
f 539/539 589/589 406/406
f 397/397 389/389 388/388
f 397/397 388/388 398/398
f 891/891 881/881 650/650
f 650/650 656/656 891/891
f 662/662 736/736 735/735
f 662/662 735/735 624/624
f 564/564 559/559 543/543
f 564/564 543/543 504/504
f 284/284 285/285 296/296
f 284/284 296/296 295/295
f 167/167 185/185 184/184
f 167/167 184/184 129/129
f 830/830 1036/1036 1026/1026
f 830/830 1026/1026 829/829
f 498/498 503/503 414/414
f 498/498 414/414 415/415
f 626/626 661/661 901/901
f 626/626 901/901 840/840
f 1/1 6/6 7/7
f 1/1 7/7 2/2
f 843/843 915/915 671/671
f 671/671 628/628 843/843
f 732/732 728/728 657/657
f 732/732 657/657 654/654
f 1048/1048 1060/1060 988/988
f 1048/1048 988/988 944/944
f 630/630 673/673 674/674
f 630/630 674/674 665/665
f 1060/1060 1046/1046 938/938
f 1060/1060 938/938 988/988
f 613/613 696/696 952/952
f 613/613 952/952 813/813
f 848/848 910/910 668/668
f 668/668 631/631 848/848
f 652/652 730/730 1003/1003
f 652/652 1003/1003 885/885
f 328/328 340/340 339/339
f 328/328 339/339 327/327
f 742/742 617/617 823/823
f 742/742 823/823 1023/1023
f 484/484 490/490 491/491
f 484/484 491/491 485/485
f 65/65 64/64 59/59
f 65/65 59/59 60/60
f 637/637 689/689 942/942
f 637/637 942/942 859/859
f 789/789 790/790 782/782
f 789/789 782/782 783/783
f 710/710 694/694 763/763
f 710/710 763/763 768/768
f 701/701 614/614 817/817
f 701/701 817/817 961/961
f 542/542 399/399 397/397
f 542/542 397/397 496/496
f 1065/1065 1068/1068 858/858
f 1065/1065 858/858 1039/1039
f 1058/1058 981/981 1046/1046
f 1058/1058 1046/1046 867/867
f 497/497 398/398 500/500
f 497/497 500/500 501/501
f 995/995 804/804 802/802
f 995/995 802/802 994/994
f 654/654 657/657 894/894
f 654/654 894/894 888/888
f 854/854 1037/1037 1035/1035
f 854/854 1035/1035 826/826
f 836/836 902/902 900/900
f 836/836 900/900 833/833
f 1072/1072 1083/1083 1082/1082
f 1072/1072 1082/1082 1073/1073
f 499/499 498/498 415/415
f 499/499 415/415 425/425
f 164/164 98/98 223/223
f 164/164 223/223 224/224
f 1035/1035 923/923 922/922
f 1035/1035 922/922 1024/1024
f 1009/1009 807/807 905/905
f 1009/1009 905/905 1014/1014
f 632/632 667/667 908/908
f 632/632 908/908 850/850
f 693/693 712/712 768/768
f 693/693 768/768 763/763
f 769/769 715/715 686/686
f 769/769 686/686 748/748
f 926/926 924/924 1026/1026
f 926/926 1026/1026 1036/1036
f 627/627 664/664 737/737
f 627/627 737/737 734/734
f 1074/1074 1016/1016 738/738
f 738/738 783/783 1074/1074
f 1054/1054 976/976 1043/1043
f 1054/1054 1043/1043 936/936
f 512/512 516/516 503/503
f 512/512 503/503 498/498
f 783/783 782/782 1071/1071
f 783/783 1071/1071 1074/1074
f 928/928 1067/1067 778/778
f 778/778 681/681 928/928
f 681/681 722/722 991/991
f 681/681 991/991 928/928
f 331/331 333/333 432/432
f 331/331 432/432 433/433
f 70/70 69/69 4/4
f 70/70 4/4 5/5
f 601/601 602/602 183/183
f 601/601 183/183 196/196
f 431/431 434/434 547/547
f 431/431 547/547 546/546
f 692/692 709/709 971/971
f 692/692 971/971 946/946
f 1052/1052 1058/1058 977/977
f 1052/1052 977/977 948/948
f 725/725 606/606 803/803
f 725/725 803/803 997/997
f 1067/1067 932/932 683/683
f 683/683 778/778 1067/1067
f 530/530 534/534 555/555
f 530/530 555/555 552/552
f 405/405 538/538 544/544
f 405/405 544/544 519/519
f 1017/1017 1021/1021 741/741
f 741/741 739/739 1017/1017
f 909/909 851/851 918/918
f 909/909 918/918 919/919
f 1068/1068 1065/1065 927/927
f 1068/1068 927/927 1037/1037
f 837/837 856/856 636/636
f 636/636 625/625 837/837
f 15/15 19/19 20/20
f 15/15 20/20 16/16
f 905/905 904/904 839/839
f 905/905 839/839 841/841
f 261/261 557/557 172/172
f 261/261 172/172 256/256
f 180/180 171/171 226/226
f 180/180 226/226 227/227
f 1062/1062 1068/1068 1037/1037
f 1062/1062 1037/1037 854/854
f 700/700 615/615 697/697
f 700/700 697/697 707/707
f 685/685 757/757 767/767
f 685/685 767/767 711/711
f 639/639 756/756 1042/1042
f 639/639 1042/1042 861/861
f 115/115 130/130 1096/1096
f 323/323 324/324 1098/1098
f 147/147 158/158 1100/1100
f 320/320 321/321 1102/1102
f 62/62 63/63 1104/1104
f 158/158 61/61 1106/1106
f 319/319 320/320 1108/1108
f 81/81 90/90 1110/1110
f 484/484 478/478 1112/1112
f 28/28 27/27 1114/1114
f 71/71 81/81 1116/1116
f 242/242 378/378 1118/1118
f 376/376 375/375 1120/1120
f 575/575 235/235 1122/1122
f 101/101 116/116 1124/1124
f 448/448 442/442 1126/1126
f 26/26 71/71 1128/1128
f 372/372 490/490 1130/1130
f 460/460 454/454 1132/1132
f 436/436 319/319 1134/1134
f 454/454 448/448 1136/1136
f 130/130 139/139 1138/1138
f 442/442 436/436 1140/1140
f 373/373 371/371 1142/1142
f 322/322 323/323 1144/1144
f 472/472 461/461 1146/1146
f 490/490 484/484 1148/1148
f 235/235 221/221 1150/1150
f 29/29 28/28 1152/1152
f 371/371 372/372 1154/1154
f 64/64 65/65 1156/1156
f 321/321 322/322 1158/1158
f 65/65 242/242 1160/1160
f 63/63 64/64 1162/1162
f 27/27 26/26 1164/1164
f 375/375 374/374 1166/1166
f 61/61 62/62 1168/1168
f 90/90 101/101 1170/1170
f 324/324 576/576 1172/1172
f 478/478 472/472 1174/1174
f 374/374 373/373 1176/1176
f 139/139 147/147 1178/1178
f 221/221 29/29 1180/1180
f 377/377 376/376 1182/1182
f 1096/1096 1097/1097 115/115
f 1098/1098 1099/1099 323/323
f 1100/1100 1101/1101 147/147
f 1102/1102 1103/1103 320/320
f 1104/1104 1105/1105 62/62
f 1106/1106 1107/1107 158/158
f 1108/1108 1109/1109 319/319
f 1110/1110 1111/1111 81/81
f 1112/1112 1113/1113 484/484
f 1114/1114 1115/1115 28/28
f 1116/1116 1117/1117 71/71
f 1118/1118 1119/1119 242/242
f 1120/1120 1121/1121 376/376
f 1122/1122 1123/1123 575/575
f 1124/1124 1125/1125 101/101
f 1126/1126 1127/1127 448/448
f 1128/1128 1129/1129 26/26
f 1130/1130 1131/1131 372/372
f 1132/1132 1133/1133 460/460
f 1134/1134 1135/1135 436/436
f 1136/1136 1137/1137 454/454
f 1138/1138 1139/1139 130/130
f 1140/1140 1141/1141 442/442
f 1142/1142 1143/1143 373/373
f 1144/1144 1145/1145 322/322
f 1146/1146 1147/1147 472/472
f 1148/1148 1149/1149 490/490
f 1150/1150 1151/1151 235/235
f 1152/1152 1153/1153 29/29
f 1154/1154 1155/1155 371/371
f 1156/1156 1157/1157 64/64
f 1158/1158 1159/1159 321/321
f 1160/1160 1161/1161 65/65
f 1162/1162 1163/1163 63/63
f 1164/1164 1165/1165 27/27
f 1166/1166 1167/1167 375/375
f 1168/1168 1169/1169 61/61
f 1170/1170 1171/1171 90/90
f 1172/1172 1173/1173 324/324
f 1174/1174 1175/1175 478/478
f 1176/1176 1177/1177 374/374
f 1178/1178 1179/1179 139/139
f 1180/1180 1181/1181 221/221
f 1182/1182 1183/1183 377/377
f 130/130 1184/1184 1185/1185
f 323/323 1186/1186 1187/1187
f 158/158 1188/1188 1189/1189
f 320/320 1190/1190 1191/1191
f 62/62 1192/1192 1193/1193
f 61/61 1194/1194 1195/1195
f 319/319 1196/1196 1197/1197
f 90/90 1198/1198 1199/1199
f 484/484 1200/1200 1201/1201
f 27/27 1202/1202 1203/1203
f 81/81 1204/1204 1205/1205
f 378/378 1206/1206 1207/1207
f 376/376 1208/1208 1209/1209
f 235/235 1210/1210 1211/1211
f 116/116 1212/1212 1213/1213
f 448/448 1214/1214 1215/1215
f 71/71 1216/1216 1217/1217
f 372/372 1218/1218 1219/1219
f 460/460 1220/1220 1221/1221
f 436/436 1222/1222 1223/1223
f 454/454 1224/1224 1225/1225
f 139/139 1226/1226 1227/1227
f 442/442 1228/1228 1229/1229
f 371/371 1230/1230 1231/1231
f 322/322 1232/1232 1233/1233
f 472/472 1234/1234 1235/1235
f 490/490 1236/1236 1237/1237
f 221/221 1238/1238 1239/1239
f 28/28 1240/1240 1241/1241
f 372/372 1242/1242 1243/1243
f 65/65 1244/1244 1245/1245
f 321/321 1246/1246 1247/1247
f 242/242 1248/1248 1249/1249
f 63/63 1250/1250 1251/1251
f 26/26 1252/1252 1253/1253
f 375/375 1254/1254 1255/1255
f 61/61 1256/1256 1257/1257
f 101/101 1258/1258 1259/1259
f 324/324 1260/1260 1261/1261
f 478/478 1262/1262 1263/1263
f 373/373 1264/1264 1265/1265
f 147/147 1266/1266 1267/1267
f 29/29 1268/1268 1269/1269
f 377/377 1270/1270 1271/1271
usemtl kiwi_cut
f 1310/1310 1272/1272 1350/1350
f 1350/1350 1277/1277 1354/1354
f 1354/1354 1294/1294 1293/1293
f 1293/1293 1359/1359 1312/1312
f 1312/1312 1299/1299 1288/1288
f 1288/1288 1307/1307 1328/1328
f 1328/1328 1306/1306 1334/1334
f 1334/1334 1289/1289 1340/1340
f 1340/1340 1330/1330 1286/1286
f 1286/1286 1301/1301 1305/1305
f 1305/1305 1332/1332 1320/1320
f 1320/1320 1308/1308 1339/1339
f 1339/1339 1325/1325 1355/1355
f 1355/1355 1335/1335 1326/1326
f 1326/1326 1331/1331 1357/1357
f 1357/1357 1278/1278 1352/1352
f 1352/1352 1284/1284 1273/1273
f 1273/1273 1282/1282 1297/1297
f 1297/1297 1292/1292 1341/1341
f 1341/1341 1344/1344 1274/1274
f 1274/1274 1319/1319 1279/1279
f 1279/1279 1311/1311 1309/1309
f 1309/1309 1322/1322 1290/1290
f 1290/1290 1291/1291 1348/1348
f 1348/1348 1343/1343 1321/1321
f 1321/1321 1298/1298 1316/1316
f 1316/1316 1337/1337 1353/1353
f 1353/1353 1296/1296 1342/1342
f 1342/1342 1356/1356 1287/1287
f 1287/1287 1345/1345 1313/1313
f 1313/1313 1323/1323 1283/1283
f 1283/1283 1275/1275 1336/1336
f 1336/1336 1338/1338 1329/1329
f 1329/1329 1317/1317 1327/1327
f 1327/1327 1347/1347 1302/1302
f 1302/1302 1346/1346 1280/1280
f 1280/1280 1300/1300 1333/1333
f 1333/1333 1351/1351 1276/1276
f 1276/1276 1295/1295 1324/1324
f 1324/1324 1318/1318 1349/1349
f 1349/1349 1303/1303 1315/1315
f 1315/1315 1304/1304 1314/1314
f 1314/1314 1285/1285 1281/1281
f 1281/1281 1358/1358 1310/1310
f 1310/1310 1350/1350 1354/1354
f 1354/1354 1293/1293 1312/1312
f 1312/1312 1288/1288 1328/1328
f 1328/1328 1334/1334 1340/1340
f 1340/1340 1286/1286 1305/1305
f 1305/1305 1320/1320 1339/1339
f 1339/1339 1355/1355 1326/1326
f 1326/1326 1357/1357 1352/1352
f 1352/1352 1273/1273 1297/1297
f 1297/1297 1341/1341 1274/1274
f 1274/1274 1279/1279 1309/1309
f 1309/1309 1290/1290 1348/1348
f 1348/1348 1321/1321 1316/1316
f 1316/1316 1353/1353 1342/1342
f 1342/1342 1287/1287 1313/1313
f 1313/1313 1283/1283 1336/1336
f 1336/1336 1329/1329 1327/1327
f 1327/1327 1302/1302 1280/1280
f 1280/1280 1333/1333 1276/1276
f 1276/1276 1324/1324 1349/1349
f 1349/1349 1315/1315 1314/1314
f 1314/1314 1281/1281 1310/1310
f 1310/1310 1354/1354 1312/1312
f 1312/1312 1328/1328 1340/1340
f 1340/1340 1305/1305 1339/1339
f 1339/1339 1326/1326 1352/1352
f 1352/1352 1297/1297 1274/1274
f 1274/1274 1309/1309 1348/1348
f 1348/1348 1316/1316 1342/1342
f 1342/1342 1313/1313 1336/1336
f 1336/1336 1327/1327 1280/1280
f 1280/1280 1276/1276 1349/1349
f 1349/1349 1314/1314 1310/1310
f 1310/1310 1312/1312 1340/1340
f 1340/1340 1339/1339 1352/1352
f 1352/1352 1274/1274 1348/1348
f 1348/1348 1342/1342 1336/1336
f 1336/1336 1280/1280 1349/1349
f 1349/1349 1310/1310 1340/1340
f 1340/1340 1352/1352 1348/1348
f 1348/1348 1336/1336 1349/1349
f 1349/1349 1340/1340 1348/1348
