<?xml version="1.0" encoding="UTF-8" standalone="no" ?>
<COLLADA xmlns="http://www.collada.org/2005/11/COLLADASchema" version="1.4.1">
  <asset>
    <contributor>
      <author>Assimp</author>
      <authoring_tool>Assimp Exporter</authoring_tool>
    </contributor>
    <created>2025-08-17T02:22:58</created>
    <modified>2025-08-17T02:22:58</modified>
    <unit name="meter" meter="1" />
    <up_axis>Y_UP</up_axis>
  </asset>
  <library_effects>
    <effect id="whtie_plastic-fx" name="whtie_plastic">
      <profile_COMMON>
        <technique sid="standard">
          <phong>
            <emission>
              <color sid="emission">0   0   0   1</color>
            </emission>
            <diffuse>
              <color sid="diffuse">0.90196079   0.92156863   0.92941183   1</color>
            </diffuse>
            <shininess>
              <float sid="shininess">810</float>
            </shininess>
          </phong>
        </technique>
      </profile_COMMON>
    </effect>
    <effect id="black_plastic-fx" name="black_plastic">
      <profile_COMMON>
        <technique sid="standard">
          <phong>
            <emission>
              <color sid="emission">0   0   0   1</color>
            </emission>
            <diffuse>
              <color sid="diffuse">0.050000001   0.050000001   0.050000001   1</color>
            </diffuse>
            <shininess>
              <float sid="shininess">902.5</float>
            </shininess>
          </phong>
        </technique>
      </profile_COMMON>
    </effect>
    <effect id="m2mat-fx" name="m2mat">
      <profile_COMMON>
        <technique sid="standard">
          <phong>
            <emission>
              <color sid="emission">0   0   0   1</color>
            </emission>
            <diffuse>
              <color sid="diffuse">1   1   1   1</color>
            </diffuse>
            <shininess>
              <float sid="shininess">0</float>
            </shininess>
          </phong>
        </technique>
      </profile_COMMON>
    </effect>
  </library_effects>
  <library_materials>
    <material id="whtie_plastic" name="whtie_plastic">
      <instance_effect url="#whtie_plastic-fx"/>
    </material>
    <material id="black_plastic" name="black_plastic">
      <instance_effect url="#black_plastic-fx"/>
    </material>
    <material id="m2mat" name="m2mat">
      <instance_effect url="#m2mat-fx"/>
    </material>
  </library_materials>
  <library_geometries>
    <geometry id="meshId0" name="meshId0_name" >
      <mesh>
        <source id="meshId0-positions" name="meshId0-positions">
          <float_array id="meshId0-positions-array" count="3186"> -0.00090007397 0.0094234338 0.048367258 -0.00090007397 0.0094234338 0.048367258 -0.00090007397 0.0094234338 0.048367258 -0.00090007397 0.0094234338 0.048367258 -0.00090007397 0.0094234338 0.048367258 -0.003461062 0.0094259968 0.045455091 -0.003461062 0.0094259968 0.045455091 -0.003461062 0.0094259968 0.045455091 -0.003461062 0.0094259968 0.045455091 -0.003461062 0.0094259968 0.045455091 0.003367424 0.0094201555 0.045796208 0.003367424 0.0094201555 0.045796208 0.003367424 0.0094201555 0.045796208 0.003367424 0.0094201555 0.045796208 0.003367424 0.0094201555 0.045796208 0.002354204 0.0094200959 0.04753577 0.002354204 0.0094200959 0.04753577 0.002354204 0.0094200959 0.04753577 0.002354204 0.0094200959 0.04753577 0.002354204 0.0094200959 0.04753577 0.002354204 0.0094200959 0.04753577 0.001209616 0.0094218245 0.04820466 0.001209616 0.0094218245 0.04820466 0.001209616 0.0094218245 0.04820466 0.001209616 0.0094218245 0.04820466 -0.0025687809 0.009414196 0.04729557 -0.0025687809 0.009414196 0.04729557 -0.0025687809 0.009414196 0.04729557 -0.0025687809 0.009414196 0.04729557 -0.0025687809 0.009414196 0.04729557 -0.0025687809 0.009414196 0.04729557 -0.01040536 0.018387251 0.0039641261 -0.01040536 0.018387251 0.0039641261 -0.01040536 0.018387251 0.0039641261 -0.01040536 0.018387251 0.0039641261 -0.01040536 0.018387251 0.0039641261 -0.01040536 0.018387251 0.0039641261 -0.01040536 0.018387251 0.0039641261 0.01030278 0.019675249 0.003999948 0.01030278 0.019675249 0.003999948 0.01030278 0.019675249 0.003999948 0.01030278 0.019675249 0.003999948 0.01030278 0.019675249 0.003999948 0.01030278 0.019675249 0.003999948 0.01030278 0.019675249 0.003999948 0.01030278 0.019675249 0.003999948 -0.01030677 0.0197041 0.003999948 -0.01030677 0.0197041 0.003999948 -0.01030677 0.0197041 0.003999948 -0.01030677 0.0197041 0.003999948 -0.01030677 0.0197041 0.003999948 -0.01030677 0.0197041 0.003999948 -0.01032835 0.017410871 0.0063115349 -0.01032835 0.017410871 0.0063115349 -0.01032835 0.017410871 0.0063115349 -0.01032835 0.017410871 0.0063115349 -0.01032835 0.017410871 0.0063115349 -0.01032835 0.017410871 0.0063115349 -0.01032835 0.017410871 0.0063115349 -0.01032835 0.017410871 0.0063115349 -0.01032835 0.017410871 0.0063115349 -0.01032835 0.017410871 0.0063115349 -0.01032835 0.017410871 0.0063115349 0.01033771 0.017410509 0.006348371 0.01033771 0.017410509 0.006348371 0.01033771 0.017410509 0.006348371 0.01033771 0.017410509 0.006348371 0.01033771 0.017410509 0.006348371 0.01033771 0.017410509 0.006348371 0.01033771 0.017410509 0.006348371 0.01033771 0.017410509 0.006348371 0.01033771 0.017410509 0.006348371 0.01033771 0.017410509 0.006348371 -0.01034963 0.0025631778 0.0017999409 -0.01034963 0.0025631778 0.0017999409 -0.01034963 0.0025631778 0.0017999409 -0.01034963 0.0025631778 0.0017999409 -0.01034963 0.0025631778 0.0017999409 -0.01046431 0.0080720177 0.00174117 -0.01046431 0.0080720177 0.00174117 -0.01046431 0.0080720177 0.00174117 -0.01046431 0.0080720177 0.00174117 -0.01046431 0.0080720177 0.00174117 -0.01046431 0.0080720177 0.00174117 -0.01046431 0.0080720177 0.00174117 -0.01036626 0.0025243158 0.000133332 -0.01036626 0.0025243158 0.000133332 -0.01036626 0.0025243158 0.000133332 -0.01036626 0.0025243158 0.000133332 -0.01036626 0.0025243158 0.000133332 -0.01036626 0.0025243158 0.000133332 -0.01036626 0.0025243158 0.000133332 -0.01033806 0.0080285659 0.003838419 -0.01033806 0.0080285659 0.003838419 -0.01033806 0.0080285659 0.003838419 -0.01033806 0.0080285659 0.003838419 -0.01033806 0.0080285659 0.003838419 -0.01049768 0.01066809 0.0038084378 -0.01049768 0.01066809 0.0038084378 -0.01049768 0.01066809 0.0038084378 -0.01049768 0.01066809 0.0038084378 -0.01049768 0.01066809 0.0038084378 -0.01049768 0.01066809 0.0038084378 -0.01049768 0.01066809 0.0038084378 -0.01037496 0.01157689 0.01777273 -0.01037496 0.01157689 0.01777273 -0.01037496 0.01157689 0.01777273 -0.01037496 0.01157689 0.01777273 -0.01037496 0.01157689 0.01777273 -0.01037496 0.01157689 0.01777273 -0.010379069 0.01279222 0.018852049 -0.010379069 0.01279222 0.018852049 -0.010379069 0.01279222 0.018852049 -0.010379069 0.01279222 0.018852049 -0.010379069 0.01279222 0.018852049 -0.01040232 0.01741403 0.0047695041 -0.01040232 0.01741403 0.0047695041 -0.01040232 0.01741403 0.0047695041 -0.01040232 0.01741403 0.0047695041 -0.01040232 0.01741403 0.0047695041 -0.01040232 0.01741403 0.0047695041 -0.01040232 0.01741403 0.0047695041 -0.010333179 0.016214781 0.018827491 -0.010333179 0.016214781 0.018827491 -0.010333179 0.016214781 0.018827491 -0.010333179 0.016214781 0.018827491 -0.010333179 0.016214781 0.018827491 -0.0105009 0.017035659 0.017714379 -0.0105009 0.017035659 0.017714379 -0.0105009 0.017035659 0.017714379 -0.0105009 0.017035659 0.017714379 -0.0105009 0.017035659 0.017714379 -0.0105009 0.017035659 0.017714379 -0.0105009 0.017035659 0.017714379 -0.01046431 0.02075433 0.00174117 -0.01046431 0.02075433 0.00174117 -0.01046431 0.02075433 0.00174117 -0.01046431 0.02075433 0.00174117 -0.01046431 0.02075433 0.00174117 -0.01046431 0.02075433 0.00174117 -0.01046431 0.02075433 0.00174117 -0.01025623 0.02079778 0.0039202571 -0.01025623 0.02079778 0.0039202571 -0.01025623 0.02079778 0.0039202571 -0.01025623 0.02079778 0.0039202571 -0.01025623 0.02079778 0.0039202571 -0.01025623 0.02079778 0.0039202571 -0.01025623 0.02079778 0.0039202571 -0.01039052 0.02630412 0.000163633 -0.01039052 0.02630412 0.000163633 -0.01039052 0.02630412 0.000163633 -0.01039052 0.02630412 0.000163633 -0.01039052 0.02630412 0.000163633 -0.01039052 0.02630412 0.000163633 -0.01039052 0.02630412 0.000163633 -0.01034963 0.02626317 0.0017999409 -0.01034963 0.02626317 0.0017999409 -0.01034963 0.02626317 0.0017999409 -0.01034963 0.02626317 0.0017999409 -0.01034963 0.02626317 0.0017999409 -0.005033195 0.005965054 0.0038749569 -0.005033195 0.005965054 0.0038749569 -0.005033195 0.005965054 0.0038749569 -0.005033195 0.005965054 0.0038749569 -0.005033195 0.005965054 0.0038749569 0.0067839618 0.007870256 0.0039221039 0.0067839618 0.007870256 0.0039221039 0.0067839618 0.007870256 0.0039221039 0.0067839618 0.007870256 0.0039221039 0.0067839618 0.007870256 0.0039221039 0.0067839618 0.007870256 0.0039221039 0.0067839618 0.007870256 0.0039221039 0.0067839618 0.007870256 0.0039221039 0.01033878 0.0080285659 0.003838419 0.01033878 0.0080285659 0.003838419 0.01033878 0.0080285659 0.003838419 0.01033878 0.0080285659 0.003838419 0.01033878 0.0080285659 0.003838419 -0.0066882367 0.0078257909 0.0039129248 -0.0066882367 0.0078257909 0.0039129248 -0.0066882367 0.0078257909 0.0039129248 -0.0066882367 0.0078257909 0.0039129248 -0.0066882367 0.0078257909 0.0039129248 -0.0066882367 0.0078257909 0.0039129248 -0.0066882367 0.0078257909 0.0039129248 -0.0048745871 0.002588212 0.0038749569 -0.0048745871 0.002588212 0.0038749569 -0.0048745871 0.002588212 0.0038749569 -0.0048745871 0.002588212 0.0038749569 -0.0048745871 0.002588212 0.0038749569 0.004875361 0.002538204 0.0038249488 0.004875361 0.002538204 0.0038249488 0.004875361 0.002538204 0.0038249488 0.004875361 0.002538204 0.0038249488 0.004875361 0.002538204 0.0038249488 0.004875361 0.002538204 0.0038249488 0.0048823948 0.0063143959 0.0039981599 0.0048823948 0.0063143959 0.0039981599 0.0048823948 0.0063143959 0.0039981599 0.0048823948 0.0063143959 0.0039981599 0.0048823948 0.0063143959 0.0039981599 0.0048823948 0.0063143959 0.0039981599 0.01035034 0.0025631778 0.0017999409 0.01035034 0.0025631778 0.0017999409 0.01035034 0.0025631778 0.0017999409 0.01035034 0.0025631778 0.0017999409 0.01035034 0.0025631778 0.0017999409 0.0048618908 0.002482414 0.001761496 0.0048618908 0.002482414 0.001761496 0.0048618908 0.002482414 0.001761496 0.0048618908 0.002482414 0.001761496 0.0048618908 0.002482414 0.001761496 0.0048618908 0.002482414 0.001761496 0.0103783 0.002535223 0.00015254199 0.0103783 0.002535223 0.00015254199 0.0103783 0.002535223 0.00015254199 0.0103783 0.002535223 0.00015254199 0.0103783 0.002535223 0.00015254199 -0.0048611159 0.002482414 0.001761496 -0.0048611159 0.002482414 0.001761496 -0.0048611159 0.002482414 0.001761496 -0.0048611159 0.002482414 0.001761496 -0.0048611159 0.002482414 0.001761496 -0.0048611159 0.002482414 0.001761496 0.0103892 0.026279859 0.000133333 0.0103892 0.026279859 0.000133333 0.0103892 0.026279859 0.000133333 0.0103892 0.026279859 0.000133333 0.0103892 0.026279859 0.000133333 0.0103892 0.026279859 0.000133333 0.0103892 0.026279859 0.000133333 0.004900753 0.02634549 0.0017606009 0.004900753 0.02634549 0.0017606009 0.004900753 0.02634549 0.0017606009 0.004900753 0.02634549 0.0017606009 0.004900753 0.02634549 0.0017606009 0.004900753 0.02634549 0.0017606009 0.004900753 0.02634549 0.0017606009 0.004900753 0.02634549 0.0017606009 0.01035034 0.02626317 0.0018 0.01035034 0.02626317 0.0018 0.01035034 0.02626317 0.0018 0.01035034 0.02626317 0.0018 0.01035034 0.02626317 0.0018 -0.0048380489 0.0262978 0.003838419 -0.0048380489 0.0262978 0.003838419 -0.0048380489 0.0262978 0.003838419 -0.0048380489 0.0262978 0.003838419 -0.0048380489 0.0262978 0.003838419 0.0048388238 0.02625167 0.0038846128 0.0048388238 0.02625167 0.0038846128 0.0048388238 0.02625167 0.0038846128 0.0048388238 0.02625167 0.0038846128 0.0048388238 0.02625167 0.0038846128 -0.0049130907 0.026315089 0.0017788409 -0.0049130907 0.026315089 0.0017788409 -0.0049130907 0.026315089 0.0017788409 -0.0049130907 0.026315089 0.0017788409 -0.0049130907 0.026315089 0.0017788409 -0.0049130907 0.026315089 0.0017788409 -0.0047403569 0.023086719 0.0039915438 -0.0047403569 0.023086719 0.0039915438 -0.0047403569 0.023086719 0.0039915438 -0.0047403569 0.023086719 0.0039915438 -0.0047403569 0.023086719 0.0039915438 -0.0047403569 0.023086719 0.0039915438 -0.0047403569 0.023086719 0.0039915438 -0.0047403569 0.023086719 0.0039915438 0.004736721 0.023112711 0.003989934 0.004736721 0.023112711 0.003989934 0.004736721 0.023112711 0.003989934 0.004736721 0.023112711 0.003989934 0.004736721 0.023112711 0.003989934 0.004736721 0.023112711 0.003989934 0.004736721 0.023112711 0.003989934 0.004736721 0.023112711 0.003989934 0.01039779 0.0114066 0.004751801 0.01039779 0.0114066 0.004751801 0.01039779 0.0114066 0.004751801 0.01039779 0.0114066 0.004751801 0.01039779 0.0114066 0.004751801 0.01039779 0.0114066 0.004751801 0.01039779 0.0114066 0.004751801 -0.01040315 0.01144498 0.0047989478 -0.01040315 0.01144498 0.0047989478 -0.01040315 0.01144498 0.0047989478 -0.01040315 0.01144498 0.0047989478 -0.01040315 0.01144498 0.0047989478 -0.01040315 0.01144498 0.0047989478 -0.01040315 0.01144498 0.0047989478 0.01038271 0.01261192 0.018799901 0.01038271 0.01261192 0.018799901 0.01038271 0.01261192 0.018799901 0.01038271 0.01261192 0.018799901 0.01038271 0.01261192 0.018799901 0.0102685 0.020763149 0.0039317599 0.0102685 0.020763149 0.0039317599 0.0102685 0.020763149 0.0039317599 0.0102685 0.020763149 0.0039317599 0.0102685 0.020763149 0.0039317599 0.0102685 0.020763149 0.0039317599 0.01045852 0.02080255 0.001745045 0.01045852 0.02080255 0.001745045 0.01045852 0.02080255 0.001745045 0.01045852 0.02080255 0.001745045 0.01045852 0.02080255 0.001745045 0.01045852 0.02080255 0.001745045 0.01045852 0.02080255 0.001745045 0.01045852 0.02080255 0.001745045 0.01046502 0.0080720177 0.00174117 0.01046502 0.0080720177 0.00174117 0.01046502 0.0080720177 0.00174117 0.01046502 0.0080720177 0.00174117 0.01046502 0.0080720177 0.00174117 0.01046502 0.0080720177 0.00174117 0.01046502 0.0080720177 0.00174117 0.0104981 0.01065367 0.0037990799 0.0104981 0.01065367 0.0037990799 0.0104981 0.01065367 0.0037990799 0.0104981 0.01065367 0.0037990799 0.0104981 0.01065367 0.0037990799 0.0104981 0.01065367 0.0037990799 0.0104981 0.01065367 0.0037990799 0.01040905 0.01161694 0.01771855 0.01040905 0.01161694 0.01771855 0.01040905 0.01161694 0.01771855 0.01040905 0.01161694 0.01771855 0.01049864 0.01723229 0.0047302837 0.01049864 0.01723229 0.0047302837 0.01049864 0.01723229 0.0047302837 0.01049864 0.01723229 0.0047302837 0.01049864 0.01723229 0.0047302837 0.01049864 0.01723229 0.0047302837 0.01032787 0.01605618 0.018873449 0.01032787 0.01605618 0.018873449 0.01032787 0.01605618 0.018873449 0.01032787 0.01605618 0.018873449 0.01032787 0.01605618 0.018873449 0.0104016 0.01821219 0.0039975639 0.0104016 0.01821219 0.0039975639 0.0104016 0.01821219 0.0039975639 0.0104016 0.01821219 0.0039975639 0.0104016 0.01821219 0.0039975639 0.0104016 0.01821219 0.0039975639 0.0104016 0.01821219 0.0039975639 0.0104016 0.01821219 0.0039975639 0.01050156 0.017035719 0.017714441 0.01050156 0.017035719 0.017714441 0.01050156 0.017035719 0.017714441 0.01050156 0.017035719 0.017714441 0.01050156 0.017035719 0.017714441 0.01050156 0.017035719 0.017714441 0.01050156 0.017035719 0.017714441 0.007072865 0.021005919 0.001899957 0.007072865 0.021005919 0.001899957 0.007072865 0.021005919 0.001899957 0.007072865 0.021005919 0.001899957 0.0052065249 0.0225414 0.001899957 0.0052065249 0.0225414 0.001899957 0.0052065249 0.0225414 0.001899957 0.0052065249 0.0225414 0.001899957 0.0052065249 0.0225414 0.001899957 0.0052065249 0.0225414 0.001899957 0.0050306907 0.02334862 0.0037006128 0.0050306907 0.02334862 0.0037006128 0.0050306907 0.02334862 0.0037006128 0.0050306907 0.02334862 0.0037006128 0.0050306907 0.02334862 0.0037006128 0.0055564637 0.02213406 0.0037001958 0.0055564637 0.02213406 0.0037001958 0.0055564637 0.02213406 0.0037001958 0.0055564637 0.02213406 0.0037001958 0.0055564637 0.02213406 0.0037001958 0.0069741597 0.02102053 0.0036989448 0.0069741597 0.02102053 0.0036989448 0.0069741597 0.02102053 0.0036989448 0.0069741597 0.02102053 0.0036989448 0.0069741597 0.02102053 0.0036989448 0.0069741597 0.02102053 0.0036989448 0.0051514502 0.0061388006 0.001899957 0.0051514502 0.0061388006 0.001899957 0.0051514502 0.0061388006 0.001899957 0.0051514502 0.0061388006 0.001899957 0.0051514502 0.0061388006 0.001899957 0.0051514502 0.0061388006 0.001899957 0.006992816 0.0078129172 0.001899957 0.006992816 0.0078129172 0.001899957 0.006992816 0.0078129172 0.001899957 0.006992816 0.0078129172 0.001899957 0.006992816 0.0078129172 0.001899957 0.0051212898 0.0059620729 0.0036939378 0.0051212898 0.0059620729 0.0036939378 0.0051212898 0.0059620729 0.0036939378 0.0051212898 0.0059620729 0.0036939378 -0.0052058101 0.0225414 0.001899957 -0.0052058101 0.0225414 0.001899957 -0.0052058101 0.0225414 0.001899957 -0.0052058101 0.0225414 0.001899957 -0.0052058101 0.0225414 0.001899957 -0.0052058101 0.0225414 0.001899957 -0.007104516 0.020991379 0.001899957 -0.007104516 0.020991379 0.001899957 -0.007104516 0.020991379 0.001899957 -0.007104516 0.020991379 0.001899957 -0.007104516 0.020991379 0.001899957 -0.0069633117 0.02102977 0.0036888118 -0.0069633117 0.02102977 0.0036888118 -0.0069633117 0.02102977 0.0036888118 -0.0069633117 0.02102977 0.0036888118 -0.0069633117 0.02102977 0.0036888118 -0.0055556889 0.02213406 0.0037001958 -0.0055556889 0.02213406 0.0037001958 -0.0055556889 0.02213406 0.0037001958 -0.0055556889 0.02213406 0.0037001958 -0.0055556889 0.02213406 0.0037001958 -0.005031466 0.02334022 0.0037029979 -0.005031466 0.02334022 0.0037029979 -0.005031466 0.02334022 0.0037029979 -0.005031466 0.02334022 0.0037029979 -0.005031466 0.02334022 0.0037029979 -0.0050511947 0.005644857 0.001899957 -0.0050511947 0.005644857 0.001899957 -0.0050511947 0.005644857 0.001899957 -0.0050511947 0.005644857 0.001899957 -0.0050511947 0.005644857 0.001899957 -0.0050511947 0.005644857 0.001899957 -0.0057779551 0.006963193 0.001899957 -0.0057779551 0.006963193 0.001899957 -0.0057779551 0.006963193 0.001899957 -0.0057779551 0.006963193 0.001899957 -0.0071552387 0.0078436127 0.001899957 -0.0071552387 0.0078436127 0.001899957 -0.0071552387 0.0078436127 0.001899957 -0.0071552387 0.0078436127 0.001899957 -0.0071552387 0.0078436127 0.001899957 -0.0071552387 0.0078436127 0.001899957 0.0102126 0.01028144 0.0040175309 0.0102126 0.01028144 0.0040175309 0.0102126 0.01028144 0.0040175309 0.0102126 0.01028144 0.0040175309 0.0102126 0.01028144 0.0040175309 0.0102126 0.01028144 0.0040175309 -0.01020997 0.01025789 0.0040150881 -0.01020997 0.01025789 0.0040150881 -0.01020997 0.01025789 0.0040150881 -0.01020997 0.01025789 0.0040150881 -0.01020997 0.01025789 0.0040150881 -0.01020997 0.01025789 0.0040150881 0.01020628 0.017441859 0.0051097269 0.01020628 0.017441859 0.0051097269 0.01020628 0.017441859 0.0051097269 0.01020628 0.017441859 0.0051097269 0.01020628 0.017441859 0.0051097269 0.01019817 0.017333981 0.0177704 0.01019817 0.017333981 0.0177704 0.01019817 0.017333981 0.0177704 0.01019817 0.017333981 0.0177704 0.01019817 0.017333981 0.0177704 0.01019817 0.017333981 0.0177704 0.01019817 0.017333981 0.0177704 -0.01019358 0.01735031 0.01768088 -0.01019358 0.01735031 0.01768088 -0.01019358 0.01735031 0.01768088 -0.01019358 0.01735031 0.01768088 -0.01019358 0.01735031 0.01768088 -0.006566226 0.02081871 0.0039974451 -0.006566226 0.02081871 0.0039974451 -0.006566226 0.02081871 0.0039974451 -0.006566226 0.02081871 0.0039974451 -0.006566226 0.02081871 0.0039974451 0.0066025849 0.02079534 0.0039971471 0.0066025849 0.02079534 0.0039971471 0.0066025849 0.02079534 0.0039971471 0.0066025849 0.02079534 0.0039971471 0.0066025849 0.02079534 0.0039971471 -0.010293 0.02316558 0.0040090079 -0.010293 0.02316558 0.0040090079 -0.010293 0.02316558 0.0040090079 -0.010293 0.02316558 0.0040090079 -0.010293 0.02316558 0.0040090079 -0.01038885 0.025220269 0.01918762 -0.01038885 0.025220269 0.01918762 -0.01038885 0.025220269 0.01918762 -0.01038885 0.025220269 0.01918762 -0.01038885 0.025220269 0.01918762 -0.01038885 0.025220269 0.01918762 -0.01038885 0.025220269 0.01918762 0.01040047 0.02525341 0.019036589 0.01040047 0.02525341 0.019036589 0.01040047 0.02525341 0.019036589 0.01040047 0.02525341 0.019036589 0.01040047 0.02525341 0.019036589 0.01040047 0.02525341 0.019036589 0.01040047 0.02525341 0.019036589 -0.0088022938 0.015651761 0.0359255 -0.0088022938 0.015651761 0.0359255 -0.0088022938 0.015651761 0.0359255 -0.0088022938 0.015651761 0.0359255 -0.0088022938 0.015651761 0.0359255 0.0088037243 0.015667791 0.035909351 0.0088037243 0.015667791 0.035909351 0.0088037243 0.015667791 0.035909351 0.0088037243 0.015667791 0.035909351 0.0088037243 0.015667791 0.035909351 -0.0087487102 0.01441204 0.036004599 -0.0087487102 0.01441204 0.036004599 -0.0087487102 0.01441204 0.036004599 -0.0087487102 0.01441204 0.036004599 -0.0087487102 0.01441204 0.036004599 -0.0087487102 0.01441204 0.036004599 0.0087466231 0.01441162 0.036004301 0.0087466231 0.01441162 0.036004301 0.0087466231 0.01441162 0.036004301 0.0087466231 0.01441162 0.036004301 0.0087466231 0.01441162 0.036004301 0.0087466231 0.01441162 0.036004301 0.0087466231 0.01441162 0.036004301 -0.0053303237 0.01430171 0.05381 -0.0053303237 0.01430171 0.05381 -0.0053303237 0.01430171 0.05381 -0.0053303237 0.01430171 0.05381 -0.0053303237 0.01430171 0.05381 -0.0078017106 0.01423847 0.052291211 -0.0078017106 0.01423847 0.052291211 -0.0078017106 0.01423847 0.052291211 -0.0078017106 0.01423847 0.052291211 -0.0078017106 0.01423847 0.052291211 -0.0078017106 0.01423847 0.052291211 0.0065466156 0.01429051 0.05324614 0.0065466156 0.01429051 0.05324614 0.0065466156 0.01429051 0.05324614 0.0065466156 0.01429051 0.05324614 0.0065466156 0.01429051 0.05324614 0.0048004379 0.01433104 0.05383157 0.0048004379 0.01433104 0.05383157 0.0048004379 0.01433104 0.05383157 0.0048004379 0.01433104 0.05383157 0.0048004379 0.01433104 0.05383157 0.0085377088 0.01441401 0.050533589 0.0085377088 0.01441401 0.050533589 0.0085377088 0.01441401 0.050533589 0.0085377088 0.01441401 0.050533589 0.0085377088 0.01441401 0.050533589 0.0085377088 0.01441401 0.050533589 0.0085377088 0.01441401 0.050533589 -0.0086567989 0.01441329 0.049832281 -0.0086567989 0.01441329 0.049832281 -0.0086567989 0.01441329 0.049832281 -0.0086567989 0.01441329 0.049832281 -0.0086567989 0.01441329 0.049832281 -0.0086567989 0.01441329 0.049832281 -0.0086567989 0.01441329 0.049832281 -0.0070841308 0.0095042577 0.05282139 -0.0070841308 0.0095042577 0.05282139 -0.0070841308 0.0095042577 0.05282139 -0.0070841308 0.0095042577 0.05282139 -0.0070841308 0.0095042577 0.05282139 -0.008779346 0.0094613424 0.050117958 -0.008779346 0.0094613424 0.050117958 -0.008779346 0.0094613424 0.050117958 -0.008779346 0.0094613424 0.050117958 -0.008779346 0.0094613424 0.050117958 -0.008779346 0.0094613424 0.050117958 -0.008779346 0.0094613424 0.050117958 -0.0054677119 0.0094909659 0.053747229 -0.0054677119 0.0094909659 0.053747229 -0.0054677119 0.0094909659 0.053747229 -0.0054677119 0.0094909659 0.053747229 -0.0054677119 0.0094909659 0.053747229 -0.0054677119 0.0094909659 0.053747229 -0.0054677119 0.0094909659 0.053747229 -0.0087451926 0.0094139567 0.03600448 -0.0087451926 0.0094139567 0.03600448 -0.0087451926 0.0094139567 0.03600448 -0.0087451926 0.0094139567 0.03600448 -0.0087451926 0.0094139567 0.03600448 -0.0087451926 0.0094139567 0.03600448 -0.0087451926 0.0094139567 0.03600448 -0.0087451926 0.0094139567 0.03600448 -0.0087451926 0.0094139567 0.03600448 -0.003062069 0.0094263544 0.043490879 -0.003062069 0.0094263544 0.043490879 -0.003062069 0.0094263544 0.043490879 -0.003062069 0.0094263544 0.043490879 0.005491077 0.0094122877 0.05355769 0.005491077 0.0094122877 0.05355769 0.005491077 0.0094122877 0.05355769 0.005491077 0.0094122877 0.05355769 0.005491077 0.0094122877 0.05355769 0.005491077 0.0094122877 0.05355769 0.0077378149 0.009533464 0.05224508 0.0077378149 0.009533464 0.05224508 0.0077378149 0.009533464 0.05224508 0.0077378149 0.009533464 0.05224508 0.0077378149 0.009533464 0.05224508 0.0077378149 0.009533464 0.05224508 0.008802413 0.0095084896 0.050202541 0.008802413 0.0095084896 0.050202541 0.008802413 0.0095084896 0.050202541 0.008802413 0.0095084896 0.050202541 0.008802413 0.0095084896 0.050202541 0.008802413 0.0095084896 0.050202541 0.008802413 0.0095084896 0.050202541 0.0087489476 0.0094137779 0.036004718 0.0087489476 0.0094137779 0.036004718 0.0087489476 0.0094137779 0.036004718 0.0087489476 0.0094137779 0.036004718 0.0087489476 0.0094137779 0.036004718 0.0087489476 0.0094137779 0.036004718 0.0087489476 0.0094137779 0.036004718 0.0087489476 0.0094137779 0.036004718 -0.0090152016 0.0080435872 0.035742041 -0.0090152016 0.0080435872 0.035742041 -0.0090152016 0.0080435872 0.035742041 -0.0090152016 0.0080435872 0.035742041 -0.0090152016 0.0080435872 0.035742041 -0.0090152016 0.0080435872 0.035742041 -0.0090152016 0.0080435872 0.035742041 -0.0090152016 0.0080435872 0.035742041 0.0090097776 0.008124589 0.035844978 0.0090097776 0.008124589 0.035844978 0.0090097776 0.008124589 0.035844978 0.0090097776 0.008124589 0.035844978 0.0090097776 0.008124589 0.035844978 -0.01019251 0.017399481 0.01925081 -0.01019251 0.017399481 0.01925081 -0.01019251 0.017399481 0.01925081 -0.01019251 0.017399481 0.01925081 -0.01019251 0.017399481 0.01925081 -0.01019251 0.017399481 0.01925081 -0.01019251 0.017399481 0.01925081 0.0089624515 0.008020699 0.03557926 0.0089624515 0.008020699 0.03557926 0.0089624515 0.008020699 0.03557926 0.0089624515 0.008020699 0.03557926 0.0089624515 0.008020699 0.03557926 0.0089624515 0.008020699 0.03557926 0.0089624515 0.008020699 0.03557926 0.0089624515 0.008020699 0.03557926 0.01018828 0.017392511 0.019253429 0.01018828 0.017392511 0.019253429 0.01018828 0.017392511 0.019253429 0.01018828 0.017392511 0.019253429 0.01018828 0.017392511 0.019253429 -0.01036179 0.02530467 0.0061444039 -0.01036179 0.02530467 0.0061444039 -0.01036179 0.02530467 0.0061444039 -0.01036179 0.02530467 0.0061444039 -0.01036179 0.02530467 0.0061444039 -0.01036179 0.02530467 0.0061444039 -0.01036179 0.02530467 0.0061444039 -0.01036179 0.02530467 0.0061444039 0.01038175 0.02526181 0.0061185346 0.01038175 0.02526181 0.0061185346 0.01038175 0.02526181 0.0061185346 0.01038175 0.02526181 0.0061185346 0.01038175 0.02526181 0.0061185346 0.01038175 0.02526181 0.0061185346 0.01029372 0.02316558 0.0040090079 0.01029372 0.02316558 0.0040090079 0.01029372 0.02316558 0.0040090079 0.01029372 0.02316558 0.0040090079 0.01029372 0.02316558 0.0040090079 -0.01047909 0.017678021 0.01932358 -0.01047909 0.017678021 0.01932358 -0.01047909 0.017678021 0.01932358 -0.01047909 0.017678021 0.01932358 -0.01047909 0.017678021 0.01932358 -0.0090554347 0.015468 0.03570801 -0.0090554347 0.015468 0.03570801 -0.0090554347 0.015468 0.03570801 -0.0090554347 0.015468 0.03570801 -0.0090554347 0.015468 0.03570801 -0.0090554347 0.015468 0.03570801 -0.0090492954 0.0097116223 0.03573459 -0.0090492954 0.0097116223 0.03573459 -0.0090492954 0.0097116223 0.03573459 -0.0090492954 0.0097116223 0.03573459 -0.0090492954 0.0097116223 0.03573459 -0.0090554943 0.01410454 0.035728209 -0.0090554943 0.01410454 0.035728209 -0.0090554943 0.01410454 0.035728209 -0.0090554943 0.01410454 0.035728209 -0.0090554943 0.01410454 0.035728209 -0.0090554943 0.01410454 0.035728209 0.0089731207 0.0141133 0.04968112 0.0089731207 0.0141133 0.04968112 0.0089731207 0.0141133 0.04968112 0.0089731207 0.0141133 0.04968112 0.0089731207 0.0141133 0.04968112 0.0089731207 0.0141133 0.04968112 0.009049952 0.0097158551 0.035735779 0.009049952 0.0097158551 0.035735779 0.009049952 0.0097158551 0.035735779 0.009049952 0.0097158551 0.035735779 0.009049952 0.0097158551 0.035735779 0.009049952 0.0097158551 0.035735779 0.00905615 0.015468 0.03570801 0.00905615 0.015468 0.03570801 0.00905615 0.015468 0.03570801 0.00905615 0.015468 0.03570801 0.00905615 0.015468 0.03570801 0.00905615 0.015468 0.03570801 0.0090562701 0.01410877 0.03572702 0.0090562701 0.01410877 0.03572702 0.0090562701 0.01410877 0.03572702 0.0090562701 0.01410877 0.03572702 0.0090562701 0.01410877 0.03572702 0.01047974 0.017677959 0.01932418 0.01047974 0.017677959 0.01932418 0.01047974 0.017677959 0.01932418 0.01047974 0.017677959 0.01932418 0.01047974 0.017677959 0.01932418 -0.0083946576 0.0097126961 0.051461101 -0.0083946576 0.0097126961 0.051461101 -0.0083946576 0.0097126961 0.051461101 -0.0083946576 0.0097126961 0.051461101 -0.0089454046 0.01410996 0.049960312 -0.0089454046 0.01410996 0.049960312 -0.0089454046 0.01410996 0.049960312 -0.0089454046 0.01410996 0.049960312 -0.0089454046 0.01410996 0.049960312 -0.0089454046 0.01410996 0.049960312 0.0081971278 0.01411491 0.051852942 0.0081971278 0.01411491 0.051852942 0.0081971278 0.01411491 0.051852942 0.0081971278 0.01411491 0.051852942 0.0081971278 0.01411491 0.051852942 0.0055322046 0.0097170463 0.053857561 0.0055322046 0.0097170463 0.053857561 0.0055322046 0.0097170463 0.053857561 0.0055322046 0.0097170463 0.053857561 0.0055322046 0.0097170463 0.053857561 0.0055322046 0.0097170463 0.053857561 -0.00195378 0.0094177714 0.042155679 -0.00195378 0.0094177714 0.042155679 -0.00195378 0.0094177714 0.042155679 -0.00195378 0.0094177714 0.042155679 0.003167867 0.0094250441 0.043772221 0.003167867 0.0094250441 0.043772221 0.003167867 0.0094250441 0.043772221 0.003167867 0.0094250441 0.043772221 -2.0026901e-06 0.01280522 0.044993751 -2.0026901e-06 0.01280522 0.044993751 -2.0026901e-06 0.01280522 0.044993751 -2.0026901e-06 0.01280522 0.044993751 -2.0026901e-06 0.01280522 0.044993751 -2.0026901e-06 0.01280522 0.044993751 -2.0026901e-06 0.01280522 0.044993751 -2.0026901e-06 0.01280522 0.044993751 -2.0026901e-06 0.01280522 0.044993751 -2.0026901e-06 0.01280522 0.044993751 -2.0026901e-06 0.01280522 0.044993751 0.000144479 0.0094331503 0.041510519 0.000144479 0.0094331503 0.041510519 0.000144479 0.0094331503 0.041510519 0.000144479 0.0094331503 0.041510519 0.000144479 0.0094331503 0.041510519 0.0019433489 0.0094223609 0.042193528 0.0019433489 0.0094223609 0.042193528 0.0019433489 0.0094223609 0.042193528 0.0019433489 0.0094223609 0.042193528 -0.0098232031 0.01750212 0.01110798 -0.0098232031 0.01750212 0.01110798 -0.0098232031 0.01750212 0.01110798 -0.0098232031 0.01750212 0.01110798 -0.0098232031 0.01750212 0.01110798 -0.0098232031 0.01750212 0.01110798 -0.0089700222 0.017535441 0.0094979396 -0.0089700222 0.017535441 0.0094979396 -0.0089700222 0.017535441 0.0094979396 -0.0089700222 0.017535441 0.0094979396 -0.0089700222 0.017535441 0.0094979396 -0.0089700222 0.017535441 0.0094979396 -0.0083822012 0.02041316 0.0089780679 -0.0083822012 0.02041316 0.0089780679 -0.0083822012 0.02041316 0.0089780679 -0.0083822012 0.02041316 0.0089780679 -0.0083822012 0.02041316 0.0089780679 -0.0069870348 0.02041316 0.01564162 -0.0069870348 0.02041316 0.01564162 -0.0069870348 0.02041316 0.01564162 -0.0069870348 0.02041316 0.01564162 -0.0075809946 0.01771301 0.01545852 -0.0075809946 0.01771301 0.01545852 -0.0075809946 0.01771301 0.01545852 -0.0075809946 0.01771301 0.01545852 -0.0075809946 0.01771301 0.01545852 -0.0075809946 0.01771301 0.01545852 -0.007902503 0.01771277 0.0087423315 -0.007902503 0.01771277 0.0087423315 -0.007902503 0.01771277 0.0087423315 -0.007902503 0.01771277 0.0087423315 -0.008936882 0.020413211 0.01448625 -0.008936882 0.020413211 0.01448625 -0.008936882 0.020413211 0.01448625 -0.008936882 0.020413211 0.01448625 -0.008936882 0.020413211 0.01448625 -0.0061657419 0.017719259 0.0082067838 -0.0061657419 0.017719259 0.0082067838 -0.0061657419 0.017719259 0.0082067838 -0.0061657419 0.017719259 0.0082067838 -0.0061657419 0.017719259 0.0082067838 -0.0061657419 0.017719259 0.0082067838 -0.0059996238 0.02041316 0.008207798 -0.0059996238 0.02041316 0.008207798 -0.0059996238 0.02041316 0.008207798 -0.0059996238 0.02041316 0.008207798 -0.0090100756 0.017712651 0.01427406 -0.0090100756 0.017712651 0.01427406 -0.0090100756 0.017712651 0.01427406 -0.0090100756 0.017712651 0.01427406 -0.0090100756 0.017712651 0.01427406 -0.0097124567 0.017717591 0.01274335 -0.0097124567 0.017717591 0.01274335 -0.0097124567 0.017717591 0.01274335 -0.0097124567 0.017717591 0.01274335 -0.0097124567 0.017717591 0.01274335 -0.0098286271 0.020413211 0.01161444 -0.0098286271 0.020413211 0.01161444 -0.0098286271 0.020413211 0.01161444 -0.0098286271 0.020413211 0.01161444 -0.0098286271 0.020413211 0.01161444 -0.0081638088 0.017413611 0.01548886 -0.0081638088 0.017413611 0.01548886 -0.0081638088 0.017413611 0.01548886 -0.0081638088 0.017413611 0.01548886 -0.0081638088 0.017413611 0.01548886 -0.002160131 0.01771426 0.01179015 -0.002160131 0.01771426 0.01179015 -0.002160131 0.01771426 0.01179015 -0.002160131 0.01771426 0.01179015 -0.002160131 0.01771426 0.01179015 -0.002160131 0.01771426 0.01179015 -0.001917064 0.017415401 0.01287972 -0.001917064 0.017415401 0.01287972 -0.001917064 0.017415401 0.01287972 -0.001917064 0.017415401 0.01287972 -0.0098052016 0.017413849 0.01357632 -0.0098052016 0.017413849 0.01357632 -0.0098052016 0.017413849 0.01357632 -0.0098052016 0.017413849 0.01357632 -0.0027611849 0.017712889 0.01393586 -0.0027611849 0.017712889 0.01393586 -0.0027611849 0.017712889 0.01393586 -0.0027611849 0.017712889 0.01393586 -0.0027611849 0.017712889 0.01393586 -0.003453075 0.01741337 0.01519817 -0.003453075 0.01741337 0.01519817 -0.003453075 0.01741337 0.01519817 -0.003453075 0.01741337 0.01519817 -0.003453075 0.01741337 0.01519817 -0.003453075 0.01741337 0.01519817 -0.003453075 0.01741337 0.01519817 -0.003453075 0.01741337 0.01519817 -0.0037563439 0.01771312 0.01503348 -0.0037563439 0.01771312 0.01503348 -0.0037563439 0.01771312 0.01503348 -0.0037563439 0.01771312 0.01503348 -0.0037563439 0.01771312 0.01503348 -0.0054188957 0.01771914 0.015752129 -0.0054188957 0.01771914 0.015752129 -0.0054188957 0.01771914 0.015752129 -0.0054188957 0.01771914 0.015752129 -0.0054188957 0.01771914 0.015752129 -0.0054188957 0.01771914 0.015752129 -0.0056591029 0.01741391 0.016112261 -0.0056591029 0.01741391 0.016112261 -0.0056591029 0.01741391 0.016112261 -0.0056591029 0.01741391 0.016112261 -0.0056591029 0.01741391 0.016112261 -0.0056591029 0.01741391 0.016112261 -0.0056591029 0.01741391 0.016112261 -0.002533555 0.01741403 0.0097612133 -0.002533555 0.01741403 0.0097612133 -0.002533555 0.01741403 0.0097612133 -0.002533555 0.01741403 0.0097612133 -0.002533555 0.01741403 0.0097612133 -0.002533555 0.01741403 0.0097612133 -0.007441639 0.017413549 0.0081557631 -0.007441639 0.017413549 0.0081557631 -0.007441639 0.017413549 0.0081557631 -0.007441639 0.017413549 0.0081557631 -0.007441639 0.017413549 0.0081557631 -0.007441639 0.017413549 0.0081557631 -0.004799664 0.01741427 0.0080443621 -0.004799664 0.01741427 0.0080443621 -0.004799664 0.01741427 0.0080443621 -0.004799664 0.01741427 0.0080443621 -0.004799664 0.01741427 0.0080443621 -0.0042408099 0.017708119 0.0086468449 -0.0042408099 0.017708119 0.0086468449 -0.0042408099 0.017708119 0.0086468449 -0.0042408099 0.017708119 0.0086468449 -0.0042408099 0.017708119 0.0086468449 -0.0042408099 0.017708119 0.0086468449 -0.002989172 0.017712651 0.0097258678 -0.002989172 0.017712651 0.0097258678 -0.002989172 0.017712651 0.0097258678 -0.002989172 0.017712651 0.0097258678 -0.002989172 0.017712651 0.0097258678 -0.003062367 0.02041316 0.01448625 -0.003062367 0.02041316 0.01448625 -0.003062367 0.02041316 0.01448625 -0.003062367 0.02041316 0.01448625 -0.003062367 0.02041316 0.01448625 -0.0036170478 0.02041316 0.0089780679 -0.0036170478 0.02041316 0.0089780679 -0.0036170478 0.02041316 0.0089780679 -0.0036170478 0.02041316 0.0089780679 -0.0052449098 0.02041316 0.01571643 -0.0052449098 0.02041316 0.01571643 -0.0052449098 0.02041316 0.01571643 -0.0052449098 0.02041316 0.01571643 -0.002170562 0.020413211 0.01161444 -0.002170562 0.020413211 0.01161444 -0.002170562 0.020413211 0.01161444 -0.002170562 0.020413211 0.01161444 0.002471983 0.01753765 0.01027405 0.002471983 0.01753765 0.01027405 0.002471983 0.01753765 0.01027405 0.002471983 0.01753765 0.01027405 0.002471983 0.01753765 0.01027405 0.002471983 0.01753765 0.01027405 0.0036177628 0.02041316 0.0089780679 0.0036177628 0.02041316 0.0089780679 0.0036177628 0.02041316 0.0089780679 0.0036177628 0.02041316 0.0089780679 0.0036177628 0.02041316 0.0089780679 0.005012929 0.02041316 0.01564162 0.005012929 0.02041316 0.01564162 0.005012929 0.02041316 0.01564162 0.005012929 0.02041316 0.01564162 0.0044189091 0.01771301 0.01545852 0.0044189091 0.01771301 0.01545852 0.0044189091 0.01771301 0.01545852 0.0044189091 0.01771301 0.01545852 0.0044189091 0.01771301 0.01545852 0.0044189091 0.01771301 0.01545852 0.0040974608 0.01771277 0.0087423315 0.0040974608 0.01771277 0.0087423315 0.0040974608 0.01771277 0.0087423315 0.0040974608 0.01771277 0.0087423315 0.003063082 0.02041316 0.01448625 0.003063082 0.02041316 0.01448625 0.003063082 0.02041316 0.01448625 0.003063082 0.02041316 0.01448625 0.003063082 0.02041316 0.01448625 0.0058342209 0.017719259 0.0082067838 0.0058342209 0.017719259 0.0082067838 0.0058342209 0.017719259 0.0082067838 0.0058342209 0.017719259 0.0082067838 0.0058342209 0.017719259 0.0082067838 0.0058342209 0.017719259 0.0082067838 0.0060003391 0.02041316 0.008207798 0.0060003391 0.02041316 0.008207798 0.0060003391 0.02041316 0.008207798 0.0060003391 0.02041316 0.008207798 0.002989888 0.017712651 0.01427406 0.002989888 0.017712651 0.01427406 0.002989888 0.017712651 0.01427406 0.002989888 0.017712651 0.01427406 0.0021581049 0.01760274 0.01248186 0.0021581049 0.01760274 0.01248186 0.0021581049 0.01760274 0.01248186 0.0021581049 0.01760274 0.01248186 0.0021581049 0.01760274 0.01248186 0.0021713369 0.020413211 0.01161444 0.0021713369 0.020413211 0.01161444 0.0021713369 0.020413211 0.01161444 0.0021713369 0.020413211 0.01161444 0.0027787678 0.017414739 0.01464384 0.0027787678 0.017414739 0.01464384 0.0027787678 0.017414739 0.01464384 0.0027787678 0.017414739 0.01464384 0.0027787678 0.017414739 0.01464384 0.0027787678 0.017414739 0.01464384 0.0027787678 0.017414739 0.01464384 0.0098398319 0.01771426 0.01179015 0.0098398319 0.01771426 0.01179015 0.0098398319 0.01771426 0.01179015 0.0098398319 0.01771426 0.01179015 0.0098398319 0.01771426 0.01179015 0.0098398319 0.01771426 0.01179015 0.0099671474 0.01741391 0.01086372 0.0099671474 0.01741391 0.01086372 0.0099671474 0.01741391 0.01086372 0.0099671474 0.01741391 0.01086372 0.0098444214 0.017413611 0.01344197 0.0098444214 0.017413611 0.01344197 0.0098444214 0.017413611 0.01344197 0.0098444214 0.017413611 0.01344197 0.0098444214 0.017413611 0.01344197 0.0098444214 0.017413611 0.01344197 0.009238719 0.017712889 0.01393586 0.009238719 0.017712889 0.01393586 0.009238719 0.017712889 0.01393586 0.009238719 0.017712889 0.01393586 0.0083630681 0.01759368 0.01505017 0.0083630681 0.01759368 0.01505017 0.0083630681 0.01759368 0.01505017 0.0083630681 0.01759368 0.01505017 0.0083630681 0.01759368 0.01505017 0.0083630681 0.01759368 0.01505017 0.006581008 0.01771914 0.015752129 0.006581008 0.01771914 0.015752129 0.006581008 0.01771914 0.015752129 0.006581008 0.01771914 0.015752129 0.006581008 0.01771914 0.015752129 0.0059339399 0.017415039 0.016176039 0.0059339399 0.017415039 0.016176039 0.0059339399 0.017415039 0.016176039 0.0059339399 0.017415039 0.016176039 0.0059339399 0.017415039 0.016176039 0.0059339399 0.017415039 0.016176039 0.0059339399 0.017415039 0.016176039 0.006598711 0.017413249 0.0079661598 0.006598711 0.017413249 0.0079661598 0.006598711 0.017413249 0.0079661598 0.006598711 0.017413249 0.0079661598 0.006598711 0.017413249 0.0079661598 0.006598711 0.017413249 0.0079661598 0.0084961047 0.01741367 0.0087400069 0.0084961047 0.01741367 0.0087400069 0.0084961047 0.01741367 0.0087400069 0.0084961047 0.01741367 0.0087400069 0.0084961047 0.01741367 0.0087400069 0.0084961047 0.01741367 0.0087400069 0.0041673179 0.01741486 0.0082772365 0.0041673179 0.01741486 0.0082772365 0.0041673179 0.01741486 0.0082772365 0.0041673179 0.01741486 0.0082772365 0.0041673179 0.01741486 0.0082772365 0.0077591529 0.017708119 0.0086468449 0.0077591529 0.017708119 0.0086468449 0.0077591529 0.017708119 0.0086468449 0.0077591529 0.017708119 0.0086468449 0.0077591529 0.017708119 0.0086468449 0.0077591529 0.017708119 0.0086468449 0.0090107908 0.017712651 0.0097258678 0.0090107908 0.017712651 0.0097258678 0.0090107908 0.017712651 0.0097258678 0.0090107908 0.017712651 0.0097258678 0.0090107908 0.017712651 0.0097258678 0.0090107908 0.017712651 0.0097258678 0.0089375963 0.02041316 0.01448625 0.0089375963 0.02041316 0.01448625 0.0089375963 0.02041316 0.01448625 0.0089375963 0.02041316 0.01448625 0.0089375963 0.02041316 0.01448625 0.0083829155 0.02041316 0.0089780679 0.0083829155 0.02041316 0.0089780679 0.0083829155 0.02041316 0.0089780679 0.0083829155 0.02041316 0.0089780679 0.0067550526 0.02041316 0.01571643 0.0067550526 0.02041316 0.01571643 0.0067550526 0.02041316 0.01571643 0.0067550526 0.02041316 0.01571643 0.0098293414 0.020413211 0.01161444 0.0098293414 0.020413211 0.01161444 0.0098293414 0.020413211 0.01161444 0.0098293414 0.020413211 0.01161444 </float_array>
          <technique_common>
            <accessor count="1062" offset="0" source="#meshId0-positions-array" stride="3">
              <param name="X" type="float" />
              <param name="Y" type="float" />
              <param name="Z" type="float" />
            </accessor>
          </technique_common>
        </source>
        <source id="meshId0-normals" name="meshId0-normals">
          <float_array id="meshId0-normals-array" count="3186"> 0.38840461 -0.70040834 -0.59880716 -0.00079999934 -0.99999917 -0.0010999991 -0.0016000576 -0.99993598 0.011200403 -0.0070996666 -0.99995303 0.0065996898 -0.055601157 -0.69771457 -0.71421492 0.0018999967 -0.99999821 0.00019999963 0.64128619 -0.69948494 -0.31539321 0.70130944 -0.69850934 0.1423019 -0.0036999546 -0.99998772 0.0032999595 -0.0085996622 -0.99996066 -0.0021999134 0.010900205 -0.99991882 0.0066001243 0.011100199 -0.99991792 0.0064001149 -0.0046999399 -0.99998724 -0.0018999758 -0.61731493 -0.69971699 -0.35960874 -0.71516293 -0.69556391 0.068796434 0.0071003432 -0.99984837 0.01590077 0.011100199 -0.99991792 0.0064001149 0.040700734 -0.99891806 -0.022500407 -0.0016999976 -0.99999857 -0.00039999941 -0.35760918 -0.70701814 -0.61011559 -0.61731493 -0.69971699 -0.35960874 -0.00079999934 -0.99999917 -0.0010999991 -0.0016999976 -0.99999857 -0.00039999941 -0.055601157 -0.69771457 -0.71421492 -0.35760918 -0.70701814 -0.61011559 0.38840461 -0.70040834 -0.59880716 0.64128619 -0.69948494 -0.31539321 -0.00029999114 -0.99987042 0.016099524 -0.0016000576 -0.99993598 0.011200403 -0.0085996622 -0.99996066 -0.0021999134 -0.012000083 -0.9999069 0.0065000453 0 -0.027200818 0.99963003 0.0041001248 0.63751942 0.77042347 -0.0015999955 -0.0016999954 0.99999726 -0.95917875 0.064298578 0.2753939 -0.99360192 0.063200116 0.093600176 -0.99919963 0.011199996 0.038399987 -0.99977428 0.011599701 0.017799541 0 -0.027200818 0.99963003 0.0011999839 -0.71979028 -0.69419062 0.87091094 0.058000728 0.48800614 0.9144361 0.0034001344 -0.40471601 0.99901021 0.0027000275 -0.04440045 0.99976236 -0.0061997664 -0.020899212 -0.0010000013 -0.70990092 -0.70430088 -0.0015999955 -0.0016999954 0.99999726 0 -0.027200818 0.99963003 -0.0010000013 -0.70990092 -0.70430088 -0.87289 0.0046999459 -0.48789442 -0.95917875 0.064298578 0.2753939 -0.99933255 0.0041001337 -0.036301181 -0.99989462 -0.0044999756 -0.013799926 0 0.99967998 0.025299493 0.0011999839 -0.71979028 -0.69419062 -0.0010000013 -0.70990092 -0.70430088 -0.0013999956 0.9999969 0.0020999934 -0.43887797 0.89825493 0.022898851 -0.69610679 -0.71790701 0.0067000655 -0.71471238 0.69931209 0.012200211 -0.95639873 -0.29189962 0.0097999871 -0.99986196 0.011699555 -0.011799552 -0.99989462 -0.0044999756 -0.013799926 -0.99998856 -0.0042999508 -0.0020999759 0 0.99967998 0.025299493 0.0011999839 -0.71979028 -0.69419062 0.54983097 0.83444703 -0.037202097 0.69879097 -0.71529073 0.0070999078 0.70222777 0.71182811 0.013300525 0.78249156 0.62259328 0.0091999006 0.99275845 -0.11959499 0.011299527 0.99976236 -0.0061997664 -0.020899212 0.99988735 0.0099998731 -0.011199858 0.9999826 -0.0056999009 -0.0014999739 0.0064002383 -0.043401618 0.99903721 -0.012099511 -0.011599531 0.99985957 -0.014500271 -0.99961871 0.023500439 -0.04730159 0.0097003262 0.99883354 -0.99973059 -0.020700634 0.010500321 -0.04730159 0.0097003262 0.99883354 -0.06810274 -0.99754018 -0.016600668 -0.99648911 -0.059599347 0.058799356 -0.99833924 -0.00090003532 -0.05760226 -0.998909 0 -0.046700422 -0.99973059 -0.020700634 0.010500321 -0.99987042 0 -0.016099524 0 -0.99966973 -0.025699221 0.00060001342 -0.99952233 -0.030900691 0.00089999934 -0.0007999994 -0.99999928 -0.0014999971 0.0012999976 -0.99999809 -0.014500271 -0.99961871 0.023500439 -0.99833924 -0.00090003532 -0.05760226 -0.99973059 -0.020700634 0.010500321 -0.024699474 -0.077598348 0.99667871 -0.055602506 -0.99844503 0.0040001809 -0.06810274 -0.99754018 -0.016600668 -0.60899174 -0.027799621 0.7926892 -0.99648911 -0.059599347 0.058799356 -0.60899174 -0.027799621 0.7926892 -0.83524156 -0.39111945 0.38651922 -0.99552447 0.00060001476 0.094502315 -0.99648911 -0.059599347 0.058799356 -0.99919963 0.011199996 0.038399987 -0.99977428 0.011599701 0.017799541 -0.99987042 0 -0.016099524 0.0019999337 -0.99986684 0.016199464 0.0032001978 -0.73584551 0.67714185 -0.0018000834 -0.99994636 0.010200473 -0.0039000656 -0.66401112 0.74771255 -0.99950016 -0.022800004 0.021900004 -0.99973255 -0.023000749 0.0024000781 0.0022999321 -0.02129937 0.99977046 -0.0021999378 0.0071997964 0.99997175 -0.0039000656 -0.66401112 0.74771255 -0.98712456 0.014400357 0.15930396 -0.99950016 -0.022800004 0.021900004 0.0041001248 0.63751942 0.77042347 -0.0013999956 0.9999969 0.0020999934 -0.010499936 0.82289499 0.56809652 -0.43887797 0.89825493 0.022898851 -0.99552447 0.00060001476 0.094502315 -0.99977428 0.011599701 0.017799541 -0.99997115 9.9997116e-05 -0.0075997808 0.0033000824 0.65361631 0.75681889 -0.0021999378 0.0071997964 0.99997175 -0.0024999839 0.71069539 0.70349544 -0.57218343 0.61648214 0.54088432 -0.98712456 0.014400357 0.15930396 -0.43887797 0.89825493 0.022898851 -0.57218343 0.61648214 0.54088432 -0.71471238 0.69931209 0.012200211 -0.98712456 0.014400357 0.15930396 -0.99950016 -0.022800004 0.021900004 -0.99973255 -0.023000749 0.0024000781 -0.99997115 9.9997116e-05 -0.0075997808 -0.046498664 -0.0096997218 0.99887133 -0.069798164 0.99747384 -0.013199653 -0.99360192 0.063200116 0.093600176 -0.998909 0 -0.046700422 -0.99919963 0.011199996 0.038399987 -0.99946469 0.020499278 0.0254991 -0.99987042 0 -0.016099524 0.020699399 0.0377989 -0.99907094 -0.016699409 0.81517112 0.57897949 -0.069798164 0.99747384 -0.013199653 -0.071401611 0.9973225 -0.015800355 -0.87289 0.0046999459 -0.48789442 -0.95917875 0.064298578 0.2753939 -0.99360192 0.063200116 0.093600176 0.0011000324 0.99932939 -0.036601078 -0.0014999971 0.0012999976 -0.99999809 -0.0030999638 0.99998832 0.0036999567 -0.0094003351 0.9996357 0.025300903 -0.99833924 -0.00090003532 -0.05760226 -0.998909 0 -0.046700422 -0.99946469 0.020499278 0.0254991 0.0035999562 0.031799614 0.99948782 -0.0094003351 0.9996357 0.025300903 -0.010299666 0.012599591 0.99986756 -0.046498664 -0.0096997218 0.99887133 -0.99946469 0.020499278 0.0254991 -0.011299672 -0.030499114 0.99947089 -0.012400285 -0.00060001382 0.99992293 -0.74670291 -0.66300261 -0.053500209 -0.87250173 -0.48100096 0.085900173 -0.9987601 -0.046898127 0.016699333 0.026900373 -0.077701069 0.99661374 0.04520148 -0.99843264 0.03300108 0.38942468 -0.43632767 0.81115139 0.66998678 -0.73688537 0.090098217 0.7559678 -0.65257221 -0.051597808 -0.00010000235 -0.039400928 0.99922353 -0.00049999397 -0.042699482 0.99908787 -0.00079996319 0.049897704 0.99875402 0.026900373 -0.077701069 0.99661374 0.04520148 -0.99843264 0.03300108 0.073696241 -0.99714911 -0.016199173 0.62908661 -0.026499433 0.77688342 0.99649501 -0.059599701 0.058699705 -0.00049999397 -0.042699482 0.99908787 -0.00079996319 0.049897704 0.99875402 -0.011299672 -0.030499114 0.99947089 -0.024699474 -0.077598348 0.99667871 -0.055602506 -0.99844503 0.0040001809 -0.5349077 -0.83681208 0.11670168 -0.74670291 -0.66300261 -0.053500209 0.0049001891 -0.04580177 0.99893856 -0.0049001821 -0.9987371 0.050001856 -0.012400285 -0.00060001382 0.99992293 -0.99820459 -0.059800275 -0.0034000156 -0.9987601 -0.046898127 0.016699333 0 -0.9996354 0.027000956 0.0049001891 -0.04580177 0.99893856 0.76850635 -0.030700255 0.63910532 0.99688089 -0.078798488 -0.0043999157 0.99740773 -0.071300551 0.0097000757 -0.0049001821 -0.9987371 0.050001856 0.0049001891 -0.04580177 0.99893856 0.38942468 -0.43632767 0.81115139 0.76850635 -0.030700255 0.63910532 -0.00079996319 0.049897704 0.99875402 -0.011299672 -0.030499114 0.99947089 -0.012400285 -0.00060001382 0.99992293 0.010999643 -0.011999611 0.99986756 0.014600664 -0.99974549 0.017200783 0.045001797 0.0097003868 0.99893981 0.99963808 -0.020600785 0.01730066 -0.0064998902 -0.037299372 0.99928308 0 -0.9996354 0.027000956 0 -0.99966973 -0.025699221 0.00060001342 -0.99952233 -0.030900691 0.014600664 -0.99974549 0.017200783 0.99688089 -0.078798488 -0.0043999157 -0.0064998902 -0.037299372 0.99928308 0.00060001342 -0.99952233 -0.030900691 0.00089999934 -0.0007999994 -0.99999928 0.014600664 -0.99974549 0.017200783 0.99860501 -0.00050000253 -0.052800264 0.99963808 -0.020600785 0.01730066 0 -0.9996354 0.027000956 0 -0.99966973 -0.025699221 0.0064002383 -0.043401618 0.99903721 -0.0049001821 -0.9987371 0.050001856 -0.014500271 -0.99961871 0.023500439 -0.99820459 -0.059800275 -0.0034000156 0.00089999934 -0.0007999994 -0.99999928 0.0011000324 0.99932939 -0.036601078 0.015000501 0.99983341 0.010400347 0.99860501 -0.00050000253 -0.052800264 0.99915093 0.00049997546 -0.041197978 0.99953169 0.019600622 0.023500744 -0.0014999971 0.0012999976 -0.99999809 0.0011000324 0.99932939 -0.036601078 0.0046000355 0.9990077 0.04430034 0.015000501 0.99983341 0.010400347 0.99479014 0.082199186 0.060299404 0.99744612 0.063902959 0.031901475 -0.0030998734 0.99995911 0.0084996531 -0.0030999638 0.99998832 0.0036999567 -0.0067001721 0.036100931 0.99932575 0.010299666 0.012599591 0.99986756 0.015000501 0.99983341 0.010400347 0.045201611 -0.009200328 0.99893552 0.99953169 0.019600622 0.023500744 -0.0067001721 0.036100931 0.99932575 0.0046000355 0.9990077 0.04430034 -0.0030998734 0.99995911 0.0084996531 -0.0044998247 0.047498152 0.99886119 -0.69819325 0.012899876 0.71579307 -0.99729943 0.063499965 0.036899976 0.00010000387 0.033501297 0.9994387 0.0046000355 0.9990077 0.04430034 0.70098025 0.001099969 0.71317989 0.99744612 0.063902959 0.031901475 -0.0044998247 0.047498152 0.99886119 0.0035999562 0.031799614 0.99948782 -0.0030998734 0.99995911 0.0084996531 -0.0030999638 0.99998832 0.0036999567 -0.0094003351 0.9996357 0.025300903 -0.99499255 0.079099402 0.06109954 -0.99729943 0.063499965 0.036899976 0.00010000387 0.033501297 0.9994387 0.0077998354 0.70658511 -0.7075851 -0.0020000937 0.69383246 -0.72013366 -0.0030999854 -9.9999517e-05 -0.99999523 -0.0044998247 0.047498152 0.99886119 -0.56681722 0.24450742 0.78672385 -0.69819325 0.012899876 0.71579307 -0.77247339 0.62217855 0.12719563 0.00010000387 0.033501297 0.9994387 0.0005999956 0.70299482 -0.71119475 0.0033999803 -0.00029999827 -0.99999416 0.57160455 0.24720196 0.78240621 0.70098025 0.001099969 0.71317989 0.775994 0.62509519 0.084199347 -0.0020000937 0.69383246 -0.72013366 -0.0042999792 0.70939654 -0.70479655 0.00089999492 -0.54659694 0.83739531 0.0019999337 -0.99986684 0.016199464 0.8252641 -0.39758271 0.40108255 0.99289531 -0.016799919 0.11779944 0.99985021 -0.017300868 -0.00050002511 0.99985361 -0.017099207 -0.00059997221 -0.0018000834 -0.99994636 0.010200473 0.00050000212 -0.55100232 0.83450353 0.00089999492 -0.54659694 0.83739531 -0.0018000834 -0.99994636 0.010200473 -0.83524156 -0.39111945 0.38651922 -0.99552447 0.00060001476 0.094502315 -0.99973255 -0.023000749 0.0024000781 -0.99997115 9.9997116e-05 -0.0075997808 0.0022999321 -0.02129937 0.99977046 0.0032001978 -0.73584551 0.67714185 0.98729843 0.012299981 0.15839976 0.99905515 -0.016999237 0.0399982 -0.0039000656 -0.66401112 0.74771255 0.017899925 0.78699672 0.61669743 0.076099753 0.99679679 0.024599919 0.87091094 0.058000728 0.48800614 0.9144361 0.0034001344 -0.40471601 0.99469775 0.054199878 0.087399796 -0.017500438 0.032300808 -0.99932498 0.045201611 -0.009200328 0.99893552 0.059700288 0.99820483 -0.0048000235 0.076099753 0.99679679 0.024599919 0.99469775 0.054199878 0.087399796 0.99915093 0.00049997546 -0.041197978 0.99918234 0.011699793 0.038699318 0.99953169 0.019600622 0.023500744 0.99986053 0.00049998029 -0.01669934 0.045001797 0.0097003868 0.99893981 0.073696241 -0.99714911 -0.016199173 0.99649501 -0.059599701 0.058699705 0.99860501 -0.00050000253 -0.052800264 0.99915093 0.00049997546 -0.041197978 0.99963808 -0.020600785 0.01730066 0.99986053 0.00049998029 -0.01669934 0.62908661 -0.026499433 0.77688342 0.8252641 -0.39758271 0.40108255 0.99289531 -0.016799919 0.11779944 0.99372005 0.015600313 -0.11080223 0.99649501 -0.059599701 0.058699705 0.99918234 0.011699793 0.038699318 0.99986053 0.00049998029 -0.01669934 0.0019999337 -0.99986684 0.016199464 0.0032001978 -0.73584551 0.67714185 0.99905515 -0.016999237 0.0399982 0.99985361 -0.017099207 -0.00059997221 0.54983097 0.83444703 -0.037202097 0.78249156 0.62259328 0.0091999006 0.82062739 0.39211309 0.41571388 0.99289531 -0.016799919 0.11779944 0.99372005 0.015600313 -0.11080223 0.99985021 -0.017300868 -0.00050002511 0.0022999321 -0.02129937 0.99977046 0.0033000824 0.65361631 0.75681889 0.63400024 0.54120022 0.55240023 0.98729843 0.012299981 0.15839976 -0.0021999378 0.0071997964 0.99997175 0.0041001248 0.63751942 0.77042347 0.82062739 0.39211309 0.41571388 0.87091094 0.058000728 0.48800614 0.99372005 0.015600313 -0.11080223 0.99469775 0.054199878 0.087399796 0.99918234 0.011699793 0.038699318 -0.0015999955 -0.0016999954 0.99999726 -0.010499936 0.82289499 0.56809652 0.63400024 0.54120022 0.55240023 0.70222777 0.71182811 0.013300525 0.78249156 0.62259328 0.0091999006 0.98729843 0.012299981 0.15839976 0.99905515 -0.016999237 0.0399982 0.99985021 -0.017300868 -0.00050002511 0.99985361 -0.017099207 -0.00059997221 0.010299666 0.012599591 0.99986756 0.045201611 -0.009200328 0.99893552 0.059700288 0.99820483 -0.0048000235 0.63510019 0.77190018 0.028600007 0.010299666 0.012599591 0.99986756 0.61668712 0.78508359 0.057798792 0.63510019 0.77190018 0.028600007 0.91413713 0.39571607 -0.088103577 0.99479014 0.082199186 0.060299404 -0.0067001721 0.036100931 0.99932575 0.57160455 0.24720196 0.78240621 0.70098025 0.001099969 0.71317989 0.91413713 0.39571607 -0.088103577 0.99479014 0.082199186 0.060299404 0.99744612 0.063902959 0.031901475 0.36569417 0.46459258 0.80648714 0.57160455 0.24720196 0.78240621 0.61668712 0.78508359 0.057798792 0.775994 0.62509519 0.084199347 0.91413713 0.39571607 -0.088103577 0.017899925 0.78699672 0.61669743 0.059700288 0.99820483 -0.0048000235 0.076099753 0.99679679 0.024599919 0.36569417 0.46459258 0.80648714 0.61668712 0.78508359 0.057798792 0.63510019 0.77190018 0.028600007 0.010999643 -0.011999611 0.99986756 0.66998678 -0.73688537 0.090098217 0.7559678 -0.65257221 -0.051597808 0.99688089 -0.078798488 -0.0043999157 0.99740773 -0.071300551 0.0097000757 -0.0064998902 -0.037299372 0.99928308 0.010999643 -0.011999611 0.99986756 0.045001797 0.0097003868 0.99893981 0.04520148 -0.99843264 0.03300108 0.073696241 -0.99714911 -0.016199173 0.66998678 -0.73688537 0.090098217 0.38942468 -0.43632767 0.81115139 0.7559678 -0.65257221 -0.051597808 0.76850635 -0.030700255 0.63910532 0.99740773 -0.071300551 0.0097000757 0.0035999562 0.031799614 0.99948782 -0.010299666 0.012599591 0.99986756 -0.61651117 0.78521425 0.057901051 -0.63202578 0.77423155 0.033301357 -0.91352677 0.39721164 -0.087702572 -0.99499255 0.079099402 0.06109954 -0.010299666 0.012599591 0.99986756 -0.046498664 -0.0096997218 0.99887133 -0.069798164 0.99747384 -0.013199653 -0.071401611 0.9973225 -0.015800355 -0.63202578 0.77423155 0.033301357 -0.016699409 0.81517112 0.57897949 -0.071401611 0.9973225 -0.015800355 -0.37370816 0.46801025 0.80081755 -0.61651117 0.78521425 0.057901051 -0.63202578 0.77423155 0.033301357 -0.37370816 0.46801025 0.80081755 -0.56681722 0.24450742 0.78672385 -0.61651117 0.78521425 0.057901051 -0.77247339 0.62217855 0.12719563 -0.91352677 0.39721164 -0.087702572 -0.56681722 0.24450742 0.78672385 -0.69819325 0.012899876 0.71579307 -0.91352677 0.39721164 -0.087702572 -0.99499255 0.079099402 0.06109954 -0.99729943 0.063499965 0.036899976 0 0 1 0.0064002383 -0.043401618 0.99903721 -0.012099511 -0.011599531 0.99985957 -0.87250173 -0.48100096 0.085900173 -0.99820459 -0.059800275 -0.0034000156 -0.9987601 -0.046898127 0.016699333 0 0 1 -0.5349077 -0.83681208 0.11670168 -0.74670291 -0.66300261 -0.053500209 -0.87250173 -0.48100096 0.085900173 0 0 1 -0.012099511 -0.011599531 0.99985957 -0.04730159 0.0097003262 0.99883354 -0.055602506 -0.99844503 0.0040001809 -0.06810274 -0.99754018 -0.016600668 -0.5349077 -0.83681208 0.11670168 0.00050000212 -0.55100232 0.83450353 0.00089999492 -0.54659694 0.83739531 0.026900373 -0.077701069 0.99661374 0.62908661 -0.026499433 0.77688342 0.8252641 -0.39758271 0.40108255 -0.00010000235 -0.039400928 0.99922353 0.00050000212 -0.55100232 0.83450353 -0.00010000235 -0.039400928 0.99922353 -0.00049999397 -0.042699482 0.99908787 -0.024699474 -0.077598348 0.99667871 -0.60899174 -0.027799621 0.7926892 -0.83524156 -0.39111945 0.38651922 0 0.99967998 0.025299493 0.54983097 0.83444703 -0.037202097 0.82062739 0.39211309 0.41571388 -0.0013999956 0.9999969 0.0020999934 -0.010499936 0.82289499 0.56809652 0.0033000824 0.65361631 0.75681889 0.63400024 0.54120022 0.55240023 0.70222777 0.71182811 0.013300525 0.99275845 -0.11959499 0.011299527 -0.00030000706 -0.99922347 0.039400924 -0.00090000866 -0.99950963 0.031300303 -0.0024999839 0.71069539 0.70349544 -0.00090000866 -0.99950963 0.031300303 -0.0024999839 0.71069539 0.70349544 -0.57218343 0.61648214 0.54088432 -0.71471238 0.69931209 0.012200211 -0.95639873 -0.29189962 0.0097999871 0.020699399 0.0377989 -0.99907094 -0.0030999854 -9.9999517e-05 -0.99999523 -0.016699409 0.81517112 0.57897949 -0.37370816 0.46801025 0.80081755 -0.77247339 0.62217855 0.12719563 0.0033999803 -0.00029999827 -0.99999416 0.017899925 0.78699672 0.61669743 0.36569417 0.46459258 0.80648714 0.775994 0.62509519 0.084199347 -0.017500438 0.032300808 -0.99932498 0.0077998354 0.70658511 -0.7075851 0.020699399 0.0377989 -0.99907094 -0.0030999854 -9.9999517e-05 -0.99999523 -0.87289 0.0046999459 -0.48789442 -0.99933255 0.0041001337 -0.036301181 0.0022000044 0.86940175 0.49410099 -0.00030001331 0.86813843 0.49632201 -0.0014999667 0.99997783 0.0064998562 -0.73589289 0.55539465 0.38729629 -0.99599367 0.013499915 0.08839944 -0.99986196 0.011699555 -0.011799552 -0.99998856 -0.0042999508 -0.0020999759 0.0020999948 0.99999762 0.00059999857 0.0022000044 0.86940175 0.49410099 0.7415117 0.55080867 0.38310602 0.99598956 0.013799855 0.088399075 0.99988735 0.0099998731 -0.011199858 0.9999826 -0.0056999009 -0.0014999739 -0.0014999667 0.99997783 0.0064998562 0 0.063698031 0.99796921 0.00079996849 0.075297035 0.99716079 -0.00030001331 0.86813843 0.49632201 -0.65963292 0.019400969 0.75133747 -0.73589289 0.55539465 0.38729629 0.00079996849 0.075297035 0.99716079 0.0022000044 0.86940175 0.49410099 0.63733065 0.029201403 0.770037 0.7415117 0.55080867 0.38310602 -0.00030001331 0.86813843 0.49632201 0 0.063698031 0.99796921 0 1 -9.9999997e-05 0 1 -0.00019999999 -0.65963292 0.019400969 0.75133747 -0.67533046 0.011000495 0.7374332 -0.70999306 0.70419317 0.0046999538 0 0.063698031 0.99796921 0 1 -0.00019999999 0.00079996849 0.075297035 0.99716079 0.57910722 0.8152101 0.0082001025 0.63733065 0.029201403 0.770037 0.67272103 0.010400325 0.7398231 0.70102531 0.71312577 0.0039001408 -0.0020999659 0.0052999137 0.99998379 -0.0030000908 0.99953026 0.030500924 -0.0097997067 -0.012799617 0.99987006 -0.087297335 0.99106979 0.10079692 -0.52369744 0.0037999814 0.85189581 -0.087297335 0.99106979 0.10079692 -0.49679515 0.021899786 0.86759156 -0.52369744 0.0037999814 0.85189581 -0.63690251 0.72110283 0.27270108 -0.72221947 -0.032100867 0.69091868 -0.89794916 0.037202038 0.43852401 0.050799351 0.9952873 0.082598947 0.31849194 0.055898581 0.94627601 0.34041461 0.89423841 0.29061246 0.58878225 -0.022599319 0.80797565 0.64509892 0.00069999881 0.76409876 0.050799351 0.9952873 0.082598947 0.31849194 0.055898581 0.94627601 -0.0010000115 0.99971145 0.024000274 -0.0020999659 0.0052999137 0.99998379 -0.0030000908 0.99953026 0.030500924 0 1 -9.9999997e-05 0 1 -0.00019999999 0.050799351 0.9952873 0.082598947 0.34041461 0.89423841 0.29061246 0.57910722 0.8152101 0.0082001025 0.87121809 0.37980786 0.31100643 -0.0010000115 0.99971145 0.024000274 0 1 -9.9999997e-05 -0.0010000115 0.99971145 0.024000274 -0.0030000908 0.99953026 0.030500924 -0.087297335 0.99106979 0.10079692 -0.63690251 0.72110283 0.27270108 -0.70999306 0.70419317 0.0046999538 -0.72330678 0.69050652 0.0053000497 -0.00029999114 -0.99987042 0.016099524 -0.012000083 -0.9999069 0.0065000453 -0.43071657 -0.85673296 0.2837109 -0.49679515 0.021899786 0.86759156 -0.72221947 -0.032100867 0.69091868 -0.00029999114 -0.99987042 0.016099524 -0.0036999546 -0.99998772 0.0032999595 -0.0085996622 -0.99996066 -0.0021999134 -0.43071657 -0.85673296 0.2837109 -0.69981927 -0.71431965 0.00070001924 -0.95982337 -0.024800604 0.2795068 -0.99921989 -0.035100702 0.01810036 0.0072996784 -0.70186907 0.71226859 -0.0016000576 -0.99993598 0.011200403 -0.0070996666 -0.99995303 0.0065996898 -0.0097997067 -0.012799617 0.99987006 -0.012000083 -0.9999069 0.0065000453 -0.49679515 0.021899786 0.86759156 -0.52369744 0.0037999814 0.85189581 0 -0.12300082 0.99240655 0 -0.99999392 0.0034999789 0.0018999967 -0.99999821 0.00019999963 0.0055998242 -0.99996865 -0.0055998242 -0.0029999639 -0.99998796 0.0038999529 -0.0036999546 -0.99998772 0.0032999595 -0.0048000482 -0.18720186 0.98230976 -0.66941458 -0.010400227 0.74281621 -0.69981927 -0.71431965 0.00070001924 0.0018999967 -0.99999821 0.00019999963 0.54737377 -0.69986641 0.45887801 0.70130944 -0.69850934 0.1423019 -0.0029999639 -0.99998796 0.0038999529 0.0072996784 -0.70186907 0.71226859 0.040700734 -0.99891806 -0.022500407 0.40140814 -0.66931361 0.62521267 -0.00079999934 -0.99999917 -0.0010999991 -0.0016999976 -0.99999857 -0.00039999941 -0.0070996666 -0.99995303 0.0065996898 0.0071003432 -0.99984837 0.01590077 0.040700734 -0.99891806 -0.022500407 0.40140814 -0.66931361 0.62521267 0.58878225 -0.022599319 0.80797565 0.64509892 0.00069999881 0.76409876 0.88547027 -0.049198344 0.46208447 0.0071003432 -0.99984837 0.01590077 0.010900205 -0.99991882 0.0066001243 0.011100199 -0.99991792 0.0064001149 0.70930195 -0.70490193 0.0020000057 0.88547027 -0.049198344 0.46208447 0.94168055 0.003199934 0.33649305 0.99924231 -0.03520149 0.016600704 0 -0.12300082 0.99240655 0 -0.99999392 0.0034999789 0.00019999976 -0.99999881 0.0015999981 0.010900205 -0.99991882 0.0066001243 0.64550328 0.036100183 0.76290387 0.70930195 -0.70490193 0.0020000057 -0.00459992 -0.9999826 -0.0036999355 -0.0046999399 -0.99998724 -0.0018999758 0.0020999506 -0.93147814 0.36379144 0.15630138 -0.0012000107 -0.98770869 -0.0048000482 -0.18720186 0.98230976 -0.0056002662 -0.86994135 -0.49312344 -0.66941458 -0.010400227 0.74281621 -0.70159924 -0.64009929 -0.31309968 -0.88242048 -0.0069001601 -0.47041094 -0.99629134 -0.0049999566 0.085899256 0 -0.12300082 0.99240655 0.0020999506 -0.93147814 0.36379144 0.64550328 0.036100183 0.76290387 0.9861995 -0.03599998 -0.16159992 -0.0048000482 -0.18720186 0.98230976 -0.00019998863 -0.86725068 -0.4978717 -0.00030000706 -0.99922347 0.039400924 -0.00090000866 -0.99950963 0.031300303 -0.0056002662 -0.86994135 -0.49312344 -0.69610679 -0.71790701 0.0067000655 -0.70159924 -0.64009929 -0.31309968 -0.95639873 -0.29189962 0.0097999871 0.0020999506 -0.93147814 0.36379144 0.70212662 -0.6390242 -0.31411192 0.88281816 -0.0022000454 -0.46970969 0.92680669 -0.0052000377 -0.37550271 0.9861995 -0.03599998 -0.16159992 0.99630809 -0.014000115 0.084700696 -0.00019998863 -0.86725068 -0.4978717 -0.0056002662 -0.86994135 -0.49312344 0.69879097 -0.71529073 0.0070999078 0.70212662 -0.6390242 -0.31411192 0.99275845 -0.11959499 0.011299527 -0.00019998863 -0.86725068 -0.4978717 -0.00030000706 -0.99922347 0.039400924 0.0005999956 0.70299482 -0.71119475 0.0020999948 0.99999762 0.00059999857 0.0077998354 0.70658511 -0.7075851 -0.0014999667 0.99997783 0.0064998562 -0.0020000937 0.69383246 -0.72013366 -0.99933255 0.0041001337 -0.036301181 -0.99989462 -0.0044999756 -0.013799926 -0.99998856 -0.0042999508 -0.0020999759 0.0005999956 0.70299482 -0.71119475 0.0020999948 0.99999762 0.00059999857 0.99901021 0.0027000275 -0.04440045 0.99976236 -0.0061997664 -0.020899212 0.9999826 -0.0056999009 -0.0014999739 -0.0042999792 0.70939654 -0.70479655 0.0033999803 -0.00029999827 -0.99999416 0.9144361 0.0034001344 -0.40471601 0.99901021 0.0027000275 -0.04440045 -0.0042999792 0.70939654 -0.70479655 -0.017500438 0.032300808 -0.99932498 -0.69610679 -0.71790701 0.0067000655 -0.70159924 -0.64009929 -0.31309968 -0.99599367 0.013499915 0.08839944 -0.99629134 -0.0049999566 0.085899256 -0.99986196 0.011699555 -0.011799552 -0.65963292 0.019400969 0.75133747 -0.67533046 0.011000495 0.7374332 -0.73589289 0.55539465 0.38729629 -0.88242048 -0.0069001601 -0.47041094 -0.99599367 0.013499915 0.08839944 -0.99629134 -0.0049999566 0.085899256 0.15630138 -0.0012000107 -0.98770869 -0.66941458 -0.010400227 0.74281621 -0.69981927 -0.71431965 0.00070001924 -0.99921989 -0.035100702 0.01810036 -0.99996948 -0.0013999572 0.0076997648 0.15630138 -0.0012000107 -0.98770869 -0.67533046 0.011000495 0.7374332 -0.70999306 0.70419317 0.0046999538 -0.72330678 0.69050652 0.0053000497 -0.88242048 -0.0069001601 -0.47041094 -0.99996948 -0.0013999572 0.0076997648 0.57910722 0.8152101 0.0082001025 0.70102531 0.71312577 0.0039001408 0.87121809 0.37980786 0.31100643 0.94168055 0.003199934 0.33649305 0.99924231 -0.03520149 0.016600704 0.99998105 -0.0013999734 0.0059998864 0.64550328 0.036100183 0.76290387 0.70930195 -0.70490193 0.0020000057 0.88281816 -0.0022000454 -0.46970969 0.9861995 -0.03599998 -0.16159992 0.99924231 -0.03520149 0.016600704 0.99998105 -0.0013999734 0.0059998864 0.63733065 0.029201403 0.770037 0.67272103 0.010400325 0.7398231 0.7415117 0.55080867 0.38310602 0.92680669 -0.0052000377 -0.37550271 0.99598956 0.013799855 0.088399075 0.99630809 -0.014000115 0.084700696 0.67272103 0.010400325 0.7398231 0.70102531 0.71312577 0.0039001408 0.88281816 -0.0022000454 -0.46970969 0.92680669 -0.0052000377 -0.37550271 0.99998105 -0.0013999734 0.0059998864 0.69879097 -0.71529073 0.0070999078 0.70212662 -0.6390242 -0.31411192 0.99598956 0.013799855 0.088399075 0.99630809 -0.014000115 0.084700696 0.99988735 0.0099998731 -0.011199858 -0.43071657 -0.85673296 0.2837109 -0.72221947 -0.032100867 0.69091868 -0.89794916 0.037202038 0.43852401 -0.95982337 -0.024800604 0.2795068 -0.63690251 0.72110283 0.27270108 -0.72330678 0.69050652 0.0053000497 -0.89794916 0.037202038 0.43852401 -0.95982337 -0.024800604 0.2795068 -0.99921989 -0.035100702 0.01810036 -0.99996948 -0.0013999572 0.0076997648 0.34041461 0.89423841 0.29061246 0.64509892 0.00069999881 0.76409876 0.87121809 0.37980786 0.31100643 0.88547027 -0.049198344 0.46208447 0.94168055 0.003199934 0.33649305 0.0072996784 -0.70186907 0.71226859 0.31849194 0.055898581 0.94627601 0.40140814 -0.66931361 0.62521267 0.58878225 -0.022599319 0.80797565 -0.0020999659 0.0052999137 0.99998379 -0.0097997067 -0.012799617 0.99987006 0.0055998242 -0.99996865 -0.0055998242 0.21539304 -0.69707745 0.68387789 0.54737377 -0.69986641 0.45887801 -0.0029999639 -0.99998796 0.0038999529 0.00019999976 -0.99999881 0.0015999981 -0.0046999399 -0.99998724 -0.0018999758 -0.56882381 -0.6933291 0.44241858 -0.71516293 -0.69556391 0.068796434 0.21539304 -0.69707745 0.68387789 0.38840461 -0.70040834 -0.59880716 0.54737377 -0.69986641 0.45887801 0.64128619 -0.69948494 -0.31539321 0.70130944 -0.69850934 0.1423019 -0.055601157 -0.69771457 -0.71421492 -0.25729927 -0.69969809 0.66649812 -0.35760918 -0.70701814 -0.61011559 -0.56882381 -0.6933291 0.44241858 -0.61731493 -0.69971699 -0.35960874 -0.71516293 -0.69556391 0.068796434 0 -0.99999392 0.0034999789 0.0055998242 -0.99996865 -0.0055998242 0.21539304 -0.69707745 0.68387789 -0.00459992 -0.9999826 -0.0036999355 -0.25729927 -0.69969809 0.66649812 0.00019999976 -0.99999881 0.0015999981 -0.00459992 -0.9999826 -0.0036999355 -0.25729927 -0.69969809 0.66649812 -0.56882381 -0.6933291 0.44241858 0.88149077 -0.079299167 0.46549511 0.94048792 -0.33929563 -0.018999755 0.99749213 0.013899891 -0.069399454 -0.0023000166 0.99980718 0.01950014 -0.0057001999 0.99973506 0.022300782 -0.04179905 0.99847728 0.035999179 0.066498362 0.99767536 -0.014899632 0.56028271 -0.47168544 0.68087894 0.57410622 0.03060033 0.81820881 0.87300122 -0.091800123 0.47900066 0.88149077 -0.079299167 0.46549511 -0.0023000166 0.99980718 0.01950014 0 -1 0 0.29460499 -0.031000525 0.95511615 0.30760583 -0.019300368 0.95131809 0.57410622 0.03060033 0.81820881 0.87300122 -0.091800123 0.47900066 0 -1 0 0.042897914 -0.015999222 -0.99895144 0.1344018 0.037600506 -0.99021333 0.50899559 -0.053699534 -0.85909253 0.085096888 -0.78737122 -0.61057764 0.1344018 0.037600506 -0.99021333 0.21000789 -0.4943186 -0.84353173 0.38539863 -0.79719716 -0.46469834 0.50899559 -0.053699534 -0.85909253 0.63751876 0.043201271 -0.76922268 0.17330018 -0.81550086 0.55220056 0.29460499 -0.031000525 0.95511615 0.56028271 -0.47168544 0.68087894 0.57410622 0.03060033 0.81820881 0 -1 0 0.50899559 -0.053699534 -0.85909253 0.63751876 0.043201271 -0.76922268 0.90887552 0.0080997823 -0.41698876 0.9517433 -0.082803771 -0.29551348 0.039899174 -0.32439327 0.9450804 0.17330018 -0.81550086 0.55220056 0.29460499 -0.031000525 0.95511615 0.30760583 -0.019300368 0.95131809 -0.12520327 -0.84102196 0.52631378 -0.22279395 0.013399635 0.97477353 0 -1 0 0.30760583 -0.019300368 0.95131809 -0.22279395 0.013399635 0.97477353 -0.30730709 -0.04550105 0.95052201 0.38539863 -0.79719716 -0.46469834 0.51959437 -0.81969118 -0.24109741 0.63751876 0.043201271 -0.76922268 0.67911547 -0.44611019 -0.58291328 0.90887552 0.0080997823 -0.41698876 0.51959437 -0.81969118 -0.24109741 0.90887552 0.0080997823 -0.41698876 0.94048792 -0.33929563 -0.018999755 0.9517433 -0.082803771 -0.29551348 0.99749213 0.013899891 -0.069399454 0 -1 0 0.87300122 -0.091800123 0.47900066 0.88149077 -0.079299167 0.46549511 0.9517433 -0.082803771 -0.29551348 0.99749213 0.013899891 -0.069399454 0.21000789 -0.4943186 -0.84353173 0.38539863 -0.79719716 -0.46469834 0.67911547 -0.44611019 -0.58291328 -0.0057001999 0.99973506 0.022300782 -0.04179905 0.99847728 0.035999179 -0.47348511 -0.87067258 -0.13319582 -0.54661036 -0.80791539 0.22020419 -0.92776662 0.020699255 0.37258658 -0.95475984 -0.022999031 -0.29648751 -0.96160668 -0.05230036 -0.26940188 -0.97699547 -0.090299584 0.19319911 -0.0014999984 0.99999893 -9.9999888e-05 -0.47348511 -0.87067258 -0.13319582 -0.77298713 -0.37409377 -0.51239145 -0.97699547 -0.090299584 0.19319911 0.51959437 -0.81969118 -0.24109741 0.67911547 -0.44611019 -0.58291328 0.94048792 -0.33929563 -0.018999755 -0.04179905 0.99847728 0.035999179 -0.47348511 -0.87067258 -0.13319582 -0.49381125 -0.74551702 -0.4476102 -0.73972511 0.054201838 -0.67072278 -0.77298713 -0.37409377 -0.51239145 -0.96160668 -0.05230036 -0.26940188 0 1 9.9999997e-05 0.00019999999 1 -9.9999997e-05 -0.00030000001 1 0.00019999999 -0.0014999984 0.99999893 -9.9999888e-05 -0.29580235 -0.67220533 -0.67870533 -0.30069488 -0.61918944 -0.72538763 -0.49381125 -0.74551702 -0.4476102 -0.77298713 -0.37409377 -0.51239145 -0.29580235 -0.67220533 -0.67870533 -0.39668146 0.01349937 -0.91785711 -0.49041906 -0.050301954 -0.8700338 -0.49381125 -0.74551702 -0.4476102 -0.73972511 0.054201838 -0.67072278 0.042897914 -0.015999222 -0.99895144 0.085096888 -0.78737122 -0.61057764 0.1344018 0.037600506 -0.99021333 -0.29580235 -0.67220533 -0.67870533 -0.30069488 -0.61918944 -0.72538763 -0.39668146 0.01349937 -0.91785711 0.00019999999 1 -9.9999997e-05 0.066498362 0.99767536 -0.014899632 0.085096888 -0.78737122 -0.61057764 0.21000789 -0.4943186 -0.84353173 -0.0023000166 0.99980718 0.01950014 -0.0057001999 0.99973506 0.022300782 -0.30069488 -0.61918944 -0.72538763 0 1 9.9999997e-05 -0.0014999984 0.99999893 -9.9999888e-05 -0.48309615 -0.67039466 0.56319553 -0.54319006 -0.43689197 0.71698684 -0.54661036 -0.80791539 0.22020419 -0.97699547 -0.090299584 0.19319911 0.00019999999 1 -9.9999997e-05 0.039899174 -0.32439327 0.9450804 0.066498362 0.99767536 -0.014899632 0.17330018 -0.81550086 0.55220056 0.56028271 -0.47168544 0.68087894 -0.00030000001 1 0.00019999999 0 1 9.9999997e-05 0.039899174 -0.32439327 0.9450804 -0.00030000001 1 0.00019999999 -0.12520327 -0.84102196 0.52631378 -0.54319006 -0.43689197 0.71698684 -0.12520327 -0.84102196 0.52631378 -0.22279395 0.013399635 0.97477353 -0.30730709 -0.04550105 0.95052201 -0.48309615 -0.67039466 0.56319553 -0.54319006 -0.43689197 0.71698684 -0.65200627 0.057800554 0.75600725 -0.48309615 -0.67039466 0.56319553 -0.54661036 -0.80791539 0.22020419 -0.65200627 0.057800554 0.75600725 -0.87453127 -0.07050252 0.47981715 -0.92776662 0.020699255 0.37258658 0 -1 0 -0.49041906 -0.050301954 -0.8700338 -0.73972511 0.054201838 -0.67072278 -0.95475984 -0.022999031 -0.29648751 -0.96160668 -0.05230036 -0.26940188 0 -1 0 -0.30730709 -0.04550105 0.95052201 -0.65200627 0.057800554 0.75600725 -0.87453127 -0.07050252 0.47981715 0 -1 0 0.042897914 -0.015999222 -0.99895144 -0.39668146 0.01349937 -0.91785711 -0.49041906 -0.050301954 -0.8700338 0 -1 0 -0.87453127 -0.07050252 0.47981715 -0.92776662 0.020699255 0.37258658 -0.95475984 -0.022999031 -0.29648751 0.096996002 0.99505895 0.021199126 0.26179546 0.9650833 0.0087998481 0.54971141 -0.66351372 0.50751048 0.68138254 0.057298534 0.72968131 0.8691265 -0.13140401 0.47681454 0.98947769 0.038399138 0.13949686 0 -1 0 0.29460499 -0.031000525 0.95511615 0.30760583 -0.019300368 0.95131809 0.68138254 0.057298534 0.72968131 0.8691265 -0.13140401 0.47681454 0 -1 0 0.042897914 -0.015999222 -0.99895144 0.1344018 0.037600506 -0.99021333 0.50899559 -0.053699534 -0.85909253 0.07130453 -0.85885459 -0.50723225 0.1344018 0.037600506 -0.99021333 0.36967605 -0.81524712 -0.4457711 0.43619198 0.054798994 -0.89818347 0.50899559 -0.053699534 -0.85909253 0.63751876 0.043201271 -0.76922268 0.17249891 -0.81749481 0.54949653 0.29460499 -0.031000525 0.95511615 0.54971141 -0.66351372 0.50751048 0.68138254 0.057298534 0.72968131 0 -1 0 0.50899559 -0.053699534 -0.85909253 0.63751876 0.043201271 -0.76922268 0.90682882 0.0085002715 -0.42141342 0.95063674 -0.095603697 -0.2952114 0.1148994 -0.42069781 0.89989531 0.17249891 -0.81749481 0.54949653 0.29460499 -0.031000525 0.95511615 0.30760583 -0.019300368 0.95131809 -0.13770199 -0.80151159 0.5819084 -0.22279395 0.013399635 0.97477353 0 -1 0 0.30760583 -0.019300368 0.95131809 -0.22279395 0.013399635 0.97477353 -0.30730709 -0.04550105 0.95052201 0.36967605 -0.81524712 -0.4457711 0.62282628 -0.74353135 -0.24341026 0.63751876 0.043201271 -0.76922268 0.90682882 0.0085002715 -0.42141342 0.26179546 0.9650833 0.0087998481 0.62282628 -0.74353135 -0.24341026 0.90682882 0.0085002715 -0.42141342 0.95063674 -0.095603697 -0.2952114 0.98947769 0.038399138 0.13949686 0 -1 0 0.8691265 -0.13140401 0.47681454 0.95063674 -0.095603697 -0.2952114 0.98947769 0.038399138 0.13949686 0 1 -0.00019999999 0.0006999998 0.99999976 0.00019999995 0.096996002 0.99505895 0.021199126 0.26179546 0.9650833 0.0087998481 0.36967605 -0.81524712 -0.4457711 0.43619198 0.054798994 -0.89818347 0.62282628 -0.74353135 -0.24341026 -0.50381219 -0.83962035 0.20300491 -0.53361273 -0.83231992 -0.1500036 -0.92776662 0.020699255 0.37258658 -0.95475984 -0.022999031 -0.29648751 -0.96160668 -0.05230036 -0.26940188 -0.96271271 -0.26660353 -0.045900602 -0.00030000001 1 9.9999997e-05 -0.50381219 -0.83962035 0.20300491 -0.74607635 -0.41988668 0.5167836 -0.96271271 -0.26660353 -0.045900602 0.00030000001 1 -9.9999997e-05 -0.00030000001 1 9.9999997e-05 -0.20440759 0.93403471 -0.29291087 -0.53361273 -0.83231992 -0.1500036 -0.68879998 -0.42570001 -0.58679998 -0.96271271 -0.26660353 -0.045900602 -0.53361273 -0.83231992 -0.1500036 -0.68879998 -0.42570001 -0.58679998 -0.78765965 0.037498079 -0.61496848 -0.96160668 -0.05230036 -0.26940188 -0.20440759 0.93403471 -0.29291087 -0.3595134 -0.40611514 -0.84013134 -0.36580849 0.011300262 -0.93062156 -0.48967665 -0.073996469 -0.86875856 -0.68879998 -0.42570001 -0.58679998 -0.78765965 0.037498079 -0.61496848 0.042897914 -0.015999222 -0.99895144 0.07130453 -0.85885459 -0.50723225 0.1344018 0.037600506 -0.99021333 -0.3595134 -0.40611514 -0.84013134 -0.36580849 0.011300262 -0.93062156 0 1 -0.00019999999 0.00030000001 1 -9.9999997e-05 0.07130453 -0.85885459 -0.50723225 0.43619198 0.054798994 -0.89818347 -9.9999997e-05 1 -0.00019999999 -0.20440759 0.93403471 -0.29291087 -0.3595134 -0.40611514 -0.84013134 0 1 -0.00019999999 0.0006999998 0.99999976 0.00019999995 0.1148994 -0.42069781 0.89989531 -9.9999997e-05 1 -0.00019999999 -0.13770199 -0.80151159 0.5819084 -0.31630296 -0.54610515 0.77570724 0.00030000001 1 -9.9999997e-05 -9.9999997e-05 1 -0.00019999999 -0.00030000001 1 9.9999997e-05 -0.31630296 -0.54610515 0.77570724 -0.38028258 -0.81106287 0.44447964 -0.74607635 -0.41988668 0.5167836 0.0006999998 0.99999976 0.00019999995 0.096996002 0.99505895 0.021199126 0.1148994 -0.42069781 0.89989531 0.17249891 -0.81749481 0.54949653 0.54971141 -0.66351372 0.50751048 -0.13770199 -0.80151159 0.5819084 -0.22279395 0.013399635 0.97477353 -0.30730709 -0.04550105 0.95052201 -0.31630296 -0.54610515 0.77570724 -0.38028258 -0.81106287 0.44447964 -0.65200627 0.057800554 0.75600725 -0.38028258 -0.81106287 0.44447964 -0.50381219 -0.83962035 0.20300491 -0.65200627 0.057800554 0.75600725 -0.74607635 -0.41988668 0.5167836 -0.87453127 -0.07050252 0.47981715 -0.92776662 0.020699255 0.37258658 0 -1 0 -0.48967665 -0.073996469 -0.86875856 -0.78765965 0.037498079 -0.61496848 -0.95475984 -0.022999031 -0.29648751 -0.96160668 -0.05230036 -0.26940188 0 -1 0 -0.30730709 -0.04550105 0.95052201 -0.65200627 0.057800554 0.75600725 -0.87453127 -0.07050252 0.47981715 0 -1 0 0.042897914 -0.015999222 -0.99895144 -0.36580849 0.011300262 -0.93062156 -0.48967665 -0.073996469 -0.86875856 0 -1 0 -0.87453127 -0.07050252 0.47981715 -0.92776662 0.020699255 0.37258658 -0.95475984 -0.022999031 -0.29648751 </float_array>
          <technique_common>
            <accessor count="1062" offset="0" source="#meshId0-normals-array" stride="3">
              <param name="X" type="float" />
              <param name="Y" type="float" />
              <param name="Z" type="float" />
            </accessor>
          </technique_common>
        </source>
        <vertices id="meshId0-vertices">
          <input semantic="POSITION" source="#meshId0-positions" />
        </vertices>
        <polylist count="362" material="defaultMaterial">
          <input offset="0" semantic="VERTEX" source="#meshId0-vertices" />
          <input offset="0" semantic="NORMAL" source="#meshId0-normals" />
          <vcount>3 3 3 3 3 3 3 3 3 3 3 3 3 3 3 3 3 3 3 3 3 3 3 3 3 3 3 3 3 3 3 3 3 3 3 3 3 3 3 3 3 3 3 3 3 3 3 3 3 3 3 3 3 3 3 3 3 3 3 3 3 3 3 3 3 3 3 3 3 3 3 3 3 3 3 3 3 3 3 3 3 3 3 3 3 3 3 3 3 3 3 3 3 3 3 3 3 3 3 3 3 3 3 3 3 3 3 3 3 3 3 3 3 3 3 3 3 3 3 3 3 3 3 3 3 3 3 3 3 3 3 3 3 3 3 3 3 3 3 3 3 3 3 3 3 3 3 3 3 3 3 3 3 3 3 3 3 3 3 3 3 3 3 3 3 3 3 3 3 3 3 3 3 3 3 3 3 3 3 3 3 3 3 3 3 3 3 3 3 3 3 3 3 3 3 3 3 3 3 3 3 3 3 3 3 3 3 3 3 3 3 3 3 3 3 3 3 3 3 3 3 3 3 3 3 3 3 3 3 3 3 3 3 3 3 3 3 3 3 3 3 3 3 3 3 3 3 3 3 3 3 3 3 3 3 3 3 3 3 3 3 3 3 3 3 3 3 3 3 3 3 3 3 3 3 3 3 3 3 3 3 3 3 3 3 3 3 3 3 3 3 3 3 3 3 3 3 3 3 3 3 3 3 3 3 3 3 3 3 3 3 3 3 3 3 3 3 3 3 3 3 3 3 3 3 3 3 3 3 3 3 3 3 3 3 3 3 3 3 3 3 3 3 3 3 3 3 3 3 3 3 3 3 3 3 3 3 3 3 3 3 3 </vcount>
          <p>20 751 13 24 749 19 23 4 747 0 25 743 6 745 26 31 38 46 33 344 45 55 451 116 52 63 448 77 83 91 96 100 80 114 131 108 109 132 288 289 133 121 113 126 130 120 37 102 287 119 99 103 140 84 36 138 101 35 147 136 137 153 82 81 152 90 139 159 154 438 165 173 441 443 170 171 444 178 445 92 181 161 187 201 196 185 191 172 179 199 180 160 200 203 210 215 190 218 207 186 221 195 75 89 222 86 213 209 85 208 219 226 233 240 232 244 250 255 245 236 151 156 257 225 148 231 237 150 256 264 253 246 260 268 249 87 224 214 88 149 230 323 104 277 106 285 282 123 111 337 333 110 290 299 342 304 228 305 313 227 312 216 314 205 217 242 307 229 320 177 311 351 280 332 352 326 281 350 293 325 336 292 349 330 279 318 341 331 319 308 322 315 306 343 321 241 354 301 357 353 239 238 362 243 365 372 360 359 378 356 370 377 358 252 367 235 234 366 361 374 302 355 375 296 303 384 212 206 386 204 309 385 379 202 389 168 380 169 391 381 175 388 310 174 166 387 393 194 383 382 193 211 158 134 401 155 394 254 157 400 395 404 409 397 408 412 396 414 417 398 144 406 403 143 402 135 419 248 259 418 258 399 73 220 421 430 420 426 431 74 422 78 76 432 423 163 429 162 184 428 427 183 435 189 164 425 188 424 223 434 94 79 182 93 433 276 284 437 283 442 436 32 115 338 345 117 452 459 461 124 334 453 122 294 112 107 324 291 105 405 142 467 407 468 410 469 267 413 411 265 415 247 416 266 49 146 34 463 58 129 56 118 127 125 462 128 251 272 364 363 271 369 273 473 371 368 472 376 471 295 373 286 98 447 340 297 40 95 446 97 450 329 339 65 327 449 347 67 455 348 328 68 454 335 346 440 317 278 176 316 439 198 192 392 167 197 390 466 477 263 465 141 476 496 503 481 500 488 480 495 512 499 504 510 494 520 548 522 537 547 518 544 546 535 511 506 539 538 505 545 540 533 528 517 732 536 567 733 519 557 27 552 553 30 568 28 2 565 559 9 29 566 3 589 558 576 8 573 580 5 1 21 587 22 18 588 575 737 583 585 17 591 15 596 590 574 754 734 11 598 16 739 610 12 758 605 738 10 606 597 756 609 759 572 604 753 571 619 603 613 623 577 627 638 614 642 637 624 460 458 626 457 643 625 69 641 456 630 59 464 482 493 647 487 653 645 300 474 662 658 470 270 72 656 492 71 491 712 42 660 654 43 655 70 651 62 486 485 60 667 479 50 649 650 51 61 665 672 484 666 618 673 679 612 674 683 671 617 677 563 721 678 722 684 690 696 707 602 695 689 635 694 622 700 706 634 633 705 693 701 710 490 636 711 702 44 54 47 64 53 39 661 275 657 262 648 274 269 644 652 261 475 646 570 521 524 555 569 523 714 556 526 715 527 719 562 716 720 601 688 727 595 600 726 594 724 532 731 593 531 729 529 534 607 621 691 632 640 709 599 608 692 592 730 586 728 564 584 713 560 554 639 66 708 579 561 676 41 298 659 615 578 675 629 616 664 489 502 699 663 57 628 698 515 703 501 514 697 48 478 145 513 542 685 516 686 704 725 687 543 723 541 530 717 525 549 550 509 681 551 682 718 498 483 670 508 669 680 507 497 668 14 752 741 761 740 750 582 746 7 581 736 744 735 755 742 757 760 748 620 611 631 762 772 820 819 771 778 911 860 780 862 784 781 770 792 777 782 787 794 776 801 805 790 800 775 788 810 795 812 814 796 797 816 821 817 764 822 786 824 808 825 839 811 828 835 842 809 838 813 843 853 858 836 854 845 840 763 815 855 851 863 852 872 864 861 868 783 869 823 785 884 849 887 885 847 873 866 848 879 874 850 834 841 827 767 826 871 766 765 870 773 768 867 881 893 875 896 889 876 894 897 877 829 878 837 833 769 883 791 789 882 799 880 886 798 802 888 890 832 846 905 844 859 903 807 892 907 803 891 806 902 857 913 856 865 912 895 898 908 909 899 915 900 830 916 917 831 904 901 910 779 901 779 793 901 793 818 906 901 818 906 818 774 906 914 901 906 774 804 968 922 928 1055 1004 930 1006 934 931 921 942 927 932 937 944 926 951 955 940 950 925 938 960 945 961 964 946 947 965 969 966 923 970 935 975 958 987 993 983 979 991 994 959 977 963 992 1002 995 999 1015 1007 1005 1011 933 1012 976 936 1024 989 984 1010 988 1022 1014 998 990 918 973 1029 1028 972 1017 1019 1013 1023 971 1009 1016 962 974 919 1021 1025 1036 1037 1026 1039 1027 986 1042 1040 985 978 920 1032 941 939 1031 949 1030 1018 948 952 1020 1033 982 997 1049 996 1003 1047 957 1035 1051 953 1034 956 1046 1001 1057 1000 1008 1056 1038 1041 1052 1053 1043 1059 1044 980 1060 1061 981 1048 924 943 967 1050 1054 929 1050 1045 1054 1050 1058 1045 1050 929 954 954 929 943 954 943 924 </p>
        </polylist>
      </mesh>
    </geometry>
    <geometry id="meshId1" name="meshId1_name" >
      <mesh>
        <source id="meshId1-positions" name="meshId1-positions">
          <float_array id="meshId1-positions-array" count="2358"> 0.0029992459 0.01089721 0.044644769 0.0029992459 0.01089721 0.044644769 0.0029992459 0.01089721 0.044644769 0.0029992459 0.01089721 0.044644769 0.0029992459 0.01089721 0.044644769 0.0029992459 0.01089721 0.044644769 0.0029992459 0.01089721 0.044644769 0.00035971499 0.01089966 0.047968321 0.00035971499 0.01089966 0.047968321 0.00035971499 0.01089966 0.047968321 0.00035971499 0.01089966 0.047968321 0.00035971499 0.01089966 0.047968321 0.00035971499 0.01089966 0.047968321 0.00035971499 0.01089966 0.047968321 0.0023387668 0.010885 0.04695528 0.0023387668 0.010885 0.04695528 0.0023387668 0.010885 0.04695528 0.0023387668 0.010885 0.04695528 0.0023387668 0.010885 0.04695528 0.0023457401 0.01088672 0.043179151 0.0023457401 0.01088672 0.043179151 0.0023457401 0.01088672 0.043179151 0.0023457401 0.01088672 0.043179151 0.0010255569 0.01089477 0.042149961 0.0010255569 0.01089477 0.042149961 0.0010255569 0.01089477 0.042149961 0.0010255569 0.01089477 0.042149961 0.0010255569 0.01089477 0.042149961 0.0010255569 0.01089477 0.042149961 0.0010255569 0.01089477 0.042149961 0.0019996159 0.01089692 0.044085968 0.0019996159 0.01089692 0.044085968 0.0019996159 0.01089692 0.044085968 0.0019996159 0.01089692 0.044085968 0.0019996159 0.01089692 0.044085968 0.0019996159 0.01089692 0.044085968 0.0019996159 0.01089692 0.044085968 0.00082693895 0.01089149 0.04701918 0.00082693895 0.01089149 0.04701918 0.00082693895 0.01089149 0.04701918 0.00082693895 0.01089149 0.04701918 0.00082693895 0.01089149 0.04701918 0.0020512929 0.01086962 0.045824401 0.0020512929 0.01086962 0.045824401 0.0020512929 0.01086962 0.045824401 0.0020512929 0.01086962 0.045824401 0.0020512929 0.01086962 0.045824401 0.0020512929 0.01086962 0.045824401 0.0020512929 0.01086962 0.045824401 0.00098477502 0.01088815 0.043066319 0.00098477502 0.01088815 0.043066319 0.00098477502 0.01088815 0.043066319 0.00098477502 0.01088815 0.043066319 -0.001819312 0.009437561 0.043879028 -0.001819312 0.009437561 0.043879028 -0.001819312 0.009437561 0.043879028 -0.001819312 0.009437561 0.043879028 -0.001819312 0.009437561 0.043879028 -1.12074e-05 0.0094301701 0.04711711 -1.12074e-05 0.0094301701 0.04711711 -1.12074e-05 0.0094301701 0.04711711 -1.12074e-05 0.0094301701 0.04711711 -1.12074e-05 0.0094301701 0.04711711 -1.12074e-05 0.0094301701 0.04711711 -0.00069770496 0.0094316006 0.04301643 -0.00069770496 0.0094316006 0.04301643 -0.00069770496 0.0094316006 0.04301643 -0.00069770496 0.0094316006 0.04301643 -0.00069770496 0.0094316006 0.04301643 -0.0014647839 0.0094292155 0.046551701 -0.0014647839 0.0094292155 0.046551701 -0.0014647839 0.0094292155 0.046551701 -0.0014647839 0.0094292155 0.046551701 -0.0014647839 0.0094292155 0.046551701 -0.0014647839 0.0094292155 0.046551701 -0.0020864599 0.0094310641 0.045268711 -0.0020864599 0.0094310641 0.045268711 -0.0020864599 0.0094310641 0.045268711 -0.0020864599 0.0094310641 0.045268711 -0.0020864599 0.0094310641 0.045268711 -0.00015572499 0.0093883863 0.04323405 -0.00015572499 0.0093883863 0.04323405 -0.00015572499 0.0093883863 0.04323405 -0.00015572499 0.0093883863 0.04323405 -0.00015572499 0.0093883863 0.04323405 -0.00015572499 0.0093883863 0.04323405 0.001297712 0.0093907705 0.04378831 0.001297712 0.0093907705 0.04378831 0.001297712 0.0093907705 0.04378831 0.001297712 0.0093907705 0.04378831 0.001297712 0.0093907705 0.04378831 0.000156458 0.0093883863 0.04676586 0.000156458 0.0093883863 0.04676586 0.000156458 0.0093883863 0.04676586 0.000156458 0.0093883863 0.04676586 0.000156458 0.0093883863 0.04676586 0.000156458 0.0093883863 0.04676586 0.0017411109 0.009388566 0.04558634 0.0017411109 0.009388566 0.04558634 0.0017411109 0.009388566 0.04558634 0.0017411109 0.009388566 0.04558634 0.0017411109 0.009388566 0.04558634 0.0017411109 0.009388566 0.04558634 -0.0028865929 0.0094351759 0.043994721 -0.0028865929 0.0094351759 0.043994721 -0.0028865929 0.0094351759 0.043994721 -0.0028865929 0.0094351759 0.043994721 -0.0028865929 0.0094351759 0.043994721 -0.0028865929 0.0094351759 0.043994721 -0.0017846819 0.009434103 0.042496499 -0.0017846819 0.009434103 0.042496499 -0.0017846819 0.009434103 0.042496499 -0.0017846819 0.009434103 0.042496499 -0.0017846819 0.009434103 0.042496499 0.00052097999 0.0094342818 0.048030369 0.00052097999 0.0094342818 0.048030369 0.00052097999 0.0094342818 0.048030369 0.00052097999 0.0094342818 0.048030369 0.00052097999 0.0094342818 0.048030369 0.00052097999 0.0094342818 0.048030369 0.00052097999 0.0094342818 0.048030369 -0.0017917149 0.009433507 0.047551151 -0.0017917149 0.009433507 0.047551151 -0.0017917149 0.009433507 0.047551151 -0.0017917149 0.009433507 0.047551151 -0.0017917149 0.009433507 0.047551151 -0.0017917149 0.009433507 0.047551151 -0.0017917149 0.009433507 0.047551151 1.48399e-05 0.0094377389 0.04194247 1.48399e-05 0.0094377389 0.04194247 1.48399e-05 0.0094377389 0.04194247 1.48399e-05 0.0094377389 0.04194247 1.48399e-05 0.0094377389 0.04194247 1.48399e-05 0.0094377389 0.04194247 1.48399e-05 0.0094377389 0.04194247 1.48399e-05 0.0094377389 0.04194247 -0.002975225 0.0094367862 0.04570305 -0.002975225 0.0094367862 0.04570305 -0.002975225 0.0094367862 0.04570305 -0.002975225 0.0094367862 0.04570305 -0.002975225 0.0094367862 0.04570305 -0.002975225 0.0094367862 0.04570305 -0.002975225 0.0094367862 0.04570305 -0.0089306831 0.0093144169 0.03609037 -0.0089306831 0.0093144169 0.03609037 -0.0089306831 0.0093144169 0.03609037 -0.0089306831 0.0093144169 0.03609037 -0.0089306831 0.0093144169 0.03609037 -0.0089306831 0.0093144169 0.03609037 -0.0089306831 0.0093144169 0.03609037 -0.0089306831 0.0093144169 0.03609037 -0.0089306831 0.0093144169 0.03609037 -0.0089306831 0.0093144169 0.03609037 -0.0089306831 0.0093144169 0.03609037 0.0089313379 0.009313642 0.03609037 0.0089313379 0.009313642 0.03609037 0.0089313379 0.009313642 0.03609037 0.0089313379 0.009313642 0.03609037 0.0089313379 0.009313642 0.03609037 0.0089313379 0.009313642 0.03609037 0.0089313379 0.009313642 0.03609037 0.0089313379 0.009313642 0.03609037 0.0089313379 0.009313642 0.03609037 0.0089313379 0.009313642 0.03609037 -0.00086048798 0.001913011 0.043564972 -0.00086048798 0.001913011 0.043564972 -0.00086048798 0.001913011 0.043564972 -0.00086048798 0.001913011 0.043564972 -0.00086048798 0.001913011 0.043564972 -0.0017403959 0.009388566 0.044413619 -0.0017403959 0.009388566 0.044413619 -0.0017403959 0.009388566 0.044413619 -0.0017403959 0.009388566 0.044413619 -0.0017403959 0.009388566 0.044413619 -0.0017403959 0.009388566 0.044413619 -0.0017403959 0.009388566 0.044413619 -0.0017403959 0.009388566 0.044413619 -0.00152558 0.001912534 0.045917511 -0.00152558 0.001912534 0.045917511 -0.00152558 0.001912534 0.045917511 -0.00152558 0.001912534 0.045917511 -0.00152558 0.001912534 0.045917511 -0.001296997 0.0093907705 0.0462116 -0.001296997 0.0093907705 0.0462116 -0.001296997 0.0093907705 0.0462116 -0.001296997 0.0093907705 0.0462116 -0.001296997 0.0093907705 0.0462116 -0.000970155 0.010885 0.04216766 -0.000970155 0.010885 0.04216766 -0.000970155 0.010885 0.04216766 -0.000970155 0.010885 0.04216766 -0.000970155 0.010885 0.04216766 0.0048431149 -1.70612e-05 0.053717189 0.0048431149 -1.70612e-05 0.053717189 0.0048431149 -1.70612e-05 0.053717189 0.0048431149 -1.70612e-05 0.053717189 0.0048431149 -1.70612e-05 0.053717189 0.0048431149 -1.70612e-05 0.053717189 0.0087569952 -2.97773e-05 0.047271781 0.0087569952 -2.97773e-05 0.047271781 0.0087569952 -2.97773e-05 0.047271781 0.0087589016 -2.87572e-05 0.04272794 0.0087589016 -2.87572e-05 0.04272794 0.0087589016 -2.87572e-05 0.04272794 0.0087589016 -2.87572e-05 0.04272794 -0.0022682538 -3.64761e-05 0.05374616 -0.0022682538 -3.64761e-05 0.05374616 -0.0022682538 -3.64761e-05 0.05374616 -0.0087093711 -1.03085e-05 0.04993945 -0.0087093711 -1.03085e-05 0.04993945 -0.0087093711 -1.03085e-05 0.04993945 -0.0087093711 -1.03085e-05 0.04993945 -0.0087093711 -1.03085e-05 0.04993945 -0.0087577095 -2.8975999e-05 0.0472719 -0.0087577095 -2.8975999e-05 0.0472719 -0.0087577095 -2.8975999e-05 0.0472719 -0.0022737379 -3.6837402e-05 0.036249571 -0.0022737379 -3.6837402e-05 0.036249571 -0.0022737379 -3.6837402e-05 0.036249571 -0.0022737379 -3.6837402e-05 0.036249571 -0.0022737379 -3.6837402e-05 0.036249571 -0.002243995 -7.4694501e-05 0.0427556 -0.002243995 -7.4694501e-05 0.0427556 -0.002243995 -7.4694501e-05 0.0427556 -0.002243995 -7.4694501e-05 0.0427556 -0.002243995 -7.4694501e-05 0.0427556 -0.0087587824 -3.04484e-05 0.04272389 -0.0087587824 -3.04484e-05 0.04272389 -0.0087587824 -3.04484e-05 0.04272389 -0.0087587824 -3.04484e-05 0.04272389 -0.0087587824 -3.04484e-05 0.04272389 0.0022630689 -8.3764302e-05 0.047262661 0.0022630689 -8.3764302e-05 0.047262661 0.0022630689 -8.3764302e-05 0.047262661 0.0022630689 -8.3764302e-05 0.047262661 0.0022630689 -8.3764302e-05 0.047262661 0.0022630689 -8.3764302e-05 0.047262661 0.0022630689 -8.3764302e-05 0.047262661 0.0022630689 -8.3764302e-05 0.047262661 0.00226897 -3.6476402e-05 0.05374616 0.00226897 -3.6476402e-05 0.05374616 0.00226897 -3.6476402e-05 0.05374616 3.65234e-07 0.0015588989 0.053804029 3.65234e-07 0.0015588989 0.053804029 3.65234e-07 0.0015588989 0.053804029 3.65234e-07 0.0015588989 0.053804029 3.65234e-07 0.0015588989 0.053804029 3.65234e-07 0.0015588989 0.053804029 3.65234e-07 0.0015588989 0.053804029 3.65234e-07 0.0015588989 0.053804029 3.65234e-07 0.0015588989 0.053804029 3.6520998e-07 0.001488626 0.04499995 3.6520998e-07 0.001488626 0.04499995 3.6520998e-07 0.001488626 0.04499995 3.6520998e-07 0.001488626 0.04499995 3.6520998e-07 0.001488626 0.04499995 3.6520998e-07 0.001488626 0.04499995 3.6520998e-07 0.001488626 0.04499995 3.6520998e-07 0.001488626 0.04499995 3.65614e-07 0.0015611639 0.036196411 3.65614e-07 0.0015611639 0.036196411 3.65614e-07 0.0015611639 0.036196411 3.65614e-07 0.0015611639 0.036196411 3.65614e-07 0.0015611639 0.036196411 3.65614e-07 0.0015611639 0.036196411 3.65614e-07 0.0015611639 0.036196411 0.002270221 -3.4383102e-05 0.036248799 0.002270221 -3.4383102e-05 0.036248799 0.002270221 -3.4383102e-05 0.036248799 0.002270221 -3.4383102e-05 0.036248799 0.0022482269 -7.64219e-05 0.04275208 0.0022482269 -7.64219e-05 0.04275208 0.0022482269 -7.64219e-05 0.04275208 0.0022482269 -7.64219e-05 0.04275208 0.0022482269 -7.64219e-05 0.04275208 0.0022482269 -7.64219e-05 0.04275208 -0.0022622938 -8.3764302e-05 0.047262661 -0.0022622938 -8.3764302e-05 0.047262661 -0.0022622938 -8.3764302e-05 0.047262661 -0.0022622938 -8.3764302e-05 0.047262661 -0.0022622938 -8.3764302e-05 0.047262661 -0.0022622938 -8.3764302e-05 0.047262661 -0.0022622938 -8.3764302e-05 0.047262661 -0.0022622938 -8.3764302e-05 0.047262661 -0.0056919446 1.10341e-05 0.05360394 -0.0056919446 1.10341e-05 0.05360394 -0.0056919446 1.10341e-05 0.05360394 -0.0056919446 1.10341e-05 0.05360394 -0.0056919446 1.10341e-05 0.05360394 -0.0056919446 1.10341e-05 0.05360394 0.00686866 0.0093521466 0.053102851 0.00686866 0.0093521466 0.053102851 0.00686866 0.0093521466 0.053102851 0.00686866 0.0093521466 0.053102851 0.00686866 0.0093521466 0.053102851 0.00686866 0.0093521466 0.053102851 -0.0078607788 0.0093553057 0.052191429 -0.0078607788 0.0093553057 0.052191429 -0.0078607788 0.0093553057 0.052191429 -0.0078607788 0.0093553057 0.052191429 -0.0078607788 0.0093553057 0.052191429 0.003445267 0.0093867173 0.04705679 0.003445267 0.0093867173 0.04705679 0.003445267 0.0093867173 0.04705679 0.003445267 0.0093867173 0.04705679 0.003445267 0.0093867173 0.04705679 0.0087859631 0.0093481541 0.0505712 0.0087859631 0.0093481541 0.0505712 0.0087859631 0.0093481541 0.0505712 0.0087859631 0.0093481541 0.0505712 0.0087859631 0.0093481541 0.0505712 0.0087859631 0.0093481541 0.0505712 0.0087859631 0.0093481541 0.0505712 0.0087859631 0.0093481541 0.0505712 0.0039235349 0.009389936 0.045733571 0.0039235349 0.009389936 0.045733571 0.0039235349 0.009389936 0.045733571 0.0039235349 0.009389936 0.045733571 0.0039235349 0.009389936 0.045733571 0.0039235349 0.009389936 0.045733571 0.0039235349 0.009389936 0.045733571 -0.000730475 0.0093919029 0.04108011 -0.000730475 0.0093919029 0.04108011 -0.000730475 0.0093919029 0.04108011 -0.000730475 0.0093919029 0.04108011 -0.000730475 0.0093919029 0.04108011 -0.000730475 0.0093919029 0.04108011 -0.000730475 0.0093919029 0.04108011 0.0030384059 0.0094336271 0.044652808 0.0030384059 0.0094336271 0.044652808 0.0030384059 0.0094336271 0.044652808 0.0030384059 0.0094336271 0.044652808 0.0030384059 0.0094336271 0.044652808 0.0030384059 0.0094336271 0.044652808 0.00073400198 0.009389936 0.041076768 0.00073400198 0.009389936 0.041076768 0.00073400198 0.009389936 0.041076768 0.00073400198 0.009389936 0.041076768 0.00073400198 0.009389936 0.041076768 0.00073400198 0.009389936 0.041076768 0.002057075 0.0093867173 0.04155498 0.002057075 0.0093867173 0.04155498 0.002057075 0.0093867173 0.04155498 0.002057075 0.0093867173 0.04155498 0.002057075 0.0093867173 0.04155498 0.002057075 0.0093867173 0.04155498 0.0047300449 0.0093513718 0.05389988 0.0047300449 0.0093513718 0.05389988 0.0047300449 0.0093513718 0.05389988 0.0047300449 0.0093513718 0.05389988 0.0047300449 0.0093513718 0.05389988 0.0047300449 0.0093513718 0.05389988 -0.000733049 0.0093903542 0.048923008 -0.000733049 0.0093903542 0.048923008 -0.000733049 0.0093903542 0.048923008 -0.000733049 0.0093903542 0.048923008 -0.000733049 0.0093903542 0.048923008 -0.000733049 0.0093903542 0.048923008 -0.000733049 0.0093903542 0.048923008 -0.000733049 0.0093903542 0.048923008 -0.00205636 0.0093867173 0.048444919 -0.00205636 0.0093867173 0.048444919 -0.00205636 0.0093867173 0.048444919 -0.00205636 0.0093867173 0.048444919 -0.00205636 0.0093867173 0.048444919 0.0070750709 -1.88821e-05 0.05276924 0.0070750709 -1.88821e-05 0.05276924 0.0070750709 -1.88821e-05 0.05276924 0.0070750709 -1.88821e-05 0.05276924 0.0070750709 -1.88821e-05 0.05276924 0.0086749187 -6.9996399e-06 0.050318528 0.0086749187 -6.9996399e-06 0.050318528 0.0086749187 -6.9996399e-06 0.050318528 0.0086749187 -6.9996399e-06 0.050318528 0.0086749187 -6.9996399e-06 0.050318528 0.0074927206 0.0093950024 0.0442506 0.0074927206 0.0093950024 0.0442506 0.0074927206 0.0093950024 0.0442506 0.0074927206 0.0093950024 0.0442506 0.0074927206 0.0093950024 0.0442506 0.0074927206 0.0093950024 0.0442506 0.0074927206 0.0093950024 0.0442506 0.0073310728 0.001441657 0.04408031 0.0073310728 0.001441657 0.04408031 0.0073310728 0.001441657 0.04408031 0.0073310728 0.001441657 0.04408031 0.0073310728 0.001441657 0.04408031 0.0041154618 0.00143361 0.04404103 0.0041154618 0.00143361 0.04404103 0.0041154618 0.00143361 0.04404103 0.0041154618 0.00143361 0.04404103 0.00091361697 0.001440465 0.040924601 0.00091361697 0.001440465 0.040924601 0.00091361697 0.001440465 0.040924601 0.00091361697 0.001440465 0.040924601 0.002675354 0.0014278879 0.041713409 0.002675354 0.0014278879 0.041713409 0.002675354 0.0014278879 0.041713409 0.002675354 0.0014278879 0.041713409 0.002675354 0.0014278879 0.041713409 0.002675354 0.0014278879 0.041713409 0.002675354 0.0014278879 0.041713409 -0.00091609795 0.0014421929 0.037672751 -0.00091609795 0.0014421929 0.037672751 -0.00091609795 0.0014421929 0.037672751 -0.00091609795 0.0014421929 0.037672751 -0.00091609795 0.0014421929 0.037672751 -0.0040732017 0.0014421339 0.04408985 -0.0040732017 0.0014421339 0.04408985 -0.0040732017 0.0014421339 0.04408985 -0.0039445749 0.0094004264 0.044253759 -0.0039445749 0.0094004264 0.044253759 -0.0039445749 0.0094004264 0.044253759 -0.0039445749 0.0094004264 0.044253759 -0.0039445749 0.0094004264 0.044253759 -0.0039445749 0.0094004264 0.044253759 -0.0039445749 0.0094004264 0.044253759 -0.0039445749 0.0094004264 0.044253759 -0.0027071228 0.0093836775 0.04193902 -0.0027071228 0.0093836775 0.04193902 -0.0027071228 0.0093836775 0.04193902 -0.0027071228 0.0093836775 0.04193902 -0.0027071228 0.0093836775 0.04193902 -0.0027071228 0.0093836775 0.04193902 -0.0027071228 0.0093836775 0.04193902 -0.0030452008 0.0014197229 0.04195654 -0.0030452008 0.0014197229 0.04195654 -0.0030452008 0.0014197229 0.04195654 -0.0030452008 0.0014197229 0.04195654 -0.0030452008 0.0014197229 0.04195654 -0.0030452008 0.0014197229 0.04195654 -0.0030452008 0.0014197229 0.04195654 -0.0074924817 0.0093938699 0.037501749 -0.0074924817 0.0093938699 0.037501749 -0.0074924817 0.0093938699 0.037501749 -0.0074924817 0.0093938699 0.037501749 -0.000909494 0.001442074 0.040926691 -0.000909494 0.001442074 0.040926691 -0.000909494 0.001442074 0.040926691 -0.000909494 0.001442074 0.040926691 -0.0049721589 0.0093927374 0.052437901 -0.0049721589 0.0093927374 0.052437901 -0.0049721589 0.0093927374 0.052437901 -0.0049721589 0.0093927374 0.052437901 -0.0049721589 0.0093927374 0.052437901 -0.0071405168 0.001431167 0.050442271 -0.0071405168 0.001431167 0.050442271 -0.0071405168 0.001431167 0.050442271 -0.0071405168 0.001431167 0.050442271 -0.0071405168 0.001431167 0.050442271 -0.0072584739 0.0093877912 0.050689161 -0.0072584739 0.0093877912 0.050689161 -0.0072584739 0.0093877912 0.050689161 -0.0072584739 0.0093877912 0.050689161 -0.0072584739 0.0093877912 0.050689161 -0.0072584739 0.0093877912 0.050689161 -0.0072584739 0.0093877912 0.050689161 -0.0072584739 0.0093877912 0.050689161 -0.007491827 0.0093948236 0.045749359 -0.007491827 0.0093948236 0.045749359 -0.007491827 0.0093948236 0.045749359 -0.007491827 0.0093948236 0.045749359 -0.007491827 0.0093948236 0.045749359 -0.0041148057 0.001433432 0.045959048 -0.0041148057 0.001433432 0.045959048 -0.0041148057 0.001433432 0.045959048 -0.0041148057 0.001433432 0.045959048 -0.0041148057 0.001433432 0.045959048 -0.00091310299 0.001440107 0.049075481 -0.00091310299 0.001440107 0.049075481 -0.00091310299 0.001440107 0.049075481 -0.00091310299 0.001440107 0.049075481 -0.00091310299 0.001440107 0.049075481 -0.0026752939 0.0014265169 0.048286911 -0.0026752939 0.0014265169 0.048286911 -0.0026752939 0.0014265169 0.048286911 -0.0026752939 0.0014265169 0.048286911 -0.0026752939 0.0014265169 0.048286911 -0.0026752939 0.0014265169 0.048286911 -0.000916344 0.001443028 0.052328221 -0.000916344 0.001443028 0.052328221 -0.000916344 0.001443028 0.052328221 -0.000916344 0.001443028 0.052328221 -0.000916344 0.001443028 0.052328221 -0.005090415 0.0014322989 0.052228451 -0.005090415 0.0014322989 0.052228451 -0.005090415 0.0014322989 0.052228451 -0.005090415 0.0014322989 0.052228451 -0.005090415 0.0014322989 0.052228451 -0.005090415 0.0014322989 0.052228451 0.0073652859 0.009393692 0.050326761 0.0073652859 0.009393692 0.050326761 0.0073652859 0.009393692 0.050326761 0.0073652859 0.009393692 0.050326761 0.0073652859 0.009393692 0.050326761 0.0073652859 0.009393692 0.050326761 0.0073652859 0.009393692 0.050326761 0.0049248328 0.0014373059 0.052263491 0.0049248328 0.0014373059 0.052263491 0.0049248328 0.0014373059 0.052263491 0.0049248328 0.0014373059 0.052263491 0.0049248328 0.0014373059 0.052263491 0.00534445 0.0093858233 0.052355699 0.00534445 0.0093858233 0.052355699 0.00534445 0.0093858233 0.052355699 0.00534445 0.0093858233 0.052355699 0.00534445 0.0093858233 0.052355699 0.00534445 0.0093858233 0.052355699 0.00534445 0.0093858233 0.052355699 0.00091556198 0.001443564 0.05232697 0.00091556198 0.001443564 0.05232697 0.00091556198 0.001443564 0.05232697 0.00091556198 0.001443564 0.05232697 0.00091556198 0.001443564 0.05232697 0.00074980897 0.009395062 0.05249238 0.00074980897 0.009395062 0.05249238 0.00074980897 0.009395062 0.05249238 0.00074980897 0.009395062 0.05249238 0.00074980897 0.009395062 0.05249238 0.00074980897 0.009395062 0.05249238 0.00074980897 0.009395062 0.05249238 0.000959386 0.001433491 0.049115121 0.000959386 0.001433491 0.049115121 0.000959386 0.001433491 0.049115121 0.000959386 0.001433491 0.049115121 0.000959386 0.001433491 0.049115121 0.0040758839 0.001440107 0.04591345 0.0040758839 0.001440107 0.04591345 0.0040758839 0.001440107 0.04591345 0.0040758839 0.001440107 0.04591345 0.0040758839 0.001440107 0.04591345 0.0032873149 0.0014265169 0.047675658 0.0032873149 0.0014265169 0.047675658 0.0032873149 0.0014265169 0.047675658 0.0032873149 0.0014265169 0.047675658 0.0032873149 0.0014265169 0.047675658 0.0032873149 0.0014265169 0.047675658 0.0032873149 0.0014265169 0.047675658 0.0073099728 0.0014355179 0.049581401 0.0073099728 0.0014355179 0.049581401 0.0073099728 0.0014355179 0.049581401 0.0073099728 0.0014355179 0.049581401 0.0073099728 0.0014355179 0.049581401 0.0066082468 0.00141263 0.05116909 0.0066082468 0.00141263 0.05116909 0.0066082468 0.00141263 0.05116909 0.0066082468 0.00141263 0.05116909 0.0066082468 0.00141263 0.05116909 -0.001967191 0.0108897 0.044076908 -0.001967191 0.0108897 0.044076908 -0.001967191 0.0108897 0.044076908 -0.001967191 0.0108897 0.044076908 -0.001967191 0.0108897 0.044076908 -0.001967191 0.0108897 0.044076908 -0.0024552338 0.0108962 0.043268561 -0.0024552338 0.0108962 0.043268561 -0.0024552338 0.0108962 0.043268561 -0.0024552338 0.0108962 0.043268561 -0.0024552338 0.0108962 0.043268561 -0.0024552338 0.0108962 0.043268561 -0.00072347798 0.01089477 0.042877551 -0.00072347798 0.01089477 0.042877551 -0.00072347798 0.01089477 0.042877551 -0.00072347798 0.01089477 0.042877551 -0.00072347798 0.01089477 0.042877551 -0.00072347798 0.01089477 0.042877551 -0.00072347798 0.01089477 0.042877551 -0.00072347798 0.01089477 0.042877551 0.002154886 0.009418427 0.04456418 0.002154886 0.009418427 0.04456418 0.002154886 0.009418427 0.04456418 0.002154886 0.009418427 0.04456418 0.002154886 0.009418427 0.04456418 0.002154886 0.009418427 0.04456418 0.000721602 0.0094335666 0.042989671 0.000721602 0.0094335666 0.042989671 0.000721602 0.0094335666 0.042989671 0.000721602 0.0094335666 0.042989671 0.000721602 0.0094335666 0.042989671 0.000721602 0.0094335666 0.042989671 0.000721602 0.0094335666 0.042989671 0.001448452 0.0094292155 0.046567611 0.001448452 0.0094292155 0.046567611 0.001448452 0.0094292155 0.046567611 0.001448452 0.0094292155 0.046567611 0.001448452 0.0094292155 0.046567611 0.001448452 0.0094292155 0.046567611 0.00086121599 0.0019131299 0.046434991 0.00086121599 0.0019131299 0.046434991 0.00086121599 0.0019131299 0.046434991 0.00086121599 0.0019131299 0.046434991 0.00086121599 0.0019131299 0.046434991 0.0015262959 0.0019124739 0.044082399 0.0015262959 0.0019124739 0.044082399 0.0015262959 0.0019124739 0.044082399 0.0015262959 0.0019124739 0.044082399 0.0015262959 0.0019124739 0.044082399 -0.0078181615 -3.9731101e-05 0.051917791 -0.0078181615 -3.9731101e-05 0.051917791 -0.0078181615 -3.9731101e-05 0.051917791 -0.0078181615 -3.9731101e-05 0.051917791 -0.0078181615 -3.9731101e-05 0.051917791 -0.008771955 2.7542601e-05 0.036264408 -0.008771955 2.7542601e-05 0.036264408 -0.008771955 2.7542601e-05 0.036264408 -0.0088930717 0.0093420735 0.04989963 -0.0088930717 0.0093420735 0.04989963 -0.0088930717 0.0093420735 0.04989963 -0.0088930717 0.0093420735 0.04989963 -0.0088930717 0.0093420735 0.04989963 -0.0088930717 0.0093420735 0.04989963 -0.0088930717 0.0093420735 0.04989963 -0.0088930717 0.0093420735 0.04989963 0.008762598 1.08415e-05 0.03626585 0.008762598 1.08415e-05 0.03626585 0.008762598 1.08415e-05 0.03626585 0.008762598 1.08415e-05 0.03626585 -0.0053398008 0.0093551865 0.05381947 -0.0053398008 0.0093551865 0.05381947 -0.0053398008 0.0093551865 0.05381947 -0.0053398008 0.0093551865 0.05381947 -0.0053398008 0.0093551865 0.05381947 -0.0053398008 0.0093551865 0.05381947 -0.0053398008 0.0093551865 0.05381947 -0.0053398008 0.0093551865 0.05381947 -0.0073319669 0.00144273 0.044079781 -0.0073319669 0.00144273 0.044079781 -0.0073319669 0.00144273 0.044079781 -0.0073319669 0.00144273 0.044079781 -0.0073319669 0.00144273 0.044079781 -0.0074965348 0.0093948236 0.044246849 -0.0074965348 0.0093948236 0.044246849 -0.0074965348 0.0093948236 0.044246849 -0.0074965348 0.0093948236 0.044246849 -0.0074965348 0.0093948236 0.044246849 -0.0074965348 0.0093948236 0.044246849 -0.0074965348 0.0093948236 0.044246849 -0.0074965348 0.0093948236 0.044246849 -0.007332861 0.0014430879 0.03767186 -0.007332861 0.0014430879 0.03767186 -0.007332861 0.0014430879 0.03767186 -0.007332861 0.0014430879 0.03767186 -0.007332861 0.0014430879 0.03767186 -0.007332861 0.0014430879 0.03767186 -0.00075575896 0.0093944063 0.037501629 -0.00075575896 0.0093944063 0.037501629 -0.00075575896 0.0093944063 0.037501629 -0.00075575896 0.0093944063 0.037501629 -0.00075575896 0.0093944063 0.037501629 -0.00075575896 0.0093944063 0.037501629 0.0025462499 0.0094366064 0.04679846 0.0025462499 0.0094366064 0.04679846 0.0025462499 0.0094366064 0.04679846 0.0025462499 0.0094366064 0.04679846 0.0025462499 0.0094366064 0.04679846 0.0025462499 0.0094366064 0.04679846 0.0025462499 0.0094366064 0.04679846 0.0020776389 0.0094343415 0.042675491 0.0020776389 0.0094343415 0.042675491 0.0020776389 0.0094343415 0.042675491 0.0020776389 0.0094343415 0.042675491 0.0020776389 0.0094343415 0.042675491 0.0020776389 0.0094343415 0.042675491 0.0020776389 0.0094343415 0.042675491 0.0073332186 0.0014421929 0.037672751 0.0073332186 0.0014421929 0.037672751 0.0073332186 0.0014421929 0.037672751 0.0073332186 0.0014421929 0.037672751 0.0073332186 0.0014421929 0.037672751 0.0074983826 0.0093938699 0.037506871 0.0074983826 0.0093938699 0.037506871 0.0074983826 0.0093938699 0.037506871 0.0074983826 0.0093938699 0.037506871 0.0074983826 0.0093938699 0.037506871 0.00091639196 0.001442492 0.037672568 0.00091639196 0.001442492 0.037672568 0.00091639196 0.001442492 0.037672568 0.00091639196 0.001442492 0.037672568 0.00091639196 0.001442492 0.037672568 0.00091639196 0.001442492 0.037672568 0.0039233561 0.0093903542 0.044266582 0.0039233561 0.0093903542 0.044266582 0.0039233561 0.0093903542 0.044266582 0.0039233561 0.0093903542 0.044266582 0.0039233561 0.0093903542 0.044266582 0.0039233561 0.0093903542 0.044266582 0.0039233561 0.0093903542 0.044266582 0.00075413199 0.009395062 0.037502579 0.00075413199 0.009395062 0.037502579 0.00075413199 0.009395062 0.037502579 0.00075413199 0.009395062 0.037502579 0.00075413199 0.009395062 0.037502579 0.00075413199 0.009395062 0.037502579 0.00075413199 0.009395062 0.037502579 0.003375649 0.0093908301 0.042814668 0.003375649 0.0093908301 0.042814668 0.003375649 0.0093908301 0.042814668 0.003375649 0.0093908301 0.042814668 0.003375649 0.0093908301 0.042814668 0.003375649 0.0093908301 0.042814668 -0.0073322048 0.0014435049 0.045919828 -0.0073322048 0.0014435049 0.045919828 -0.0073322048 0.0014435049 0.045919828 -0.0073322048 0.0014435049 0.045919828 -0.0073322048 0.0014435049 0.045919828 -0.0039226408 0.0093903542 0.045733389 -0.0039226408 0.0093903542 0.045733389 -0.0039226408 0.0093903542 0.045733389 -0.0039226408 0.0093903542 0.045733389 -0.0039226408 0.0093903542 0.045733389 -0.0039226408 0.0093903542 0.045733389 -0.0039226408 0.0093903542 0.045733389 -0.00075355399 0.0093947044 0.05249726 -0.00075355399 0.0093947044 0.05249726 -0.00075355399 0.0093947044 0.05249726 -0.00075355399 0.0093947044 0.05249726 -0.00075355399 0.0093947044 0.05249726 -0.0033748739 0.0093908301 0.047185302 -0.0033748739 0.0093908301 0.047185302 -0.0033748739 0.0093908301 0.047185302 -0.0033748739 0.0093908301 0.047185302 -0.0033748739 0.0093908301 0.047185302 -0.0033748739 0.0093908301 0.047185302 0.0073323236 0.0014428489 0.04592007 0.0073323236 0.0014428489 0.04592007 0.0073323236 0.0014428489 0.04592007 0.0073323236 0.0014428489 0.04592007 0.0073323236 0.0014428489 0.04592007 0.00073400198 0.009389936 0.048923191 0.00073400198 0.009389936 0.048923191 0.00073400198 0.009389936 0.048923191 0.00073400198 0.009389936 0.048923191 0.00073400198 0.009389936 0.048923191 0.00073400198 0.009389936 0.048923191 0.007497489 0.0093948236 0.04575371 0.007497489 0.0093948236 0.04575371 0.007497489 0.0093948236 0.04575371 0.007497489 0.0093948236 0.04575371 0.007497489 0.0093948236 0.04575371 0.007497489 0.0093948236 0.04575371 0.002185642 0.0093908301 0.048375301 0.002185642 0.0093908301 0.048375301 0.002185642 0.0093908301 0.048375301 0.002185642 0.0093908301 0.048375301 0.002185642 0.0093908301 0.048375301 0.002185642 0.0093908301 0.048375301 -0.002153158 0.01088654 0.045420401 -0.002153158 0.01088654 0.045420401 -0.002153158 0.01088654 0.045420401 -0.002153158 0.01088654 0.045420401 -0.002153158 0.01088654 0.045420401 -0.002153158 0.01088654 0.045420401 -0.001070141 0.010883559 0.04698097 -0.001070141 0.010883559 0.04698097 -0.001070141 0.010883559 0.04698097 -0.001070141 0.010883559 0.04698097 -0.001070141 0.010883559 0.04698097 -0.001070141 0.010883559 0.04698097 -0.003009378 0.01089417 0.045278721 -0.003009378 0.01089417 0.045278721 -0.003009378 0.01089417 0.045278721 -0.003009378 0.01089417 0.045278721 -0.003009378 0.01089417 0.045278721 -0.003009378 0.01089417 0.045278721 -0.00187093 0.01090669 0.047411259 -0.00187093 0.01090669 0.047411259 -0.00187093 0.01090669 0.047411259 -0.00187093 0.01090669 0.047411259 -0.00187093 0.01090669 0.047411259 -0.00187093 0.01090669 0.047411259 -0.0088040223 0.0015588989 0.04499995 -0.0088040223 0.0015588989 0.04499995 -0.0088040223 0.0015588989 0.04499995 -0.0088040223 0.0015588989 0.04499995 -0.0088040223 0.0015588989 0.04499995 -0.0088040223 0.0015588989 0.04499995 -0.0088040223 0.0015588989 0.04499995 -0.0088040223 0.0015588989 0.04499995 0.0088093281 0.001564621 0.04499995 0.0088093281 0.001564621 0.04499995 0.0088093281 0.001564621 0.04499995 0.0088093281 0.001564621 0.04499995 0.0088093281 0.001564621 0.04499995 0.0088093281 0.001564621 0.04499995 0.0088093281 0.001564621 0.04499995 0.0088093281 0.001564621 0.04499995 </float_array>
          <technique_common>
            <accessor count="786" offset="0" source="#meshId1-positions-array" stride="3">
              <param name="X" type="float" />
              <param name="Y" type="float" />
              <param name="Z" type="float" />
            </accessor>
          </technique_common>
        </source>
        <source id="meshId1-normals" name="meshId1-normals">
          <float_array id="meshId1-normals-array" count="2358"> 0.0049002152 0.99994385 -0.0094004124 0.89923912 0.021700943 -0.43691897 0.91305143 -0.027401544 -0.40692291 0.95578402 0.10729821 0.27379543 0.97434223 0.027301183 0.22340968 -0.0092002731 0.99982965 0.016000474 -0.034899294 0.99937987 -0.0046999054 0.00040000243 0.99990606 -0.013700083 0.011300015 0.99940133 -0.032700043 0.018200625 0.9998343 0.00030001029 0.45439595 0.087499216 0.88649207 -0.0040001436 0.99993587 -0.01060038 -0.20290263 0.019100247 0.97901261 -0.24130885 0.078902893 0.96723545 0.00040000243 0.99990606 -0.013700083 0.45439595 0.087499216 0.88649207 0.51960796 -0.018100278 0.85421312 0.95578402 0.10729821 0.27379543 -0.034899294 0.99937987 -0.0046999054 0.0049002152 0.99994385 -0.0094004124 0.011500116 0.99991006 -0.0069000693 0.60772449 0.15770635 -0.77833134 0.91305143 -0.027401544 -0.40692291 0.0030999002 0.99996781 0.007399762 0.011500116 0.99991006 -0.0069000693 0.33311155 -0.097503379 -0.93783253 0.60772449 0.15770635 -0.77833134 -0.0050000777 0.99991554 -0.012000186 -0.009500294 0.14740458 -0.98903066 -0.015199444 0.99986339 0.0064997622 0.0049002152 0.99994385 -0.0094004124 0.011500116 0.99991006 -0.0069000693 -0.0092002731 0.99982965 0.016000474 -0.015199444 0.99986339 0.0064997622 -0.70623267 0.090804204 0.70213246 -0.73160642 0.13900122 0.6674059 -0.99504191 -0.095404021 0.028101185 0.018200625 0.9998343 0.00030001029 0.020400111 -0.078500427 -0.99670535 -0.0040001436 0.99993587 -0.01060038 -0.34888181 0.13799281 -0.92695171 -0.69711185 -0.076101296 -0.71291208 0.00040000243 0.99990606 -0.013700083 0.018200625 0.9998343 0.00030001029 -0.0092002731 0.99982965 0.016000474 -0.034899294 0.99937987 -0.0046999054 -0.69711185 -0.076101296 -0.71291208 -0.92020875 0.21710207 -0.32570311 -0.99504191 -0.095404021 0.028101185 0.0030999002 0.99996781 0.007399762 -0.015199444 0.99986339 0.0064997622 -0.10990122 -0.03250036 0.99341106 -0.70623267 0.090804204 0.70213246 0.067700274 0.99440408 0.08110033 0.24759056 0.96746308 0.052098013 0.60767126 0.08559595 0.78956264 0.6939249 -0.027400985 0.71952587 0.9792636 0.073997252 0.18859299 0.020400111 -0.078500427 -0.99670535 0.036198452 0.99485743 -0.094595954 0.03949856 0.99426377 -0.09939637 0.35689193 0.17409605 -0.91777921 -0.053200331 0.98830616 -0.14290088 -0.34888181 0.13799281 -0.92695171 0.002199953 0.981879 0.18949597 0.018600417 0.094802134 0.99532235 0.051598329 0.99626768 0.069197759 0.067700274 0.99440408 0.08110033 0.60767126 0.08559595 0.78956264 0.036198452 0.99485743 -0.094595954 0.057400122 0.99800217 -0.026400056 0.14929432 0.98806244 -0.037998553 0.35689193 0.17409605 -0.91777921 0.82026774 -0.054497857 -0.5693776 0.89661211 0.086401165 -0.43430585 0.057400122 0.99800217 -0.026400056 0.24759056 0.96746308 0.052098013 0.89661211 0.086401165 -0.43430585 0.9792636 0.073997252 0.18859299 0.99006957 0.031099042 0.13709578 0.002199953 0.981879 0.18949597 0.051598329 0.99626768 0.069197759 0.59698641 -0.020799527 0.80198175 -0.030399924 0.99669749 0.075299814 -0.21139191 0.063097589 0.97536266 -0.3562178 0.02580129 0.93404669 -0.030399924 0.99669749 0.075299814 -0.042900413 0.99900967 0.011800114 -0.22159585 0.95208216 0.21079606 -0.3562178 0.02580129 0.93404669 -0.97070831 -0.020300174 0.23940204 0.03949856 0.99426377 -0.09939637 0.21150805 0.063102402 -0.97533709 0.3562178 0.02580129 -0.93404669 -0.039699785 0.99779451 -0.053199708 -0.053200331 0.98830616 -0.14290088 -0.59698641 -0.020799527 -0.80198175 -0.039699785 0.99779451 -0.053199708 -0.042900413 0.99900967 0.011800114 -0.54189491 0.81739235 -0.19549818 -0.59698641 -0.020799527 -0.80198175 -0.95903999 0.082103424 -0.27111134 -0.97070831 -0.020300174 0.23940204 -0.033501174 0.99943507 -0.0027000946 -0.037499845 0.99889582 -0.028299883 -0.039800048 0.99880117 -0.028500034 -0.80431491 -0.056501046 -0.59151095 -0.95302927 0.15090464 -0.26260805 -0.99792403 -0.038400926 -0.051701244 -0.019800859 0.99814326 -0.057602495 -0.037499845 0.99889582 -0.028299883 -0.29379553 -0.051399212 -0.95448548 -0.58807981 0.14999485 -0.79477268 -0.80431491 -0.056501046 -0.59151095 0.00029999224 0.99877417 0.049498718 0.016600363 0.99882185 0.045600999 0.019199189 0.99925774 0.033398587 0.45439595 0.087499216 0.88649207 0.51960796 -0.018100278 0.85421312 -0.0081996359 0.9992556 0.037698325 -0.20290263 0.019100247 0.97901261 -0.0081996359 0.9992556 0.037698325 -0.019500544 0.99872786 0.046501298 -0.032101151 0.99923587 0.0223008 -0.036498964 0.99847168 0.041498821 -0.20290263 0.019100247 0.97901261 -0.24130885 0.078902893 0.96723545 -0.84209508 0.0058999658 0.53929687 0.0012000417 0.99853468 -0.054101881 0.016800711 0.99894232 -0.042801816 0.017200261 0.99901521 -0.040900622 0.33311155 -0.097503379 -0.93783253 -0.009500294 0.14740458 -0.98903066 -0.019799123 0.9991557 -0.0359984 -0.019800859 0.99814326 -0.057602495 -0.29379553 -0.051399212 -0.95448548 -0.032101151 0.99923587 0.0223008 -0.033501174 0.99943507 -0.0027000946 -0.048398435 0.99866778 0.017899422 -0.048699286 0.99878532 0.0074998899 -0.84209508 0.0058999658 0.53929687 -0.87651676 0.11550222 0.46730894 -0.99792403 -0.038400926 -0.051701244 0 0.99835712 -0.057297543 0 -0.013700085 -0.99990618 -0.00010000251 0.99842507 -0.056101412 -0.00040000983 0.99852449 -0.054301333 -0.0025000502 -0.018800378 -0.99982011 -0.0076001538 -0.022400452 -0.99972022 -0.045298714 0.99897164 -0.0018999461 -0.054999251 0.9984864 -0.00019999727 -0.99975353 -0.021698991 -0.0046997815 -0.99985206 -0.017099181 0.001899909 -0.99990928 -0.013200123 0.0027000252 0 0.99835712 -0.057297543 0 -0.013700085 -0.99990618 0.00020000277 0.99841386 -0.056300782 0.0028000486 -0.018900329 -0.99981743 0.0074001937 -0.022200581 -0.99972618 0.045598086 0.99895811 -0.0018999203 0.055802342 0.99844187 -0.0001000042 0.99972081 -0.022800475 -0.0062001292 0.99983609 -0.018100653 0.00050001807 0.99994117 -0.0042001726 0.010000411 0.00030000001 1 -0.00019999999 0.59698641 -0.020799527 0.80198175 0.95903999 0.082103424 0.27111134 -0.00030000001 1 9.9999997e-05 -0.21139191 0.063097589 0.97536266 0.051598329 0.99626768 0.069197759 0.057400122 0.99800217 -0.026400056 0.067700274 0.99440408 0.08110033 0.14929432 0.98806244 -0.037998553 0.24759056 0.96746308 0.052098013 0.59698641 -0.020799527 0.80198175 0.95903999 0.082103424 0.27111134 0.97070831 -0.020300174 -0.23940204 0.21150805 0.063102402 -0.97533709 0.3562178 0.02580129 -0.93404669 0.95903999 0.082103424 0.27111134 0.97070831 -0.020300174 -0.23940204 -0.00030000001 1 9.9999997e-05 0.036198452 0.99485743 -0.094595954 0.03949856 0.99426377 -0.09939637 0.14929432 0.98806244 -0.037998553 0.3562178 0.02580129 -0.93404669 0.97070831 -0.020300174 -0.23940204 -0.0021000279 0.99991333 -0.013000173 -0.0050000777 0.99991554 -0.012000186 -0.009500294 0.14740458 -0.98903066 -0.29379553 -0.051399212 -0.95448548 -0.58807981 0.14999485 -0.79477268 0.0030998567 -0.99995375 0.0090995794 0.0076003387 -0.99994451 0.0073003252 0.011400399 -0.0200007 0.999735 0.011600516 -0.019400863 0.99974447 0.34921378 -0.014100556 0.93693697 0.39078471 -0.024199054 0.92016399 0.0076000602 -0.8186065 -0.57430452 0.0083002979 -0.99993593 0.0077002766 0.999623 0.0055001266 0.026900619 0.0072996705 -0.99995482 -0.0060997242 0.0081001017 -0.81881022 0.57400721 0.99972081 -0.022800475 -0.0062001292 0.99983609 -0.018100653 0.00050001807 0.57512701 -0.8180384 0.0065003051 -0.014199611 -0.99987257 0.0072997999 -0.041200086 0.022300046 0.99890208 -0.0084003257 -0.99993879 0.0072002793 -0.014799363 -0.99985695 -0.0081996471 -0.91171384 -0.016200246 0.41050622 -0.99972469 -0.019600485 0.012900319 -0.99983108 -0.0032000993 0.018100563 -0.007700182 -0.81971937 -0.57271355 -0.0084003257 -0.99993879 0.0072002793 -0.99983108 -0.0032000993 0.018100563 0.57478142 -0.81827354 -0.0073997611 -0.0025000502 -0.018800378 -0.99982011 -0.0067997286 -0.99996006 -0.0057997685 -0.0076001538 -0.022400452 -0.99972022 -0.0099001043 -0.99991053 -0.0090000946 0.57478142 -0.81827354 -0.0073997611 0.57607728 -0.81736773 -0.0066997353 -0.0064999699 -0.81749618 0.57589734 -0.0067997286 -0.99996006 -0.0057997685 -0.0084002167 -0.8199212 0.57241476 -0.0067997286 -0.99996006 -0.0057997685 -0.0084002167 -0.8199212 0.57241476 -0.0099001043 -0.99991053 -0.0090000946 -0.99975353 -0.021698991 -0.0046997815 -0.99985206 -0.017099181 0.001899909 0.0030998567 -0.99995375 0.0090995794 0.0071002399 -0.81782764 -0.57541943 0.0076000602 -0.8186065 -0.57430452 0.0076003387 -0.99994451 0.0073003252 0.0083002979 -0.99993593 0.0077002766 0.010900414 -0.99993795 0.0023000874 -0.57501298 -0.81811845 0.0065001468 -0.57512701 -0.8180384 0.0065003051 0.0076003387 -0.99994451 0.0073003252 0.011400399 -0.0200007 0.999735 -0.57512701 -0.8180384 0.0065003051 0.011400399 -0.0200007 0.999735 0.011600516 -0.019400863 0.99974447 0.57501298 -0.81811845 0.0065001468 0.57512701 -0.8180384 0.0065003051 -0.0080003198 -0.0075002993 0.99993992 -0.029200919 -0.022000693 0.99933147 -0.041200086 0.022300046 0.99890208 -0.57501298 -0.81811845 0.0065001468 -0.57512701 -0.8180384 0.0065003051 0.0071002399 -0.81782764 -0.57541943 0.0071002808 -0.81733233 0.57612276 0.57501298 -0.81811845 0.0065001468 0.57607728 -0.81736773 -0.0066997353 -0.0064999699 -0.81749618 0.57589734 -0.0065001468 -0.81811845 -0.57501298 -0.57501298 -0.81811845 0.0065001468 -0.57589656 -0.81749511 -0.0066999597 0 -0.013700085 -0.99990618 0.0074001937 -0.022200581 -0.99972618 0.57478142 -0.81827354 -0.0073997611 0.57607728 -0.81736773 -0.0066997353 -0.0076001538 -0.022400452 -0.99972022 -0.57489622 -0.81819463 -0.0071999528 -0.57589656 -0.81749511 -0.0066999597 0.0028000486 -0.018900329 -0.99981743 0.0069996854 -0.99995506 -0.0063997121 0.0074001937 -0.022200581 -0.99972618 -0.57489622 -0.81819463 -0.0071999528 0.0069996854 -0.99995506 -0.0063997121 0.0071002808 -0.81733233 0.57612276 0.0072996705 -0.99995482 -0.0060997242 0.0081001017 -0.81881022 0.57400721 -0.57489622 -0.81819463 -0.0071999528 -0.57589656 -0.81749511 -0.0066999597 0.0083997864 -0.99977463 0.019499505 0.57501298 -0.81811845 0.0065001468 0.57512701 -0.8180384 0.0065003051 -0.0065001468 -0.81811845 -0.57501298 -0.007700182 -0.81971937 -0.57271355 -0.0084003257 -0.99993879 0.0072002793 -0.014199611 -0.99987257 0.0072997999 -0.014799363 -0.99985695 -0.0081996471 0.0083997864 -0.99977463 0.019499505 -0.014199611 -0.99987257 0.0072997999 -0.029200919 -0.022000693 0.99933147 -0.041200086 0.022300046 0.99890208 -0.54247957 0.0010999586 0.84006834 -0.62077612 -0.025599014 0.78356981 0.0093001742 0.99961871 0.026000487 0.013599403 0.99975616 0.017399237 0.028599679 0.99938881 0.020099774 0.34921378 -0.014100556 0.93693697 0.39078471 -0.024199054 0.92016399 0.79720134 -0.0039000064 0.603701 -0.011099894 0.99979049 0.017199837 -0.032201406 0.99944359 0.0087003792 -0.54247957 0.0010999586 0.84006834 -0.62077612 -0.025599014 0.78356981 -0.9116236 -0.016100418 0.4107106 0.044198114 0.9982574 0.03909833 0.049598161 0.99856299 0.020299248 0.72257423 0.039298598 0.69017535 0.91266418 0.013599467 0.40848395 0.94010919 0.025700251 0.3399033 0.028599679 0.99938881 0.020099774 0.031799797 0.99949354 0.0011999924 0.036201615 0.99934453 0 0.045598086 0.99895811 -0.0018999203 0.79720134 -0.0039000064 0.603701 0.83717203 -0.024699176 0.54638177 0.99968976 -0.012399874 0.021599779 0.99994117 -0.0042001726 0.010000411 0.039898936 0.99917328 0.0077997916 0.048999939 0.99879879 0.00029999967 0.049598161 0.99856299 0.020299248 0.94010919 0.025700251 0.3399033 -0.0013999987 0.99999905 0.00029999972 -0.0021000889 0.022600958 0.99974239 -0.005699791 0.020999229 0.99976331 0.0012000417 0.99853468 -0.054101881 0.0012999977 0.99999821 0.0013999974 -0.0003999999 0.99999976 0.0006999998 -0.019799123 0.9991557 -0.0359984 -0.39849254 0.0266995 -0.91678286 -0.99974483 0.022501009 0.0020000897 -0.99976879 0.020299368 0.0070997784 0.035301257 0.99923551 -0.016800595 0.039898936 0.99917328 0.0077997916 0.042099714 0.99899322 -0.015499895 0.048999939 0.99879879 0.00029999967 0.89923912 0.021700943 -0.43691897 0.97434223 0.027301183 0.22340968 0.0012000417 0.99853468 -0.054101881 0.0012999977 0.99999821 0.0013999974 0.017200261 0.99901521 -0.040900622 0.3399033 0.025700249 -0.94010913 0.99974418 0.022600999 0.00090003974 0.99977356 0.020499459 0.0056998492 0.016800711 0.99894232 -0.042801816 0.017200261 0.99901521 -0.040900622 0.038101673 0.99834388 -0.043101892 0.3399033 0.025700249 -0.94010913 0.40868786 0.013599597 -0.91257292 0.6901781 0.039198756 -0.7225771 0.00010000317 0.99953169 0.030600971 0.0027000608 0.99972254 0.023400526 0.0093001742 0.99961871 0.026000487 0.011600516 -0.019400863 0.99974447 0.34921378 -0.014100556 0.93693697 -0.0080003198 -0.0075002993 0.99993992 0.00029999224 0.99877417 0.049498718 0.00029999972 0.99999905 -0.0013999987 -0.00019999985 0.99999928 -0.0011999992 -0.0081996359 0.9992556 0.037698325 -0.019500544 0.99872786 0.046501298 -0.3396945 0.025699582 0.94018471 -0.99974406 0.022600995 -0.0010000441 -0.99977106 0.020599404 -0.0057998318 -0.019500544 0.99872786 0.046501298 -0.036498964 0.99847168 0.041498821 -0.3396945 0.025699582 0.94018471 -0.40848395 0.013599467 0.91266418 -0.69017535 0.039298598 0.72257423 0.0030998567 -0.99995375 0.0090995794 0.010900414 -0.99993795 0.0023000874 0.39078471 -0.024199054 0.92016399 0.79720134 -0.0039000064 0.603701 0.83717203 -0.024699176 0.54638177 0.0083002979 -0.99993593 0.0077002766 0.010900414 -0.99993795 0.0023000874 0.83717203 -0.024699176 0.54638177 0.999623 0.0055001266 0.026900619 0.99968976 -0.012399874 0.021599779 0.036201615 0.99934453 0 0.045598086 0.99895811 -0.0018999203 0.055802342 0.99844187 -0.0001000042 -0.001299999 0.99999917 9.9999917e-05 -0.004499814 0.021499114 -0.99975878 -0.99978548 0.020699698 -0.00079998834 -0.99979395 0.020299878 -0.00029999818 0.012100215 0.028600508 -0.99951774 -0.0024999913 0.99999654 -0.0008999969 -0.0029999868 0.99999559 9.9999554e-05 -0.004499814 0.021499114 -0.99975878 -0.99979395 0.020299878 -0.00029999818 0.012100215 0.028600508 -0.99951774 0.85041469 -0.0020000348 -0.5261091 0.93512684 0.032600936 -0.35281011 -0.0024999913 0.99999654 -0.0008999969 0.0068998346 0.99997604 0.00059998565 0.3399033 0.025700249 -0.94010913 0.40868786 0.013599597 -0.91257292 0.99974418 0.022600999 0.00090003974 0 0.99999356 0.0035999767 0.0068998346 0.99997604 0.00059998565 0.40868786 0.013599597 -0.91257292 0.6901781 0.039198756 -0.7225771 0.85041469 -0.0020000348 -0.5261091 -0.0024999913 0.99999654 -0.0008999969 -0.0029999868 0.99999559 9.9999554e-05 9.9998593e-05 0.99998593 0.0052999253 -9.9996883e-05 0.021499332 0.99976891 -0.010400478 0.99994594 0.0001000046 -0.99974483 0.022501009 0.0020000897 -0.99976879 0.020299368 0.0070997784 0.00020000918 0.99994588 -0.010400478 0.003099954 0.020499695 -0.99978513 -0.90050805 0.02350021 -0.43420386 0.0018999577 0.020999532 -0.99977773 0.003099954 0.020499695 -0.99978513 -0.0015999611 0.99997568 0.0067998348 -0.033501174 0.99943507 -0.0027000946 -0.039800048 0.99880117 -0.028500034 -0.048699286 0.99878532 0.0074998899 -0.8812167 0.036400691 -0.47130895 -0.90050805 0.02350021 -0.43420386 -0.019799123 0.9991557 -0.0359984 -0.019800859 0.99814326 -0.057602495 -0.037499845 0.99889582 -0.028299883 -0.039800048 0.99880117 -0.028500034 -0.39849254 0.0266995 -0.91678286 -0.43438783 0.016499538 -0.9005748 -0.8812167 0.036400691 -0.47130895 9.9998593e-05 0.99998593 0.0052999253 0.00020000918 0.99994588 -0.010400478 0.0053999214 0.99998546 9.9998542e-05 -0.010400478 0.99994594 0.0001000046 -0.43438783 0.016499538 -0.9005748 -0.8812167 0.036400691 -0.47130895 -0.90050805 0.02350021 -0.43420386 0 0.021399381 0.99977106 0.99979776 0.020099955 0.00059999869 -0.00010000251 0.99842507 -0.056101412 -0.054999251 0.9984864 -0.00019999727 -0.010400478 0.99994594 0.0001000046 -0.39849254 0.0266995 -0.91678286 -0.43438783 0.016499538 -0.9005748 -0.99974483 0.022501009 0.0020000897 0.01409972 0.020999582 -0.9996801 0.023799552 0.025899513 -0.99938118 0.60751474 0.011900289 -0.79421926 -0.00080003019 0.99963778 0.026901018 -0.019099489 0.99957329 0.022099409 0.00049999962 0.99999917 -0.001199999 0.0018999937 0.99999666 0.0017999939 0.0030999745 0.99999177 0.0025999786 0.65649974 0.03309999 -0.7535997 0.99897522 0.016099602 -0.04229895 0.60751474 0.011900289 -0.79421926 0.65649974 0.03309999 -0.7535997 0.99870473 0.019000089 -0.047200225 0.99897522 0.016099602 -0.04229895 -0.011099894 0.99979049 0.017199837 -0.019099489 0.99957329 0.022099409 -0.029299026 0.99956673 0.0027999068 -0.032201406 0.99944359 0.0087003792 0.001299999 0.99999917 0 0.004499814 0.021499114 0.99975878 0.99870473 0.019000089 -0.047200225 -0.029299026 0.99956673 0.0027999068 -0.037300155 0.99930412 0.00010000041 0.0018999937 0.99999666 0.0017999939 0.0030999745 0.99999177 0.0025999786 -0.012100215 0.028600508 0.99951774 -0.85053188 -0.0020000751 0.52591974 -0.93512684 0.032600936 0.35281011 -0.0024999913 0.99999654 -0.0008999969 -0.005499851 0.99997294 -0.0048998673 -0.3396945 0.025699582 0.94018471 -0.40848395 0.013599467 0.91266418 -0.99974406 0.022600995 -0.0010000441 0.00049999962 0.99999917 -0.001199999 0.0018999937 0.99999666 0.0017999939 -0.005499851 0.99997294 -0.0048998673 -0.40848395 0.013599467 0.91266418 -0.69017535 0.039298598 0.72257423 -0.85053188 -0.0020000751 0.52591974 0.01409972 0.020999582 -0.9996801 0.023799552 0.025899513 -0.99938118 -0.0024999913 0.99999654 -0.0008999969 -0.99974406 0.022600995 -0.0010000441 -0.99977106 0.020599404 -0.0057998318 0.00049999962 0.99999917 -0.001199999 0.023799552 0.025899513 -0.99938118 0.60751474 0.011900289 -0.79421926 0.65649974 0.03309999 -0.7535997 -0.0024999913 0.99999654 -0.0008999969 -0.005499851 0.99997294 -0.0048998673 0.013599403 0.99975616 0.017399237 0.028599679 0.99938881 0.020099774 0.031799797 0.99949354 0.0011999924 -0.70848662 -0.0072998619 -0.70568663 -0.91400385 0.044100188 -0.40330169 -0.9993782 0.020199558 -0.02889937 -0.99995327 0.0074996492 -0.0060997149 0.0012999938 0.99999523 -0.0027999866 0.001499991 0.99999404 -0.0030999817 0.010700253 0.99992353 -0.0062001459 -0.015799973 0.01239998 -0.99979836 -0.54430312 0.03850022 -0.83800477 0.0027000608 0.99972254 0.023400526 0.0093001742 0.99961871 0.026000487 0.013599403 0.99975616 0.017399237 -0.015799973 0.01239998 -0.99979836 -0.029698659 0.020199087 -0.99935484 -0.54430312 0.03850022 -0.83800477 -0.70848662 -0.0072998619 -0.70568663 0.001499991 0.99999404 -0.0030999817 0.99949986 0.028599996 0.013499998 0.99977142 0.020899402 -0.0044998713 -0.015799973 0.01239998 -0.99979836 -0.029698659 0.020199087 -0.99935484 0.00010000317 0.99953169 0.030600971 0.00029999972 0.99999905 -0.0013999987 0.0027000608 0.99972254 0.023400526 0.99977142 0.020899402 -0.0044998713 -9.9996782e-05 0.99956781 0.029399054 -0.00019999985 0.99999928 -0.0011999992 -0.029698659 0.020199087 -0.99935484 0.0012999938 0.99999523 -0.0027999866 0.001499991 0.99999404 -0.0030999817 0.35289767 0.032599788 0.93509388 0.52591974 -0.0020000751 0.85053188 0.99949986 0.028599996 0.013499998 0.91266418 0.013599467 0.40848395 0.94010919 0.025700251 0.3399033 -0.00079999818 0.99999774 0.0019999957 -0.0021000889 0.022600958 0.99974239 -0.0048998673 0.99997294 0.005499851 0.0012999938 0.99999523 -0.0027999866 0.010700253 0.99992353 -0.0062001459 0.52591974 -0.0020000751 0.85053188 0.72257423 0.039298598 0.69017535 0.91266418 0.013599467 0.40848395 -0.0048998673 0.99997294 0.005499851 -0.0075000771 0.9999103 0.011100114 -0.00079999818 0.99999774 0.0019999957 -0.0048998673 0.99997294 0.005499851 -0.0075000771 0.9999103 0.011100114 -0.91400385 0.044100188 -0.40330169 -0.99995327 0.0074996492 -0.0060997149 0.010700253 0.99992353 -0.0062001459 -0.0075000771 0.9999103 0.011100114 -0.54430312 0.03850022 -0.83800477 -0.70848662 -0.0072998619 -0.70568663 -0.91400385 0.044100188 -0.40330169 0.0022999442 0.99997568 0.0065998393 0.0079997042 0.99996293 0.0031998812 0.0082996637 0.99995947 0.0034998583 0.6939249 -0.027400985 0.71952587 0.9792636 0.073997252 0.18859299 0.99006957 0.031099042 0.13709578 0.0022999442 0.99997568 0.0065998393 0.0079997042 0.99996293 0.0031998812 -0.0021000279 0.99991333 -0.013000173 -0.58807981 0.14999485 -0.79477268 -0.80431491 -0.056501046 -0.59151095 -0.95302927 0.15090464 -0.26260805 0.0022999442 0.99997568 0.0065998393 0.0030999002 0.99996781 0.007399762 0.018600417 0.094802134 0.99532235 0.60767126 0.08559595 0.78956264 0.6939249 -0.027400985 0.71952587 -0.0021000279 0.99991333 -0.013000173 -0.0050000777 0.99991554 -0.012000186 -0.10990122 -0.03250036 0.99341106 -0.042900413 0.99900967 0.011800114 -0.22159585 0.95208216 0.21079606 -0.54189491 0.81739235 -0.19549818 -0.73160642 0.13900122 0.6674059 -0.92020875 0.21710207 -0.32570311 -0.99504191 -0.095404021 0.028101185 0.002199953 0.981879 0.18949597 0.018600417 0.094802134 0.99532235 -0.030399924 0.99669749 0.075299814 -0.10990122 -0.03250036 0.99341106 -0.22159585 0.95208216 0.21079606 -0.70623267 0.090804204 0.70213246 -0.73160642 0.13900122 0.6674059 -0.039699785 0.99779451 -0.053199708 -0.053200331 0.98830616 -0.14290088 -0.34888181 0.13799281 -0.92695171 -0.54189491 0.81739235 -0.19549818 -0.69711185 -0.076101296 -0.71291208 -0.92020875 0.21710207 -0.32570311 0.00030000001 1 -0.00019999999 0.21150805 0.063102402 -0.97533709 -0.00030000001 1 9.9999997e-05 -0.59698641 -0.020799527 -0.80198175 -0.95903999 0.082103424 -0.27111134 0.00030000001 1 -0.00019999999 -0.21139191 0.063097589 0.97536266 -0.3562178 0.02580129 0.93404669 -0.95903999 0.082103424 -0.27111134 -0.97070831 -0.020300174 0.23940204 0.0083997864 -0.99977463 0.019499505 -0.014799363 -0.99985695 -0.0081996471 -0.62077612 -0.025599014 0.78356981 -0.9116236 -0.016100418 0.4107106 -0.91171384 -0.016200246 0.41050622 -0.0025000502 -0.018800378 -0.99982011 -0.0099001043 -0.99991053 -0.0090000946 -0.99985206 -0.017099181 0.001899909 -0.029299026 0.99956673 0.0027999068 -0.032201406 0.99944359 0.0087003792 -0.037300155 0.99930412 0.00010000041 -0.045298714 0.99897164 -0.0018999461 -0.9116236 -0.016100418 0.4107106 -0.91171384 -0.016200246 0.41050622 -0.99972469 -0.019600485 0.012900319 -0.99990928 -0.013200123 0.0027000252 0.0028000486 -0.018900329 -0.99981743 0.0069996854 -0.99995506 -0.0063997121 0.0072996705 -0.99995482 -0.0060997242 0.99983609 -0.018100653 0.00050001807 0.00010000317 0.99953169 0.030600971 -9.9996782e-05 0.99956781 0.029399054 -0.00080003019 0.99963778 0.026901018 -0.0080003198 -0.0075002993 0.99993992 -0.011099894 0.99979049 0.017199837 -0.019099489 0.99957329 0.022099409 -0.029200919 -0.022000693 0.99933147 -0.54247957 0.0010999586 0.84006834 0.00020000918 0.99994588 -0.010400478 0.0018999577 0.020999532 -0.99977773 0.003099954 0.020499695 -0.99978513 0.0053999214 0.99998546 9.9998542e-05 0.99978572 0.020699704 -9.9998564e-05 0.001299999 0.99999917 0 0.0018999577 0.020999532 -0.99977773 0.99978572 0.020699704 -9.9998564e-05 0.99979776 0.020099955 0.00059999869 -0.0015999611 0.99997568 0.0067998348 -0.037300155 0.99930412 0.00010000041 -0.045298714 0.99897164 -0.0018999461 -0.054999251 0.9984864 -0.00019999727 0 0.021399381 0.99977106 9.9998593e-05 0.99998593 0.0052999253 0.0053999214 0.99998546 9.9998542e-05 0.99978572 0.020699704 -9.9998564e-05 0.99979776 0.020099955 0.00059999869 -9.9996883e-05 0.021499332 0.99976891 0 0.021399381 0.99977106 -9.9996883e-05 0.021499332 0.99976891 -0.00010000251 0.99842507 -0.056101412 -0.0003999999 0.99999976 0.0006999998 -0.00040000983 0.99852449 -0.054301333 -0.99976879 0.020299368 0.0070997784 0.019199189 0.99925774 0.033398587 0.039898936 0.99917328 0.0077997916 0.044198114 0.9982574 0.03909833 0.049598161 0.99856299 0.020299248 0.51960796 -0.018100278 0.85421312 0.95578402 0.10729821 0.27379543 0.97434223 0.027301183 0.22340968 0.016800711 0.99894232 -0.042801816 0.035301257 0.99923551 -0.016800595 0.038101673 0.99834388 -0.043101892 0.33311155 -0.097503379 -0.93783253 0.60772449 0.15770635 -0.77833134 0.89923912 0.021700943 -0.43691897 0.91305143 -0.027401544 -0.40692291 0 0.020899614 0.99978155 0 0.99999356 0.0035999767 -0.0029999868 0.99999559 9.9999554e-05 -0.99978548 0.020699698 -0.00079998834 -0.99979395 0.020299878 -0.00029999818 0 0.020899614 0.99978155 0.00020000277 0.99841386 -0.056300782 0.055802342 0.99844187 -0.0001000042 -0.00059998251 0.021399375 0.99977082 -0.99978548 0.020699698 -0.00079998834 0 0.020899614 0.99978155 0 0.99999356 0.0035999767 0.0068998346 0.99997604 0.00059998565 0.99974418 0.022600999 0.00090003974 0.99977356 0.020499459 0.0056998492 -0.00059998251 0.021399375 0.99977082 0.012100215 0.028600508 -0.99951774 0.042099714 0.99899322 -0.015499895 0.048999939 0.99879879 0.00029999967 0.93512684 0.032600936 -0.35281011 -0.001299999 0.99999917 9.9999917e-05 -0.0013999987 0.99999905 0.00029999972 -0.004499814 0.021499114 -0.99975878 0 0.99835712 -0.057297543 0.00020000277 0.99841386 -0.056300782 0.0012999977 0.99999821 0.0013999974 0.99977356 0.020499459 0.0056998492 -0.0003999999 0.99999976 0.0006999998 -0.00040000983 0.99852449 -0.054301333 -0.00059998251 0.021399375 0.99977082 0.035301257 0.99923551 -0.016800595 0.038101673 0.99834388 -0.043101892 0.042099714 0.99899322 -0.015499895 0.6901781 0.039198756 -0.7225771 0.85041469 -0.0020000348 -0.5261091 0.93512684 0.032600936 -0.35281011 0.0030999745 0.99999177 0.0025999786 0.004499814 0.021499114 0.99975878 0.99870473 0.019000089 -0.047200225 0.99897522 0.016099602 -0.04229895 -0.012100215 0.028600508 0.99951774 0.001299999 0.99999917 0 0.004499814 0.021499114 0.99975878 -0.0015999611 0.99997568 0.0067998348 -0.012100215 0.028600508 0.99951774 -0.048398435 0.99866778 0.017899422 -0.048699286 0.99878532 0.0074998899 -0.93512684 0.032600936 0.35281011 0.01409972 0.020999582 -0.9996801 -9.9996782e-05 0.99956781 0.029399054 -0.00019999985 0.99999928 -0.0011999992 -0.00080003019 0.99963778 0.026901018 -0.99977106 0.020599404 -0.0057998318 -0.032101151 0.99923587 0.0223008 -0.036498964 0.99847168 0.041498821 -0.048398435 0.99866778 0.017899422 -0.69017535 0.039298598 0.72257423 -0.85053188 -0.0020000751 0.52591974 -0.93512684 0.032600936 0.35281011 -0.00079999818 0.99999774 0.0019999957 -0.0021000889 0.022600958 0.99974239 -0.005699791 0.020999229 0.99976331 -0.9993782 0.020199558 -0.02889937 -0.99995327 0.0074996492 -0.0060997149 0.00029999224 0.99877417 0.049498718 0.00029999972 0.99999905 -0.0013999987 0.016600363 0.99882185 0.045600999 0.35289767 0.032599788 0.93509388 0.99949986 0.028599996 0.013499998 0.99977142 0.020899402 -0.0044998713 0.031799797 0.99949354 0.0011999924 0.036201615 0.99934453 0 -0.001299999 0.99999917 9.9999917e-05 -0.0013999987 0.99999905 0.00029999972 -0.005699791 0.020999229 0.99976331 -0.9993782 0.020199558 -0.02889937 0.016600363 0.99882185 0.045600999 0.019199189 0.99925774 0.033398587 0.044198114 0.9982574 0.03909833 0.35289767 0.032599788 0.93509388 0.52591974 -0.0020000751 0.85053188 0.72257423 0.039298598 0.69017535 0.0082996637 0.99995947 0.0034998583 0.010799712 0.99987328 -0.011699688 0.02179946 0.99967521 -0.013199673 0.82026774 -0.054497857 -0.5693776 0.89661211 0.086401165 -0.43430585 0.99006957 0.031099042 0.13709578 0.011300015 0.99940133 -0.032700043 0.020400111 -0.078500427 -0.99670535 0.02179946 0.99967521 -0.013199673 0.35689193 0.17409605 -0.91777921 0.82026774 -0.054497857 -0.5693776 -0.0040001436 0.99993587 -0.01060038 0.0079997042 0.99996293 0.0031998812 0.0082996637 0.99995947 0.0034998583 0.010799712 0.99987328 -0.011699688 -0.87651676 0.11550222 0.46730894 -0.95302927 0.15090464 -0.26260805 -0.99792403 -0.038400926 -0.051701244 0.010799712 0.99987328 -0.011699688 0.011300015 0.99940133 -0.032700043 0.02179946 0.99967521 -0.013199673 -0.24130885 0.078902893 0.96723545 -0.84209508 0.0058999658 0.53929687 -0.87651676 0.11550222 0.46730894 -0.0064999699 -0.81749618 0.57589734 -0.0065001468 -0.81811845 -0.57501298 -0.007700182 -0.81971937 -0.57271355 -0.0084002167 -0.8199212 0.57241476 -0.99972469 -0.019600485 0.012900319 -0.99975353 -0.021698991 -0.0046997815 -0.99983108 -0.0032000993 0.018100563 -0.99990928 -0.013200123 0.0027000252 0.0071002399 -0.81782764 -0.57541943 0.0071002808 -0.81733233 0.57612276 0.0076000602 -0.8186065 -0.57430452 0.0081001017 -0.81881022 0.57400721 0.999623 0.0055001266 0.026900619 0.99968976 -0.012399874 0.021599779 0.99972081 -0.022800475 -0.0062001292 0.99994117 -0.0042001726 0.010000411 </float_array>
          <technique_common>
            <accessor count="786" offset="0" source="#meshId1-normals-array" stride="3">
              <param name="X" type="float" />
              <param name="Y" type="float" />
              <param name="Z" type="float" />
            </accessor>
          </technique_common>
        </source>
        <vertices id="meshId1-vertices">
          <input semantic="POSITION" source="#meshId1-positions" />
        </vertices>
        <polylist count="262" material="defaultMaterial">
          <input offset="0" semantic="VERTEX" source="#meshId1-vertices" />
          <input offset="0" semantic="NORMAL" source="#meshId1-normals" />
          <vcount>3 3 3 3 3 3 3 3 3 3 3 3 3 3 3 3 3 3 3 3 3 3 3 3 3 3 3 3 3 3 3 3 3 3 3 3 3 3 3 3 3 3 3 3 3 3 3 3 3 3 3 3 3 3 3 3 3 3 3 3 3 3 3 3 3 3 3 3 3 3 3 3 3 3 3 3 3 3 3 3 3 3 3 3 3 3 3 3 3 3 3 3 3 3 3 3 3 3 3 3 3 3 3 3 3 3 3 3 3 3 3 3 3 3 3 3 3 3 3 3 3 3 3 3 3 3 3 3 3 3 3 3 3 3 3 3 3 3 3 3 3 3 3 3 3 3 3 3 3 3 3 3 3 3 3 3 3 3 3 3 3 3 3 3 3 3 3 3 3 3 3 3 3 3 3 3 3 3 3 3 3 3 3 3 3 3 3 3 3 3 3 3 3 3 3 3 3 3 3 3 3 3 3 3 3 3 3 3 3 3 3 3 3 3 3 3 3 3 3 3 3 3 3 3 3 3 3 3 3 3 3 3 3 3 3 3 3 3 3 3 3 3 3 3 3 3 3 3 3 3 3 3 3 3 3 3 3 3 3 3 3 3 </vcount>
          <p>166 175 179 176 186 180 185 93 178 177 92 588 82 174 165 77 750 74 749 756 73 575 562 65 72 755 61 68 563 55 564 551 56 57 552 78 553 751 79 108 142 763 107 762 559 126 13 767 125 120 12 113 106 558 112 557 191 135 111 190 132 189 28 140 127 768 141 769 761 234 193 239 231 365 192 371 366 236 199 370 235 615 201 272 614 270 267 282 206 285 276 284 597 283 598 209 281 208 214 218 224 226 220 228 603 782 373 200 783 312 374 163 313 785 203 161 784 616 162 204 776 215 212 611 774 211 151 229 775 152 604 230 153 777 612 238 241 250 257 237 249 264 269 274 265 275 258 277 253 244 278 245 205 262 254 222 216 261 221 147 217 602 263 219 148 158 268 260 157 613 266 155 259 144 246 351 620 247 623 286 248 287 207 194 242 240 195 349 243 105 421 414 104 110 420 308 375 735 741 650 116 621 454 296 670 156 688 622 444 455 377 160 671 309 159 376 154 143 687 692 146 648 435 150 637 636 149 608 297 457 606 742 301 652 291 490 504 456 461 605 619 715 443 292 306 491 134 419 109 302 316 653 133 324 418 651 314 329 618 518 713 462 635 607 315 682 331 128 334 321 657 340 129 130 341 336 681 696 330 617 346 514 519 354 714 458 705 630 328 694 658 361 124 718 659 695 342 434 646 145 318 737 685 123 136 717 307 734 492 356 122 360 719 138 709 347 502 516 355 119 121 335 689 322 515 729 353 323 691 647 707 412 634 710 139 415 728 114 352 736 378 684 137 103 413 290 503 348 740 115 730 310 295 368 311 369 372 294 197 367 293 350 196 299 599 289 624 298 288 610 210 601 300 609 600 381 668 386 673 667 380 680 382 387 379 385 686 392 337 343 397 393 344 398 345 697 388 399 698 389 699 683 677 338 394 678 690 339 664 669 674 679 672 693 396 676 391 665 675 395 383 400 390 384 666 401 638 644 432 403 645 643 326 405 439 649 406 327 430 416 424 431 409 417 437 422 325 438 429 423 410 626 631 411 408 627 641 632 629 642 433 633 425 402 639 427 640 628 436 404 428 407 426 625 448 451 487 450 442 486 703 453 449 702 460 452 701 706 459 465 708 704 470 357 362 476 471 363 477 364 720 466 478 721 467 722 711 359 483 716 358 472 482 441 480 485 712 479 440 464 700 447 474 463 446 484 473 445 489 469 475 481 468 488 547 494 541 501 507 545 508 493 546 506 513 520 505 500 512 511 733 517 525 732 510 527 317 305 535 526 304 534 303 745 524 533 744 523 743 731 724 319 529 725 738 320 496 727 542 739 726 495 497 531 521 498 522 509 539 530 536 538 723 528 544 540 537 543 532 499 560 554 548 549 555 758 565 187 556 746 550 759 566 27 188 49 23 561 747 760 764 33 29 50 20 24 31 754 748 766 0 19 30 11 39 757 8 752 765 5 32 44 18 6 45 9 43 37 14 42 7 656 333 4 655 3 17 660 131 25 118 654 16 661 26 21 117 15 10 663 22 2 332 662 1 571 35 580 753 38 58 34 52 579 63 40 583 51 567 577 41 46 585 586 47 572 48 36 573 591 101 595 102 90 596 89 85 594 593 84 168 96 100 590 173 54 76 88 569 578 80 574 64 59 182 69 581 97 94 184 172 71 70 170 75 60 91 183 171 67 53 169 81 66 584 570 99 62 582 95 98 568 87 86 576 83 587 592 164 589 167 181 223 255 770 225 773 227 280 213 772 256 279 771 780 198 233 778 232 251 779 252 271 202 781 273 </p>
        </polylist>
      </mesh>
    </geometry>
  </library_geometries>
  <library_controllers>
  </library_controllers>
  <library_visual_scenes>
    <visual_scene id="Scene" name="Scene">
      <node id="finger"  name="finger" type="NODE">
        <matrix sid="matrix">1 0 0 0 0 1 0 0 0 0 1 0 0 0 0 1</matrix>
        <instance_geometry url="#meshId0">
          <bind_material>
            <technique_common>
              <instance_material symbol="defaultMaterial" target="#whtie_plastic">
              </instance_material>
            </technique_common>
          </bind_material>
        </instance_geometry>
        <instance_geometry url="#meshId1">
          <bind_material>
            <technique_common>
              <instance_material symbol="defaultMaterial" target="#black_plastic">
              </instance_material>
            </technique_common>
          </bind_material>
        </instance_geometry>
      </node>
    </visual_scene>
  </library_visual_scenes>
  <scene>
    <instance_visual_scene url="#Scene" />
  </scene>
</COLLADA>
