# generated
mtllib golden_strawberry.mtl
o fruit_half
v 0.728801 -0.069701 0.419643
v -0.408487 -0.681436 0.558947
v -0.219941 0.467603 0.224099
v 0.739825 -0.066875 0.439014
v 0.737175 -0.042094 0.422034
v 0.723732 -0.055389 0.398795
v 0.720636 -0.089210 0.402683
v 0.731804 -0.095323 0.429483
v -0.402841 -0.686994 0.573054
v -0.386521 -0.692087 0.557333
v -0.400844 -0.681969 0.542837
v -0.421170 -0.669812 0.531376
v -0.425326 -0.672539 0.555456
v -0.424164 -0.675805 0.577207
v -0.209418 0.454809 0.212841
v -0.200798 0.476481 0.220093
v -0.217900 0.484626 0.232474
v -0.232537 0.457951 0.224270
v -0.222822 0.434588 0.209384
v -0.236433 0.481038 0.237245
v -0.570046 0.564860 0.731818
v -0.552169 0.578394 0.718231
v -0.522723 0.599280 0.737921
v -0.645812 0.481512 0.737669
v -0.635096 0.496378 0.717061
v -0.622282 0.511593 0.699192
v -0.611273 0.524625 0.730872
v -0.606883 0.526601 0.683391
v -0.596826 0.539614 0.714894
v -0.589510 0.541389 0.668963
v -0.579659 0.553548 0.700266
v -0.570910 0.556394 0.655549
v -0.561235 0.567564 0.686739
v -0.549639 0.569938 0.643664
v -0.540863 0.580905 0.674656
v -0.531925 0.590519 0.706232
v -0.519701 0.595178 0.663952
v -0.511570 0.604515 0.695542
v -0.503007 0.612707 0.727273
v -0.489653 0.618351 0.686461
v -0.481905 0.626131 0.718314
v -0.460018 0.640171 0.710725
v -0.453001 0.647443 0.742547
v -0.431032 0.661643 0.736066
v -0.684085 0.419268 0.731213
v -0.676044 0.433365 0.705621
v -0.666287 0.451458 0.732325
v -0.665936 0.447546 0.681200
v -0.656132 0.465428 0.708540
v -0.655374 0.463362 0.658836
v -0.645745 0.480922 0.687072
v -0.642538 0.480218 0.639157
v -0.632769 0.496663 0.668442
v -0.626769 0.497332 0.622246
v -0.616916 0.512354 0.652402
v -0.608226 0.513425 0.607492
v -0.599282 0.528109 0.637978
v -0.587381 0.528387 0.594540
v -0.579509 0.543040 0.624873
v -0.565375 0.543296 0.582913
v -0.557855 0.557249 0.613151
v -0.541519 0.557362 0.572971
v -0.534774 0.571341 0.602884
v -0.527538 0.584214 0.633090
v -0.510454 0.585456 0.594024
v -0.503753 0.598026 0.624143
v -0.496839 0.609007 0.654934
v -0.478978 0.611814 0.616474
v -0.472796 0.622764 0.647293
v -0.466591 0.632202 0.678844
v -0.448249 0.636957 0.640698
v -0.442596 0.646046 0.672439
v -0.437222 0.654589 0.704294
v -0.418485 0.660805 0.666865
v -0.413419 0.668794 0.698802
v -0.408081 0.675911 0.730436
v -0.388861 0.683311 0.694115
v -0.383613 0.689534 0.725603
v -0.358379 0.703748 0.721190
v -0.709619 0.348802 0.737275
v -0.703738 0.362608 0.710442
v -0.697667 0.384579 0.733333
v -0.697522 0.376676 0.683338
v -0.691051 0.398578 0.706719
v -0.688927 0.390776 0.656666
v -0.684075 0.413106 0.680420
v -0.679448 0.406254 0.631016
v -0.673504 0.427448 0.655471
v -0.668095 0.423418 0.607167
v -0.662790 0.443923 0.632267
v -0.654361 0.441527 0.585687
v -0.649783 0.461786 0.611612
v -0.638130 0.459545 0.566612
v -0.633613 0.479451 0.593602
v -0.619423 0.477000 0.550183
v -0.614938 0.496322 0.578094
v -0.598763 0.493763 0.536103
v -0.593751 0.511933 0.564870
v -0.576684 0.509976 0.523994
v -0.571424 0.527320 0.553232
v -0.552011 0.523960 0.514540
v -0.547078 0.541412 0.543574
v -0.527098 0.538420 0.506217
v -0.522000 0.555604 0.535234
v -0.516479 0.571220 0.564500
v -0.496785 0.570387 0.527620
v -0.491513 0.586245 0.556615
v -0.485185 0.599497 0.586367
v -0.465839 0.600961 0.549573
v -0.459936 0.614403 0.579273
v -0.454075 0.626456 0.609603
v -0.434294 0.629406 0.572894
v -0.428851 0.641384 0.603516
v -0.423502 0.651703 0.634931
v -0.402777 0.655699 0.598531
v -0.397743 0.665749 0.630355
v -0.393583 0.675550 0.662260
v -0.371538 0.679965 0.626596
v -0.367142 0.688956 0.658602
v -0.362837 0.696958 0.690126
v -0.340242 0.702810 0.655156
v -0.336287 0.711371 0.686229
v -0.331903 0.717847 0.716890
v -0.308316 0.724797 0.682299
v -0.303864 0.731274 0.712498
v -0.299540 0.736157 0.742217
v -0.730709 0.289811 0.723123
v -0.722100 0.312425 0.742877
v -0.724440 0.303332 0.695804
v -0.716177 0.326152 0.716083
v -0.717239 0.316744 0.667979
v -0.709683 0.339722 0.688721
v -0.709224 0.330582 0.640016
v -0.702519 0.353591 0.661162
v -0.700450 0.345720 0.612367
v -0.694494 0.368403 0.633873
v -0.689586 0.362340 0.585746
v -0.685073 0.384778 0.607686
v -0.677355 0.380528 0.560461
v -0.673083 0.402394 0.583244
v -0.662655 0.399061 0.537073
v -0.658825 0.420673 0.560816
v -0.644740 0.416951 0.516398
v -0.641284 0.438340 0.541146
v -0.626076 0.434954 0.497924
v -0.622713 0.456256 0.523677
v -0.605574 0.452166 0.482210
v -0.605574 0.452166 0.482210
v -0.602260 0.473488 0.508769
v -0.583612 0.468620 0.468915
v -0.580577 0.490194 0.495913
v -0.560183 0.484119 0.457992
v -0.556878 0.505490 0.485592
v -0.535013 0.498195 0.449903
v -0.531608 0.519467 0.477604
v -0.509731 0.512680 0.442945
v -0.505725 0.533158 0.470962
v -0.501464 0.552558 0.499118
v -0.480215 0.547965 0.464542
v -0.476013 0.567595 0.492315
v -0.471259 0.585428 0.520585
v -0.450177 0.582671 0.485942
v -0.445130 0.600191 0.514181
v -0.439704 0.615632 0.543181
v -0.418742 0.614898 0.508139
v -0.413561 0.630692 0.537198
v -0.408074 0.644065 0.567427
v -0.386437 0.644255 0.532215
v -0.381285 0.657978 0.562862
v -0.375916 0.669144 0.594643
v -0.353979 0.671111 0.559294
v -0.349032 0.682976 0.591306
v -0.344791 0.694069 0.623262
v -0.321472 0.695976 0.588331
v -0.317097 0.707197 0.620105
v -0.312715 0.716681 0.651532
v -0.289151 0.720954 0.616448
v -0.284028 0.729689 0.647567
v -0.279218 0.737711 0.677939
v -0.254599 0.742764 0.642846
v -0.249149 0.750424 0.672982
v -0.243796 0.756581 0.702643
v -0.274643 0.744584 0.707730
v -0.239110 0.762014 0.731777
v -0.270372 0.749977 0.737084
v -0.759028 0.215479 0.740372
v -0.753227 0.228450 0.713069
v -0.745255 0.252923 0.731264
v -0.747130 0.241775 0.685550
v -0.738649 0.266097 0.704048
v -0.740178 0.255409 0.657479
v -0.733090 0.279934 0.676293
v -0.732700 0.269361 0.628667
v -0.725333 0.293351 0.648040
v -0.722626 0.283530 0.599926
v -0.715984 0.307113 0.619789
v -0.710441 0.299067 0.572187
v -0.705079 0.322239 0.592175
v -0.696927 0.316340 0.545144
v -0.693067 0.339253 0.565183
v -0.684202 0.335554 0.518073
v -0.681163 0.358215 0.538762
v -0.669174 0.354647 0.492273
v -0.665962 0.377017 0.514300
v -0.650792 0.372214 0.469316
v -0.647616 0.394818 0.492602
v -0.631092 0.389188 0.448950
v -0.628341 0.412253 0.473237
v -0.609624 0.405383 0.431827
v -0.609624 0.405383 0.431827
v -0.608243 0.429538 0.456432
v -0.608243 0.429538 0.456432
v -0.587162 0.421225 0.417490
v -0.585823 0.445470 0.442809
v -0.563098 0.436228 0.406171
v -0.562469 0.460968 0.431430
v -0.538466 0.451246 0.397106
v -0.537407 0.475280 0.423062
v -0.512976 0.465890 0.390390
v -0.511991 0.489731 0.416315
v -0.487908 0.481583 0.384256
v -0.486845 0.505153 0.410091
v -0.484044 0.527249 0.436999
v -0.460826 0.519924 0.405244
v -0.458435 0.542440 0.431287
v -0.454518 0.563062 0.458479
v -0.432628 0.557767 0.425735
v -0.428875 0.578610 0.452292
v -0.423937 0.597500 0.479880
v -0.402256 0.593085 0.446731
v -0.397048 0.611516 0.474290
v -0.391500 0.628350 0.502864
v -0.369751 0.625171 0.469041
v -0.364345 0.642089 0.497830
v -0.358892 0.657120 0.528111
v -0.336518 0.654892 0.493782
v -0.330896 0.669175 0.524900
v -0.326190 0.683493 0.556356
v -0.302964 0.681743 0.521841
v -0.298310 0.696171 0.553390
v -0.293718 0.709337 0.585050
v -0.270357 0.709602 0.549955
v -0.265246 0.722359 0.581325
v -0.260073 0.733657 0.612263
v -0.235247 0.733662 0.577268
v -0.229551 0.744904 0.607611
v -0.223764 0.754470 0.637740
v -0.198265 0.755094 0.601770
v -0.192180 0.765224 0.631462
v -0.185645 0.772869 0.661193
v -0.217850 0.762299 0.667594
v -0.179521 0.780171 0.690569
v -0.211935 0.768453 0.697091
v -0.173197 0.784604 0.719989
v -0.206663 0.773932 0.726189
v -0.774721 0.150619 0.734868
v -0.771833 0.163388 0.706082
v -0.764964 0.189604 0.722959
v -0.766491 0.176691 0.677838
v -0.759859 0.202689 0.695355
v -0.759950 0.190978 0.649609
v -0.753656 0.216357 0.667572
v -0.752911 0.205825 0.620641
v -0.746811 0.230609 0.639043
v -0.742706 0.220207 0.591151
v -0.738055 0.244766 0.609814
v -0.731100 0.235339 0.561584
v -0.727194 0.259418 0.580619
v -0.717199 0.251768 0.533253
v -0.714647 0.275657 0.552460
v -0.702537 0.269970 0.505875
v -0.699732 0.293177 0.525466
v -0.688058 0.289092 0.478348
v -0.686671 0.312621 0.497943
v -0.672043 0.307351 0.451049
v -0.671485 0.331497 0.471159
v -0.653000 0.324197 0.425717
v -0.652879 0.348719 0.446875
v -0.631580 0.340208 0.403501
v -0.632433 0.365218 0.425465
v -0.609743 0.356167 0.383658
v -0.609743 0.356167 0.383658
v -0.610775 0.381269 0.407160
v -0.610775 0.381269 0.407160
v -0.585915 0.371468 0.368245
v -0.586831 0.396123 0.393109
v -0.561083 0.386557 0.356445
v -0.562892 0.411509 0.381110
v -0.535939 0.401687 0.346961
v -0.537902 0.426483 0.371904
v -0.510229 0.416410 0.340249
v -0.512584 0.441594 0.364884
v -0.485099 0.431826 0.334642
v -0.487010 0.456718 0.359576
v -0.460121 0.447445 0.330230
v -0.462001 0.472631 0.354566
v -0.462291 0.496913 0.379436
v -0.436730 0.488440 0.350534
v -0.437075 0.513016 0.374497
v -0.435264 0.535651 0.400019
v -0.411186 0.528571 0.370310
v -0.409771 0.551807 0.394502
v -0.406620 0.573193 0.420102
v -0.383415 0.567250 0.389376
v -0.380004 0.588255 0.414600
v -0.375227 0.607384 0.441264
v -0.352207 0.602107 0.409845
v -0.347417 0.621022 0.436335
v -0.342046 0.638632 0.464287
v -0.319165 0.634576 0.431732
v -0.313648 0.651292 0.460419
v -0.308243 0.667160 0.490512
v -0.285055 0.664135 0.456925
v -0.279975 0.679970 0.487371
v -0.275096 0.695107 0.518598
v -0.251226 0.692847 0.484447
v -0.246178 0.707581 0.515528
v -0.240888 0.721231 0.546538
v -0.215819 0.718578 0.512030
v -0.210300 0.731721 0.542024
v -0.204589 0.744394 0.571783
v -0.179022 0.740951 0.534848
v -0.173069 0.752651 0.564133
v -0.166481 0.762996 0.593614
v -0.141323 0.757725 0.552580
v -0.134744 0.768861 0.581852
v -0.127838 0.778669 0.611518
v -0.160170 0.773852 0.622786
v -0.120673 0.786811 0.641501
v -0.153349 0.781847 0.652529
v -0.113547 0.794795 0.671364
v -0.146492 0.788852 0.682279
v -0.105899 0.799320 0.701517
v -0.139595 0.793755 0.711998
v -0.098496 0.803558 0.731244
v -0.133055 0.797018 0.741435
v -0.783242 0.084643 0.734939
v -0.781096 0.096753 0.704593
v -0.779072 0.123910 0.719527
v -0.778416 0.109747 0.674246
v -0.776056 0.136617 0.689847
v -0.775342 0.124368 0.644012
v -0.771738 0.150602 0.660603
v -0.769323 0.139920 0.614073
v -0.766271 0.165802 0.631553
v -0.761443 0.155649 0.583972
v -0.757551 0.180796 0.602266
v -0.750842 0.171124 0.553736
v -0.747150 0.195773 0.572428
v -0.736468 0.186541 0.524270
v -0.733970 0.211022 0.542889
v -0.719821 0.202912 0.496173
v -0.718865 0.227544 0.514507
v -0.702701 0.220879 0.469227
v -0.703133 0.245742 0.487245
v -0.685845 0.239125 0.442339
v -0.687978 0.264642 0.459704
v -0.667773 0.256158 0.415270
v -0.670599 0.282167 0.432483
v -0.646443 0.271888 0.389840
v -0.650253 0.298355 0.406976
v -0.622254 0.286794 0.367317
v -0.627248 0.313648 0.384651
v -0.598135 0.301873 0.346290
v -0.598135 0.301873 0.346290
v -0.604665 0.329217 0.363794
v -0.604665 0.329217 0.363794
v -0.575917 0.317925 0.325935
v -0.581866 0.345231 0.345782
v -0.552076 0.333804 0.310471
v -0.557071 0.360639 0.332959
v -0.526474 0.348491 0.300365
v -0.531892 0.375715 0.323186
v -0.501002 0.363083 0.292994
v -0.506453 0.390519 0.315984
v -0.475868 0.377943 0.287578
v -0.481161 0.405424 0.310822
v -0.451292 0.393505 0.283664
v -0.456543 0.421144 0.306499
v -0.427450 0.410216 0.280165
v -0.432269 0.437592 0.302894
v -0.435228 0.463404 0.326623
v -0.407481 0.453662 0.300910
v -0.410259 0.479613 0.323542
v -0.411414 0.504507 0.346684
v -0.385413 0.496133 0.320287
v -0.386182 0.520958 0.342452
v -0.385349 0.544535 0.365578
v -0.359981 0.536384 0.338898
v -0.358437 0.559406 0.361524
v -0.356086 0.581801 0.384747
v -0.330843 0.573878 0.357453
v -0.327758 0.595532 0.380540
v -0.323471 0.615142 0.405664
v -0.298709 0.609015 0.376308
v -0.294289 0.628251 0.401473
v -0.289737 0.646671 0.428293
v -0.264203 0.640333 0.397882
v -0.260087 0.658838 0.425045
v -0.255766 0.676311 0.454159
v -0.230238 0.670646 0.422120
v -0.225956 0.688090 0.451800
v -0.221187 0.704403 0.481774
v -0.195953 0.697983 0.448068
v -0.190585 0.714584 0.476792
v -0.184545 0.727813 0.506085
v -0.160161 0.719193 0.466169
v -0.153746 0.733671 0.494094
v -0.147660 0.746487 0.523152
v -0.123204 0.733313 0.477511
v -0.116628 0.747754 0.506678
v -0.110015 0.759979 0.536391
v -0.086143 0.745052 0.487796
v -0.078800 0.757276 0.518203
v -0.071661 0.769152 0.548439
v -0.103151 0.770881 0.566292
v -0.064530 0.780597 0.578805
v -0.095962 0.780536 0.596615
v -0.056710 0.788952 0.609993
v -0.088359 0.788835 0.627200
v -0.048611 0.796150 0.641286
v -0.080776 0.796875 0.657583
v -0.040338 0.803604 0.672199
v -0.072831 0.802995 0.688076
v -0.031499 0.808047 0.703076
v -0.064660 0.808041 0.718324
v -0.022468 0.811499 0.733451
v -0.785768 0.017875 0.736768
v -0.784090 0.029611 0.706029
v -0.783297 0.057257 0.720588
v -0.782900 0.042033 0.674921
v -0.781937 0.069396 0.689861
v -0.781757 0.056114 0.643600
v -0.780482 0.082882 0.659024
v -0.778188 0.071809 0.612220
v -0.777924 0.098083 0.628094
v -0.772754 0.088262 0.580646
v -0.772089 0.114159 0.597164
v -0.764685 0.104486 0.548953
v -0.764321 0.130299 0.566103
v -0.753958 0.120501 0.517460
v -0.753735 0.146194 0.535172
v -0.739383 0.136672 0.487124
v -0.739094 0.162061 0.505322
v -0.722241 0.153487 0.458393
v -0.720668 0.178223 0.477572
v -0.700366 0.169736 0.433327
v -0.701282 0.195447 0.451492
v -0.678916 0.185994 0.408919
v -0.682144 0.212765 0.425826
v -0.658504 0.201956 0.383654
v -0.662477 0.229145 0.399900
v -0.636866 0.217348 0.358732
v -0.640975 0.244686 0.374618
v -0.612537 0.231874 0.335746
v -0.616750 0.259488 0.351577
v -0.588479 0.246347 0.313178
v -0.588479 0.246347 0.313178
v -0.592253 0.274247 0.329848
v -0.592253 0.274247 0.329848
v -0.563906 0.260489 0.292609
v -0.568057 0.289154 0.309914
v -0.538036 0.274118 0.276005
v -0.544734 0.304499 0.292277
v -0.511691 0.287855 0.263697
v -0.519548 0.319183 0.280236
v -0.485799 0.302182 0.254518
v -0.494013 0.333659 0.272157
v -0.460920 0.317526 0.247040
v -0.468799 0.348439 0.266482
v -0.436100 0.333235 0.242671
v -0.443932 0.363704 0.263054
v -0.411565 0.349294 0.240908
v -0.419879 0.380042 0.260576
v -0.387782 0.366152 0.240229
v -0.396293 0.397020 0.258928
v -0.402945 0.426294 0.279168
v -0.372848 0.414123 0.258301
v -0.378886 0.442894 0.278138
v -0.383061 0.470239 0.298715
v -0.355572 0.460283 0.275996
v -0.358725 0.486920 0.296254
v -0.360341 0.512498 0.316891
v -0.334142 0.503305 0.293715
v -0.334215 0.527714 0.314287
v -0.333116 0.551338 0.335312
v -0.307647 0.542725 0.311155
v -0.305181 0.565393 0.332073
v -0.302306 0.587817 0.353435
v -0.276348 0.579023 0.328522
v -0.272616 0.601046 0.349535
v -0.268456 0.621329 0.372619
v -0.241587 0.612191 0.345981
v -0.237513 0.632814 0.368637
v -0.233795 0.651867 0.394278
v -0.207121 0.641139 0.363865
v -0.203845 0.661382 0.390027
v -0.200768 0.680754 0.418338
v -0.175734 0.665354 0.381416
v -0.172111 0.684967 0.409578
v -0.166535 0.702415 0.438233
v -0.143743 0.682078 0.392725
v -0.137480 0.700861 0.420524
v -0.130323 0.717602 0.449106
v -0.108776 0.695998 0.400921
v -0.100871 0.712029 0.430304
v -0.093401 0.729180 0.458696
v -0.072399 0.707257 0.409308
v -0.064388 0.724370 0.438127
v -0.056333 0.739862 0.467789
v -0.035701 0.717323 0.416038
v -0.027088 0.733389 0.445679
v -0.018577 0.747578 0.476123
v -0.048392 0.753604 0.498074
v -0.010223 0.759897 0.507234
v -0.040676 0.765976 0.528715
v -0.002209 0.772515 0.538367
v -0.033154 0.777092 0.559771
v 0.005867 0.782548 0.570671
v -0.025447 0.787445 0.591112
v 0.014201 0.792038 0.602497
v -0.017146 0.794815 0.622984
v 0.023156 0.799575 0.634416
v -0.008391 0.801951 0.654513
v 0.032924 0.805478 0.665982
v 0.000961 0.807875 0.685682
v 0.043274 0.809363 0.697146
v 0.010669 0.811785 0.716461
v 0.053608 0.812747 0.727945
v -0.786257 -0.049630 0.740213
v -0.786499 -0.037837 0.708679
v -0.787307 -0.009894 0.722493
v -0.785453 -0.025541 0.676722
v -0.785393 0.001949 0.691307
v -0.783616 -0.011994 0.644453
v -0.784253 0.014963 0.659647
v -0.779665 0.003116 0.612300
v -0.781654 0.029607 0.627875
v -0.773461 0.019342 0.580549
v -0.777157 0.045684 0.596115
v -0.765453 0.035436 0.549100
v -0.770940 0.062136 0.564282
v -0.755357 0.050907 0.517965
v -0.761785 0.078084 0.532655
v -0.742597 0.066329 0.487524
v -0.750019 0.093818 0.501460
v -0.728162 0.082059 0.457567
v -0.735459 0.109861 0.471162
v -0.710739 0.098196 0.429251
v -0.718422 0.126380 0.442310
v -0.690438 0.114281 0.403013
v -0.696610 0.142527 0.417126
v -0.668747 0.129959 0.378169
v -0.675128 0.158491 0.392468
v -0.648981 0.145528 0.352155
v -0.654583 0.174202 0.367263
v -0.627833 0.160419 0.327109
v -0.632983 0.189393 0.342560
v -0.604682 0.174298 0.303745
v -0.610167 0.203985 0.318655
v -0.579501 0.187066 0.282532
v -0.579501 0.187066 0.282532
v -0.585151 0.217505 0.296923
v -0.585151 0.217505 0.296923
v -0.552392 0.199043 0.264228
v -0.557978 0.229938 0.278687
v -0.524277 0.211248 0.248742
v -0.531354 0.242793 0.261870
v -0.495605 0.223989 0.236517
v -0.504238 0.256117 0.248585
v -0.468191 0.237727 0.225156
v -0.477371 0.270086 0.238782
v -0.441440 0.252266 0.217120
v -0.451793 0.285171 0.230706
v -0.415649 0.267937 0.211875
v -0.426685 0.300990 0.225592
v -0.390584 0.284674 0.209015
v -0.402116 0.317612 0.222679
v -0.366068 0.302079 0.208448
v -0.377765 0.334306 0.223142
v -0.342895 0.320811 0.207419
v -0.354719 0.352390 0.222857
v -0.364912 0.383987 0.239402
v -0.332517 0.370863 0.222500
v -0.342601 0.402065 0.238712
v -0.349856 0.431538 0.257515
v -0.320526 0.419829 0.238569
v -0.327213 0.449073 0.255923
v -0.331958 0.477197 0.274099
v -0.304364 0.465874 0.254790
v -0.307420 0.492775 0.272902
v -0.308711 0.518717 0.291326
v -0.282694 0.507190 0.271483
v -0.282065 0.532300 0.289089
v -0.279758 0.556401 0.308247
v -0.255269 0.543591 0.286274
v -0.251367 0.568168 0.304576
v -0.246506 0.590560 0.324930
v -0.224603 0.574452 0.298543
v -0.218601 0.597656 0.318217
v -0.211944 0.619399 0.340253
v -0.193679 0.598228 0.306729
v -0.186191 0.621194 0.329462
v -0.179957 0.643919 0.354563
v -0.162045 0.616790 0.314667
v -0.155297 0.640369 0.338675
v -0.149054 0.661161 0.365801
v -0.130308 0.632940 0.321306
v -0.122858 0.654881 0.347222
v -0.115888 0.676175 0.373703
v -0.096883 0.646662 0.327717
v -0.088733 0.668612 0.353726
v -0.080848 0.690043 0.380114
v -0.062041 0.658627 0.333102
v -0.053085 0.679784 0.359681
v -0.044143 0.698464 0.387957
v -0.025848 0.667831 0.337709
v -0.016272 0.688791 0.364590
v -0.006921 0.707048 0.393310
v 0.011494 0.674256 0.341239
v 0.021608 0.694009 0.369053
v 0.031543 0.711452 0.398220
v 0.002145 0.725030 0.422142
v 0.041176 0.727605 0.428014
v 0.011222 0.739470 0.452752
v 0.050550 0.742666 0.458367
v 0.020113 0.752598 0.483810
v 0.059702 0.756317 0.489347
v 0.028719 0.765416 0.515023
v 0.068824 0.767847 0.520976
v 0.037281 0.776898 0.546750
v 0.078011 0.779203 0.552415
v 0.045929 0.787292 0.578674
v 0.087515 0.787889 0.584520
v 0.054918 0.795052 0.611376
v 0.097434 0.794199 0.616544
v 0.064826 0.801069 0.643206
v 0.107811 0.799079 0.648572
v 0.075478 0.805657 0.674657
v 0.118440 0.802270 0.681075
v 0.086270 0.808819 0.706209
v 0.129493 0.805000 0.713116
v 0.096972 0.811064 0.737483
v 0.140531 0.805687 0.744991
v -0.776975 -0.104692 0.716776
v -0.782214 -0.077300 0.727968
v -0.777161 -0.092684 0.683549
v -0.782426 -0.065421 0.695647
v -0.776856 -0.079960 0.650142
v -0.781941 -0.052810 0.662936
v -0.773430 -0.065823 0.617030
v -0.780026 -0.038924 0.630081
v -0.768548 -0.050848 0.584383
v -0.774671 -0.023581 0.597769
v -0.761802 -0.035688 0.552517
v -0.766516 -0.007625 0.566441
v -0.752739 -0.020741 0.521517
v -0.759184 0.007768 0.534994
v -0.742329 -0.005890 0.490772
v -0.747843 0.022891 0.504529
v -0.729333 0.009226 0.460766
v -0.735019 0.038101 0.474364
v -0.714096 0.024653 0.431638
v -0.720291 0.053643 0.444862
v -0.696381 0.040316 0.403871
v -0.702798 0.069520 0.416858
v -0.676767 0.055859 0.377422
v -0.683088 0.085373 0.390318
v -0.655553 0.070915 0.352192
v -0.662931 0.100938 0.364147
v -0.633836 0.085213 0.327386
v -0.642039 0.115924 0.338708
v -0.610923 0.098518 0.303858
v -0.620226 0.130038 0.314177
v -0.585667 0.110849 0.282981
v -0.596442 0.143012 0.291646
v -0.559965 0.122760 0.262772
v -0.559965 0.122760 0.262772
v -0.571075 0.155142 0.270984
v -0.571075 0.155142 0.270984
v -0.533306 0.134861 0.243983
v -0.542827 0.166849 0.254602
v -0.505187 0.147434 0.227826
v -0.514720 0.179139 0.238906
v -0.476232 0.160365 0.214256
v -0.486050 0.191984 0.225718
v -0.446736 0.173470 0.203657
v -0.457539 0.205291 0.214610
v -0.417677 0.187360 0.195672
v -0.429621 0.219380 0.206489
v -0.390268 0.203241 0.188966
v -0.403300 0.235184 0.200192
v -0.363983 0.220722 0.185012
v -0.377928 0.252403 0.196210
v -0.338851 0.239334 0.182808
v -0.352921 0.270208 0.195693
v -0.314711 0.258532 0.181575
v -0.329394 0.289369 0.194050
v -0.291430 0.277773 0.181514
v -0.306809 0.308651 0.193227
v -0.320511 0.339615 0.207263
v -0.284761 0.327505 0.194165
v -0.298942 0.358336 0.207371
v -0.310954 0.389182 0.222595
v -0.278148 0.376832 0.208010
v -0.289980 0.407309 0.222809
v -0.298536 0.437104 0.238632
v -0.269581 0.425193 0.222793
v -0.277268 0.454072 0.238212
v -0.281253 0.481089 0.254891
v -0.256347 0.469223 0.238510
v -0.258602 0.494581 0.253852
v -0.258007 0.519346 0.269587
v -0.236197 0.503678 0.251260
v -0.234017 0.527723 0.265385
v -0.229945 0.551308 0.280210
v -0.211187 0.528572 0.255592
v -0.205964 0.551062 0.270285
v -0.200334 0.574575 0.287176
v -0.182966 0.545536 0.256465
v -0.176724 0.569433 0.273020
v -0.169827 0.593639 0.292022
v -0.153542 0.561373 0.256732
v -0.146319 0.586572 0.275025
v -0.138150 0.610056 0.297163
v -0.122606 0.576570 0.257332
v -0.114129 0.601009 0.278568
v -0.105526 0.624588 0.302033
v -0.089614 0.588734 0.259982
v -0.080324 0.612380 0.283385
v -0.071193 0.636266 0.307414
v -0.055313 0.598900 0.262671
v -0.045587 0.623123 0.286319
v -0.035746 0.646368 0.311270
v -0.019921 0.607848 0.263736
v -0.009551 0.631652 0.288101
v 0.001117 0.652731 0.314802
v 0.016941 0.614033 0.263974
v 0.027987 0.635344 0.290208
v 0.039001 0.657435 0.315929
v 0.055265 0.615994 0.264416
v 0.066634 0.637698 0.289920
v 0.078144 0.657666 0.316935
v 0.049955 0.676019 0.344383
v 0.089528 0.677064 0.344473
v 0.060679 0.695678 0.372037
v 0.100639 0.695478 0.372820
v 0.071041 0.713308 0.400998
v 0.111188 0.711385 0.402818
v 0.080948 0.728044 0.431592
v 0.121402 0.725551 0.433566
v 0.090665 0.742254 0.462304
v 0.131621 0.739632 0.464355
v 0.100416 0.755548 0.493297
v 0.141653 0.751811 0.495872
v 0.110106 0.766893 0.524839
v 0.151486 0.760586 0.528444
v 0.120066 0.776933 0.556452
v 0.161885 0.770850 0.560231
v 0.129972 0.784340 0.588501
v 0.172403 0.779137 0.592572
v 0.140132 0.789590 0.620924
v 0.182807 0.784336 0.625830
v 0.150691 0.794217 0.653603
v 0.192869 0.786745 0.659473
v 0.161315 0.796582 0.686525
v 0.203247 0.788130 0.693158
v 0.172322 0.797872 0.719545
v 0.214013 0.788961 0.727417
v -0.761930 -0.170396 0.732202
v -0.770007 -0.143573 0.740725
v -0.761795 -0.158503 0.698328
v -0.770872 -0.131894 0.706987
v -0.761140 -0.146443 0.664065
v -0.770993 -0.119902 0.672924
v -0.759247 -0.133811 0.629803
v -0.768855 -0.106882 0.639063
v -0.755732 -0.120522 0.596008
v -0.765451 -0.093070 0.605560
v -0.750433 -0.106834 0.562962
v -0.759509 -0.078501 0.572980
v -0.743508 -0.092960 0.530670
v -0.753436 -0.064191 0.540736
v -0.734758 -0.078875 0.499041
v -0.744046 -0.049628 0.509618
v -0.724877 -0.064665 0.467744
v -0.734909 -0.035213 0.478272
v -0.711870 -0.049926 0.437736
v -0.722065 -0.020244 0.448262
v -0.696970 -0.034997 0.408586
v -0.706798 -0.004992 0.419276
v -0.679056 -0.019870 0.381308
v -0.688651 0.010403 0.391992
v -0.660597 -0.005124 0.354303
v -0.669731 0.025575 0.365217
v -0.639290 0.009089 0.329523
v -0.648565 0.040243 0.340131
v -0.616606 0.022354 0.305806
v -0.625601 0.053911 0.316506
v -0.592917 0.034796 0.282713
v -0.601979 0.066646 0.293510
v -0.566523 0.046829 0.262498
v -0.576357 0.078733 0.272682
v -0.539657 0.058869 0.242888
v -0.539657 0.058869 0.242888
v -0.549896 0.090675 0.252941
v -0.549896 0.090675 0.252941
v -0.511756 0.071306 0.224943
v -0.523006 0.102986 0.233984
v -0.483188 0.084268 0.208385
v -0.494418 0.115706 0.218118
v -0.453290 0.097548 0.194693
v -0.465036 0.128729 0.204521
v -0.422347 0.111191 0.184438
v -0.435232 0.142115 0.193042
v -0.391519 0.125777 0.176452
v -0.405231 0.156289 0.184927
v -0.361395 0.141722 0.171396
v -0.376141 0.172078 0.179942
v -0.332783 0.158799 0.169233
v -0.348828 0.189567 0.176299
v -0.306087 0.177157 0.168493
v -0.323055 0.208251 0.174025
v -0.280764 0.196426 0.168374
v -0.298274 0.227380 0.173586
v -0.256521 0.216235 0.168223
v -0.274448 0.246725 0.174096
v -0.233294 0.236673 0.168196
v -0.251614 0.266583 0.174636
v -0.268866 0.296890 0.183304
v -0.229647 0.287063 0.176055
v -0.247372 0.316613 0.184341
v -0.263674 0.346498 0.195115
v -0.227000 0.337198 0.184444
v -0.243586 0.365882 0.195621
v -0.258343 0.395405 0.208146
v -0.225159 0.386559 0.194144
v -0.239720 0.414286 0.208143
v -0.250432 0.442679 0.222646
v -0.208420 0.409784 0.194106
v -0.208115 0.359283 0.182598
v -0.190970 0.384063 0.180965
v -0.176477 0.412178 0.182373
v -0.194171 0.434718 0.197268
v -0.164279 0.441473 0.187733
v -0.183390 0.461060 0.203250
v -0.154547 0.470835 0.195960
v -0.174701 0.486940 0.213196
v -0.194310 0.498927 0.230403
v -0.167105 0.511656 0.226256
v -0.188691 0.521978 0.242489
v -0.214727 0.505445 0.243685
v -0.160580 0.536871 0.239980
v -0.145817 0.498381 0.208467
v -0.138114 0.525112 0.222629
v -0.130400 0.550807 0.239224
v -0.115771 0.511393 0.203396
v -0.107299 0.538324 0.219946
v -0.098632 0.564045 0.238817
v -0.083535 0.522801 0.200457
v -0.074271 0.549018 0.219391
v -0.064871 0.574182 0.240299
v -0.049854 0.533311 0.197043
v -0.039982 0.558885 0.217824
v -0.030041 0.583553 0.240277
v -0.014033 0.540870 0.194964
v -0.003947 0.565931 0.216890
v 0.006286 0.590536 0.239690
v 0.023288 0.546568 0.192910
v 0.033580 0.570997 0.215242
v 0.044176 0.594704 0.238662
v 0.062319 0.550009 0.190810
v 0.072797 0.573393 0.213897
v 0.083598 0.595578 0.238104
v 0.102988 0.549649 0.191390
v 0.113456 0.571586 0.214830
v 0.124253 0.591910 0.239656
v 0.094876 0.615930 0.263899
v 0.135597 0.613170 0.264039
v 0.106594 0.637292 0.289096
v 0.147216 0.633042 0.289835
v 0.118273 0.656073 0.316563
v 0.158758 0.650514 0.317813
v 0.129820 0.674118 0.344792
v 0.170355 0.668316 0.346003
v 0.141021 0.691087 0.373953
v 0.181533 0.684699 0.375639
v 0.151690 0.705816 0.404498
v 0.192222 0.699682 0.406620
v 0.162289 0.720934 0.435000
v 0.203061 0.715589 0.437562
v 0.172708 0.734961 0.466233
v 0.213159 0.727766 0.470633
v 0.182743 0.745383 0.499036
v 0.222905 0.737021 0.504912
v 0.192944 0.754992 0.532069
v 0.233356 0.747209 0.538826
v 0.203324 0.763571 0.565318
v 0.243472 0.754165 0.573655
v 0.213606 0.770000 0.599169
v 0.254087 0.761092 0.608123
v 0.223779 0.774743 0.633201
v 0.263948 0.764315 0.643101
v 0.234017 0.778033 0.667264
v 0.274150 0.766546 0.678022
v 0.244170 0.778337 0.702168
v 0.284579 0.767421 0.713082
v 0.254491 0.778143 0.737338
v -0.744441 -0.224175 0.715237
v -0.753431 -0.197252 0.723762
v -0.745879 -0.212882 0.681254
v -0.753307 -0.185452 0.689830
v -0.744897 -0.201123 0.646908
v -0.751880 -0.173372 0.655585
v -0.742506 -0.189181 0.612432
v -0.750455 -0.161276 0.621097
v -0.737679 -0.176770 0.578481
v -0.746140 -0.148427 0.587247
v -0.730875 -0.163900 0.545349
v -0.740852 -0.135376 0.553940
v -0.722682 -0.150684 0.512911
v -0.732803 -0.121739 0.521712
v -0.712843 -0.137048 0.481198
v -0.724600 -0.108158 0.489584
v -0.701540 -0.123117 0.450085
v -0.714020 -0.094120 0.458280
v -0.687920 -0.108854 0.419997
v -0.700587 -0.079577 0.428263
v -0.672455 -0.094479 0.390851
v -0.684925 -0.064803 0.399467
v -0.655520 -0.080251 0.362609
v -0.667707 -0.050134 0.371654
v -0.636403 -0.066297 0.335990
v -0.648343 -0.035720 0.345454
v -0.615842 -0.052972 0.310483
v -0.627458 -0.022021 0.320467
v -0.592714 -0.040241 0.287074
v -0.605439 -0.009137 0.296210
v -0.568084 -0.027886 0.264886
v -0.581085 0.003181 0.273828
v -0.541586 -0.015630 0.244438
v -0.554677 0.015287 0.253468
v -0.512900 -0.003210 0.226724
v -0.512900 -0.003210 0.226724
v -0.526178 0.027508 0.235971
v -0.526178 0.027508 0.235971
v -0.483507 0.009765 0.210392
v -0.498256 0.040177 0.217709
v -0.453999 0.023403 0.194883
v -0.468924 0.053370 0.202221
v -0.422794 0.036985 0.183316
v -0.438213 0.066882 0.189998
v -0.391392 0.051163 0.173257
v -0.407053 0.080833 0.179808
v -0.360114 0.066377 0.165308
v -0.376025 0.095749 0.171368
v -0.328989 0.082294 0.159917
v -0.345160 0.111613 0.166877
v -0.298683 0.098990 0.156380
v -0.315781 0.128565 0.163531
v -0.270417 0.117249 0.153462
v -0.288188 0.146770 0.162989
v -0.244824 0.137528 0.149350
v -0.262457 0.166366 0.161774
v -0.220682 0.158542 0.145499
v -0.238358 0.186919 0.158974
v -0.197546 0.180232 0.142869
v -0.215133 0.208017 0.157478
v -0.174360 0.202034 0.145075
v -0.192612 0.230005 0.157878
v -0.211176 0.258234 0.167856
v -0.171235 0.253974 0.157817
v -0.190345 0.281497 0.166140
v -0.209099 0.309045 0.174868
v -0.170721 0.306794 0.163748
v -0.189964 0.332817 0.172295
v -0.152905 0.334777 0.160712
v -0.172398 0.359240 0.169981
v -0.137450 0.365788 0.159199
v -0.157283 0.389090 0.170206
v -0.123707 0.398318 0.160461
v -0.144216 0.420359 0.173674
v -0.111760 0.431222 0.165378
v -0.133426 0.451962 0.180117
v -0.101685 0.463542 0.173359
v -0.124139 0.482388 0.190336
v -0.092318 0.493962 0.185567
v -0.078929 0.442791 0.156672
v -0.069028 0.475226 0.165903
v -0.059125 0.504797 0.180563
v -0.044782 0.453632 0.148026
v -0.034586 0.485605 0.158751
v -0.024416 0.515019 0.174283
v -0.008450 0.462248 0.140961
v 0.002357 0.493780 0.152799
v 0.012993 0.521388 0.171448
v 0.029841 0.468321 0.136211
v 0.041230 0.498969 0.149983
v 0.052130 0.524143 0.170902
v 0.069663 0.470577 0.135191
v 0.081584 0.498861 0.151410
v 0.092479 0.525908 0.169377
v 0.110524 0.471581 0.133555
v 0.122846 0.499416 0.150243
v 0.134103 0.525102 0.169534
v 0.152489 0.471562 0.132127
v 0.165274 0.497770 0.150608
v 0.177019 0.522704 0.170313
v 0.144794 0.549423 0.190148
v 0.188008 0.545424 0.192205
v 0.155292 0.570607 0.213786
v 0.198795 0.566695 0.215408
v 0.166186 0.589963 0.239137
v 0.209280 0.586105 0.240193
v 0.177158 0.608394 0.265244
v 0.219603 0.602736 0.267500
v 0.188426 0.626639 0.291898
v 0.230384 0.620941 0.294305
v 0.199841 0.644699 0.319318
v 0.240831 0.637824 0.323137
v 0.210767 0.660798 0.348969
v 0.251200 0.654758 0.353128
v 0.221697 0.677621 0.379037
v 0.260942 0.669753 0.385489
v 0.232014 0.692381 0.411149
v 0.270939 0.685380 0.418509
v 0.242175 0.706390 0.444237
v 0.280848 0.699558 0.453042
v 0.252385 0.719275 0.478266
v 0.290877 0.711874 0.488636
v 0.262542 0.730053 0.513298
v 0.300972 0.721398 0.524975
v 0.272568 0.738061 0.549062
v 0.311238 0.728065 0.561664
v 0.282887 0.744409 0.584813
v 0.322121 0.733677 0.598031
v 0.293394 0.749417 0.620342
v 0.332772 0.736832 0.633467
v 0.303577 0.752077 0.655399
v 0.343294 0.738552 0.668073
v 0.313390 0.752150 0.690243
v 0.352968 0.736834 0.702457
v 0.323555 0.751198 0.724773
v 0.362671 0.733890 0.736610
v -0.724992 -0.290522 0.731745
v -0.732664 -0.262441 0.739974
v -0.730662 -0.280104 0.698392
v -0.737299 -0.251926 0.706676
v -0.733646 -0.269112 0.664261
v -0.739170 -0.240738 0.672662
v -0.732312 -0.257550 0.629712
v -0.738103 -0.229126 0.638269
v -0.729381 -0.246018 0.594949
v -0.734611 -0.217291 0.603855
v -0.723832 -0.234287 0.560522
v -0.729329 -0.205237 0.569778
v -0.717318 -0.222288 0.526556
v -0.722318 -0.192796 0.536395
v -0.708863 -0.209688 0.493427
v -0.714119 -0.179940 0.503656
v -0.699306 -0.196483 0.460836
v -0.704651 -0.166612 0.471499
v -0.688115 -0.182694 0.428849
v -0.692548 -0.152756 0.440397
v -0.674554 -0.168569 0.397751
v -0.678831 -0.138654 0.409987
v -0.658484 -0.154445 0.367718
v -0.662891 -0.124496 0.380640
v -0.640169 -0.140573 0.338865
v -0.645398 -0.110509 0.352203
v -0.620813 -0.127009 0.310703
v -0.627379 -0.096844 0.324169
v -0.599074 -0.113906 0.284255
v -0.606265 -0.083689 0.298366
v -0.575447 -0.100969 0.259387
v -0.582981 -0.070952 0.274316
v -0.550547 -0.087725 0.235438
v -0.557923 -0.058339 0.251767
v -0.524754 -0.073722 0.212165
v -0.531151 -0.045570 0.230790
v -0.496752 -0.059427 0.190955
v -0.496752 -0.059427 0.190955
v -0.503191 -0.032320 0.210999
v -0.503191 -0.032320 0.210999
v -0.467493 -0.044440 0.171478
v -0.474214 -0.018292 0.192791
v -0.436321 -0.029468 0.154884
v -0.444177 -0.003778 0.176566
v -0.404733 -0.013815 0.140118
v -0.413099 0.010948 0.163050
v -0.371935 0.001248 0.129317
v -0.380838 0.025368 0.153153
v -0.339787 0.017084 0.120649
v -0.349475 0.041321 0.144518
v -0.307805 0.032694 0.115248
v -0.317963 0.057112 0.139172
v -0.276212 0.048454 0.112347
v -0.287060 0.073261 0.135636
v -0.245639 0.065353 0.110937
v -0.257026 0.090158 0.134124
v -0.216462 0.083592 0.110425
v -0.229818 0.109985 0.131092
v -0.189812 0.104341 0.107971
v -0.204784 0.131262 0.127329
v -0.163848 0.125502 0.107768
v -0.180519 0.152836 0.125756
v -0.138416 0.146257 0.113136
v -0.156329 0.174033 0.130179
v -0.114494 0.167972 0.122782
v -0.133146 0.196686 0.137822
v -0.152143 0.225762 0.148585
v -0.112796 0.224977 0.137494
v -0.131859 0.253257 0.147511
v -0.151230 0.280508 0.155875
v -0.113959 0.283797 0.142488
v -0.133181 0.309794 0.151967
v -0.097948 0.316634 0.137754
v -0.117421 0.341725 0.148789
v -0.082170 0.350641 0.136894
v -0.103240 0.375281 0.147386
v -0.068412 0.385569 0.136865
v -0.090413 0.409415 0.149806
v -0.056062 0.420222 0.140474
v -0.046885 0.359989 0.124571
v -0.032777 0.394996 0.127205
v -0.020212 0.429446 0.131929
v -0.010571 0.367856 0.113975
v 0.003941 0.402675 0.118006
v 0.017428 0.436259 0.125423
v 0.027061 0.373849 0.105359
v 0.042205 0.408239 0.110886
v 0.056477 0.440708 0.120722
v 0.065281 0.378954 0.095872
v 0.081521 0.412193 0.104449
v 0.096792 0.442596 0.118186
v 0.104864 0.382430 0.088707
v 0.122294 0.413835 0.101012
v 0.138213 0.443429 0.115759
v 0.146182 0.384029 0.084406
v 0.164306 0.413945 0.099239
v 0.180767 0.442645 0.114900
v 0.188842 0.383372 0.084654
v 0.207528 0.412155 0.100544
v 0.224451 0.439565 0.117734
v 0.195499 0.469289 0.132942
v 0.239448 0.465099 0.137289
v 0.208694 0.494043 0.153121
v 0.252749 0.488397 0.158861
v 0.220722 0.517309 0.174428
v 0.265190 0.510947 0.180189
v 0.231970 0.539283 0.196549
v 0.275726 0.531035 0.204042
v 0.242177 0.558884 0.220827
v 0.285778 0.551169 0.228337
v 0.252662 0.578991 0.244988
v 0.295008 0.570135 0.254130
v 0.262566 0.597217 0.271520
v 0.304066 0.589417 0.280856
v 0.271908 0.613990 0.300210
v 0.312436 0.607130 0.309966
v 0.281457 0.631693 0.329508
v 0.320557 0.624117 0.340747
v 0.290573 0.648083 0.361121
v 0.328843 0.640677 0.372937
v 0.299261 0.662470 0.395063
v 0.336892 0.655053 0.407460
v 0.308513 0.677306 0.429704
v 0.346240 0.670261 0.442069
v 0.318636 0.692179 0.464692
v 0.356585 0.683893 0.477452
v 0.328321 0.702068 0.501544
v 0.366136 0.691637 0.514461
v 0.339118 0.711125 0.537948
v 0.377387 0.698906 0.550990
v 0.350238 0.717287 0.574649
v 0.389268 0.703676 0.587574
v 0.361501 0.720961 0.610942
v 0.400201 0.704482 0.623489
v 0.372454 0.722722 0.646011
v 0.410988 0.704809 0.658536
v 0.382967 0.722860 0.680458
v 0.421018 0.703280 0.693308
v 0.392160 0.719347 0.714823
v 0.429757 0.698326 0.727875
v -0.712541 -0.348153 0.717521
v -0.717778 -0.319009 0.724128
v -0.719481 -0.337628 0.683590
v -0.725087 -0.308758 0.690651
v -0.723765 -0.326722 0.648824
v -0.728379 -0.297771 0.656258
v -0.723345 -0.315356 0.613549
v -0.728009 -0.286393 0.621347
v -0.720212 -0.304124 0.578088
v -0.724570 -0.274953 0.586299
v -0.714291 -0.292947 0.542907
v -0.719133 -0.263545 0.551415
v -0.706991 -0.281495 0.508060
v -0.712201 -0.251863 0.517018
v -0.697674 -0.269290 0.473990
v -0.703635 -0.239498 0.483372
v -0.688745 -0.256359 0.440116
v -0.693683 -0.226370 0.450410
v -0.678722 -0.242686 0.406657
v -0.683067 -0.212636 0.417724
v -0.665331 -0.228457 0.374383
v -0.670337 -0.198478 0.385712
v -0.649930 -0.214197 0.342763
v -0.654120 -0.184292 0.355053
v -0.630507 -0.200312 0.313083
v -0.635799 -0.170355 0.325329
v -0.609825 -0.186956 0.284009
v -0.615386 -0.156878 0.296795
v -0.587734 -0.173760 0.255959
v -0.592838 -0.143799 0.269903
v -0.563733 -0.160205 0.229427
v -0.569185 -0.130463 0.243922
v -0.538444 -0.146031 0.203855
v -0.543932 -0.116660 0.219018
v -0.511704 -0.131022 0.179021
v -0.517562 -0.102085 0.194874
v -0.484380 -0.114936 0.154154
v -0.484380 -0.114936 0.154154
v -0.490393 -0.086641 0.171373
v -0.490393 -0.086641 0.171373
v -0.453464 -0.098732 0.132819
v -0.460119 -0.071200 0.151289
v -0.421198 -0.082017 0.113251
v -0.428414 -0.055338 0.133400
v -0.386723 -0.065951 0.097318
v -0.395924 -0.039186 0.117642
v -0.351093 -0.050639 0.085716
v -0.361925 -0.024087 0.106489
v -0.316038 -0.035104 0.077261
v -0.328783 -0.008189 0.097427
v -0.281742 -0.019355 0.071973
v -0.295759 0.007472 0.092150
v -0.248000 -0.004262 0.071030
v -0.263004 0.022684 0.090587
v -0.215834 0.011811 0.071349
v -0.231619 0.038958 0.090472
v -0.185781 0.029966 0.071247
v -0.201725 0.056628 0.091149
v -0.157258 0.049340 0.071844
v -0.173977 0.076800 0.090148
v -0.129709 0.069418 0.073785
v -0.147185 0.097854 0.090147
v -0.103128 0.090216 0.077831
v -0.120845 0.118605 0.095037
v -0.078030 0.112158 0.085037
v -0.096068 0.140072 0.104526
v -0.055724 0.138151 0.091150
v -0.074087 0.167108 0.110308
v -0.092767 0.195538 0.127589
v -0.055820 0.198801 0.108891
v -0.075381 0.228144 0.122164
v -0.094856 0.256626 0.132772
v -0.059068 0.262117 0.116552
v -0.078618 0.290183 0.127024
v -0.042601 0.297075 0.113051
v -0.062647 0.324943 0.123794
v -0.026410 0.332621 0.111606
v -0.023165 0.267423 0.101324
v -0.005992 0.302902 0.100793
v 0.010928 0.338517 0.102265
v 0.013149 0.271868 0.087121
v 0.030914 0.307824 0.088797
v 0.048493 0.343711 0.091719
v 0.050554 0.275691 0.075464
v 0.068631 0.312400 0.077623
v 0.086779 0.348412 0.081188
v 0.088739 0.279858 0.064743
v 0.107566 0.316405 0.068288
v 0.126831 0.351399 0.074049
v 0.128180 0.283783 0.056272
v 0.148276 0.318909 0.063130
v 0.168831 0.352250 0.072038
v 0.169498 0.286493 0.052515
v 0.190551 0.319977 0.062472
v 0.212025 0.351899 0.073500
v 0.212143 0.288235 0.053108
v 0.233731 0.319922 0.066164
v 0.255929 0.350200 0.079723
v 0.233025 0.381443 0.088120
v 0.276826 0.378681 0.095997
v 0.252166 0.409423 0.104810
v 0.295918 0.405818 0.113797
v 0.269065 0.435820 0.123601
v 0.312569 0.430773 0.134313
v 0.283947 0.460253 0.144478
v 0.327673 0.454325 0.155558
v 0.297491 0.483134 0.166239
v 0.340927 0.476003 0.178496
v 0.309123 0.503783 0.189844
v 0.352642 0.497106 0.202096
v 0.319602 0.523995 0.213743
v 0.362703 0.518286 0.226395
v 0.328964 0.544521 0.238132
v 0.371051 0.538916 0.252140
v 0.337214 0.564283 0.264970
v 0.378073 0.558513 0.279845
v 0.344830 0.583144 0.293304
v 0.384178 0.576170 0.309163
v 0.352189 0.601113 0.322881
v 0.391247 0.594726 0.338202
v 0.359286 0.617521 0.354284
v 0.397655 0.610614 0.369955
v 0.366894 0.633693 0.386780
v 0.404327 0.625113 0.402715
v 0.374794 0.648176 0.420745
v 0.411790 0.637900 0.436417
v 0.383576 0.660924 0.455711
v 0.420447 0.648893 0.470869
v 0.393763 0.672257 0.490959
v 0.429898 0.656753 0.506412
v 0.403643 0.678270 0.527762
v 0.440626 0.662222 0.542373
v 0.415054 0.682881 0.564337
v 0.452164 0.665222 0.578448
v 0.426882 0.685339 0.600506
v 0.464050 0.666416 0.614939
v 0.437901 0.685558 0.636446
v 0.474488 0.665384 0.651383
v 0.448124 0.684501 0.671947
v 0.483304 0.661977 0.687547
v 0.457006 0.680595 0.707279
v 0.490208 0.655401 0.723545
v 0.464457 0.673920 0.742479
v -0.692479 -0.417647 0.741817
v -0.698934 -0.388126 0.745554
v -0.699634 -0.406509 0.707482
v -0.706903 -0.377477 0.711998
v -0.706581 -0.395674 0.672649
v -0.714180 -0.366811 0.677591
v -0.710803 -0.384611 0.637034
v -0.718907 -0.355879 0.642288
v -0.711690 -0.373704 0.600865
v -0.719001 -0.344624 0.606523
v -0.708143 -0.362713 0.564845
v -0.716345 -0.333663 0.570604
v -0.702408 -0.351873 0.528933
v -0.710181 -0.322603 0.535040
v -0.695153 -0.340797 0.493090
v -0.701319 -0.311155 0.500036
v -0.687186 -0.329170 0.457222
v -0.693085 -0.299283 0.464957
v -0.676993 -0.316461 0.422172
v -0.683753 -0.286465 0.430439
v -0.664488 -0.302857 0.388350
v -0.672423 -0.272773 0.396800
v -0.650471 -0.289065 0.355567
v -0.658713 -0.258614 0.364270
v -0.633152 -0.275154 0.324838
v -0.643078 -0.244549 0.332570
v -0.614741 -0.261970 0.294657
v -0.623990 -0.230832 0.302576
v -0.594804 -0.249411 0.265220
v -0.603343 -0.217752 0.273339
v -0.573790 -0.236855 0.236265
v -0.581313 -0.204761 0.244973
v -0.550004 -0.223341 0.209373
v -0.557505 -0.191210 0.217975
v -0.525111 -0.208683 0.182883
v -0.532672 -0.176765 0.191608
v -0.499429 -0.192728 0.156093
v -0.506943 -0.161154 0.165276
v -0.471327 -0.175698 0.130360
v -0.471327 -0.175698 0.130360
v -0.478780 -0.144686 0.140201
v -0.478780 -0.144686 0.140201
v -0.440615 -0.157887 0.105967
v -0.448075 -0.127499 0.116881
v -0.405890 -0.140246 0.085267
v -0.413893 -0.110490 0.097066
v -0.368877 -0.123270 0.067029
v -0.377970 -0.093839 0.079807
v -0.329656 -0.107751 0.054199
v -0.340169 -0.078487 0.068004
v -0.291153 -0.092421 0.045007
v -0.303317 -0.063104 0.059612
v -0.253527 -0.077271 0.040440
v -0.267276 -0.047860 0.055227
v -0.217385 -0.061917 0.039027
v -0.232425 -0.032693 0.054261
v -0.183664 -0.044722 0.036953
v -0.199736 -0.015802 0.052875
v -0.151672 -0.026537 0.036463
v -0.168847 0.002326 0.052726
v -0.121345 -0.007566 0.037435
v -0.139311 0.020989 0.054706
v -0.092319 0.011480 0.041059
v -0.111279 0.040670 0.057270
v -0.065062 0.031809 0.044534
v -0.084523 0.061221 0.061105
v -0.039819 0.053916 0.047789
v -0.059396 0.083321 0.066113
v -0.016668 0.077957 0.051942
v -0.036747 0.108295 0.071076
v 0.003183 0.106048 0.054742
v -0.017266 0.137428 0.074117
v -0.037030 0.168668 0.091914
v -0.000149 0.169462 0.074501
v -0.020884 0.201786 0.088943
v -0.040406 0.232743 0.103015
v -0.004131 0.236286 0.087389
v 0.016285 0.203513 0.074222
v 0.033278 0.239029 0.075014
v 0.037875 0.170127 0.060041
v 0.054127 0.205623 0.061468
v 0.070857 0.242571 0.062657
v 0.076459 0.172196 0.047269
v 0.092480 0.209134 0.050006
v 0.109558 0.246763 0.052649
v 0.116037 0.175629 0.038173
v 0.132077 0.213342 0.042164
v 0.149781 0.250687 0.046401
v 0.156592 0.179887 0.032960
v 0.173011 0.217439 0.038626
v 0.191568 0.253757 0.044811
v 0.198097 0.184249 0.032642
v 0.214938 0.220935 0.040587
v 0.234095 0.256076 0.048362
v 0.239991 0.188602 0.037118
v 0.257092 0.224251 0.046849
v 0.276292 0.257999 0.056900
v 0.254876 0.288973 0.059273
v 0.298924 0.289495 0.068374
v 0.277485 0.319478 0.073217
v 0.321891 0.318495 0.084164
v 0.299374 0.347761 0.090533
v 0.343606 0.345493 0.102777
v 0.320373 0.375262 0.107480
v 0.364008 0.371545 0.122235
v 0.338890 0.400557 0.127590
v 0.382064 0.395789 0.144023
v 0.355755 0.424787 0.148310
v 0.397779 0.418470 0.167485
v 0.370659 0.447578 0.170653
v 0.412487 0.441455 0.189959
v 0.383631 0.469691 0.194093
v 0.424865 0.462914 0.213985
v 0.394633 0.490928 0.218747
v 0.434506 0.482794 0.239784
v 0.403508 0.511238 0.244487
v 0.441960 0.502205 0.266447
v 0.410294 0.530665 0.271522
v 0.448238 0.521672 0.293327
v 0.415829 0.548956 0.299607
v 0.453711 0.540328 0.320987
v 0.422416 0.568113 0.327280
v 0.458971 0.558427 0.349635
v 0.428550 0.585372 0.357528
v 0.464597 0.575786 0.378952
v 0.434299 0.600594 0.388983
v 0.469342 0.589210 0.410397
v 0.440889 0.614416 0.420995
v 0.475027 0.601002 0.442533
v 0.447788 0.625302 0.454412
v 0.481498 0.610739 0.475511
v 0.456046 0.634380 0.488540
v 0.488958 0.617997 0.509417
v 0.465074 0.640323 0.523625
v 0.499275 0.623122 0.544068
v 0.475650 0.643794 0.559134
v 0.510623 0.624059 0.580591
v 0.488209 0.645876 0.595733
v 0.520667 0.622507 0.618111
v 0.499160 0.645145 0.632933
v 0.530095 0.620196 0.655668
v 0.507547 0.641431 0.670035
v 0.538371 0.616336 0.692979
v 0.515300 0.636721 0.706821
v 0.544757 0.610035 0.729636
v 0.521486 0.630071 0.743371
v -0.664915 -0.470687 0.734600
v -0.680240 -0.444999 0.738101
v -0.673570 -0.460410 0.700016
v -0.688048 -0.434077 0.703475
v -0.679424 -0.449371 0.665104
v -0.694558 -0.423162 0.668471
v -0.683558 -0.438687 0.629907
v -0.699202 -0.412455 0.632905
v -0.685626 -0.428688 0.594290
v -0.700769 -0.401971 0.596777
v -0.683877 -0.418723 0.558381
v -0.697900 -0.391340 0.560598
v -0.679241 -0.408518 0.522242
v -0.692495 -0.380717 0.524440
v -0.672753 -0.397942 0.485869
v -0.684896 -0.369605 0.488435
v -0.664427 -0.386713 0.449572
v -0.677136 -0.358284 0.452070
v -0.654021 -0.374900 0.413904
v -0.666891 -0.345981 0.416489
v -0.640838 -0.362477 0.379775
v -0.653447 -0.332665 0.382691
v -0.625262 -0.349911 0.347661
v -0.639074 -0.319548 0.349925
v -0.608680 -0.337695 0.316667
v -0.621183 -0.306068 0.319723
v -0.589246 -0.325538 0.287878
v -0.602731 -0.293555 0.289862
v -0.568930 -0.313840 0.259371
v -0.582088 -0.281290 0.261415
v -0.548344 -0.301868 0.230530
v -0.561287 -0.269170 0.232804
v -0.527396 -0.288442 0.201272
v -0.539644 -0.256008 0.204298
v -0.504506 -0.273114 0.172588
v -0.515290 -0.240979 0.177251
v -0.479386 -0.256068 0.144404
v -0.489894 -0.224568 0.149775
v -0.452179 -0.237786 0.116514
v -0.452179 -0.237786 0.116514
v -0.462532 -0.206919 0.122672
v -0.462532 -0.206919 0.122672
v -0.421485 -0.218997 0.090902
v -0.431755 -0.188509 0.097634
v -0.386622 -0.200729 0.069379
v -0.397590 -0.170330 0.075174
v -0.348720 -0.183750 0.051142
v -0.358735 -0.153494 0.058905
v -0.308783 -0.167943 0.035215
v -0.319613 -0.137549 0.042613
v -0.267540 -0.152641 0.023925
v -0.279311 -0.122344 0.033021
v -0.226844 -0.137406 0.017634
v -0.240158 -0.107170 0.027783
v -0.187818 -0.121757 0.015380
v -0.202506 -0.091876 0.026578
v -0.151310 -0.104736 0.013229
v -0.167348 -0.074767 0.024710
v -0.117064 -0.086764 0.011852
v -0.134455 -0.056266 0.022621
v -0.084596 -0.068307 0.012910
v -0.103092 -0.037490 0.023489
v -0.053831 -0.049285 0.015308
v -0.073176 -0.018532 0.026775
v -0.024882 -0.029044 0.016617
v -0.045231 0.001855 0.028974
v 0.002017 -0.007372 0.017796
v -0.019156 0.023419 0.031856
v 0.026698 0.016068 0.019313
v 0.004673 0.046953 0.034885
v 0.048929 0.041715 0.022454
v 0.025689 0.073587 0.037807
v 0.067894 0.071460 0.026373
v 0.043698 0.104223 0.040514
v 0.021257 0.136782 0.058037
v 0.060335 0.137176 0.043591
v 0.084731 0.104096 0.029310
v 0.100426 0.139043 0.032888
v 0.110721 0.070708 0.019113
v 0.126379 0.105674 0.021428
v 0.141374 0.142389 0.026341
v 0.153525 0.072062 0.013740
v 0.168591 0.108532 0.019090
v 0.183035 0.146316 0.025729
v 0.196454 0.074809 0.013484
v 0.210791 0.112759 0.020363
v 0.224756 0.151001 0.029188
v 0.239215 0.079349 0.016344
v 0.252899 0.118487 0.024367
v 0.266467 0.156353 0.036221
v 0.281118 0.085661 0.024380
v 0.294210 0.124737 0.035056
v 0.308158 0.162015 0.046921
v 0.282498 0.193297 0.044268
v 0.324974 0.197777 0.055344
v 0.300236 0.227630 0.055264
v 0.343290 0.230907 0.067377
v 0.320873 0.259929 0.066435
v 0.365315 0.260818 0.082368
v 0.343644 0.289314 0.081840
v 0.388367 0.288725 0.099607
v 0.366226 0.316828 0.099858
v 0.409609 0.314556 0.120901
v 0.387080 0.342617 0.120904
v 0.430569 0.339359 0.141926
v 0.407250 0.367771 0.141440
v 0.449618 0.362548 0.164286
v 0.424668 0.390987 0.164377
v 0.466029 0.383991 0.188109
v 0.440008 0.413027 0.187973
v 0.480561 0.404588 0.212149
v 0.453716 0.434254 0.211687
v 0.492003 0.424438 0.237687
v 0.463773 0.453487 0.237846
v 0.501210 0.444600 0.263810
v 0.471671 0.472706 0.264639
v 0.508769 0.464745 0.290284
v 0.479268 0.493297 0.290510
v 0.515042 0.484633 0.317180
v 0.484657 0.512349 0.317990
v 0.518205 0.502104 0.346123
v 0.489487 0.531157 0.345906
v 0.522542 0.520225 0.374168
v 0.493936 0.548671 0.374768
v 0.526816 0.536504 0.403053
v 0.498079 0.563450 0.405161
v 0.530790 0.549945 0.433293
v 0.502883 0.576168 0.436459
v 0.535677 0.561143 0.464267
v 0.508656 0.586966 0.468434
v 0.541470 0.569909 0.495975
v 0.514982 0.594872 0.501292
v 0.548300 0.575660 0.528607
v 0.523451 0.600299 0.534711
v 0.557242 0.579267 0.562638
v 0.533190 0.601770 0.570016
v 0.566256 0.580025 0.598543
v 0.542702 0.600911 0.606885
v 0.573498 0.576716 0.635574
v 0.551275 0.598123 0.644432
v 0.582600 0.573663 0.672118
v 0.560199 0.594884 0.681590
v 0.589970 0.567988 0.708059
v 0.567709 0.589607 0.717996
v 0.596555 0.561480 0.743192
v -0.628375 -0.517840 0.728069
v -0.647830 -0.495169 0.731294
v -0.639196 -0.510217 0.694568
v -0.656973 -0.485584 0.697052
v -0.644979 -0.500048 0.660547
v -0.662869 -0.475028 0.662505
v -0.648722 -0.489952 0.626349
v -0.666643 -0.464507 0.627785
v -0.650760 -0.480522 0.591900
v -0.668703 -0.454757 0.592788
v -0.650484 -0.471541 0.557047
v -0.667972 -0.445463 0.557360
v -0.647687 -0.462365 0.521642
v -0.663841 -0.435519 0.521636
v -0.642715 -0.452880 0.485850
v -0.658253 -0.425506 0.485354
v -0.635140 -0.442848 0.450276
v -0.650539 -0.414951 0.449127
v -0.625896 -0.433003 0.414967
v -0.640258 -0.403849 0.413646
v -0.612953 -0.422406 0.381337
v -0.626817 -0.392217 0.379838
v -0.598865 -0.412425 0.348378
v -0.612098 -0.381020 0.347090
v -0.582744 -0.402204 0.316776
v -0.595777 -0.369886 0.315797
v -0.563985 -0.391134 0.287032
v -0.577389 -0.358641 0.286146
v -0.544455 -0.379692 0.257375
v -0.556758 -0.346907 0.257791
v -0.524257 -0.367111 0.227260
v -0.535936 -0.334523 0.228663
v -0.504255 -0.353180 0.195900
v -0.516043 -0.320983 0.197912
v -0.482506 -0.336979 0.164713
v -0.493385 -0.305095 0.168471
v -0.456293 -0.318059 0.136332
v -0.468380 -0.287325 0.139666
v -0.428475 -0.298701 0.108016
v -0.428475 -0.298701 0.108016
v -0.441295 -0.268507 0.111052
v -0.441295 -0.268507 0.111052
v -0.398486 -0.279961 0.080625
v -0.409937 -0.249420 0.085938
v -0.363502 -0.261721 0.059091
v -0.375121 -0.231187 0.064393
v -0.325295 -0.244575 0.041436
v -0.337126 -0.214240 0.046435
v -0.285158 -0.228450 0.025049
v -0.297726 -0.198264 0.028618
v -0.242876 -0.213034 0.012488
v -0.255795 -0.182863 0.016402
v -0.199738 -0.197760 0.005933
v -0.213543 -0.167586 0.009853
v -0.157965 -0.182125 0.002861
v -0.172890 -0.151889 0.007478
v -0.118703 -0.165753 -0.000853
v -0.134946 -0.135155 0.005025
v -0.081912 -0.148532 -0.002342
v -0.099529 -0.117519 0.003361
v -0.047369 -0.130678 0.000218
v -0.066007 -0.099448 0.005157
v -0.014925 -0.111715 0.000925
v -0.034416 -0.080365 0.006548
v 0.015679 -0.091645 0.000524
v -0.004622 -0.060090 0.006609
v 0.044650 -0.070291 -0.000376
v 0.023401 -0.038557 0.006724
v 0.071786 -0.047412 -0.000470
v 0.049310 -0.015430 0.007598
v 0.096688 -0.022370 0.000506
v 0.072792 0.009766 0.010143
v 0.118557 0.005949 0.003414
v 0.092994 0.038734 0.014302
v 0.137099 0.037605 0.009727
v 0.143528 -0.026796 -0.001796
v 0.163440 0.004506 0.003347
v 0.180832 0.038455 0.008549
v 0.189521 -0.029128 0.001924
v 0.207865 0.004701 0.006820
v 0.224239 0.040874 0.012374
v 0.233781 -0.028711 0.008825
v 0.251526 0.007326 0.012423
v 0.267219 0.045843 0.017020
v 0.277755 -0.025915 0.016451
v 0.294367 0.012773 0.021061
v 0.308606 0.052938 0.028464
v 0.320194 -0.019598 0.028387
v 0.335696 0.020800 0.033949
v 0.349191 0.061304 0.042562
v 0.321828 0.092977 0.037576
v 0.362051 0.100389 0.053046
v 0.335318 0.131509 0.047802
v 0.375822 0.137638 0.063357
v 0.349849 0.167822 0.059295
v 0.390305 0.172420 0.075932
v 0.366558 0.202109 0.070771
v 0.409067 0.203324 0.089896
v 0.387323 0.232528 0.084782
v 0.430513 0.231324 0.106635
v 0.409460 0.260181 0.102658
v 0.451991 0.257079 0.126659
v 0.431210 0.286153 0.122974
v 0.473164 0.280863 0.148130
v 0.452480 0.310468 0.144283
v 0.494414 0.303550 0.169345
v 0.472482 0.333159 0.166640
v 0.512634 0.324313 0.193646
v 0.490973 0.354819 0.189337
v 0.528922 0.344691 0.218618
v 0.505177 0.374324 0.215232
v 0.541686 0.364580 0.245144
v 0.517867 0.394646 0.240506
v 0.551889 0.384496 0.271930
v 0.526655 0.414092 0.267632
v 0.559934 0.404020 0.298865
v 0.535521 0.434724 0.293351
v 0.566455 0.423266 0.325760
v 0.541096 0.453749 0.320838
v 0.572216 0.442329 0.352485
v 0.546365 0.472969 0.347997
v 0.576714 0.459958 0.379796
v 0.550310 0.490646 0.375903
v 0.579711 0.475489 0.407919
v 0.554128 0.506869 0.404090
v 0.582915 0.489822 0.436087
v 0.557747 0.521062 0.432952
v 0.586555 0.502573 0.464627
v 0.561562 0.532627 0.462846
v 0.590920 0.513245 0.493957
v 0.567041 0.542754 0.493227
v 0.597848 0.522935 0.523814
v 0.573834 0.550570 0.524611
v 0.601941 0.527141 0.556380
v 0.580026 0.554131 0.558263
v 0.609425 0.529822 0.589562
v 0.588326 0.556066 0.593012
v 0.618774 0.530367 0.623350
v 0.598109 0.556481 0.628440
v 0.624759 0.525377 0.658050
v 0.604849 0.551251 0.664345
v 0.632483 0.520139 0.692356
v 0.611673 0.544973 0.699626
v 0.637925 0.513245 0.726511
v 0.616138 0.536782 0.734156
v -0.585533 -0.560247 0.722128
v -0.607991 -0.539916 0.725029
v -0.595389 -0.553153 0.690353
v -0.618442 -0.532715 0.692393
v -0.603614 -0.546132 0.657973
v -0.625256 -0.523894 0.659116
v -0.608323 -0.537500 0.625014
v -0.629554 -0.514645 0.625438
v -0.611167 -0.529269 0.591545
v -0.632077 -0.505885 0.591400
v -0.611120 -0.520488 0.557762
v -0.631841 -0.496891 0.557061
v -0.608679 -0.511784 0.523683
v -0.629170 -0.487808 0.522324
v -0.604378 -0.503697 0.489437
v -0.624608 -0.478974 0.487283
v -0.596880 -0.494648 0.455834
v -0.616795 -0.469205 0.452857
v -0.587275 -0.485757 0.422795
v -0.607603 -0.460079 0.418520
v -0.576399 -0.477896 0.390005
v -0.596190 -0.451143 0.384917
v -0.563147 -0.469534 0.357990
v -0.582995 -0.442447 0.351923
v -0.547748 -0.460522 0.326635
v -0.566618 -0.432548 0.320659
v -0.531031 -0.451018 0.295179
v -0.548493 -0.422022 0.290248
v -0.512635 -0.439966 0.263872
v -0.529358 -0.410632 0.259869
v -0.494200 -0.427877 0.231357
v -0.509932 -0.398145 0.228672
v -0.474511 -0.413363 0.198351
v -0.490353 -0.384076 0.196247
v -0.451722 -0.395621 0.166742
v -0.467757 -0.366911 0.164991
v -0.425851 -0.376017 0.137172
v -0.442537 -0.347923 0.134849
v -0.397276 -0.356195 0.109838
v -0.397276 -0.356195 0.109838
v -0.414284 -0.328299 0.106799
v -0.414284 -0.328299 0.106799
v -0.366644 -0.337791 0.083715
v -0.383566 -0.309514 0.080409
v -0.332471 -0.320154 0.061552
v -0.349283 -0.291686 0.057712
v -0.295544 -0.303503 0.042539
v -0.311613 -0.274542 0.039312
v -0.255758 -0.287314 0.027814
v -0.271228 -0.258249 0.024308
v -0.214001 -0.272379 0.015002
v -0.228766 -0.242859 0.012547
v -0.170783 -0.257648 0.006674
v -0.185495 -0.227826 0.004416
v -0.127976 -0.242398 0.003037
v -0.143030 -0.212350 0.001424
v -0.086890 -0.226893 -0.001801
v -0.102674 -0.196405 -0.002763
v -0.047691 -0.210440 -0.003507
v -0.064538 -0.179544 -0.004307
v -0.010968 -0.193039 -0.001527
v -0.028898 -0.161853 -0.002328
v 0.023285 -0.174583 0.001840
v 0.004448 -0.143196 -0.000167
v 0.055710 -0.155084 0.000881
v 0.035932 -0.123367 -0.001073
v 0.086371 -0.134318 -0.001313
v 0.065761 -0.102292 -0.003083
v 0.115417 -0.111898 -0.004184
v 0.093886 -0.079588 -0.005021
v 0.142696 -0.087033 -0.003692
v 0.120098 -0.054706 -0.003886
v 0.167651 -0.059571 -0.001551
v 0.164623 -0.118979 -0.000588
v 0.190678 -0.091841 0.001831
v 0.214049 -0.062074 0.004814
v 0.212562 -0.123974 0.007333
v 0.237337 -0.094780 0.010019
v 0.258807 -0.061971 0.013072
v 0.258802 -0.127316 0.019108
v 0.282436 -0.095072 0.021580
v 0.302826 -0.058565 0.023006
v 0.304382 -0.127120 0.029604
v 0.326273 -0.090230 0.031361
v 0.345378 -0.051062 0.035756
v 0.347839 -0.121142 0.042252
v 0.368879 -0.081841 0.045817
v 0.386471 -0.041371 0.052315
v 0.361520 -0.010632 0.042650
v 0.401786 -0.000751 0.059811
v 0.375965 0.030038 0.050060
v 0.415805 0.039005 0.067959
v 0.389313 0.069588 0.058908
v 0.428654 0.076960 0.078154
v 0.402258 0.107260 0.069332
v 0.441374 0.112242 0.089826
v 0.415129 0.142358 0.082199
v 0.455723 0.143665 0.103878
v 0.431036 0.173375 0.097358
v 0.472934 0.171848 0.119834
v 0.451544 0.201798 0.111945
v 0.493682 0.197976 0.136353
v 0.472645 0.227497 0.130953
v 0.513990 0.221545 0.157634
v 0.493821 0.251143 0.152002
v 0.533287 0.243360 0.181325
v 0.515105 0.273604 0.173455
v 0.552204 0.264505 0.205463
v 0.534016 0.294632 0.197671
v 0.569098 0.285214 0.231224
v 0.549738 0.314682 0.224239
v 0.581617 0.304779 0.259848
v 0.561648 0.333918 0.252583
v 0.593338 0.324370 0.287703
v 0.573504 0.354102 0.279266
v 0.603272 0.343152 0.315178
v 0.582618 0.373497 0.306224
v 0.612018 0.361642 0.341686
v 0.589807 0.392272 0.332955
v 0.618172 0.379701 0.368315
v 0.595714 0.410742 0.359483
v 0.621943 0.396510 0.395625
v 0.600023 0.427968 0.386682
v 0.626514 0.412699 0.422579
v 0.604599 0.444445 0.413816
v 0.631307 0.427472 0.449524
v 0.608133 0.459033 0.441530
v 0.634871 0.439963 0.477036
v 0.610574 0.471287 0.469810
v 0.636738 0.449817 0.505097
v 0.613809 0.482116 0.498155
v 0.639199 0.457891 0.533143
v 0.616813 0.490397 0.527522
v 0.642832 0.463605 0.561381
v 0.622636 0.497042 0.557301
v 0.647494 0.466917 0.590215
v 0.628929 0.500236 0.588311
v 0.654399 0.468433 0.619744
v 0.635509 0.499854 0.620528
v 0.661977 0.467161 0.650790
v 0.645536 0.498560 0.652927
v 0.669172 0.463792 0.683254
v 0.651822 0.493029 0.686426
v 0.673941 0.458882 0.716881
v 0.657233 0.487056 0.720203
v -0.540877 -0.600958 0.716967
v -0.563390 -0.580943 0.719514
v -0.549839 -0.594090 0.686530
v -0.572240 -0.573383 0.688376
v -0.558037 -0.587796 0.655722
v -0.579970 -0.566143 0.656874
v -0.562749 -0.579745 0.624522
v -0.585535 -0.558691 0.624813
v -0.565593 -0.571877 0.592897
v -0.588428 -0.550628 0.592256
v -0.565857 -0.563728 0.560976
v -0.588459 -0.542060 0.559327
v -0.563100 -0.555464 0.528979
v -0.585868 -0.533585 0.526219
v -0.558545 -0.548167 0.496776
v -0.581757 -0.526260 0.492852
v -0.551082 -0.540273 0.465164
v -0.574524 -0.518055 0.460091
v -0.542209 -0.533641 0.433622
v -0.565064 -0.510044 0.427986
v -0.531351 -0.526749 0.402533
v -0.554191 -0.502663 0.396181
v -0.519477 -0.520103 0.371315
v -0.541512 -0.494988 0.364753
v -0.505840 -0.512211 0.340240
v -0.528388 -0.487956 0.332563
v -0.490894 -0.503171 0.308392
v -0.511580 -0.477870 0.301535
v -0.473963 -0.492430 0.275792
v -0.494518 -0.467652 0.268929
v -0.455760 -0.479974 0.242241
v -0.476104 -0.455311 0.235839
v -0.434907 -0.463992 0.209851
v -0.455669 -0.439916 0.203114
v -0.411961 -0.445786 0.178834
v -0.432766 -0.421783 0.171733
v -0.386688 -0.426676 0.149582
v -0.406929 -0.402071 0.142634
v -0.359429 -0.408585 0.121298
v -0.359429 -0.408585 0.121298
v -0.378636 -0.382590 0.115428
v -0.378636 -0.382590 0.115428
v -0.329665 -0.391829 0.095156
v -0.348405 -0.364873 0.089381
v -0.296397 -0.375303 0.073717
v -0.314863 -0.347969 0.067102
v -0.259826 -0.358235 0.058199
v -0.278064 -0.331206 0.049590
v -0.221456 -0.342698 0.044456
v -0.239100 -0.315435 0.034889
v -0.181792 -0.329310 0.030374
v -0.198375 -0.301238 0.021255
v -0.139971 -0.315158 0.022251
v -0.155636 -0.286763 0.013060
v -0.097701 -0.301060 0.015812
v -0.112906 -0.271976 0.008220
v -0.055979 -0.286364 0.010881
v -0.071391 -0.256977 0.003100
v -0.015572 -0.270795 0.008920
v -0.031522 -0.240928 0.001657
v 0.022746 -0.254122 0.009728
v 0.006074 -0.223849 0.003256
v 0.058919 -0.236459 0.010729
v 0.041429 -0.205729 0.005219
v 0.093162 -0.217718 0.009683
v 0.074829 -0.186512 0.004825
v 0.125702 -0.197541 0.007227
v 0.106473 -0.166087 0.001916
v 0.156479 -0.175241 0.005481
v 0.136419 -0.143719 -0.000504
v 0.185411 -0.150673 0.005944
v 0.175203 -0.206917 0.013672
v 0.204945 -0.182834 0.013784
v 0.232849 -0.156400 0.015562
v 0.222519 -0.215290 0.024666
v 0.251520 -0.188979 0.025414
v 0.278947 -0.159617 0.027510
v 0.268149 -0.221511 0.037876
v 0.296687 -0.191352 0.039362
v 0.324109 -0.158354 0.039774
v 0.312635 -0.221677 0.053835
v 0.341574 -0.188041 0.053819
v 0.367638 -0.151202 0.055790
v 0.357813 -0.216175 0.069205
v 0.385251 -0.179525 0.071075
v 0.409574 -0.140668 0.073839
v 0.389975 -0.111789 0.059340
v 0.430292 -0.100544 0.079621
v 0.409166 -0.071388 0.065182
v 0.448486 -0.059873 0.086259
v 0.426104 -0.030800 0.071784
v 0.464531 -0.019722 0.094380
v 0.440633 0.009180 0.080403
v 0.479086 0.018620 0.103602
v 0.454541 0.047494 0.089238
v 0.492663 0.053747 0.114490
v 0.467823 0.082658 0.100180
v 0.506043 0.085547 0.127599
v 0.480868 0.114190 0.114501
v 0.521155 0.114351 0.141652
v 0.496729 0.142874 0.129188
v 0.537130 0.140267 0.158496
v 0.514531 0.168977 0.146443
v 0.552764 0.163151 0.179806
v 0.533587 0.192429 0.166795
v 0.571134 0.185153 0.201077
v 0.552474 0.214148 0.189766
v 0.587927 0.206586 0.225360
v 0.570281 0.235206 0.214398
v 0.603702 0.227855 0.250956
v 0.586462 0.256104 0.240469
v 0.617616 0.248085 0.278026
v 0.600995 0.276600 0.267659
v 0.630179 0.267117 0.305716
v 0.612901 0.295816 0.295978
v 0.640744 0.284770 0.334126
v 0.623780 0.314108 0.323822
v 0.648720 0.301354 0.362852
v 0.631503 0.331263 0.352017
v 0.655092 0.317717 0.390725
v 0.639178 0.349219 0.378560
v 0.660293 0.333574 0.417826
v 0.642853 0.365513 0.405997
v 0.665580 0.348264 0.444326
v 0.646981 0.380788 0.432915
v 0.669065 0.360614 0.471350
v 0.650606 0.394058 0.460006
v 0.673512 0.371884 0.497972
v 0.653905 0.405645 0.487169
v 0.676314 0.380448 0.525143
v 0.656437 0.415016 0.514592
v 0.682044 0.387816 0.551821
v 0.659841 0.422511 0.541790
v 0.684225 0.391762 0.579466
v 0.663203 0.427547 0.569083
v 0.689065 0.396011 0.606748
v 0.668543 0.431773 0.596281
v 0.694319 0.399576 0.634462
v 0.673569 0.434116 0.624402
v 0.697084 0.400464 0.663615
v 0.679740 0.434713 0.654048
v 0.701708 0.399792 0.693722
v 0.686326 0.433446 0.685631
v 0.704920 0.396476 0.724607
v 0.689846 0.429321 0.718578
v -0.483531 -0.642856 0.739353
v -0.507862 -0.626384 0.743604
v -0.494319 -0.638215 0.711292
v -0.517707 -0.619803 0.714290
v -0.503505 -0.632454 0.682867
v -0.527745 -0.614724 0.684764
v -0.512001 -0.627269 0.653878
v -0.535354 -0.608123 0.654682
v -0.518391 -0.621593 0.624197
v -0.541304 -0.601718 0.624100
v -0.521859 -0.615144 0.593965
v -0.543876 -0.593978 0.593182
v -0.522553 -0.608410 0.563462
v -0.544126 -0.586214 0.562096
v -0.520611 -0.601979 0.532988
v -0.541724 -0.578634 0.531000
v -0.515781 -0.595675 0.502815
v -0.536404 -0.571136 0.500169
v -0.508031 -0.588932 0.473184
v -0.529184 -0.564207 0.469422
v -0.497999 -0.582057 0.443934
v -0.519944 -0.557697 0.438949
v -0.486621 -0.575175 0.414497
v -0.508365 -0.550408 0.409027
v -0.473651 -0.567277 0.384874
v -0.495553 -0.542817 0.378932
v -0.459662 -0.558323 0.354491
v -0.482500 -0.535275 0.347754
v -0.445619 -0.548971 0.322475
v -0.468515 -0.526491 0.315559
v -0.429383 -0.537224 0.290396
v -0.452057 -0.515290 0.283111
v -0.412055 -0.524900 0.256985
v -0.434114 -0.502662 0.249689
v -0.391950 -0.509555 0.224539
v -0.413795 -0.487298 0.216852
v -0.369665 -0.492668 0.193103
v -0.390805 -0.469259 0.186019
v -0.345164 -0.475204 0.163549
v -0.365567 -0.450331 0.157196
v -0.318559 -0.458878 0.135772
v -0.318559 -0.458878 0.135772
v -0.338965 -0.433496 0.128563
v -0.338965 -0.433496 0.128563
v -0.289006 -0.443553 0.111252
v -0.309567 -0.417795 0.102765
v -0.256265 -0.428038 0.091475
v -0.276661 -0.401747 0.082227
v -0.221191 -0.412646 0.075959
v -0.240773 -0.384990 0.067730
v -0.184399 -0.398172 0.062916
v -0.203133 -0.369938 0.054472
v -0.145808 -0.384382 0.052178
v -0.164097 -0.356623 0.041607
v -0.105684 -0.370726 0.043846
v -0.123353 -0.343158 0.032656
v -0.064798 -0.356968 0.036812
v -0.081819 -0.329488 0.025331
v -0.023796 -0.342580 0.032916
v -0.040262 -0.315017 0.020519
v 0.016316 -0.327753 0.031892
v 0.000289 -0.299832 0.018696
v 0.054870 -0.312712 0.031276
v 0.038988 -0.283839 0.018746
v 0.091571 -0.296656 0.030324
v 0.075645 -0.266893 0.018614
v 0.126601 -0.279341 0.028104
v 0.110376 -0.248580 0.017677
v 0.159921 -0.259887 0.026792
v 0.143586 -0.228817 0.015088
v 0.191809 -0.238477 0.026090
v 0.174972 -0.291161 0.040951
v 0.207182 -0.270832 0.039065
v 0.238281 -0.247934 0.037863
v 0.220933 -0.302328 0.056658
v 0.252549 -0.280022 0.054152
v 0.283245 -0.253031 0.052816
v 0.266239 -0.310313 0.072461
v 0.297325 -0.281934 0.070706
v 0.328215 -0.250443 0.068983
v 0.312198 -0.309650 0.087591
v 0.343296 -0.276884 0.086280
v 0.373432 -0.242324 0.086272
v 0.358474 -0.301654 0.104170
v 0.388925 -0.266914 0.104314
v 0.418115 -0.231534 0.104910
v 0.401789 -0.206168 0.087706
v 0.444370 -0.194183 0.108386
v 0.428173 -0.168539 0.089714
v 0.469100 -0.155546 0.111614
v 0.450910 -0.128974 0.094441
v 0.489101 -0.114741 0.119058
v 0.469241 -0.087858 0.102636
v 0.507122 -0.074696 0.127708
v 0.487001 -0.047623 0.110176
v 0.523436 -0.037122 0.137446
v 0.502026 -0.009560 0.119983
v 0.538985 -0.002752 0.148006
v 0.515695 0.025248 0.131478
v 0.552132 0.028419 0.162195
v 0.529106 0.056748 0.144533
v 0.566639 0.056729 0.176186
v 0.544349 0.085315 0.157613
v 0.581221 0.082623 0.192120
v 0.558532 0.110896 0.174825
v 0.594858 0.106644 0.211371
v 0.573642 0.134357 0.194309
v 0.609377 0.129768 0.232139
v 0.590261 0.156931 0.215012
v 0.625371 0.152176 0.253353
v 0.605854 0.178858 0.238495
v 0.640180 0.173109 0.276607
v 0.621598 0.200303 0.262654
v 0.652826 0.192327 0.301668
v 0.635706 0.220380 0.288408
v 0.662322 0.209745 0.328580
v 0.646957 0.238664 0.316036
v 0.671226 0.226259 0.355874
v 0.656223 0.255561 0.344640
v 0.678052 0.241528 0.384103
v 0.664552 0.271631 0.373140
v 0.685314 0.256387 0.411918
v 0.671022 0.287010 0.401504
v 0.690767 0.270187 0.439689
v 0.677387 0.302082 0.428701
v 0.698321 0.283636 0.465868
v 0.681646 0.315426 0.455873
v 0.701360 0.294357 0.493170
v 0.686320 0.327522 0.482583
v 0.706551 0.304245 0.519569
v 0.690587 0.337860 0.509381
v 0.710258 0.311695 0.546384
v 0.696213 0.346669 0.535839
v 0.715046 0.317645 0.573223
v 0.700251 0.352565 0.563118
v 0.719247 0.322265 0.600498
v 0.702088 0.356346 0.591010
v 0.723743 0.326252 0.627797
v 0.706979 0.360794 0.618433
v 0.724761 0.327679 0.655415
v 0.709447 0.363371 0.646455
v 0.727502 0.327996 0.682706
v 0.713361 0.364813 0.674466
v 0.730188 0.326721 0.710117
v 0.716630 0.363791 0.702990
v 0.733107 0.324241 0.737679
v 0.718965 0.360706 0.731920
v 0.746565 0.287445 0.741279
v 0.758431 0.250030 0.743227
v 0.756159 0.252001 0.717272
v 0.765834 0.213151 0.719478
v 0.767901 0.211756 0.744721
v 0.744776 0.289972 0.714577
v 0.740955 0.290946 0.688094
v 0.753110 0.253200 0.691493
v 0.751086 0.253796 0.665722
v 0.763936 0.215322 0.669450
v 0.765416 0.214714 0.694368
v 0.738392 0.291187 0.661507
v 0.735004 0.289699 0.634874
v 0.748464 0.253015 0.639982
v 0.745705 0.250673 0.614306
v 0.758152 0.212140 0.620496
v 0.762006 0.214712 0.644736
v 0.733194 0.287240 0.607934
v 0.728533 0.282607 0.581532
v 0.743798 0.247285 0.588537
v 0.740000 0.242163 0.563154
v 0.753157 0.204689 0.572070
v 0.755836 0.208951 0.596186
v 0.724638 0.277149 0.555210
v 0.720997 0.270323 0.528976
v 0.733620 0.235187 0.538524
v 0.728794 0.227617 0.513238
v 0.743152 0.192240 0.524740
v 0.749140 0.199147 0.548190
v 0.714694 0.261083 0.503277
v 0.711201 0.251167 0.476377
v 0.724498 0.218685 0.487504
v 0.718861 0.207718 0.462185
v 0.734308 0.175195 0.476947
v 0.739691 0.184932 0.500459
v 0.705547 0.239296 0.449806
v 0.697851 0.225636 0.423584
v 0.714400 0.195825 0.436457
v 0.709268 0.182557 0.411207
v 0.725449 0.151830 0.430406
v 0.729641 0.164058 0.453552
v 0.692404 0.211793 0.396299
v 0.685075 0.196458 0.370083
v 0.703673 0.168176 0.386377
v 0.699133 0.153418 0.361100
v 0.712275 0.123710 0.386387
v 0.721598 0.138704 0.407206
v 0.678952 0.181047 0.343480
v 0.671631 0.164664 0.317306
v 0.688599 0.136526 0.338604
v 0.676694 0.118897 0.316576
v 0.692299 0.091573 0.344245
v 0.704209 0.108121 0.364773
v 0.660363 0.146271 0.293045
v 0.645338 0.125978 0.271553
v 0.663802 0.100008 0.294989
v 0.650479 0.079147 0.274018
v 0.670884 0.054818 0.298884
v 0.682645 0.074225 0.321274
v 0.629876 0.104041 0.251442
v 0.616131 0.080783 0.231303
v 0.637803 0.056334 0.253318
v 0.624737 0.031431 0.233984
v 0.642108 0.008138 0.259358
v 0.656705 0.032721 0.278507
v 0.603709 0.056137 0.211768
v 0.589733 0.029653 0.195042
v 0.609618 0.004606 0.217526
v 0.594651 -0.024026 0.201803
v 0.612117 -0.047746 0.224658
v 0.628309 -0.018845 0.240709
v 0.573764 0.001276 0.181609
v 0.559602 -0.029793 0.167325
v 0.577988 -0.055099 0.188564
v 0.560310 -0.088952 0.177087
v 0.577339 -0.112976 0.197428
v 0.596398 -0.079161 0.209001
v 0.542291 -0.063678 0.157111
v 0.525828 -0.100901 0.145998
v 0.542388 -0.125770 0.166198
v 0.523177 -0.165058 0.157082
v 0.538203 -0.188385 0.178265
v 0.558972 -0.149702 0.186067
v 0.506713 -0.140417 0.137494
v 0.485260 -0.180475 0.131040
v 0.500492 -0.204299 0.151690
v 0.475598 -0.241897 0.147574
v 0.489697 -0.264429 0.169019
v 0.514775 -0.227033 0.173457
v 0.461263 -0.219056 0.125986
v 0.433452 -0.255092 0.124407
v 0.448275 -0.277860 0.144497
v 0.418540 -0.312849 0.142932
v 0.431631 -0.334392 0.164346
v 0.461982 -0.300100 0.165554
v 0.404416 -0.290594 0.122617
v 0.373147 -0.325082 0.123144
v 0.386772 -0.346918 0.143927
v 0.353157 -0.379465 0.148994
v 0.365983 -0.399693 0.171346
v 0.399322 -0.367286 0.166402
v 0.340217 -0.358139 0.127118
v 0.306090 -0.387977 0.134151
v 0.318762 -0.409677 0.156809
v 0.326598 -0.334869 0.106610
v 0.293143 -0.364021 0.112693
v 0.259742 -0.388540 0.118923
v 0.272417 -0.413853 0.141491
v 0.279786 -0.338215 0.092135
v 0.247213 -0.362154 0.096152
v 0.214680 -0.381635 0.100470
v 0.227073 -0.408870 0.124364
v 0.234294 -0.333312 0.075286
v 0.202102 -0.352956 0.077657
v 0.169290 -0.369304 0.081091
v 0.182472 -0.398811 0.103194
v 0.188898 -0.322366 0.057986
v 0.155740 -0.339534 0.060752
v 0.121747 -0.355532 0.061975
v 0.135934 -0.384368 0.082579
v 0.141674 -0.309725 0.042556
v 0.106872 -0.326039 0.045032
v 0.070592 -0.341199 0.046285
v 0.086226 -0.369922 0.062988
v 0.049008 -0.382920 0.064198
v 0.065047 -0.410787 0.083066
v 0.101432 -0.398517 0.082320
v 0.032637 -0.355367 0.046983
v -0.006702 -0.369266 0.048060
v 0.010435 -0.395230 0.066194
v -0.028540 -0.408941 0.067577
v -0.010826 -0.434446 0.086602
v 0.027295 -0.422053 0.084999
v -0.046871 -0.382965 0.051533
v -0.086934 -0.397692 0.055853
v -0.067667 -0.423133 0.071259
v -0.106448 -0.437492 0.077512
v -0.086985 -0.462316 0.094227
v -0.049071 -0.447715 0.089606
v -0.126460 -0.411777 0.063212
v -0.164568 -0.426004 0.072619
v -0.144178 -0.451894 0.086226
v -0.180522 -0.466279 0.097813
v -0.159910 -0.490490 0.113743
v -0.124168 -0.476750 0.102099
v -0.201026 -0.440218 0.085176
v -0.235660 -0.454358 0.101391
v -0.215128 -0.480299 0.113009
v -0.247438 -0.494684 0.131524
v -0.225371 -0.517367 0.146954
v -0.193837 -0.503863 0.128723
v -0.268546 -0.469744 0.119973
v -0.297972 -0.484329 0.144129
v -0.297972 -0.484329 0.144129
v -0.276773 -0.509117 0.154329
v -0.276773 -0.509117 0.154329
v -0.302960 -0.523721 0.181003
v -0.280019 -0.545160 0.194172
v -0.254092 -0.530831 0.168982
v -0.254092 -0.530831 0.168982
v -0.324610 -0.500188 0.170933
v -0.348549 -0.516304 0.200602
v -0.326617 -0.539183 0.210008
v -0.347604 -0.554045 0.241223
v -0.323900 -0.574513 0.252393
v -0.303403 -0.560511 0.221805
v -0.370163 -0.532135 0.232134
v -0.389278 -0.546372 0.264967
v -0.366602 -0.568406 0.273222
v -0.383170 -0.580475 0.306006
v -0.359200 -0.600699 0.316158
v -0.342634 -0.588592 0.283792
v -0.406562 -0.559146 0.297662
v -0.422392 -0.570837 0.329581
v -0.398609 -0.591791 0.337855
v -0.413699 -0.602789 0.368297
v -0.389761 -0.622717 0.378178
v -0.374479 -0.611583 0.348042
v -0.437218 -0.581389 0.360624
v -0.451613 -0.591166 0.390438
v -0.428276 -0.612928 0.397673
v -0.441194 -0.620767 0.427031
v -0.416876 -0.639388 0.436875
v -0.403776 -0.631564 0.407976
v -0.464748 -0.599438 0.419732
v -0.476182 -0.606249 0.448896
v -0.452920 -0.627782 0.455777
v -0.462225 -0.632990 0.484656
v -0.437935 -0.650784 0.493506
v -0.428446 -0.645916 0.465269
v -0.485558 -0.612076 0.478035
v -0.493561 -0.618428 0.506903
v -0.469731 -0.638064 0.513257
v -0.474270 -0.642218 0.542032
v -0.449175 -0.658009 0.548904
v -0.445017 -0.654602 0.521573
v -0.498265 -0.623576 0.536530
v -0.499471 -0.628186 0.566436
v -0.475504 -0.646367 0.570551
v -0.473960 -0.651222 0.598399
v -0.448115 -0.666894 0.600160
v -0.449967 -0.662519 0.574850
v -0.498308 -0.633874 0.595917
v -0.494178 -0.639372 0.624824
v -0.469638 -0.656551 0.625172
v -0.462779 -0.661526 0.651087
v -0.436354 -0.675866 0.647393
v -0.443227 -0.671258 0.624193
v -0.487705 -0.644889 0.652986
v -0.479290 -0.649953 0.680379
v -0.454486 -0.666531 0.676554
v -0.445695 -0.672459 0.701969
v -0.419818 -0.687337 0.694117
v -0.428510 -0.681220 0.670673
v -0.469902 -0.655149 0.707369
v -0.459299 -0.659463 0.734061
v -0.434938 -0.676286 0.727065
v -0.398118 -0.696653 0.741147
v -0.409328 -0.691885 0.717605
v -0.330886 -0.725902 0.733966
v -0.342680 -0.721038 0.711941
v -0.370375 -0.708686 0.727655
v -0.353859 -0.716180 0.690513
v -0.382093 -0.705061 0.705450
v -0.364505 -0.711678 0.669643
v -0.393149 -0.701474 0.683532
v -0.374790 -0.708689 0.649412
v -0.401898 -0.695231 0.661962
v -0.382189 -0.702590 0.629965
v -0.409564 -0.689996 0.640910
v -0.388955 -0.697015 0.610900
v -0.416070 -0.685329 0.620263
v -0.396377 -0.692723 0.590938
v -0.421099 -0.680640 0.598559
v -0.365779 -0.707451 0.592958
v -0.375017 -0.699396 0.574383
v -0.344076 -0.710913 0.570349
v -0.357205 -0.702376 0.551421
v -0.372861 -0.692849 0.533802
v -0.341154 -0.702140 0.525343
v -0.359853 -0.690999 0.507174
v -0.380959 -0.677807 0.490830
v -0.391676 -0.680948 0.518000
v -0.404162 -0.662362 0.476892
v -0.413651 -0.666234 0.504583
v -0.369188 -0.672998 0.463039
v -0.392737 -0.656605 0.448982
v -0.356394 -0.666662 0.434251
v -0.379882 -0.649609 0.420192
v -0.342156 -0.658116 0.404589
v -0.365804 -0.641057 0.390443
v -0.327157 -0.648768 0.373557
v -0.350771 -0.630916 0.359794
v -0.310984 -0.637352 0.342288
v -0.335003 -0.619572 0.328312
v -0.293683 -0.624543 0.311255
v -0.318138 -0.607188 0.296502
v -0.274853 -0.611180 0.281175
v -0.299575 -0.593819 0.265452
v -0.254089 -0.597038 0.253516
v -0.278942 -0.579634 0.236335
v -0.231448 -0.582946 0.228391
v -0.256050 -0.564929 0.209866
v -0.206729 -0.569601 0.205965
v -0.206729 -0.569601 0.205965
v -0.230651 -0.550603 0.186443
v -0.230651 -0.550603 0.186443
v -0.179568 -0.557491 0.186310
v -0.202652 -0.538081 0.165334
v -0.150154 -0.545888 0.169608
v -0.172141 -0.525737 0.147451
v -0.118857 -0.533829 0.156021
v -0.139364 -0.512468 0.133663
v -0.086032 -0.520428 0.146193
v -0.104839 -0.499469 0.122274
v -0.051466 -0.508011 0.138589
v -0.068756 -0.485670 0.114768
v -0.015474 -0.496721 0.133316
v -0.031688 -0.472687 0.109786
v 0.021018 -0.485227 0.131276
v 0.005598 -0.459770 0.108099
v 0.057524 -0.474731 0.130167
v 0.042999 -0.448548 0.106439
v 0.093540 -0.464607 0.129884
v 0.079732 -0.437138 0.106240
v 0.128541 -0.453982 0.129808
v 0.115468 -0.426003 0.105522
v 0.162158 -0.441262 0.129716
v 0.149415 -0.412814 0.105605
v 0.195098 -0.427197 0.126977
v 0.174256 -0.468630 0.154874
v 0.207228 -0.454160 0.151565
v 0.239747 -0.435902 0.147116
v 0.218953 -0.479058 0.177127
v 0.252118 -0.460993 0.170702
v 0.284987 -0.437151 0.164599
v 0.264266 -0.483343 0.195460
v 0.297453 -0.458454 0.188073
v 0.331442 -0.430038 0.179636
v 0.310053 -0.477953 0.211998
v 0.343985 -0.449144 0.202892
v 0.378107 -0.418435 0.195049
v 0.356162 -0.467140 0.227032
v 0.389584 -0.436437 0.219557
v 0.422378 -0.404986 0.214882
v 0.411568 -0.387043 0.189613
v 0.454803 -0.373581 0.211937
v 0.443916 -0.355098 0.186993
v 0.485647 -0.340620 0.211794
v 0.473892 -0.320966 0.188418
v 0.514616 -0.305800 0.214231
v 0.502539 -0.285803 0.191328
v 0.542027 -0.269529 0.217575
v 0.529048 -0.249028 0.195005
v 0.567469 -0.232263 0.221337
v 0.552707 -0.210666 0.199973
v 0.587738 -0.194222 0.229969
v 0.573891 -0.172504 0.207532
v 0.607500 -0.157963 0.240373
v 0.593679 -0.136189 0.217875
v 0.625741 -0.123449 0.254142
v 0.612654 -0.102070 0.230607
v 0.644942 -0.091945 0.269550
v 0.628310 -0.070250 0.247656
v 0.660074 -0.062533 0.289708
v 0.645008 -0.041059 0.264910
v 0.676670 -0.036340 0.310799
v 0.660695 -0.014290 0.283809
v 0.692562 -0.013659 0.334192
v 0.674570 0.009520 0.305167
v 0.704333 0.005679 0.359086
v 0.688375 0.030249 0.327081
v 0.716384 0.021988 0.382061
v 0.700365 0.048120 0.350069
v 0.728333 0.036302 0.402727
v 0.710883 0.064300 0.372294
v 0.738595 0.049612 0.422315
v 0.720122 0.079345 0.393429
v 0.745665 0.061289 0.441925
v 0.729386 0.093482 0.413078
v 0.754363 0.072115 0.459560
v 0.735383 0.106359 0.433402
v 0.759177 0.081909 0.478269
v 0.741158 0.118414 0.453597
v 0.762729 0.090721 0.497145
v 0.745288 0.129297 0.474338
v 0.767597 0.098809 0.515833
v 0.749803 0.139026 0.495330
v 0.769078 0.104758 0.535933
v 0.754708 0.147115 0.516764
v 0.776309 0.110933 0.554657
v 0.759500 0.153654 0.538518
v 0.777699 0.115430 0.575170
v 0.761873 0.158737 0.560903
v 0.781457 0.120455 0.595217
v 0.767204 0.164238 0.582564
v 0.782411 0.124243 0.616152
v 0.769825 0.168349 0.605002
v 0.788672 0.128821 0.636386
v 0.771928 0.171503 0.627725
v 0.788952 0.130961 0.658065
v 0.775507 0.174150 0.650604
v 0.789110 0.132489 0.680018
v 0.774061 0.174216 0.674138
v 0.790553 0.133851 0.702418
v 0.776406 0.174580 0.697804
v 0.788958 0.133934 0.725404
v 0.776385 0.173757 0.721894
v -0.250750 -0.752308 0.745635
v -0.263386 -0.749996 0.721099
v -0.290865 -0.740818 0.739327
v -0.275437 -0.745743 0.697443
v -0.303180 -0.737031 0.716310
v -0.287370 -0.741659 0.674599
v -0.315053 -0.732828 0.694133
v -0.298879 -0.736972 0.652622
v -0.326736 -0.729276 0.672763
v -0.310224 -0.732720 0.631375
v -0.337450 -0.724557 0.652145
v -0.321181 -0.727015 0.610799
v -0.347387 -0.719559 0.632243
v -0.332335 -0.719529 0.590343
v -0.356298 -0.713395 0.612700
v -0.296751 -0.730048 0.586551
v -0.309968 -0.722551 0.565444
v -0.324733 -0.712862 0.544790
v -0.289502 -0.720567 0.538393
v -0.306222 -0.710544 0.517557
v -0.325755 -0.699775 0.497554
v -0.289713 -0.705746 0.488339
v -0.310474 -0.693650 0.468869
v -0.332962 -0.681064 0.450655
v -0.346599 -0.687405 0.479299
v -0.295795 -0.687083 0.438309
v -0.318848 -0.673751 0.420453
v -0.280054 -0.678002 0.407321
v -0.303629 -0.664866 0.389281
v -0.263157 -0.667767 0.376432
v -0.287036 -0.653557 0.358305
v -0.244975 -0.655147 0.347356
v -0.269352 -0.640650 0.328222
v -0.225927 -0.642253 0.319862
v -0.250289 -0.627076 0.299583
v -0.205409 -0.630180 0.293904
v -0.229427 -0.613254 0.273196
v -0.182990 -0.617804 0.270984
v -0.206940 -0.599998 0.249098
v -0.158811 -0.607497 0.250339
v -0.158811 -0.607497 0.250339
v -0.182607 -0.588427 0.227268
v -0.182607 -0.588427 0.227268
v -0.132722 -0.596798 0.233235
v -0.156194 -0.577209 0.208900
v -0.104961 -0.586238 0.218728
v -0.127799 -0.566105 0.193422
v -0.075929 -0.574265 0.207663
v -0.097824 -0.553982 0.181222
v -0.045844 -0.562341 0.199298
v -0.066635 -0.541583 0.171785
v -0.014615 -0.551434 0.192999
v -0.033887 -0.530205 0.164497
v 0.017943 -0.542180 0.188194
v 0.000464 -0.519366 0.159902
v 0.051605 -0.533698 0.185534
v 0.035707 -0.509004 0.157954
v 0.085887 -0.526142 0.183820
v 0.071549 -0.501142 0.155494
v 0.119873 -0.517553 0.183416
v 0.106442 -0.491105 0.156236
v 0.153225 -0.507153 0.182773
v 0.140766 -0.480950 0.155874
v 0.186280 -0.494957 0.180395
v 0.166610 -0.532562 0.210375
v 0.198624 -0.519004 0.207595
v 0.230798 -0.501940 0.203422
v 0.211666 -0.540761 0.235831
v 0.243697 -0.523528 0.229430
v 0.276667 -0.503032 0.221051
v 0.257368 -0.543315 0.255462
v 0.289539 -0.520966 0.246966
v 0.322944 -0.496303 0.236359
v 0.302520 -0.537632 0.273339
v 0.334959 -0.512151 0.262863
v 0.367595 -0.483742 0.252780
v 0.346718 -0.528067 0.289796
v 0.378547 -0.499924 0.279485
v 0.410985 -0.470915 0.270732
v 0.400549 -0.453971 0.244768
v 0.443422 -0.439852 0.265021
v 0.433170 -0.422854 0.239790
v 0.475725 -0.407188 0.262197
v 0.465394 -0.390766 0.237218
v 0.507423 -0.374098 0.261522
v 0.497004 -0.358179 0.236308
v 0.537805 -0.340723 0.262360
v 0.526009 -0.323554 0.238419
v 0.565220 -0.305741 0.265689
v 0.553700 -0.287980 0.241526
v 0.591140 -0.270537 0.269756
v 0.579669 -0.251908 0.245250
v 0.613844 -0.234436 0.276398
v 0.601383 -0.215062 0.252605
v 0.634233 -0.198264 0.286078
v 0.620583 -0.178688 0.263324
v 0.652193 -0.163126 0.300530
v 0.639377 -0.144126 0.276851
v 0.671074 -0.130878 0.319394
v 0.658373 -0.112331 0.293622
v 0.689756 -0.101517 0.344849
v 0.675161 -0.083054 0.315688
v 0.708622 -0.075799 0.372512
v 0.692932 -0.057388 0.340807
v 0.709099 -0.035600 0.366877
v 0.721640 -0.018192 0.392283
v 0.745519 -0.032064 0.443143
v 0.730802 -0.004343 0.415597
v 0.754111 -0.023553 0.460682
v 0.742634 0.007108 0.434211
v 0.762191 -0.015651 0.477396
v 0.749287 0.017393 0.453447
v 0.767097 -0.008896 0.493847
v 0.760230 0.026371 0.470121
v 0.772867 -0.002556 0.506952
v 0.765227 0.034541 0.486831
v 0.777756 0.003705 0.520271
v 0.769789 0.042270 0.502799
v 0.782065 0.009795 0.534681
v 0.773572 0.049581 0.519207
v 0.787400 0.015665 0.549570
v 0.779071 0.056454 0.535502
v 0.793616 0.021183 0.564972
v 0.785732 0.062737 0.552038
v 0.797253 0.025968 0.582021
v 0.787869 0.067570 0.570447
v 0.802066 0.030597 0.599410
v 0.791632 0.072399 0.588762
v 0.804467 0.034800 0.617891
v 0.795152 0.077094 0.607461
v 0.806392 0.038631 0.636842
v 0.797485 0.081133 0.626822
v 0.807799 0.041937 0.656329
v 0.799124 0.084536 0.646649
v 0.810184 0.044895 0.676327
v 0.800756 0.087318 0.667035
v 0.810248 0.047243 0.697087
v 0.800122 0.089292 0.688072
v 0.806646 0.048776 0.718076
v 0.800407 0.091282 0.709544
v 0.807960 0.051193 0.739470
v 0.800751 0.093232 0.731516
v -0.183357 -0.762840 0.733915
v -0.195856 -0.760953 0.706865
v -0.223002 -0.756886 0.726949
v -0.208404 -0.757229 0.680672
v -0.235447 -0.754062 0.701690
v -0.221283 -0.754596 0.654976
v -0.247879 -0.751093 0.677155
v -0.233991 -0.748828 0.630115
v -0.260156 -0.747090 0.653351
v -0.247276 -0.744583 0.605673
v -0.272203 -0.741777 0.630378
v -0.260785 -0.738231 0.582059
v -0.284251 -0.736077 0.608137
v -0.274786 -0.730266 0.559675
v -0.238940 -0.736092 0.554071
v -0.254747 -0.726614 0.530901
v -0.271370 -0.715854 0.509230
v -0.235162 -0.721422 0.500953
v -0.253720 -0.710114 0.478679
v -0.273822 -0.699143 0.457701
v -0.235669 -0.702407 0.447701
v -0.257281 -0.690414 0.426735
v -0.217471 -0.693409 0.417683
v -0.239846 -0.680790 0.396263
v -0.198304 -0.682945 0.389947
v -0.221167 -0.669382 0.367721
v -0.178408 -0.673930 0.363605
v -0.201770 -0.658291 0.340667
v -0.157686 -0.665002 0.339702
v -0.181424 -0.647652 0.315568
v -0.135760 -0.655758 0.318786
v -0.159248 -0.636561 0.293905
v -0.112222 -0.645337 0.301631
v -0.112222 -0.645337 0.301631
v -0.135306 -0.626790 0.274776
v -0.135306 -0.626790 0.274776
v -0.087009 -0.635165 0.286960
v -0.109545 -0.615950 0.259205
v -0.060417 -0.625121 0.274798
v -0.082274 -0.604890 0.246334
v -0.032470 -0.615862 0.265090
v -0.053810 -0.593712 0.236207
v -0.003473 -0.607678 0.257366
v -0.024189 -0.584792 0.227153
v 0.026271 -0.599825 0.251817
v 0.006164 -0.575448 0.221192
v 0.056575 -0.591989 0.248398
v 0.037366 -0.567335 0.216840
v 0.087211 -0.583783 0.246802
v 0.069233 -0.558992 0.214954
v 0.118101 -0.575466 0.245465
v 0.101699 -0.551339 0.213597
v 0.149168 -0.566468 0.243284
v 0.134214 -0.542772 0.212495
v 0.180381 -0.555366 0.240085
v 0.164645 -0.589068 0.274648
v 0.194531 -0.575900 0.270544
v 0.225339 -0.560593 0.264195
v 0.209785 -0.594938 0.300623
v 0.239985 -0.579422 0.291980
v 0.270873 -0.560223 0.282957
v 0.254770 -0.595131 0.321719
v 0.284505 -0.576294 0.311196
v 0.315357 -0.554071 0.300310
v 0.298628 -0.591877 0.340560
v 0.327520 -0.568736 0.329204
v 0.358090 -0.543386 0.317637
v 0.340636 -0.583061 0.358813
v 0.370306 -0.558940 0.345507
v 0.400329 -0.531160 0.334266
v 0.389464 -0.515963 0.306597
v 0.431291 -0.502118 0.324349
v 0.420957 -0.486715 0.297564
v 0.462745 -0.471304 0.316441
v 0.453339 -0.456134 0.290364
v 0.495269 -0.439447 0.311253
v 0.485985 -0.423710 0.286463
v 0.527434 -0.406527 0.310041
v 0.517790 -0.390399 0.285853
v 0.558241 -0.373536 0.311436
v 0.548157 -0.357091 0.287148
v 0.586887 -0.339843 0.314194
v 0.576874 -0.323538 0.289425
v 0.610897 -0.303334 0.320125
v 0.601935 -0.288036 0.294524
v 0.634789 -0.266748 0.326381
v 0.625337 -0.251939 0.300919
v 0.655569 -0.229120 0.336236
v 0.645647 -0.215087 0.310813
v 0.676162 -0.193267 0.350739
v 0.664525 -0.179552 0.325488
v 0.697438 -0.159638 0.373532
v 0.685269 -0.147014 0.346414
v 0.716675 -0.126854 0.402386
v 0.704749 -0.116632 0.373999
v 0.707879 -0.168617 0.400274
v 0.727743 -0.132903 0.428513
v 0.741240 -0.096707 0.453768
v 0.738697 -0.135543 0.451612
v 0.751415 -0.094967 0.471721
v 0.758309 -0.057003 0.475478
v 0.750567 -0.062767 0.458001
v 0.758246 -0.090564 0.489584
v 0.766609 -0.050105 0.492749
v 0.764834 -0.086145 0.504566
v 0.773121 -0.044609 0.505724
v 0.771563 -0.081565 0.518271
v 0.777347 -0.039461 0.517765
v 0.776987 -0.076230 0.532879
v 0.782867 -0.034403 0.530044
v 0.783235 -0.070233 0.548427
v 0.788123 -0.029114 0.543735
v 0.788039 -0.065500 0.563375
v 0.791947 -0.024157 0.558407
v 0.792898 -0.061170 0.578525
v 0.797194 -0.019527 0.573435
v 0.796978 -0.056743 0.594849
v 0.800949 -0.015175 0.589863
v 0.801759 -0.052888 0.611640
v 0.804045 -0.011036 0.607219
v 0.805971 -0.049329 0.629319
v 0.807954 -0.007190 0.625194
v 0.810265 -0.046061 0.647775
v 0.808785 -0.003626 0.644252
v 0.813793 -0.043034 0.667106
v 0.812595 -0.000361 0.663403
v 0.816329 -0.040301 0.687171
v 0.813231 0.002330 0.683418
v 0.815818 -0.037762 0.708029
v 0.814463 0.004787 0.703888
v 0.818844 -0.035447 0.729165
v 0.814082 0.006886 0.724825
v -0.018708 -0.770645 0.735204
v -0.056074 -0.769861 0.717659
v -0.080811 -0.770357 0.735483
v -0.093480 -0.769390 0.703222
v -0.118515 -0.768848 0.722921
v -0.144456 -0.767247 0.742582
v -0.131224 -0.766469 0.692466
v -0.156843 -0.765835 0.713634
v -0.144308 -0.762258 0.662536
v -0.169505 -0.762720 0.685309
v -0.157872 -0.759033 0.633088
v -0.182588 -0.759336 0.657624
v -0.171880 -0.755229 0.604345
v -0.195749 -0.753704 0.630800
v -0.186128 -0.746332 0.577353
v -0.209452 -0.748832 0.604531
v -0.201474 -0.739644 0.550739
v -0.223645 -0.743012 0.578966
v -0.217862 -0.731739 0.524999
v -0.179537 -0.733486 0.522637
v -0.196941 -0.723657 0.496185
v -0.215463 -0.713757 0.470738
v -0.176512 -0.717027 0.467351
v -0.196207 -0.705006 0.441526
v -0.156060 -0.708506 0.441990
v -0.176620 -0.696476 0.414435
v -0.135175 -0.701265 0.418867
v -0.156145 -0.687725 0.390082
v -0.113501 -0.694166 0.398190
v -0.134986 -0.680319 0.367701
v -0.091058 -0.686730 0.379940
v -0.112896 -0.671814 0.348271
v -0.067696 -0.679853 0.363887
v -0.067696 -0.679853 0.363887
v -0.089695 -0.663091 0.331596
v -0.089695 -0.663091 0.331596
v -0.043525 -0.670867 0.351072
v -0.065217 -0.653948 0.317544
v -0.018322 -0.661884 0.340931
v -0.039328 -0.644668 0.306371
v 0.008272 -0.653748 0.333293
v -0.012076 -0.635871 0.297918
v 0.036184 -0.647392 0.327237
v 0.016328 -0.627911 0.291513
v 0.064835 -0.640737 0.323193
v 0.045617 -0.621416 0.286314
v 0.093771 -0.633410 0.320620
v 0.075192 -0.613956 0.283416
v 0.123065 -0.627331 0.317086
v 0.105012 -0.606667 0.281140
v 0.151751 -0.618053 0.313603
v 0.134914 -0.599078 0.278190
v 0.180568 -0.607675 0.307924
v 0.169754 -0.635255 0.348466
v 0.197813 -0.624453 0.340727
v 0.226021 -0.611260 0.331545
v 0.215891 -0.639829 0.373700
v 0.242982 -0.626495 0.363515
v 0.270083 -0.609851 0.352937
v 0.260214 -0.639884 0.397374
v 0.286450 -0.624381 0.385005
v 0.312623 -0.604388 0.372510
v 0.303012 -0.634496 0.419526
v 0.328598 -0.616667 0.404776
v 0.354816 -0.595395 0.389882
v 0.344736 -0.624595 0.439307
v 0.369742 -0.604131 0.422864
v 0.395528 -0.580564 0.407159
v 0.382093 -0.570717 0.375968
v 0.423330 -0.555334 0.392508
v 0.411159 -0.544107 0.363138
v 0.452293 -0.527586 0.380462
v 0.441583 -0.516023 0.351924
v 0.481566 -0.497645 0.370822
v 0.472878 -0.486395 0.342403
v 0.512266 -0.467448 0.363114
v 0.503729 -0.454011 0.336810
v 0.542396 -0.434556 0.360855
v 0.535413 -0.421191 0.335162
v 0.572922 -0.400839 0.362285
v 0.565587 -0.387458 0.337292
v 0.601637 -0.365632 0.365641
v 0.593988 -0.353055 0.340530
v 0.629438 -0.329168 0.369319
v 0.620678 -0.317398 0.344689
v 0.654260 -0.290008 0.375409
v 0.644350 -0.279401 0.351250
v 0.676680 -0.250454 0.385592
v 0.667239 -0.241443 0.360294
v 0.698897 -0.212561 0.402096
v 0.688258 -0.204552 0.375712
v 0.719442 -0.174596 0.425488
v 0.711496 -0.218308 0.426173
v 0.727964 -0.176775 0.449832
v 0.746195 -0.134239 0.472561
v 0.738271 -0.176780 0.472036
v 0.753958 -0.131452 0.491562
v 0.746263 -0.174669 0.493868
v 0.760072 -0.127436 0.509837
v 0.754746 -0.171306 0.514383
v 0.766632 -0.122771 0.527202
v 0.761290 -0.166532 0.534626
v 0.772212 -0.117240 0.544605
v 0.767354 -0.161274 0.554245
v 0.777969 -0.112248 0.561318
v 0.772994 -0.155627 0.573704
v 0.783685 -0.107079 0.578275
v 0.779208 -0.149707 0.593169
v 0.788803 -0.101278 0.596213
v 0.784022 -0.143984 0.612737
v 0.793354 -0.096637 0.613818
v 0.789025 -0.138725 0.632508
v 0.797810 -0.092604 0.631849
v 0.793768 -0.133422 0.652675
v 0.803323 -0.089115 0.650395
v 0.797350 -0.128311 0.673430
v 0.806513 -0.085610 0.670105
v 0.802859 -0.124306 0.694452
v 0.811500 -0.082899 0.690257
v 0.805973 -0.120584 0.716498
v 0.813686 -0.079973 0.711570
v 0.807801 -0.116984 0.739116
v 0.816503 -0.077220 0.733367
v 0.162622 -0.754050 0.744594
v 0.122285 -0.757460 0.717492
v 0.095476 -0.761528 0.725220
v 0.069368 -0.766010 0.733650
v 0.043794 -0.767864 0.743642
v 0.082050 -0.758348 0.690283
v 0.056001 -0.763130 0.698550
v 0.030602 -0.766468 0.708570
v 0.005834 -0.769186 0.720879
v 0.042541 -0.758838 0.663283
v 0.017013 -0.761433 0.673690
v -0.007585 -0.765820 0.686151
v -0.031798 -0.768653 0.701008
v 0.003636 -0.757782 0.638464
v -0.021103 -0.761811 0.651361
v -0.045222 -0.765305 0.666720
v -0.069174 -0.768290 0.684204
v -0.034572 -0.756886 0.616767
v -0.058800 -0.761327 0.632721
v -0.082709 -0.765079 0.651012
v -0.106701 -0.766875 0.671186
v -0.072556 -0.755649 0.599272
v -0.096423 -0.760993 0.618120
v -0.120231 -0.762424 0.639593
v -0.110232 -0.753457 0.586150
v -0.133933 -0.757227 0.608645
v -0.124782 -0.744590 0.555300
v -0.147982 -0.749537 0.579037
v -0.140764 -0.736401 0.524862
v -0.163080 -0.741968 0.550177
v -0.157964 -0.727413 0.495275
v -0.118797 -0.730449 0.502152
v -0.136795 -0.720949 0.470908
v -0.096788 -0.725939 0.481294
v -0.115350 -0.714283 0.449228
v -0.074268 -0.720187 0.463018
v -0.093257 -0.707171 0.430082
v -0.051115 -0.715223 0.446729
v -0.070461 -0.700773 0.413022
v -0.027233 -0.708730 0.433193
v -0.027233 -0.708730 0.433193
v -0.046824 -0.694512 0.398185
v -0.046824 -0.694512 0.398185
v -0.002689 -0.701181 0.422529
v -0.022457 -0.686884 0.386151
v 0.022718 -0.693360 0.414676
v 0.002725 -0.678471 0.377159
v 0.049036 -0.685970 0.408919
v 0.028829 -0.670044 0.370830
v 0.076258 -0.679487 0.404227
v 0.056314 -0.664736 0.365107
v 0.104264 -0.673690 0.399909
v 0.084441 -0.658194 0.361381
v 0.132685 -0.667638 0.395373
v 0.113098 -0.652012 0.357810
v 0.160890 -0.659644 0.390220
v 0.141686 -0.644672 0.353861
v 0.188795 -0.651598 0.382336
v 0.180244 -0.674217 0.425331
v 0.207830 -0.665502 0.416997
v 0.234628 -0.654881 0.407313
v 0.226287 -0.676563 0.452885
v 0.252662 -0.664906 0.443537
v 0.278275 -0.651414 0.432142
v 0.270182 -0.674123 0.479435
v 0.295691 -0.659901 0.467816
v 0.320511 -0.643669 0.454257
v 0.312007 -0.665792 0.503676
v 0.337142 -0.649826 0.489640
v 0.361966 -0.632131 0.473437
v 0.354276 -0.656039 0.523711
v 0.378657 -0.636544 0.507510
v 0.403893 -0.617293 0.488631
v 0.386579 -0.611871 0.455795
v 0.427835 -0.593749 0.470718
v 0.411167 -0.588467 0.438696
v 0.452556 -0.569200 0.454131
v 0.436999 -0.563423 0.423031
v 0.478961 -0.544498 0.439377
v 0.464539 -0.537128 0.409548
v 0.505716 -0.517416 0.427730
v 0.492864 -0.509011 0.398641
v 0.532714 -0.488269 0.418712
v 0.520618 -0.478246 0.391152
v 0.559826 -0.456922 0.413033
v 0.549887 -0.446694 0.386806
v 0.585880 -0.421534 0.413052
v 0.581000 -0.413933 0.386386
v 0.614366 -0.383592 0.415618
v 0.608592 -0.376694 0.390348
v 0.645245 -0.344109 0.418191
v 0.637017 -0.338358 0.393880
v 0.674408 -0.303252 0.423448
v 0.663780 -0.298054 0.399370
v 0.698937 -0.261787 0.434873
v 0.687768 -0.257567 0.409769
v 0.720563 -0.220237 0.451464
v 0.708991 -0.262779 0.460421
v 0.729661 -0.219969 0.475737
v 0.719689 -0.261495 0.485370
v 0.739338 -0.217950 0.499007
v 0.730146 -0.258339 0.510178
v 0.747038 -0.213850 0.522311
v 0.739101 -0.253587 0.534935
v 0.753494 -0.208617 0.545000
v 0.747577 -0.247804 0.559297
v 0.762044 -0.203298 0.566572
v 0.755308 -0.241118 0.583401
v 0.768531 -0.196995 0.588437
v 0.762535 -0.233593 0.607354
v 0.773729 -0.190071 0.610370
v 0.767414 -0.225194 0.631395
v 0.778845 -0.183189 0.632305
v 0.772702 -0.217076 0.655275
v 0.783859 -0.176528 0.654385
v 0.777151 -0.209038 0.679246
v 0.788164 -0.169833 0.676605
v 0.781572 -0.201754 0.702902
v 0.792166 -0.163769 0.699000
v 0.785475 -0.195696 0.726722
v 0.795769 -0.158907 0.721902
v 0.798895 -0.154944 0.745337
v 0.287537 -0.724358 0.744390
v 0.245859 -0.735109 0.720726
v 0.245859 -0.735109 0.720726
v 0.217723 -0.742262 0.728971
v 0.190084 -0.748911 0.736998
v 0.204582 -0.741812 0.694825
v 0.177012 -0.748347 0.702537
v 0.149489 -0.752849 0.710101
v 0.163144 -0.745337 0.667798
v 0.135806 -0.750355 0.675188
v 0.108837 -0.755369 0.682482
v 0.121953 -0.747304 0.639468
v 0.095096 -0.751271 0.646890
v 0.068617 -0.755075 0.654680
v 0.081024 -0.746231 0.610647
v 0.054828 -0.749755 0.618769
v 0.029095 -0.754506 0.627692
v 0.040557 -0.743396 0.582270
v 0.015240 -0.747462 0.592043
v -0.009894 -0.751523 0.603439
v 0.000396 -0.739877 0.556155
v -0.024085 -0.745095 0.568422
v -0.048460 -0.750216 0.582688
v -0.039436 -0.738838 0.532761
v -0.063046 -0.743697 0.548271
v -0.086633 -0.748149 0.566173
v -0.079230 -0.736288 0.514126
v -0.102003 -0.740886 0.533506
v -0.056289 -0.732029 0.496819
v -0.015674 -0.734864 0.518971
v -0.032959 -0.726344 0.482128
v 0.008199 -0.728358 0.507677
v -0.008963 -0.720307 0.469721
v -0.008963 -0.720307 0.469721
v 0.033043 -0.722968 0.498237
v 0.015730 -0.713203 0.460156
v 0.015730 -0.713203 0.460156
v 0.058904 -0.717181 0.490905
v 0.041544 -0.707386 0.452452
v 0.041544 -0.707386 0.452452
v 0.085881 -0.712577 0.484587
v 0.068162 -0.700671 0.446853
v 0.068162 -0.700671 0.446853
v 0.113458 -0.706166 0.479473
v 0.095547 -0.694007 0.442213
v 0.095547 -0.694007 0.442213
v 0.141748 -0.700032 0.474085
v 0.141748 -0.700032 0.474085
v 0.123718 -0.688569 0.437215
v 0.123718 -0.688569 0.437215
v 0.170454 -0.694015 0.467804
v 0.152036 -0.681660 0.432056
v 0.198728 -0.685789 0.460969
v 0.186982 -0.703001 0.503809
v 0.215614 -0.695492 0.496676
v 0.243661 -0.686452 0.488688
v 0.231316 -0.703608 0.532203
v 0.259262 -0.692954 0.524655
v 0.286558 -0.681312 0.515031
v 0.274465 -0.698773 0.559748
v 0.301674 -0.685677 0.550337
v 0.327852 -0.670529 0.538615
v 0.317028 -0.689902 0.584151
v 0.344136 -0.675122 0.571904
v 0.370047 -0.657734 0.557626
v 0.359241 -0.676450 0.604557
v 0.386620 -0.660227 0.589601
v 0.413373 -0.642171 0.571956
v 0.395553 -0.639240 0.540554
v 0.437953 -0.619646 0.553449
v 0.421066 -0.619805 0.521295
v 0.464008 -0.599308 0.533685
v 0.445553 -0.597373 0.502450
v 0.489069 -0.576240 0.515833
v 0.470446 -0.574196 0.484909
v 0.514271 -0.551741 0.499991
v 0.495484 -0.549377 0.469827
v 0.538864 -0.523985 0.486865
v 0.520825 -0.522247 0.457487
v 0.564699 -0.494512 0.476215
v 0.547885 -0.494200 0.446977
v 0.590573 -0.461685 0.469213
v 0.573145 -0.462099 0.440866
v 0.617726 -0.425398 0.465516
v 0.599314 -0.427045 0.438386
v 0.642063 -0.384177 0.466852
v 0.626424 -0.386880 0.440073
v 0.670295 -0.344247 0.469207
v 0.657206 -0.346641 0.442538
v 0.696971 -0.303483 0.475155
v 0.685610 -0.305105 0.448941
v 0.682949 -0.339705 0.496207
v 0.707694 -0.299584 0.501497
v 0.696934 -0.335037 0.522482
v 0.719178 -0.295085 0.527328
v 0.708850 -0.328475 0.549380
v 0.729025 -0.288959 0.553341
v 0.719219 -0.320612 0.576399
v 0.739028 -0.282260 0.578950
v 0.729544 -0.312260 0.603074
v 0.746932 -0.273936 0.604721
v 0.739248 -0.303382 0.629529
v 0.754129 -0.265091 0.630242
v 0.745876 -0.293232 0.655977
v 0.760166 -0.255878 0.655650
v 0.751427 -0.283020 0.682166
v 0.764782 -0.246537 0.681020
v 0.755962 -0.273461 0.707991
v 0.769949 -0.238320 0.705890
v 0.761131 -0.265768 0.733423
v 0.774011 -0.231132 0.730636
v 0.463166 -0.647047 0.738053
v 0.418429 -0.667827 0.726359
v 0.389057 -0.683108 0.740966
v 0.374778 -0.687264 0.711302
v 0.345905 -0.701437 0.723827
v 0.316106 -0.712195 0.734797
v 0.331372 -0.702897 0.693020
v 0.302966 -0.715782 0.703206
v 0.274704 -0.727663 0.712123
v 0.290090 -0.718673 0.670323
v 0.261273 -0.727692 0.678877
v 0.232649 -0.735010 0.686900
v 0.232649 -0.735010 0.686900
v 0.247453 -0.726626 0.644690
v 0.218869 -0.733157 0.652509
v 0.218869 -0.733157 0.652509
v 0.190813 -0.739596 0.660218
v 0.204588 -0.730088 0.617569
v 0.204588 -0.730088 0.617569
v 0.176700 -0.736736 0.625006
v 0.149028 -0.741685 0.632400
v 0.161818 -0.730947 0.589350
v 0.134494 -0.736941 0.596185
v 0.107588 -0.742176 0.603171
v 0.119015 -0.729914 0.559504
v 0.092370 -0.735461 0.566228
v 0.066229 -0.739839 0.573692
v 0.075980 -0.726776 0.528767
v 0.050052 -0.730979 0.536276
v 0.024991 -0.735464 0.545316
v 0.102635 -0.721339 0.522383
v 0.146402 -0.724612 0.552885
v 0.130197 -0.716002 0.516330
v 0.174299 -0.718210 0.546302
v 0.174299 -0.718210 0.546302
v 0.158345 -0.709538 0.510393
v 0.158345 -0.709538 0.510393
v 0.202757 -0.711756 0.539261
v 0.189652 -0.724777 0.582199
v 0.189652 -0.724777 0.582199
v 0.218028 -0.718601 0.574713
v 0.246485 -0.709992 0.567464
v 0.232521 -0.721365 0.610347
v 0.261492 -0.714987 0.602280
v 0.288627 -0.701165 0.594649
v 0.275878 -0.717293 0.636711
v 0.303743 -0.705088 0.627833
v 0.331645 -0.691603 0.617143
v 0.317659 -0.704935 0.660922
v 0.346060 -0.692033 0.649351
v 0.374035 -0.676669 0.636240
v 0.359820 -0.689137 0.680955
v 0.388320 -0.673978 0.667208
v 0.417918 -0.659523 0.650926
v 0.401949 -0.659985 0.620899
v 0.445971 -0.640524 0.632811
v 0.429262 -0.640979 0.603139
v 0.472979 -0.618875 0.613735
v 0.456912 -0.622167 0.583371
v 0.500269 -0.596768 0.594019
v 0.482627 -0.599611 0.564179
v 0.526715 -0.572372 0.575533
v 0.508912 -0.576976 0.545611
v 0.551929 -0.545262 0.559461
v 0.533285 -0.550083 0.529985
v 0.577286 -0.517003 0.545265
v 0.558153 -0.522004 0.516116
v 0.600707 -0.484870 0.533997
v 0.583391 -0.491633 0.504929
v 0.624165 -0.449586 0.526108
v 0.609194 -0.457981 0.497161
v 0.648808 -0.412347 0.522083
v 0.633364 -0.419387 0.494094
v 0.673900 -0.374544 0.520566
v 0.658294 -0.379936 0.493699
v 0.664764 -0.404826 0.549633
v 0.686218 -0.366444 0.548481
v 0.678431 -0.395638 0.577559
v 0.698926 -0.358271 0.575894
v 0.690483 -0.385639 0.605335
v 0.711690 -0.349939 0.602907
v 0.702363 -0.375801 0.632499
v 0.721155 -0.339868 0.630203
v 0.712264 -0.365344 0.659797
v 0.729793 -0.329611 0.657085
v 0.720920 -0.354783 0.686805
v 0.737428 -0.319300 0.683710
v 0.727637 -0.344214 0.713397
v 0.742563 -0.308939 0.710066
v 0.732713 -0.334546 0.739530
v 0.747574 -0.300214 0.735975
v 0.717643 -0.369253 0.744713
v 0.691752 -0.412955 0.725613
v 0.672695 -0.446962 0.735476
v 0.663946 -0.458688 0.709091
v 0.640412 -0.491084 0.722850
v 0.614652 -0.521318 0.739481
v 0.629528 -0.503599 0.696779
v 0.603854 -0.534306 0.713457
v 0.576903 -0.562061 0.731955
v 0.589329 -0.543576 0.686972
v 0.563635 -0.572130 0.705029
v 0.535457 -0.596649 0.725290
v 0.549071 -0.580630 0.677739
v 0.521724 -0.605971 0.697978
v 0.491522 -0.625873 0.718864
v 0.505926 -0.612047 0.670434
v 0.476457 -0.632105 0.690980
v 0.447040 -0.650013 0.709898
v 0.461061 -0.636507 0.662305
v 0.431227 -0.652593 0.680961
v 0.403344 -0.671163 0.697122
v 0.489869 -0.616511 0.642415
v 0.533030 -0.586616 0.650437
v 0.517336 -0.592465 0.622554
v 0.561405 -0.561638 0.631938
v 0.545496 -0.568296 0.603752
v 0.587471 -0.533077 0.615990
v 0.570032 -0.539137 0.588196
v 0.611390 -0.501093 0.602218
v 0.593875 -0.508538 0.574614
v 0.633741 -0.466672 0.590455
v 0.616479 -0.475227 0.562988
v 0.655844 -0.431347 0.582149
v 0.640839 -0.441098 0.554091
v 0.648478 -0.456834 0.617796
v 0.670786 -0.422068 0.609600
v 0.661727 -0.446333 0.644928
v 0.682054 -0.410919 0.637348
v 0.673468 -0.435209 0.672060
v 0.693165 -0.400303 0.664689
v 0.684393 -0.424545 0.698902
v 0.703374 -0.389959 0.691705
v 0.710664 -0.379026 0.718442
v 0.652466 -0.469872 0.682715
v 0.640000 -0.481332 0.656130
v 0.616447 -0.514786 0.670402
v 0.626164 -0.491666 0.629421
v 0.600739 -0.523092 0.643873
v 0.575159 -0.552700 0.659790
v -0.548565 0.583022 0.745974
v -0.543817 0.586841 0.745974
v -0.629585 0.503904 0.745974
v -0.625530 0.509505 0.745974
v -0.625530 0.509505 0.745974
v -0.622798 0.512624 0.745974
v -0.606424 0.530627 0.745974
v -0.599582 0.538085 0.745974
v -0.586440 0.551262 0.745974
v -0.585884 0.551763 0.745974
v -0.586711 0.551023 0.745974
v -0.586440 0.551262 0.745974
v -0.543817 0.586841 0.745974
v -0.536139 0.591702 0.745974
v -0.497497 0.616870 0.745974
v -0.489924 0.621788 0.745974
v -0.511590 0.607128 0.745974
v -0.497497 0.616870 0.745974
v -0.474705 0.632200 0.745974
v -0.462337 0.640955 0.745974
v -0.449039 0.650181 0.745974
v -0.428842 0.663466 0.745974
v -0.679112 0.429690 0.745974
v -0.671209 0.443936 0.745974
v -0.656567 0.467384 0.745974
v -0.649749 0.476700 0.745974
v -0.661698 0.459483 0.745974
v -0.656567 0.467384 0.745974
v -0.404856 0.678390 0.745974
v -0.393695 0.684697 0.745974
v -0.419712 0.669049 0.745974
v -0.404856 0.678390 0.745974
v -0.360050 0.703930 0.745974
v -0.354156 0.707298 0.745974
v -0.707460 0.357271 0.745974
v -0.700737 0.377869 0.745974
v -0.690676 0.403493 0.745974
v -0.687749 0.411155 0.745974
v -0.693927 0.395292 0.745974
v -0.690676 0.403493 0.745974
v -0.326701 0.723109 0.745974
v -0.321048 0.725897 0.745974
v -0.327631 0.722651 0.745974
v -0.326701 0.723109 0.745974
v -0.328804 0.722010 0.745974
v -0.327631 0.722651 0.745974
v -0.736438 0.278390 0.745974
v -0.728815 0.296652 0.745974
v -0.715954 0.331596 0.745974
v -0.711672 0.344168 0.745974
v -0.721160 0.315775 0.745974
v -0.715954 0.331596 0.745974
v -0.269076 0.750944 0.745974
v -0.250264 0.758352 0.745974
v -0.294301 0.738821 0.745974
v -0.269076 0.750944 0.745974
v -0.756745 0.223031 0.745974
v -0.748751 0.245765 0.745974
v -0.737540 0.275510 0.745974
v -0.736438 0.278390 0.745974
v -0.739099 0.271407 0.745974
v -0.737540 0.275510 0.745974
v -0.203511 0.776603 0.745974
v -0.194614 0.779575 0.745974
v -0.216487 0.771670 0.745974
v -0.203511 0.776603 0.745974
v -0.771071 0.168891 0.745974
v -0.768695 0.179069 0.745974
v -0.764384 0.196059 0.745974
v -0.760012 0.212754 0.745974
v -0.168250 0.787441 0.745974
v -0.153698 0.791506 0.745974
v -0.132149 0.797403 0.745974
v -0.109401 0.802006 0.745974
v -0.781844 0.105269 0.745974
v -0.781155 0.112941 0.745974
v -0.778203 0.132233 0.745974
v -0.775827 0.145749 0.745974
v -0.055108 0.809569 0.745974
v -0.051106 0.809938 0.745974
v -0.057014 0.809527 0.745974
v -0.055108 0.809569 0.745974
v -0.062076 0.808827 0.745974
v -0.057014 0.809527 0.745974
v -0.785784 0.035593 0.745974
v -0.785380 0.047252 0.745974
v -0.784798 0.065804 0.745974
v -0.784225 0.080097 0.745974
v 0.020773 0.814170 0.745974
v 0.021947 0.814187 0.745974
v 0.020067 0.814185 0.745974
v 0.020773 0.814170 0.745974
v 0.017467 0.814073 0.745974
v 0.020067 0.814185 0.745974
v -0.786860 -0.037407 0.745974
v -0.787550 -0.019013 0.745974
v -0.786952 -0.001841 0.745974
v -0.786030 0.014099 0.745974
v 0.059498 0.813212 0.745974
v 0.083644 0.812055 0.745974
v 0.116435 0.808606 0.745974
v 0.139143 0.805913 0.745974
v 0.099879 0.811063 0.745974
v 0.116435 0.808606 0.745974
v -0.775656 -0.114929 0.745974
v -0.776670 -0.109398 0.745974
v -0.783429 -0.070951 0.745974
v -0.786056 -0.051881 0.745974
v 0.185313 0.796606 0.745974
v 0.191353 0.795348 0.745974
v 0.180790 0.797740 0.745974
v 0.185313 0.796606 0.745974
v 0.145858 0.804686 0.745974
v 0.180790 0.797740 0.745974
v -0.760635 -0.174921 0.745974
v -0.767657 -0.151492 0.745974
v -0.775066 -0.117690 0.745974
v -0.775656 -0.114929 0.745974
v -0.773161 -0.127851 0.745974
v -0.775066 -0.117690 0.745974
v 0.219308 0.788081 0.745974
v 0.243794 0.781351 0.745974
v 0.256842 0.777490 0.745974
v 0.273145 0.771912 0.745974
v -0.741847 -0.234284 0.745974
v -0.742883 -0.231113 0.745974
v -0.756249 -0.188905 0.745974
v -0.760635 -0.174921 0.745974
v 0.293389 0.764235 0.745974
v 0.296717 0.762834 0.745974
v 0.337856 0.745359 0.745974
v 0.350457 0.739728 0.745974
v 0.329556 0.749187 0.745974
v 0.337856 0.745359 0.745974
v -0.721827 -0.294853 0.745974
v -0.728976 -0.271843 0.745974
v -0.741350 -0.236217 0.745974
v -0.741847 -0.234284 0.745974
v -0.738876 -0.243522 0.745974
v -0.741350 -0.236217 0.745974
v 0.401810 0.713212 0.745974
v 0.404672 0.711674 0.745974
v 0.400076 0.714203 0.745974
v 0.401810 0.713212 0.745974
v 0.392009 0.718381 0.745974
v 0.400076 0.714203 0.745974
v -0.705612 -0.357059 0.745974
v -0.706785 -0.351711 0.745974
v -0.717776 -0.308863 0.745974
v -0.721827 -0.294853 0.745974
v 0.434289 0.695340 0.745974
v 0.459831 0.677242 0.745974
v 0.465201 0.673358 0.745974
v 0.482692 0.660695 0.745974
v -0.691089 -0.418801 0.745974
v -0.698684 -0.388677 0.745974
v -0.704793 -0.360703 0.745974
v -0.705612 -0.357059 0.745974
v -0.699409 -0.385603 0.745974
v -0.704793 -0.360703 0.745974
v 0.494632 0.651733 0.745974
v 0.517618 0.633181 0.745974
v 0.521861 0.629491 0.745974
v 0.538764 0.614029 0.745974
v -0.661326 -0.473846 0.745974
v -0.673504 -0.454086 0.745974
v -0.680476 -0.441145 0.745974
v -0.691089 -0.418801 0.745974
v 0.575112 0.578761 0.745974
v 0.589918 0.566764 0.745974
v 0.571259 0.582704 0.745974
v 0.575112 0.578761 0.745974
v 0.563624 0.589985 0.745974
v 0.571259 0.582704 0.745974
v -0.622705 -0.522882 0.745974
v -0.633126 -0.510881 0.745974
v -0.650347 -0.489230 0.745974
v -0.661326 -0.473846 0.745974
v 0.618034 0.534501 0.745974
v 0.630398 0.521064 0.745974
v 0.599307 0.558045 0.745974
v 0.618034 0.534501 0.745974
v -0.577246 -0.565896 0.745974
v -0.583558 -0.560243 0.745974
v -0.613722 -0.532532 0.745974
v -0.622705 -0.522882 0.745974
v 0.659898 0.481986 0.745974
v 0.663676 0.475599 0.745974
v 0.653940 0.490173 0.745974
v 0.659898 0.481986 0.745974
v -0.530982 -0.607270 0.745974
v -0.531961 -0.606408 0.745974
v -0.572047 -0.570704 0.745974
v -0.577246 -0.565896 0.745974
v 0.692936 0.425117 0.745974
v 0.695836 0.418687 0.745974
v 0.690480 0.429697 0.745974
v 0.692936 0.425117 0.745974
v -0.480821 -0.644052 0.745974
v -0.504290 -0.628533 0.745974
v -0.530133 -0.607955 0.745974
v -0.530982 -0.607270 0.745974
v -0.523132 -0.613710 0.745974
v -0.530133 -0.607955 0.745974
v 0.720481 0.358818 0.745974
v 0.729164 0.335895 0.745974
v 0.715037 0.373105 0.745974
v 0.720481 0.358818 0.745974
v 0.748524 0.280706 0.745974
v 0.758417 0.249720 0.745974
v 0.733678 0.323135 0.745974
v 0.744324 0.293868 0.745974
v 0.758417 0.249720 0.745974
v 0.767414 0.213549 0.745974
v -0.409383 -0.689438 0.745974
v -0.420961 -0.682445 0.745974
v -0.420961 -0.682445 0.745974
v -0.426208 -0.679439 0.745974
v -0.426208 -0.679439 0.745974
v -0.435469 -0.673400 0.745974
v -0.463870 -0.655329 0.745974
v -0.480821 -0.644052 0.745974
v -0.350939 -0.715632 0.745974
v -0.360062 -0.711508 0.745974
v -0.377307 -0.703334 0.745974
v -0.395210 -0.696935 0.745974
v 0.777794 0.173237 0.745974
v 0.777980 0.172637 0.745974
v 0.775821 0.180970 0.745974
v 0.777671 0.173699 0.745974
v 0.777671 0.173699 0.745974
v 0.777794 0.173237 0.745974
v -0.251274 -0.752126 0.745974
v -0.287232 -0.741401 0.745974
v -0.313679 -0.730131 0.745974
v -0.323674 -0.726860 0.745974
v -0.301163 -0.735722 0.745974
v -0.313679 -0.730131 0.745974
v 0.799748 0.094121 0.745974
v 0.804044 0.070579 0.745974
v 0.796307 0.105691 0.745974
v 0.799748 0.094121 0.745974
v -0.200478 -0.760126 0.745974
v -0.213865 -0.758094 0.745974
v -0.229488 -0.755647 0.745974
v -0.250580 -0.752331 0.745974
v 0.816628 0.009287 0.745974
v 0.816653 0.009041 0.745974
v 0.816512 0.009914 0.745974
v 0.816605 0.009435 0.745974
v 0.816605 0.009435 0.745974
v 0.816628 0.009287 0.745974
v -0.045271 -0.771507 0.745974
v -0.055348 -0.771334 0.745974
v -0.095453 -0.770270 0.745974
v -0.109371 -0.769863 0.745974
v -0.125055 -0.768673 0.745974
v -0.143076 -0.767388 0.745974
v -0.166523 -0.765405 0.745974
v -0.178083 -0.763864 0.745974
v -0.149213 -0.766882 0.745974
v -0.166523 -0.765405 0.745974
v 0.816863 -0.075501 0.745974
v 0.811629 -0.099439 0.745974
v 0.817774 -0.059822 0.745974
v 0.816863 -0.075501 0.745974
v 0.133248 -0.759098 0.745974
v 0.126593 -0.759907 0.745974
v 0.089166 -0.763571 0.745974
v 0.073987 -0.765926 0.745974
v 0.073987 -0.765926 0.745974
v 0.047437 -0.767667 0.745974
v 0.038874 -0.768396 0.745974
v 0.015291 -0.770185 0.745974
v 0.797685 -0.158962 0.745974
v 0.787584 -0.191703 0.745974
v 0.805976 -0.124663 0.745974
v 0.798919 -0.154830 0.745974
v 0.255923 -0.734146 0.745974
v 0.246231 -0.736449 0.745974
v 0.211696 -0.744775 0.745974
v 0.193478 -0.748789 0.745974
v 0.193478 -0.748789 0.745974
v 0.164739 -0.753756 0.745974
v 0.157539 -0.755062 0.745974
v 0.133248 -0.759098 0.745974
v 0.775860 -0.227537 0.745974
v 0.770166 -0.242740 0.745974
v 0.779804 -0.215525 0.745974
v 0.775860 -0.227537 0.745974
v 0.428229 -0.664508 0.745974
v 0.404512 -0.675990 0.745974
v 0.377891 -0.689330 0.745974
v 0.356709 -0.699646 0.745974
v 0.337701 -0.706273 0.745974
v 0.321404 -0.711569 0.745974
v 0.321404 -0.711569 0.745974
v 0.290800 -0.723306 0.745974
v 0.282596 -0.725999 0.745974
v 0.255923 -0.734146 0.745974
v 0.748517 -0.297109 0.745974
v 0.737722 -0.322283 0.745974
v 0.756208 -0.277467 0.745974
v 0.748517 -0.297109 0.745974
v 0.697483 -0.404821 0.745974
v 0.689546 -0.418616 0.745974
v 0.655949 -0.472948 0.745974
v 0.650295 -0.481077 0.745974
v 0.633560 -0.502100 0.745974
v 0.618020 -0.518743 0.745974
v 0.593102 -0.546164 0.745974
v 0.583366 -0.555981 0.745974
v 0.605800 -0.531453 0.745974
v 0.593102 -0.546164 0.745974
v 0.550430 -0.584701 0.745974
v 0.545468 -0.588896 0.745974
v 0.557126 -0.579108 0.745974
v 0.550430 -0.584701 0.745974
v 0.506383 -0.618840 0.745974
v 0.506315 -0.618881 0.745974
v 0.506467 -0.618778 0.745974
v 0.506383 -0.618840 0.745974
v 0.506315 -0.618881 0.745974
v 0.505937 -0.619136 0.745974
v 0.449097 -0.654420 0.745974
v 0.428229 -0.664508 0.745974
v 0.714433 -0.375017 0.745974
v 0.697483 -0.404821 0.745974
v 0.730497 -0.339640 0.745974
v 0.717849 -0.368777 0.745974
v -0.035645 -0.771433 0.745974
v -0.045271 -0.771507 0.745974
v 0.015291 -0.770185 0.745974
v 0.001272 -0.770601 0.745974
v -0.585884 0.551763 0.745974
v -0.565485 0.569333 0.745974
v -0.565485 0.569333 0.745974
v -0.548565 0.583022 0.745974
v -0.536139 0.591702 0.745974
v -0.520152 0.601203 0.745974
v -0.649749 0.476700 0.745974
v -0.643357 0.485730 0.745974
v -0.643357 0.485730 0.745974
v -0.629585 0.503904 0.745974
v -0.612288 0.524444 0.745974
v -0.606424 0.530627 0.745974
v -0.622798 0.512624 0.745974
v -0.612288 0.524444 0.745974
v -0.599582 0.538085 0.745974
v -0.586711 0.551023 0.745974
v -0.489924 0.621788 0.745974
v -0.474705 0.632200 0.745974
v -0.520152 0.601203 0.745974
v -0.511590 0.607128 0.745974
v -0.454044 0.646760 0.745974
v -0.452171 0.648145 0.745974
v -0.462337 0.640955 0.745974
v -0.454044 0.646760 0.745974
v -0.452171 0.648145 0.745974
v -0.449039 0.650181 0.745974
v -0.687749 0.411155 0.745974
v -0.679112 0.429690 0.745974
v -0.666122 0.452098 0.745974
v -0.661698 0.459483 0.745974
v -0.671209 0.443936 0.745974
v -0.666122 0.452098 0.745974
v -0.393695 0.684697 0.745974
v -0.380082 0.693108 0.745974
v -0.428842 0.663466 0.745974
v -0.419712 0.669049 0.745974
v -0.380082 0.693108 0.745974
v -0.360050 0.703930 0.745974
v -0.711672 0.344168 0.745974
v -0.707460 0.357271 0.745974
v -0.697612 0.386107 0.745974
v -0.693927 0.395292 0.745974
v -0.700737 0.377869 0.745974
v -0.697612 0.386107 0.745974
v -0.354156 0.707298 0.745974
v -0.328804 0.722010 0.745974
v -0.302023 0.735043 0.745974
v -0.299030 0.736650 0.745974
v -0.321048 0.725897 0.745974
v -0.302023 0.735043 0.745974
v -0.728815 0.296652 0.745974
v -0.722902 0.310791 0.745974
v -0.722084 0.312938 0.745974
v -0.721160 0.315775 0.745974
v -0.722902 0.310791 0.745974
v -0.722084 0.312938 0.745974
v -0.250264 0.758352 0.745974
v -0.237007 0.763814 0.745974
v -0.299030 0.736650 0.745974
v -0.294301 0.738821 0.745974
v -0.760012 0.212754 0.745974
v -0.758711 0.216739 0.745974
v -0.758711 0.216739 0.745974
v -0.756745 0.223031 0.745974
v -0.744861 0.256082 0.745974
v -0.739099 0.271407 0.745974
v -0.748751 0.245765 0.745974
v -0.744861 0.256082 0.745974
v -0.194614 0.779575 0.745974
v -0.168250 0.787441 0.745974
v -0.237007 0.763814 0.745974
v -0.216487 0.771670 0.745974
v -0.775827 0.145749 0.745974
v -0.774362 0.153876 0.745974
v -0.774362 0.153876 0.745974
v -0.771071 0.168891 0.745974
v -0.768695 0.179069 0.745974
v -0.764384 0.196059 0.745974
v -0.109401 0.802006 0.745974
v -0.095001 0.804965 0.745974
v -0.153698 0.791506 0.745974
v -0.132149 0.797403 0.745974
v -0.784225 0.080097 0.745974
v -0.783286 0.088124 0.745974
v -0.783286 0.088124 0.745974
v -0.781844 0.105269 0.745974
v -0.781155 0.112941 0.745974
v -0.778203 0.132233 0.745974
v -0.095001 0.804965 0.745974
v -0.062076 0.808827 0.745974
v -0.029901 0.811477 0.745974
v -0.018764 0.812701 0.745974
v -0.051106 0.809938 0.745974
v -0.029901 0.811477 0.745974
v -0.786030 0.014099 0.745974
v -0.785994 0.020867 0.745974
v -0.785994 0.020867 0.745974
v -0.785784 0.035593 0.745974
v -0.785380 0.047252 0.745974
v -0.784798 0.065804 0.745974
v -0.018764 0.812701 0.745974
v 0.017467 0.814073 0.745974
v 0.044829 0.813598 0.745974
v 0.059498 0.813212 0.745974
v 0.021947 0.814187 0.745974
v 0.044829 0.813598 0.745974
v -0.786056 -0.051881 0.745974
v -0.786313 -0.047679 0.745974
v -0.786313 -0.047679 0.745974
v -0.786860 -0.037407 0.745974
v -0.787550 -0.019013 0.745974
v -0.786952 -0.001841 0.745974
v 0.083644 0.812055 0.745974
v 0.099879 0.811063 0.745974
v 0.140107 0.805770 0.745974
v 0.140848 0.805667 0.745974
v 0.139143 0.805913 0.745974
v 0.140107 0.805770 0.745974
v -0.776670 -0.109398 0.745974
v -0.780985 -0.083818 0.745974
v -0.780985 -0.083818 0.745974
v -0.783429 -0.070951 0.745974
v 0.140848 0.805667 0.745974
v 0.145858 0.804686 0.745974
v 0.207214 0.791049 0.745974
v 0.219308 0.788081 0.745974
v 0.191353 0.795348 0.745974
v 0.207214 0.791049 0.745974
v -0.767657 -0.151492 0.745974
v -0.769319 -0.145292 0.745974
v -0.770210 -0.141602 0.745974
v -0.773161 -0.127851 0.745974
v -0.769319 -0.145292 0.745974
v -0.770210 -0.141602 0.745974
v 0.273145 0.771912 0.745974
v 0.293389 0.764235 0.745974
v 0.243794 0.781351 0.745974
v 0.256842 0.777490 0.745974
v -0.742883 -0.231113 0.745974
v -0.751686 -0.204576 0.745974
v -0.751686 -0.204576 0.745974
v -0.756249 -0.188905 0.745974
v 0.296717 0.762834 0.745974
v 0.329556 0.749187 0.745974
v 0.359285 0.735434 0.745974
v 0.364920 0.732058 0.745974
v 0.350457 0.739728 0.745974
v 0.359285 0.735434 0.745974
v -0.728976 -0.271843 0.745974
v -0.731600 -0.264295 0.745974
v -0.733083 -0.259914 0.745974
v -0.738876 -0.243522 0.745974
v -0.731600 -0.264295 0.745974
v -0.733083 -0.259914 0.745974
v 0.364920 0.732058 0.745974
v 0.392009 0.718381 0.745974
v 0.422781 0.701194 0.745974
v 0.434289 0.695340 0.745974
v 0.404672 0.711674 0.745974
v 0.422781 0.701194 0.745974
v -0.706785 -0.351711 0.745974
v -0.712483 -0.325727 0.745974
v -0.712483 -0.325727 0.745974
v -0.717776 -0.308863 0.745974
v 0.482692 0.660695 0.745974
v 0.494632 0.651733 0.745974
v 0.459831 0.677242 0.745974
v 0.465201 0.673358 0.745974
v -0.698684 -0.388677 0.745974
v -0.698818 -0.388253 0.745974
v -0.698898 -0.387900 0.745974
v -0.699409 -0.385603 0.745974
v -0.698818 -0.388253 0.745974
v -0.698898 -0.387900 0.745974
v 0.538764 0.614029 0.745974
v 0.547658 0.606953 0.745974
v 0.517618 0.633181 0.745974
v 0.521861 0.629491 0.745974
v -0.673504 -0.454086 0.745974
v -0.677756 -0.447194 0.745974
v -0.677756 -0.447194 0.745974
v -0.680476 -0.441145 0.745974
v 0.547658 0.606953 0.745974
v 0.563624 0.589985 0.745974
v 0.595412 0.562226 0.745974
v 0.596821 0.560733 0.745974
v 0.589918 0.566764 0.745974
v 0.595412 0.562226 0.745974
v -0.633126 -0.510881 0.745974
v -0.642911 -0.499068 0.745974
v -0.642911 -0.499068 0.745974
v -0.650347 -0.489230 0.745974
v 0.630398 0.521064 0.745974
v 0.639623 0.508655 0.745974
v 0.596821 0.560733 0.745974
v 0.599307 0.558045 0.745974
v -0.583558 -0.560243 0.745974
v -0.600645 -0.545094 0.745974
v -0.600645 -0.545094 0.745974
v -0.613722 -0.532532 0.745974
v 0.663676 0.475599 0.745974
v 0.677799 0.454402 0.745974
v 0.639623 0.508655 0.745974
v 0.653940 0.490173 0.745974
v -0.531961 -0.606408 0.745974
v -0.554023 -0.586620 0.745974
v -0.554023 -0.586620 0.745974
v -0.572047 -0.570704 0.745974
v 0.695836 0.418687 0.745974
v 0.706253 0.392972 0.745974
v 0.677799 0.454402 0.745974
v 0.690480 0.429697 0.745974
v -0.504290 -0.628533 0.745974
v -0.506878 -0.626786 0.745974
v -0.508642 -0.625496 0.745974
v -0.523132 -0.613710 0.745974
v -0.506878 -0.626786 0.745974
v -0.508642 -0.625496 0.745974
v 0.729164 0.335895 0.745974
v 0.733678 0.323135 0.745974
v 0.706253 0.392972 0.745974
v 0.715037 0.373105 0.745974
v 0.746968 0.286938 0.745974
v 0.748524 0.280706 0.745974
v 0.744324 0.293868 0.745974
v 0.746968 0.286938 0.745974
v 0.767414 0.213549 0.745974
v 0.767953 0.211669 0.745974
v -0.435469 -0.673400 0.745974
v -0.454013 -0.661273 0.745974
v -0.454013 -0.661273 0.745974
v -0.463870 -0.655329 0.745974
v -0.395210 -0.696935 0.745974
v -0.409383 -0.689438 0.745974
v -0.323674 -0.726860 0.745974
v -0.350939 -0.715632 0.745974
v -0.360062 -0.711508 0.745974
v -0.377307 -0.703334 0.745974
v 0.777980 0.172637 0.745974
v 0.790142 0.134681 0.745974
v 0.767953 0.211669 0.745974
v 0.768320 0.209867 0.745974
v 0.768320 0.209867 0.745974
v 0.775821 0.180970 0.745974
v -0.250580 -0.752331 0.745974
v -0.251274 -0.752126 0.745974
v -0.293205 -0.739552 0.745974
v -0.301163 -0.735722 0.745974
v -0.287232 -0.741401 0.745974
v -0.293205 -0.739552 0.745974
v 0.804044 0.070579 0.745974
v 0.807965 0.051801 0.745974
v 0.790142 0.134681 0.745974
v 0.796307 0.105691 0.745974
v -0.178083 -0.763864 0.745974
v -0.200478 -0.760126 0.745974
v -0.213865 -0.758094 0.745974
v -0.229488 -0.755647 0.745974
v 0.816653 0.009041 0.745974
v 0.820257 -0.033592 0.745974
v 0.807965 0.051801 0.745974
v 0.810048 0.042134 0.745974
v 0.810048 0.042134 0.745974
v 0.816512 0.009914 0.745974
v -0.014646 -0.770929 0.745974
v -0.035645 -0.771433 0.745974
v -0.055348 -0.771334 0.745974
v -0.076794 -0.770646 0.745974
v -0.083684 -0.770453 0.745974
v -0.095453 -0.770270 0.745974
v -0.076794 -0.770646 0.745974
v -0.083684 -0.770453 0.745974
v -0.109371 -0.769863 0.745974
v -0.125055 -0.768673 0.745974
v -0.143076 -0.767388 0.745974
v -0.149213 -0.766882 0.745974
v 0.811629 -0.099439 0.745974
v 0.808785 -0.116034 0.745974
v 0.820257 -0.033592 0.745974
v 0.817774 -0.059822 0.745974
v 0.163112 -0.753897 0.745974
v 0.157539 -0.755062 0.745974
v 0.126593 -0.759907 0.745974
v 0.103369 -0.762073 0.745974
v 0.103369 -0.762073 0.745974
v 0.089166 -0.763571 0.745974
v 0.047437 -0.767667 0.745974
v 0.044667 -0.767907 0.745974
v 0.798919 -0.154830 0.745974
v 0.797685 -0.158962 0.745974
v 0.808785 -0.116034 0.745974
v 0.805976 -0.124663 0.745974
v 0.288213 -0.724147 0.745974
v 0.282596 -0.725999 0.745974
v 0.246231 -0.736449 0.745974
v 0.224188 -0.741398 0.745974
v 0.224188 -0.741398 0.745974
v 0.211696 -0.744775 0.745974
v 0.164739 -0.753756 0.745974
v 0.163112 -0.753897 0.745974
v 0.770166 -0.242740 0.745974
v 0.762951 -0.262599 0.745974
v 0.787584 -0.191703 0.745974
v 0.779804 -0.215525 0.745974
v 0.466925 -0.644563 0.745974
v 0.449097 -0.654420 0.745974
v 0.404512 -0.675990 0.745974
v 0.391444 -0.682222 0.745974
v 0.387268 -0.684313 0.745974
v 0.377891 -0.689330 0.745974
v 0.391444 -0.682222 0.745974
v 0.387268 -0.684313 0.745974
v 0.356709 -0.699646 0.745974
v 0.337701 -0.706273 0.745974
v 0.290800 -0.723306 0.745974
v 0.288213 -0.724147 0.745974
v 0.737722 -0.322283 0.745974
v 0.733857 -0.332471 0.745974
v 0.762951 -0.262599 0.745974
v 0.756208 -0.277467 0.745974
v 0.717849 -0.368777 0.745974
v 0.714433 -0.375017 0.745974
v 0.689546 -0.418616 0.745974
v 0.675750 -0.442338 0.745974
v 0.669300 -0.452494 0.745974
v 0.655949 -0.472948 0.745974
v 0.675750 -0.442338 0.745974
v 0.669300 -0.452494 0.745974
v 0.650295 -0.481077 0.745974
v 0.633560 -0.502100 0.745974
v 0.618020 -0.518743 0.745974
v 0.605800 -0.531453 0.745974
v 0.583366 -0.555981 0.745974
v 0.557126 -0.579108 0.745974
v 0.545468 -0.588896 0.745974
v 0.506467 -0.618778 0.745974
v 0.505937 -0.619136 0.745974
v 0.466925 -0.644563 0.745974
v 0.733857 -0.332471 0.745974
v 0.730497 -0.339640 0.745974
v 0.001272 -0.770601 0.745974
v -0.014646 -0.770929 0.745974
v 0.044667 -0.767907 0.745974
v 0.038874 -0.768396 0.745974
v -0.404856 0.678390 0.745974
v 0.595412 0.562226 0.745974
v -0.783286 0.088124 0.745974
v 0.401810 0.713212 0.745974
v 0.038874 -0.768396 0.745974
v -0.775066 -0.117690 0.745974
v 0.073987 -0.765926 0.745974
v -0.711672 0.344168 0.745974
v -0.454013 -0.661273 0.745974
v 0.689546 -0.418616 0.745974
v -0.781844 0.105269 0.745974
v -0.784225 0.080097 0.745974
v -0.767657 -0.151492 0.745974
v 0.630398 0.521064 0.745974
v 0.547658 0.606953 0.745974
v -0.328804 0.722010 0.745974
v -0.741847 -0.234284 0.745974
v 0.733857 -0.332471 0.745974
v 0.775821 0.180970 0.745974
v -0.785784 0.035593 0.745974
v -0.454044 0.646760 0.745974
v 0.164739 -0.753756 0.745974
v 0.816863 -0.075501 0.745974
v 0.021947 0.814187 0.745974
v 0.296717 0.762834 0.745974
v -0.194614 0.779575 0.745974
v -0.671209 0.443936 0.745974
v -0.698898 -0.387900 0.745974
v -0.035645 -0.771433 0.745974
v 0.243794 0.781351 0.745974
v -0.666122 0.452098 0.745974
v 0.790142 0.134681 0.745974
v 0.434289 0.695340 0.745974
v -0.166523 -0.765405 0.745974
v -0.585884 0.551763 0.745974
v -0.029901 0.811477 0.745974
v -0.251274 -0.752126 0.745974
v -0.109401 0.802006 0.745974
v -0.200478 -0.760126 0.745974
v 0.733678 0.323135 0.745974
v -0.395210 -0.696935 0.745974
v -0.687749 0.411155 0.745974
v -0.773161 -0.127851 0.745974
v -0.706785 -0.351711 0.745974
v -0.419712 0.669049 0.745974
v -0.237007 0.763814 0.745974
v -0.650347 -0.489230 0.745974
v 0.618020 -0.518743 0.745974
v -0.213865 -0.758094 0.745974
v 0.015291 -0.770185 0.745974
v 0.692936 0.425117 0.745974
v -0.313679 -0.730131 0.745974
v 0.207214 0.791049 0.745974
v 0.677799 0.454402 0.745974
v 0.099879 0.811063 0.745974
v -0.250580 -0.752331 0.745974
v -0.680476 -0.441145 0.745974
v 0.770166 -0.242740 0.745974
v -0.748751 0.245765 0.745974
v -0.420961 -0.682445 0.745974
v -0.497497 0.616870 0.745974
v 0.715037 0.373105 0.745974
v -0.132149 0.797403 0.745974
v -0.625530 0.509505 0.745974
v -0.756249 -0.188905 0.745974
v 0.816512 0.009914 0.745974
v -0.577246 -0.565896 0.745974
v 0.596821 0.560733 0.745974
v 0.706253 0.392972 0.745974
v -0.018764 0.812701 0.745974
v -0.229488 -0.755647 0.745974
v -0.178083 -0.763864 0.745974
v 0.599307 0.558045 0.745974
v -0.076794 -0.770646 0.745974
v -0.599582 0.538085 0.745974
v -0.302023 0.735043 0.745974
v 0.633560 -0.502100 0.745974
v 0.059498 0.813212 0.745974
v 0.465201 0.673358 0.745974
v 0.044667 -0.767907 0.745974
v 0.273145 0.771912 0.745974
v -0.787550 -0.019013 0.745974
v 0.748524 0.280706 0.745974
v 0.746968 0.286938 0.745974
v 0.282596 -0.725999 0.745974
v -0.776670 -0.109398 0.745974
v 0.775860 -0.227537 0.745974
v -0.721827 -0.294853 0.745974
v -0.301163 -0.735722 0.745974
v 0.191353 0.795348 0.745974
v -0.327631 0.722651 0.745974
v 0.180790 0.797740 0.745974
v -0.055108 0.809569 0.745974
v -0.785994 0.020867 0.745974
v -0.530982 -0.607270 0.745974
v 0.219308 0.788081 0.745974
v -0.572047 -0.570704 0.745974
v -0.360050 0.703930 0.745974
v -0.698818 -0.388253 0.745974
v -0.760012 0.212754 0.745974
v -0.299030 0.736650 0.745974
v -0.705612 -0.357059 0.745974
v -0.661698 0.459483 0.745974
v 0.796307 0.105691 0.745974
v -0.326701 0.723109 0.745974
v 0.653940 0.490173 0.745974
v -0.741350 -0.236217 0.745974
v 0.404512 -0.675990 0.745974
v -0.656567 0.467384 0.745974
v -0.756745 0.223031 0.745974
v 0.350457 0.739728 0.745974
v 0.618034 0.534501 0.745974
v 0.044829 0.813598 0.745974
v 0.083644 0.812055 0.745974
v -0.786313 -0.047679 0.745974
v -0.707460 0.357271 0.745974
v 0.193478 -0.748789 0.745974
v -0.733083 -0.259914 0.745974
v -0.737540 0.275510 0.745974
v -0.764384 0.196059 0.745974
v -0.742883 -0.231113 0.745974
v -0.377307 -0.703334 0.745974
v 0.663676 0.475599 0.745974
v 0.288213 -0.724147 0.745974
v 0.697483 -0.404821 0.745974
v 0.730497 -0.339640 0.745974
v 0.140107 0.805770 0.745974
v -0.768695 0.179069 0.745974
v 0.557126 -0.579108 0.745974
v -0.704793 -0.360703 0.745974
v -0.661326 -0.473846 0.745974
v -0.095001 0.804965 0.745974
v -0.629585 0.503904 0.745974
v 0.466925 -0.644563 0.745974
v -0.715954 0.331596 0.745974
v -0.565485 0.569333 0.745974
v 0.545468 -0.588896 0.745974
v 0.459831 0.677242 0.745974
v -0.203511 0.776603 0.745974
v 0.816628 0.009287 0.745974
v 0.799748 0.094121 0.745974
v -0.480821 -0.644052 0.745974
v -0.691089 -0.418801 0.745974
v 0.494632 0.651733 0.745974
v 0.669300 -0.452494 0.745974
v -0.784798 0.065804 0.745974
v 0.089166 -0.763571 0.745974
v 0.337701 -0.706273 0.745974
v 0.321404 -0.711569 0.745974
v 0.737722 -0.322283 0.745974
v 0.103369 -0.762073 0.745974
v -0.523132 -0.613710 0.745974
v -0.474705 0.632200 0.745974
v -0.168250 0.787441 0.745974
v -0.321048 0.725897 0.745974
v -0.489924 0.621788 0.745974
v 0.506315 -0.618881 0.745974
v 0.816605 0.009435 0.745974
v 0.807965 0.051801 0.745974
v 0.748517 -0.297109 0.745974
v -0.739099 0.271407 0.745974
v -0.722902 0.310791 0.745974
v 0.777980 0.172637 0.745974
v -0.771071 0.168891 0.745974
v 0.714433 -0.375017 0.745974
v -0.543817 0.586841 0.745974
v -0.697612 0.386107 0.745974
v 0.163112 -0.753897 0.745974
v -0.125055 -0.768673 0.745974
v -0.738876 -0.243522 0.745974
v 0.593102 -0.546164 0.745974
v 0.811629 -0.099439 0.745974
v -0.428842 0.663466 0.745974
v 0.805976 -0.124663 0.745974
v -0.536139 0.591702 0.745974
v -0.712483 -0.325727 0.745974
v -0.062076 0.808827 0.745974
v -0.781155 0.112941 0.745974
v 0.583366 -0.555981 0.745974
v 0.797685 -0.158962 0.745974
v 0.482692 0.660695 0.745974
v -0.583558 -0.560243 0.745974
v -0.426208 -0.679439 0.745974
v -0.778203 0.132233 0.745974
v -0.606424 0.530627 0.745974
v -0.699409 -0.385603 0.745974
v 0.126593 -0.759907 0.745974
v 0.356709 -0.699646 0.745974
v -0.698684 -0.388677 0.745974
v 0.659898 0.481986 0.745974
v -0.775656 -0.114929 0.745974
v 0.392009 0.718381 0.745974
v -0.769319 -0.145292 0.745974
v -0.751686 -0.204576 0.745974
v -0.520152 0.601203 0.745974
v 0.505937 -0.619136 0.745974
v -0.506878 -0.626786 0.745974
v 0.224188 -0.741398 0.745974
v 0.717849 -0.368777 0.745974
v 0.449097 -0.654420 0.745974
v 0.145858 0.804686 0.745974
v 0.517618 0.633181 0.745974
v -0.350939 -0.715632 0.745974
v 0.116435 0.808606 0.745974
v -0.380082 0.693108 0.745974
v 0.767953 0.211669 0.745974
v 0.777794 0.173237 0.745974
v 0.387268 -0.684313 0.745974
v -0.531961 -0.606408 0.745974
v 0.650295 -0.481077 0.745974
v -0.153698 0.791506 0.745974
v -0.622798 0.512624 0.745974
v 0.020773 0.814170 0.745974
v 0.290800 -0.723306 0.745974
v -0.462337 0.640955 0.745974
v 0.744324 0.293868 0.745974
v 0.804044 0.070579 0.745974
v -0.786952 -0.001841 0.745974
v 0.211696 -0.744775 0.745974
v 0.400076 0.714203 0.745974
v -0.758711 0.216739 0.745974
v -0.055348 -0.771334 0.745974
v 0.157539 -0.755062 0.745974
v -0.673504 -0.454086 0.745974
v -0.360062 -0.711508 0.745974
v 0.391444 -0.682222 0.745974
v -0.700737 0.377869 0.745974
v 0.690480 0.429697 0.745974
v -0.530133 -0.607955 0.745974
v -0.679112 0.429690 0.745974
v -0.250264 0.758352 0.745974
v -0.508642 -0.625496 0.745974
v 0.605800 -0.531453 0.745974
v -0.613722 -0.532532 0.745974
v 0.563624 0.589985 0.745974
v 0.538764 0.614029 0.745974
v -0.775827 0.145749 0.745974
v -0.780985 -0.083818 0.745974
v 0.808785 -0.116034 0.745974
v -0.393695 0.684697 0.745974
v 0.255923 -0.734146 0.745974
v -0.677756 -0.447194 0.745974
v 0.639623 0.508655 0.745974
v -0.294301 0.738821 0.745974
v -0.143076 -0.767388 0.745974
v -0.643357 0.485730 0.745974
v 0.139143 0.805913 0.745974
v -0.744861 0.256082 0.745974
v -0.057014 0.809527 0.745974
v 0.185313 0.796606 0.745974
v -0.051106 0.809938 0.745974
v -0.774362 0.153876 0.745974
v -0.770210 -0.141602 0.745974
v 0.798919 -0.154830 0.745974
v 0.779804 -0.215525 0.745974
v 0.758417 0.249720 0.745974
v 0.695836 0.418687 0.745974
v -0.728815 0.296652 0.745974
v -0.554023 -0.586620 0.745974
v -0.785380 0.047252 0.745974
v 0.506467 -0.618778 0.745974
v 0.810048 0.042134 0.745974
v -0.452171 0.648145 0.745974
v -0.463870 -0.655329 0.745974
v 0.762951 -0.262599 0.745974
v -0.287232 -0.741401 0.745974
v -0.293205 -0.739552 0.745974
v 0.364920 0.732058 0.745974
v 0.428229 -0.664508 0.745974
v 0.787584 -0.191703 0.745974
v -0.717776 -0.308863 0.745974
v 0.675750 -0.442338 0.745974
v 0.377891 -0.689330 0.745974
v 0.329556 0.749187 0.745974
v 0.506383 -0.618840 0.745974
v -0.586711 0.551023 0.745974
v 0.720481 0.358818 0.745974
v 0.337856 0.745359 0.745974
v -0.109371 -0.769863 0.745974
v 0.777671 0.173699 0.745974
v -0.728976 -0.271843 0.745974
v 0.756208 -0.277467 0.745974
v 0.404672 0.711674 0.745974
v 0.359285 0.735434 0.745974
v -0.736438 0.278390 0.745974
v -0.149213 -0.766882 0.745974
v 0.550430 -0.584701 0.745974
v -0.690676 0.403493 0.745974
v -0.095453 -0.770270 0.745974
v 0.768320 0.209867 0.745974
v -0.721160 0.315775 0.745974
v -0.786056 -0.051881 0.745974
v 0.020067 0.814185 0.745974
v -0.323674 -0.726860 0.745974
v -0.586440 0.551262 0.745974
v -0.045271 -0.771507 0.745974
v 0.589918 0.566764 0.745974
v 0.729164 0.335895 0.745974
v -0.731600 -0.264295 0.745974
v 0.521861 0.629491 0.745974
v -0.642911 -0.499068 0.745974
v -0.612288 0.524444 0.745974
v -0.216487 0.771670 0.745974
v 0.140848 0.805667 0.745974
v -0.504290 -0.628533 0.745974
v 0.133248 -0.759098 0.745974
v 0.256842 0.777490 0.745974
v -0.409383 -0.689438 0.745974
v -0.014646 -0.770929 0.745974
v -0.435469 -0.673400 0.745974
v 0.655949 -0.472948 0.745974
v -0.548565 0.583022 0.745974
v -0.693927 0.395292 0.745974
v 0.571259 0.582704 0.745974
v 0.816653 0.009041 0.745974
v -0.783429 -0.070951 0.745974
v 0.575112 0.578761 0.745974
v 0.047437 -0.767667 0.745974
v -0.786030 0.014099 0.745974
v -0.722084 0.312938 0.745974
v -0.083684 -0.770453 0.745974
v -0.600645 -0.545094 0.745974
v 0.820257 -0.033592 0.745974
v -0.449039 0.650181 0.745974
v 0.767414 0.213549 0.745974
v -0.511590 0.607128 0.745974
v -0.622705 -0.522882 0.745974
v 0.422781 0.701194 0.745974
v -0.649749 0.476700 0.745974
v -0.760635 -0.174921 0.745974
v 0.017467 0.814073 0.745974
v 0.246231 -0.736449 0.745974
v -0.786860 -0.037407 0.745974
v -0.633126 -0.510881 0.745974
v -0.269076 0.750944 0.745974
v -0.354156 0.707298 0.745974
v 0.293389 0.764235 0.745974
v 0.817774 -0.059822 0.745974
v 0.001272 -0.770601 0.745974
vt 0.401810 0.249990
vt 0.789480 0.784530
vt 0.153700 0.519090
vt 0.407420 0.251670
vt 0.400320 0.256200
vt 0.394590 0.252280
vt 0.398740 0.245110
vt 0.407320 0.245060
vt 0.790900 0.779070
vt 0.797060 0.780640
vt 0.792610 0.788030
vt 0.785850 0.795470
vt 0.783800 0.788840
vt 0.783290 0.782170
vt 0.152020 0.511400
vt 0.157450 0.514950
vt 0.157690 0.523540
vt 0.150370 0.520510
vt 0.146350 0.509930
vt 0.155240 0.528880
vt 0.306510 0.726580
vt 0.298850 0.720620
vt 0.300470 0.709470
vt 0.332300 0.756890
vt 0.321660 0.754290
vt 0.311320 0.750330
vt 0.317020 0.742880
vt 0.301270 0.745050
vt 0.307790 0.738150
vt 0.291610 0.738560
vt 0.298950 0.732390
vt 0.282560 0.731000
vt 0.290670 0.725680
vt 0.274420 0.722410
vt 0.283220 0.718070
vt 0.291860 0.713930
vt 0.276750 0.709730
vt 0.285870 0.706350
vt 0.294700 0.702850
vt 0.280780 0.698290
vt 0.289970 0.695490
vt 0.286020 0.687780
vt 0.295090 0.685330
vt 0.292000 0.677910
vt 0.351990 0.775220
vt 0.340450 0.775230
vt 0.340990 0.766560
vt 0.328410 0.774200
vt 0.329510 0.765300
vt 0.315940 0.771650
vt 0.317930 0.762660
vt 0.303110 0.767180
vt 0.306460 0.758420
vt 0.290190 0.760640
vt 0.295220 0.752510
vt 0.277640 0.752270
vt 0.284410 0.745140
vt 0.265990 0.742190
vt 0.274350 0.736460
vt 0.255940 0.730760
vt 0.265450 0.726660
vt 0.247880 0.718620
vt 0.258040 0.716060
vt 0.267400 0.713090
vt 0.252110 0.705080
vt 0.261880 0.703130
vt 0.271310 0.700890
vt 0.257500 0.693010
vt 0.267150 0.691570
vt 0.276610 0.689890
vt 0.263920 0.682190
vt 0.273510 0.681160
vt 0.282830 0.679790
vt 0.271170 0.672380
vt 0.280510 0.671530
vt 0.289500 0.670270
vt 0.278830 0.663140
vt 0.287730 0.662300
vt 0.286450 0.654140
vt 0.378500 0.789260
vt 0.367820 0.791300
vt 0.364700 0.782770
vt 0.356600 0.792940
vt 0.353470 0.783930
vt 0.344680 0.793890
vt 0.341680 0.784380
vt 0.331770 0.793650
vt 0.329170 0.783720
vt 0.317550 0.791640
vt 0.315730 0.781370
vt 0.302010 0.787350
vt 0.301350 0.776770
vt 0.285150 0.780330
vt 0.286380 0.769760
vt 0.266960 0.769670
vt 0.271360 0.760190
vt 0.248100 0.754580
vt 0.257250 0.748050
vt 0.233440 0.736530
vt 0.245610 0.734200
vt 0.224210 0.719870
vt 0.236920 0.720130
vt 0.218380 0.705000
vt 0.230770 0.706570
vt 0.241710 0.706390
vt 0.226490 0.693700
vt 0.237380 0.694390
vt 0.247550 0.694060
vt 0.234260 0.682790
vt 0.244380 0.683160
vt 0.254160 0.682920
vt 0.242170 0.672530
vt 0.251950 0.672890
vt 0.261550 0.672850
vt 0.250570 0.663070
vt 0.260170 0.663520
vt 0.269580 0.663580
vt 0.259490 0.654320
vt 0.268760 0.654690
vt 0.277690 0.654650
vt 0.268410 0.645810
vt 0.277140 0.645960
vt 0.285540 0.645810
vt 0.276910 0.637180
vt 0.285110 0.637170
vt 0.293050 0.636970
vt 0.398760 0.802180
vt 0.393120 0.794630
vt 0.388840 0.805410
vt 0.382970 0.797360
vt 0.378560 0.808510
vt 0.372430 0.799910
vt 0.367760 0.811320
vt 0.361340 0.802110
vt 0.356140 0.813520
vt 0.349460 0.803650
vt 0.343390 0.814730
vt 0.336430 0.804020
vt 0.329470 0.814720
vt 0.322010 0.802800
vt 0.314570 0.813420
vt 0.306070 0.799630
vt 0.298810 0.810700
vt 0.288120 0.793750
vt 0.282620 0.806910
vt 0.266670 0.783220
vt 0.267670 0.804580
vt 0.192340 0.729760
vt 0.237990 0.762280
vt 0.192350 0.718390
vt 0.218490 0.735090
vt 0.190090 0.704750
vt 0.209280 0.716010
vt 0.188440 0.691630
vt 0.204430 0.700510
vt 0.187730 0.679430
vt 0.201800 0.686930
vt 0.214730 0.691540
vt 0.200540 0.674570
vt 0.212520 0.679000
vt 0.223680 0.681560
vt 0.211370 0.667230
vt 0.222020 0.669960
vt 0.232200 0.671650
vt 0.221200 0.658920
vt 0.231130 0.660890
vt 0.240860 0.662250
vt 0.230760 0.650590
vt 0.240410 0.652280
vt 0.249970 0.653540
vt 0.240620 0.642700
vt 0.250080 0.644190
vt 0.259340 0.645250
vt 0.250620 0.635040
vt 0.259670 0.636190
vt 0.268410 0.636930
vt 0.260280 0.627160
vt 0.268760 0.627900
vt 0.276910 0.628290
vt 0.269290 0.618790
vt 0.277280 0.619190
vt 0.285030 0.619340
vt 0.284890 0.628360
vt 0.292590 0.619340
vt 0.292640 0.628290
vt 0.430820 0.808400
vt 0.422150 0.812720
vt 0.414720 0.805860
vt 0.413220 0.816940
vt 0.405430 0.809640
vt 0.403940 0.821120
vt 0.395840 0.813360
vt 0.394360 0.825350
vt 0.385920 0.817020
vt 0.384310 0.829410
vt 0.375510 0.820450
vt 0.373470 0.832940
vt 0.364270 0.823310
vt 0.361750 0.835930
vt 0.351980 0.825440
vt 0.349440 0.838580
vt 0.338780 0.826800
vt 0.337230 0.841230
vt 0.325190 0.827560
vt 0.325810 0.844250
vt 0.311800 0.828030
vt 0.315530 0.848110
vt 0.299430 0.828990
vt 0.140120 0.688490
vt 0.306600 0.853360
vt 0.163010 0.708380
vt 0.288980 0.831720
vt 0.146140 0.680940
vt 0.167700 0.699610
vt 0.150540 0.672690
vt 0.169800 0.689340
vt 0.154210 0.664180
vt 0.171230 0.678820
vt 0.157580 0.655640
vt 0.172700 0.668490
vt 0.160860 0.647170
vt 0.174390 0.658410
vt 0.187910 0.668100
vt 0.176400 0.648770
vt 0.188490 0.656980
vt 0.200260 0.663140
vt 0.189660 0.646530
vt 0.200500 0.652090
vt 0.211030 0.656140
vt 0.201300 0.641560
vt 0.211250 0.645440
vt 0.221050 0.648380
vt 0.212020 0.635190
vt 0.221530 0.638230
vt 0.231060 0.640740
vt 0.222590 0.628520
vt 0.231970 0.631230
vt 0.241330 0.633430
vt 0.233320 0.622010
vt 0.242480 0.624300
vt 0.251470 0.626010
vt 0.243920 0.615260
vt 0.252630 0.616930
vt 0.261050 0.618090
vt 0.253940 0.607760
vt 0.262090 0.608840
vt 0.270020 0.609590
vt 0.263140 0.599520
vt 0.270920 0.600250
vt 0.278530 0.600670
vt 0.277830 0.609980
vt 0.286030 0.600840
vt 0.285440 0.610140
vt 0.293420 0.600870
vt 0.292890 0.610160
vt 0.455080 0.815370
vt 0.447380 0.820740
vt 0.438690 0.814740
vt 0.439320 0.825870
vt 0.430420 0.819430
vt 0.430770 0.830850
vt 0.421740 0.824020
vt 0.421940 0.835930
vt 0.412690 0.828660
vt 0.412940 0.841200
vt 0.403400 0.833420
vt 0.403610 0.846490
vt 0.393710 0.838120
vt 0.393660 0.851430
vt 0.383290 0.842350
vt 0.383110 0.856030
vt 0.372140 0.846160
vt 0.372530 0.860780
vt 0.360710 0.849930
vt 0.362790 0.866310
vt 0.349830 0.854190
vt 0.354120 0.872730
vt 0.340020 0.859160
vt 0.346290 0.879850
vt 0.331230 0.864910
vt 0.103940 0.651700
vt 0.339230 0.887760
vt 0.323420 0.871580
vt 0.120690 0.670120
vt 0.111030 0.644550
vt 0.127420 0.662860
vt 0.117670 0.638020
vt 0.133180 0.655600
vt 0.123770 0.631650
vt 0.138310 0.648300
vt 0.129510 0.625490
vt 0.143100 0.641100
vt 0.134960 0.619480
vt 0.147640 0.633920
vt 0.140170 0.613560
vt 0.151970 0.626730
vt 0.164160 0.638900
vt 0.156200 0.619650
vt 0.167340 0.630260
vt 0.178640 0.639440
vt 0.170610 0.621910
vt 0.180930 0.629910
vt 0.191220 0.636560
vt 0.183450 0.620680
vt 0.193000 0.626610
vt 0.202540 0.631460
vt 0.195120 0.616980
vt 0.204160 0.621530
vt 0.213320 0.625370
vt 0.206210 0.611960
vt 0.215080 0.615810
vt 0.224140 0.619200
vt 0.217280 0.606600
vt 0.226110 0.610060
vt 0.235030 0.613010
vt 0.228460 0.601120
vt 0.237070 0.603990
vt 0.245560 0.606210
vt 0.239230 0.594860
vt 0.247270 0.596940
vt 0.255210 0.598500
vt 0.248670 0.587430
vt 0.256290 0.589000
vt 0.263830 0.590150
vt 0.256620 0.579290
vt 0.264100 0.580530
vt 0.271570 0.581440
vt 0.271440 0.590870
vt 0.279050 0.582030
vt 0.278970 0.591360
vt 0.286510 0.582350
vt 0.286460 0.591580
vt 0.293920 0.582420
vt 0.293840 0.591620
vt 0.301220 0.582280
vt 0.301100 0.591560
vt 0.479840 0.819190
vt 0.472960 0.825490
vt 0.463800 0.820610
vt 0.465770 0.831700
vt 0.456410 0.826420
vt 0.458000 0.837760
vt 0.448500 0.832010
vt 0.449780 0.843700
vt 0.440100 0.837450
vt 0.441450 0.849720
vt 0.431500 0.842970
vt 0.433120 0.855930
vt 0.422830 0.848720
vt 0.424620 0.862250
vt 0.413920 0.854550
vt 0.415750 0.868470
vt 0.404500 0.860170
vt 0.406480 0.874490
vt 0.394580 0.865490
vt 0.397480 0.880780
vt 0.384800 0.871070
vt 0.389460 0.887960
vt 0.376010 0.877550
vt 0.382340 0.896080
vt 0.368230 0.884970
vt 0.375810 0.904900
vt 0.361170 0.893070
vt 0.075880 0.615120
vt 0.369690 0.914260
vt 0.354730 0.901830
vt 0.088970 0.633450
vt 0.083910 0.608100
vt 0.096620 0.626290
vt 0.091530 0.602110
vt 0.103890 0.620180
vt 0.098700 0.596810
vt 0.110650 0.614490
vt 0.105510 0.592000
vt 0.117010 0.609080
vt 0.112070 0.587550
vt 0.123100 0.603940
vt 0.118480 0.583510
vt 0.129010 0.599010
vt 0.124800 0.579720
vt 0.134790 0.594140
vt 0.145270 0.607760
vt 0.140410 0.589330
vt 0.150220 0.601560
vt 0.160360 0.612600
vt 0.155020 0.595390
vt 0.164400 0.605100
vt 0.173940 0.613670
vt 0.168410 0.597630
vt 0.177240 0.605120
vt 0.186180 0.611640
vt 0.180670 0.596670
vt 0.189050 0.602480
vt 0.197570 0.607610
vt 0.192180 0.593460
vt 0.200300 0.598270
vt 0.208660 0.602700
vt 0.203310 0.589140
vt 0.211430 0.593570
vt 0.219860 0.597670
vt 0.214500 0.584770
vt 0.222770 0.588840
vt 0.231040 0.592210
vt 0.225460 0.580030
vt 0.233350 0.582980
vt 0.241020 0.585450
vt 0.234250 0.573290
vt 0.241670 0.575520
vt 0.249070 0.577660
vt 0.241130 0.565260
vt 0.248660 0.567440
vt 0.256040 0.569380
vt 0.247720 0.557190
vt 0.255260 0.559190
vt 0.262690 0.560890
vt 0.263540 0.570790
vt 0.270190 0.562250
vt 0.271070 0.571900
vt 0.277750 0.563210
vt 0.278610 0.572640
vt 0.285330 0.563840
vt 0.286110 0.573100
vt 0.292880 0.564140
vt 0.293580 0.573260
vt 0.300370 0.564080
vt 0.300990 0.573130
vt 0.307760 0.563760
vt 0.504540 0.820810
vt 0.498360 0.827670
vt 0.488930 0.823550
vt 0.491990 0.834560
vt 0.482370 0.830130
vt 0.485070 0.841430
vt 0.475350 0.836670
vt 0.477550 0.848260
vt 0.467710 0.843130
vt 0.469760 0.855130
vt 0.459680 0.849570
vt 0.462110 0.862150
vt 0.451640 0.856120
vt 0.454610 0.869350
vt 0.443700 0.862840
vt 0.447050 0.876670
vt 0.435660 0.869660
vt 0.439290 0.883960
vt 0.427320 0.876440
vt 0.431470 0.891230
vt 0.418760 0.883090
vt 0.424030 0.898690
vt 0.410560 0.889980
vt 0.417270 0.906750
vt 0.403210 0.897650
vt 0.411090 0.915560
vt 0.396600 0.906190
vt 0.405370 0.925090
vt 0.390480 0.915460
vt 0.052990 0.578760
vt 0.399950 0.935140
vt 0.063770 0.596970
vt 0.384670 0.925230
vt 0.061910 0.572320
vt 0.072440 0.590140
vt 0.070120 0.566290
vt 0.080390 0.584130
vt 0.077890 0.561100
vt 0.087860 0.578970
vt 0.085380 0.556800
vt 0.095010 0.574520
vt 0.092680 0.553260
vt 0.101950 0.570600
vt 0.099850 0.550330
vt 0.108770 0.567190
vt 0.106910 0.547900
vt 0.115510 0.564160
vt 0.113850 0.545850
vt 0.122130 0.561330
vt 0.130980 0.576050
vt 0.128560 0.558570
vt 0.137000 0.572080
vt 0.145860 0.584500
vt 0.142790 0.568060
vt 0.151120 0.579150
vt 0.159700 0.589140
vt 0.156230 0.573720
vt 0.164230 0.582390
vt 0.172410 0.590110
vt 0.168720 0.575520
vt 0.176410 0.582200
vt 0.184240 0.588230
vt 0.180490 0.574210
vt 0.187940 0.579520
vt 0.195510 0.584510
vt 0.191660 0.570730
vt 0.198950 0.575420
vt 0.206510 0.580220
vt 0.201990 0.566520
vt 0.209540 0.571410
vt 0.217370 0.576180
vt 0.211170 0.562410
vt 0.218860 0.567010
vt 0.226510 0.570630
vt 0.218340 0.556560
vt 0.225960 0.560040
vt 0.233490 0.562980
vt 0.225000 0.549340
vt 0.232600 0.552340
vt 0.240040 0.555010
vt 0.231650 0.541780
vt 0.239150 0.544540
vt 0.246570 0.547050
vt 0.238060 0.533990
vt 0.245560 0.536550
vt 0.253010 0.538840
vt 0.254180 0.549080
vt 0.260510 0.540800
vt 0.261700 0.550900
vt 0.268060 0.542530
vt 0.269220 0.552470
vt 0.275710 0.544010
vt 0.276810 0.553710
vt 0.283310 0.545090
vt 0.284420 0.554560
vt 0.290920 0.545740
vt 0.292020 0.555000
vt 0.298510 0.545900
vt 0.299580 0.555030
vt 0.306030 0.545670
vt 0.307040 0.554750
vt 0.313480 0.545240
vt 0.529160 0.820350
vt 0.523460 0.827800
vt 0.513870 0.824490
vt 0.517640 0.835310
vt 0.507960 0.831630
vt 0.511410 0.842880
vt 0.501660 0.838850
vt 0.504690 0.850450
vt 0.494810 0.846060
vt 0.497620 0.857990
vt 0.487460 0.853260
vt 0.490690 0.865580
vt 0.480010 0.860520
vt 0.484100 0.873300
vt 0.472850 0.867930
vt 0.477660 0.881180
vt 0.465870 0.875510
vt 0.471210 0.889210
vt 0.458870 0.883220
vt 0.464700 0.897370
vt 0.451750 0.890990
vt 0.458270 0.905670
vt 0.444670 0.898780
vt 0.452180 0.914200
vt 0.437940 0.906780
vt 0.446550 0.923090
vt 0.431730 0.915240
vt 0.441420 0.932460
vt 0.426030 0.924300
vt 0.436830 0.942350
vt 0.420820 0.933990
vt 0.432650 0.952770
vt 0.034130 0.541920
vt 0.415970 0.944200
vt 0.042900 0.560580
vt 0.043540 0.536210
vt 0.052200 0.554430
vt 0.052460 0.530730
vt 0.060760 0.548550
vt 0.061020 0.525780
vt 0.068920 0.543390
vt 0.069230 0.521500
vt 0.076770 0.539140
vt 0.077140 0.518180
vt 0.084390 0.535760
vt 0.084890 0.515830
vt 0.091850 0.533170
vt 0.092550 0.514250
vt 0.099220 0.531170
vt 0.100090 0.513190
vt 0.106470 0.529660
vt 0.107460 0.512540
vt 0.113590 0.528450
vt 0.120650 0.544050
vt 0.120440 0.527300
vt 0.127250 0.542000
vt 0.134770 0.555760
vt 0.133580 0.539910
vt 0.140760 0.552400
vt 0.148370 0.563870
vt 0.146500 0.548920
vt 0.153700 0.559000
vt 0.161150 0.567990
vt 0.158740 0.553920
vt 0.165810 0.561530
vt 0.173140 0.568360
vt 0.170040 0.554800
vt 0.177230 0.560680
vt 0.184440 0.566010
vt 0.180070 0.552660
vt 0.187210 0.557420
vt 0.194510 0.561880
vt 0.188250 0.548370
vt 0.195750 0.552850
vt 0.203390 0.557590
vt 0.195580 0.543230
vt 0.203130 0.547800
vt 0.210610 0.552430
vt 0.202430 0.537550
vt 0.209940 0.541870
vt 0.217320 0.545950
vt 0.209140 0.531250
vt 0.216610 0.535150
vt 0.223960 0.538770
vt 0.215750 0.524350
vt 0.223160 0.527890
vt 0.230480 0.531210
vt 0.222200 0.516910
vt 0.229590 0.520170
vt 0.236850 0.523300
vt 0.228510 0.508950
vt 0.235860 0.512050
vt 0.243160 0.514870
vt 0.244350 0.525910
vt 0.250530 0.517380
vt 0.251810 0.528320
vt 0.257920 0.519650
vt 0.259270 0.530430
vt 0.265340 0.521660
vt 0.266770 0.532290
vt 0.272780 0.523360
vt 0.274310 0.533880
vt 0.280240 0.524760
vt 0.281890 0.535150
vt 0.287760 0.525800
vt 0.289550 0.536100
vt 0.295260 0.526430
vt 0.297110 0.536470
vt 0.302810 0.526700
vt 0.304660 0.536400
vt 0.310490 0.526700
vt 0.312230 0.536100
vt 0.318130 0.526390
vt 0.319740 0.535610
vt 0.325750 0.525860
vt 0.548200 0.825040
vt 0.538620 0.822950
vt 0.542870 0.833250
vt 0.533120 0.830750
vt 0.537330 0.841500
vt 0.527410 0.838630
vt 0.531490 0.849770
vt 0.521320 0.846560
vt 0.525450 0.857990
vt 0.514860 0.854480
vt 0.519460 0.866130
vt 0.508280 0.862320
vt 0.513710 0.874260
vt 0.501950 0.870170
vt 0.508140 0.882500
vt 0.495900 0.878170
vt 0.502630 0.890930
vt 0.489950 0.886330
vt 0.497160 0.899530
vt 0.483990 0.894670
vt 0.491760 0.908320
vt 0.478040 0.903160
vt 0.486560 0.917310
vt 0.472220 0.911840
vt 0.481760 0.926580
vt 0.466770 0.920810
vt 0.477540 0.936220
vt 0.461790 0.930110
vt 0.473940 0.946210
vt 0.457390 0.939810
vt 0.470880 0.956590
vt 0.453580 0.949920
vt 0.468080 0.967350
vt 0.019580 0.503650
vt 0.026180 0.522870
vt 0.450190 0.960430
vt 0.029600 0.499030
vt 0.035970 0.517710
vt 0.039260 0.494540
vt 0.045290 0.512720
vt 0.048540 0.490320
vt 0.054240 0.508120
vt 0.057460 0.486420
vt 0.062810 0.503960
vt 0.066070 0.483220
vt 0.071060 0.500630
vt 0.074510 0.481240
vt 0.079130 0.498490
vt 0.082770 0.480350
vt 0.087070 0.497270
vt 0.090820 0.480150
vt 0.094880 0.496670
vt 0.098580 0.480240
vt 0.102490 0.496400
vt 0.106010 0.480450
vt 0.109800 0.496240
vt 0.114530 0.512020
vt 0.116770 0.496110
vt 0.121370 0.511320
vt 0.127000 0.526160
vt 0.127890 0.510680
vt 0.133350 0.524740
vt 0.139640 0.537640
vt 0.139430 0.523270
vt 0.145450 0.535050
vt 0.151940 0.545290
vt 0.150810 0.532360
vt 0.156850 0.540990
vt 0.163280 0.548460
vt 0.160760 0.535860
vt 0.166860 0.542090
vt 0.173200 0.547470
vt 0.168530 0.533940
vt 0.174600 0.538790
vt 0.181110 0.543730
vt 0.174850 0.529090
vt 0.181320 0.533930
vt 0.188130 0.538700
vt 0.181070 0.523670
vt 0.187900 0.528450
vt 0.194930 0.533150
vt 0.187450 0.517880
vt 0.194480 0.522560
vt 0.201580 0.527120
vt 0.193920 0.511690
vt 0.201050 0.516220
vt 0.208200 0.520570
vt 0.200390 0.505040
vt 0.207550 0.509360
vt 0.214690 0.513450
vt 0.206800 0.497830
vt 0.213950 0.501910
vt 0.221040 0.505740
vt 0.213130 0.490000
vt 0.220190 0.493820
vt 0.227200 0.497430
vt 0.219420 0.481570
vt 0.226380 0.485190
vt 0.233390 0.488500
vt 0.234530 0.500480
vt 0.240530 0.491460
vt 0.241830 0.503360
vt 0.247730 0.494200
vt 0.249140 0.505990
vt 0.254960 0.496750
vt 0.256460 0.508410
vt 0.262210 0.499060
vt 0.263800 0.510560
vt 0.269530 0.501120
vt 0.271180 0.512410
vt 0.276880 0.502900
vt 0.278590 0.513960
vt 0.284300 0.504370
vt 0.286020 0.515170
vt 0.291760 0.505550
vt 0.293460 0.516080
vt 0.299290 0.506450
vt 0.300980 0.516670
vt 0.306930 0.507080
vt 0.308620 0.516960
vt 0.314630 0.507470
vt 0.316320 0.516990
vt 0.322420 0.507590
vt 0.324100 0.516740
vt 0.330400 0.507490
vt 0.572420 0.818920
vt 0.562880 0.818080
vt 0.567610 0.827690
vt 0.557840 0.826600
vt 0.562780 0.836560
vt 0.552740 0.835200
vt 0.557850 0.845470
vt 0.547470 0.843820
vt 0.552840 0.854350
vt 0.542000 0.852400
vt 0.547860 0.863140
vt 0.536470 0.860910
vt 0.542980 0.871880
vt 0.531070 0.869340
vt 0.538210 0.880650
vt 0.525830 0.877790
vt 0.533540 0.889490
vt 0.520710 0.886330
vt 0.528960 0.898460
vt 0.515650 0.895000
vt 0.524490 0.907570
vt 0.510680 0.903840
vt 0.520210 0.916850
vt 0.505850 0.912870
vt 0.516250 0.926330
vt 0.501280 0.922110
vt 0.512760 0.936050
vt 0.497130 0.931620
vt 0.509920 0.946090
vt 0.493620 0.941490
vt 0.507720 0.956530
vt 0.490770 0.951730
vt 0.505940 0.967380
vt 0.488390 0.962350
vt 0.009460 0.465610
vt 0.504390 0.978630
vt 0.486230 0.973280
vt 0.013900 0.484560
vt 0.020050 0.461690
vt 0.024280 0.480340
vt 0.030300 0.458000
vt 0.034260 0.476290
vt 0.040260 0.454590
vt 0.043870 0.472450
vt 0.049960 0.451520
vt 0.053170 0.468910
vt 0.059430 0.449090
vt 0.062220 0.466040
vt 0.068630 0.447620
vt 0.071060 0.464310
vt 0.077420 0.447050
vt 0.079600 0.463640
vt 0.085810 0.447310
vt 0.087830 0.463710
vt 0.093860 0.448010
vt 0.095730 0.464090
vt 0.101590 0.448880
vt 0.103310 0.464620
vt 0.109050 0.450000
vt 0.110650 0.465320
vt 0.113150 0.480780
vt 0.117790 0.466280
vt 0.120150 0.481160
vt 0.123460 0.496060
vt 0.126970 0.481740
vt 0.130020 0.495980
vt 0.134120 0.510100
vt 0.136440 0.496220
vt 0.140230 0.509570
vt 0.145170 0.521940
vt 0.142980 0.497620
vt 0.133700 0.482640
vt 0.140620 0.484370
vt 0.147630 0.487780
vt 0.149590 0.500120
vt 0.154570 0.492200
vt 0.156040 0.504030
vt 0.161270 0.497300
vt 0.162280 0.508740
vt 0.162930 0.519500
vt 0.168370 0.513730
vt 0.168730 0.524270
vt 0.162810 0.528730
vt 0.174480 0.518810
vt 0.167740 0.502630
vt 0.174160 0.507880
vt 0.180550 0.513070
vt 0.173820 0.496480
vt 0.180360 0.501810
vt 0.186870 0.506990
vt 0.180050 0.490120
vt 0.186660 0.495380
vt 0.193240 0.500490
vt 0.186460 0.483330
vt 0.193060 0.488490
vt 0.199650 0.493480
vt 0.193000 0.476040
vt 0.199530 0.481080
vt 0.206050 0.485890
vt 0.199680 0.468290
vt 0.206050 0.473110
vt 0.212470 0.477700
vt 0.206510 0.460040
vt 0.212750 0.464680
vt 0.219000 0.469030
vt 0.213630 0.451520
vt 0.219690 0.455920
vt 0.225860 0.459950
vt 0.225710 0.472720
vt 0.232310 0.463570
vt 0.232540 0.476130
vt 0.238950 0.466870
vt 0.239490 0.479240
vt 0.245760 0.469890
vt 0.246530 0.482110
vt 0.252700 0.472730
vt 0.253650 0.484800
vt 0.259750 0.475430
vt 0.260820 0.487290
vt 0.266910 0.477980
vt 0.268050 0.489580
vt 0.274200 0.480390
vt 0.275390 0.491660
vt 0.281610 0.482570
vt 0.282810 0.493450
vt 0.289160 0.484460
vt 0.290320 0.494970
vt 0.296820 0.486090
vt 0.297910 0.496210
vt 0.304580 0.487400
vt 0.305590 0.497180
vt 0.312390 0.488430
vt 0.313320 0.497920
vt 0.320220 0.489200
vt 0.321090 0.498390
vt 0.328130 0.489680
vt 0.329060 0.498600
vt 0.336130 0.489910
vt 0.337160 0.498620
vt 0.591710 0.819880
vt 0.582020 0.819520
vt 0.587390 0.828980
vt 0.577460 0.828480
vt 0.583150 0.838210
vt 0.572920 0.837540
vt 0.579000 0.847510
vt 0.568380 0.846670
vt 0.574950 0.856810
vt 0.563860 0.855780
vt 0.570970 0.866080
vt 0.559390 0.864830
vt 0.567060 0.875340
vt 0.555010 0.873860
vt 0.563210 0.884660
vt 0.550700 0.882910
vt 0.559440 0.894070
vt 0.546480 0.892070
vt 0.555820 0.903620
vt 0.542380 0.901330
vt 0.552380 0.913300
vt 0.538420 0.910740
vt 0.549250 0.923130
vt 0.534710 0.920290
vt 0.546530 0.933120
vt 0.531360 0.930010
vt 0.544320 0.943300
vt 0.528530 0.939940
vt 0.542680 0.953750
vt 0.526300 0.950170
vt 0.541550 0.964540
vt 0.524670 0.960780
vt 0.540870 0.975750
vt 0.523490 0.971790
vt 0.003950 0.427690
vt 0.540580 0.987380
vt 0.006100 0.446670
vt 0.522670 0.983140
vt 0.015040 0.424220
vt 0.016950 0.442990
vt 0.025940 0.421350
vt 0.027510 0.439660
vt 0.036590 0.418930
vt 0.037840 0.436740
vt 0.046980 0.416960
vt 0.047920 0.434210
vt 0.057080 0.415620
vt 0.057740 0.432290
vt 0.066820 0.414810
vt 0.067250 0.431110
vt 0.076110 0.414500
vt 0.076300 0.430650
vt 0.084850 0.414960
vt 0.084880 0.431060
vt 0.093110 0.416120
vt 0.093050 0.432040
vt 0.100990 0.417580
vt 0.100870 0.433250
vt 0.108540 0.419400
vt 0.108400 0.434740
vt 0.115860 0.421830
vt 0.115770 0.436710
vt 0.116300 0.451510
vt 0.123080 0.439220
vt 0.123600 0.453340
vt 0.124770 0.467540
vt 0.130900 0.455640
vt 0.131850 0.469110
vt 0.138250 0.458690
vt 0.139030 0.471490
vt 0.145610 0.462900
vt 0.146300 0.475350
vt 0.152900 0.467790
vt 0.153490 0.480070
vt 0.159990 0.473230
vt 0.160470 0.485400
vt 0.166800 0.478930
vt 0.167180 0.490990
vt 0.173310 0.484710
vt 0.166820 0.466550
vt 0.173460 0.472280
vt 0.179760 0.478060
vt 0.173740 0.459640
vt 0.180210 0.465260
vt 0.186390 0.470870
vt 0.180830 0.452300
vt 0.187170 0.457750
vt 0.193250 0.463270
vt 0.188130 0.444670
vt 0.194360 0.450030
vt 0.200290 0.455220
vt 0.195650 0.436740
vt 0.201710 0.441810
vt 0.207510 0.446880
vt 0.203370 0.428600
vt 0.209330 0.433490
vt 0.215010 0.438340
vt 0.211440 0.420370
vt 0.217320 0.425040
vt 0.223020 0.429580
vt 0.220930 0.442770
vt 0.228750 0.433860
vt 0.226840 0.446990
vt 0.234570 0.437890
vt 0.232970 0.450830
vt 0.240460 0.441660
vt 0.239250 0.454350
vt 0.246580 0.445150
vt 0.245720 0.457590
vt 0.252890 0.448490
vt 0.252380 0.460640
vt 0.259410 0.451740
vt 0.259230 0.463580
vt 0.266180 0.454920
vt 0.266250 0.466430
vt 0.273180 0.458020
vt 0.273450 0.469150
vt 0.280430 0.461000
vt 0.280820 0.471730
vt 0.287930 0.463780
vt 0.288390 0.474060
vt 0.295650 0.466230
vt 0.296110 0.476100
vt 0.303520 0.468270
vt 0.303950 0.477780
vt 0.311520 0.469830
vt 0.311870 0.479080
vt 0.319600 0.471010
vt 0.319820 0.480060
vt 0.327540 0.471790
vt 0.327690 0.480730
vt 0.335370 0.472300
vt 0.335570 0.481130
vt 0.343190 0.472550
vt 0.343490 0.481250
vt 0.351050 0.472570
vt 0.615340 0.810550
vt 0.605630 0.810910
vt 0.611360 0.819780
vt 0.601490 0.819990
vt 0.607480 0.829150
vt 0.597400 0.829230
vt 0.603810 0.838640
vt 0.593440 0.838590
vt 0.600390 0.848220
vt 0.589680 0.848030
vt 0.597210 0.857830
vt 0.586070 0.857500
vt 0.594160 0.867440
vt 0.582560 0.866960
vt 0.591150 0.877050
vt 0.579100 0.876410
vt 0.588160 0.886740
vt 0.575690 0.885930
vt 0.585250 0.896560
vt 0.572360 0.895570
vt 0.582510 0.906540
vt 0.569190 0.905340
vt 0.580080 0.916690
vt 0.566280 0.915290
vt 0.578060 0.927020
vt 0.563720 0.925380
vt 0.576510 0.937510
vt 0.561600 0.935620
vt 0.575500 0.948190
vt 0.560000 0.946060
vt 0.574910 0.959110
vt 0.558900 0.956750
vt 0.574650 0.970380
vt 0.558240 0.967760
vt 0.574640 0.982070
vt 0.557950 0.979170
vt 0.575000 0.994260
vt 0.001950 0.389340
vt 0.002470 0.408570
vt 0.558120 0.990990
vt 0.013890 0.386730
vt 0.014020 0.405460
vt 0.025610 0.384920
vt 0.025340 0.403100
vt 0.036980 0.383560
vt 0.036350 0.401210
vt 0.047890 0.382600
vt 0.047010 0.399810
vt 0.058260 0.382130
vt 0.057260 0.398990
vt 0.068100 0.382050
vt 0.067060 0.398590
vt 0.077520 0.382340
vt 0.076420 0.398490
vt 0.086530 0.383180
vt 0.085360 0.398990
vt 0.095110 0.384610
vt 0.093800 0.400250
vt 0.103250 0.386460
vt 0.101810 0.401920
vt 0.111020 0.388710
vt 0.109420 0.404000
vt 0.118380 0.391660
vt 0.116720 0.406800
vt 0.125380 0.395600
vt 0.123930 0.410360
vt 0.123070 0.424970
vt 0.131120 0.414720
vt 0.130520 0.428610
vt 0.130390 0.442260
vt 0.138030 0.432800
vt 0.137900 0.445830
vt 0.145450 0.437630
vt 0.145320 0.450340
vt 0.152820 0.442820
vt 0.152670 0.455370
vt 0.160030 0.448280
vt 0.159840 0.460850
vt 0.166840 0.454070
vt 0.160580 0.435560
vt 0.167580 0.441160
vt 0.174120 0.446900
vt 0.168290 0.428250
vt 0.175150 0.433800
vt 0.181560 0.439390
vt 0.176130 0.420780
vt 0.182890 0.426220
vt 0.189200 0.431660
vt 0.184150 0.413250
vt 0.190820 0.418520
vt 0.197030 0.423730
vt 0.192400 0.405720
vt 0.199010 0.410740
vt 0.205180 0.415710
vt 0.200980 0.398120
vt 0.207540 0.402910
vt 0.213660 0.407640
vt 0.209960 0.390590
vt 0.216500 0.395140
vt 0.222690 0.399590
vt 0.219780 0.412100
vt 0.228690 0.403970
vt 0.225640 0.416560
vt 0.234500 0.408220
vt 0.231370 0.420850
vt 0.240170 0.412270
vt 0.237030 0.424950
vt 0.245690 0.416300
vt 0.242670 0.428900
vt 0.251250 0.420310
vt 0.248460 0.432660
vt 0.256880 0.424270
vt 0.254400 0.436320
vt 0.262680 0.428230
vt 0.260550 0.439930
vt 0.268700 0.432140
vt 0.266950 0.443470
vt 0.274970 0.435970
vt 0.273640 0.446970
vt 0.281560 0.439670
vt 0.280640 0.450340
vt 0.288500 0.443170
vt 0.287940 0.453510
vt 0.295760 0.446330
vt 0.295510 0.456350
vt 0.303330 0.449020
vt 0.303320 0.458710
vt 0.311110 0.451150
vt 0.311260 0.460540
vt 0.319100 0.452720
vt 0.319340 0.461890
vt 0.327260 0.453780
vt 0.327450 0.462800
vt 0.335310 0.454430
vt 0.335360 0.463380
vt 0.343220 0.454930
vt 0.343180 0.463750
vt 0.351100 0.455280
vt 0.351000 0.463940
vt 0.359000 0.455430
vt 0.634930 0.808750
vt 0.625110 0.809830
vt 0.631230 0.818290
vt 0.621280 0.819220
vt 0.627750 0.827950
vt 0.617610 0.828740
vt 0.624590 0.837680
vt 0.614200 0.838350
vt 0.621850 0.847470
vt 0.611110 0.848050
vt 0.619470 0.857290
vt 0.608350 0.857780
vt 0.617300 0.867140
vt 0.605750 0.867520
vt 0.615140 0.877050
vt 0.603180 0.877290
vt 0.612950 0.887030
vt 0.600590 0.887120
vt 0.610800 0.897130
vt 0.598060 0.897090
vt 0.608830 0.907400
vt 0.595720 0.907230
vt 0.607240 0.917830
vt 0.593720 0.917560
vt 0.606180 0.928450
vt 0.592190 0.928080
vt 0.605740 0.939240
vt 0.591210 0.938770
vt 0.605760 0.950200
vt 0.590730 0.949630
vt 0.606000 0.961450
vt 0.590580 0.960740
vt 0.606370 0.973070
vt 0.590660 0.972250
vt 0.606810 0.985250
vt 0.590920 0.984220
vt 0.607260 0.998040
vt 0.002820 0.350420
vt 0.591400 0.996720
vt 0.001960 0.369770
vt 0.015660 0.349970
vt 0.014540 0.368130
vt 0.028260 0.349640
vt 0.026720 0.367050
vt 0.040440 0.349210
vt 0.038460 0.366180
vt 0.052050 0.348890
vt 0.049640 0.365540
vt 0.062970 0.348950
vt 0.060230 0.365340
vt 0.073250 0.349450
vt 0.070250 0.365600
vt 0.082930 0.350350
vt 0.079770 0.366250
vt 0.092030 0.351720
vt 0.088790 0.367420
vt 0.100580 0.353650
vt 0.097340 0.369110
vt 0.108680 0.356000
vt 0.105500 0.371220
vt 0.116420 0.358670
vt 0.113320 0.373650
vt 0.123820 0.361810
vt 0.120750 0.376670
vt 0.130800 0.365840
vt 0.127780 0.380730
vt 0.137310 0.371050
vt 0.134550 0.385920
vt 0.132310 0.400520
vt 0.141260 0.391660
vt 0.139540 0.405860
vt 0.138410 0.419610
vt 0.146760 0.411390
vt 0.145850 0.424720
vt 0.153970 0.417010
vt 0.153240 0.430090
vt 0.161030 0.422750
vt 0.155060 0.403540
vt 0.162120 0.409410
vt 0.168950 0.415320
vt 0.163390 0.395830
vt 0.170310 0.401920
vt 0.177040 0.407880
vt 0.171880 0.388420
vt 0.178720 0.394640
vt 0.185380 0.400540
vt 0.180660 0.381450
vt 0.187410 0.387590
vt 0.194000 0.393210
vt 0.189750 0.374810
vt 0.196440 0.380650
vt 0.203060 0.385900
vt 0.199200 0.368370
vt 0.205880 0.373860
vt 0.212530 0.378790
vt 0.209060 0.362180
vt 0.215750 0.367360
vt 0.222550 0.371950
vt 0.219430 0.383170
vt 0.229280 0.376300
vt 0.225950 0.387520
vt 0.235730 0.380570
vt 0.232150 0.391870
vt 0.241880 0.384770
vt 0.238090 0.396140
vt 0.247790 0.388840
vt 0.243860 0.400240
vt 0.253510 0.392830
vt 0.249420 0.404260
vt 0.259050 0.396880
vt 0.254860 0.408280
vt 0.264430 0.401110
vt 0.260250 0.412440
vt 0.269710 0.405520
vt 0.265780 0.416740
vt 0.275060 0.410000
vt 0.271450 0.420990
vt 0.280530 0.414340
vt 0.277300 0.425090
vt 0.286190 0.418490
vt 0.283420 0.429050
vt 0.292200 0.422460
vt 0.289890 0.432790
vt 0.298490 0.426130
vt 0.296680 0.436230
vt 0.305120 0.429360
vt 0.303830 0.439210
vt 0.312130 0.432070
vt 0.311310 0.441620
vt 0.319550 0.434220
vt 0.319080 0.443460
vt 0.327310 0.435770
vt 0.327120 0.444710
vt 0.335310 0.436790
vt 0.335240 0.445520
vt 0.343530 0.437510
vt 0.343320 0.446130
vt 0.351690 0.438140
vt 0.351310 0.446640
vt 0.359770 0.438700
vt 0.359300 0.447000
vt 0.367880 0.439150
vt 0.367320 0.447240
vt 0.658170 0.795430
vt 0.648480 0.797630
vt 0.654590 0.805260
vt 0.644760 0.807220
vt 0.651170 0.815110
vt 0.641200 0.816930
vt 0.648050 0.825010
vt 0.637890 0.826740
vt 0.645410 0.834940
vt 0.635000 0.836570
vt 0.643320 0.844840
vt 0.632590 0.846420
vt 0.641610 0.854780
vt 0.630570 0.856300
vt 0.640130 0.864820
vt 0.628770 0.866250
vt 0.638740 0.875000
vt 0.627010 0.876300
vt 0.637350 0.885300
vt 0.625220 0.886440
vt 0.636040 0.895680
vt 0.623460 0.896690
vt 0.634960 0.906060
vt 0.621890 0.907030
vt 0.634290 0.916470
vt 0.620740 0.917480
vt 0.634200 0.926940
vt 0.620140 0.928070
vt 0.634750 0.937510
vt 0.620200 0.938800
vt 0.635670 0.948310
vt 0.620690 0.949740
vt 0.636670 0.959480
vt 0.621330 0.960980
vt 0.637570 0.971190
vt 0.621980 0.972650
vt 0.638280 0.983620
vt 0.622540 0.984950
vt 0.005430 0.312830
vt 0.638730 0.996890
vt 0.003600 0.331380
vt 0.622930 0.997990
vt 0.018730 0.315080
vt 0.016960 0.332320
vt 0.031990 0.316520
vt 0.030010 0.332810
vt 0.045060 0.317180
vt 0.042710 0.332900
vt 0.057660 0.317350
vt 0.054830 0.332840
vt 0.069440 0.317690
vt 0.066140 0.333090
vt 0.080430 0.318400
vt 0.076740 0.333730
vt 0.090680 0.319500
vt 0.086640 0.334760
vt 0.100180 0.321150
vt 0.095910 0.336260
vt 0.109040 0.323300
vt 0.104560 0.338330
vt 0.117320 0.325870
vt 0.112700 0.340830
vt 0.125090 0.328780
vt 0.120390 0.343680
vt 0.132370 0.332090
vt 0.127680 0.346950
vt 0.139160 0.335980
vt 0.134550 0.350900
vt 0.145450 0.340640
vt 0.140940 0.355810
vt 0.151180 0.346490
vt 0.146960 0.361820
vt 0.143610 0.377000
vt 0.152870 0.368330
vt 0.150060 0.383190
vt 0.147960 0.397660
vt 0.156410 0.389660
vt 0.158930 0.375050
vt 0.165010 0.381970
vt 0.162290 0.360220
vt 0.168040 0.367520
vt 0.173900 0.374830
vt 0.171950 0.353060
vt 0.177430 0.360820
vt 0.183110 0.368290
vt 0.181820 0.346890
vt 0.187080 0.354830
vt 0.192640 0.362150
vt 0.191920 0.341470
vt 0.197020 0.349310
vt 0.202550 0.356280
vt 0.202240 0.336610
vt 0.207270 0.344160
vt 0.212790 0.350770
vt 0.212770 0.332250
vt 0.217750 0.339500
vt 0.223280 0.345800
vt 0.219140 0.356420
vt 0.229810 0.350960
vt 0.225950 0.361260
vt 0.236690 0.355500
vt 0.232820 0.365670
vt 0.243510 0.359750
vt 0.239500 0.369880
vt 0.250130 0.363890
vt 0.245890 0.374000
vt 0.256510 0.367970
vt 0.252010 0.378050
vt 0.262610 0.372030
vt 0.257910 0.382070
vt 0.268430 0.376140
vt 0.263580 0.386200
vt 0.274010 0.380250
vt 0.269070 0.390420
vt 0.279350 0.384460
vt 0.274340 0.394760
vt 0.284450 0.388880
vt 0.279450 0.399260
vt 0.289410 0.393420
vt 0.284540 0.403750
vt 0.294390 0.397890
vt 0.289820 0.408070
vt 0.299540 0.402290
vt 0.295460 0.412250
vt 0.304900 0.406470
vt 0.301290 0.416160
vt 0.310580 0.410230
vt 0.307410 0.419650
vt 0.316610 0.413550
vt 0.313910 0.422670
vt 0.322980 0.416440
vt 0.320810 0.425170
vt 0.329780 0.418800
vt 0.328120 0.427100
vt 0.337220 0.420400
vt 0.335840 0.428400
vt 0.345350 0.421320
vt 0.344110 0.429210
vt 0.353690 0.422150
vt 0.352430 0.429930
vt 0.362030 0.422990
vt 0.360660 0.430650
vt 0.370330 0.423770
vt 0.368850 0.431300
vt 0.378530 0.424470
vt 0.377030 0.431940
vt 0.677230 0.790120
vt 0.667760 0.792920
vt 0.674050 0.800220
vt 0.664360 0.802910
vt 0.671060 0.810250
vt 0.661130 0.812880
vt 0.668390 0.820210
vt 0.658210 0.822830
vt 0.666200 0.830120
vt 0.655800 0.832790
vt 0.664610 0.840010
vt 0.653980 0.842720
vt 0.663440 0.850000
vt 0.652570 0.852710
vt 0.662510 0.860160
vt 0.651380 0.862820
vt 0.661750 0.870490
vt 0.650300 0.873120
vt 0.661220 0.880920
vt 0.649350 0.883520
vt 0.660980 0.891320
vt 0.648540 0.893950
vt 0.661100 0.901580
vt 0.648030 0.904310
vt 0.661580 0.911770
vt 0.647920 0.914620
vt 0.662610 0.921910
vt 0.648390 0.924930
vt 0.664120 0.932180
vt 0.649430 0.935340
vt 0.665790 0.942780
vt 0.650760 0.945980
vt 0.667210 0.953990
vt 0.652020 0.957090
vt 0.668400 0.965930
vt 0.653080 0.968880
vt 0.669460 0.978730
vt 0.653960 0.981470
vt 0.670410 0.992460
vt 0.011520 0.277500
vt 0.654580 0.994900
vt 0.007820 0.294880
vt 0.024720 0.281800
vt 0.021260 0.298240
vt 0.037920 0.284880
vt 0.034580 0.300570
vt 0.051090 0.286750
vt 0.047810 0.301840
vt 0.064170 0.287670
vt 0.060750 0.302320
vt 0.076850 0.288330
vt 0.073020 0.302780
vt 0.088760 0.289160
vt 0.084440 0.303550
vt 0.099780 0.290420
vt 0.095040 0.304720
vt 0.109920 0.292200
vt 0.104850 0.306460
vt 0.119260 0.294410
vt 0.113950 0.308660
vt 0.127930 0.297000
vt 0.122400 0.311250
vt 0.135990 0.299920
vt 0.130290 0.314170
vt 0.143510 0.303170
vt 0.137650 0.317460
vt 0.150460 0.306920
vt 0.144480 0.321250
vt 0.156830 0.311300
vt 0.150770 0.325730
vt 0.162560 0.316580
vt 0.156490 0.331220
vt 0.167540 0.323300
vt 0.161720 0.337990
vt 0.156560 0.353220
vt 0.166550 0.345430
vt 0.172290 0.330710
vt 0.176720 0.338750
vt 0.178820 0.316510
vt 0.183080 0.324580
vt 0.187090 0.333120
vt 0.190020 0.310870
vt 0.193880 0.319460
vt 0.197610 0.328260
vt 0.201200 0.306280
vt 0.204730 0.315240
vt 0.208250 0.324110
vt 0.212350 0.302660
vt 0.215600 0.311840
vt 0.219060 0.320550
vt 0.223390 0.300040
vt 0.226530 0.309150
vt 0.230140 0.317470
vt 0.223540 0.328340
vt 0.234550 0.324830
vt 0.228580 0.335170
vt 0.239670 0.331280
vt 0.234420 0.340970
vt 0.245980 0.336480
vt 0.241070 0.345790
vt 0.252750 0.341050
vt 0.247920 0.350190
vt 0.259560 0.345380
vt 0.254690 0.354410
vt 0.266280 0.349460
vt 0.261280 0.358500
vt 0.272770 0.353390
vt 0.267580 0.362530
vt 0.278950 0.357240
vt 0.273580 0.366520
vt 0.284810 0.361080
vt 0.279300 0.370490
vt 0.290330 0.365160
vt 0.284700 0.374590
vt 0.295530 0.369550
vt 0.289830 0.378960
vt 0.300500 0.374100
vt 0.294790 0.383510
vt 0.305330 0.378740
vt 0.299660 0.388110
vt 0.310100 0.383400
vt 0.304530 0.392690
vt 0.314880 0.387940
vt 0.309560 0.397100
vt 0.319880 0.392170
vt 0.314880 0.401140
vt 0.325180 0.395990
vt 0.320550 0.404750
vt 0.330860 0.399310
vt 0.326580 0.407890
vt 0.336910 0.402120
vt 0.332970 0.410520
vt 0.343440 0.404350
vt 0.339900 0.412440
vt 0.350650 0.406000
vt 0.347570 0.413670
vt 0.358380 0.407340
vt 0.355680 0.414700
vt 0.366450 0.408440
vt 0.363970 0.415650
vt 0.374660 0.409240
vt 0.372270 0.416460
vt 0.382770 0.409900
vt 0.380460 0.417150
vt 0.390740 0.410530
vt 0.695970 0.783820
vt 0.686630 0.787090
vt 0.693290 0.793860
vt 0.683680 0.797210
vt 0.690880 0.803830
vt 0.680980 0.807220
vt 0.688760 0.813700
vt 0.678580 0.817150
vt 0.687040 0.823470
vt 0.676620 0.826990
vt 0.685830 0.833220
vt 0.675230 0.836800
vt 0.685030 0.843080
vt 0.674260 0.846740
vt 0.684560 0.853090
vt 0.673550 0.856870
vt 0.684450 0.863180
vt 0.673120 0.867140
vt 0.684740 0.873270
vt 0.673010 0.877470
vt 0.685530 0.883290
vt 0.673320 0.887720
vt 0.686790 0.893220
vt 0.674050 0.897860
vt 0.688450 0.903110
vt 0.675160 0.907900
vt 0.690420 0.913080
vt 0.676690 0.917910
vt 0.692550 0.923340
vt 0.678550 0.928130
vt 0.694640 0.934160
vt 0.680440 0.938840
vt 0.696500 0.945690
vt 0.682080 0.950220
vt 0.698120 0.958050
vt 0.683460 0.962350
vt 0.699680 0.971300
vt 0.684730 0.975330
vt 0.701540 0.985310
vt 0.021290 0.244060
vt 0.015830 0.260550
vt 0.686020 0.989160
vt 0.034050 0.249860
vt 0.028970 0.265660
vt 0.046870 0.254150
vt 0.042020 0.269390
vt 0.059800 0.257180
vt 0.055080 0.271820
vt 0.072840 0.259240
vt 0.068180 0.273320
vt 0.085850 0.260630
vt 0.081090 0.274310
vt 0.098460 0.261820
vt 0.093430 0.275280
vt 0.110310 0.263200
vt 0.104890 0.276600
vt 0.121210 0.264930
vt 0.115400 0.278370
vt 0.131170 0.267110
vt 0.125030 0.280580
vt 0.140310 0.269730
vt 0.133900 0.283160
vt 0.148710 0.272700
vt 0.142120 0.286110
vt 0.156480 0.276050
vt 0.149770 0.289400
vt 0.163720 0.279820
vt 0.156890 0.293120
vt 0.170390 0.284110
vt 0.163390 0.297440
vt 0.176410 0.289130
vt 0.169210 0.302570
vt 0.181580 0.295310
vt 0.174210 0.309090
vt 0.185810 0.302810
vt 0.189270 0.282430
vt 0.193690 0.289670
vt 0.197370 0.297710
vt 0.201880 0.277040
vt 0.205670 0.285020
vt 0.208880 0.293610
vt 0.214080 0.273020
vt 0.217450 0.281530
vt 0.220270 0.290640
vt 0.226140 0.270060
vt 0.229030 0.279240
vt 0.231490 0.288740
vt 0.237880 0.268480
vt 0.240350 0.278050
vt 0.242710 0.287530
vt 0.234350 0.298110
vt 0.245430 0.296530
vt 0.237510 0.306880
vt 0.248610 0.304810
vt 0.241280 0.314780
vt 0.252390 0.312280
vt 0.245740 0.321800
vt 0.257510 0.318310
vt 0.251500 0.327390
vt 0.263640 0.323380
vt 0.258020 0.332170
vt 0.270200 0.327910
vt 0.264740 0.336590
vt 0.276900 0.332010
vt 0.271490 0.340670
vt 0.283590 0.335860
vt 0.278130 0.344520
vt 0.290120 0.339610
vt 0.284520 0.348280
vt 0.296380 0.343470
vt 0.290570 0.352090
vt 0.302230 0.347590
vt 0.296220 0.356180
vt 0.307660 0.351970
vt 0.301500 0.360570
vt 0.312750 0.356480
vt 0.306510 0.365100
vt 0.317580 0.361070
vt 0.311330 0.369740
vt 0.322240 0.365690
vt 0.316020 0.374410
vt 0.326880 0.370170
vt 0.320700 0.378950
vt 0.331550 0.374440
vt 0.325470 0.383230
vt 0.336300 0.378470
vt 0.330420 0.387180
vt 0.341260 0.382170
vt 0.335720 0.390680
vt 0.346570 0.385450
vt 0.341400 0.393740
vt 0.352330 0.388300
vt 0.347580 0.396290
vt 0.358670 0.390680
vt 0.354370 0.398340
vt 0.365580 0.392470
vt 0.361720 0.399950
vt 0.372980 0.393770
vt 0.369510 0.401180
vt 0.380710 0.394650
vt 0.377500 0.402000
vt 0.388550 0.395330
vt 0.385500 0.402650
vt 0.396310 0.396070
vt 0.393380 0.403310
vt 0.714630 0.776550
vt 0.705300 0.780320
vt 0.712460 0.786340
vt 0.702880 0.790240
vt 0.710510 0.796090
vt 0.700730 0.800090
vt 0.708860 0.805820
vt 0.698870 0.809890
vt 0.707590 0.815510
vt 0.697390 0.819630
vt 0.706730 0.825200
vt 0.696350 0.829350
vt 0.706330 0.834870
vt 0.695720 0.839130
vt 0.706430 0.844500
vt 0.695520 0.848960
vt 0.706970 0.854110
vt 0.695740 0.858790
vt 0.707990 0.863620
vt 0.696400 0.868610
vt 0.709540 0.873020
vt 0.697590 0.878340
vt 0.711530 0.882440
vt 0.699270 0.888040
vt 0.713880 0.892010
vt 0.701340 0.897780
vt 0.716470 0.901890
vt 0.703670 0.907690
vt 0.719120 0.912250
vt 0.706070 0.918000
vt 0.721640 0.923290
vt 0.708370 0.928920
vt 0.723920 0.935200
vt 0.710450 0.940650
vt 0.726080 0.947980
vt 0.712320 0.953280
vt 0.728530 0.961410
vt 0.714260 0.966670
vt 0.034650 0.212500
vt 0.731740 0.975200
vt 0.716700 0.980550
vt 0.027400 0.228020
vt 0.046750 0.219350
vt 0.039990 0.234410
vt 0.059100 0.224620
vt 0.052600 0.239230
vt 0.071590 0.228680
vt 0.065320 0.242820
vt 0.084260 0.231740
vt 0.078220 0.245400
vt 0.097110 0.233960
vt 0.091210 0.247200
vt 0.109900 0.235650
vt 0.103960 0.248630
vt 0.122180 0.237320
vt 0.116040 0.250130
vt 0.133670 0.239230
vt 0.127290 0.251920
vt 0.144320 0.241470
vt 0.137630 0.254110
vt 0.154080 0.244060
vt 0.147050 0.256710
vt 0.162960 0.247080
vt 0.155660 0.259700
vt 0.171050 0.250580
vt 0.163570 0.263130
vt 0.178480 0.254550
vt 0.170910 0.266990
vt 0.185330 0.259040
vt 0.177700 0.271350
vt 0.191580 0.264190
vt 0.183860 0.276400
vt 0.197070 0.270140
vt 0.199660 0.252550
vt 0.205330 0.258470
vt 0.210080 0.265190
vt 0.213700 0.247240
vt 0.218740 0.253850
vt 0.222630 0.261520
vt 0.227470 0.242930
vt 0.231810 0.250470
vt 0.234900 0.259200
vt 0.240710 0.240210
vt 0.244030 0.249080
vt 0.246720 0.258350
vt 0.253060 0.239500
vt 0.256010 0.248870
vt 0.258440 0.258380
vt 0.249280 0.267900
vt 0.260640 0.267860
vt 0.251530 0.277440
vt 0.262820 0.277040
vt 0.253920 0.286570
vt 0.265200 0.285670
vt 0.256630 0.295090
vt 0.268000 0.293540
vt 0.259820 0.302840
vt 0.271730 0.300250
vt 0.264240 0.309250
vt 0.276520 0.305930
vt 0.269750 0.314620
vt 0.282270 0.310860
vt 0.276000 0.319300
vt 0.288640 0.315240
vt 0.282590 0.323500
vt 0.295220 0.319340
vt 0.289260 0.327440
vt 0.301790 0.323350
vt 0.295860 0.331300
vt 0.308210 0.327490
vt 0.302250 0.335280
vt 0.314390 0.331790
vt 0.308290 0.339470
vt 0.320250 0.336160
vt 0.313940 0.343840
vt 0.325760 0.340500
vt 0.319200 0.348290
vt 0.330880 0.344850
vt 0.324110 0.352760
vt 0.335610 0.349330
vt 0.328780 0.357290
vt 0.340200 0.353800
vt 0.333390 0.361750
vt 0.344820 0.358070
vt 0.338020 0.366040
vt 0.349510 0.362060
vt 0.342720 0.370100
vt 0.354290 0.365760
vt 0.347520 0.373860
vt 0.359170 0.369160
vt 0.352510 0.377280
vt 0.364230 0.372190
vt 0.357860 0.380310
vt 0.369630 0.374710
vt 0.363670 0.382840
vt 0.375440 0.376760
vt 0.370040 0.384790
vt 0.381760 0.378380
vt 0.376990 0.386180
vt 0.388680 0.379590
vt 0.384370 0.387170
vt 0.396010 0.380660
vt 0.391980 0.387960
vt 0.403520 0.381860
vt 0.399620 0.388860
vt 0.733010 0.768380
vt 0.723890 0.772540
vt 0.731300 0.777990
vt 0.721960 0.782260
vt 0.729740 0.787560
vt 0.720190 0.791920
vt 0.728470 0.797070
vt 0.718730 0.801530
vt 0.727550 0.806530
vt 0.717620 0.811130
vt 0.727070 0.815940
vt 0.716960 0.820710
vt 0.727180 0.825240
vt 0.716820 0.830230
vt 0.727870 0.834440
vt 0.717220 0.839660
vt 0.729070 0.843530
vt 0.718100 0.849020
vt 0.730850 0.852450
vt 0.719510 0.858230
vt 0.733050 0.861340
vt 0.721380 0.867350
vt 0.735540 0.870330
vt 0.723630 0.876540
vt 0.738230 0.879590
vt 0.726160 0.885950
vt 0.741000 0.889420
vt 0.728890 0.895780
vt 0.743950 0.899940
vt 0.731740 0.906210
vt 0.746890 0.911270
vt 0.734490 0.917410
vt 0.749770 0.923400
vt 0.737030 0.929480
vt 0.752730 0.936140
vt 0.739540 0.942290
vt 0.756210 0.949180
vt 0.742500 0.955540
vt 0.760820 0.962240
vt 0.051500 0.182840
vt 0.042540 0.197400
vt 0.746340 0.968920
vt 0.062810 0.190270
vt 0.054330 0.204630
vt 0.074450 0.196220
vt 0.066360 0.210280
vt 0.086380 0.201040
vt 0.078600 0.214730
vt 0.098540 0.204830
vt 0.091010 0.218200
vt 0.110870 0.207830
vt 0.103630 0.220840
vt 0.123400 0.210190
vt 0.116350 0.222860
vt 0.135700 0.212410
vt 0.128700 0.224750
vt 0.147510 0.214730
vt 0.140390 0.226840
vt 0.158650 0.217190
vt 0.151300 0.229160
vt 0.168950 0.219930
vt 0.161350 0.231800
vt 0.178330 0.223100
vt 0.170490 0.234880
vt 0.186820 0.226790
vt 0.178800 0.238470
vt 0.194540 0.231030
vt 0.186380 0.242570
vt 0.201540 0.235870
vt 0.193310 0.247260
vt 0.207860 0.241270
vt 0.210000 0.224800
vt 0.216430 0.230250
vt 0.222160 0.236270
vt 0.225050 0.219390
vt 0.230910 0.225610
vt 0.236070 0.232500
vt 0.239670 0.215200
vt 0.244900 0.222510
vt 0.249360 0.230520
vt 0.253690 0.213050
vt 0.258310 0.221440
vt 0.262070 0.230370
vt 0.267200 0.212970
vt 0.271170 0.222030
vt 0.274290 0.231440
vt 0.265150 0.239840
vt 0.276990 0.240940
vt 0.267690 0.249390
vt 0.279270 0.250460
vt 0.269910 0.258870
vt 0.281400 0.259730
vt 0.272010 0.268110
vt 0.283580 0.268480
vt 0.274220 0.276840
vt 0.286070 0.276360
vt 0.276860 0.284690
vt 0.289110 0.283370
vt 0.280150 0.291570
vt 0.292860 0.289520
vt 0.284310 0.297560
vt 0.297400 0.294920
vt 0.289410 0.302790
vt 0.302770 0.299640
vt 0.295320 0.307360
vt 0.308660 0.304080
vt 0.301670 0.311570
vt 0.314760 0.308530
vt 0.308070 0.315770
vt 0.320880 0.313070
vt 0.314390 0.320110
vt 0.326960 0.317560
vt 0.320590 0.324520
vt 0.332960 0.321920
vt 0.326580 0.328890
vt 0.338820 0.326160
vt 0.332320 0.333140
vt 0.344400 0.330390
vt 0.337700 0.337410
vt 0.349550 0.334670
vt 0.342620 0.341830
vt 0.354370 0.338940
vt 0.347260 0.346240
vt 0.359110 0.342960
vt 0.351890 0.350420
vt 0.363900 0.346690
vt 0.356600 0.354260
vt 0.368750 0.350160
vt 0.361390 0.357850
vt 0.373730 0.353280
vt 0.366290 0.361110
vt 0.379000 0.355960
vt 0.371370 0.363960
vt 0.384410 0.358370
vt 0.376660 0.366380
vt 0.389910 0.360650
vt 0.382170 0.368520
vt 0.395570 0.362850
vt 0.387990 0.370450
vt 0.401560 0.364920
vt 0.394360 0.372140
vt 0.408020 0.366690
vt 0.401300 0.373670
vt 0.414810 0.368240
vt 0.408540 0.375120
vt 0.752370 0.750440
vt 0.743610 0.754550
vt 0.750910 0.759760
vt 0.742000 0.764110
vt 0.749560 0.769070
vt 0.740490 0.773590
vt 0.748280 0.778330
vt 0.739100 0.783050
vt 0.747350 0.787590
vt 0.738020 0.792440
vt 0.746810 0.796730
vt 0.737320 0.801760
vt 0.746840 0.805780
vt 0.737060 0.810980
vt 0.747410 0.814580
vt 0.737380 0.820050
vt 0.748700 0.823170
vt 0.738350 0.828950
vt 0.750520 0.831580
vt 0.739870 0.837710
vt 0.752880 0.839930
vt 0.741960 0.846340
vt 0.755590 0.848350
vt 0.744450 0.854990
vt 0.758550 0.857110
vt 0.747220 0.863830
vt 0.761540 0.866350
vt 0.750060 0.873070
vt 0.764540 0.876290
vt 0.752880 0.882950
vt 0.767590 0.886860
vt 0.755870 0.893520
vt 0.770900 0.898160
vt 0.758990 0.904870
vt 0.774360 0.910100
vt 0.762200 0.916960
vt 0.778270 0.922510
vt 0.765640 0.929570
vt 0.782820 0.934910
vt 0.769650 0.942340
vt 0.071970 0.154620
vt 0.788660 0.946950
vt 0.061220 0.168540
vt 0.774860 0.954830
vt 0.082480 0.162450
vt 0.072220 0.176190
vt 0.093380 0.168880
vt 0.083490 0.182410
vt 0.104630 0.174250
vt 0.095040 0.187530
vt 0.116120 0.178620
vt 0.106910 0.191620
vt 0.127960 0.182320
vt 0.119010 0.194960
vt 0.139980 0.185460
vt 0.131260 0.197700
vt 0.151930 0.188530
vt 0.143400 0.200330
vt 0.163630 0.191350
vt 0.155210 0.202920
vt 0.174900 0.194120
vt 0.166470 0.205550
vt 0.185370 0.197000
vt 0.176920 0.208360
vt 0.194940 0.200400
vt 0.186440 0.211630
vt 0.203560 0.204330
vt 0.195040 0.215450
vt 0.211380 0.208810
vt 0.202850 0.219850
vt 0.218480 0.213810
vt 0.220270 0.197870
vt 0.227360 0.202980
vt 0.233750 0.208680
vt 0.236610 0.192230
vt 0.242960 0.198200
vt 0.248510 0.205190
vt 0.252470 0.188300
vt 0.257800 0.195940
vt 0.262590 0.204230
vt 0.267360 0.187410
vt 0.271960 0.196190
vt 0.276220 0.205110
vt 0.281500 0.188790
vt 0.285700 0.197970
vt 0.289470 0.207060
vt 0.280210 0.214240
vt 0.292910 0.216310
vt 0.283610 0.223540
vt 0.295750 0.225730
vt 0.286440 0.233000
vt 0.298150 0.235360
vt 0.288720 0.242610
vt 0.300360 0.244640
vt 0.290930 0.251950
vt 0.302690 0.253270
vt 0.293120 0.260640
vt 0.305210 0.261040
vt 0.295570 0.268500
vt 0.308170 0.268030
vt 0.298480 0.275490
vt 0.311530 0.274270
vt 0.301980 0.281700
vt 0.315440 0.279940
vt 0.306150 0.287200
vt 0.319860 0.285200
vt 0.310990 0.292180
vt 0.324750 0.290280
vt 0.316350 0.296950
vt 0.329960 0.295170
vt 0.322020 0.301670
vt 0.335410 0.299870
vt 0.327820 0.306340
vt 0.340920 0.304320
vt 0.333670 0.310850
vt 0.346420 0.308640
vt 0.339490 0.315200
vt 0.351930 0.312830
vt 0.345280 0.319430
vt 0.357410 0.316950
vt 0.350910 0.323580
vt 0.362820 0.320990
vt 0.356270 0.327730
vt 0.368020 0.324970
vt 0.361330 0.331840
vt 0.373100 0.328740
vt 0.366230 0.335740
vt 0.378120 0.332310
vt 0.371130 0.339390
vt 0.383190 0.335570
vt 0.376110 0.342760
vt 0.388390 0.338530
vt 0.381250 0.345770
vt 0.393810 0.341170
vt 0.386640 0.348400
vt 0.399340 0.343700
vt 0.392150 0.350880
vt 0.404940 0.346120
vt 0.397710 0.353290
vt 0.410600 0.348400
vt 0.403360 0.355620
vt 0.416400 0.350370
vt 0.409200 0.357720
vt 0.422370 0.352170
vt 0.415340 0.359510
vt 0.428510 0.353800
vt 0.421730 0.361100
vt 0.434900 0.346420
vt 0.441010 0.338900
vt 0.435150 0.337130
vt 0.441360 0.329470
vt 0.447040 0.331420
vt 0.428940 0.344670
vt 0.423040 0.342920
vt 0.429370 0.335280
vt 0.423670 0.333430
vt 0.430160 0.325670
vt 0.435720 0.327600
vt 0.417280 0.340970
vt 0.411600 0.338860
vt 0.418100 0.331350
vt 0.412660 0.329130
vt 0.419520 0.321410
vt 0.424750 0.323640
vt 0.406050 0.336480
vt 0.400580 0.334000
vt 0.407360 0.326660
vt 0.402150 0.324090
vt 0.409420 0.316590
vt 0.414420 0.319070
vt 0.395260 0.331330
vt 0.390070 0.328500
vt 0.397030 0.321330
vt 0.391910 0.318450
vt 0.399550 0.311320
vt 0.404480 0.314020
vt 0.384950 0.325340
vt 0.379830 0.321950
vt 0.386860 0.315250
vt 0.381890 0.311820
vt 0.390000 0.305260
vt 0.394670 0.308450
vt 0.374720 0.318300
vt 0.369540 0.314490
vt 0.377010 0.308140
vt 0.372220 0.304320
vt 0.381180 0.298170
vt 0.385500 0.301820
vt 0.364350 0.310500
vt 0.359230 0.306430
vt 0.367540 0.300310
vt 0.362830 0.296270
vt 0.372660 0.290450
vt 0.376900 0.294390
vt 0.354110 0.302280
vt 0.349000 0.298060
vt 0.358130 0.292050
vt 0.353310 0.287810
vt 0.363820 0.282270
vt 0.368340 0.286440
vt 0.343840 0.293640
vt 0.338740 0.289070
vt 0.348480 0.283290
vt 0.343750 0.278500
vt 0.354180 0.273260
vt 0.359010 0.277970
vt 0.333870 0.284110
vt 0.329330 0.278930
vt 0.339320 0.273210
vt 0.335190 0.267580
vt 0.345300 0.262350
vt 0.349570 0.268080
vt 0.325180 0.273370
vt 0.321420 0.267500
vt 0.331400 0.261460
vt 0.327870 0.255010
vt 0.337690 0.249470
vt 0.341370 0.256150
vt 0.317980 0.261120
vt 0.314960 0.254150
vt 0.324650 0.247880
vt 0.321830 0.240110
vt 0.331320 0.234350
vt 0.334320 0.242260
vt 0.312220 0.246370
vt 0.309830 0.237850
vt 0.319230 0.231530
vt 0.316990 0.222330
vt 0.326530 0.216510
vt 0.328750 0.225780
vt 0.307480 0.228580
vt 0.305170 0.219060
vt 0.314670 0.212770
vt 0.312030 0.203460
vt 0.321790 0.197590
vt 0.324420 0.207000
vt 0.302300 0.209630
vt 0.299060 0.200470
vt 0.308720 0.194230
vt 0.305070 0.185010
vt 0.314940 0.179040
vt 0.318570 0.188370
vt 0.295270 0.191240
vt 0.291260 0.181940
vt 0.301120 0.175500
vt 0.297350 0.165790
vt 0.307800 0.159690
vt 0.311320 0.169550
vt 0.287070 0.172360
vt 0.282780 0.163070
vt 0.293410 0.156040
vt 0.277150 0.179600
vt 0.272340 0.170750
vt 0.267010 0.162930
vt 0.277920 0.154490
vt 0.262300 0.179170
vt 0.256390 0.172020
vt 0.249950 0.165920
vt 0.260940 0.156140
vt 0.246300 0.181840
vt 0.239410 0.176230
vt 0.232000 0.171370
vt 0.242780 0.160640
vt 0.229590 0.186990
vt 0.221880 0.182270
vt 0.213480 0.178220
vt 0.223730 0.167110
vt 0.212480 0.193310
vt 0.203880 0.189240
vt 0.194430 0.185840
vt 0.204110 0.174600
vt 0.193870 0.171560
vt 0.204330 0.160250
vt 0.214510 0.163510
vt 0.184000 0.182760
vt 0.172880 0.180010
vt 0.182840 0.168560
vt 0.171470 0.165590
vt 0.182180 0.154100
vt 0.193460 0.157280
vt 0.161290 0.176920
vt 0.149600 0.173660
vt 0.159920 0.162000
vt 0.148420 0.158140
vt 0.159430 0.146460
vt 0.170790 0.150640
vt 0.137800 0.169960
vt 0.126290 0.165980
vt 0.137050 0.153620
vt 0.126020 0.148650
vt 0.137550 0.136380
vt 0.148310 0.141790
vt 0.115000 0.161180
vt 0.104070 0.155710
vt 0.115250 0.142740
vt 0.105160 0.135890
vt 0.117650 0.123040
vt 0.127260 0.130280
vt 0.093410 0.148930
vt 0.083480 0.140890
vt 0.801990 0.938150
vt 0.095710 0.127410
vt 0.815010 0.928680
vt 0.808190 0.917780
vt 0.820420 0.908090
vt 0.109000 0.114530
vt 0.827500 0.918260
vt 0.795730 0.926750
vt 0.790580 0.914780
vt 0.802740 0.906360
vt 0.798110 0.894670
vt 0.809760 0.885940
vt 0.814600 0.897160
vt 0.786370 0.902750
vt 0.782580 0.890950
vt 0.794190 0.883180
vt 0.790490 0.872120
vt 0.801600 0.863780
vt 0.805480 0.874680
vt 0.779180 0.879810
vt 0.775900 0.869260
vt 0.787100 0.861720
vt 0.783630 0.851940
vt 0.794130 0.843790
vt 0.797840 0.853430
vt 0.772770 0.859420
vt 0.769550 0.850170
vt 0.780260 0.842840
vt 0.776850 0.834240
vt 0.786740 0.826390
vt 0.790380 0.834790
vt 0.766470 0.841530
vt 0.763500 0.833200
vt 0.773700 0.826080
vt 0.770790 0.818110
vt 0.780130 0.810680
vt 0.783280 0.818390
vt 0.760930 0.825090
vt 0.758750 0.816940
vt 0.768400 0.810230
vt 0.766480 0.802240
vt 0.775470 0.795470
vt 0.777460 0.803050
vt 0.757180 0.808670
vt 0.756230 0.800110
vt 0.765450 0.794080
vt 0.765080 0.785710
vt 0.774230 0.780090
vt 0.774540 0.787820
vt 0.756080 0.791380
vt 0.756440 0.782470
vt 0.765530 0.777320
vt 0.766380 0.768820
vt 0.775550 0.764470
vt 0.774630 0.772310
vt 0.757380 0.773540
vt 0.758510 0.764540
vt 0.767560 0.760280
vt 0.768760 0.751530
vt 0.777910 0.748040
vt 0.776630 0.756370
vt 0.759850 0.755540
vt 0.761100 0.746440
vt 0.770060 0.742770
vt 0.780570 0.730820
vt 0.779210 0.739500
vt 0.801050 0.717440
vt 0.799790 0.726240
vt 0.790050 0.728250
vt 0.798440 0.734730
vt 0.788680 0.736780
vt 0.797040 0.742910
vt 0.787300 0.745090
vt 0.795680 0.750720
vt 0.785980 0.753090
vt 0.794520 0.758050
vt 0.784900 0.760670
vt 0.793430 0.765110
vt 0.784010 0.767900
vt 0.792270 0.772390
vt 0.783480 0.775210
vt 0.802240 0.765460
vt 0.800080 0.773160
vt 0.810310 0.768190
vt 0.806950 0.776800
vt 0.802490 0.785420
vt 0.813200 0.782160
vt 0.807510 0.791700
vt 0.800530 0.801070
vt 0.796450 0.794110
vt 0.792320 0.810090
vt 0.788840 0.802680
vt 0.804660 0.808520
vt 0.796030 0.817810
vt 0.808950 0.816560
vt 0.799970 0.826020
vt 0.813330 0.825310
vt 0.804040 0.834870
vt 0.817800 0.834800
vt 0.808110 0.844450
vt 0.822320 0.844920
vt 0.812230 0.854700
vt 0.826970 0.855480
vt 0.816460 0.865470
vt 0.831980 0.866100
vt 0.821080 0.876440
vt 0.837590 0.876340
vt 0.826290 0.887210
vt 0.843980 0.885990
vt 0.832340 0.897520
vt 0.138450 0.089880
vt 0.851440 0.894780
vt 0.123100 0.101900
vt 0.839580 0.906970
vt 0.145600 0.098560
vt 0.131130 0.110630
vt 0.153870 0.106020
vt 0.140080 0.118060
vt 0.162900 0.112570
vt 0.149800 0.124430
vt 0.172530 0.118410
vt 0.160050 0.130070
vt 0.182850 0.123440
vt 0.170840 0.134970
vt 0.193770 0.127690
vt 0.182000 0.139150
vt 0.205000 0.131350
vt 0.193340 0.142710
vt 0.216120 0.134700
vt 0.204540 0.145950
vt 0.226920 0.137920
vt 0.215380 0.149090
vt 0.237010 0.141350
vt 0.225510 0.152400
vt 0.246100 0.145380
vt 0.234660 0.156170
vt 0.254020 0.150230
vt 0.258020 0.135150
vt 0.265730 0.140550
vt 0.272240 0.146980
vt 0.277750 0.131520
vt 0.283940 0.138610
vt 0.289020 0.146790
vt 0.295880 0.131050
vt 0.300440 0.139930
vt 0.304190 0.149600
vt 0.312070 0.133770
vt 0.315350 0.143860
vt 0.318450 0.154000
vt 0.326740 0.138550
vt 0.329500 0.148810
vt 0.332470 0.158720
vt 0.321760 0.163920
vt 0.335560 0.168350
vt 0.325120 0.173460
vt 0.338610 0.177850
vt 0.328500 0.182850
vt 0.341520 0.187320
vt 0.331620 0.192200
vt 0.344010 0.196860
vt 0.334200 0.201680
vt 0.345990 0.206410
vt 0.336230 0.211230
vt 0.347970 0.215590
vt 0.338320 0.220460
vt 0.350360 0.224290
vt 0.340840 0.229090
vt 0.353330 0.232460
vt 0.343880 0.237120
vt 0.356970 0.240000
vt 0.347390 0.244510
vt 0.361140 0.246980
vt 0.351280 0.251340
vt 0.365920 0.253320
vt 0.355480 0.257650
vt 0.371320 0.258960
vt 0.360110 0.263330
vt 0.376740 0.263920
vt 0.365040 0.268410
vt 0.381930 0.268230
vt 0.370140 0.272920
vt 0.386670 0.272110
vt 0.374940 0.277100
vt 0.390980 0.275770
vt 0.379360 0.281070
vt 0.395040 0.279100
vt 0.383480 0.284830
vt 0.398840 0.282230
vt 0.387420 0.288440
vt 0.402530 0.285230
vt 0.391340 0.291900
vt 0.406210 0.288090
vt 0.395270 0.295210
vt 0.409990 0.290810
vt 0.399380 0.298330
vt 0.414010 0.293330
vt 0.403750 0.301170
vt 0.418200 0.295700
vt 0.408300 0.303770
vt 0.422410 0.298060
vt 0.412920 0.306260
vt 0.426600 0.300450
vt 0.417540 0.308730
vt 0.430910 0.302810
vt 0.422230 0.311120
vt 0.435370 0.305150
vt 0.427020 0.313440
vt 0.439960 0.307400
vt 0.431980 0.315650
vt 0.444670 0.309600
vt 0.437120 0.317750
vt 0.449520 0.311810
vt 0.442390 0.319770
vt 0.454530 0.314070
vt 0.447760 0.321800
vt 0.821640 0.695080
vt 0.821250 0.705060
vt 0.811710 0.706520
vt 0.820540 0.714770
vt 0.810810 0.715850
vt 0.819550 0.724190
vt 0.809690 0.724850
vt 0.818310 0.733290
vt 0.808400 0.733520
vt 0.816860 0.742070
vt 0.806990 0.741840
vt 0.815130 0.750670
vt 0.805530 0.749800
vt 0.812990 0.759400
vt 0.804030 0.757570
vt 0.824180 0.753210
vt 0.821470 0.762690
vt 0.817850 0.772470
vt 0.829260 0.767710
vt 0.824860 0.778090
vt 0.819190 0.788580
vt 0.831190 0.785210
vt 0.824710 0.796050
vt 0.817280 0.806550
vt 0.812490 0.798720
vt 0.830010 0.804520
vt 0.822030 0.815190
vt 0.835380 0.813710
vt 0.826900 0.824550
vt 0.840880 0.823290
vt 0.831880 0.834450
vt 0.846500 0.832970
vt 0.836960 0.844640
vt 0.852280 0.842520
vt 0.842370 0.854770
vt 0.858570 0.851630
vt 0.848370 0.864450
vt 0.865570 0.859970
vt 0.855060 0.873480
vt 0.873480 0.867190
vt 0.171820 0.066720
vt 0.154640 0.077970
vt 0.862710 0.881500
vt 0.177720 0.075320
vt 0.161180 0.086680
vt 0.184800 0.082900
vt 0.168800 0.094230
vt 0.192720 0.089660
vt 0.177190 0.100910
vt 0.201360 0.095580
vt 0.186190 0.106830
vt 0.210670 0.100710
vt 0.195920 0.111960
vt 0.220650 0.105150
vt 0.206430 0.116340
vt 0.231210 0.109000
vt 0.217420 0.120100
vt 0.241940 0.112570
vt 0.228460 0.123530
vt 0.252340 0.116220
vt 0.239150 0.126920
vt 0.261890 0.120430
vt 0.249090 0.130680
vt 0.270380 0.125430
vt 0.275700 0.110840
vt 0.283520 0.116510
vt 0.290200 0.123210
vt 0.297380 0.108370
vt 0.303280 0.115850
vt 0.308120 0.124290
vt 0.316780 0.109400
vt 0.320860 0.118450
vt 0.324010 0.128200
vt 0.333930 0.113260
vt 0.336460 0.123290
vt 0.338440 0.133600
vt 0.349250 0.118750
vt 0.350690 0.129160
vt 0.352330 0.139420
vt 0.340760 0.143900
vt 0.354390 0.149650
vt 0.343370 0.153950
vt 0.356790 0.159800
vt 0.346170 0.163820
vt 0.359330 0.169720
vt 0.348950 0.173520
vt 0.361740 0.179390
vt 0.351560 0.183100
vt 0.363900 0.188880
vt 0.353890 0.192650
vt 0.365790 0.198200
vt 0.355850 0.202090
vt 0.367530 0.207310
vt 0.357720 0.211200
vt 0.369520 0.216190
vt 0.359910 0.219960
vt 0.372270 0.224660
vt 0.362770 0.228260
vt 0.376350 0.232580
vt 0.366540 0.235960
vt 0.382100 0.239990
vt 0.371320 0.243080
vt 0.388560 0.246730
vt 0.377140 0.249560
vt 0.383200 0.255260
vt 0.388960 0.259970
vt 0.405210 0.259340
vt 0.394100 0.263880
vt 0.409380 0.262070
vt 0.398600 0.267230
vt 0.413300 0.264670
vt 0.402730 0.270310
vt 0.416930 0.267030
vt 0.406790 0.273180
vt 0.419850 0.269180
vt 0.410280 0.275770
vt 0.422710 0.271320
vt 0.413550 0.278280
vt 0.425770 0.273520
vt 0.416860 0.280770
vt 0.429020 0.275740
vt 0.420300 0.283200
vt 0.432460 0.277970
vt 0.423970 0.285560
vt 0.436140 0.280180
vt 0.427800 0.287830
vt 0.439950 0.282430
vt 0.431690 0.290110
vt 0.443870 0.284730
vt 0.435640 0.292430
vt 0.447890 0.287050
vt 0.439700 0.294750
vt 0.452040 0.289370
vt 0.443890 0.297050
vt 0.456350 0.291720
vt 0.448240 0.299330
vt 0.460780 0.294120
vt 0.452730 0.301660
vt 0.465300 0.296600
vt 0.457300 0.304040
vt 0.469830 0.299170
vt 0.461960 0.306530
vt 0.839970 0.681770
vt 0.840380 0.692990
vt 0.830980 0.693720
vt 0.840310 0.704070
vt 0.830780 0.704170
vt 0.839820 0.715010
vt 0.830210 0.714400
vt 0.838850 0.725830
vt 0.829280 0.724420
vt 0.837380 0.736500
vt 0.827980 0.734200
vt 0.835370 0.747050
vt 0.826320 0.743770
vt 0.832720 0.757410
vt 0.843950 0.751910
vt 0.840580 0.763260
vt 0.836420 0.774320
vt 0.848370 0.770020
vt 0.843280 0.781930
vt 0.837290 0.793400
vt 0.850120 0.790250
vt 0.843200 0.802300
vt 0.856810 0.798870
vt 0.849240 0.811450
vt 0.863560 0.807270
vt 0.855420 0.820540
vt 0.870440 0.815300
vt 0.861720 0.829430
vt 0.877480 0.822790
vt 0.868300 0.837870
vt 0.884880 0.829530
vt 0.875510 0.845390
vt 0.207720 0.045840
vt 0.892900 0.835380
vt 0.883510 0.851850
vt 0.189450 0.055860
vt 0.212540 0.054370
vt 0.194900 0.064550
vt 0.218850 0.061870
vt 0.201590 0.072190
vt 0.226450 0.068330
vt 0.209270 0.078880
vt 0.234990 0.073910
vt 0.217790 0.084670
vt 0.244170 0.078810
vt 0.226940 0.089690
vt 0.253810 0.083210
vt 0.236630 0.094080
vt 0.263650 0.087360
vt 0.246760 0.098050
vt 0.273280 0.091610
vt 0.256970 0.101890
vt 0.282280 0.096350
vt 0.266780 0.106030
vt 0.290390 0.101810
vt 0.298690 0.087500
vt 0.305770 0.093840
vt 0.311740 0.101120
vt 0.321800 0.086870
vt 0.326650 0.094970
vt 0.330640 0.103730
vt 0.342270 0.089720
vt 0.345160 0.098850
vt 0.347400 0.108510
vt 0.360490 0.094660
vt 0.361590 0.104480
vt 0.362410 0.114640
vt 0.376520 0.101250
vt 0.376280 0.111400
vt 0.376180 0.121720
vt 0.363250 0.125100
vt 0.376390 0.132120
vt 0.364220 0.135470
vt 0.376920 0.142550
vt 0.365550 0.145850
vt 0.378130 0.152970
vt 0.367430 0.156200
vt 0.380070 0.163160
vt 0.369710 0.166280
vt 0.382210 0.172970
vt 0.371980 0.176010
vt 0.384060 0.182520
vt 0.373990 0.185490
vt 0.385590 0.192010
vt 0.375750 0.194820
vt 0.386940 0.201470
vt 0.377330 0.204060
vt 0.388520 0.210830
vt 0.379120 0.213140
vt 0.391250 0.219810
vt 0.381870 0.221820
vt 0.396200 0.228450
vt 0.386540 0.230050
vt 0.402280 0.236950
vt 0.392690 0.237910
vt 0.405270 0.227760
vt 0.410770 0.237050
vt 0.414550 0.246040
vt 0.418110 0.237890
vt 0.419860 0.247610
vt 0.417120 0.255870
vt 0.412700 0.253670
vt 0.424460 0.249650
vt 0.421330 0.258420
vt 0.428300 0.251580
vt 0.424440 0.260440
vt 0.431770 0.253530
vt 0.427130 0.262280
vt 0.435220 0.255670
vt 0.429960 0.264190
vt 0.438840 0.258080
vt 0.433050 0.266250
vt 0.442320 0.260180
vt 0.436270 0.268300
vt 0.445840 0.262280
vt 0.439680 0.270390
vt 0.449570 0.264480
vt 0.443320 0.272520
vt 0.453440 0.266710
vt 0.447130 0.274720
vt 0.457490 0.268980
vt 0.451120 0.277000
vt 0.461700 0.271330
vt 0.455240 0.279340
vt 0.466070 0.273750
vt 0.459480 0.281710
vt 0.470570 0.276230
vt 0.463850 0.284110
vt 0.475200 0.278800
vt 0.468310 0.286570
vt 0.479900 0.281460
vt 0.472850 0.289110
vt 0.877270 0.636290
vt 0.872040 0.652710
vt 0.863690 0.653950
vt 0.865740 0.667670
vt 0.856990 0.668180
vt 0.848120 0.669020
vt 0.858300 0.681120
vt 0.849180 0.681090
vt 0.859090 0.694120
vt 0.849770 0.693110
vt 0.859320 0.707030
vt 0.849830 0.705060
vt 0.858880 0.719860
vt 0.849350 0.716900
vt 0.857610 0.732580
vt 0.848280 0.728620
vt 0.855510 0.745160
vt 0.846550 0.740250
vt 0.852510 0.757670
vt 0.864420 0.750740
vt 0.860780 0.764280
vt 0.856180 0.777520
vt 0.868930 0.771180
vt 0.863490 0.785430
vt 0.876870 0.777560
vt 0.870760 0.792960
vt 0.884770 0.783360
vt 0.878130 0.799900
vt 0.892740 0.788610
vt 0.885620 0.806290
vt 0.900810 0.793470
vt 0.893300 0.812140
vt 0.244250 0.027320
vt 0.909080 0.797870
vt 0.901340 0.817350
vt 0.226140 0.036140
vt 0.248620 0.035430
vt 0.230550 0.044550
vt 0.254800 0.042400
vt 0.236660 0.051830
vt 0.262600 0.048330
vt 0.244260 0.058040
vt 0.271620 0.053470
vt 0.252940 0.063440
vt 0.281360 0.058140
vt 0.262300 0.068240
vt 0.291260 0.062700
vt 0.272010 0.072690
vt 0.300690 0.067570
vt 0.281630 0.077130
vt 0.309010 0.073130
vt 0.290650 0.081960
vt 0.316020 0.079510
vt 0.328320 0.065720
vt 0.334180 0.073080
vt 0.338670 0.081060
vt 0.353330 0.067950
vt 0.356640 0.076480
vt 0.358880 0.085270
vt 0.375830 0.073200
vt 0.376720 0.082160
vt 0.376690 0.091410
vt 0.395480 0.080680
vt 0.394090 0.089780
vt 0.392240 0.099110
vt 0.412190 0.089660
vt 0.408970 0.098710
vt 0.405880 0.108040
vt 0.390730 0.109040
vt 0.403420 0.117790
vt 0.389560 0.119210
vt 0.401770 0.127800
vt 0.388900 0.129500
vt 0.400640 0.137900
vt 0.388620 0.139860
vt 0.400170 0.148010
vt 0.389000 0.150210
vt 0.400860 0.158140
vt 0.390440 0.160430
vt 0.402350 0.168250
vt 0.392370 0.170380
vt 0.403760 0.178270
vt 0.394020 0.180130
vt 0.404680 0.188310
vt 0.395260 0.189850
vt 0.405380 0.198470
vt 0.396310 0.199620
vt 0.406640 0.208460
vt 0.397700 0.209270
vt 0.409500 0.218160
vt 0.400430 0.218570
vt 0.413770 0.227860
vt 0.417960 0.218550
vt 0.421290 0.228830
vt 0.424140 0.239380
vt 0.428120 0.230380
vt 0.429410 0.241260
vt 0.434400 0.232310
vt 0.434200 0.243330
vt 0.440160 0.234570
vt 0.438650 0.245560
vt 0.445490 0.237080
vt 0.442890 0.247990
vt 0.450500 0.239720
vt 0.446970 0.250340
vt 0.455330 0.242490
vt 0.451020 0.252800
vt 0.460070 0.245420
vt 0.455160 0.255490
vt 0.464730 0.248340
vt 0.459260 0.257970
vt 0.469410 0.251280
vt 0.463470 0.260440
vt 0.474090 0.254330
vt 0.467840 0.262980
vt 0.478830 0.257440
vt 0.472370 0.265590
vt 0.483700 0.260580
vt 0.477070 0.268270
vt 0.488740 0.263730
vt 0.481890 0.271070
vt 0.493840 0.266980
vt 0.486780 0.274000
vt 0.912960 0.578090
vt 0.910400 0.600000
vt 0.903120 0.605380
vt 0.895990 0.610420
vt 0.888790 0.614850
vt 0.907160 0.621550
vt 0.899850 0.626420
vt 0.892550 0.630540
vt 0.885000 0.633760
vt 0.903350 0.642560
vt 0.895800 0.646460
vt 0.888120 0.649280
vt 0.880180 0.651260
vt 0.898740 0.662480
vt 0.890800 0.665020
vt 0.882690 0.666460
vt 0.874310 0.667240
vt 0.893140 0.680830
vt 0.884680 0.681830
vt 0.876100 0.681890
vt 0.867280 0.681550
vt 0.886210 0.697230
vt 0.877300 0.696710
vt 0.868310 0.695480
vt 0.877980 0.711520
vt 0.868730 0.709430
vt 0.877730 0.726340
vt 0.868400 0.723230
vt 0.876160 0.741330
vt 0.867010 0.737030
vt 0.873380 0.756330
vt 0.885080 0.745140
vt 0.881800 0.761530
vt 0.894040 0.748250
vt 0.890190 0.766060
vt 0.903080 0.750710
vt 0.898630 0.770060
vt 0.912230 0.752530
vt 0.907090 0.773650
vt 0.274570 0.011260
vt 0.921420 0.754260
vt 0.260870 0.019320
vt 0.915560 0.777060
vt 0.280680 0.018190
vt 0.265820 0.026890
vt 0.288710 0.024050
vt 0.272680 0.033310
vt 0.298500 0.029160
vt 0.281140 0.038800
vt 0.309820 0.033920
vt 0.290850 0.043650
vt 0.322130 0.038840
vt 0.301320 0.048280
vt 0.333130 0.044860
vt 0.311590 0.053320
vt 0.342080 0.051890
vt 0.320810 0.059080
vt 0.348690 0.059600
vt 0.364840 0.047150
vt 0.370260 0.055780
vt 0.373750 0.064350
vt 0.393120 0.054190
vt 0.395340 0.063010
vt 0.395940 0.071680
vt 0.416990 0.063400
vt 0.416520 0.072150
vt 0.414740 0.080710
vt 0.436800 0.073990
vt 0.434180 0.082500
vt 0.430410 0.090860
vt 0.453050 0.085550
vt 0.448450 0.093840
vt 0.442960 0.102080
vt 0.426030 0.099650
vt 0.437490 0.110550
vt 0.421600 0.108600
vt 0.432690 0.119210
vt 0.417860 0.117820
vt 0.428890 0.128090
vt 0.415080 0.127300
vt 0.426030 0.137190
vt 0.413100 0.136940
vt 0.423850 0.146470
vt 0.411790 0.146660
vt 0.422460 0.155960
vt 0.411490 0.156520
vt 0.422230 0.165860
vt 0.412260 0.166640
vt 0.422550 0.176460
vt 0.413270 0.176910
vt 0.422570 0.187510
vt 0.413770 0.187430
vt 0.422770 0.198520
vt 0.414140 0.198040
vt 0.423910 0.209150
vt 0.415310 0.208400
vt 0.426000 0.219600
vt 0.432160 0.210710
vt 0.433410 0.221350
vt 0.440020 0.212900
vt 0.440350 0.223580
vt 0.447500 0.215650
vt 0.446860 0.226220
vt 0.454610 0.218750
vt 0.452940 0.229090
vt 0.461340 0.222140
vt 0.458720 0.232160
vt 0.467750 0.225780
vt 0.464260 0.235410
vt 0.473860 0.229680
vt 0.469610 0.238820
vt 0.479730 0.233710
vt 0.474850 0.242320
vt 0.485440 0.237830
vt 0.480040 0.245900
vt 0.491030 0.242030
vt 0.485130 0.249570
vt 0.496470 0.246180
vt 0.490230 0.253230
vt 0.501960 0.250240
vt 0.495490 0.256830
vt 0.500880 0.260440
vt 0.560160 0.075560
vt 0.937210 0.562740
vt 0.544310 0.056890
vt 0.928630 0.567480
vt 0.920610 0.572580
vt 0.933860 0.584510
vt 0.925670 0.589330
vt 0.917920 0.594550
vt 0.930090 0.606150
vt 0.922180 0.611150
vt 0.914590 0.616370
vt 0.926020 0.627870
vt 0.918330 0.632930
vt 0.910830 0.637920
vt 0.921760 0.649680
vt 0.914150 0.654510
vt 0.906530 0.658890
vt 0.917260 0.671480
vt 0.909450 0.675510
vt 0.901430 0.678730
vt 0.912000 0.692700
vt 0.903620 0.695310
vt 0.895030 0.696840
vt 0.905240 0.712750
vt 0.896250 0.713350
vt 0.887190 0.712840
vt 0.896270 0.730540
vt 0.887030 0.728790
vt 0.905640 0.731300
vt 0.914140 0.710980
vt 0.915300 0.730610
vt 0.922910 0.707460
vt 0.925370 0.727550
vt 0.285160 0.001950
vt 0.931370 0.701730
vt 0.936200 0.717190
vt 0.291850 0.008090
vt 0.939620 0.694970
vt 0.945230 0.709040
vt 0.300600 0.013470
vt 0.947650 0.688290
vt 0.311810 0.018500
vt 0.953360 0.701880
vt 0.955660 0.682140
vt 0.326090 0.023750
vt 0.961130 0.695470
vt 0.963840 0.676870
vt 0.378880 0.027180
vt 0.345180 0.029820
vt 0.968960 0.689790
vt 0.384530 0.036030
vt 0.356860 0.038390
vt 0.389460 0.045020
vt 0.410340 0.036030
vt 0.413460 0.045390
vt 0.415910 0.054400
vt 0.436640 0.047110
vt 0.437990 0.056340
vt 0.438110 0.065180
vt 0.459310 0.059570
vt 0.458590 0.068520
vt 0.456430 0.077030
vt 0.478150 0.073040
vt 0.475280 0.081600
vt 0.471140 0.089710
vt 0.493130 0.087120
vt 0.488350 0.095230
vt 0.482280 0.102990
vt 0.465760 0.097820
vt 0.475410 0.110640
vt 0.459500 0.105810
vt 0.468550 0.118300
vt 0.453240 0.113850
vt 0.462320 0.126070
vt 0.447660 0.122020
vt 0.456900 0.134070
vt 0.442990 0.130370
vt 0.452190 0.142390
vt 0.439200 0.139010
vt 0.448350 0.151170
vt 0.436170 0.147990
vt 0.445380 0.160440
vt 0.433930 0.157210
vt 0.443190 0.170450
vt 0.432570 0.167000
vt 0.441590 0.180970
vt 0.431870 0.177780
vt 0.440510 0.191670
vt 0.431420 0.188930
vt 0.440070 0.202330
vt 0.431510 0.199970
vt 0.449290 0.195070
vt 0.448230 0.205350
vt 0.457820 0.198830
vt 0.456100 0.208740
vt 0.466000 0.202990
vt 0.463620 0.212470
vt 0.473830 0.207440
vt 0.470800 0.216490
vt 0.481280 0.212160
vt 0.477630 0.220810
vt 0.488360 0.217090
vt 0.484130 0.225310
vt 0.495080 0.222140
vt 0.490380 0.229930
vt 0.501510 0.227260
vt 0.496430 0.234620
vt 0.507710 0.232300
vt 0.502260 0.239240
vt 0.513780 0.237180
vt 0.508030 0.243730
vt 0.561710 0.133990
vt 0.556250 0.118240
vt 0.562920 0.111080
vt 0.547650 0.101660
vt 0.552710 0.093550
vt 0.556820 0.084770
vt 0.535880 0.084670
vt 0.539230 0.075790
vt 0.541910 0.066430
vt 0.520660 0.067760
vt 0.522540 0.058380
vt 0.942580 0.580120
vt 0.524260 0.048710
vt 0.502130 0.051330
vt 0.947150 0.597410
vt 0.503070 0.041660
vt 0.938440 0.601540
vt 0.480900 0.035770
vt 0.951160 0.614530
vt 0.942340 0.618440
vt 0.934000 0.622970
vt 0.945800 0.635210
vt 0.937450 0.639760
vt 0.929480 0.644690
vt 0.940610 0.656470
vt 0.932680 0.661600
vt 0.924920 0.666790
vt 0.935810 0.678590
vt 0.928020 0.684260
vt 0.920110 0.689180
vt 0.943740 0.672820
vt 0.948880 0.651660
vt 0.951940 0.667410
vt 0.433140 0.028060
vt 0.957630 0.647630
vt 0.960620 0.662910
vt 0.407320 0.026410
vt 0.434860 0.037570
vt 0.457690 0.031130
vt 0.954600 0.631370
vt 0.458200 0.040820
vt 0.459030 0.050230
vt 0.480710 0.045360
vt 0.480470 0.054890
vt 0.479830 0.064040
vt 0.501080 0.060700
vt 0.499350 0.069860
vt 0.496760 0.078580
vt 0.518120 0.076690
vt 0.514540 0.085300
vt 0.510150 0.093430
vt 0.531560 0.092940
vt 0.526290 0.100950
vt 0.519990 0.108450
vt 0.504610 0.101360
vt 0.512680 0.115690
vt 0.497910 0.108960
vt 0.504820 0.122800
vt 0.490550 0.116380
vt 0.496830 0.129930
vt 0.483170 0.123740
vt 0.489300 0.137260
vt 0.476280 0.131250
vt 0.482550 0.144860
vt 0.470150 0.139040
vt 0.476530 0.152720
vt 0.464690 0.147120
vt 0.471110 0.160960
vt 0.460050 0.155660
vt 0.466560 0.169850
vt 0.456280 0.164830
vt 0.463030 0.179330
vt 0.453360 0.174690
vt 0.460190 0.189010
vt 0.451070 0.184800
vt 0.472220 0.184450
vt 0.468890 0.193660
vt 0.481090 0.189790
vt 0.477220 0.198560
vt 0.489440 0.195350
vt 0.485160 0.203690
vt 0.497310 0.201030
vt 0.492680 0.209000
vt 0.504860 0.206820
vt 0.499790 0.214420
vt 0.512010 0.212650
vt 0.506570 0.219910
vt 0.518800 0.218440
vt 0.513070 0.225330
vt 0.525340 0.224040
vt 0.519400 0.230570
vt 0.531730 0.217640
vt 0.531840 0.205130
vt 0.539530 0.198970
vt 0.532050 0.192140
vt 0.540840 0.186010
vt 0.550770 0.180390
vt 0.532850 0.178700
vt 0.542300 0.172650
vt 0.552520 0.167170
vt 0.533150 0.165000
vt 0.542680 0.159110
vt 0.553110 0.153670
vt 0.532230 0.151240
vt 0.542100 0.145350
vt 0.552250 0.139620
vt 0.530490 0.137300
vt 0.539840 0.131160
vt 0.548620 0.124780
vt 0.526690 0.123060
vt 0.534620 0.116330
vt 0.541680 0.109150
vt 0.518110 0.129790
vt 0.521180 0.143690
vt 0.509430 0.136670
vt 0.512640 0.150570
vt 0.501360 0.143820
vt 0.504990 0.157710
vt 0.494160 0.151220
vt 0.497860 0.165210
vt 0.487620 0.158870
vt 0.491170 0.173020
vt 0.481500 0.166870
vt 0.485600 0.181220
vt 0.476310 0.175410
vt 0.500170 0.179300
vt 0.494330 0.187190
vt 0.508760 0.185660
vt 0.502590 0.193260
vt 0.516790 0.192190
vt 0.510450 0.199400
vt 0.524550 0.198680
vt 0.517920 0.205550
vt 0.524970 0.211650
vt 0.524320 0.185230
vt 0.515980 0.178390
vt 0.524380 0.171410
vt 0.507300 0.171670
vt 0.515020 0.164430
vt 0.523330 0.157540
vt 0.306831 0.717926
vt 0.305925 0.716167
vt 0.327872 0.748902
vt 0.326152 0.747119
vt 0.326152 0.747119
vt 0.325189 0.745986
vt 0.319988 0.739570
vt 0.317860 0.736693
vt 0.314485 0.731718
vt 0.314362 0.731510
vt 0.314555 0.731827
vt 0.314485 0.731718
vt 0.305925 0.716167
vt 0.304814 0.713558
vt 0.299857 0.700558
vt 0.299136 0.697860
vt 0.301605 0.705445
vt 0.299857 0.700558
vt 0.297676 0.692829
vt 0.296783 0.688544
vt 0.295875 0.684013
vt 0.294773 0.677218
vt 0.352109 0.770491
vt 0.347115 0.766724
vt 0.339288 0.760264
vt 0.336205 0.757391
vt 0.342023 0.762580
vt 0.339288 0.760264
vt 0.293881 0.669420
vt 0.293702 0.665811
vt 0.294443 0.674315
vt 0.293881 0.669420
vt 0.293297 0.655403
vt 0.293282 0.653528
vt 0.377319 0.786137
vt 0.369865 0.782026
vt 0.360963 0.776616
vt 0.358287 0.774813
vt 0.363873 0.778413
vt 0.360963 0.776616
vt 0.293499 0.645075
vt 0.293612 0.643417
vt 0.293474 0.645357
vt 0.293499 0.645075
vt 0.293463 0.645721
vt 0.293474 0.645357
vt 0.406997 0.799344
vt 0.399824 0.796478
vt 0.386691 0.790856
vt 0.381935 0.788522
vt 0.392485 0.793492
vt 0.386691 0.790856
vt 0.294960 0.628241
vt 0.295743 0.622968
vt 0.294176 0.635584
vt 0.294960 0.628241
vt 0.428634 0.806395
vt 0.419648 0.803743
vt 0.408170 0.799785
vt 0.406997 0.799344
vt 0.409768 0.800342
vt 0.408170 0.799785
vt 0.297893 0.610174
vt 0.298434 0.607776
vt 0.297226 0.613745
vt 0.297893 0.610174
vt 0.449264 0.811560
vt 0.445333 0.810741
vt 0.439039 0.809210
vt 0.432570 0.807495
vt 0.299895 0.600879
vt 0.300838 0.597119
vt 0.302210 0.591544
vt 0.303834 0.585753
vt 0.473078 0.815763
vt 0.470206 0.815384
vt 0.463168 0.814229
vt 0.458008 0.813279
vt 0.307848 0.572374
vt 0.308174 0.571412
vt 0.307691 0.572844
vt 0.307848 0.572374
vt 0.307299 0.574100
vt 0.307691 0.572844
vt 0.498661 0.818359
vt 0.494372 0.818100
vt 0.487726 0.817494
vt 0.482397 0.816901
vt 0.314257 0.554103
vt 0.314366 0.553828
vt 0.314190 0.554275
vt 0.314257 0.554103
vt 0.313961 0.554901
vt 0.314190 0.554275
vt 0.525054 0.819074
vt 0.518412 0.819124
vt 0.512334 0.818994
vt 0.506483 0.818758
vt 0.317817 0.544912
vt 0.320196 0.539239
vt 0.323507 0.531476
vt 0.325810 0.526242
vt 0.321783 0.535426
vt 0.323507 0.531476
vt 0.552846 0.817789
vt 0.550839 0.817911
vt 0.537140 0.818814
vt 0.530236 0.818988
vt 0.330847 0.515379
vt 0.331525 0.513990
vt 0.330326 0.516462
vt 0.330847 0.515379
vt 0.326527 0.524672
vt 0.330326 0.516462
vt 0.574374 0.815349
vt 0.565872 0.816432
vt 0.553855 0.817711
vt 0.552846 0.817789
vt 0.557453 0.817360
vt 0.553855 0.817711
vt 0.334698 0.507410
vt 0.337600 0.501668
vt 0.339150 0.498595
vt 0.341176 0.494694
vt 0.595687 0.811632
vt 0.594535 0.811838
vt 0.579470 0.814599
vt 0.574374 0.815349
vt 0.343691 0.489901
vt 0.344125 0.489097
vt 0.349524 0.479160
vt 0.351212 0.476140
vt 0.348394 0.481194
vt 0.349524 0.479160
vt 0.617094 0.806573
vt 0.609026 0.808574
vt 0.596375 0.811494
vt 0.595687 0.811632
vt 0.598973 0.810917
vt 0.596375 0.811494
vt 0.358449 0.463484
vt 0.358861 0.462782
vt 0.358193 0.463922
vt 0.358449 0.463484
vt 0.357046 0.465912
vt 0.358193 0.463922
vt 0.638218 0.800629
vt 0.636405 0.801137
vt 0.621964 0.805278
vt 0.617094 0.806573
vt 0.363171 0.455446
vt 0.367247 0.448697
vt 0.368112 0.447274
vt 0.370959 0.442629
vt 0.658610 0.794215
vt 0.648668 0.797460
vt 0.639446 0.800265
vt 0.638218 0.800629
vt 0.647651 0.797775
vt 0.639446 0.800265
vt 0.372927 0.439455
vt 0.376865 0.433173
vt 0.377619 0.431982
vt 0.380702 0.427128
vt 0.678303 0.786743
vt 0.671039 0.789589
vt 0.666468 0.791384
vt 0.658610 0.794215
vt 0.387578 0.416481
vt 0.390135 0.412503
vt 0.386829 0.417640
vt 0.387578 0.416481
vt 0.385398 0.419864
vt 0.386829 0.417640
vt 0.697505 0.778355
vt 0.692611 0.780520
vt 0.684185 0.784314
vt 0.678303 0.786743
vt 0.396048 0.403588
vt 0.398550 0.399795
vt 0.391881 0.409827
vt 0.396048 0.403588
vt 0.716383 0.769045
vt 0.713816 0.770305
vt 0.701541 0.776491
vt 0.697505 0.778355
vt 0.405372 0.389700
vt 0.406400 0.388173
vt 0.403964 0.391791
vt 0.405372 0.389700
vt 0.734731 0.759052
vt 0.734343 0.759261
vt 0.718515 0.767955
vt 0.716383 0.769045
vt 0.414640 0.376256
vt 0.415633 0.374820
vt 0.413914 0.377321
vt 0.414640 0.376256
vt 0.752711 0.748198
vt 0.744628 0.753193
vt 0.735054 0.758871
vt 0.734731 0.759052
vt 0.737690 0.757325
vt 0.735054 0.758871
vt 0.424891 0.361823
vt 0.428413 0.356945
vt 0.422724 0.364910
vt 0.424891 0.361823
vt 0.436902 0.345480
vt 0.441627 0.339098
vt 0.430379 0.354278
vt 0.434875 0.348163
vt 0.441627 0.339098
vt 0.447032 0.331896
vt 0.776467 0.732160
vt 0.772726 0.734822
vt 0.772726 0.734822
vt 0.771039 0.735989
vt 0.771039 0.735989
vt 0.767910 0.738063
vt 0.758491 0.744479
vt 0.752711 0.748198
vt 0.793842 0.718947
vt 0.791146 0.721063
vt 0.786008 0.725064
vt 0.780865 0.728952
vt 0.453110 0.323883
vt 0.453200 0.323762
vt 0.451947 0.325419
vt 0.453041 0.323975
vt 0.453041 0.323975
vt 0.453110 0.323883
vt 0.821460 0.695115
vt 0.811883 0.703834
vt 0.804417 0.710285
vt 0.801643 0.712568
vt 0.808002 0.707219
vt 0.804417 0.710285
vt 0.465016 0.308186
vt 0.468442 0.303607
vt 0.463287 0.310507
vt 0.465016 0.308186
vt 0.834169 0.682591
vt 0.830834 0.685948
vt 0.826961 0.689891
vt 0.821640 0.694943
vt 0.477449 0.291728
vt 0.477484 0.291681
vt 0.477358 0.291849
vt 0.477428 0.291757
vt 0.477428 0.291757
vt 0.477449 0.291728
vt 0.869740 0.640563
vt 0.867535 0.643403
vt 0.858817 0.654732
vt 0.855659 0.658553
vt 0.852071 0.662960
vt 0.847934 0.667643
vt 0.842387 0.673933
vt 0.839588 0.676856
vt 0.846515 0.669276
vt 0.842387 0.673933
vt 0.489549 0.275738
vt 0.492972 0.271126
vt 0.487344 0.278714
vt 0.489549 0.275738
vt 0.906515 0.586608
vt 0.905124 0.588621
vt 0.897594 0.600254
vt 0.894444 0.604845
vt 0.894444 0.604845
vt 0.889059 0.612950
vt 0.887347 0.615578
vt 0.882445 0.622714
vt 0.501634 0.259741
vt 0.506417 0.253404
vt 0.496672 0.266339
vt 0.501024 0.260540
vt 0.932619 0.549390
vt 0.930435 0.552196
vt 0.923022 0.562798
vt 0.919074 0.568169
vt 0.919074 0.568169
vt 0.913058 0.576926
vt 0.911597 0.579162
vt 0.906515 0.586608
vt 0.511630 0.246416
vt 0.513826 0.243384
vt 0.509928 0.248794
vt 0.511630 0.246416
vt 0.565695 0.124789
vt 0.565460 0.117004
vt 0.565185 0.108017
vt 0.564545 0.100725
vt 0.563819 0.094229
vt 0.562937 0.088456
vt 0.562937 0.088456
vt 0.561172 0.077021
vt 0.560699 0.073912
vt 0.558899 0.063911
vt 0.521833 0.232538
vt 0.525438 0.227402
vt 0.519047 0.236503
vt 0.521833 0.232538
vt 0.537201 0.210074
vt 0.539053 0.206964
vt 0.546622 0.194484
vt 0.547683 0.192505
vt 0.550509 0.187249
vt 0.552729 0.182392
vt 0.556144 0.174740
vt 0.557240 0.171624
vt 0.554436 0.178711
vt 0.556144 0.174740
vt 0.560545 0.161970
vt 0.560910 0.160398
vt 0.559963 0.163855
vt 0.560545 0.161970
vt 0.563625 0.148675
vt 0.563627 0.148654
vt 0.563620 0.148699
vt 0.563625 0.148675
vt 0.563627 0.148654
vt 0.563641 0.148537
vt 0.565603 0.131144
vt 0.565695 0.124789
vt 0.532955 0.216578
vt 0.537201 0.210074
vt 0.527992 0.223946
vt 0.532044 0.217926
vt 0.871829 0.637772
vt 0.869740 0.640563
vt 0.882445 0.622714
vt 0.879509 0.626851
vt 0.314362 0.731510
vt 0.309876 0.724040
vt 0.309876 0.724040
vt 0.306831 0.717926
vt 0.304814 0.713558
vt 0.302593 0.708335
vt 0.336205 0.757391
vt 0.333415 0.754752
vt 0.333415 0.754752
vt 0.327872 0.748902
vt 0.321649 0.741744
vt 0.319988 0.739570
vt 0.325189 0.745986
vt 0.321649 0.741744
vt 0.317860 0.736693
vt 0.314555 0.731827
vt 0.299136 0.697860
vt 0.297676 0.692829
vt 0.302593 0.708335
vt 0.301605 0.705445
vt 0.296181 0.685649
vt 0.296037 0.685032
vt 0.296783 0.688544
vt 0.296181 0.685649
vt 0.296037 0.685032
vt 0.295875 0.684013
vt 0.358287 0.774813
vt 0.352109 0.770491
vt 0.344344 0.764561
vt 0.342023 0.762580
vt 0.347115 0.766724
vt 0.344344 0.764561
vt 0.293702 0.665811
vt 0.293376 0.661541
vt 0.294773 0.677218
vt 0.294443 0.674315
vt 0.293376 0.661541
vt 0.293297 0.655403
vt 0.381935 0.788522
vt 0.377319 0.786137
vt 0.367037 0.780388
vt 0.363873 0.778413
vt 0.369865 0.782026
vt 0.367037 0.780388
vt 0.293282 0.653528
vt 0.293463 0.645721
vt 0.293999 0.637802
vt 0.294046 0.636924
vt 0.293612 0.643417
vt 0.293999 0.637802
vt 0.399824 0.796478
vt 0.394291 0.794298
vt 0.393516 0.793967
vt 0.392485 0.793492
vt 0.394291 0.794298
vt 0.393516 0.793967
vt 0.295743 0.622968
vt 0.296237 0.619315
vt 0.294046 0.636924
vt 0.294176 0.635584
vt 0.432570 0.807495
vt 0.431086 0.807099
vt 0.431086 0.807099
vt 0.428634 0.806395
vt 0.415769 0.802468
vt 0.409768 0.800342
vt 0.419648 0.803743
vt 0.415769 0.802468
vt 0.298434 0.607776
vt 0.299895 0.600879
vt 0.296237 0.619315
vt 0.297226 0.613745
vt 0.458008 0.813279
vt 0.455055 0.812727
vt 0.455055 0.812727
vt 0.449264 0.811560
vt 0.445333 0.810741
vt 0.439039 0.809210
vt 0.303834 0.585753
vt 0.304812 0.582169
vt 0.300838 0.597119
vt 0.302210 0.591544
vt 0.482397 0.816901
vt 0.479512 0.816579
vt 0.479512 0.816579
vt 0.473078 0.815763
vt 0.470206 0.815384
vt 0.463168 0.814229
vt 0.304812 0.582169
vt 0.307299 0.574100
vt 0.309915 0.566216
vt 0.310800 0.563555
vt 0.308174 0.571412
vt 0.309915 0.566216
vt 0.506483 0.818758
vt 0.504087 0.818661
vt 0.504087 0.818661
vt 0.498661 0.818359
vt 0.494372 0.818100
vt 0.487726 0.817494
vt 0.310800 0.563555
vt 0.313961 0.554901
vt 0.316489 0.548337
vt 0.317817 0.544912
vt 0.314366 0.553828
vt 0.316489 0.548337
vt 0.530236 0.818988
vt 0.528772 0.819027
vt 0.528772 0.819027
vt 0.525054 0.819074
vt 0.518412 0.819124
vt 0.512334 0.818994
vt 0.320196 0.539239
vt 0.321783 0.535426
vt 0.325909 0.526014
vt 0.325984 0.525843
vt 0.325810 0.526242
vt 0.325909 0.526014
vt 0.550839 0.817911
vt 0.541715 0.818607
vt 0.541715 0.818607
vt 0.537140 0.818814
vt 0.325984 0.525843
vt 0.326527 0.524672
vt 0.333347 0.510200
vt 0.334698 0.507410
vt 0.331525 0.513990
vt 0.333347 0.510200
vt 0.565872 0.816432
vt 0.563675 0.816753
vt 0.562375 0.816899
vt 0.557453 0.817360
vt 0.563675 0.816753
vt 0.562375 0.816899
vt 0.341176 0.494694
vt 0.343691 0.489901
vt 0.337600 0.501668
vt 0.339150 0.498595
vt 0.594535 0.811838
vt 0.585016 0.813673
vt 0.585016 0.813673
vt 0.579470 0.814599
vt 0.344125 0.489097
vt 0.348394 0.481194
vt 0.352419 0.473969
vt 0.353227 0.472540
vt 0.351212 0.476140
vt 0.352419 0.473969
vt 0.609026 0.808574
vt 0.606389 0.809264
vt 0.604858 0.809627
vt 0.598973 0.810917
vt 0.606389 0.809264
vt 0.604858 0.809627
vt 0.353227 0.472540
vt 0.357046 0.465912
vt 0.361539 0.458225
vt 0.363171 0.455446
vt 0.358861 0.462782
vt 0.361539 0.458225
vt 0.636405 0.801137
vt 0.627733 0.803645
vt 0.627733 0.803645
vt 0.621964 0.805278
vt 0.370959 0.442629
vt 0.372927 0.439455
vt 0.367247 0.448697
vt 0.368112 0.447274
vt 0.648668 0.797460
vt 0.648527 0.797508
vt 0.648412 0.797545
vt 0.647651 0.797775
vt 0.648527 0.797508
vt 0.648412 0.797545
vt 0.380702 0.427128
vt 0.382219 0.424744
vt 0.376865 0.433173
vt 0.377619 0.431982
vt 0.671039 0.789589
vt 0.668538 0.790610
vt 0.668538 0.790610
vt 0.666468 0.791384
vt 0.382219 0.424744
vt 0.385398 0.419864
vt 0.391093 0.411014
vt 0.391375 0.410587
vt 0.390135 0.412503
vt 0.391093 0.411014
vt 0.692611 0.780520
vt 0.687956 0.782662
vt 0.687956 0.782662
vt 0.684185 0.784314
vt 0.398550 0.399795
vt 0.400704 0.396603
vt 0.391375 0.410587
vt 0.391881 0.409827
vt 0.713816 0.770305
vt 0.706993 0.773814
vt 0.706993 0.773814
vt 0.701541 0.776491
vt 0.406400 0.388173
vt 0.409988 0.382964
vt 0.400704 0.396603
vt 0.403964 0.391791
vt 0.734343 0.759261
vt 0.725631 0.764128
vt 0.725631 0.764128
vt 0.718515 0.767955
vt 0.415633 0.374820
vt 0.419571 0.369226
vt 0.409988 0.382964
vt 0.413914 0.377321
vt 0.744628 0.753193
vt 0.743743 0.753762
vt 0.743119 0.754148
vt 0.737690 0.757325
vt 0.743743 0.753762
vt 0.743119 0.754148
vt 0.428413 0.356945
vt 0.430379 0.354278
vt 0.419571 0.369226
vt 0.422724 0.364910
vt 0.435959 0.346713
vt 0.436902 0.345480
vt 0.434875 0.348163
vt 0.435959 0.346713
vt 0.447032 0.331896
vt 0.447321 0.331519
vt 0.767910 0.738063
vt 0.761733 0.742314
vt 0.761733 0.742314
vt 0.758491 0.744479
vt 0.780865 0.728952
vt 0.776467 0.732160
vt 0.801643 0.712568
vt 0.793842 0.718947
vt 0.791146 0.721063
vt 0.786008 0.725064
vt 0.453200 0.323762
vt 0.458988 0.316133
vt 0.447321 0.331519
vt 0.447592 0.331169
vt 0.447592 0.331169
vt 0.451947 0.325419
vt 0.821640 0.694943
vt 0.821460 0.695115
vt 0.810295 0.705279
vt 0.808002 0.707219
vt 0.811883 0.703834
vt 0.810295 0.705279
vt 0.468442 0.303607
vt 0.471200 0.299958
vt 0.458988 0.316133
vt 0.463287 0.310507
vt 0.839588 0.676856
vt 0.834169 0.682591
vt 0.830834 0.685948
vt 0.826961 0.689891
vt 0.477484 0.291681
vt 0.483568 0.283613
vt 0.471200 0.299958
vt 0.472638 0.298103
vt 0.472638 0.298103
vt 0.477358 0.291849
vt 0.876220 0.631627
vt 0.871829 0.637772
vt 0.867535 0.643403
vt 0.862895 0.649541
vt 0.861394 0.651550
vt 0.858817 0.654732
vt 0.862895 0.649541
vt 0.861394 0.651550
vt 0.855659 0.658553
vt 0.852071 0.662960
vt 0.847934 0.667643
vt 0.846515 0.669276
vt 0.492972 0.271126
vt 0.495365 0.267995
vt 0.483568 0.283613
vt 0.487344 0.278714
vt 0.912735 0.577430
vt 0.911597 0.579162
vt 0.905124 0.588621
vt 0.900443 0.595796
vt 0.900443 0.595796
vt 0.897594 0.600254
vt 0.889059 0.612950
vt 0.888511 0.613813
vt 0.501024 0.260540
vt 0.501634 0.259741
vt 0.495365 0.267995
vt 0.496672 0.266339
vt 0.561043 0.076079
vt 0.560699 0.073912
vt 0.930435 0.552196
vt 0.925683 0.558853
vt 0.925683 0.558853
vt 0.923022 0.562798
vt 0.913058 0.576926
vt 0.912735 0.577430
vt 0.513826 0.243384
vt 0.516781 0.239503
vt 0.506417 0.253404
vt 0.509928 0.248794
vt 0.565196 0.136723
vt 0.565603 0.131144
vt 0.565460 0.117004
vt 0.565438 0.112806
vt 0.565406 0.111407
vt 0.565185 0.108017
vt 0.565438 0.112806
vt 0.565406 0.111407
vt 0.564545 0.100725
vt 0.563819 0.094229
vt 0.561172 0.077021
vt 0.561043 0.076079
vt 0.525438 0.227402
vt 0.526937 0.225397
vt 0.516781 0.239503
vt 0.519047 0.236503
vt 0.532044 0.217926
vt 0.532955 0.216578
vt 0.539053 0.206964
vt 0.542411 0.201695
vt 0.543842 0.199419
vt 0.546622 0.194484
vt 0.542411 0.201695
vt 0.543842 0.199419
vt 0.547683 0.192505
vt 0.550509 0.187249
vt 0.552729 0.182392
vt 0.554436 0.178711
vt 0.557240 0.171624
vt 0.559963 0.163855
vt 0.560910 0.160398
vt 0.563620 0.148699
vt 0.563641 0.148537
vt 0.565196 0.136723
vt 0.526937 0.225397
vt 0.527992 0.223946
vt 0.879509 0.626851
vt 0.876220 0.631627
vt 0.888511 0.613813
vt 0.887347 0.615578
vt 0.238022 0.914361
vt 0.860154 0.841104
vt 0.002652 0.542116
vt 0.739740 0.936321
vt 0.514007 0.001961
vt 0.007765 0.412322
vt 0.535846 0.003520
vt 0.047193 0.703588
vt 0.207448 0.069517
vt 0.918702 0.222547
vt 0.003549 0.552929
vt 0.002068 0.537054
vt 0.012373 0.391005
vt 0.881914 0.815145
vt 0.830453 0.869310
vt 0.285324 0.941870
vt 0.028426 0.338793
vt 0.946262 0.276873
vt 0.972362 0.600669
vt 0.001098 0.508988
vt 0.207429 0.894414
vt 0.592290 0.011194
vt 0.997889 0.438928
vt 0.503479 1.000000
vt 0.674376 0.967615
vt 0.368786 0.978173
vt 0.072360 0.766505
vt 0.055139 0.241917
vt 0.467659 0.000047
vt 0.641460 0.979293
vt 0.075524 0.771653
vt 0.981269 0.571478
vt 0.759941 0.925051
vt 0.386257 0.003848
vt 0.125429 0.834505
vt 0.471232 0.998291
vt 0.333545 0.012222
vt 0.421785 0.992318
vt 0.365138 0.007177
vt 0.946151 0.690324
vt 0.244022 0.047028
vt 0.062073 0.745832
vt 0.008950 0.405914
vt 0.050233 0.264739
vt 0.228783 0.908470
vt 0.342419 0.968233
vt 0.085335 0.178015
vt 0.874216 0.159403
vt 0.356812 0.008459
vt 0.499339 0.000834
vt 0.920811 0.754638
vt 0.294731 0.026093
vt 0.618709 0.985408
vt 0.911396 0.773106
vt 0.551950 0.998030
vt 0.333977 0.012093
vt 0.066597 0.208339
vt 0.968845 0.333461
vt 0.024132 0.641531
vt 0.228006 0.056166
vt 0.180403 0.875564
vt 0.934556 0.721837
vt 0.407636 0.989416
vt 0.100771 0.807856
vt 0.019468 0.367411
vt 0.997671 0.492794
vt 0.130802 0.129666
vt 0.861030 0.840162
vt 0.929094 0.734365
vt 0.478158 0.999063
vt 0.347095 0.010001
vt 0.379067 0.004820
vt 0.862577 0.838467
vt 0.442065 0.000543
vt 0.116909 0.825880
vt 0.301981 0.950089
vt 0.883881 0.169898
vt 0.526834 0.999385
vt 0.779168 0.911188
vt 0.517610 0.002270
vt 0.659715 0.973340
vt 0.000000 0.474552
vt 0.955384 0.663566
vt 0.954416 0.667497
vt 0.665594 0.028699
vt 0.006767 0.417551
vt 0.972386 0.343049
vt 0.040877 0.300596
vt 0.302516 0.022567
vt 0.608844 0.988119
vt 0.286054 0.942274
vt 0.602274 0.989628
vt 0.455553 0.997088
vt 0.000968 0.499702
vt 0.159577 0.103574
vt 0.626231 0.983537
vt 0.134036 0.126634
vt 0.265890 0.930468
vt 0.055188 0.241695
vt 0.017128 0.620713
vt 0.303842 0.951102
vt 0.050963 0.261367
vt 0.078276 0.776310
vt 0.985104 0.553195
vt 0.286632 0.942563
vt 0.896556 0.795665
vt 0.028735 0.337574
vt 0.741421 0.060237
vt 0.081467 0.781293
vt 0.019160 0.627194
vt 0.707801 0.953044
vt 0.874224 0.823620
vt 0.517711 0.999629
vt 0.541852 0.998655
vt 0.000769 0.456474
vt 0.049813 0.711851
vt 0.610165 0.014327
vt 0.033877 0.322630
vt 0.031104 0.660290
vt 0.014408 0.610184
vt 0.027782 0.340793
vt 0.255157 0.042992
vt 0.902612 0.786473
vt 0.669087 0.029867
vt 0.923639 0.231246
vt 0.944172 0.272352
vt 0.576970 0.994692
vt 0.011727 0.599470
vt 0.836342 0.121334
vt 0.051472 0.259069
vt 0.078507 0.187716
vt 0.430742 0.994184
vt 0.098249 0.804324
vt 0.780239 0.080056
vt 0.044530 0.695660
vt 0.138117 0.845586
vt 0.829091 0.115161
vt 0.775827 0.913637
vt 0.363252 0.976298
vt 0.997743 0.492399
vt 0.987244 0.545899
vt 0.190775 0.080378
vt 0.059996 0.222430
vt 0.797472 0.897550
vt 0.906110 0.201182
vt 0.001712 0.528041
vt 0.545287 0.005004
vt 0.699867 0.041139
vt 0.689731 0.037799
vt 0.948666 0.283298
vt 0.554120 0.005950
vt 0.164459 0.099513
vt 0.194579 0.885232
vt 0.385183 0.983133
vt 0.290148 0.944321
vt 0.185113 0.878666
vt 0.804739 0.096252
vt 0.997729 0.492492
vt 0.992355 0.519210
vt 0.955380 0.299173
vt 0.030135 0.657702
vt 0.040209 0.682539
vt 0.973705 0.595414
vt 0.010250 0.593051
vt 0.934181 0.250042
vt 0.151594 0.856627
vt 0.055939 0.730037
vt 0.591278 0.011106
vt 0.412049 0.001787
vt 0.030274 0.332968
vt 0.858717 0.142110
vt 0.994633 0.423832
vt 0.223104 0.904950
vt 0.991118 0.407925
vt 0.156369 0.859692
vt 0.046689 0.281126
vt 0.451219 0.996620
vt 0.003978 0.557767
vt 0.852662 0.135919
vt 0.985961 0.386295
vt 0.790046 0.903202
vt 0.126876 0.133231
vt 0.224742 0.058062
vt 0.005814 0.569933
vt 0.112654 0.821176
vt 0.054821 0.243366
vt 0.568565 0.007315
vt 0.711689 0.045318
vt 0.055272 0.241427
vt 0.900262 0.790501
vt 0.007398 0.414063
vt 0.733645 0.939581
vt 0.011339 0.394916
vt 0.022306 0.357529
vt 0.166312 0.865684
vt 0.804504 0.096091
vt 0.174568 0.091267
vt 0.629266 0.018988
vt 0.936305 0.253977
vt 0.769151 0.073839
vt 0.580547 0.994008
vt 0.811769 0.885851
vt 0.271557 0.035237
vt 0.562247 0.996480
vt 0.253431 0.923643
vt 0.967469 0.620029
vt 0.973589 0.595792
vt 0.730696 0.054988
vt 0.158967 0.104117
vt 0.894290 0.183157
vt 0.394234 0.985696
vt 0.102470 0.809823
vt 0.502749 0.999989
vt 0.670696 0.030397
vt 0.202271 0.890753
vt 0.952772 0.671867
vt 0.989916 0.531052
vt 0.000372 0.485381
vt 0.621496 0.016858
vt 0.738662 0.936946
vt 0.017937 0.623226
vt 0.455404 0.000109
vt 0.587812 0.010371
vt 0.070933 0.200178
vt 0.265883 0.037838
vt 0.733293 0.056307
vt 0.053995 0.724841
vt 0.919283 0.757526
vt 0.160104 0.103142
vt 0.067444 0.757521
vt 0.334173 0.964788
vt 0.173471 0.092080
vt 0.866615 0.151387
vt 0.108115 0.150707
vt 0.840383 0.858610
vt 0.824921 0.873773
vt 0.007292 0.578457
vt 0.004083 0.433684
vt 0.992865 0.413367
vt 0.244964 0.918339
vt 0.649004 0.023561
vt 0.068288 0.204524
vt 0.887652 0.807320
vt 0.306784 0.952471
vt 0.400840 0.002597
vt 0.089683 0.792862
vt 0.576371 0.994782
vt 0.026551 0.648037
vt 0.454368 0.997061
vt 0.605087 0.988913
vt 0.458043 0.997321
vt 0.008202 0.583582
vt 0.010785 0.397243
vt 0.986728 0.388900
vt 0.974839 0.350624
vt 0.961538 0.644025
vt 0.922614 0.750583
vt 0.036531 0.673623
vt 0.145246 0.116597
vt 0.001350 0.516341
vt 0.804834 0.096317
vt 0.993650 0.513114
vt 0.208594 0.895288
vt 0.201318 0.073266
vt 0.964358 0.320937
vt 0.311180 0.018986
vt 0.307465 0.020152
vt 0.716796 0.948207
vt 0.756172 0.067478
vt 0.979678 0.365647
vt 0.043397 0.291761
vt 0.910122 0.207586
vt 0.724864 0.051824
vt 0.694801 0.959009
vt 0.804781 0.096277
vt 0.124915 0.834038
vt 0.937943 0.712827
vt 0.699963 0.956594
vt 0.421804 0.001037
vt 0.973513 0.596084
vt 0.036431 0.315107
vt 0.960164 0.311561
vt 0.741520 0.935351
vt 0.713292 0.950335
vt 0.031790 0.662106
vt 0.397024 0.002916
vt 0.832177 0.117807
vt 0.060253 0.741000
vt 0.430461 0.000780
vt 0.967697 0.618892
vt 0.041292 0.685682
vt 0.000929 0.453824
vt 0.502310 0.999999
vt 0.288515 0.028156
vt 0.125084 0.834189
vt 0.461671 0.000000
vt 0.856737 0.843966
vt 0.943343 0.698371
vt 0.034799 0.319867
vt 0.814408 0.883524
vt 0.089960 0.171810
vt 0.109007 0.817277
vt 0.355182 0.973188
vt 0.577431 0.994627
vt 0.176178 0.090165
vt 0.572704 0.007826
vt 0.649575 0.976858
vt 0.235207 0.051756
vt 0.480719 0.000364
vt 0.218982 0.061870
vt 0.897806 0.188282
vt 0.148641 0.854218
vt 0.058231 0.735829
vt 0.845132 0.854018
vt 0.997758 0.492244
vt 0.002563 0.441798
vt 0.847528 0.851531
vt 0.519333 0.002422
vt 0.000945 0.495433
vt 0.040718 0.683893
vt 0.437780 0.000664
vt 0.116248 0.142785
vt 1.000000 0.465358
vt 0.210542 0.896572
vt 0.967133 0.621214
vt 0.171637 0.869421
vt 0.102528 0.156792
vt 0.752784 0.928742
vt 0.085708 0.787168
vt 0.016740 0.376230
vt 0.500692 0.999928
vt 0.642976 0.022109
vt 0.000430 0.462952
vt 0.096046 0.164361
vt 0.322472 0.960117
vt 0.269556 0.932592
vt 0.672306 0.968499
vt 0.998456 0.448816
vt 0.490620 0.000571
usemtl golden_strawberry_skin
f 6/6 5/5 4/4
f 6/6 4/4 1/1
f 4/4 8/8 7/7
f 4/4 7/7 1/1
f 11/11 10/10 9/9
f 11/11 9/9 2/2
f 13/13 12/12 11/11
f 13/13 11/11 2/2
f 9/9 14/14 13/13
f 9/9 13/13 2/2
f 17/17 16/16 15/15
f 17/17 15/15 3/3
f 15/15 19/19 18/18
f 15/15 18/18 3/3
f 18/18 20/20 17/17
f 18/18 17/17 3/3
f 27/27 26/26 25/25
f 29/29 28/28 26/26
f 29/29 26/26 27/27
f 31/31 30/30 28/28
f 31/31 28/28 29/29
f 33/33 32/32 30/30
f 33/33 30/30 31/31
f 21/21 22/22 33/33
f 21/21 33/33 31/31
f 35/35 34/34 32/32
f 35/35 32/32 33/33
f 22/22 36/36 35/35
f 22/22 35/35 33/33
f 38/38 37/37 35/35
f 38/38 35/35 36/36
f 23/23 39/39 38/38
f 23/23 38/38 36/36
f 22/22 23/23 36/36
f 41/41 40/40 38/38
f 41/41 38/38 39/39
f 43/43 42/42 41/41
f 47/47 46/46 45/45
f 49/49 48/48 46/46
f 49/49 46/46 47/47
f 51/51 50/50 48/48
f 51/51 48/48 49/49
f 24/24 25/25 51/51
f 24/24 51/51 49/49
f 53/53 52/52 50/50
f 53/53 50/50 51/51
f 25/25 26/26 53/53
f 25/25 53/53 51/51
f 55/55 54/54 52/52
f 55/55 52/52 53/53
f 26/26 28/28 55/55
f 26/26 55/55 53/53
f 57/57 56/56 54/54
f 57/57 54/54 55/55
f 28/28 30/30 57/57
f 28/28 57/57 55/55
f 59/59 58/58 56/56
f 59/59 56/56 57/57
f 30/30 32/32 59/59
f 30/30 59/59 57/57
f 61/61 60/60 58/58
f 61/61 58/58 59/59
f 32/32 34/34 61/61
f 32/32 61/61 59/59
f 63/63 62/62 60/60
f 63/63 60/60 61/61
f 34/34 64/64 63/63
f 34/34 63/63 61/61
f 66/66 65/65 63/63
f 66/66 63/63 64/64
f 37/37 67/67 66/66
f 37/37 66/66 64/64
f 34/34 35/35 37/37
f 34/34 37/37 64/64
f 69/69 68/68 66/66
f 69/69 66/66 67/67
f 40/40 70/70 69/69
f 40/40 69/69 67/67
f 37/37 38/38 40/40
f 37/37 40/40 67/67
f 72/72 71/71 69/69
f 72/72 69/69 70/70
f 42/42 73/73 72/72
f 42/42 72/72 70/70
f 40/40 41/41 42/42
f 40/40 42/42 70/70
f 75/75 74/74 72/72
f 75/75 72/72 73/73
f 44/44 76/76 75/75
f 44/44 75/75 73/73
f 42/42 43/43 44/44
f 42/42 44/44 73/73
f 78/78 77/77 75/75
f 78/78 75/75 76/76
f 82/82 81/81 80/80
f 84/84 83/83 81/81
f 84/84 81/81 82/82
f 86/86 85/85 83/83
f 86/86 83/83 84/84
f 45/45 46/46 86/86
f 45/45 86/86 84/84
f 88/88 87/87 85/85
f 88/88 85/85 86/86
f 46/46 48/48 88/88
f 46/46 88/88 86/86
f 90/90 89/89 87/87
f 90/90 87/87 88/88
f 48/48 50/50 90/90
f 48/48 90/90 88/88
f 92/92 91/91 89/89
f 92/92 89/89 90/90
f 50/50 52/52 92/92
f 50/50 92/92 90/90
f 94/94 93/93 91/91
f 94/94 91/91 92/92
f 52/52 54/54 94/94
f 52/52 94/94 92/92
f 96/96 95/95 93/93
f 96/96 93/93 94/94
f 54/54 56/56 96/96
f 54/54 96/96 94/94
f 98/98 97/97 95/95
f 98/98 95/95 96/96
f 56/56 58/58 98/98
f 56/56 98/98 96/96
f 100/100 99/99 97/97
f 100/100 97/97 98/98
f 58/58 60/60 100/100
f 58/58 100/100 98/98
f 102/102 101/101 99/99
f 102/102 99/99 100/100
f 60/60 62/62 102/102
f 60/60 102/102 100/100
f 104/104 103/103 101/101
f 104/104 101/101 102/102
f 62/62 105/105 104/104
f 62/62 104/104 102/102
f 107/107 106/106 104/104
f 107/107 104/104 105/105
f 65/65 108/108 107/107
f 65/65 107/107 105/105
f 62/62 63/63 65/65
f 62/62 65/65 105/105
f 110/110 109/109 107/107
f 110/110 107/107 108/108
f 68/68 111/111 110/110
f 68/68 110/110 108/108
f 65/65 66/66 68/68
f 65/65 68/68 108/108
f 113/113 112/112 110/110
f 113/113 110/110 111/111
f 71/71 114/114 113/113
f 71/71 113/113 111/111
f 68/68 69/69 71/71
f 68/68 71/71 111/111
f 116/116 115/115 113/113
f 116/116 113/113 114/114
f 74/74 117/117 116/116
f 74/74 116/116 114/114
f 71/71 72/72 74/74
f 71/71 74/74 114/114
f 119/119 118/118 116/116
f 119/119 116/116 117/117
f 77/77 120/120 119/119
f 77/77 119/119 117/117
f 74/74 75/75 77/77
f 74/74 77/77 117/117
f 122/122 121/121 119/119
f 122/122 119/119 120/120
f 79/79 123/123 122/122
f 79/79 122/122 120/120
f 77/77 78/78 79/79
f 77/77 79/79 120/120
f 125/125 124/124 122/122
f 125/125 122/122 123/123
f 130/130 129/129 127/127
f 130/130 127/127 128/128
f 132/132 131/131 129/129
f 132/132 129/129 130/130
f 80/80 81/81 132/132
f 80/80 132/132 130/130
f 134/134 133/133 131/131
f 134/134 131/131 132/132
f 81/81 83/83 134/134
f 81/81 134/134 132/132
f 136/136 135/135 133/133
f 136/136 133/133 134/134
f 83/83 85/85 136/136
f 83/83 136/136 134/134
f 138/138 137/137 135/135
f 138/138 135/135 136/136
f 85/85 87/87 138/138
f 85/85 138/138 136/136
f 140/140 139/139 137/137
f 140/140 137/137 138/138
f 87/87 89/89 140/140
f 87/87 140/140 138/138
f 142/142 141/141 139/139
f 142/142 139/139 140/140
f 89/89 91/91 142/142
f 89/89 142/142 140/140
f 144/144 143/143 141/141
f 144/144 141/141 142/142
f 91/91 93/93 144/144
f 91/91 144/144 142/142
f 146/146 145/145 143/143
f 146/146 143/143 144/144
f 93/93 95/95 146/146
f 93/93 146/146 144/144
f 149/149 147/147 145/145
f 149/149 145/145 146/146
f 95/95 97/97 149/149
f 95/95 149/149 146/146
f 151/151 150/150 148/148
f 151/151 148/148 149/149
f 97/97 99/99 151/151
f 97/97 151/151 149/149
f 153/153 152/152 150/150
f 153/153 150/150 151/151
f 99/99 101/101 153/153
f 99/99 153/153 151/151
f 155/155 154/154 152/152
f 155/155 152/152 153/153
f 101/101 103/103 155/155
f 101/101 155/155 153/153
f 157/157 156/156 154/154
f 157/157 154/154 155/155
f 103/103 158/158 157/157
f 103/103 157/157 155/155
f 160/160 159/159 157/157
f 160/160 157/157 158/158
f 106/106 161/161 160/160
f 106/106 160/160 158/158
f 103/103 104/104 106/106
f 103/103 106/106 158/158
f 163/163 162/162 160/160
f 163/163 160/160 161/161
f 109/109 164/164 163/163
f 109/109 163/163 161/161
f 106/106 107/107 109/109
f 106/106 109/109 161/161
f 166/166 165/165 163/163
f 166/166 163/163 164/164
f 112/112 167/167 166/166
f 112/112 166/166 164/164
f 109/109 110/110 112/112
f 109/109 112/112 164/164
f 169/169 168/168 166/166
f 169/169 166/166 167/167
f 115/115 170/170 169/169
f 115/115 169/169 167/167
f 112/112 113/113 115/115
f 112/112 115/115 167/167
f 172/172 171/171 169/169
f 172/172 169/169 170/170
f 118/118 173/173 172/172
f 118/118 172/172 170/170
f 115/115 116/116 118/118
f 115/115 118/118 170/170
f 175/175 174/174 172/172
f 175/175 172/172 173/173
f 121/121 176/176 175/175
f 121/121 175/175 173/173
f 118/118 119/119 121/121
f 118/118 121/121 173/173
f 178/178 177/177 175/175
f 178/178 175/175 176/176
f 124/124 179/179 178/178
f 124/124 178/178 176/176
f 121/121 122/122 124/124
f 121/121 124/124 176/176
f 181/181 180/180 178/178
f 181/181 178/178 179/179
f 183/183 182/182 181/181
f 183/183 181/181 179/179
f 124/124 125/125 183/183
f 124/124 183/183 179/179
f 185/185 184/184 182/182
f 185/185 182/182 183/183
f 125/125 126/126 185/185
f 125/125 185/185 183/183
f 188/188 187/187 186/186
f 190/190 189/189 187/187
f 190/190 187/187 188/188
f 192/192 191/191 189/189
f 192/192 189/189 190/190
f 127/127 129/129 192/192
f 127/127 192/192 190/190
f 194/194 193/193 191/191
f 194/194 191/191 192/192
f 129/129 131/131 194/194
f 129/129 194/194 192/192
f 196/196 195/195 193/193
f 196/196 193/193 194/194
f 131/131 133/133 196/196
f 131/131 196/196 194/194
f 198/198 197/197 195/195
f 198/198 195/195 196/196
f 133/133 135/135 198/198
f 133/133 198/198 196/196
f 200/200 199/199 197/197
f 200/200 197/197 198/198
f 135/135 137/137 200/200
f 135/135 200/200 198/198
f 202/202 201/201 199/199
f 202/202 199/199 200/200
f 137/137 139/139 202/202
f 137/137 202/202 200/200
f 204/204 203/203 201/201
f 204/204 201/201 202/202
f 139/139 141/141 204/204
f 139/139 204/204 202/202
f 206/206 205/205 203/203
f 206/206 203/203 204/204
f 141/141 143/143 206/206
f 141/141 206/206 204/204
f 208/208 207/207 205/205
f 208/208 205/205 206/206
f 143/143 145/145 208/208
f 143/143 208/208 206/206
f 212/212 210/210 207/207
f 212/212 207/207 208/208
f 145/145 147/147 212/212
f 145/145 212/212 208/208
f 214/214 213/213 209/209
f 214/214 209/209 211/211
f 148/148 150/150 214/214
f 148/148 214/214 211/211
f 216/216 215/215 213/213
f 216/216 213/213 214/214
f 150/150 152/152 216/216
f 150/150 216/216 214/214
f 218/218 217/217 215/215
f 218/218 215/215 216/216
f 152/152 154/154 218/218
f 152/152 218/218 216/216
f 220/220 219/219 217/217
f 220/220 217/217 218/218
f 154/154 156/156 220/220
f 154/154 220/220 218/218
f 222/222 221/221 219/219
f 222/222 219/219 220/220
f 156/156 223/223 222/222
f 156/156 222/222 220/220
f 225/225 224/224 222/222
f 225/225 222/222 223/223
f 159/159 226/226 225/225
f 159/159 225/225 223/223
f 156/156 157/157 159/159
f 156/156 159/159 223/223
f 228/228 227/227 225/225
f 228/228 225/225 226/226
f 162/162 229/229 228/228
f 162/162 228/228 226/226
f 159/159 160/160 162/162
f 159/159 162/162 226/226
f 231/231 230/230 228/228
f 231/231 228/228 229/229
f 165/165 232/232 231/231
f 165/165 231/231 229/229
f 162/162 163/163 165/165
f 162/162 165/165 229/229
f 234/234 233/233 231/231
f 234/234 231/231 232/232
f 168/168 235/235 234/234
f 168/168 234/234 232/232
f 165/165 166/166 168/168
f 165/165 168/168 232/232
f 237/237 236/236 234/234
f 237/237 234/234 235/235
f 171/171 238/238 237/237
f 171/171 237/237 235/235
f 168/168 169/169 171/171
f 168/168 171/171 235/235
f 240/240 239/239 237/237
f 240/240 237/237 238/238
f 174/174 241/241 240/240
f 174/174 240/240 238/238
f 171/171 172/172 174/174
f 171/171 174/174 238/238
f 243/243 242/242 240/240
f 243/243 240/240 241/241
f 177/177 244/244 243/243
f 177/177 243/243 241/241
f 174/174 175/175 177/177
f 174/174 177/177 241/241
f 246/246 245/245 243/243
f 246/246 243/243 244/244
f 180/180 247/247 246/246
f 180/180 246/246 244/244
f 177/177 178/178 180/180
f 177/177 180/180 244/244
f 249/249 248/248 246/246
f 249/249 246/246 247/247
f 251/251 250/250 249/249
f 251/251 249/249 247/247
f 180/180 181/181 251/251
f 180/180 251/251 247/247
f 253/253 252/252 250/250
f 253/253 250/250 251/251
f 181/181 182/182 253/253
f 181/181 253/253 251/251
f 255/255 254/254 252/252
f 255/255 252/252 253/253
f 182/182 184/184 255/255
f 182/182 255/255 253/253
f 258/258 257/257 256/256
f 260/260 259/259 257/257
f 260/260 257/257 258/258
f 186/186 187/187 260/260
f 186/186 260/260 258/258
f 262/262 261/261 259/259
f 262/262 259/259 260/260
f 187/187 189/189 262/262
f 187/187 262/262 260/260
f 264/264 263/263 261/261
f 264/264 261/261 262/262
f 189/189 191/191 264/264
f 189/189 264/264 262/262
f 266/266 265/265 263/263
f 266/266 263/263 264/264
f 191/191 193/193 266/266
f 191/191 266/266 264/264
f 268/268 267/267 265/265
f 268/268 265/265 266/266
f 193/193 195/195 268/268
f 193/193 268/268 266/266
f 270/270 269/269 267/267
f 270/270 267/267 268/268
f 195/195 197/197 270/270
f 195/195 270/270 268/268
f 272/272 271/271 269/269
f 272/272 269/269 270/270
f 197/197 199/199 272/272
f 197/197 272/272 270/270
f 274/274 273/273 271/271
f 274/274 271/271 272/272
f 199/199 201/201 274/274
f 199/199 274/274 272/272
f 276/276 275/275 273/273
f 276/276 273/273 274/274
f 201/201 203/203 276/276
f 201/201 276/276 274/274
f 278/278 277/277 275/275
f 278/278 275/275 276/276
f 203/203 205/205 278/278
f 203/203 278/278 276/276
f 280/280 279/279 277/277
f 280/280 277/277 278/278
f 205/205 207/207 280/280
f 205/205 280/280 278/278
f 283/283 282/282 279/279
f 283/283 279/279 280/280
f 207/207 210/210 283/283
f 207/207 283/283 280/280
f 286/286 285/285 281/281
f 286/286 281/281 284/284
f 209/209 213/213 286/286
f 209/209 286/286 284/284
f 288/288 287/287 285/285
f 288/288 285/285 286/286
f 213/213 215/215 288/288
f 213/213 288/288 286/286
f 290/290 289/289 287/287
f 290/290 287/287 288/288
f 215/215 217/217 290/290
f 215/215 290/290 288/288
f 292/292 291/291 289/289
f 292/292 289/289 290/290
f 217/217 219/219 292/292
f 217/217 292/292 290/290
f 294/294 293/293 291/291
f 294/294 291/291 292/292
f 219/219 221/221 294/294
f 219/219 294/294 292/292
f 296/296 295/295 293/293
f 296/296 293/293 294/294
f 221/221 297/297 296/296
f 221/221 296/296 294/294
f 299/299 298/298 296/296
f 299/299 296/296 297/297
f 224/224 300/300 299/299
f 224/224 299/299 297/297
f 221/221 222/222 224/224
f 221/221 224/224 297/297
f 302/302 301/301 299/299
f 302/302 299/299 300/300
f 227/227 303/303 302/302
f 227/227 302/302 300/300
f 224/224 225/225 227/227
f 224/224 227/227 300/300
f 305/305 304/304 302/302
f 305/305 302/302 303/303
f 230/230 306/306 305/305
f 230/230 305/305 303/303
f 227/227 228/228 230/230
f 227/227 230/230 303/303
f 308/308 307/307 305/305
f 308/308 305/305 306/306
f 233/233 309/309 308/308
f 233/233 308/308 306/306
f 230/230 231/231 233/233
f 230/230 233/233 306/306
f 311/311 310/310 308/308
f 311/311 308/308 309/309
f 236/236 312/312 311/311
f 236/236 311/311 309/309
f 233/233 234/234 236/236
f 233/233 236/236 309/309
f 314/314 313/313 311/311
f 314/314 311/311 312/312
f 239/239 315/315 314/314
f 239/239 314/314 312/312
f 236/236 237/237 239/239
f 236/236 239/239 312/312
f 317/317 316/316 314/314
f 317/317 314/314 315/315
f 242/242 318/318 317/317
f 242/242 317/317 315/315
f 239/239 240/240 242/242
f 239/239 242/242 315/315
f 320/320 319/319 317/317
f 320/320 317/317 318/318
f 245/245 321/321 320/320
f 245/245 320/320 318/318
f 242/242 243/243 245/245
f 242/242 245/245 318/318
f 323/323 322/322 320/320
f 323/323 320/320 321/321
f 248/248 324/324 323/323
f 248/248 323/323 321/321
f 245/245 246/246 248/248
f 245/245 248/248 321/321
f 326/326 325/325 323/323
f 326/326 323/323 324/324
f 328/328 327/327 326/326
f 328/328 326/326 324/324
f 248/248 249/249 328/328
f 248/248 328/328 324/324
f 330/330 329/329 327/327
f 330/330 327/327 328/328
f 249/249 250/250 330/330
f 249/249 330/330 328/328
f 332/332 331/331 329/329
f 332/332 329/329 330/330
f 250/250 252/252 332/332
f 250/250 332/332 330/330
f 334/334 333/333 331/331
f 334/334 331/331 332/332
f 252/252 254/254 334/334
f 252/252 334/334 332/332
f 336/336 335/335 333/333
f 336/336 333/333 334/334
f 254/254 336/336 334/334
f 339/339 338/338 337/337
f 341/341 340/340 338/338
f 341/341 338/338 339/339
f 256/256 257/257 341/341
f 256/256 341/341 339/339
f 343/343 342/342 340/340
f 343/343 340/340 341/341
f 257/257 259/259 343/343
f 257/257 343/343 341/341
f 345/345 344/344 342/342
f 345/345 342/342 343/343
f 259/259 261/261 345/345
f 259/259 345/345 343/343
f 347/347 346/346 344/344
f 347/347 344/344 345/345
f 261/261 263/263 347/347
f 261/261 347/347 345/345
f 349/349 348/348 346/346
f 349/349 346/346 347/347
f 263/263 265/265 349/349
f 263/263 349/349 347/347
f 351/351 350/350 348/348
f 351/351 348/348 349/349
f 265/265 267/267 351/351
f 265/265 351/351 349/349
f 353/353 352/352 350/350
f 353/353 350/350 351/351
f 267/267 269/269 353/353
f 267/267 353/353 351/351
f 355/355 354/354 352/352
f 355/355 352/352 353/353
f 269/269 271/271 355/355
f 269/269 355/355 353/353
f 357/357 356/356 354/354
f 357/357 354/354 355/355
f 271/271 273/273 357/357
f 271/271 357/357 355/355
f 359/359 358/358 356/356
f 359/359 356/356 357/357
f 273/273 275/275 359/359
f 273/273 359/359 357/357
f 361/361 360/360 358/358
f 361/361 358/358 359/359
f 275/275 277/277 361/361
f 275/275 361/361 359/359
f 363/363 362/362 360/360
f 363/363 360/360 361/361
f 277/277 279/279 363/363
f 277/277 363/363 361/361
f 366/366 365/365 362/362
f 366/366 362/362 363/363
f 279/279 282/282 366/366
f 279/279 366/366 363/363
f 369/369 368/368 364/364
f 369/369 364/364 367/367
f 281/281 285/285 369/369
f 281/281 369/369 367/367
f 371/371 370/370 368/368
f 371/371 368/368 369/369
f 285/285 287/287 371/371
f 285/285 371/371 369/369
f 373/373 372/372 370/370
f 373/373 370/370 371/371
f 287/287 289/289 373/373
f 287/287 373/373 371/371
f 375/375 374/374 372/372
f 375/375 372/372 373/373
f 289/289 291/291 375/375
f 289/289 375/375 373/373
f 377/377 376/376 374/374
f 377/377 374/374 375/375
f 291/291 293/293 377/377
f 291/291 377/377 375/375
f 379/379 378/378 376/376
f 379/379 376/376 377/377
f 293/293 295/295 379/379
f 293/293 379/379 377/377
f 381/381 380/380 378/378
f 381/381 378/378 379/379
f 295/295 382/382 381/381
f 295/295 381/381 379/379
f 384/384 383/383 381/381
f 384/384 381/381 382/382
f 298/298 385/385 384/384
f 298/298 384/384 382/382
f 295/295 296/296 298/298
f 295/295 298/298 382/382
f 387/387 386/386 384/384
f 387/387 384/384 385/385
f 301/301 388/388 387/387
f 301/301 387/387 385/385
f 298/298 299/299 301/301
f 298/298 301/301 385/385
f 390/390 389/389 387/387
f 390/390 387/387 388/388
f 304/304 391/391 390/390
f 304/304 390/390 388/388
f 301/301 302/302 304/304
f 301/301 304/304 388/388
f 393/393 392/392 390/390
f 393/393 390/390 391/391
f 307/307 394/394 393/393
f 307/307 393/393 391/391
f 304/304 305/305 307/307
f 304/304 307/307 391/391
f 396/396 395/395 393/393
f 396/396 393/393 394/394
f 310/310 397/397 396/396
f 310/310 396/396 394/394
f 307/307 308/308 310/310
f 307/307 310/310 394/394
f 399/399 398/398 396/396
f 399/399 396/396 397/397
f 313/313 400/400 399/399
f 313/313 399/399 397/397
f 310/310 311/311 313/313
f 310/310 313/313 397/397
f 402/402 401/401 399/399
f 402/402 399/399 400/400
f 316/316 403/403 402/402
f 316/316 402/402 400/400
f 313/313 314/314 316/316
f 313/313 316/316 400/400
f 405/405 404/404 402/402
f 405/405 402/402 403/403
f 319/319 406/406 405/405
f 319/319 405/405 403/403
f 316/316 317/317 319/319
f 316/316 319/319 403/403
f 408/408 407/407 405/405
f 408/408 405/405 406/406
f 322/322 409/409 408/408
f 322/322 408/408 406/406
f 319/319 320/320 322/322
f 319/319 322/322 406/406
f 411/411 410/410 408/408
f 411/411 408/408 409/409
f 325/325 412/412 411/411
f 325/325 411/411 409/409
f 322/322 323/323 325/325
f 322/322 325/325 409/409
f 414/414 413/413 411/411
f 414/414 411/411 412/412
f 416/416 415/415 414/414
f 416/416 414/414 412/412
f 325/325 326/326 416/416
f 325/325 416/416 412/412
f 418/418 417/417 415/415
f 418/418 415/415 416/416
f 326/326 327/327 418/418
f 326/326 418/418 416/416
f 420/420 419/419 417/417
f 420/420 417/417 418/418
f 327/327 329/329 420/420
f 327/327 420/420 418/418
f 422/422 421/421 419/419
f 422/422 419/419 420/420
f 329/329 331/331 422/422
f 329/329 422/422 420/420
f 424/424 423/423 421/421
f 424/424 421/421 422/422
f 331/331 333/333 424/424
f 331/331 424/424 422/422
f 426/426 425/425 423/423
f 426/426 423/423 424/424
f 333/333 335/335 426/426
f 333/333 426/426 424/424
f 430/430 429/429 428/428
f 432/432 431/431 429/429
f 432/432 429/429 430/430
f 337/337 338/338 432/432
f 337/337 432/432 430/430
f 434/434 433/433 431/431
f 434/434 431/431 432/432
f 338/338 340/340 434/434
f 338/338 434/434 432/432
f 436/436 435/435 433/433
f 436/436 433/433 434/434
f 340/340 342/342 436/436
f 340/340 436/436 434/434
f 438/438 437/437 435/435
f 438/438 435/435 436/436
f 342/342 344/344 438/438
f 342/342 438/438 436/436
f 440/440 439/439 437/437
f 440/440 437/437 438/438
f 344/344 346/346 440/440
f 344/344 440/440 438/438
f 442/442 441/441 439/439
f 442/442 439/439 440/440
f 346/346 348/348 442/442
f 346/346 442/442 440/440
f 444/444 443/443 441/441
f 444/444 441/441 442/442
f 348/348 350/350 444/444
f 348/348 444/444 442/442
f 446/446 445/445 443/443
f 446/446 443/443 444/444
f 350/350 352/352 446/446
f 350/350 446/446 444/444
f 448/448 447/447 445/445
f 448/448 445/445 446/446
f 352/352 354/354 448/448
f 352/352 448/448 446/446
f 450/450 449/449 447/447
f 450/450 447/447 448/448
f 354/354 356/356 450/450
f 354/354 450/450 448/448
f 452/452 451/451 449/449
f 452/452 449/449 450/450
f 356/356 358/358 452/452
f 356/356 452/452 450/450
f 454/454 453/453 451/451
f 454/454 451/451 452/452
f 358/358 360/360 454/454
f 358/358 454/454 452/452
f 456/456 455/455 453/453
f 456/456 453/453 454/454
f 360/360 362/362 456/456
f 360/360 456/456 454/454
f 460/460 458/458 455/455
f 460/460 455/455 456/456
f 362/362 365/365 460/460
f 362/362 460/460 456/456
f 462/462 461/461 457/457
f 462/462 457/457 459/459
f 364/364 368/368 462/462
f 364/364 462/462 459/459
f 464/464 463/463 461/461
f 464/464 461/461 462/462
f 368/368 370/370 464/464
f 368/368 464/464 462/462
f 466/466 465/465 463/463
f 466/466 463/463 464/464
f 370/370 372/372 466/466
f 370/370 466/466 464/464
f 468/468 467/467 465/465
f 468/468 465/465 466/466
f 372/372 374/374 468/468
f 372/372 468/468 466/466
f 470/470 469/469 467/467
f 470/470 467/467 468/468
f 374/374 376/376 470/470
f 374/374 470/470 468/468
f 472/472 471/471 469/469
f 472/472 469/469 470/470
f 376/376 378/378 472/472
f 376/376 472/472 470/470
f 474/474 473/473 471/471
f 474/474 471/471 472/472
f 378/378 380/380 474/474
f 378/378 474/474 472/472
f 476/476 475/475 473/473
f 476/476 473/473 474/474
f 380/380 477/477 476/476
f 380/380 476/476 474/474
f 479/479 478/478 476/476
f 479/479 476/476 477/477
f 383/383 480/480 479/479
f 383/383 479/479 477/477
f 380/380 381/381 383/383
f 380/380 383/383 477/477
f 482/482 481/481 479/479
f 482/482 479/479 480/480
f 386/386 483/483 482/482
f 386/386 482/482 480/480
f 383/383 384/384 386/386
f 383/383 386/386 480/480
f 485/485 484/484 482/482
f 485/485 482/482 483/483
f 389/389 486/486 485/485
f 389/389 485/485 483/483
f 386/386 387/387 389/389
f 386/386 389/389 483/483
f 488/488 487/487 485/485
f 488/488 485/485 486/486
f 392/392 489/489 488/488
f 392/392 488/488 486/486
f 389/389 390/390 392/392
f 389/389 392/392 486/486
f 491/491 490/490 488/488
f 491/491 488/488 489/489
f 395/395 492/492 491/491
f 395/395 491/491 489/489
f 392/392 393/393 395/395
f 392/392 395/395 489/489
f 494/494 493/493 491/491
f 494/494 491/491 492/492
f 398/398 495/495 494/494
f 398/398 494/494 492/492
f 395/395 396/396 398/398
f 395/395 398/398 492/492
f 497/497 496/496 494/494
f 497/497 494/494 495/495
f 401/401 498/498 497/497
f 401/401 497/497 495/495
f 398/398 399/399 401/401
f 398/398 401/401 495/495
f 500/500 499/499 497/497
f 500/500 497/497 498/498
f 404/404 501/501 500/500
f 404/404 500/500 498/498
f 401/401 402/402 404/404
f 401/401 404/404 498/498
f 503/503 502/502 500/500
f 503/503 500/500 501/501
f 407/407 504/504 503/503
f 407/407 503/503 501/501
f 404/404 405/405 407/407
f 404/404 407/407 501/501
f 506/506 505/505 503/503
f 506/506 503/503 504/504
f 410/410 507/507 506/506
f 410/410 506/506 504/504
f 407/407 408/408 410/410
f 407/407 410/410 504/504
f 509/509 508/508 506/506
f 509/509 506/506 507/507
f 413/413 510/510 509/509
f 413/413 509/509 507/507
f 410/410 411/411 413/413
f 410/410 413/413 507/507
f 512/512 511/511 509/509
f 512/512 509/509 510/510
f 514/514 513/513 512/512
f 514/514 512/512 510/510
f 413/413 414/414 514/514
f 413/413 514/514 510/510
f 516/516 515/515 513/513
f 516/516 513/513 514/514
f 414/414 415/415 516/516
f 414/414 516/516 514/514
f 518/518 517/517 515/515
f 518/518 515/515 516/516
f 415/415 417/417 518/518
f 415/415 518/518 516/516
f 520/520 519/519 517/517
f 520/520 517/517 518/518
f 417/417 419/419 520/520
f 417/417 520/520 518/518
f 522/522 521/521 519/519
f 522/522 519/519 520/520
f 419/419 421/421 522/522
f 419/419 522/522 520/520
f 524/524 523/523 521/521
f 524/524 521/521 522/522
f 421/421 423/423 524/524
f 421/421 524/524 522/522
f 526/526 525/525 523/523
f 526/526 523/523 524/524
f 423/423 425/425 526/526
f 423/423 526/526 524/524
f 528/528 527/527 525/525
f 528/528 525/525 526/526
f 425/425 427/427 528/528
f 425/425 528/528 526/526
f 532/532 531/531 530/530
f 534/534 533/533 531/531
f 534/534 531/531 532/532
f 428/428 429/429 534/534
f 428/428 534/534 532/532
f 536/536 535/535 533/533
f 536/536 533/533 534/534
f 429/429 431/431 536/536
f 429/429 536/536 534/534
f 538/538 537/537 535/535
f 538/538 535/535 536/536
f 431/431 433/433 538/538
f 431/431 538/538 536/536
f 540/540 539/539 537/537
f 540/540 537/537 538/538
f 433/433 435/435 540/540
f 433/433 540/540 538/538
f 542/542 541/541 539/539
f 542/542 539/539 540/540
f 435/435 437/437 542/542
f 435/435 542/542 540/540
f 544/544 543/543 541/541
f 544/544 541/541 542/542
f 437/437 439/439 544/544
f 437/437 544/544 542/542
f 546/546 545/545 543/543
f 546/546 543/543 544/544
f 439/439 441/441 546/546
f 439/439 546/546 544/544
f 548/548 547/547 545/545
f 548/548 545/545 546/546
f 441/441 443/443 548/548
f 441/441 548/548 546/546
f 550/550 549/549 547/547
f 550/550 547/547 548/548
f 443/443 445/445 550/550
f 443/443 550/550 548/548
f 552/552 551/551 549/549
f 552/552 549/549 550/550
f 445/445 447/447 552/552
f 445/445 552/552 550/550
f 554/554 553/553 551/551
f 554/554 551/551 552/552
f 447/447 449/449 554/554
f 447/447 554/554 552/552
f 556/556 555/555 553/553
f 556/556 553/553 554/554
f 449/449 451/451 556/556
f 449/449 556/556 554/554
f 558/558 557/557 555/555
f 558/558 555/555 556/556
f 451/451 453/453 558/558
f 451/451 558/558 556/556
f 560/560 559/559 557/557
f 560/560 557/557 558/558
f 453/453 455/455 560/560
f 453/453 560/560 558/558
f 563/563 561/561 559/559
f 563/563 559/559 560/560
f 455/455 458/458 563/563
f 455/455 563/563 560/560
f 566/566 565/565 562/562
f 566/566 562/562 564/564
f 457/457 461/461 566/566
f 457/457 566/566 564/564
f 568/568 567/567 565/565
f 568/568 565/565 566/566
f 461/461 463/463 568/568
f 461/461 568/568 566/566
f 570/570 569/569 567/567
f 570/570 567/567 568/568
f 463/463 465/465 570/570
f 463/463 570/570 568/568
f 572/572 571/571 569/569
f 572/572 569/569 570/570
f 465/465 467/467 572/572
f 465/465 572/572 570/570
f 574/574 573/573 571/571
f 574/574 571/571 572/572
f 467/467 469/469 574/574
f 467/467 574/574 572/572
f 576/576 575/575 573/573
f 576/576 573/573 574/574
f 469/469 471/471 576/576
f 469/469 576/576 574/574
f 578/578 577/577 575/575
f 578/578 575/575 576/576
f 471/471 473/473 578/578
f 471/471 578/578 576/576
f 580/580 579/579 577/577
f 580/580 577/577 578/578
f 473/473 475/475 580/580
f 473/473 580/580 578/578
f 582/582 581/581 579/579
f 582/582 579/579 580/580
f 475/475 583/583 582/582
f 475/475 582/582 580/580
f 585/585 584/584 582/582
f 585/585 582/582 583/583
f 478/478 586/586 585/585
f 478/478 585/585 583/583
f 475/475 476/476 478/478
f 475/475 478/478 583/583
f 588/588 587/587 585/585
f 588/588 585/585 586/586
f 481/481 589/589 588/588
f 481/481 588/588 586/586
f 478/478 479/479 481/481
f 478/478 481/481 586/586
f 591/591 590/590 588/588
f 591/591 588/588 589/589
f 484/484 592/592 591/591
f 484/484 591/591 589/589
f 481/481 482/482 484/484
f 481/481 484/484 589/589
f 594/594 593/593 591/591
f 594/594 591/591 592/592
f 487/487 595/595 594/594
f 487/487 594/594 592/592
f 484/484 485/485 487/487
f 484/484 487/487 592/592
f 597/597 596/596 594/594
f 597/597 594/594 595/595
f 490/490 598/598 597/597
f 490/490 597/597 595/595
f 487/487 488/488 490/490
f 487/487 490/490 595/595
f 600/600 599/599 597/597
f 600/600 597/597 598/598
f 493/493 601/601 600/600
f 493/493 600/600 598/598
f 490/490 491/491 493/493
f 490/490 493/493 598/598
f 603/603 602/602 600/600
f 603/603 600/600 601/601
f 496/496 604/604 603/603
f 496/496 603/603 601/601
f 493/493 494/494 496/496
f 493/493 496/496 601/601
f 606/606 605/605 603/603
f 606/606 603/603 604/604
f 499/499 607/607 606/606
f 499/499 606/606 604/604
f 496/496 497/497 499/499
f 496/496 499/499 604/604
f 609/609 608/608 606/606
f 609/609 606/606 607/607
f 502/502 610/610 609/609
f 502/502 609/609 607/607
f 499/499 500/500 502/502
f 499/499 502/502 607/607
f 612/612 611/611 609/609
f 612/612 609/609 610/610
f 505/505 613/613 612/612
f 505/505 612/612 610/610
f 502/502 503/503 505/505
f 502/502 505/505 610/610
f 615/615 614/614 612/612
f 615/615 612/612 613/613
f 508/508 616/616 615/615
f 508/508 615/615 613/613
f 505/505 506/506 508/508
f 505/505 508/508 613/613
f 618/618 617/617 615/615
f 618/618 615/615 616/616
f 511/511 619/619 618/618
f 511/511 618/618 616/616
f 508/508 509/509 511/511
f 508/508 511/511 616/616
f 621/621 620/620 618/618
f 621/621 618/618 619/619
f 623/623 622/622 621/621
f 623/623 621/621 619/619
f 511/511 512/512 623/623
f 511/511 623/623 619/619
f 625/625 624/624 622/622
f 625/625 622/622 623/623
f 512/512 513/513 625/625
f 512/512 625/625 623/623
f 627/627 626/626 624/624
f 627/627 624/624 625/625
f 513/513 515/515 627/627
f 513/513 627/627 625/625
f 629/629 628/628 626/626
f 629/629 626/626 627/627
f 515/515 517/517 629/629
f 515/515 629/629 627/627
f 631/631 630/630 628/628
f 631/631 628/628 629/629
f 517/517 519/519 631/631
f 517/517 631/631 629/629
f 633/633 632/632 630/630
f 633/633 630/630 631/631
f 519/519 521/521 633/633
f 519/519 633/633 631/631
f 635/635 634/634 632/632
f 635/635 632/632 633/633
f 521/521 523/523 635/635
f 521/521 635/635 633/633
f 637/637 636/636 634/634
f 637/637 634/634 635/635
f 523/523 525/525 637/637
f 523/523 637/637 635/635
f 639/639 638/638 636/636
f 639/639 636/636 637/637
f 525/525 527/527 639/639
f 525/525 639/639 637/637
f 641/641 640/640 638/638
f 641/641 638/638 639/639
f 527/527 529/529 641/641
f 527/527 641/641 639/639
f 643/643 642/642 640/640
f 643/643 640/640 641/641
f 529/529 643/643 641/641
f 648/648 647/647 645/645
f 648/648 645/645 646/646
f 530/530 531/531 648/648
f 530/530 648/648 646/646
f 650/650 649/649 647/647
f 650/650 647/647 648/648
f 531/531 533/533 650/650
f 531/531 650/650 648/648
f 652/652 651/651 649/649
f 652/652 649/649 650/650
f 533/533 535/535 652/652
f 533/533 652/652 650/650
f 654/654 653/653 651/651
f 654/654 651/651 652/652
f 535/535 537/537 654/654
f 535/535 654/654 652/652
f 656/656 655/655 653/653
f 656/656 653/653 654/654
f 537/537 539/539 656/656
f 537/537 656/656 654/654
f 658/658 657/657 655/655
f 658/658 655/655 656/656
f 539/539 541/541 658/658
f 539/539 658/658 656/656
f 660/660 659/659 657/657
f 660/660 657/657 658/658
f 541/541 543/543 660/660
f 541/541 660/660 658/658
f 662/662 661/661 659/659
f 662/662 659/659 660/660
f 543/543 545/545 662/662
f 543/543 662/662 660/660
f 664/664 663/663 661/661
f 664/664 661/661 662/662
f 545/545 547/547 664/664
f 545/545 664/664 662/662
f 666/666 665/665 663/663
f 666/666 663/663 664/664
f 547/547 549/549 666/666
f 547/547 666/666 664/664
f 668/668 667/667 665/665
f 668/668 665/665 666/666
f 549/549 551/551 668/668
f 549/549 668/668 666/666
f 670/670 669/669 667/667
f 670/670 667/667 668/668
f 551/551 553/553 670/670
f 551/551 670/670 668/668
f 672/672 671/671 669/669
f 672/672 669/669 670/670
f 553/553 555/555 672/672
f 553/553 672/672 670/670
f 674/674 673/673 671/671
f 674/674 671/671 672/672
f 555/555 557/557 674/674
f 555/555 674/674 672/672
f 676/676 675/675 673/673
f 676/676 673/673 674/674
f 557/557 559/559 676/676
f 557/557 676/676 674/674
f 680/680 677/677 675/675
f 680/680 675/675 676/676
f 559/559 561/561 680/680
f 559/559 680/680 676/676
f 682/682 681/681 678/678
f 682/682 678/678 679/679
f 562/562 565/565 682/682
f 562/562 682/682 679/679
f 684/684 683/683 681/681
f 684/684 681/681 682/682
f 565/565 567/567 684/684
f 565/565 684/684 682/682
f 686/686 685/685 683/683
f 686/686 683/683 684/684
f 567/567 569/569 686/686
f 567/567 686/686 684/684
f 688/688 687/687 685/685
f 688/688 685/685 686/686
f 569/569 571/571 688/688
f 569/569 688/688 686/686
f 690/690 689/689 687/687
f 690/690 687/687 688/688
f 571/571 573/573 690/690
f 571/571 690/690 688/688
f 692/692 691/691 689/689
f 692/692 689/689 690/690
f 573/573 575/575 692/692
f 573/573 692/692 690/690
f 694/694 693/693 691/691
f 694/694 691/691 692/692
f 575/575 577/577 694/694
f 575/575 694/694 692/692
f 696/696 695/695 693/693
f 696/696 693/693 694/694
f 577/577 579/579 696/696
f 577/577 696/696 694/694
f 698/698 697/697 695/695
f 698/698 695/695 696/696
f 579/579 581/581 698/698
f 579/579 698/698 696/696
f 700/700 699/699 697/697
f 700/700 697/697 698/698
f 581/581 701/701 700/700
f 581/581 700/700 698/698
f 703/703 702/702 700/700
f 703/703 700/700 701/701
f 584/584 704/704 703/703
f 584/584 703/703 701/701
f 581/581 582/582 584/584
f 581/581 584/584 701/701
f 706/706 705/705 703/703
f 706/706 703/703 704/704
f 587/587 707/707 706/706
f 587/587 706/706 704/704
f 584/584 585/585 587/587
f 584/584 587/587 704/704
f 709/709 708/708 706/706
f 709/709 706/706 707/707
f 590/590 710/710 709/709
f 590/590 709/709 707/707
f 587/587 588/588 590/590
f 587/587 590/590 707/707
f 712/712 711/711 709/709
f 712/712 709/709 710/710
f 593/593 713/713 712/712
f 593/593 712/712 710/710
f 590/590 591/591 593/593
f 590/590 593/593 710/710
f 715/715 714/714 712/712
f 715/715 712/712 713/713
f 596/596 716/716 715/715
f 596/596 715/715 713/713
f 593/593 594/594 596/596
f 593/593 596/596 713/713
f 718/718 717/717 715/715
f 718/718 715/715 716/716
f 599/599 719/719 718/718
f 599/599 718/718 716/716
f 596/596 597/597 599/599
f 596/596 599/599 716/716
f 721/721 720/720 718/718
f 721/721 718/718 719/719
f 602/602 722/722 721/721
f 602/602 721/721 719/719
f 599/599 600/600 602/602
f 599/599 602/602 719/719
f 724/724 723/723 721/721
f 724/724 721/721 722/722
f 605/605 725/725 724/724
f 605/605 724/724 722/722
f 602/602 603/603 605/605
f 602/602 605/605 722/722
f 727/727 726/726 724/724
f 727/727 724/724 725/725
f 608/608 728/728 727/727
f 608/608 727/727 725/725
f 605/605 606/606 608/608
f 605/605 608/608 725/725
f 730/730 729/729 727/727
f 730/730 727/727 728/728
f 611/611 731/731 730/730
f 611/611 730/730 728/728
f 608/608 609/609 611/611
f 608/608 611/611 728/728
f 733/733 732/732 730/730
f 733/733 730/730 731/731
f 614/614 734/734 733/733
f 614/614 733/733 731/731
f 611/611 612/612 614/614
f 611/611 614/614 731/731
f 736/736 735/735 733/733
f 736/736 733/733 734/734
f 617/617 737/737 736/736
f 617/617 736/736 734/734
f 614/614 615/615 617/617
f 614/614 617/617 734/734
f 739/739 738/738 736/736
f 739/739 736/736 737/737
f 620/620 740/740 739/739
f 620/620 739/739 737/737
f 617/617 618/618 620/620
f 617/617 620/620 737/737
f 742/742 741/741 739/739
f 742/742 739/739 740/740
f 744/744 743/743 742/742
f 744/744 742/742 740/740
f 620/620 621/621 744/744
f 620/620 744/744 740/740
f 746/746 745/745 743/743
f 746/746 743/743 744/744
f 621/621 622/622 746/746
f 621/621 746/746 744/744
f 748/748 747/747 745/745
f 748/748 745/745 746/746
f 622/622 624/624 748/748
f 622/622 748/748 746/746
f 750/750 749/749 747/747
f 750/750 747/747 748/748
f 624/624 626/626 750/750
f 624/624 750/750 748/748
f 752/752 751/751 749/749
f 752/752 749/749 750/750
f 626/626 628/628 752/752
f 626/626 752/752 750/750
f 754/754 753/753 751/751
f 754/754 751/751 752/752
f 628/628 630/630 754/754
f 628/628 754/754 752/752
f 756/756 755/755 753/753
f 756/756 753/753 754/754
f 630/630 632/632 756/756
f 630/630 756/756 754/754
f 758/758 757/757 755/755
f 758/758 755/755 756/756
f 632/632 634/634 758/758
f 632/632 758/758 756/756
f 760/760 759/759 757/757
f 760/760 757/757 758/758
f 634/634 636/636 760/760
f 634/634 760/760 758/758
f 762/762 761/761 759/759
f 762/762 759/759 760/760
f 636/636 638/638 762/762
f 636/636 762/762 760/760
f 764/764 763/763 761/761
f 764/764 761/761 762/762
f 638/638 640/640 764/764
f 638/638 764/764 762/762
f 766/766 765/765 763/763
f 766/766 763/763 764/764
f 640/640 642/642 766/766
f 640/640 766/766 764/764
f 768/768 767/767 765/765
f 768/768 765/765 766/766
f 642/642 644/644 768/768
f 642/642 768/768 766/766
f 773/773 772/772 770/770
f 773/773 770/770 771/771
f 775/775 774/774 772/772
f 775/775 772/772 773/773
f 645/645 647/647 775/775
f 645/645 775/775 773/773
f 777/777 776/776 774/774
f 777/777 774/774 775/775
f 647/647 649/649 777/777
f 647/647 777/777 775/775
f 779/779 778/778 776/776
f 779/779 776/776 777/777
f 649/649 651/651 779/779
f 649/649 779/779 777/777
f 781/781 780/780 778/778
f 781/781 778/778 779/779
f 651/651 653/653 781/781
f 651/651 781/781 779/779
f 783/783 782/782 780/780
f 783/783 780/780 781/781
f 653/653 655/655 783/783
f 653/653 783/783 781/781
f 785/785 784/784 782/782
f 785/785 782/782 783/783
f 655/655 657/657 785/785
f 655/655 785/785 783/783
f 787/787 786/786 784/784
f 787/787 784/784 785/785
f 657/657 659/659 787/787
f 657/657 787/787 785/785
f 789/789 788/788 786/786
f 789/789 786/786 787/787
f 659/659 661/661 789/789
f 659/659 789/789 787/787
f 791/791 790/790 788/788
f 791/791 788/788 789/789
f 661/661 663/663 791/791
f 661/661 791/791 789/789
f 793/793 792/792 790/790
f 793/793 790/790 791/791
f 663/663 665/665 793/793
f 663/663 793/793 791/791
f 795/795 794/794 792/792
f 795/795 792/792 793/793
f 665/665 667/667 795/795
f 665/665 795/795 793/793
f 797/797 796/796 794/794
f 797/797 794/794 795/795
f 667/667 669/669 797/797
f 667/667 797/797 795/795
f 799/799 798/798 796/796
f 799/799 796/796 797/797
f 669/669 671/671 799/799
f 669/669 799/799 797/797
f 801/801 800/800 798/798
f 801/801 798/798 799/799
f 671/671 673/673 801/801
f 671/671 801/801 799/799
f 803/803 802/802 800/800
f 803/803 800/800 801/801
f 673/673 675/675 803/803
f 673/673 803/803 801/801
f 806/806 805/805 802/802
f 806/806 802/802 803/803
f 675/675 677/677 806/806
f 675/675 806/806 803/803
f 809/809 808/808 804/804
f 809/809 804/804 807/807
f 678/678 681/681 809/809
f 678/678 809/809 807/807
f 811/811 810/810 808/808
f 811/811 808/808 809/809
f 681/681 683/683 811/811
f 681/681 811/811 809/809
f 813/813 812/812 810/810
f 813/813 810/810 811/811
f 683/683 685/685 813/813
f 683/683 813/813 811/811
f 815/815 814/814 812/812
f 815/815 812/812 813/813
f 685/685 687/687 815/815
f 685/685 815/815 813/813
f 817/817 816/816 814/814
f 817/817 814/814 815/815
f 687/687 689/689 817/817
f 687/687 817/817 815/815
f 819/819 818/818 816/816
f 819/819 816/816 817/817
f 689/689 691/691 819/819
f 689/689 819/819 817/817
f 821/821 820/820 818/818
f 821/821 818/818 819/819
f 691/691 693/693 821/821
f 691/691 821/821 819/819
f 823/823 822/822 820/820
f 823/823 820/820 821/821
f 693/693 695/695 823/823
f 693/693 823/823 821/821
f 825/825 824/824 822/822
f 825/825 822/822 823/823
f 695/695 697/697 825/825
f 695/695 825/825 823/823
f 827/827 826/826 824/824
f 827/827 824/824 825/825
f 697/697 699/699 827/827
f 697/697 827/827 825/825
f 829/829 828/828 826/826
f 829/829 826/826 827/827
f 699/699 830/830 829/829
f 699/699 829/829 827/827
f 832/832 831/831 829/829
f 832/832 829/829 830/830
f 702/702 833/833 832/832
f 702/702 832/832 830/830
f 699/699 700/700 702/702
f 699/699 702/702 830/830
f 835/835 834/834 832/832
f 835/835 832/832 833/833
f 705/705 836/836 835/835
f 705/705 835/835 833/833
f 702/702 703/703 705/705
f 702/702 705/705 833/833
f 838/838 837/837 835/835
f 838/838 835/835 836/836
f 708/708 839/839 838/838
f 708/708 838/838 836/836
f 705/705 706/706 708/708
f 705/705 708/708 836/836
f 18/18 19/19 838/838
f 18/18 838/838 839/839
f 711/711 20/20 18/18
f 711/711 18/18 839/839
f 708/708 709/709 711/711
f 708/708 711/711 839/839
f 19/19 840/840 837/837
f 19/19 837/837 838/838
f 842/842 841/841 837/837
f 842/842 837/837 840/840
f 844/844 843/843 842/842
f 844/844 842/842 840/840
f 19/19 15/15 844/844
f 19/19 844/844 840/840
f 846/846 845/845 843/843
f 846/846 843/843 844/844
f 15/15 16/16 846/846
f 15/15 846/846 844/844
f 848/848 847/847 845/845
f 848/848 845/845 846/846
f 16/16 849/849 848/848
f 16/16 848/848 846/846
f 851/851 850/850 848/848
f 851/851 848/848 849/849
f 852/852 717/717 851/851
f 852/852 851/851 849/849
f 16/16 17/17 852/852
f 16/16 852/852 849/849
f 714/714 715/715 717/717
f 714/714 717/717 852/852
f 17/17 20/20 714/714
f 17/17 714/714 852/852
f 720/720 853/853 850/850
f 720/720 850/850 851/851
f 717/717 718/718 720/720
f 717/717 720/720 851/851
f 855/855 854/854 850/850
f 855/855 850/850 853/853
f 723/723 856/856 855/855
f 723/723 855/855 853/853
f 720/720 721/721 723/723
f 720/720 723/723 853/853
f 858/858 857/857 855/855
f 858/858 855/855 856/856
f 726/726 859/859 858/858
f 726/726 858/858 856/856
f 723/723 724/724 726/726
f 723/723 726/726 856/856
f 861/861 860/860 858/858
f 861/861 858/858 859/859
f 729/729 862/862 861/861
f 729/729 861/861 859/859
f 726/726 727/727 729/729
f 726/726 729/729 859/859
f 864/864 863/863 861/861
f 864/864 861/861 862/862
f 732/732 865/865 864/864
f 732/732 864/864 862/862
f 729/729 730/730 732/732
f 729/729 732/732 862/862
f 867/867 866/866 864/864
f 867/867 864/864 865/865
f 735/735 868/868 867/867
f 735/735 867/867 865/865
f 732/732 733/733 735/735
f 732/732 735/735 865/865
f 870/870 869/869 867/867
f 870/870 867/867 868/868
f 738/738 871/871 870/870
f 738/738 870/870 868/868
f 735/735 736/736 738/738
f 735/735 738/738 868/868
f 873/873 872/872 870/870
f 873/873 870/870 871/871
f 741/741 874/874 873/873
f 741/741 873/873 871/871
f 738/738 739/739 741/741
f 738/738 741/741 871/871
f 876/876 875/875 873/873
f 876/876 873/873 874/874
f 878/878 877/877 876/876
f 878/878 876/876 874/874
f 741/741 742/742 878/878
f 741/741 878/878 874/874
f 880/880 879/879 877/877
f 880/880 877/877 878/878
f 742/742 743/743 880/880
f 742/742 880/880 878/878
f 882/882 881/881 879/879
f 882/882 879/879 880/880
f 743/743 745/745 882/882
f 743/743 882/882 880/880
f 884/884 883/883 881/881
f 884/884 881/881 882/882
f 745/745 747/747 884/884
f 745/745 884/884 882/882
f 886/886 885/885 883/883
f 886/886 883/883 884/884
f 747/747 749/749 886/886
f 747/747 886/886 884/884
f 888/888 887/887 885/885
f 888/888 885/885 886/886
f 749/749 751/751 888/888
f 749/749 888/888 886/886
f 890/890 889/889 887/887
f 890/890 887/887 888/888
f 751/751 753/753 890/890
f 751/751 890/890 888/888
f 892/892 891/891 889/889
f 892/892 889/889 890/890
f 753/753 755/755 892/892
f 753/753 892/892 890/890
f 894/894 893/893 891/891
f 894/894 891/891 892/892
f 755/755 757/757 894/894
f 755/755 894/894 892/892
f 896/896 895/895 893/893
f 896/896 893/893 894/894
f 757/757 759/759 896/896
f 757/757 896/896 894/894
f 898/898 897/897 895/895
f 898/898 895/895 896/896
f 759/759 761/761 898/898
f 759/759 898/898 896/896
f 900/900 899/899 897/897
f 900/900 897/897 898/898
f 761/761 763/763 900/900
f 761/761 900/900 898/898
f 902/902 901/901 899/899
f 902/902 899/899 900/900
f 763/763 765/765 902/902
f 763/763 902/902 900/900
f 904/904 903/903 901/901
f 904/904 901/901 902/902
f 765/765 767/767 904/904
f 765/765 904/904 902/902
f 906/906 905/905 903/903
f 906/906 903/903 904/904
f 767/767 769/769 906/906
f 767/767 906/906 904/904
f 908/908 907/907 905/905
f 908/908 905/905 906/906
f 769/769 908/908 906/906
f 912/912 911/911 909/909
f 912/912 909/909 910/910
f 770/770 772/772 912/912
f 770/770 912/912 910/910
f 914/914 913/913 911/911
f 914/914 911/911 912/912
f 772/772 774/774 914/914
f 772/772 914/914 912/912
f 916/916 915/915 913/913
f 916/916 913/913 914/914
f 774/774 776/776 916/916
f 774/774 916/916 914/914
f 918/918 917/917 915/915
f 918/918 915/915 916/916
f 776/776 778/778 918/918
f 776/776 918/918 916/916
f 920/920 919/919 917/917
f 920/920 917/917 918/918
f 778/778 780/780 920/920
f 778/778 920/920 918/918
f 922/922 921/921 919/919
f 922/922 919/919 920/920
f 780/780 782/782 922/922
f 780/780 922/922 920/920
f 924/924 923/923 921/921
f 924/924 921/921 922/922
f 782/782 784/784 924/924
f 782/782 924/924 922/922
f 926/926 925/925 923/923
f 926/926 923/923 924/924
f 784/784 786/786 926/926
f 784/784 926/926 924/924
f 928/928 927/927 925/925
f 928/928 925/925 926/926
f 786/786 788/788 928/928
f 786/786 928/928 926/926
f 930/930 929/929 927/927
f 930/930 927/927 928/928
f 788/788 790/790 930/930
f 788/788 930/930 928/928
f 932/932 931/931 929/929
f 932/932 929/929 930/930
f 790/790 792/792 932/932
f 790/790 932/932 930/930
f 934/934 933/933 931/931
f 934/934 931/931 932/932
f 792/792 794/794 934/934
f 792/792 934/934 932/932
f 936/936 935/935 933/933
f 936/936 933/933 934/934
f 794/794 796/796 936/936
f 794/794 936/936 934/934
f 938/938 937/937 935/935
f 938/938 935/935 936/936
f 796/796 798/798 938/938
f 796/796 938/938 936/936
f 940/940 939/939 937/937
f 940/940 937/937 938/938
f 798/798 800/800 940/940
f 798/798 940/940 938/938
f 942/942 941/941 939/939
f 942/942 939/939 940/940
f 800/800 802/802 942/942
f 800/800 942/942 940/940
f 946/946 944/944 941/941
f 946/946 941/941 942/942
f 802/802 805/805 946/946
f 802/802 946/946 942/942
f 948/948 947/947 943/943
f 948/948 943/943 945/945
f 804/804 808/808 948/948
f 804/804 948/948 945/945
f 950/950 949/949 947/947
f 950/950 947/947 948/948
f 808/808 810/810 950/950
f 808/808 950/950 948/948
f 952/952 951/951 949/949
f 952/952 949/949 950/950
f 810/810 812/812 952/952
f 810/810 952/952 950/950
f 954/954 953/953 951/951
f 954/954 951/951 952/952
f 812/812 814/814 954/954
f 812/812 954/954 952/952
f 956/956 955/955 953/953
f 956/956 953/953 954/954
f 814/814 816/816 956/956
f 814/814 956/956 954/954
f 958/958 957/957 955/955
f 958/958 955/955 956/956
f 816/816 818/818 958/958
f 816/816 958/958 956/956
f 960/960 959/959 957/957
f 960/960 957/957 958/958
f 818/818 820/820 960/960
f 818/818 960/960 958/958
f 962/962 961/961 959/959
f 962/962 959/959 960/960
f 820/820 822/822 962/962
f 820/820 962/962 960/960
f 964/964 963/963 961/961
f 964/964 961/961 962/962
f 822/822 824/824 964/964
f 822/822 964/964 962/962
f 966/966 965/965 963/963
f 966/966 963/963 964/964
f 824/824 826/826 966/966
f 824/824 966/966 964/964
f 968/968 967/967 965/965
f 968/968 965/965 966/966
f 826/826 828/828 968/968
f 826/826 968/968 966/966
f 970/970 969/969 967/967
f 970/970 967/967 968/968
f 828/828 971/971 970/970
f 828/828 970/970 968/968
f 973/973 972/972 970/970
f 973/973 970/970 971/971
f 831/831 974/974 973/973
f 831/831 973/973 971/971
f 828/828 829/829 831/831
f 828/828 831/831 971/971
f 976/976 975/975 973/973
f 976/976 973/973 974/974
f 834/834 841/841 976/976
f 834/834 976/976 974/974
f 831/831 832/832 834/834
f 831/831 834/834 974/974
f 978/978 977/977 975/975
f 978/978 975/975 976/976
f 841/841 842/842 978/978
f 841/841 978/978 976/976
f 980/980 979/979 977/977
f 980/980 977/977 978/978
f 842/842 843/843 980/980
f 842/842 980/980 978/978
f 982/982 981/981 979/979
f 982/982 979/979 980/980
f 843/843 845/845 982/982
f 843/843 982/982 980/980
f 984/984 983/983 981/981
f 984/984 981/981 982/982
f 845/845 847/847 984/984
f 845/845 984/984 982/982
f 986/986 985/985 983/983
f 986/986 983/983 984/984
f 847/847 854/854 986/986
f 847/847 986/986 984/984
f 857/857 987/987 985/985
f 857/857 985/985 986/986
f 854/854 855/855 857/857
f 854/854 857/857 986/986
f 989/989 988/988 985/985
f 989/989 985/985 987/987
f 860/860 990/990 989/989
f 860/860 989/989 987/987
f 857/857 858/858 860/860
f 857/857 860/860 987/987
f 992/992 991/991 989/989
f 992/992 989/989 990/990
f 863/863 993/993 992/992
f 863/863 992/992 990/990
f 860/860 861/861 863/863
f 860/860 863/863 990/990
f 995/995 994/994 992/992
f 995/995 992/992 993/993
f 866/866 996/996 995/995
f 866/866 995/995 993/993
f 863/863 864/864 866/866
f 863/863 866/866 993/993
f 998/998 997/997 995/995
f 998/998 995/995 996/996
f 869/869 999/999 998/998
f 869/869 998/998 996/996
f 866/866 867/867 869/869
f 866/866 869/869 996/996
f 1001/1001 1000/1000 998/998
f 1001/1001 998/998 999/999
f 872/872 1002/1002 1001/1001
f 872/872 1001/1001 999/999
f 869/869 870/870 872/872
f 869/869 872/872 999/999
f 1004/1004 1003/1003 1001/1001
f 1004/1004 1001/1001 1002/1002
f 875/875 1005/1005 1004/1004
f 875/875 1004/1004 1002/1002
f 872/872 873/873 875/875
f 872/872 875/875 1002/1002
f 1007/1007 1006/1006 1004/1004
f 1007/1007 1004/1004 1005/1005
f 1009/1009 1008/1008 1007/1007
f 1009/1009 1007/1007 1005/1005
f 875/875 876/876 1009/1009
f 875/875 1009/1009 1005/1005
f 1011/1011 1010/1010 1008/1008
f 1011/1011 1008/1008 1009/1009
f 876/876 877/877 1011/1011
f 876/876 1011/1011 1009/1009
f 1013/1013 1012/1012 1010/1010
f 1013/1013 1010/1010 1011/1011
f 877/877 879/879 1013/1013
f 877/877 1013/1013 1011/1011
f 1015/1015 1014/1014 1012/1012
f 1015/1015 1012/1012 1013/1013
f 879/879 881/881 1015/1015
f 879/879 1015/1015 1013/1013
f 1017/1017 1016/1016 1014/1014
f 1017/1017 1014/1014 1015/1015
f 881/881 883/883 1017/1017
f 881/881 1017/1017 1015/1015
f 1019/1019 1018/1018 1016/1016
f 1019/1019 1016/1016 1017/1017
f 883/883 885/885 1019/1019
f 883/883 1019/1019 1017/1017
f 1021/1021 1020/1020 1018/1018
f 1021/1021 1018/1018 1019/1019
f 885/885 887/887 1021/1021
f 885/885 1021/1021 1019/1019
f 1023/1023 1022/1022 1020/1020
f 1023/1023 1020/1020 1021/1021
f 887/887 889/889 1023/1023
f 887/887 1023/1023 1021/1021
f 1025/1025 1024/1024 1022/1022
f 1025/1025 1022/1022 1023/1023
f 889/889 891/891 1025/1025
f 889/889 1025/1025 1023/1023
f 1027/1027 1026/1026 1024/1024
f 1027/1027 1024/1024 1025/1025
f 891/891 893/893 1027/1027
f 891/891 1027/1027 1025/1025
f 1029/1029 1028/1028 1026/1026
f 1029/1029 1026/1026 1027/1027
f 893/893 895/895 1029/1029
f 893/893 1029/1029 1027/1027
f 1031/1031 1030/1030 1028/1028
f 1031/1031 1028/1028 1029/1029
f 895/895 897/897 1031/1031
f 895/895 1031/1031 1029/1029
f 1033/1033 1032/1032 1030/1030
f 1033/1033 1030/1030 1031/1031
f 897/897 899/899 1033/1033
f 897/897 1033/1033 1031/1031
f 1035/1035 1034/1034 1032/1032
f 1035/1035 1032/1032 1033/1033
f 899/899 901/901 1035/1035
f 899/899 1035/1035 1033/1033
f 1037/1037 1036/1036 1034/1034
f 1037/1037 1034/1034 1035/1035
f 901/901 903/903 1037/1037
f 901/901 1037/1037 1035/1035
f 1039/1039 1038/1038 1036/1036
f 1039/1039 1036/1036 1037/1037
f 903/903 905/905 1039/1039
f 903/903 1039/1039 1037/1037
f 1041/1041 1040/1040 1038/1038
f 1041/1041 1038/1038 1039/1039
f 905/905 907/907 1041/1041
f 905/905 1041/1041 1039/1039
f 1043/1043 1042/1042 1040/1040
f 1043/1043 1040/1040 1041/1041
f 907/907 1043/1043 1041/1041
f 1048/1048 1047/1047 1045/1045
f 1048/1048 1045/1045 1046/1046
f 1050/1050 1049/1049 1047/1047
f 1050/1050 1047/1047 1048/1048
f 909/909 911/911 1050/1050
f 909/909 1050/1050 1048/1048
f 1052/1052 1051/1051 1049/1049
f 1052/1052 1049/1049 1050/1050
f 911/911 913/913 1052/1052
f 911/911 1052/1052 1050/1050
f 1054/1054 1053/1053 1051/1051
f 1054/1054 1051/1051 1052/1052
f 913/913 915/915 1054/1054
f 913/913 1054/1054 1052/1052
f 1056/1056 1055/1055 1053/1053
f 1056/1056 1053/1053 1054/1054
f 915/915 917/917 1056/1056
f 915/915 1056/1056 1054/1054
f 1058/1058 1057/1057 1055/1055
f 1058/1058 1055/1055 1056/1056
f 917/917 919/919 1058/1058
f 917/917 1058/1058 1056/1056
f 1060/1060 1059/1059 1057/1057
f 1060/1060 1057/1057 1058/1058
f 919/919 921/921 1060/1060
f 919/919 1060/1060 1058/1058
f 1062/1062 1061/1061 1059/1059
f 1062/1062 1059/1059 1060/1060
f 921/921 923/923 1062/1062
f 921/921 1062/1062 1060/1060
f 1064/1064 1063/1063 1061/1061
f 1064/1064 1061/1061 1062/1062
f 923/923 925/925 1064/1064
f 923/923 1064/1064 1062/1062
f 1066/1066 1065/1065 1063/1063
f 1066/1066 1063/1063 1064/1064
f 925/925 927/927 1066/1066
f 925/925 1066/1066 1064/1064
f 1068/1068 1067/1067 1065/1065
f 1068/1068 1065/1065 1066/1066
f 927/927 929/929 1068/1068
f 927/927 1068/1068 1066/1066
f 1070/1070 1069/1069 1067/1067
f 1070/1070 1067/1067 1068/1068
f 929/929 931/931 1070/1070
f 929/929 1070/1070 1068/1068
f 1072/1072 1071/1071 1069/1069
f 1072/1072 1069/1069 1070/1070
f 931/931 933/933 1072/1072
f 931/931 1072/1072 1070/1070
f 1074/1074 1073/1073 1071/1071
f 1074/1074 1071/1071 1072/1072
f 933/933 935/935 1074/1074
f 933/933 1074/1074 1072/1072
f 1076/1076 1075/1075 1073/1073
f 1076/1076 1073/1073 1074/1074
f 935/935 937/937 1076/1076
f 935/935 1076/1076 1074/1074
f 1078/1078 1077/1077 1075/1075
f 1078/1078 1075/1075 1076/1076
f 937/937 939/939 1078/1078
f 937/937 1078/1078 1076/1076
f 1080/1080 1079/1079 1077/1077
f 1080/1080 1077/1077 1078/1078
f 939/939 941/941 1080/1080
f 939/939 1080/1080 1078/1078
f 1084/1084 1081/1081 1079/1079
f 1084/1084 1079/1079 1080/1080
f 941/941 944/944 1084/1084
f 941/941 1084/1084 1080/1080
f 1086/1086 1085/1085 1082/1082
f 1086/1086 1082/1082 1083/1083
f 943/943 947/947 1086/1086
f 943/943 1086/1086 1083/1083
f 1088/1088 1087/1087 1085/1085
f 1088/1088 1085/1085 1086/1086
f 947/947 949/949 1088/1088
f 947/947 1088/1088 1086/1086
f 1090/1090 1089/1089 1087/1087
f 1090/1090 1087/1087 1088/1088
f 949/949 951/951 1090/1090
f 949/949 1090/1090 1088/1088
f 1092/1092 1091/1091 1089/1089
f 1092/1092 1089/1089 1090/1090
f 951/951 953/953 1092/1092
f 951/951 1092/1092 1090/1090
f 1094/1094 1093/1093 1091/1091
f 1094/1094 1091/1091 1092/1092
f 953/953 955/955 1094/1094
f 953/953 1094/1094 1092/1092
f 1096/1096 1095/1095 1093/1093
f 1096/1096 1093/1093 1094/1094
f 955/955 957/957 1096/1096
f 955/955 1096/1096 1094/1094
f 1098/1098 1097/1097 1095/1095
f 1098/1098 1095/1095 1096/1096
f 957/957 959/959 1098/1098
f 957/957 1098/1098 1096/1096
f 1100/1100 1099/1099 1097/1097
f 1100/1100 1097/1097 1098/1098
f 959/959 961/961 1100/1100
f 959/959 1100/1100 1098/1098
f 1102/1102 1101/1101 1099/1099
f 1102/1102 1099/1099 1100/1100
f 961/961 963/963 1102/1102
f 961/961 1102/1102 1100/1100
f 1104/1104 1103/1103 1101/1101
f 1104/1104 1101/1101 1102/1102
f 963/963 965/965 1104/1104
f 963/963 1104/1104 1102/1102
f 1106/1106 1105/1105 1103/1103
f 1106/1106 1103/1103 1104/1104
f 965/965 967/967 1106/1106
f 965/965 1106/1106 1104/1104
f 1108/1108 1107/1107 1105/1105
f 1108/1108 1105/1105 1106/1106
f 967/967 969/969 1108/1108
f 967/967 1108/1108 1106/1106
f 1110/1110 1109/1109 1107/1107
f 1110/1110 1107/1107 1108/1108
f 969/969 1111/1111 1110/1110
f 969/969 1110/1110 1108/1108
f 1113/1113 1112/1112 1110/1110
f 1113/1113 1110/1110 1111/1111
f 972/972 1114/1114 1113/1113
f 972/972 1113/1113 1111/1111
f 969/969 970/970 972/972
f 969/969 972/972 1111/1111
f 1116/1116 1115/1115 1113/1113
f 1116/1116 1113/1113 1114/1114
f 975/975 977/977 1116/1116
f 975/975 1116/1116 1114/1114
f 972/972 973/973 975/975
f 972/972 975/975 1114/1114
f 1118/1118 1117/1117 1115/1115
f 1118/1118 1115/1115 1116/1116
f 977/977 979/979 1118/1118
f 977/977 1118/1118 1116/1116
f 1120/1120 1119/1119 1117/1117
f 1120/1120 1117/1117 1118/1118
f 979/979 981/981 1120/1120
f 979/979 1120/1120 1118/1118
f 1122/1122 1121/1121 1119/1119
f 1122/1122 1119/1119 1120/1120
f 981/981 983/983 1122/1122
f 981/981 1122/1122 1120/1120
f 988/988 1123/1123 1121/1121
f 988/988 1121/1121 1122/1122
f 983/983 985/985 988/988
f 983/983 988/988 1122/1122
f 1125/1125 1124/1124 1121/1121
f 1125/1125 1121/1121 1123/1123
f 991/991 1126/1126 1125/1125
f 991/991 1125/1125 1123/1123
f 988/988 989/989 991/991
f 988/988 991/991 1123/1123
f 1128/1128 1127/1127 1125/1125
f 1128/1128 1125/1125 1126/1126
f 994/994 1129/1129 1128/1128
f 994/994 1128/1128 1126/1126
f 991/991 992/992 994/994
f 991/991 994/994 1126/1126
f 1131/1131 1130/1130 1128/1128
f 1131/1131 1128/1128 1129/1129
f 997/997 1132/1132 1131/1131
f 997/997 1131/1131 1129/1129
f 994/994 995/995 997/997
f 994/994 997/997 1129/1129
f 1134/1134 1133/1133 1131/1131
f 1134/1134 1131/1131 1132/1132
f 1000/1000 1135/1135 1134/1134
f 1000/1000 1134/1134 1132/1132
f 997/997 998/998 1000/1000
f 997/997 1000/1000 1132/1132
f 1137/1137 1136/1136 1134/1134
f 1137/1137 1134/1134 1135/1135
f 1003/1003 1138/1138 1137/1137
f 1003/1003 1137/1137 1135/1135
f 1000/1000 1001/1001 1003/1003
f 1000/1000 1003/1003 1135/1135
f 1140/1140 1139/1139 1137/1137
f 1140/1140 1137/1137 1138/1138
f 1006/1006 1141/1141 1140/1140
f 1006/1006 1140/1140 1138/1138
f 1003/1003 1004/1004 1006/1006
f 1003/1003 1006/1006 1138/1138
f 1143/1143 1142/1142 1140/1140
f 1143/1143 1140/1140 1141/1141
f 1145/1145 1144/1144 1143/1143
f 1145/1145 1143/1143 1141/1141
f 1006/1006 1007/1007 1145/1145
f 1006/1006 1145/1145 1141/1141
f 1147/1147 1146/1146 1144/1144
f 1147/1147 1144/1144 1145/1145
f 1007/1007 1008/1008 1147/1147
f 1007/1007 1147/1147 1145/1145
f 1149/1149 1148/1148 1146/1146
f 1149/1149 1146/1146 1147/1147
f 1008/1008 1010/1010 1149/1149
f 1008/1008 1149/1149 1147/1147
f 1151/1151 1150/1150 1148/1148
f 1151/1151 1148/1148 1149/1149
f 1010/1010 1012/1012 1151/1151
f 1010/1010 1151/1151 1149/1149
f 1153/1153 1152/1152 1150/1150
f 1153/1153 1150/1150 1151/1151
f 1012/1012 1014/1014 1153/1153
f 1012/1012 1153/1153 1151/1151
f 1155/1155 1154/1154 1152/1152
f 1155/1155 1152/1152 1153/1153
f 1014/1014 1016/1016 1155/1155
f 1014/1014 1155/1155 1153/1153
f 1157/1157 1156/1156 1154/1154
f 1157/1157 1154/1154 1155/1155
f 1016/1016 1018/1018 1157/1157
f 1016/1016 1157/1157 1155/1155
f 1159/1159 1158/1158 1156/1156
f 1159/1159 1156/1156 1157/1157
f 1018/1018 1020/1020 1159/1159
f 1018/1018 1159/1159 1157/1157
f 1161/1161 1160/1160 1158/1158
f 1161/1161 1158/1158 1159/1159
f 1020/1020 1022/1022 1161/1161
f 1020/1020 1161/1161 1159/1159
f 1163/1163 1162/1162 1160/1160
f 1163/1163 1160/1160 1161/1161
f 1022/1022 1024/1024 1163/1163
f 1022/1022 1163/1163 1161/1161
f 1165/1165 1164/1164 1162/1162
f 1165/1165 1162/1162 1163/1163
f 1024/1024 1026/1026 1165/1165
f 1024/1024 1165/1165 1163/1163
f 1167/1167 1166/1166 1164/1164
f 1167/1167 1164/1164 1165/1165
f 1026/1026 1028/1028 1167/1167
f 1026/1026 1167/1167 1165/1165
f 1169/1169 1168/1168 1166/1166
f 1169/1169 1166/1166 1167/1167
f 1028/1028 1030/1030 1169/1169
f 1028/1028 1169/1169 1167/1167
f 1171/1171 1170/1170 1168/1168
f 1171/1171 1168/1168 1169/1169
f 1030/1030 1032/1032 1171/1171
f 1030/1030 1171/1171 1169/1169
f 1173/1173 1172/1172 1170/1170
f 1173/1173 1170/1170 1171/1171
f 1032/1032 1034/1034 1173/1173
f 1032/1032 1173/1173 1171/1171
f 1175/1175 1174/1174 1172/1172
f 1175/1175 1172/1172 1173/1173
f 1034/1034 1036/1036 1175/1175
f 1034/1034 1175/1175 1173/1173
f 1177/1177 1176/1176 1174/1174
f 1177/1177 1174/1174 1175/1175
f 1036/1036 1038/1038 1177/1177
f 1036/1036 1177/1177 1175/1175
f 1179/1179 1178/1178 1176/1176
f 1179/1179 1176/1176 1177/1177
f 1038/1038 1040/1040 1179/1179
f 1038/1038 1179/1179 1177/1177
f 1181/1181 1180/1180 1178/1178
f 1181/1181 1178/1178 1179/1179
f 1040/1040 1042/1042 1181/1181
f 1040/1040 1181/1181 1179/1179
f 1183/1183 1182/1182 1180/1180
f 1183/1183 1180/1180 1181/1181
f 1042/1042 1044/1044 1183/1183
f 1042/1042 1183/1183 1181/1181
f 1188/1188 1187/1187 1185/1185
f 1188/1188 1185/1185 1186/1186
f 1045/1045 1047/1047 1188/1188
f 1045/1045 1188/1188 1186/1186
f 1190/1190 1189/1189 1187/1187
f 1190/1190 1187/1187 1188/1188
f 1047/1047 1049/1049 1190/1190
f 1047/1047 1190/1190 1188/1188
f 1192/1192 1191/1191 1189/1189
f 1192/1192 1189/1189 1190/1190
f 1049/1049 1051/1051 1192/1192
f 1049/1049 1192/1192 1190/1190
f 1194/1194 1193/1193 1191/1191
f 1194/1194 1191/1191 1192/1192
f 1051/1051 1053/1053 1194/1194
f 1051/1051 1194/1194 1192/1192
f 1196/1196 1195/1195 1193/1193
f 1196/1196 1193/1193 1194/1194
f 1053/1053 1055/1055 1196/1196
f 1053/1053 1196/1196 1194/1194
f 1198/1198 1197/1197 1195/1195
f 1198/1198 1195/1195 1196/1196
f 1055/1055 1057/1057 1198/1198
f 1055/1055 1198/1198 1196/1196
f 1200/1200 1199/1199 1197/1197
f 1200/1200 1197/1197 1198/1198
f 1057/1057 1059/1059 1200/1200
f 1057/1057 1200/1200 1198/1198
f 1202/1202 1201/1201 1199/1199
f 1202/1202 1199/1199 1200/1200
f 1059/1059 1061/1061 1202/1202
f 1059/1059 1202/1202 1200/1200
f 1204/1204 1203/1203 1201/1201
f 1204/1204 1201/1201 1202/1202
f 1061/1061 1063/1063 1204/1204
f 1061/1061 1204/1204 1202/1202
f 1206/1206 1205/1205 1203/1203
f 1206/1206 1203/1203 1204/1204
f 1063/1063 1065/1065 1206/1206
f 1063/1063 1206/1206 1204/1204
f 1208/1208 1207/1207 1205/1205
f 1208/1208 1205/1205 1206/1206
f 1065/1065 1067/1067 1208/1208
f 1065/1065 1208/1208 1206/1206
f 1210/1210 1209/1209 1207/1207
f 1210/1210 1207/1207 1208/1208
f 1067/1067 1069/1069 1210/1210
f 1067/1067 1210/1210 1208/1208
f 1212/1212 1211/1211 1209/1209
f 1212/1212 1209/1209 1210/1210
f 1069/1069 1071/1071 1212/1212
f 1069/1069 1212/1212 1210/1210
f 1214/1214 1213/1213 1211/1211
f 1214/1214 1211/1211 1212/1212
f 1071/1071 1073/1073 1214/1214
f 1071/1071 1214/1214 1212/1212
f 1216/1216 1215/1215 1213/1213
f 1216/1216 1213/1213 1214/1214
f 1073/1073 1075/1075 1216/1216
f 1073/1073 1216/1216 1214/1214
f 1218/1218 1217/1217 1215/1215
f 1218/1218 1215/1215 1216/1216
f 1075/1075 1077/1077 1218/1218
f 1075/1075 1218/1218 1216/1216
f 1220/1220 1219/1219 1217/1217
f 1220/1220 1217/1217 1218/1218
f 1077/1077 1079/1079 1220/1220
f 1077/1077 1220/1220 1218/1218
f 1223/1223 1221/1221 1219/1219
f 1223/1223 1219/1219 1220/1220
f 1079/1079 1081/1081 1223/1223
f 1079/1079 1223/1223 1220/1220
f 1226/1226 1225/1225 1222/1222
f 1226/1226 1222/1222 1224/1224
f 1082/1082 1085/1085 1226/1226
f 1082/1082 1226/1226 1224/1224
f 1228/1228 1227/1227 1225/1225
f 1228/1228 1225/1225 1226/1226
f 1085/1085 1087/1087 1228/1228
f 1085/1085 1228/1228 1226/1226
f 1230/1230 1229/1229 1227/1227
f 1230/1230 1227/1227 1228/1228
f 1087/1087 1089/1089 1230/1230
f 1087/1087 1230/1230 1228/1228
f 1232/1232 1231/1231 1229/1229
f 1232/1232 1229/1229 1230/1230
f 1089/1089 1091/1091 1232/1232
f 1089/1089 1232/1232 1230/1230
f 1234/1234 1233/1233 1231/1231
f 1234/1234 1231/1231 1232/1232
f 1091/1091 1093/1093 1234/1234
f 1091/1091 1234/1234 1232/1232
f 1236/1236 1235/1235 1233/1233
f 1236/1236 1233/1233 1234/1234
f 1093/1093 1095/1095 1236/1236
f 1093/1093 1236/1236 1234/1234
f 1238/1238 1237/1237 1235/1235
f 1238/1238 1235/1235 1236/1236
f 1095/1095 1097/1097 1238/1238
f 1095/1095 1238/1238 1236/1236
f 1240/1240 1239/1239 1237/1237
f 1240/1240 1237/1237 1238/1238
f 1097/1097 1099/1099 1240/1240
f 1097/1097 1240/1240 1238/1238
f 1242/1242 1241/1241 1239/1239
f 1242/1242 1239/1239 1240/1240
f 1099/1099 1101/1101 1242/1242
f 1099/1099 1242/1242 1240/1240
f 1244/1244 1243/1243 1241/1241
f 1244/1244 1241/1241 1242/1242
f 1101/1101 1103/1103 1244/1244
f 1101/1101 1244/1244 1242/1242
f 1246/1246 1245/1245 1243/1243
f 1246/1246 1243/1243 1244/1244
f 1103/1103 1105/1105 1246/1246
f 1103/1103 1246/1246 1244/1244
f 1248/1248 1247/1247 1245/1245
f 1248/1248 1245/1245 1246/1246
f 1105/1105 1107/1107 1248/1248
f 1105/1105 1248/1248 1246/1246
f 1250/1250 1249/1249 1247/1247
f 1250/1250 1247/1247 1248/1248
f 1107/1107 1109/1109 1250/1250
f 1107/1107 1250/1250 1248/1248
f 1252/1252 1251/1251 1249/1249
f 1252/1252 1249/1249 1250/1250
f 1109/1109 1253/1253 1252/1252
f 1109/1109 1252/1252 1250/1250
f 1255/1255 1254/1254 1252/1252
f 1255/1255 1252/1252 1253/1253
f 1112/1112 1256/1256 1255/1255
f 1112/1112 1255/1255 1253/1253
f 1109/1109 1110/1110 1112/1112
f 1109/1109 1112/1112 1253/1253
f 1258/1258 1257/1257 1255/1255
f 1258/1258 1255/1255 1256/1256
f 1115/1115 1117/1117 1258/1258
f 1115/1115 1258/1258 1256/1256
f 1112/1112 1113/1113 1115/1115
f 1112/1112 1115/1115 1256/1256
f 1260/1260 1259/1259 1257/1257
f 1260/1260 1257/1257 1258/1258
f 1117/1117 1119/1119 1260/1260
f 1117/1117 1260/1260 1258/1258
f 1124/1124 1261/1261 1259/1259
f 1124/1124 1259/1259 1260/1260
f 1119/1119 1121/1121 1124/1124
f 1119/1119 1124/1124 1260/1260
f 1263/1263 1262/1262 1259/1259
f 1263/1263 1259/1259 1261/1261
f 1127/1127 1264/1264 1263/1263
f 1127/1127 1263/1263 1261/1261
f 1124/1124 1125/1125 1127/1127
f 1124/1124 1127/1127 1261/1261
f 1266/1266 1265/1265 1263/1263
f 1266/1266 1263/1263 1264/1264
f 1130/1130 1267/1267 1266/1266
f 1130/1130 1266/1266 1264/1264
f 1127/1127 1128/1128 1130/1130
f 1127/1127 1130/1130 1264/1264
f 1269/1269 1268/1268 1266/1266
f 1269/1269 1266/1266 1267/1267
f 1133/1133 1270/1270 1269/1269
f 1133/1133 1269/1269 1267/1267
f 1130/1130 1131/1131 1133/1133
f 1130/1130 1133/1133 1267/1267
f 1272/1272 1271/1271 1269/1269
f 1272/1272 1269/1269 1270/1270
f 1136/1136 1273/1273 1272/1272
f 1136/1136 1272/1272 1270/1270
f 1133/1133 1134/1134 1136/1136
f 1133/1133 1136/1136 1270/1270
f 1275/1275 1274/1274 1272/1272
f 1275/1275 1272/1272 1273/1273
f 1139/1139 1276/1276 1275/1275
f 1139/1139 1275/1275 1273/1273
f 1136/1136 1137/1137 1139/1139
f 1136/1136 1139/1139 1273/1273
f 1278/1278 1277/1277 1275/1275
f 1278/1278 1275/1275 1276/1276
f 1142/1142 1279/1279 1278/1278
f 1142/1142 1278/1278 1276/1276
f 1139/1139 1140/1140 1142/1142
f 1139/1139 1142/1142 1276/1276
f 1281/1281 1280/1280 1278/1278
f 1281/1281 1278/1278 1279/1279
f 1283/1283 1282/1282 1281/1281
f 1283/1283 1281/1281 1279/1279
f 1142/1142 1143/1143 1283/1283
f 1142/1142 1283/1283 1279/1279
f 1285/1285 1284/1284 1282/1282
f 1285/1285 1282/1282 1283/1283
f 1143/1143 1144/1144 1285/1285
f 1143/1143 1285/1285 1283/1283
f 1287/1287 1286/1286 1284/1284
f 1287/1287 1284/1284 1285/1285
f 1144/1144 1146/1146 1287/1287
f 1144/1144 1287/1287 1285/1285
f 1289/1289 1288/1288 1286/1286
f 1289/1289 1286/1286 1287/1287
f 1146/1146 1148/1148 1289/1289
f 1146/1146 1289/1289 1287/1287
f 1291/1291 1290/1290 1288/1288
f 1291/1291 1288/1288 1289/1289
f 1148/1148 1150/1150 1291/1291
f 1148/1148 1291/1291 1289/1289
f 1293/1293 1292/1292 1290/1290
f 1293/1293 1290/1290 1291/1291
f 1150/1150 1152/1152 1293/1293
f 1150/1150 1293/1293 1291/1291
f 1295/1295 1294/1294 1292/1292
f 1295/1295 1292/1292 1293/1293
f 1152/1152 1154/1154 1295/1295
f 1152/1152 1295/1295 1293/1293
f 1297/1297 1296/1296 1294/1294
f 1297/1297 1294/1294 1295/1295
f 1154/1154 1156/1156 1297/1297
f 1154/1154 1297/1297 1295/1295
f 1299/1299 1298/1298 1296/1296
f 1299/1299 1296/1296 1297/1297
f 1156/1156 1158/1158 1299/1299
f 1156/1156 1299/1299 1297/1297
f 1301/1301 1300/1300 1298/1298
f 1301/1301 1298/1298 1299/1299
f 1158/1158 1160/1160 1301/1301
f 1158/1158 1301/1301 1299/1299
f 1303/1303 1302/1302 1300/1300
f 1303/1303 1300/1300 1301/1301
f 1160/1160 1162/1162 1303/1303
f 1160/1160 1303/1303 1301/1301
f 1305/1305 1304/1304 1302/1302
f 1305/1305 1302/1302 1303/1303
f 1162/1162 1164/1164 1305/1305
f 1162/1162 1305/1305 1303/1303
f 1307/1307 1306/1306 1304/1304
f 1307/1307 1304/1304 1305/1305
f 1164/1164 1166/1166 1307/1307
f 1164/1164 1307/1307 1305/1305
f 1309/1309 1308/1308 1306/1306
f 1309/1309 1306/1306 1307/1307
f 1166/1166 1168/1168 1309/1309
f 1166/1166 1309/1309 1307/1307
f 1311/1311 1310/1310 1308/1308
f 1311/1311 1308/1308 1309/1309
f 1168/1168 1170/1170 1311/1311
f 1168/1168 1311/1311 1309/1309
f 1313/1313 1312/1312 1310/1310
f 1313/1313 1310/1310 1311/1311
f 1170/1170 1172/1172 1313/1313
f 1170/1170 1313/1313 1311/1311
f 1315/1315 1314/1314 1312/1312
f 1315/1315 1312/1312 1313/1313
f 1172/1172 1174/1174 1315/1315
f 1172/1172 1315/1315 1313/1313
f 1317/1317 1316/1316 1314/1314
f 1317/1317 1314/1314 1315/1315
f 1174/1174 1176/1176 1317/1317
f 1174/1174 1317/1317 1315/1315
f 1319/1319 1318/1318 1316/1316
f 1319/1319 1316/1316 1317/1317
f 1176/1176 1178/1178 1319/1319
f 1176/1176 1319/1319 1317/1317
f 1321/1321 1320/1320 1318/1318
f 1321/1321 1318/1318 1319/1319
f 1178/1178 1180/1180 1321/1321
f 1178/1178 1321/1321 1319/1319
f 1323/1323 1322/1322 1320/1320
f 1323/1323 1320/1320 1321/1321
f 1180/1180 1182/1182 1323/1323
f 1180/1180 1323/1323 1321/1321
f 1325/1325 1324/1324 1322/1322
f 1325/1325 1322/1322 1323/1323
f 1182/1182 1184/1184 1325/1325
f 1182/1182 1325/1325 1323/1323
f 1327/1327 1326/1326 1324/1324
f 1327/1327 1324/1324 1325/1325
f 1184/1184 1327/1327 1325/1325
f 1331/1331 1330/1330 1328/1328
f 1331/1331 1328/1328 1329/1329
f 1333/1333 1332/1332 1330/1330
f 1333/1333 1330/1330 1331/1331
f 1185/1185 1187/1187 1333/1333
f 1185/1185 1333/1333 1331/1331
f 1335/1335 1334/1334 1332/1332
f 1335/1335 1332/1332 1333/1333
f 1187/1187 1189/1189 1335/1335
f 1187/1187 1335/1335 1333/1333
f 1337/1337 1336/1336 1334/1334
f 1337/1337 1334/1334 1335/1335
f 1189/1189 1191/1191 1337/1337
f 1189/1189 1337/1337 1335/1335
f 1339/1339 1338/1338 1336/1336
f 1339/1339 1336/1336 1337/1337
f 1191/1191 1193/1193 1339/1339
f 1191/1191 1339/1339 1337/1337
f 1341/1341 1340/1340 1338/1338
f 1341/1341 1338/1338 1339/1339
f 1193/1193 1195/1195 1341/1341
f 1193/1193 1341/1341 1339/1339
f 1343/1343 1342/1342 1340/1340
f 1343/1343 1340/1340 1341/1341
f 1195/1195 1197/1197 1343/1343
f 1195/1195 1343/1343 1341/1341
f 1345/1345 1344/1344 1342/1342
f 1345/1345 1342/1342 1343/1343
f 1197/1197 1199/1199 1345/1345
f 1197/1197 1345/1345 1343/1343
f 1347/1347 1346/1346 1344/1344
f 1347/1347 1344/1344 1345/1345
f 1199/1199 1201/1201 1347/1347
f 1199/1199 1347/1347 1345/1345
f 1349/1349 1348/1348 1346/1346
f 1349/1349 1346/1346 1347/1347
f 1201/1201 1203/1203 1349/1349
f 1201/1201 1349/1349 1347/1347
f 1351/1351 1350/1350 1348/1348
f 1351/1351 1348/1348 1349/1349
f 1203/1203 1205/1205 1351/1351
f 1203/1203 1351/1351 1349/1349
f 1353/1353 1352/1352 1350/1350
f 1353/1353 1350/1350 1351/1351
f 1205/1205 1207/1207 1353/1353
f 1205/1205 1353/1353 1351/1351
f 1355/1355 1354/1354 1352/1352
f 1355/1355 1352/1352 1353/1353
f 1207/1207 1209/1209 1355/1355
f 1207/1207 1355/1355 1353/1353
f 1357/1357 1356/1356 1354/1354
f 1357/1357 1354/1354 1355/1355
f 1209/1209 1211/1211 1357/1357
f 1209/1209 1357/1357 1355/1355
f 1359/1359 1358/1358 1356/1356
f 1359/1359 1356/1356 1357/1357
f 1211/1211 1213/1213 1359/1359
f 1211/1211 1359/1359 1357/1357
f 1361/1361 1360/1360 1358/1358
f 1361/1361 1358/1358 1359/1359
f 1213/1213 1215/1215 1361/1361
f 1213/1213 1361/1361 1359/1359
f 1363/1363 1362/1362 1360/1360
f 1363/1363 1360/1360 1361/1361
f 1215/1215 1217/1217 1363/1363
f 1215/1215 1363/1363 1361/1361
f 1365/1365 1364/1364 1362/1362
f 1365/1365 1362/1362 1363/1363
f 1217/1217 1219/1219 1365/1365
f 1217/1217 1365/1365 1363/1363
f 1369/1369 1367/1367 1364/1364
f 1369/1369 1364/1364 1365/1365
f 1219/1219 1221/1221 1369/1369
f 1219/1219 1369/1369 1365/1365
f 1371/1371 1370/1370 1366/1366
f 1371/1371 1366/1366 1368/1368
f 1222/1222 1225/1225 1371/1371
f 1222/1222 1371/1371 1368/1368
f 1373/1373 1372/1372 1370/1370
f 1373/1373 1370/1370 1371/1371
f 1225/1225 1227/1227 1373/1373
f 1225/1225 1373/1373 1371/1371
f 1375/1375 1374/1374 1372/1372
f 1375/1375 1372/1372 1373/1373
f 1227/1227 1229/1229 1375/1375
f 1227/1227 1375/1375 1373/1373
f 1377/1377 1376/1376 1374/1374
f 1377/1377 1374/1374 1375/1375
f 1229/1229 1231/1231 1377/1377
f 1229/1229 1377/1377 1375/1375
f 1379/1379 1378/1378 1376/1376
f 1379/1379 1376/1376 1377/1377
f 1231/1231 1233/1233 1379/1379
f 1231/1231 1379/1379 1377/1377
f 1381/1381 1380/1380 1378/1378
f 1381/1381 1378/1378 1379/1379
f 1233/1233 1235/1235 1381/1381
f 1233/1233 1381/1381 1379/1379
f 1383/1383 1382/1382 1380/1380
f 1383/1383 1380/1380 1381/1381
f 1235/1235 1237/1237 1383/1383
f 1235/1235 1383/1383 1381/1381
f 1385/1385 1384/1384 1382/1382
f 1385/1385 1382/1382 1383/1383
f 1237/1237 1239/1239 1385/1385
f 1237/1237 1385/1385 1383/1383
f 1387/1387 1386/1386 1384/1384
f 1387/1387 1384/1384 1385/1385
f 1239/1239 1241/1241 1387/1387
f 1239/1239 1387/1387 1385/1385
f 1389/1389 1388/1388 1386/1386
f 1389/1389 1386/1386 1387/1387
f 1241/1241 1243/1243 1389/1389
f 1241/1241 1389/1389 1387/1387
f 1391/1391 1390/1390 1388/1388
f 1391/1391 1388/1388 1389/1389
f 1243/1243 1245/1245 1391/1391
f 1243/1243 1391/1391 1389/1389
f 1393/1393 1392/1392 1390/1390
f 1393/1393 1390/1390 1391/1391
f 1245/1245 1247/1247 1393/1393
f 1245/1245 1393/1393 1391/1391
f 1395/1395 1394/1394 1392/1392
f 1395/1395 1392/1392 1393/1393
f 1247/1247 1249/1249 1395/1395
f 1247/1247 1395/1395 1393/1393
f 1397/1397 1396/1396 1394/1394
f 1397/1397 1394/1394 1395/1395
f 1249/1249 1251/1251 1397/1397
f 1249/1249 1397/1397 1395/1395
f 1399/1399 1398/1398 1396/1396
f 1399/1399 1396/1396 1397/1397
f 1251/1251 1400/1400 1399/1399
f 1251/1251 1399/1399 1397/1397
f 1402/1402 1401/1401 1399/1399
f 1402/1402 1399/1399 1400/1400
f 1254/1254 1403/1403 1402/1402
f 1254/1254 1402/1402 1400/1400
f 1251/1251 1252/1252 1254/1254
f 1251/1251 1254/1254 1400/1400
f 1262/1262 1404/1404 1402/1402
f 1262/1262 1402/1402 1403/1403
f 1257/1257 1259/1259 1262/1262
f 1257/1257 1262/1262 1403/1403
f 1254/1254 1255/1255 1257/1257
f 1254/1254 1257/1257 1403/1403
f 1405/1405 1401/1401 1402/1402
f 1405/1405 1402/1402 1404/1404
f 1265/1265 1406/1406 1405/1405
f 1265/1265 1405/1405 1404/1404
f 1262/1262 1263/1263 1265/1265
f 1262/1262 1265/1265 1404/1404
f 1408/1408 1407/1407 1405/1405
f 1408/1408 1405/1405 1406/1406
f 1268/1268 1409/1409 1408/1408
f 1268/1268 1408/1408 1406/1406
f 1265/1265 1266/1266 1268/1268
f 1265/1265 1268/1268 1406/1406
f 1411/1411 1410/1410 1408/1408
f 1411/1411 1408/1408 1409/1409
f 1271/1271 1412/1412 1411/1411
f 1271/1271 1411/1411 1409/1409
f 1268/1268 1269/1269 1271/1271
f 1268/1268 1271/1271 1409/1409
f 1414/1414 1413/1413 1411/1411
f 1414/1414 1411/1411 1412/1412
f 1274/1274 1415/1415 1414/1414
f 1274/1274 1414/1414 1412/1412
f 1271/1271 1272/1272 1274/1274
f 1271/1271 1274/1274 1412/1412
f 1417/1417 1416/1416 1414/1414
f 1417/1417 1414/1414 1415/1415
f 1277/1277 1418/1418 1417/1417
f 1277/1277 1417/1417 1415/1415
f 1274/1274 1275/1275 1277/1277
f 1274/1274 1277/1277 1415/1415
f 1420/1420 1419/1419 1417/1417
f 1420/1420 1417/1417 1418/1418
f 1280/1280 1421/1421 1420/1420
f 1280/1280 1420/1420 1418/1418
f 1277/1277 1278/1278 1280/1280
f 1277/1277 1280/1280 1418/1418
f 1423/1423 1422/1422 1420/1420
f 1423/1423 1420/1420 1421/1421
f 1425/1425 1424/1424 1423/1423
f 1425/1425 1423/1423 1421/1421
f 1280/1280 1281/1281 1425/1425
f 1280/1280 1425/1425 1421/1421
f 1427/1427 1426/1426 1424/1424
f 1427/1427 1424/1424 1425/1425
f 1281/1281 1282/1282 1427/1427
f 1281/1281 1427/1427 1425/1425
f 1429/1429 1428/1428 1426/1426
f 1429/1429 1426/1426 1427/1427
f 1282/1282 1284/1284 1429/1429
f 1282/1282 1429/1429 1427/1427
f 1431/1431 1430/1430 1428/1428
f 1431/1431 1428/1428 1429/1429
f 1284/1284 1286/1286 1431/1431
f 1284/1284 1431/1431 1429/1429
f 1433/1433 1432/1432 1430/1430
f 1433/1433 1430/1430 1431/1431
f 1286/1286 1288/1288 1433/1433
f 1286/1286 1433/1433 1431/1431
f 1435/1435 1434/1434 1432/1432
f 1435/1435 1432/1432 1433/1433
f 1288/1288 1290/1290 1435/1435
f 1288/1288 1435/1435 1433/1433
f 1437/1437 1436/1436 1434/1434
f 1437/1437 1434/1434 1435/1435
f 1290/1290 1292/1292 1437/1437
f 1290/1290 1437/1437 1435/1435
f 1439/1439 1438/1438 1436/1436
f 1439/1439 1436/1436 1437/1437
f 1292/1292 1294/1294 1439/1439
f 1292/1292 1439/1439 1437/1437
f 1441/1441 1440/1440 1438/1438
f 1441/1441 1438/1438 1439/1439
f 1294/1294 1296/1296 1441/1441
f 1294/1294 1441/1441 1439/1439
f 1443/1443 1442/1442 1440/1440
f 1443/1443 1440/1440 1441/1441
f 1296/1296 1298/1298 1443/1443
f 1296/1296 1443/1443 1441/1441
f 1445/1445 1444/1444 1442/1442
f 1445/1445 1442/1442 1443/1443
f 1298/1298 1300/1300 1445/1445
f 1298/1298 1445/1445 1443/1443
f 1447/1447 1446/1446 1444/1444
f 1447/1447 1444/1444 1445/1445
f 1300/1300 1302/1302 1447/1447
f 1300/1300 1447/1447 1445/1445
f 1449/1449 1448/1448 1446/1446
f 1449/1449 1446/1446 1447/1447
f 1302/1302 1304/1304 1449/1449
f 1302/1302 1449/1449 1447/1447
f 1451/1451 1450/1450 1448/1448
f 1451/1451 1448/1448 1449/1449
f 1304/1304 1306/1306 1451/1451
f 1304/1304 1451/1451 1449/1449
f 1453/1453 1452/1452 1450/1450
f 1453/1453 1450/1450 1451/1451
f 1306/1306 1308/1308 1453/1453
f 1306/1306 1453/1453 1451/1451
f 1455/1455 1454/1454 1452/1452
f 1455/1455 1452/1452 1453/1453
f 1308/1308 1310/1310 1455/1455
f 1308/1308 1455/1455 1453/1453
f 1457/1457 1456/1456 1454/1454
f 1457/1457 1454/1454 1455/1455
f 1310/1310 1312/1312 1457/1457
f 1310/1310 1457/1457 1455/1455
f 1459/1459 1458/1458 1456/1456
f 1459/1459 1456/1456 1457/1457
f 1312/1312 1314/1314 1459/1459
f 1312/1312 1459/1459 1457/1457
f 1461/1461 1460/1460 1458/1458
f 1461/1461 1458/1458 1459/1459
f 1314/1314 1316/1316 1461/1461
f 1314/1314 1461/1461 1459/1459
f 1463/1463 1462/1462 1460/1460
f 1463/1463 1460/1460 1461/1461
f 1316/1316 1318/1318 1463/1463
f 1316/1316 1463/1463 1461/1461
f 1465/1465 1464/1464 1462/1462
f 1465/1465 1462/1462 1463/1463
f 1318/1318 1320/1320 1465/1465
f 1318/1318 1465/1465 1463/1463
f 1467/1467 1466/1466 1464/1464
f 1467/1467 1464/1464 1465/1465
f 1320/1320 1322/1322 1467/1467
f 1320/1320 1467/1467 1465/1465
f 1469/1469 1468/1468 1466/1466
f 1469/1469 1466/1466 1467/1467
f 1322/1322 1324/1324 1469/1469
f 1322/1322 1469/1469 1467/1467
f 1471/1471 1470/1470 1468/1468
f 1471/1471 1468/1468 1469/1469
f 1324/1324 1326/1326 1471/1471
f 1324/1324 1471/1471 1469/1469
f 1473/1473 1472/1472 1470/1470
f 1473/1473 1470/1470 1471/1471
f 1326/1326 1473/1473 1471/1471
f 1477/1477 1476/1476 1474/1474
f 1477/1477 1474/1474 1475/1475
f 1328/1328 1330/1330 1477/1477
f 1328/1328 1477/1477 1475/1475
f 1479/1479 1478/1478 1476/1476
f 1479/1479 1476/1476 1477/1477
f 1330/1330 1332/1332 1479/1479
f 1330/1330 1479/1479 1477/1477
f 1481/1481 1480/1480 1478/1478
f 1481/1481 1478/1478 1479/1479
f 1332/1332 1334/1334 1481/1481
f 1332/1332 1481/1481 1479/1479
f 1483/1483 1482/1482 1480/1480
f 1483/1483 1480/1480 1481/1481
f 1334/1334 1336/1336 1483/1483
f 1334/1334 1483/1483 1481/1481
f 1485/1485 1484/1484 1482/1482
f 1485/1485 1482/1482 1483/1483
f 1336/1336 1338/1338 1485/1485
f 1336/1336 1485/1485 1483/1483
f 1487/1487 1486/1486 1484/1484
f 1487/1487 1484/1484 1485/1485
f 1338/1338 1340/1340 1487/1487
f 1338/1338 1487/1487 1485/1485
f 1489/1489 1488/1488 1486/1486
f 1489/1489 1486/1486 1487/1487
f 1340/1340 1342/1342 1489/1489
f 1340/1340 1489/1489 1487/1487
f 1491/1491 1490/1490 1488/1488
f 1491/1491 1488/1488 1489/1489
f 1342/1342 1344/1344 1491/1491
f 1342/1342 1491/1491 1489/1489
f 1493/1493 1492/1492 1490/1490
f 1493/1493 1490/1490 1491/1491
f 1344/1344 1346/1346 1493/1493
f 1344/1344 1493/1493 1491/1491
f 1495/1495 1494/1494 1492/1492
f 1495/1495 1492/1492 1493/1493
f 1346/1346 1348/1348 1495/1495
f 1346/1346 1495/1495 1493/1493
f 1497/1497 1496/1496 1494/1494
f 1497/1497 1494/1494 1495/1495
f 1348/1348 1350/1350 1497/1497
f 1348/1348 1497/1497 1495/1495
f 1499/1499 1498/1498 1496/1496
f 1499/1499 1496/1496 1497/1497
f 1350/1350 1352/1352 1499/1499
f 1350/1350 1499/1499 1497/1497
f 1501/1501 1500/1500 1498/1498
f 1501/1501 1498/1498 1499/1499
f 1352/1352 1354/1354 1501/1501
f 1352/1352 1501/1501 1499/1499
f 1503/1503 1502/1502 1500/1500
f 1503/1503 1500/1500 1501/1501
f 1354/1354 1356/1356 1503/1503
f 1354/1354 1503/1503 1501/1501
f 1505/1505 1504/1504 1502/1502
f 1505/1505 1502/1502 1503/1503
f 1356/1356 1358/1358 1505/1505
f 1356/1356 1505/1505 1503/1503
f 1507/1507 1506/1506 1504/1504
f 1507/1507 1504/1504 1505/1505
f 1358/1358 1360/1360 1507/1507
f 1358/1358 1507/1507 1505/1505
f 1509/1509 1508/1508 1506/1506
f 1509/1509 1506/1506 1507/1507
f 1360/1360 1362/1362 1509/1509
f 1360/1360 1509/1509 1507/1507
f 1511/1511 1510/1510 1508/1508
f 1511/1511 1508/1508 1509/1509
f 1362/1362 1364/1364 1511/1511
f 1362/1362 1511/1511 1509/1509
f 1514/1514 1512/1512 1510/1510
f 1514/1514 1510/1510 1511/1511
f 1364/1364 1367/1367 1514/1514
f 1364/1364 1514/1514 1511/1511
f 1517/1517 1516/1516 1513/1513
f 1517/1517 1513/1513 1515/1515
f 1366/1366 1370/1370 1517/1517
f 1366/1366 1517/1517 1515/1515
f 1519/1519 1518/1518 1516/1516
f 1519/1519 1516/1516 1517/1517
f 1370/1370 1372/1372 1519/1519
f 1370/1370 1519/1519 1517/1517
f 1521/1521 1520/1520 1518/1518
f 1521/1521 1518/1518 1519/1519
f 1372/1372 1374/1374 1521/1521
f 1372/1372 1521/1521 1519/1519
f 1523/1523 1522/1522 1520/1520
f 1523/1523 1520/1520 1521/1521
f 1374/1374 1376/1376 1523/1523
f 1374/1374 1523/1523 1521/1521
f 1525/1525 1524/1524 1522/1522
f 1525/1525 1522/1522 1523/1523
f 1376/1376 1378/1378 1525/1525
f 1376/1376 1525/1525 1523/1523
f 1527/1527 1526/1526 1524/1524
f 1527/1527 1524/1524 1525/1525
f 1378/1378 1380/1380 1527/1527
f 1378/1378 1527/1527 1525/1525
f 1529/1529 1528/1528 1526/1526
f 1529/1529 1526/1526 1527/1527
f 1380/1380 1382/1382 1529/1529
f 1380/1380 1529/1529 1527/1527
f 1531/1531 1530/1530 1528/1528
f 1531/1531 1528/1528 1529/1529
f 1382/1382 1384/1384 1531/1531
f 1382/1382 1531/1531 1529/1529
f 1533/1533 1532/1532 1530/1530
f 1533/1533 1530/1530 1531/1531
f 1384/1384 1386/1386 1533/1533
f 1384/1384 1533/1533 1531/1531
f 1535/1535 1534/1534 1532/1532
f 1535/1535 1532/1532 1533/1533
f 1386/1386 1388/1388 1535/1535
f 1386/1386 1535/1535 1533/1533
f 1537/1537 1536/1536 1534/1534
f 1537/1537 1534/1534 1535/1535
f 1388/1388 1390/1390 1537/1537
f 1388/1388 1537/1537 1535/1535
f 1539/1539 1538/1538 1536/1536
f 1539/1539 1536/1536 1537/1537
f 1390/1390 1392/1392 1539/1539
f 1390/1390 1539/1539 1537/1537
f 1541/1541 1540/1540 1538/1538
f 1541/1541 1538/1538 1539/1539
f 1392/1392 1394/1394 1541/1541
f 1392/1392 1541/1541 1539/1539
f 1543/1543 1542/1542 1540/1540
f 1543/1543 1540/1540 1541/1541
f 1394/1394 1396/1396 1543/1543
f 1394/1394 1543/1543 1541/1541
f 1545/1545 1544/1544 1542/1542
f 1545/1545 1542/1542 1543/1543
f 1396/1396 1398/1398 1545/1545
f 1396/1396 1545/1545 1543/1543
f 1547/1547 1546/1546 1544/1544
f 1547/1547 1544/1544 1545/1545
f 1398/1398 1548/1548 1547/1547
f 1398/1398 1547/1547 1545/1545
f 1407/1407 1549/1549 1547/1547
f 1407/1407 1547/1547 1548/1548
f 1401/1401 1405/1405 1407/1407
f 1401/1401 1407/1407 1548/1548
f 1398/1398 1399/1399 1401/1401
f 1398/1398 1401/1401 1548/1548
f 1550/1550 1546/1546 1547/1547
f 1550/1550 1547/1547 1549/1549
f 1410/1410 1551/1551 1550/1550
f 1410/1410 1550/1550 1549/1549
f 1407/1407 1408/1408 1410/1410
f 1407/1407 1410/1410 1549/1549
f 1553/1553 1552/1552 1550/1550
f 1553/1553 1550/1550 1551/1551
f 1413/1413 1554/1554 1553/1553
f 1413/1413 1553/1553 1551/1551
f 1410/1410 1411/1411 1413/1413
f 1410/1410 1413/1413 1551/1551
f 1556/1556 1555/1555 1553/1553
f 1556/1556 1553/1553 1554/1554
f 1416/1416 1557/1557 1556/1556
f 1416/1416 1556/1556 1554/1554
f 1413/1413 1414/1414 1416/1416
f 1413/1413 1416/1416 1554/1554
f 1559/1559 1558/1558 1556/1556
f 1559/1559 1556/1556 1557/1557
f 1419/1419 1560/1560 1559/1559
f 1419/1419 1559/1559 1557/1557
f 1416/1416 1417/1417 1419/1419
f 1416/1416 1419/1419 1557/1557
f 1562/1562 1561/1561 1559/1559
f 1562/1562 1559/1559 1560/1560
f 1422/1422 1563/1563 1562/1562
f 1422/1422 1562/1562 1560/1560
f 1419/1419 1420/1420 1422/1422
f 1419/1419 1422/1422 1560/1560
f 1565/1565 1564/1564 1562/1562
f 1565/1565 1562/1562 1563/1563
f 1567/1567 1566/1566 1565/1565
f 1567/1567 1565/1565 1563/1563
f 1422/1422 1423/1423 1567/1567
f 1422/1422 1567/1567 1563/1563
f 1569/1569 1568/1568 1566/1566
f 1569/1569 1566/1566 1567/1567
f 1423/1423 1424/1424 1569/1569
f 1423/1423 1569/1569 1567/1567
f 1571/1571 1570/1570 1568/1568
f 1571/1571 1568/1568 1569/1569
f 1424/1424 1426/1426 1571/1571
f 1424/1424 1571/1571 1569/1569
f 1573/1573 1572/1572 1570/1570
f 1573/1573 1570/1570 1571/1571
f 1426/1426 1428/1428 1573/1573
f 1426/1426 1573/1573 1571/1571
f 1575/1575 1574/1574 1572/1572
f 1575/1575 1572/1572 1573/1573
f 1428/1428 1430/1430 1575/1575
f 1428/1428 1575/1575 1573/1573
f 1577/1577 1576/1576 1574/1574
f 1577/1577 1574/1574 1575/1575
f 1430/1430 1432/1432 1577/1577
f 1430/1430 1577/1577 1575/1575
f 1579/1579 1578/1578 1576/1576
f 1579/1579 1576/1576 1577/1577
f 1432/1432 1434/1434 1579/1579
f 1432/1432 1579/1579 1577/1577
f 1581/1581 1580/1580 1578/1578
f 1581/1581 1578/1578 1579/1579
f 1434/1434 1436/1436 1581/1581
f 1434/1434 1581/1581 1579/1579
f 1583/1583 1582/1582 1580/1580
f 1583/1583 1580/1580 1581/1581
f 1436/1436 1438/1438 1583/1583
f 1436/1436 1583/1583 1581/1581
f 1585/1585 1584/1584 1582/1582
f 1585/1585 1582/1582 1583/1583
f 1438/1438 1440/1440 1585/1585
f 1438/1438 1585/1585 1583/1583
f 1587/1587 1586/1586 1584/1584
f 1587/1587 1584/1584 1585/1585
f 1440/1440 1442/1442 1587/1587
f 1440/1440 1587/1587 1585/1585
f 1589/1589 1588/1588 1586/1586
f 1589/1589 1586/1586 1587/1587
f 1442/1442 1444/1444 1589/1589
f 1442/1442 1589/1589 1587/1587
f 1591/1591 1590/1590 1588/1588
f 1591/1591 1588/1588 1589/1589
f 1444/1444 1446/1446 1591/1591
f 1444/1444 1591/1591 1589/1589
f 1593/1593 1592/1592 1590/1590
f 1593/1593 1590/1590 1591/1591
f 1446/1446 1448/1448 1593/1593
f 1446/1446 1593/1593 1591/1591
f 1595/1595 1594/1594 1592/1592
f 1595/1595 1592/1592 1593/1593
f 1448/1448 1450/1450 1595/1595
f 1448/1448 1595/1595 1593/1593
f 1597/1597 1596/1596 1594/1594
f 1597/1597 1594/1594 1595/1595
f 1450/1450 1452/1452 1597/1597
f 1450/1450 1597/1597 1595/1595
f 1599/1599 1598/1598 1596/1596
f 1599/1599 1596/1596 1597/1597
f 1452/1452 1454/1454 1599/1599
f 1452/1452 1599/1599 1597/1597
f 1601/1601 1600/1600 1598/1598
f 1601/1601 1598/1598 1599/1599
f 1454/1454 1456/1456 1601/1601
f 1454/1454 1601/1601 1599/1599
f 1603/1603 1602/1602 1600/1600
f 1603/1603 1600/1600 1601/1601
f 1456/1456 1458/1458 1603/1603
f 1456/1456 1603/1603 1601/1601
f 1605/1605 1604/1604 1602/1602
f 1605/1605 1602/1602 1603/1603
f 1458/1458 1460/1460 1605/1605
f 1458/1458 1605/1605 1603/1603
f 1607/1607 1606/1606 1604/1604
f 1607/1607 1604/1604 1605/1605
f 1460/1460 1462/1462 1607/1607
f 1460/1460 1607/1607 1605/1605
f 1609/1609 1608/1608 1606/1606
f 1609/1609 1606/1606 1607/1607
f 1462/1462 1464/1464 1609/1609
f 1462/1462 1609/1609 1607/1607
f 1611/1611 1610/1610 1608/1608
f 1611/1611 1608/1608 1609/1609
f 1464/1464 1466/1466 1611/1611
f 1464/1464 1611/1611 1609/1609
f 1613/1613 1612/1612 1610/1610
f 1613/1613 1610/1610 1611/1611
f 1466/1466 1468/1468 1613/1613
f 1466/1466 1613/1613 1611/1611
f 1615/1615 1614/1614 1612/1612
f 1615/1615 1612/1612 1613/1613
f 1468/1468 1470/1470 1615/1615
f 1468/1468 1615/1615 1613/1613
f 1617/1617 1616/1616 1614/1614
f 1617/1617 1614/1614 1615/1615
f 1470/1470 1472/1472 1617/1617
f 1470/1470 1617/1617 1615/1615
f 1622/1622 1621/1621 1619/1619
f 1622/1622 1619/1619 1620/1620
f 1474/1474 1476/1476 1622/1622
f 1474/1474 1622/1622 1620/1620
f 1624/1624 1623/1623 1621/1621
f 1624/1624 1621/1621 1622/1622
f 1476/1476 1478/1478 1624/1624
f 1476/1476 1624/1624 1622/1622
f 1626/1626 1625/1625 1623/1623
f 1626/1626 1623/1623 1624/1624
f 1478/1478 1480/1480 1626/1626
f 1478/1478 1626/1626 1624/1624
f 1628/1628 1627/1627 1625/1625
f 1628/1628 1625/1625 1626/1626
f 1480/1480 1482/1482 1628/1628
f 1480/1480 1628/1628 1626/1626
f 1630/1630 1629/1629 1627/1627
f 1630/1630 1627/1627 1628/1628
f 1482/1482 1484/1484 1630/1630
f 1482/1482 1630/1630 1628/1628
f 1632/1632 1631/1631 1629/1629
f 1632/1632 1629/1629 1630/1630
f 1484/1484 1486/1486 1632/1632
f 1484/1484 1632/1632 1630/1630
f 1634/1634 1633/1633 1631/1631
f 1634/1634 1631/1631 1632/1632
f 1486/1486 1488/1488 1634/1634
f 1486/1486 1634/1634 1632/1632
f 1636/1636 1635/1635 1633/1633
f 1636/1636 1633/1633 1634/1634
f 1488/1488 1490/1490 1636/1636
f 1488/1488 1636/1636 1634/1634
f 1638/1638 1637/1637 1635/1635
f 1638/1638 1635/1635 1636/1636
f 1490/1490 1492/1492 1638/1638
f 1490/1490 1638/1638 1636/1636
f 1640/1640 1639/1639 1637/1637
f 1640/1640 1637/1637 1638/1638
f 1492/1492 1494/1494 1640/1640
f 1492/1492 1640/1640 1638/1638
f 1642/1642 1641/1641 1639/1639
f 1642/1642 1639/1639 1640/1640
f 1494/1494 1496/1496 1642/1642
f 1494/1494 1642/1642 1640/1640
f 1644/1644 1643/1643 1641/1641
f 1644/1644 1641/1641 1642/1642
f 1496/1496 1498/1498 1644/1644
f 1496/1496 1644/1644 1642/1642
f 1646/1646 1645/1645 1643/1643
f 1646/1646 1643/1643 1644/1644
f 1498/1498 1500/1500 1646/1646
f 1498/1498 1646/1646 1644/1644
f 1648/1648 1647/1647 1645/1645
f 1648/1648 1645/1645 1646/1646
f 1500/1500 1502/1502 1648/1648
f 1500/1500 1648/1648 1646/1646
f 1650/1650 1649/1649 1647/1647
f 1650/1650 1647/1647 1648/1648
f 1502/1502 1504/1504 1650/1650
f 1502/1502 1650/1650 1648/1648
f 1652/1652 1651/1651 1649/1649
f 1652/1652 1649/1649 1650/1650
f 1504/1504 1506/1506 1652/1652
f 1504/1504 1652/1652 1650/1650
f 1654/1654 1653/1653 1651/1651
f 1654/1654 1651/1651 1652/1652
f 1506/1506 1508/1508 1654/1654
f 1506/1506 1654/1654 1652/1652
f 1656/1656 1655/1655 1653/1653
f 1656/1656 1653/1653 1654/1654
f 1508/1508 1510/1510 1656/1656
f 1508/1508 1656/1656 1654/1654
f 1660/1660 1657/1657 1655/1655
f 1660/1660 1655/1655 1656/1656
f 1510/1510 1512/1512 1660/1660
f 1510/1510 1660/1660 1656/1656
f 1662/1662 1661/1661 1658/1658
f 1662/1662 1658/1658 1659/1659
f 1513/1513 1516/1516 1662/1662
f 1513/1513 1662/1662 1659/1659
f 1664/1664 1663/1663 1661/1661
f 1664/1664 1661/1661 1662/1662
f 1516/1516 1518/1518 1664/1664
f 1516/1516 1664/1664 1662/1662
f 1666/1666 1665/1665 1663/1663
f 1666/1666 1663/1663 1664/1664
f 1518/1518 1520/1520 1666/1666
f 1518/1518 1666/1666 1664/1664
f 1668/1668 1667/1667 1665/1665
f 1668/1668 1665/1665 1666/1666
f 1520/1520 1522/1522 1668/1668
f 1520/1520 1668/1668 1666/1666
f 1670/1670 1669/1669 1667/1667
f 1670/1670 1667/1667 1668/1668
f 1522/1522 1524/1524 1670/1670
f 1522/1522 1670/1670 1668/1668
f 1672/1672 1671/1671 1669/1669
f 1672/1672 1669/1669 1670/1670
f 1524/1524 1526/1526 1672/1672
f 1524/1524 1672/1672 1670/1670
f 1674/1674 1673/1673 1671/1671
f 1674/1674 1671/1671 1672/1672
f 1526/1526 1528/1528 1674/1674
f 1526/1526 1674/1674 1672/1672
f 1676/1676 1675/1675 1673/1673
f 1676/1676 1673/1673 1674/1674
f 1528/1528 1530/1530 1676/1676
f 1528/1528 1676/1676 1674/1674
f 1678/1678 1677/1677 1675/1675
f 1678/1678 1675/1675 1676/1676
f 1530/1530 1532/1532 1678/1678
f 1530/1530 1678/1678 1676/1676
f 1680/1680 1679/1679 1677/1677
f 1680/1680 1677/1677 1678/1678
f 1532/1532 1534/1534 1680/1680
f 1532/1532 1680/1680 1678/1678
f 1682/1682 1681/1681 1679/1679
f 1682/1682 1679/1679 1680/1680
f 1534/1534 1536/1536 1682/1682
f 1534/1534 1682/1682 1680/1680
f 1684/1684 1683/1683 1681/1681
f 1684/1684 1681/1681 1682/1682
f 1536/1536 1538/1538 1684/1684
f 1536/1536 1684/1684 1682/1682
f 1686/1686 1685/1685 1683/1683
f 1686/1686 1683/1683 1684/1684
f 1538/1538 1540/1540 1686/1686
f 1538/1538 1686/1686 1684/1684
f 1688/1688 1687/1687 1685/1685
f 1688/1688 1685/1685 1686/1686
f 1540/1540 1542/1542 1688/1688
f 1540/1540 1688/1688 1686/1686
f 1690/1690 1689/1689 1687/1687
f 1690/1690 1687/1687 1688/1688
f 1542/1542 1544/1544 1690/1690
f 1542/1542 1690/1690 1688/1688
f 1692/1692 1691/1691 1689/1689
f 1692/1692 1689/1689 1690/1690
f 1544/1544 1546/1546 1692/1692
f 1544/1544 1692/1692 1690/1690
f 1552/1552 1693/1693 1691/1691
f 1552/1552 1691/1691 1692/1692
f 1546/1546 1550/1550 1552/1552
f 1546/1546 1552/1552 1692/1692
f 1695/1695 1694/1694 1691/1691
f 1695/1695 1691/1691 1693/1693
f 1555/1555 1696/1696 1695/1695
f 1555/1555 1695/1695 1693/1693
f 1552/1552 1553/1553 1555/1555
f 1552/1552 1555/1555 1693/1693
f 1698/1698 1697/1697 1695/1695
f 1698/1698 1695/1695 1696/1696
f 1558/1558 1699/1699 1698/1698
f 1558/1558 1698/1698 1696/1696
f 1555/1555 1556/1556 1558/1558
f 1555/1555 1558/1558 1696/1696
f 1701/1701 1700/1700 1698/1698
f 1701/1701 1698/1698 1699/1699
f 1561/1561 1702/1702 1701/1701
f 1561/1561 1701/1701 1699/1699
f 1558/1558 1559/1559 1561/1561
f 1558/1558 1561/1561 1699/1699
f 1704/1704 1703/1703 1701/1701
f 1704/1704 1701/1701 1702/1702
f 1564/1564 1705/1705 1704/1704
f 1564/1564 1704/1704 1702/1702
f 1561/1561 1562/1562 1564/1564
f 1561/1561 1564/1564 1702/1702
f 1707/1707 1706/1706 1704/1704
f 1707/1707 1704/1704 1705/1705
f 1709/1709 1708/1708 1707/1707
f 1709/1709 1707/1707 1705/1705
f 1564/1564 1565/1565 1709/1709
f 1564/1564 1709/1709 1705/1705
f 1711/1711 1710/1710 1708/1708
f 1711/1711 1708/1708 1709/1709
f 1565/1565 1566/1566 1711/1711
f 1565/1565 1711/1711 1709/1709
f 1713/1713 1712/1712 1710/1710
f 1713/1713 1710/1710 1711/1711
f 1566/1566 1568/1568 1713/1713
f 1566/1566 1713/1713 1711/1711
f 1715/1715 1714/1714 1712/1712
f 1715/1715 1712/1712 1713/1713
f 1568/1568 1570/1570 1715/1715
f 1568/1568 1715/1715 1713/1713
f 1717/1717 1716/1716 1714/1714
f 1717/1717 1714/1714 1715/1715
f 1570/1570 1572/1572 1717/1717
f 1570/1570 1717/1717 1715/1715
f 1719/1719 1718/1718 1716/1716
f 1719/1719 1716/1716 1717/1717
f 1572/1572 1574/1574 1719/1719
f 1572/1572 1719/1719 1717/1717
f 1721/1721 1720/1720 1718/1718
f 1721/1721 1718/1718 1719/1719
f 1574/1574 1576/1576 1721/1721
f 1574/1574 1721/1721 1719/1719
f 1723/1723 1722/1722 1720/1720
f 1723/1723 1720/1720 1721/1721
f 1576/1576 1578/1578 1723/1723
f 1576/1576 1723/1723 1721/1721
f 1725/1725 1724/1724 1722/1722
f 1725/1725 1722/1722 1723/1723
f 1578/1578 1580/1580 1725/1725
f 1578/1578 1725/1725 1723/1723
f 1727/1727 1726/1726 1724/1724
f 1727/1727 1724/1724 1725/1725
f 1580/1580 1582/1582 1727/1727
f 1580/1580 1727/1727 1725/1725
f 1729/1729 1728/1728 1726/1726
f 1729/1729 1726/1726 1727/1727
f 1582/1582 1584/1584 1729/1729
f 1582/1582 1729/1729 1727/1727
f 1731/1731 1730/1730 1728/1728
f 1731/1731 1728/1728 1729/1729
f 1584/1584 1586/1586 1731/1731
f 1584/1584 1731/1731 1729/1729
f 1733/1733 1732/1732 1730/1730
f 1733/1733 1730/1730 1731/1731
f 1586/1586 1588/1588 1733/1733
f 1586/1586 1733/1733 1731/1731
f 1735/1735 1734/1734 1732/1732
f 1735/1735 1732/1732 1733/1733
f 1588/1588 1590/1590 1735/1735
f 1588/1588 1735/1735 1733/1733
f 1737/1737 1736/1736 1734/1734
f 1737/1737 1734/1734 1735/1735
f 1590/1590 1592/1592 1737/1737
f 1590/1590 1737/1737 1735/1735
f 1739/1739 1738/1738 1736/1736
f 1739/1739 1736/1736 1737/1737
f 1592/1592 1594/1594 1739/1739
f 1592/1592 1739/1739 1737/1737
f 1741/1741 1740/1740 1738/1738
f 1741/1741 1738/1738 1739/1739
f 1594/1594 1596/1596 1741/1741
f 1594/1594 1741/1741 1739/1739
f 1743/1743 1742/1742 1740/1740
f 1743/1743 1740/1740 1741/1741
f 1596/1596 1598/1598 1743/1743
f 1596/1596 1743/1743 1741/1741
f 1745/1745 1744/1744 1742/1742
f 1745/1745 1742/1742 1743/1743
f 1598/1598 1600/1600 1745/1745
f 1598/1598 1745/1745 1743/1743
f 1747/1747 1746/1746 1744/1744
f 1747/1747 1744/1744 1745/1745
f 1600/1600 1602/1602 1747/1747
f 1600/1600 1747/1747 1745/1745
f 1749/1749 1748/1748 1746/1746
f 1749/1749 1746/1746 1747/1747
f 1602/1602 1604/1604 1749/1749
f 1602/1602 1749/1749 1747/1747
f 1751/1751 1750/1750 1748/1748
f 1751/1751 1748/1748 1749/1749
f 1604/1604 1606/1606 1751/1751
f 1604/1604 1751/1751 1749/1749
f 1753/1753 1752/1752 1750/1750
f 1753/1753 1750/1750 1751/1751
f 1606/1606 1608/1608 1753/1753
f 1606/1606 1753/1753 1751/1751
f 1755/1755 1754/1754 1752/1752
f 1755/1755 1752/1752 1753/1753
f 1608/1608 1610/1610 1755/1755
f 1608/1608 1755/1755 1753/1753
f 1757/1757 1756/1756 1754/1754
f 1757/1757 1754/1754 1755/1755
f 1610/1610 1612/1612 1757/1757
f 1610/1610 1757/1757 1755/1755
f 1759/1759 1758/1758 1756/1756
f 1759/1759 1756/1756 1757/1757
f 1612/1612 1614/1614 1759/1759
f 1612/1612 1759/1759 1757/1757
f 1761/1761 1760/1760 1758/1758
f 1761/1761 1758/1758 1759/1759
f 1614/1614 1616/1616 1761/1761
f 1614/1614 1761/1761 1759/1759
f 1763/1763 1762/1762 1760/1760
f 1763/1763 1760/1760 1761/1761
f 1616/1616 1618/1618 1763/1763
f 1616/1616 1763/1763 1761/1761
f 1767/1767 1766/1766 1764/1764
f 1767/1767 1764/1764 1765/1765
f 1619/1619 1621/1621 1767/1767
f 1619/1619 1767/1767 1765/1765
f 1769/1769 1768/1768 1766/1766
f 1769/1769 1766/1766 1767/1767
f 1621/1621 1623/1623 1769/1769
f 1621/1621 1769/1769 1767/1767
f 1771/1771 1770/1770 1768/1768
f 1771/1771 1768/1768 1769/1769
f 1623/1623 1625/1625 1771/1771
f 1623/1623 1771/1771 1769/1769
f 1773/1773 1772/1772 1770/1770
f 1773/1773 1770/1770 1771/1771
f 1625/1625 1627/1627 1773/1773
f 1625/1625 1773/1773 1771/1771
f 1775/1775 1774/1774 1772/1772
f 1775/1775 1772/1772 1773/1773
f 1627/1627 1629/1629 1775/1775
f 1627/1627 1775/1775 1773/1773
f 1777/1777 1776/1776 1774/1774
f 1777/1777 1774/1774 1775/1775
f 1629/1629 1631/1631 1777/1777
f 1629/1629 1777/1777 1775/1775
f 1779/1779 1778/1778 1776/1776
f 1779/1779 1776/1776 1777/1777
f 1631/1631 1633/1633 1779/1779
f 1631/1631 1779/1779 1777/1777
f 1781/1781 1780/1780 1778/1778
f 1781/1781 1778/1778 1779/1779
f 1633/1633 1635/1635 1781/1781
f 1633/1633 1781/1781 1779/1779
f 1783/1783 1782/1782 1780/1780
f 1783/1783 1780/1780 1781/1781
f 1635/1635 1637/1637 1783/1783
f 1635/1635 1783/1783 1781/1781
f 1785/1785 1784/1784 1782/1782
f 1785/1785 1782/1782 1783/1783
f 1637/1637 1639/1639 1785/1785
f 1637/1637 1785/1785 1783/1783
f 1787/1787 1786/1786 1784/1784
f 1787/1787 1784/1784 1785/1785
f 1639/1639 1641/1641 1787/1787
f 1639/1639 1787/1787 1785/1785
f 1789/1789 1788/1788 1786/1786
f 1789/1789 1786/1786 1787/1787
f 1641/1641 1643/1643 1789/1789
f 1641/1641 1789/1789 1787/1787
f 1791/1791 1790/1790 1788/1788
f 1791/1791 1788/1788 1789/1789
f 1643/1643 1645/1645 1791/1791
f 1643/1643 1791/1791 1789/1789
f 1793/1793 1792/1792 1790/1790
f 1793/1793 1790/1790 1791/1791
f 1645/1645 1647/1647 1793/1793
f 1645/1645 1793/1793 1791/1791
f 1795/1795 1794/1794 1792/1792
f 1795/1795 1792/1792 1793/1793
f 1647/1647 1649/1649 1795/1795
f 1647/1647 1795/1795 1793/1793
f 1797/1797 1796/1796 1794/1794
f 1797/1797 1794/1794 1795/1795
f 1649/1649 1651/1651 1797/1797
f 1649/1649 1797/1797 1795/1795
f 1799/1799 1798/1798 1796/1796
f 1799/1799 1796/1796 1797/1797
f 1651/1651 1653/1653 1799/1799
f 1651/1651 1799/1799 1797/1797
f 1801/1801 1800/1800 1798/1798
f 1801/1801 1798/1798 1799/1799
f 1653/1653 1655/1655 1801/1801
f 1653/1653 1801/1801 1799/1799
f 1804/1804 1803/1803 1800/1800
f 1804/1804 1800/1800 1801/1801
f 1655/1655 1657/1657 1804/1804
f 1655/1655 1804/1804 1801/1801
f 1807/1807 1806/1806 1802/1802
f 1807/1807 1802/1802 1805/1805
f 1658/1658 1661/1661 1807/1807
f 1658/1658 1807/1807 1805/1805
f 1809/1809 1808/1808 1806/1806
f 1809/1809 1806/1806 1807/1807
f 1661/1661 1663/1663 1809/1809
f 1661/1661 1809/1809 1807/1807
f 1811/1811 1810/1810 1808/1808
f 1811/1811 1808/1808 1809/1809
f 1663/1663 1665/1665 1811/1811
f 1663/1663 1811/1811 1809/1809
f 1813/1813 1812/1812 1810/1810
f 1813/1813 1810/1810 1811/1811
f 1665/1665 1667/1667 1813/1813
f 1665/1665 1813/1813 1811/1811
f 1815/1815 1814/1814 1812/1812
f 1815/1815 1812/1812 1813/1813
f 1667/1667 1669/1669 1815/1815
f 1667/1667 1815/1815 1813/1813
f 1817/1817 1816/1816 1814/1814
f 1817/1817 1814/1814 1815/1815
f 1669/1669 1671/1671 1817/1817
f 1669/1669 1817/1817 1815/1815
f 1819/1819 1818/1818 1816/1816
f 1819/1819 1816/1816 1817/1817
f 1671/1671 1673/1673 1819/1819
f 1671/1671 1819/1819 1817/1817
f 1821/1821 1820/1820 1818/1818
f 1821/1821 1818/1818 1819/1819
f 1673/1673 1675/1675 1821/1821
f 1673/1673 1821/1821 1819/1819
f 1823/1823 1822/1822 1820/1820
f 1823/1823 1820/1820 1821/1821
f 1675/1675 1677/1677 1823/1823
f 1675/1675 1823/1823 1821/1821
f 1825/1825 1824/1824 1822/1822
f 1825/1825 1822/1822 1823/1823
f 1677/1677 1679/1679 1825/1825
f 1677/1677 1825/1825 1823/1823
f 1827/1827 1826/1826 1824/1824
f 1827/1827 1824/1824 1825/1825
f 1679/1679 1681/1681 1827/1827
f 1679/1679 1827/1827 1825/1825
f 1829/1829 1828/1828 1826/1826
f 1829/1829 1826/1826 1827/1827
f 1681/1681 1683/1683 1829/1829
f 1681/1681 1829/1829 1827/1827
f 1831/1831 1830/1830 1828/1828
f 1831/1831 1828/1828 1829/1829
f 1683/1683 1685/1685 1831/1831
f 1683/1683 1831/1831 1829/1829
f 1833/1833 1832/1832 1830/1830
f 1833/1833 1830/1830 1831/1831
f 1685/1685 1687/1687 1833/1833
f 1685/1685 1833/1833 1831/1831
f 1835/1835 1834/1834 1832/1832
f 1835/1835 1832/1832 1833/1833
f 1687/1687 1689/1689 1835/1835
f 1687/1687 1835/1835 1833/1833
f 1694/1694 1836/1836 1834/1834
f 1694/1694 1834/1834 1835/1835
f 1689/1689 1691/1691 1694/1694
f 1689/1689 1694/1694 1835/1835
f 1838/1838 1837/1837 1834/1834
f 1838/1838 1834/1834 1836/1836
f 1697/1697 1839/1839 1838/1838
f 1697/1697 1838/1838 1836/1836
f 1694/1694 1695/1695 1697/1697
f 1694/1694 1697/1697 1836/1836
f 1841/1841 1840/1840 1838/1838
f 1841/1841 1838/1838 1839/1839
f 1700/1700 1842/1842 1841/1841
f 1700/1700 1841/1841 1839/1839
f 1697/1697 1698/1698 1700/1700
f 1697/1697 1700/1700 1839/1839
f 1844/1844 1843/1843 1841/1841
f 1844/1844 1841/1841 1842/1842
f 1703/1703 1845/1845 1844/1844
f 1703/1703 1844/1844 1842/1842
f 1700/1700 1701/1701 1703/1703
f 1700/1700 1703/1703 1842/1842
f 1847/1847 1846/1846 1844/1844
f 1847/1847 1844/1844 1845/1845
f 1706/1706 1848/1848 1847/1847
f 1706/1706 1847/1847 1845/1845
f 1703/1703 1704/1704 1706/1706
f 1703/1703 1706/1706 1845/1845
f 1850/1850 1849/1849 1847/1847
f 1850/1850 1847/1847 1848/1848
f 1852/1852 1851/1851 1850/1850
f 1852/1852 1850/1850 1848/1848
f 1706/1706 1707/1707 1852/1852
f 1706/1706 1852/1852 1848/1848
f 1854/1854 1853/1853 1851/1851
f 1854/1854 1851/1851 1852/1852
f 1707/1707 1708/1708 1854/1854
f 1707/1707 1854/1854 1852/1852
f 1856/1856 1855/1855 1853/1853
f 1856/1856 1853/1853 1854/1854
f 1708/1708 1710/1710 1856/1856
f 1708/1708 1856/1856 1854/1854
f 1858/1858 1857/1857 1855/1855
f 1858/1858 1855/1855 1856/1856
f 1710/1710 1712/1712 1858/1858
f 1710/1710 1858/1858 1856/1856
f 1860/1860 1859/1859 1857/1857
f 1860/1860 1857/1857 1858/1858
f 1712/1712 1714/1714 1860/1860
f 1712/1712 1860/1860 1858/1858
f 1862/1862 1861/1861 1859/1859
f 1862/1862 1859/1859 1860/1860
f 1714/1714 1716/1716 1862/1862
f 1714/1714 1862/1862 1860/1860
f 1864/1864 1863/1863 1861/1861
f 1864/1864 1861/1861 1862/1862
f 1716/1716 1718/1718 1864/1864
f 1716/1716 1864/1864 1862/1862
f 1866/1866 1865/1865 1863/1863
f 1866/1866 1863/1863 1864/1864
f 1718/1718 1720/1720 1866/1866
f 1718/1718 1866/1866 1864/1864
f 1868/1868 1867/1867 1865/1865
f 1868/1868 1865/1865 1866/1866
f 1720/1720 1722/1722 1868/1868
f 1720/1720 1868/1868 1866/1866
f 1870/1870 1869/1869 1867/1867
f 1870/1870 1867/1867 1868/1868
f 1722/1722 1724/1724 1870/1870
f 1722/1722 1870/1870 1868/1868
f 1872/1872 1871/1871 1869/1869
f 1872/1872 1869/1869 1870/1870
f 1724/1724 1726/1726 1872/1872
f 1724/1724 1872/1872 1870/1870
f 1874/1874 1873/1873 1871/1871
f 1874/1874 1871/1871 1872/1872
f 1726/1726 1728/1728 1874/1874
f 1726/1726 1874/1874 1872/1872
f 1876/1876 1875/1875 1873/1873
f 1876/1876 1873/1873 1874/1874
f 1728/1728 1730/1730 1876/1876
f 1728/1728 1876/1876 1874/1874
f 1878/1878 1877/1877 1875/1875
f 1878/1878 1875/1875 1876/1876
f 1730/1730 1732/1732 1878/1878
f 1730/1730 1878/1878 1876/1876
f 1880/1880 1879/1879 1877/1877
f 1880/1880 1877/1877 1878/1878
f 1732/1732 1734/1734 1880/1880
f 1732/1732 1880/1880 1878/1878
f 1882/1882 1881/1881 1879/1879
f 1882/1882 1879/1879 1880/1880
f 1734/1734 1736/1736 1882/1882
f 1734/1734 1882/1882 1880/1880
f 1884/1884 1883/1883 1881/1881
f 1884/1884 1881/1881 1882/1882
f 1736/1736 1738/1738 1884/1884
f 1736/1736 1884/1884 1882/1882
f 1886/1886 1885/1885 1883/1883
f 1886/1886 1883/1883 1884/1884
f 1738/1738 1740/1740 1886/1886
f 1738/1738 1886/1886 1884/1884
f 1888/1888 1887/1887 1885/1885
f 1888/1888 1885/1885 1886/1886
f 1740/1740 1742/1742 1888/1888
f 1740/1740 1888/1888 1886/1886
f 1890/1890 1889/1889 1887/1887
f 1890/1890 1887/1887 1888/1888
f 1742/1742 1744/1744 1890/1890
f 1742/1742 1890/1890 1888/1888
f 1892/1892 1891/1891 1889/1889
f 1892/1892 1889/1889 1890/1890
f 1744/1744 1746/1746 1892/1892
f 1744/1744 1892/1892 1890/1890
f 1894/1894 1893/1893 1891/1891
f 1894/1894 1891/1891 1892/1892
f 1746/1746 1748/1748 1894/1894
f 1746/1746 1894/1894 1892/1892
f 1896/1896 1895/1895 1893/1893
f 1896/1896 1893/1893 1894/1894
f 1748/1748 1750/1750 1896/1896
f 1748/1748 1896/1896 1894/1894
f 1898/1898 1897/1897 1895/1895
f 1898/1898 1895/1895 1896/1896
f 1750/1750 1752/1752 1898/1898
f 1750/1750 1898/1898 1896/1896
f 1900/1900 1899/1899 1897/1897
f 1900/1900 1897/1897 1898/1898
f 1752/1752 1754/1754 1900/1900
f 1752/1752 1900/1900 1898/1898
f 1902/1902 1901/1901 1899/1899
f 1902/1902 1899/1899 1900/1900
f 1754/1754 1756/1756 1902/1902
f 1754/1754 1902/1902 1900/1900
f 1904/1904 1903/1903 1901/1901
f 1904/1904 1901/1901 1902/1902
f 1756/1756 1758/1758 1904/1904
f 1756/1756 1904/1904 1902/1902
f 1906/1906 1905/1905 1903/1903
f 1906/1906 1903/1903 1904/1904
f 1758/1758 1760/1760 1906/1906
f 1758/1758 1906/1906 1904/1904
f 1908/1908 1907/1907 1905/1905
f 1908/1908 1905/1905 1906/1906
f 1760/1760 1762/1762 1908/1908
f 1760/1760 1908/1908 1906/1906
f 1912/1912 1911/1911 1909/1909
f 1912/1912 1909/1909 1910/1910
f 1764/1764 1766/1766 1912/1912
f 1764/1764 1912/1912 1910/1910
f 1914/1914 1913/1913 1911/1911
f 1914/1914 1911/1911 1912/1912
f 1766/1766 1768/1768 1914/1914
f 1766/1766 1914/1914 1912/1912
f 1916/1916 1915/1915 1913/1913
f 1916/1916 1913/1913 1914/1914
f 1768/1768 1770/1770 1916/1916
f 1768/1768 1916/1916 1914/1914
f 1918/1918 1917/1917 1915/1915
f 1918/1918 1915/1915 1916/1916
f 1770/1770 1772/1772 1918/1918
f 1770/1770 1918/1918 1916/1916
f 1920/1920 1919/1919 1917/1917
f 1920/1920 1917/1917 1918/1918
f 1772/1772 1774/1774 1920/1920
f 1772/1772 1920/1920 1918/1918
f 1922/1922 1921/1921 1919/1919
f 1922/1922 1919/1919 1920/1920
f 1774/1774 1776/1776 1922/1922
f 1774/1774 1922/1922 1920/1920
f 1924/1924 1923/1923 1921/1921
f 1924/1924 1921/1921 1922/1922
f 1776/1776 1778/1778 1924/1924
f 1776/1776 1924/1924 1922/1922
f 1926/1926 1925/1925 1923/1923
f 1926/1926 1923/1923 1924/1924
f 1778/1778 1780/1780 1926/1926
f 1778/1778 1926/1926 1924/1924
f 1928/1928 1927/1927 1925/1925
f 1928/1928 1925/1925 1926/1926
f 1780/1780 1782/1782 1928/1928
f 1780/1780 1928/1928 1926/1926
f 1930/1930 1929/1929 1927/1927
f 1930/1930 1927/1927 1928/1928
f 1782/1782 1784/1784 1930/1930
f 1782/1782 1930/1930 1928/1928
f 1932/1932 1931/1931 1929/1929
f 1932/1932 1929/1929 1930/1930
f 1784/1784 1786/1786 1932/1932
f 1784/1784 1932/1932 1930/1930
f 1934/1934 1933/1933 1931/1931
f 1934/1934 1931/1931 1932/1932
f 1786/1786 1788/1788 1934/1934
f 1786/1786 1934/1934 1932/1932
f 1936/1936 1935/1935 1933/1933
f 1936/1936 1933/1933 1934/1934
f 1788/1788 1790/1790 1936/1936
f 1788/1788 1936/1936 1934/1934
f 1938/1938 1937/1937 1935/1935
f 1938/1938 1935/1935 1936/1936
f 1790/1790 1792/1792 1938/1938
f 1790/1790 1938/1938 1936/1936
f 1940/1940 1939/1939 1937/1937
f 1940/1940 1937/1937 1938/1938
f 1792/1792 1794/1794 1940/1940
f 1792/1792 1940/1940 1938/1938
f 1942/1942 1941/1941 1939/1939
f 1942/1942 1939/1939 1940/1940
f 1794/1794 1796/1796 1942/1942
f 1794/1794 1942/1942 1940/1940
f 1944/1944 1943/1943 1941/1941
f 1944/1944 1941/1941 1942/1942
f 1796/1796 1798/1798 1944/1944
f 1796/1796 1944/1944 1942/1942
f 1946/1946 1945/1945 1943/1943
f 1946/1946 1943/1943 1944/1944
f 1798/1798 1800/1800 1946/1946
f 1798/1798 1946/1946 1944/1944
f 1950/1950 1947/1947 1945/1945
f 1950/1950 1945/1945 1946/1946
f 1800/1800 1803/1803 1950/1950
f 1800/1800 1950/1950 1946/1946
f 1952/1952 1951/1951 1948/1948
f 1952/1952 1948/1948 1949/1949
f 1802/1802 1806/1806 1952/1952
f 1802/1802 1952/1952 1949/1949
f 1954/1954 1953/1953 1951/1951
f 1954/1954 1951/1951 1952/1952
f 1806/1806 1808/1808 1954/1954
f 1806/1806 1954/1954 1952/1952
f 1956/1956 1955/1955 1953/1953
f 1956/1956 1953/1953 1954/1954
f 1808/1808 1810/1810 1956/1956
f 1808/1808 1956/1956 1954/1954
f 1958/1958 1957/1957 1955/1955
f 1958/1958 1955/1955 1956/1956
f 1810/1810 1812/1812 1958/1958
f 1810/1810 1958/1958 1956/1956
f 1960/1960 1959/1959 1957/1957
f 1960/1960 1957/1957 1958/1958
f 1812/1812 1814/1814 1960/1960
f 1812/1812 1960/1960 1958/1958
f 1962/1962 1961/1961 1959/1959
f 1962/1962 1959/1959 1960/1960
f 1814/1814 1816/1816 1962/1962
f 1814/1814 1962/1962 1960/1960
f 1964/1964 1963/1963 1961/1961
f 1964/1964 1961/1961 1962/1962
f 1816/1816 1818/1818 1964/1964
f 1816/1816 1964/1964 1962/1962
f 1966/1966 1965/1965 1963/1963
f 1966/1966 1963/1963 1964/1964
f 1818/1818 1820/1820 1966/1966
f 1818/1818 1966/1966 1964/1964
f 1968/1968 1967/1967 1965/1965
f 1968/1968 1965/1965 1966/1966
f 1820/1820 1822/1822 1968/1968
f 1820/1820 1968/1968 1966/1966
f 1970/1970 1969/1969 1967/1967
f 1970/1970 1967/1967 1968/1968
f 1822/1822 1824/1824 1970/1970
f 1822/1822 1970/1970 1968/1968
f 1972/1972 1971/1971 1969/1969
f 1972/1972 1969/1969 1970/1970
f 1824/1824 1826/1826 1972/1972
f 1824/1824 1972/1972 1970/1970
f 1974/1974 1973/1973 1971/1971
f 1974/1974 1971/1971 1972/1972
f 1826/1826 1828/1828 1974/1974
f 1826/1826 1974/1974 1972/1972
f 1976/1976 1975/1975 1973/1973
f 1976/1976 1973/1973 1974/1974
f 1828/1828 1830/1830 1976/1976
f 1828/1828 1976/1976 1974/1974
f 1978/1978 1977/1977 1975/1975
f 1978/1978 1975/1975 1976/1976
f 1830/1830 1832/1832 1978/1978
f 1830/1830 1978/1978 1976/1976
f 1837/1837 1979/1979 1977/1977
f 1837/1837 1977/1977 1978/1978
f 1832/1832 1834/1834 1837/1837
f 1832/1832 1837/1837 1978/1978
f 1981/1981 1980/1980 1977/1977
f 1981/1981 1977/1977 1979/1979
f 1840/1840 1982/1982 1981/1981
f 1840/1840 1981/1981 1979/1979
f 1837/1837 1838/1838 1840/1840
f 1837/1837 1840/1840 1979/1979
f 1984/1984 1983/1983 1981/1981
f 1984/1984 1981/1981 1982/1982
f 1843/1843 1985/1985 1984/1984
f 1843/1843 1984/1984 1982/1982
f 1840/1840 1841/1841 1843/1843
f 1840/1840 1843/1843 1982/1982
f 1987/1987 1986/1986 1984/1984
f 1987/1987 1984/1984 1985/1985
f 1846/1846 1988/1988 1987/1987
f 1846/1846 1987/1987 1985/1985
f 1843/1843 1844/1844 1846/1846
f 1843/1843 1846/1846 1985/1985
f 1990/1990 1989/1989 1987/1987
f 1990/1990 1987/1987 1988/1988
f 1849/1849 1991/1991 1990/1990
f 1849/1849 1990/1990 1988/1988
f 1846/1846 1847/1847 1849/1849
f 1846/1846 1849/1849 1988/1988
f 1993/1993 1992/1992 1990/1990
f 1993/1993 1990/1990 1991/1991
f 1995/1995 1994/1994 1993/1993
f 1995/1995 1993/1993 1991/1991
f 1849/1849 1850/1850 1995/1995
f 1849/1849 1995/1995 1991/1991
f 1997/1997 1996/1996 1994/1994
f 1997/1997 1994/1994 1995/1995
f 1850/1850 1851/1851 1997/1997
f 1850/1850 1997/1997 1995/1995
f 1999/1999 1998/1998 1996/1996
f 1999/1999 1996/1996 1997/1997
f 1851/1851 1853/1853 1999/1999
f 1851/1851 1999/1999 1997/1997
f 2001/2001 2000/2000 1998/1998
f 2001/2001 1998/1998 1999/1999
f 1853/1853 1855/1855 2001/2001
f 1853/1853 2001/2001 1999/1999
f 2003/2003 2002/2002 2000/2000
f 2003/2003 2000/2000 2001/2001
f 1855/1855 1857/1857 2003/2003
f 1855/1855 2003/2003 2001/2001
f 2005/2005 2004/2004 2002/2002
f 2005/2005 2002/2002 2003/2003
f 1857/1857 1859/1859 2005/2005
f 1857/1857 2005/2005 2003/2003
f 2007/2007 2006/2006 2004/2004
f 2007/2007 2004/2004 2005/2005
f 1859/1859 1861/1861 2007/2007
f 1859/1859 2007/2007 2005/2005
f 2009/2009 2008/2008 2006/2006
f 2009/2009 2006/2006 2007/2007
f 1861/1861 1863/1863 2009/2009
f 1861/1861 2009/2009 2007/2007
f 2011/2011 2010/2010 2008/2008
f 2011/2011 2008/2008 2009/2009
f 1863/1863 1865/1865 2011/2011
f 1863/1863 2011/2011 2009/2009
f 2013/2013 2012/2012 2010/2010
f 2013/2013 2010/2010 2011/2011
f 1865/1865 1867/1867 2013/2013
f 1865/1865 2013/2013 2011/2011
f 2015/2015 2014/2014 2012/2012
f 2015/2015 2012/2012 2013/2013
f 1867/1867 1869/1869 2015/2015
f 1867/1867 2015/2015 2013/2013
f 2017/2017 2016/2016 2014/2014
f 2017/2017 2014/2014 2015/2015
f 1869/1869 1871/1871 2017/2017
f 1869/1869 2017/2017 2015/2015
f 2019/2019 2018/2018 2016/2016
f 2019/2019 2016/2016 2017/2017
f 1871/1871 1873/1873 2019/2019
f 1871/1871 2019/2019 2017/2017
f 2021/2021 2020/2020 2018/2018
f 2021/2021 2018/2018 2019/2019
f 1873/1873 1875/1875 2021/2021
f 1873/1873 2021/2021 2019/2019
f 2023/2023 2022/2022 2020/2020
f 2023/2023 2020/2020 2021/2021
f 1875/1875 1877/1877 2023/2023
f 1875/1875 2023/2023 2021/2021
f 2025/2025 2024/2024 2022/2022
f 2025/2025 2022/2022 2023/2023
f 1877/1877 1879/1879 2025/2025
f 1877/1877 2025/2025 2023/2023
f 2027/2027 2026/2026 2024/2024
f 2027/2027 2024/2024 2025/2025
f 1879/1879 1881/1881 2027/2027
f 1879/1879 2027/2027 2025/2025
f 2029/2029 2028/2028 2026/2026
f 2029/2029 2026/2026 2027/2027
f 1881/1881 1883/1883 2029/2029
f 1881/1881 2029/2029 2027/2027
f 2031/2031 2030/2030 2028/2028
f 2031/2031 2028/2028 2029/2029
f 1883/1883 1885/1885 2031/2031
f 1883/1883 2031/2031 2029/2029
f 2033/2033 2032/2032 2030/2030
f 2033/2033 2030/2030 2031/2031
f 1885/1885 1887/1887 2033/2033
f 1885/1885 2033/2033 2031/2031
f 2035/2035 2034/2034 2032/2032
f 2035/2035 2032/2032 2033/2033
f 1887/1887 1889/1889 2035/2035
f 1887/1887 2035/2035 2033/2033
f 2037/2037 2036/2036 2034/2034
f 2037/2037 2034/2034 2035/2035
f 1889/1889 1891/1891 2037/2037
f 1889/1889 2037/2037 2035/2035
f 2039/2039 2038/2038 2036/2036
f 2039/2039 2036/2036 2037/2037
f 1891/1891 1893/1893 2039/2039
f 1891/1891 2039/2039 2037/2037
f 2041/2041 2040/2040 2038/2038
f 2041/2041 2038/2038 2039/2039
f 1893/1893 1895/1895 2041/2041
f 1893/1893 2041/2041 2039/2039
f 2043/2043 2042/2042 2040/2040
f 2043/2043 2040/2040 2041/2041
f 1895/1895 1897/1897 2043/2043
f 1895/1895 2043/2043 2041/2041
f 2045/2045 2044/2044 2042/2042
f 2045/2045 2042/2042 2043/2043
f 1897/1897 1899/1899 2045/2045
f 1897/1897 2045/2045 2043/2043
f 2047/2047 2046/2046 2044/2044
f 2047/2047 2044/2044 2045/2045
f 1899/1899 1901/1901 2047/2047
f 1899/1899 2047/2047 2045/2045
f 2049/2049 2048/2048 2046/2046
f 2049/2049 2046/2046 2047/2047
f 1901/1901 1903/1903 2049/2049
f 1901/1901 2049/2049 2047/2047
f 2051/2051 2050/2050 2048/2048
f 2051/2051 2048/2048 2049/2049
f 1903/1903 1905/1905 2051/2051
f 1903/1903 2051/2051 2049/2049
f 2053/2053 2052/2052 2050/2050
f 2053/2053 2050/2050 2051/2051
f 1905/1905 1907/1907 2053/2053
f 1905/1905 2053/2053 2051/2051
f 2057/2057 2056/2056 2054/2054
f 2057/2057 2054/2054 2055/2055
f 2059/2059 2058/2058 2056/2056
f 2059/2059 2056/2056 2057/2057
f 1909/1909 1911/1911 2059/2059
f 1909/1909 2059/2059 2057/2057
f 2061/2061 2060/2060 2058/2058
f 2061/2061 2058/2058 2059/2059
f 1911/1911 1913/1913 2061/2061
f 1911/1911 2061/2061 2059/2059
f 2063/2063 2062/2062 2060/2060
f 2063/2063 2060/2060 2061/2061
f 1913/1913 1915/1915 2063/2063
f 1913/1913 2063/2063 2061/2061
f 2065/2065 2064/2064 2062/2062
f 2065/2065 2062/2062 2063/2063
f 1915/1915 1917/1917 2065/2065
f 1915/1915 2065/2065 2063/2063
f 2067/2067 2066/2066 2064/2064
f 2067/2067 2064/2064 2065/2065
f 1917/1917 1919/1919 2067/2067
f 1917/1917 2067/2067 2065/2065
f 2069/2069 2068/2068 2066/2066
f 2069/2069 2066/2066 2067/2067
f 1919/1919 1921/1921 2069/2069
f 1919/1919 2069/2069 2067/2067
f 2071/2071 2070/2070 2068/2068
f 2071/2071 2068/2068 2069/2069
f 1921/1921 1923/1923 2071/2071
f 1921/1921 2071/2071 2069/2069
f 2073/2073 2072/2072 2070/2070
f 2073/2073 2070/2070 2071/2071
f 1923/1923 1925/1925 2073/2073
f 1923/1923 2073/2073 2071/2071
f 2075/2075 2074/2074 2072/2072
f 2075/2075 2072/2072 2073/2073
f 1925/1925 1927/1927 2075/2075
f 1925/1925 2075/2075 2073/2073
f 2077/2077 2076/2076 2074/2074
f 2077/2077 2074/2074 2075/2075
f 1927/1927 1929/1929 2077/2077
f 1927/1927 2077/2077 2075/2075
f 2079/2079 2078/2078 2076/2076
f 2079/2079 2076/2076 2077/2077
f 1929/1929 1931/1931 2079/2079
f 1929/1929 2079/2079 2077/2077
f 2081/2081 2080/2080 2078/2078
f 2081/2081 2078/2078 2079/2079
f 1931/1931 1933/1933 2081/2081
f 1931/1931 2081/2081 2079/2079
f 2083/2083 2082/2082 2080/2080
f 2083/2083 2080/2080 2081/2081
f 1933/1933 1935/1935 2083/2083
f 1933/1933 2083/2083 2081/2081
f 2085/2085 2084/2084 2082/2082
f 2085/2085 2082/2082 2083/2083
f 1935/1935 1937/1937 2085/2085
f 1935/1935 2085/2085 2083/2083
f 2087/2087 2086/2086 2084/2084
f 2087/2087 2084/2084 2085/2085
f 1937/1937 1939/1939 2087/2087
f 1937/1937 2087/2087 2085/2085
f 2089/2089 2088/2088 2086/2086
f 2089/2089 2086/2086 2087/2087
f 1939/1939 1941/1941 2089/2089
f 1939/1939 2089/2089 2087/2087
f 2091/2091 2090/2090 2088/2088
f 2091/2091 2088/2088 2089/2089
f 1941/1941 1943/1943 2091/2091
f 1941/1941 2091/2091 2089/2089
f 2093/2093 2092/2092 2090/2090
f 2093/2093 2090/2090 2091/2091
f 1943/1943 1945/1945 2093/2093
f 1943/1943 2093/2093 2091/2091
f 2097/2097 2095/2095 2092/2092
f 2097/2097 2092/2092 2093/2093
f 1945/1945 1947/1947 2097/2097
f 1945/1945 2097/2097 2093/2093
f 2099/2099 2098/2098 2094/2094
f 2099/2099 2094/2094 2096/2096
f 1948/1948 1951/1951 2099/2099
f 1948/1948 2099/2099 2096/2096
f 2101/2101 2100/2100 2098/2098
f 2101/2101 2098/2098 2099/2099
f 1951/1951 1953/1953 2101/2101
f 1951/1951 2101/2101 2099/2099
f 2103/2103 2102/2102 2100/2100
f 2103/2103 2100/2100 2101/2101
f 1953/1953 1955/1955 2103/2103
f 1953/1953 2103/2103 2101/2101
f 2105/2105 2104/2104 2102/2102
f 2105/2105 2102/2102 2103/2103
f 1955/1955 1957/1957 2105/2105
f 1955/1955 2105/2105 2103/2103
f 2107/2107 2106/2106 2104/2104
f 2107/2107 2104/2104 2105/2105
f 1957/1957 1959/1959 2107/2107
f 1957/1957 2107/2107 2105/2105
f 2109/2109 2108/2108 2106/2106
f 2109/2109 2106/2106 2107/2107
f 1959/1959 1961/1961 2109/2109
f 1959/1959 2109/2109 2107/2107
f 2111/2111 2110/2110 2108/2108
f 2111/2111 2108/2108 2109/2109
f 1961/1961 1963/1963 2111/2111
f 1961/1961 2111/2111 2109/2109
f 2113/2113 2112/2112 2110/2110
f 2113/2113 2110/2110 2111/2111
f 1963/1963 1965/1965 2113/2113
f 1963/1963 2113/2113 2111/2111
f 2115/2115 2114/2114 2112/2112
f 2115/2115 2112/2112 2113/2113
f 1965/1965 1967/1967 2115/2115
f 1965/1965 2115/2115 2113/2113
f 2117/2117 2116/2116 2114/2114
f 2117/2117 2114/2114 2115/2115
f 1967/1967 1969/1969 2117/2117
f 1967/1967 2117/2117 2115/2115
f 2119/2119 2118/2118 2116/2116
f 2119/2119 2116/2116 2117/2117
f 1969/1969 1971/1971 2119/2119
f 1969/1969 2119/2119 2117/2117
f 2121/2121 2120/2120 2118/2118
f 2121/2121 2118/2118 2119/2119
f 1971/1971 1973/1973 2121/2121
f 1971/1971 2121/2121 2119/2119
f 2123/2123 2122/2122 2120/2120
f 2123/2123 2120/2120 2121/2121
f 1973/1973 1975/1975 2123/2123
f 1973/1973 2123/2123 2121/2121
f 1980/1980 2124/2124 2122/2122
f 1980/1980 2122/2122 2123/2123
f 1975/1975 1977/1977 1980/1980
f 1975/1975 1980/1980 2123/2123
f 2126/2126 2125/2125 2122/2122
f 2126/2126 2122/2122 2124/2124
f 1983/1983 2127/2127 2126/2126
f 1983/1983 2126/2126 2124/2124
f 1980/1980 1981/1981 1983/1983
f 1980/1980 1983/1983 2124/2124
f 2129/2129 2128/2128 2126/2126
f 2129/2129 2126/2126 2127/2127
f 1986/1986 2130/2130 2129/2129
f 1986/1986 2129/2129 2127/2127
f 1983/1983 1984/1984 1986/1986
f 1983/1983 1986/1986 2127/2127
f 2132/2132 2131/2131 2129/2129
f 2132/2132 2129/2129 2130/2130
f 1989/1989 2133/2133 2132/2132
f 1989/1989 2132/2132 2130/2130
f 1986/1986 1987/1987 1989/1989
f 1986/1986 1989/1989 2130/2130
f 2135/2135 2134/2134 2132/2132
f 2135/2135 2132/2132 2133/2133
f 1992/1992 2136/2136 2135/2135
f 1992/1992 2135/2135 2133/2133
f 1989/1989 1990/1990 1992/1992
f 1989/1989 1992/1992 2133/2133
f 2138/2138 2137/2137 2135/2135
f 2138/2138 2135/2135 2136/2136
f 2140/2140 2139/2139 2138/2138
f 2140/2140 2138/2138 2136/2136
f 1992/1992 1993/1993 2140/2140
f 1992/1992 2140/2140 2136/2136
f 2142/2142 2141/2141 2139/2139
f 2142/2142 2139/2139 2140/2140
f 1993/1993 1994/1994 2142/2142
f 1993/1993 2142/2142 2140/2140
f 2144/2144 2143/2143 2141/2141
f 2144/2144 2141/2141 2142/2142
f 1994/1994 1996/1996 2144/2144
f 1994/1994 2144/2144 2142/2142
f 2146/2146 2145/2145 2143/2143
f 2146/2146 2143/2143 2144/2144
f 1996/1996 1998/1998 2146/2146
f 1996/1996 2146/2146 2144/2144
f 2148/2148 2147/2147 2145/2145
f 2148/2148 2145/2145 2146/2146
f 1998/1998 2000/2000 2148/2148
f 1998/1998 2148/2148 2146/2146
f 2150/2150 2149/2149 2147/2147
f 2150/2150 2147/2147 2148/2148
f 2000/2000 2002/2002 2150/2150
f 2000/2000 2150/2150 2148/2148
f 2152/2152 2151/2151 2149/2149
f 2152/2152 2149/2149 2150/2150
f 2002/2002 2004/2004 2152/2152
f 2002/2002 2152/2152 2150/2150
f 2154/2154 2153/2153 2151/2151
f 2154/2154 2151/2151 2152/2152
f 2004/2004 2006/2006 2154/2154
f 2004/2004 2154/2154 2152/2152
f 2156/2156 2155/2155 2153/2153
f 2156/2156 2153/2153 2154/2154
f 2006/2006 2008/2008 2156/2156
f 2006/2006 2156/2156 2154/2154
f 2158/2158 2157/2157 2155/2155
f 2158/2158 2155/2155 2156/2156
f 2008/2008 2010/2010 2158/2158
f 2008/2008 2158/2158 2156/2156
f 2160/2160 2159/2159 2157/2157
f 2160/2160 2157/2157 2158/2158
f 2010/2010 2012/2012 2160/2160
f 2010/2010 2160/2160 2158/2158
f 2162/2162 2161/2161 2159/2159
f 2162/2162 2159/2159 2160/2160
f 2012/2012 2014/2014 2162/2162
f 2012/2012 2162/2162 2160/2160
f 2164/2164 2163/2163 2161/2161
f 2164/2164 2161/2161 2162/2162
f 2014/2014 2016/2016 2164/2164
f 2014/2014 2164/2164 2162/2162
f 2166/2166 2165/2165 2163/2163
f 2166/2166 2163/2163 2164/2164
f 2016/2016 2018/2018 2166/2166
f 2016/2016 2166/2166 2164/2164
f 2168/2168 2167/2167 2165/2165
f 2168/2168 2165/2165 2166/2166
f 2018/2018 2020/2020 2168/2168
f 2018/2018 2168/2168 2166/2166
f 2170/2170 2169/2169 2167/2167
f 2170/2170 2167/2167 2168/2168
f 2020/2020 2022/2022 2170/2170
f 2020/2020 2170/2170 2168/2168
f 2172/2172 2171/2171 2169/2169
f 2172/2172 2169/2169 2170/2170
f 2022/2022 2024/2024 2172/2172
f 2022/2022 2172/2172 2170/2170
f 2174/2174 2173/2173 2171/2171
f 2174/2174 2171/2171 2172/2172
f 2024/2024 2026/2026 2174/2174
f 2024/2024 2174/2174 2172/2172
f 2176/2176 2175/2175 2173/2173
f 2176/2176 2173/2173 2174/2174
f 2026/2026 2028/2028 2176/2176
f 2026/2026 2176/2176 2174/2174
f 2178/2178 2177/2177 2175/2175
f 2178/2178 2175/2175 2176/2176
f 2028/2028 2030/2030 2178/2178
f 2028/2028 2178/2178 2176/2176
f 2180/2180 2179/2179 2177/2177
f 2180/2180 2177/2177 2178/2178
f 2030/2030 2032/2032 2180/2180
f 2030/2030 2180/2180 2178/2178
f 2182/2182 2181/2181 2179/2179
f 2182/2182 2179/2179 2180/2180
f 2032/2032 2034/2034 2182/2182
f 2032/2032 2182/2182 2180/2180
f 2184/2184 2183/2183 2181/2181
f 2184/2184 2181/2181 2182/2182
f 2034/2034 2036/2036 2184/2184
f 2034/2034 2184/2184 2182/2182
f 2186/2186 2185/2185 2183/2183
f 2186/2186 2183/2183 2184/2184
f 2036/2036 2038/2038 2186/2186
f 2036/2036 2186/2186 2184/2184
f 2188/2188 2187/2187 2185/2185
f 2188/2188 2185/2185 2186/2186
f 2038/2038 2040/2040 2188/2188
f 2038/2038 2188/2188 2186/2186
f 2190/2190 2189/2189 2187/2187
f 2190/2190 2187/2187 2188/2188
f 2040/2040 2042/2042 2190/2190
f 2040/2040 2190/2190 2188/2188
f 2192/2192 2191/2191 2189/2189
f 2192/2192 2189/2189 2190/2190
f 2042/2042 2044/2044 2192/2192
f 2042/2042 2192/2192 2190/2190
f 2194/2194 2193/2193 2191/2191
f 2194/2194 2191/2191 2192/2192
f 2044/2044 2046/2046 2194/2194
f 2044/2044 2194/2194 2192/2192
f 2196/2196 2195/2195 2193/2193
f 2196/2196 2193/2193 2194/2194
f 2046/2046 2048/2048 2196/2196
f 2046/2046 2196/2196 2194/2194
f 2198/2198 2197/2197 2195/2195
f 2198/2198 2195/2195 2196/2196
f 2048/2048 2050/2050 2198/2198
f 2048/2048 2198/2198 2196/2196
f 2200/2200 2199/2199 2197/2197
f 2200/2200 2197/2197 2198/2198
f 2050/2050 2052/2052 2200/2200
f 2050/2050 2200/2200 2198/2198
f 2205/2205 2204/2204 2203/2203
f 2205/2205 2203/2203 2202/2202
f 2203/2203 2206/2206 2201/2201
f 2203/2203 2201/2201 2202/2202
f 2203/2203 2208/2208 2207/2207
f 2203/2203 2207/2207 2206/2206
f 2197/2197 2199/2199 2201/2201
f 2197/2197 2201/2201 2206/2206
f 2207/2207 2195/2195 2197/2197
f 2207/2207 2197/2197 2206/2206
f 2211/2211 2210/2210 2209/2209
f 2211/2211 2209/2209 2208/2208
f 2203/2203 2204/2204 2211/2211
f 2203/2203 2211/2211 2208/2208
f 2209/2209 2212/2212 2207/2207
f 2209/2209 2207/2207 2208/2208
f 2209/2209 2214/2214 2213/2213
f 2209/2209 2213/2213 2212/2212
f 2193/2193 2195/2195 2207/2207
f 2193/2193 2207/2207 2212/2212
f 2213/2213 2191/2191 2193/2193
f 2213/2213 2193/2193 2212/2212
f 2217/2217 2216/2216 2215/2215
f 2217/2217 2215/2215 2214/2214
f 2209/2209 2210/2210 2217/2217
f 2209/2209 2217/2217 2214/2214
f 2215/2215 2218/2218 2213/2213
f 2215/2215 2213/2213 2214/2214
f 2215/2215 2220/2220 2219/2219
f 2215/2215 2219/2219 2218/2218
f 2189/2189 2191/2191 2213/2213
f 2189/2189 2213/2213 2218/2218
f 2219/2219 2187/2187 2189/2189
f 2219/2219 2189/2189 2218/2218
f 2223/2223 2222/2222 2221/2221
f 2223/2223 2221/2221 2220/2220
f 2215/2215 2216/2216 2223/2223
f 2215/2215 2223/2223 2220/2220
f 2221/2221 2224/2224 2219/2219
f 2221/2221 2219/2219 2220/2220
f 2221/2221 2226/2226 2225/2225
f 2221/2221 2225/2225 2224/2224
f 2185/2185 2187/2187 2219/2219
f 2185/2185 2219/2219 2224/2224
f 2225/2225 2183/2183 2185/2185
f 2225/2225 2185/2185 2224/2224
f 2229/2229 2228/2228 2227/2227
f 2229/2229 2227/2227 2226/2226
f 2221/2221 2222/2222 2229/2229
f 2221/2221 2229/2229 2226/2226
f 2227/2227 2230/2230 2225/2225
f 2227/2227 2225/2225 2226/2226
f 2227/2227 2232/2232 2231/2231
f 2227/2227 2231/2231 2230/2230
f 2181/2181 2183/2183 2225/2225
f 2181/2181 2225/2225 2230/2230
f 2231/2231 2179/2179 2181/2181
f 2231/2231 2181/2181 2230/2230
f 2235/2235 2234/2234 2233/2233
f 2235/2235 2233/2233 2232/2232
f 2227/2227 2228/2228 2235/2235
f 2227/2227 2235/2235 2232/2232
f 2233/2233 2236/2236 2231/2231
f 2233/2233 2231/2231 2232/2232
f 2233/2233 2238/2238 2237/2237
f 2233/2233 2237/2237 2236/2236
f 2177/2177 2179/2179 2231/2231
f 2177/2177 2231/2231 2236/2236
f 2237/2237 2175/2175 2177/2177
f 2237/2237 2177/2177 2236/2236
f 2241/2241 2240/2240 2239/2239
f 2241/2241 2239/2239 2238/2238
f 2233/2233 2234/2234 2241/2241
f 2233/2233 2241/2241 2238/2238
f 2239/2239 2242/2242 2237/2237
f 2239/2239 2237/2237 2238/2238
f 2239/2239 2244/2244 2243/2243
f 2239/2239 2243/2243 2242/2242
f 2173/2173 2175/2175 2237/2237
f 2173/2173 2237/2237 2242/2242
f 2243/2243 2171/2171 2173/2173
f 2243/2243 2173/2173 2242/2242
f 2247/2247 2246/2246 2245/2245
f 2247/2247 2245/2245 2244/2244
f 2239/2239 2240/2240 2247/2247
f 2239/2239 2247/2247 2244/2244
f 2245/2245 2248/2248 2243/2243
f 2245/2245 2243/2243 2244/2244
f 2245/2245 2250/2250 2249/2249
f 2245/2245 2249/2249 2248/2248
f 2169/2169 2171/2171 2243/2243
f 2169/2169 2243/2243 2248/2248
f 2249/2249 2167/2167 2169/2169
f 2249/2249 2169/2169 2248/2248
f 2253/2253 2252/2252 2251/2251
f 2253/2253 2251/2251 2250/2250
f 2245/2245 2246/2246 2253/2253
f 2245/2245 2253/2253 2250/2250
f 2251/2251 2254/2254 2249/2249
f 2251/2251 2249/2249 2250/2250
f 2251/2251 2256/2256 2255/2255
f 2251/2251 2255/2255 2254/2254
f 2165/2165 2167/2167 2249/2249
f 2165/2165 2249/2249 2254/2254
f 2255/2255 2163/2163 2165/2165
f 2255/2255 2165/2165 2254/2254
f 2259/2259 2258/2258 2257/2257
f 2259/2259 2257/2257 2256/2256
f 2251/2251 2252/2252 2259/2259
f 2251/2251 2259/2259 2256/2256
f 2257/2257 2260/2260 2255/2255
f 2257/2257 2255/2255 2256/2256
f 2257/2257 2262/2262 2261/2261
f 2257/2257 2261/2261 2260/2260
f 2161/2161 2163/2163 2255/2255
f 2161/2161 2255/2255 2260/2260
f 2261/2261 2159/2159 2161/2161
f 2261/2261 2161/2161 2260/2260
f 2265/2265 2264/2264 2263/2263
f 2265/2265 2263/2263 2262/2262
f 2257/2257 2258/2258 2265/2265
f 2257/2257 2265/2265 2262/2262
f 2263/2263 2266/2266 2261/2261
f 2263/2263 2261/2261 2262/2262
f 2263/2263 2268/2268 2267/2267
f 2263/2263 2267/2267 2266/2266
f 2157/2157 2159/2159 2261/2261
f 2157/2157 2261/2261 2266/2266
f 2267/2267 2155/2155 2157/2157
f 2267/2267 2157/2157 2266/2266
f 2271/2271 2270/2270 2269/2269
f 2271/2271 2269/2269 2268/2268
f 2263/2263 2264/2264 2271/2271
f 2263/2263 2271/2271 2268/2268
f 2269/2269 2272/2272 2267/2267
f 2269/2269 2267/2267 2268/2268
f 2269/2269 2274/2274 2273/2273
f 2269/2269 2273/2273 2272/2272
f 2153/2153 2155/2155 2267/2267
f 2153/2153 2267/2267 2272/2272
f 2273/2273 2151/2151 2153/2153
f 2273/2273 2153/2153 2272/2272
f 2277/2277 2276/2276 2275/2275
f 2277/2277 2275/2275 2274/2274
f 2269/2269 2270/2270 2277/2277
f 2269/2269 2277/2277 2274/2274
f 2275/2275 2278/2278 2273/2273
f 2275/2275 2273/2273 2274/2274
f 2275/2275 2280/2280 2279/2279
f 2275/2275 2279/2279 2278/2278
f 2149/2149 2151/2151 2273/2273
f 2149/2149 2273/2273 2278/2278
f 2279/2279 2147/2147 2149/2149
f 2279/2279 2149/2149 2278/2278
f 2283/2283 2282/2282 2281/2281
f 2283/2283 2281/2281 2280/2280
f 2275/2275 2276/2276 2283/2283
f 2275/2275 2283/2283 2280/2280
f 2281/2281 2284/2284 2279/2279
f 2281/2281 2279/2279 2280/2280
f 2281/2281 2286/2286 2285/2285
f 2281/2281 2285/2285 2284/2284
f 2145/2145 2147/2147 2279/2279
f 2145/2145 2279/2279 2284/2284
f 2285/2285 2143/2143 2145/2145
f 2285/2285 2145/2145 2284/2284
f 2289/2289 2288/2288 2287/2287
f 2289/2289 2287/2287 2286/2286
f 2281/2281 2282/2282 2289/2289
f 2281/2281 2289/2289 2286/2286
f 2287/2287 2290/2290 2285/2285
f 2287/2287 2285/2285 2286/2286
f 2287/2287 2292/2292 2291/2291
f 2287/2287 2291/2291 2290/2290
f 2141/2141 2143/2143 2285/2285
f 2141/2141 2285/2285 2290/2290
f 2291/2291 2139/2139 2141/2141
f 2291/2291 2141/2141 2290/2290
f 2295/2295 2294/2294 2293/2293
f 2295/2295 2293/2293 2292/2292
f 2287/2287 2288/2288 2295/2295
f 2287/2287 2295/2295 2292/2292
f 2293/2293 2296/2296 2291/2291
f 2293/2293 2291/2291 2292/2292
f 2293/2293 2298/2298 2297/2297
f 2293/2293 2297/2297 2296/2296
f 2138/2138 2139/2139 2291/2291
f 2138/2138 2291/2291 2296/2296
f 2297/2297 2137/2137 2138/2138
f 2297/2297 2138/2138 2296/2296
f 2301/2301 2300/2300 2299/2299
f 2301/2301 2299/2299 2298/2298
f 2293/2293 2294/2294 2301/2301
f 2293/2293 2301/2301 2298/2298
f 2299/2299 2302/2302 2297/2297
f 2299/2299 2297/2297 2298/2298
f 2299/2299 2304/2304 2303/2303
f 2299/2299 2303/2303 2302/2302
f 2305/2305 2137/2137 2297/2297
f 2305/2305 2297/2297 2302/2302
f 2303/2303 2306/2306 2305/2305
f 2303/2303 2305/2305 2302/2302
f 2303/2303 2308/2308 2307/2307
f 2303/2303 2307/2307 2306/2306
f 2309/2309 2134/2134 2305/2305
f 2309/2309 2305/2305 2306/2306
f 2307/2307 2310/2310 2309/2309
f 2307/2307 2309/2309 2306/2306
f 2307/2307 2312/2312 2311/2311
f 2307/2307 2311/2311 2310/2310
f 2313/2313 2131/2131 2309/2309
f 2313/2313 2309/2309 2310/2310
f 2311/2311 2314/2314 2313/2313
f 2311/2311 2313/2313 2310/2310
f 2311/2311 2316/2316 2315/2315
f 2311/2311 2315/2315 2314/2314
f 2317/2317 2128/2128 2313/2313
f 2317/2317 2313/2313 2314/2314
f 2315/2315 2318/2318 2317/2317
f 2315/2315 2317/2317 2314/2314
f 2315/2315 2320/2320 2319/2319
f 2315/2315 2319/2319 2318/2318
f 2321/2321 2125/2125 2317/2317
f 2321/2321 2317/2317 2318/2318
f 2319/2319 2322/2322 2321/2321
f 2319/2319 2321/2321 2318/2318
f 2319/2319 2324/2324 2323/2323
f 2319/2319 2323/2323 2322/2322
f 2118/2118 2120/2120 2321/2321
f 2118/2118 2321/2321 2322/2322
f 2323/2323 2116/2116 2118/2118
f 2323/2323 2118/2118 2322/2322
f 2327/2327 2326/2326 2325/2325
f 2327/2327 2325/2325 2324/2324
f 2319/2319 2320/2320 2327/2327
f 2319/2319 2327/2327 2324/2324
f 2325/2325 2328/2328 2323/2323
f 2325/2325 2323/2323 2324/2324
f 2325/2325 2330/2330 2329/2329
f 2325/2325 2329/2329 2328/2328
f 2114/2114 2116/2116 2323/2323
f 2114/2114 2323/2323 2328/2328
f 2329/2329 2112/2112 2114/2114
f 2329/2329 2114/2114 2328/2328
f 2333/2333 2332/2332 2331/2331
f 2333/2333 2331/2331 2330/2330
f 2325/2325 2326/2326 2333/2333
f 2325/2325 2333/2333 2330/2330
f 2331/2331 2334/2334 2329/2329
f 2331/2331 2329/2329 2330/2330
f 2331/2331 2336/2336 2335/2335
f 2331/2331 2335/2335 2334/2334
f 2110/2110 2112/2112 2329/2329
f 2110/2110 2329/2329 2334/2334
f 2335/2335 2108/2108 2110/2110
f 2335/2335 2110/2110 2334/2334
f 2339/2339 2338/2338 2337/2337
f 2339/2339 2337/2337 2336/2336
f 2331/2331 2332/2332 2339/2339
f 2331/2331 2339/2339 2336/2336
f 2337/2337 2340/2340 2335/2335
f 2337/2337 2335/2335 2336/2336
f 2337/2337 2342/2342 2341/2341
f 2337/2337 2341/2341 2340/2340
f 2106/2106 2108/2108 2335/2335
f 2106/2106 2335/2335 2340/2340
f 2341/2341 2104/2104 2106/2106
f 2341/2341 2106/2106 2340/2340
f 2345/2345 2344/2344 2343/2343
f 2345/2345 2343/2343 2342/2342
f 2337/2337 2338/2338 2345/2345
f 2337/2337 2345/2345 2342/2342
f 2343/2343 2346/2346 2341/2341
f 2343/2343 2341/2341 2342/2342
f 2343/2343 2348/2348 2347/2347
f 2343/2343 2347/2347 2346/2346
f 2102/2102 2104/2104 2341/2341
f 2102/2102 2341/2341 2346/2346
f 2347/2347 2100/2100 2102/2102
f 2347/2347 2102/2102 2346/2346
f 2351/2351 2350/2350 2349/2349
f 2351/2351 2349/2349 2348/2348
f 2343/2343 2344/2344 2351/2351
f 2343/2343 2351/2351 2348/2348
f 2349/2349 2352/2352 2347/2347
f 2349/2349 2347/2347 2348/2348
f 2349/2349 2355/2355 2353/2353
f 2349/2349 2353/2353 2352/2352
f 2098/2098 2100/2100 2347/2347
f 2098/2098 2347/2347 2352/2352
f 2353/2353 2094/2094 2098/2098
f 2353/2353 2098/2098 2352/2352
f 2360/2360 2358/2358 2357/2357
f 2360/2360 2357/2357 2356/2356
f 2349/2349 2350/2350 2359/2359
f 2349/2349 2359/2359 2355/2355
f 2357/2357 2361/2361 2354/2354
f 2357/2357 2354/2354 2356/2356
f 2357/2357 2363/2363 2362/2362
f 2357/2357 2362/2362 2361/2361
f 2092/2092 2095/2095 2354/2354
f 2092/2092 2354/2354 2361/2361
f 2362/2362 2090/2090 2092/2092
f 2362/2362 2092/2092 2361/2361
f 2366/2366 2365/2365 2364/2364
f 2366/2366 2364/2364 2363/2363
f 2357/2357 2358/2358 2366/2366
f 2357/2357 2366/2366 2363/2363
f 2364/2364 2367/2367 2362/2362
f 2364/2364 2362/2362 2363/2363
f 2364/2364 2369/2369 2368/2368
f 2364/2364 2368/2368 2367/2367
f 2088/2088 2090/2090 2362/2362
f 2088/2088 2362/2362 2367/2367
f 2368/2368 2086/2086 2088/2088
f 2368/2368 2088/2088 2367/2367
f 2372/2372 2371/2371 2370/2370
f 2372/2372 2370/2370 2369/2369
f 2364/2364 2365/2365 2372/2372
f 2364/2364 2372/2372 2369/2369
f 2370/2370 2373/2373 2368/2368
f 2370/2370 2368/2368 2369/2369
f 2370/2370 2375/2375 2374/2374
f 2370/2370 2374/2374 2373/2373
f 2084/2084 2086/2086 2368/2368
f 2084/2084 2368/2368 2373/2373
f 2374/2374 2082/2082 2084/2084
f 2374/2374 2084/2084 2373/2373
f 2378/2378 2377/2377 2376/2376
f 2378/2378 2376/2376 2375/2375
f 2370/2370 2371/2371 2378/2378
f 2370/2370 2378/2378 2375/2375
f 2376/2376 2379/2379 2374/2374
f 2376/2376 2374/2374 2375/2375
f 2376/2376 2381/2381 2380/2380
f 2376/2376 2380/2380 2379/2379
f 2080/2080 2082/2082 2374/2374
f 2080/2080 2374/2374 2379/2379
f 2380/2380 2078/2078 2080/2080
f 2380/2380 2080/2080 2379/2379
f 2384/2384 2383/2383 2382/2382
f 2384/2384 2382/2382 2381/2381
f 2376/2376 2377/2377 2384/2384
f 2376/2376 2384/2384 2381/2381
f 2382/2382 2385/2385 2380/2380
f 2382/2382 2380/2380 2381/2381
f 2382/2382 2387/2387 2386/2386
f 2382/2382 2386/2386 2385/2385
f 2076/2076 2078/2078 2380/2380
f 2076/2076 2380/2380 2385/2385
f 2386/2386 2074/2074 2076/2076
f 2386/2386 2076/2076 2385/2385
f 2390/2390 2389/2389 2388/2388
f 2390/2390 2388/2388 2387/2387
f 2382/2382 2383/2383 2390/2390
f 2382/2382 2390/2390 2387/2387
f 2388/2388 2391/2391 2386/2386
f 2388/2388 2386/2386 2387/2387
f 2388/2388 2393/2393 2392/2392
f 2388/2388 2392/2392 2391/2391
f 2072/2072 2074/2074 2386/2386
f 2072/2072 2386/2386 2391/2391
f 2392/2392 2070/2070 2072/2072
f 2392/2392 2072/2072 2391/2391
f 2396/2396 2395/2395 2394/2394
f 2396/2396 2394/2394 2393/2393
f 2388/2388 2389/2389 2396/2396
f 2388/2388 2396/2396 2393/2393
f 2394/2394 2397/2397 2392/2392
f 2394/2394 2392/2392 2393/2393
f 2394/2394 2399/2399 2398/2398
f 2394/2394 2398/2398 2397/2397
f 2068/2068 2070/2070 2392/2392
f 2068/2068 2392/2392 2397/2397
f 2398/2398 2066/2066 2068/2068
f 2398/2398 2068/2068 2397/2397
f 2402/2402 2401/2401 2400/2400
f 2402/2402 2400/2400 2399/2399
f 2394/2394 2395/2395 2402/2402
f 2394/2394 2402/2402 2399/2399
f 2400/2400 2403/2403 2398/2398
f 2400/2400 2398/2398 2399/2399
f 2400/2400 2405/2405 2404/2404
f 2400/2400 2404/2404 2403/2403
f 2064/2064 2066/2066 2398/2398
f 2064/2064 2398/2398 2403/2403
f 2404/2404 2062/2062 2064/2064
f 2404/2404 2064/2064 2403/2403
f 2408/2408 2407/2407 2406/2406
f 2408/2408 2406/2406 2405/2405
f 2400/2400 2401/2401 2408/2408
f 2400/2400 2408/2408 2405/2405
f 2406/2406 2409/2409 2404/2404
f 2406/2406 2404/2404 2405/2405
f 2406/2406 2411/2411 2410/2410
f 2406/2406 2410/2410 2409/2409
f 2060/2060 2062/2062 2404/2404
f 2060/2060 2404/2404 2409/2409
f 2410/2410 2058/2058 2060/2060
f 2410/2410 2060/2060 2409/2409
f 2414/2414 2413/2413 2412/2412
f 2414/2414 2412/2412 2411/2411
f 2406/2406 2407/2407 2414/2414
f 2406/2406 2414/2414 2411/2411
f 2412/2412 2415/2415 2410/2410
f 2412/2412 2410/2410 2411/2411
f 2412/2412 2417/2417 2416/2416
f 2412/2412 2416/2416 2415/2415
f 2056/2056 2058/2058 2410/2410
f 2056/2056 2410/2410 2415/2415
f 2416/2416 2054/2054 2056/2056
f 2416/2416 2056/2056 2415/2415
f 2412/2412 2413/2413 2419/2419
f 2412/2412 2419/2419 2417/2417
f 2422/2422 2421/2421 2420/2420
f 2424/2424 2423/2423 2421/2421
f 2424/2424 2421/2421 2422/2422
f 2418/2418 2419/2419 2424/2424
f 2418/2418 2424/2424 2422/2422
f 2426/2426 2425/2425 2423/2423
f 2426/2426 2423/2423 2424/2424
f 2419/2419 2413/2413 2426/2426
f 2419/2419 2426/2426 2424/2424
f 2428/2428 2427/2427 2425/2425
f 2428/2428 2425/2425 2426/2426
f 2413/2413 2414/2414 2428/2428
f 2413/2413 2428/2428 2426/2426
f 2430/2430 2429/2429 2427/2427
f 2430/2430 2427/2427 2428/2428
f 2414/2414 2407/2407 2430/2430
f 2414/2414 2430/2430 2428/2428
f 2432/2432 2431/2431 2429/2429
f 2432/2432 2429/2429 2430/2430
f 2407/2407 2408/2408 2432/2432
f 2407/2407 2432/2432 2430/2430
f 2434/2434 2433/2433 2431/2431
f 2434/2434 2431/2431 2432/2432
f 2408/2408 2401/2401 2434/2434
f 2408/2408 2434/2434 2432/2432
f 14/14 9/9 2433/2433
f 14/14 2433/2433 2434/2434
f 2401/2401 2402/2402 14/14
f 2401/2401 14/14 2434/2434
f 2436/2436 2435/2435 2431/2431
f 2436/2436 2431/2431 2433/2433
f 9/9 10/10 2436/2436
f 9/9 2436/2436 2433/2433
f 2438/2438 2437/2437 2435/2435
f 2438/2438 2435/2435 2436/2436
f 10/10 2439/2439 2438/2438
f 10/10 2438/2438 2436/2436
f 2441/2441 2440/2440 2438/2438
f 2441/2441 2438/2438 2439/2439
f 2443/2443 2442/2442 2441/2441
f 2443/2443 2441/2441 2439/2439
f 10/10 11/11 2443/2443
f 10/10 2443/2443 2439/2439
f 2445/2445 2444/2444 2442/2442
f 2445/2445 2442/2442 2443/2443
f 11/11 12/12 2445/2445
f 11/11 2445/2445 2443/2443
f 2389/2389 2390/2390 2444/2444
f 2389/2389 2444/2444 2445/2445
f 12/12 2396/2396 2389/2389
f 12/12 2389/2389 2445/2445
f 2447/2447 2446/2446 2442/2442
f 2447/2447 2442/2442 2444/2444
f 2390/2390 2383/2383 2447/2447
f 2390/2390 2447/2447 2444/2444
f 2449/2449 2448/2448 2446/2446
f 2449/2449 2446/2446 2447/2447
f 2383/2383 2384/2384 2449/2449
f 2383/2383 2449/2449 2447/2447
f 2451/2451 2450/2450 2448/2448
f 2451/2451 2448/2448 2449/2449
f 2384/2384 2377/2377 2451/2451
f 2384/2384 2451/2451 2449/2449
f 2453/2453 2452/2452 2450/2450
f 2453/2453 2450/2450 2451/2451
f 2377/2377 2378/2378 2453/2453
f 2377/2377 2453/2453 2451/2451
f 2455/2455 2454/2454 2452/2452
f 2455/2455 2452/2452 2453/2453
f 2378/2378 2371/2371 2455/2455
f 2378/2378 2455/2455 2453/2453
f 2457/2457 2456/2456 2454/2454
f 2457/2457 2454/2454 2455/2455
f 2371/2371 2372/2372 2457/2457
f 2371/2371 2457/2457 2455/2455
f 2459/2459 2458/2458 2456/2456
f 2459/2459 2456/2456 2457/2457
f 2372/2372 2365/2365 2459/2459
f 2372/2372 2459/2459 2457/2457
f 2461/2461 2460/2460 2458/2458
f 2461/2461 2458/2458 2459/2459
f 2365/2365 2366/2366 2461/2461
f 2365/2365 2461/2461 2459/2459
f 2463/2463 2462/2462 2460/2460
f 2463/2463 2460/2460 2461/2461
f 2366/2366 2358/2358 2463/2463
f 2366/2366 2463/2463 2461/2461
f 2467/2467 2465/2465 2462/2462
f 2467/2467 2462/2462 2463/2463
f 2358/2358 2360/2360 2467/2467
f 2358/2358 2467/2467 2463/2463
f 2469/2469 2468/2468 2464/2464
f 2469/2469 2464/2464 2466/2466
f 2359/2359 2350/2350 2469/2469
f 2359/2359 2469/2469 2466/2466
f 2471/2471 2470/2470 2468/2468
f 2471/2471 2468/2468 2469/2469
f 2350/2350 2351/2351 2471/2471
f 2350/2350 2471/2471 2469/2469
f 2473/2473 2472/2472 2470/2470
f 2473/2473 2470/2470 2471/2471
f 2351/2351 2344/2344 2473/2473
f 2351/2351 2473/2473 2471/2471
f 2475/2475 2474/2474 2472/2472
f 2475/2475 2472/2472 2473/2473
f 2344/2344 2345/2345 2475/2475
f 2344/2344 2475/2475 2473/2473
f 2477/2477 2476/2476 2474/2474
f 2477/2477 2474/2474 2475/2475
f 2345/2345 2338/2338 2477/2477
f 2345/2345 2477/2477 2475/2475
f 2479/2479 2478/2478 2476/2476
f 2479/2479 2476/2476 2477/2477
f 2338/2338 2339/2339 2479/2479
f 2338/2338 2479/2479 2477/2477
f 2481/2481 2480/2480 2478/2478
f 2481/2481 2478/2478 2479/2479
f 2339/2339 2332/2332 2481/2481
f 2339/2339 2481/2481 2479/2479
f 2483/2483 2482/2482 2480/2480
f 2483/2483 2480/2480 2481/2481
f 2332/2332 2333/2333 2483/2483
f 2332/2332 2483/2483 2481/2481
f 2485/2485 2484/2484 2482/2482
f 2485/2485 2482/2482 2483/2483
f 2333/2333 2326/2326 2485/2485
f 2333/2333 2485/2485 2483/2483
f 2487/2487 2486/2486 2484/2484
f 2487/2487 2484/2484 2485/2485
f 2326/2326 2327/2327 2487/2487
f 2326/2326 2487/2487 2485/2485
f 2489/2489 2488/2488 2486/2486
f 2489/2489 2486/2486 2487/2487
f 2327/2327 2320/2320 2489/2489
f 2327/2327 2489/2489 2487/2487
f 2316/2316 2490/2490 2488/2488
f 2316/2316 2488/2488 2489/2489
f 2320/2320 2315/2315 2316/2316
f 2320/2320 2316/2316 2489/2489
f 2492/2492 2491/2491 2488/2488
f 2492/2492 2488/2488 2490/2490
f 2312/2312 2493/2493 2492/2492
f 2312/2312 2492/2492 2490/2490
f 2316/2316 2311/2311 2312/2312
f 2316/2316 2312/2312 2490/2490
f 2495/2495 2494/2494 2492/2492
f 2495/2495 2492/2492 2493/2493
f 2308/2308 2496/2496 2495/2495
f 2308/2308 2495/2495 2493/2493
f 2312/2312 2307/2307 2308/2308
f 2312/2312 2308/2308 2493/2493
f 2498/2498 2497/2497 2495/2495
f 2498/2498 2495/2495 2496/2496
f 2304/2304 2499/2499 2498/2498
f 2304/2304 2498/2498 2496/2496
f 2308/2308 2303/2303 2304/2304
f 2308/2308 2304/2304 2496/2496
f 2501/2501 2500/2500 2498/2498
f 2501/2501 2498/2498 2499/2499
f 2300/2300 2502/2502 2501/2501
f 2300/2300 2501/2501 2499/2499
f 2304/2304 2299/2299 2300/2300
f 2304/2304 2300/2300 2499/2499
f 2504/2504 2503/2503 2501/2501
f 2504/2504 2501/2501 2502/2502
f 2506/2506 2505/2505 2504/2504
f 2506/2506 2504/2504 2502/2502
f 2300/2300 2301/2301 2506/2506
f 2300/2300 2506/2506 2502/2502
f 2508/2508 2507/2507 2505/2505
f 2508/2508 2505/2505 2506/2506
f 2301/2301 2294/2294 2508/2508
f 2301/2301 2508/2508 2506/2506
f 2510/2510 2509/2509 2507/2507
f 2510/2510 2507/2507 2508/2508
f 2294/2294 2295/2295 2510/2510
f 2294/2294 2510/2510 2508/2508
f 2512/2512 2511/2511 2509/2509
f 2512/2512 2509/2509 2510/2510
f 2295/2295 2288/2288 2512/2512
f 2295/2295 2512/2512 2510/2510
f 2514/2514 2513/2513 2511/2511
f 2514/2514 2511/2511 2512/2512
f 2288/2288 2289/2289 2514/2514
f 2288/2288 2514/2514 2512/2512
f 2516/2516 2515/2515 2513/2513
f 2516/2516 2513/2513 2514/2514
f 2289/2289 2282/2282 2516/2516
f 2289/2289 2516/2516 2514/2514
f 2518/2518 2517/2517 2515/2515
f 2518/2518 2515/2515 2516/2516
f 2282/2282 2283/2283 2518/2518
f 2282/2282 2518/2518 2516/2516
f 2520/2520 2519/2519 2517/2517
f 2520/2520 2517/2517 2518/2518
f 2283/2283 2276/2276 2520/2520
f 2283/2283 2520/2520 2518/2518
f 2522/2522 2521/2521 2519/2519
f 2522/2522 2519/2519 2520/2520
f 2276/2276 2277/2277 2522/2522
f 2276/2276 2522/2522 2520/2520
f 2524/2524 2523/2523 2521/2521
f 2524/2524 2521/2521 2522/2522
f 2277/2277 2270/2270 2524/2524
f 2277/2277 2524/2524 2522/2522
f 2526/2526 2525/2525 2523/2523
f 2526/2526 2523/2523 2524/2524
f 2270/2270 2271/2271 2526/2526
f 2270/2270 2526/2526 2524/2524
f 2528/2528 2527/2527 2525/2525
f 2528/2528 2525/2525 2526/2526
f 2271/2271 2264/2264 2528/2528
f 2271/2271 2528/2528 2526/2526
f 2530/2530 2529/2529 2527/2527
f 2530/2530 2527/2527 2528/2528
f 2264/2264 2265/2265 2530/2530
f 2264/2264 2530/2530 2528/2528
f 2532/2532 2531/2531 2529/2529
f 2532/2532 2529/2529 2530/2530
f 2265/2265 2258/2258 2532/2532
f 2265/2265 2532/2532 2530/2530
f 2534/2534 2533/2533 2531/2531
f 2534/2534 2531/2531 2532/2532
f 2258/2258 2259/2259 2534/2534
f 2258/2258 2534/2534 2532/2532
f 2536/2536 2535/2535 2533/2533
f 2536/2536 2533/2533 2534/2534
f 2259/2259 2252/2252 2536/2536
f 2259/2259 2536/2536 2534/2534
f 2538/2538 2537/2537 2535/2535
f 2538/2538 2535/2535 2536/2536
f 2252/2252 2253/2253 2538/2538
f 2252/2252 2538/2538 2536/2536
f 2540/2540 2539/2539 2537/2537
f 2540/2540 2537/2537 2538/2538
f 2253/2253 2246/2246 2540/2540
f 2253/2253 2540/2540 2538/2538
f 2542/2542 2541/2541 2539/2539
f 2542/2542 2539/2539 2540/2540
f 2246/2246 2247/2247 2542/2542
f 2246/2246 2542/2542 2540/2540
f 2544/2544 2543/2543 2541/2541
f 2544/2544 2541/2541 2542/2542
f 2247/2247 2240/2240 2544/2544
f 2247/2247 2544/2544 2542/2542
f 2546/2546 2545/2545 2543/2543
f 2546/2546 2543/2543 2544/2544
f 2240/2240 2241/2241 2546/2546
f 2240/2240 2546/2546 2544/2544
f 2548/2548 2547/2547 2545/2545
f 2548/2548 2545/2545 2546/2546
f 2241/2241 2234/2234 2548/2548
f 2241/2241 2548/2548 2546/2546
f 2550/2550 2549/2549 2547/2547
f 2550/2550 2547/2547 2548/2548
f 2234/2234 2235/2235 2550/2550
f 2234/2234 2550/2550 2548/2548
f 2552/2552 2551/2551 2549/2549
f 2552/2552 2549/2549 2550/2550
f 2235/2235 2228/2228 2552/2552
f 2235/2235 2552/2552 2550/2550
f 2554/2554 2553/2553 2551/2551
f 2554/2554 2551/2551 2552/2552
f 2228/2228 2229/2229 2554/2554
f 2228/2228 2554/2554 2552/2552
f 2556/2556 2555/2555 2553/2553
f 2556/2556 2553/2553 2554/2554
f 2229/2229 2222/2222 2556/2556
f 2229/2229 2556/2556 2554/2554
f 2558/2558 2557/2557 2555/2555
f 2558/2558 2555/2555 2556/2556
f 2222/2222 2223/2223 2558/2558
f 2222/2222 2558/2558 2556/2556
f 2560/2560 2559/2559 2557/2557
f 2560/2560 2557/2557 2558/2558
f 2223/2223 2216/2216 2560/2560
f 2223/2223 2560/2560 2558/2558
f 2562/2562 2561/2561 2559/2559
f 2562/2562 2559/2559 2560/2560
f 2216/2216 2217/2217 2562/2562
f 2216/2216 2562/2562 2560/2560
f 2564/2564 2563/2563 2561/2561
f 2564/2564 2561/2561 2562/2562
f 2217/2217 2210/2210 2564/2564
f 2217/2217 2564/2564 2562/2562
f 2566/2566 2565/2565 2563/2563
f 2566/2566 2563/2563 2564/2564
f 2210/2210 2211/2211 2566/2566
f 2210/2210 2566/2566 2564/2564
f 2568/2568 2567/2567 2565/2565
f 2568/2568 2565/2565 2566/2566
f 2211/2211 2204/2204 2568/2568
f 2211/2211 2568/2568 2566/2566
f 2571/2571 2570/2570 2569/2569
f 2573/2573 2572/2572 2570/2570
f 2573/2573 2570/2570 2571/2571
f 2575/2575 2574/2574 2572/2572
f 2575/2575 2572/2572 2573/2573
f 2420/2420 2421/2421 2575/2575
f 2420/2420 2575/2575 2573/2573
f 2577/2577 2576/2576 2574/2574
f 2577/2577 2574/2574 2575/2575
f 2421/2421 2423/2423 2577/2577
f 2421/2421 2577/2577 2575/2575
f 2579/2579 2578/2578 2576/2576
f 2579/2579 2576/2576 2577/2577
f 2423/2423 2425/2425 2579/2579
f 2423/2423 2579/2579 2577/2577
f 2581/2581 2580/2580 2578/2578
f 2581/2581 2578/2578 2579/2579
f 2425/2425 2427/2427 2581/2581
f 2425/2425 2581/2581 2579/2579
f 2583/2583 2582/2582 2580/2580
f 2583/2583 2580/2580 2581/2581
f 2427/2427 2429/2429 2583/2583
f 2427/2427 2583/2583 2581/2581
f 2435/2435 2437/2437 2582/2582
f 2435/2435 2582/2582 2583/2583
f 2429/2429 2431/2431 2435/2435
f 2429/2429 2435/2435 2583/2583
f 2585/2585 2584/2584 2580/2580
f 2585/2585 2580/2580 2582/2582
f 2437/2437 2586/2586 2585/2585
f 2437/2437 2585/2585 2582/2582
f 2588/2588 2587/2587 2585/2585
f 2588/2588 2585/2585 2586/2586
f 2440/2440 2589/2589 2588/2588
f 2440/2440 2588/2588 2586/2586
f 2437/2437 2438/2438 2440/2440
f 2437/2437 2440/2440 2586/2586
f 2591/2591 2590/2590 2588/2588
f 2591/2591 2588/2588 2589/2589
f 2593/2593 2592/2592 2591/2591
f 2593/2593 2591/2591 2589/2589
f 2440/2440 2441/2441 2593/2593
f 2440/2440 2593/2593 2589/2589
f 2446/2446 2448/2448 2592/2592
f 2446/2446 2592/2592 2593/2593
f 2441/2441 2442/2442 2446/2446
f 2441/2441 2446/2446 2593/2593
f 2595/2595 2594/2594 2591/2591
f 2595/2595 2591/2591 2592/2592
f 2448/2448 2450/2450 2595/2595
f 2448/2448 2595/2595 2592/2592
f 2597/2597 2596/2596 2594/2594
f 2597/2597 2594/2594 2595/2595
f 2450/2450 2452/2452 2597/2597
f 2450/2450 2597/2597 2595/2595
f 2599/2599 2598/2598 2596/2596
f 2599/2599 2596/2596 2597/2597
f 2452/2452 2454/2454 2599/2599
f 2452/2452 2599/2599 2597/2597
f 2601/2601 2600/2600 2598/2598
f 2601/2601 2598/2598 2599/2599
f 2454/2454 2456/2456 2601/2601
f 2454/2454 2601/2601 2599/2599
f 2603/2603 2602/2602 2600/2600
f 2603/2603 2600/2600 2601/2601
f 2456/2456 2458/2458 2603/2603
f 2456/2456 2603/2603 2601/2601
f 2605/2605 2604/2604 2602/2602
f 2605/2605 2602/2602 2603/2603
f 2458/2458 2460/2460 2605/2605
f 2458/2458 2605/2605 2603/2603
f 2607/2607 2606/2606 2604/2604
f 2607/2607 2604/2604 2605/2605
f 2460/2460 2462/2462 2607/2607
f 2460/2460 2607/2607 2605/2605
f 2611/2611 2608/2608 2606/2606
f 2611/2611 2606/2606 2607/2607
f 2462/2462 2465/2465 2611/2611
f 2462/2462 2611/2611 2607/2607
f 2613/2613 2612/2612 2609/2609
f 2613/2613 2609/2609 2610/2610
f 2464/2464 2468/2468 2613/2613
f 2464/2464 2613/2613 2610/2610
f 2615/2615 2614/2614 2612/2612
f 2615/2615 2612/2612 2613/2613
f 2468/2468 2470/2470 2615/2615
f 2468/2468 2615/2615 2613/2613
f 2617/2617 2616/2616 2614/2614
f 2617/2617 2614/2614 2615/2615
f 2470/2470 2472/2472 2617/2617
f 2470/2470 2617/2617 2615/2615
f 2619/2619 2618/2618 2616/2616
f 2619/2619 2616/2616 2617/2617
f 2472/2472 2474/2474 2619/2619
f 2472/2472 2619/2619 2617/2617
f 2621/2621 2620/2620 2618/2618
f 2621/2621 2618/2618 2619/2619
f 2474/2474 2476/2476 2621/2621
f 2474/2474 2621/2621 2619/2619
f 2623/2623 2622/2622 2620/2620
f 2623/2623 2620/2620 2621/2621
f 2476/2476 2478/2478 2623/2623
f 2476/2476 2623/2623 2621/2621
f 2625/2625 2624/2624 2622/2622
f 2625/2625 2622/2622 2623/2623
f 2478/2478 2480/2480 2625/2625
f 2478/2478 2625/2625 2623/2623
f 2627/2627 2626/2626 2624/2624
f 2627/2627 2624/2624 2625/2625
f 2480/2480 2482/2482 2627/2627
f 2480/2480 2627/2627 2625/2625
f 2629/2629 2628/2628 2626/2626
f 2629/2629 2626/2626 2627/2627
f 2482/2482 2484/2484 2629/2629
f 2482/2482 2629/2629 2627/2627
f 2631/2631 2630/2630 2628/2628
f 2631/2631 2628/2628 2629/2629
f 2484/2484 2486/2486 2631/2631
f 2484/2484 2631/2631 2629/2629
f 2491/2491 2632/2632 2630/2630
f 2491/2491 2630/2630 2631/2631
f 2486/2486 2488/2488 2491/2491
f 2486/2486 2491/2491 2631/2631
f 2634/2634 2633/2633 2630/2630
f 2634/2634 2630/2630 2632/2632
f 2494/2494 2635/2635 2634/2634
f 2494/2494 2634/2634 2632/2632
f 2491/2491 2492/2492 2494/2494
f 2491/2491 2494/2494 2632/2632
f 2637/2637 2636/2636 2634/2634
f 2637/2637 2634/2634 2635/2635
f 2497/2497 2638/2638 2637/2637
f 2497/2497 2637/2637 2635/2635
f 2494/2494 2495/2495 2497/2497
f 2494/2494 2497/2497 2635/2635
f 2640/2640 2639/2639 2637/2637
f 2640/2640 2637/2637 2638/2638
f 2500/2500 2641/2641 2640/2640
f 2500/2500 2640/2640 2638/2638
f 2497/2497 2498/2498 2500/2500
f 2497/2497 2500/2500 2638/2638
f 2643/2643 2642/2642 2640/2640
f 2643/2643 2640/2640 2641/2641
f 2503/2503 2644/2644 2643/2643
f 2503/2503 2643/2643 2641/2641
f 2500/2500 2501/2501 2503/2503
f 2500/2500 2503/2503 2641/2641
f 2646/2646 2645/2645 2643/2643
f 2646/2646 2643/2643 2644/2644
f 2648/2648 2647/2647 2646/2646
f 2648/2648 2646/2646 2644/2644
f 2503/2503 2504/2504 2648/2648
f 2503/2503 2648/2648 2644/2644
f 2650/2650 2649/2649 2647/2647
f 2650/2650 2647/2647 2648/2648
f 2504/2504 2505/2505 2650/2650
f 2504/2504 2650/2650 2648/2648
f 2652/2652 2651/2651 2649/2649
f 2652/2652 2649/2649 2650/2650
f 2505/2505 2507/2507 2652/2652
f 2505/2505 2652/2652 2650/2650
f 2654/2654 2653/2653 2651/2651
f 2654/2654 2651/2651 2652/2652
f 2507/2507 2509/2509 2654/2654
f 2507/2507 2654/2654 2652/2652
f 2656/2656 2655/2655 2653/2653
f 2656/2656 2653/2653 2654/2654
f 2509/2509 2511/2511 2656/2656
f 2509/2509 2656/2656 2654/2654
f 2658/2658 2657/2657 2655/2655
f 2658/2658 2655/2655 2656/2656
f 2511/2511 2513/2513 2658/2658
f 2511/2511 2658/2658 2656/2656
f 2660/2660 2659/2659 2657/2657
f 2660/2660 2657/2657 2658/2658
f 2513/2513 2515/2515 2660/2660
f 2513/2513 2660/2660 2658/2658
f 2662/2662 2661/2661 2659/2659
f 2662/2662 2659/2659 2660/2660
f 2515/2515 2517/2517 2662/2662
f 2515/2515 2662/2662 2660/2660
f 2664/2664 2663/2663 2661/2661
f 2664/2664 2661/2661 2662/2662
f 2517/2517 2519/2519 2664/2664
f 2517/2517 2664/2664 2662/2662
f 2666/2666 2665/2665 2663/2663
f 2666/2666 2663/2663 2664/2664
f 2519/2519 2521/2521 2666/2666
f 2519/2519 2666/2666 2664/2664
f 2668/2668 2667/2667 2665/2665
f 2668/2668 2665/2665 2666/2666
f 2521/2521 2523/2523 2668/2668
f 2521/2521 2668/2668 2666/2666
f 2670/2670 2669/2669 2667/2667
f 2670/2670 2667/2667 2668/2668
f 2523/2523 2525/2525 2670/2670
f 2523/2523 2670/2670 2668/2668
f 2672/2672 2671/2671 2669/2669
f 2672/2672 2669/2669 2670/2670
f 2525/2525 2527/2527 2672/2672
f 2525/2525 2672/2672 2670/2670
f 2673/2673 6/6 2671/2671
f 2673/2673 2671/2671 2672/2672
f 2527/2527 2529/2529 2673/2673
f 2527/2527 2673/2673 2672/2672
f 2674/2674 5/5 6/6
f 2674/2674 6/6 2673/2673
f 2529/2529 2531/2531 2674/2674
f 2529/2529 2674/2674 2673/2673
f 2676/2676 2675/2675 5/5
f 2676/2676 5/5 2674/2674
f 2531/2531 2533/2533 2676/2676
f 2531/2531 2676/2676 2674/2674
f 2678/2678 2677/2677 2675/2675
f 2678/2678 2675/2675 2676/2676
f 2533/2533 2535/2535 2678/2678
f 2533/2533 2678/2678 2676/2676
f 2680/2680 2679/2679 2677/2677
f 2680/2680 2677/2677 2678/2678
f 2535/2535 2537/2537 2680/2680
f 2535/2535 2680/2680 2678/2678
f 2682/2682 2681/2681 2679/2679
f 2682/2682 2679/2679 2680/2680
f 2537/2537 2539/2539 2682/2682
f 2537/2537 2682/2682 2680/2680
f 2684/2684 2683/2683 2681/2681
f 2684/2684 2681/2681 2682/2682
f 2539/2539 2541/2541 2684/2684
f 2539/2539 2684/2684 2682/2682
f 2686/2686 2685/2685 2683/2683
f 2686/2686 2683/2683 2684/2684
f 2541/2541 2543/2543 2686/2686
f 2541/2541 2686/2686 2684/2684
f 2688/2688 2687/2687 2685/2685
f 2688/2688 2685/2685 2686/2686
f 2543/2543 2545/2545 2688/2688
f 2543/2543 2688/2688 2686/2686
f 2690/2690 2689/2689 2687/2687
f 2690/2690 2687/2687 2688/2688
f 2545/2545 2547/2547 2690/2690
f 2545/2545 2690/2690 2688/2688
f 2692/2692 2691/2691 2689/2689
f 2692/2692 2689/2689 2690/2690
f 2547/2547 2549/2549 2692/2692
f 2547/2547 2692/2692 2690/2690
f 2694/2694 2693/2693 2691/2691
f 2694/2694 2691/2691 2692/2692
f 2549/2549 2551/2551 2694/2694
f 2549/2549 2694/2694 2692/2692
f 2696/2696 2695/2695 2693/2693
f 2696/2696 2693/2693 2694/2694
f 2551/2551 2553/2553 2696/2696
f 2551/2551 2696/2696 2694/2694
f 2698/2698 2697/2697 2695/2695
f 2698/2698 2695/2695 2696/2696
f 2553/2553 2555/2555 2698/2698
f 2553/2553 2698/2698 2696/2696
f 2700/2700 2699/2699 2697/2697
f 2700/2700 2697/2697 2698/2698
f 2555/2555 2557/2557 2700/2700
f 2555/2555 2700/2700 2698/2698
f 2702/2702 2701/2701 2699/2699
f 2702/2702 2699/2699 2700/2700
f 2557/2557 2559/2559 2702/2702
f 2557/2557 2702/2702 2700/2700
f 2704/2704 2703/2703 2701/2701
f 2704/2704 2701/2701 2702/2702
f 2559/2559 2561/2561 2704/2704
f 2559/2559 2704/2704 2702/2702
f 2706/2706 2705/2705 2703/2703
f 2706/2706 2703/2703 2704/2704
f 2561/2561 2563/2563 2706/2706
f 2561/2561 2706/2706 2704/2704
f 2708/2708 2707/2707 2705/2705
f 2708/2708 2705/2705 2706/2706
f 2563/2563 2565/2565 2708/2708
f 2563/2563 2708/2708 2706/2706
f 2710/2710 2709/2709 2707/2707
f 2710/2710 2707/2707 2708/2708
f 2565/2565 2567/2567 2710/2710
f 2565/2565 2710/2710 2708/2708
f 2713/2713 2712/2712 2711/2711
f 2715/2715 2714/2714 2712/2712
f 2715/2715 2712/2712 2713/2713
f 2569/2569 2570/2570 2715/2715
f 2569/2569 2715/2715 2713/2713
f 2717/2717 2716/2716 2714/2714
f 2717/2717 2714/2714 2715/2715
f 2570/2570 2572/2572 2717/2717
f 2570/2570 2717/2717 2715/2715
f 2719/2719 2718/2718 2716/2716
f 2719/2719 2716/2716 2717/2717
f 2572/2572 2574/2574 2719/2719
f 2572/2572 2719/2719 2717/2717
f 2721/2721 2720/2720 2718/2718
f 2721/2721 2718/2718 2719/2719
f 2574/2574 2576/2576 2721/2721
f 2574/2574 2721/2721 2719/2719
f 2723/2723 2722/2722 2720/2720
f 2723/2723 2720/2720 2721/2721
f 2576/2576 2578/2578 2723/2723
f 2576/2576 2723/2723 2721/2721
f 2584/2584 2724/2724 2722/2722
f 2584/2584 2722/2722 2723/2723
f 2578/2578 2580/2580 2584/2584
f 2578/2578 2584/2584 2723/2723
f 2726/2726 2725/2725 2722/2722
f 2726/2726 2722/2722 2724/2724
f 2587/2587 2727/2727 2726/2726
f 2587/2587 2726/2726 2724/2724
f 2584/2584 2585/2585 2587/2587
f 2584/2584 2587/2587 2724/2724
f 2729/2729 2728/2728 2726/2726
f 2729/2729 2726/2726 2727/2727
f 2590/2590 2730/2730 2729/2729
f 2590/2590 2729/2729 2727/2727
f 2587/2587 2588/2588 2590/2590
f 2587/2587 2590/2590 2727/2727
f 2732/2732 2731/2731 2729/2729
f 2732/2732 2729/2729 2730/2730
f 2594/2594 2596/2596 2732/2732
f 2594/2594 2732/2732 2730/2730
f 2590/2590 2591/2591 2594/2594
f 2590/2590 2594/2594 2730/2730
f 2734/2734 2733/2733 2731/2731
f 2734/2734 2731/2731 2732/2732
f 2596/2596 2598/2598 2734/2734
f 2596/2596 2734/2734 2732/2732
f 2736/2736 2735/2735 2733/2733
f 2736/2736 2733/2733 2734/2734
f 2598/2598 2600/2600 2736/2736
f 2598/2598 2736/2736 2734/2734
f 2738/2738 2737/2737 2735/2735
f 2738/2738 2735/2735 2736/2736
f 2600/2600 2602/2602 2738/2738
f 2600/2600 2738/2738 2736/2736
f 2740/2740 2739/2739 2737/2737
f 2740/2740 2737/2737 2738/2738
f 2602/2602 2604/2604 2740/2740
f 2602/2602 2740/2740 2738/2738
f 2742/2742 2741/2741 2739/2739
f 2742/2742 2739/2739 2740/2740
f 2604/2604 2606/2606 2742/2742
f 2604/2604 2742/2742 2740/2740
f 2745/2745 2744/2744 2741/2741
f 2745/2745 2741/2741 2742/2742
f 2606/2606 2608/2608 2745/2745
f 2606/2606 2745/2745 2742/2742
f 2748/2748 2747/2747 2743/2743
f 2748/2748 2743/2743 2746/2746
f 2609/2609 2612/2612 2748/2748
f 2609/2609 2748/2748 2746/2746
f 2750/2750 2749/2749 2747/2747
f 2750/2750 2747/2747 2748/2748
f 2612/2612 2614/2614 2750/2750
f 2612/2612 2750/2750 2748/2748
f 2752/2752 2751/2751 2749/2749
f 2752/2752 2749/2749 2750/2750
f 2614/2614 2616/2616 2752/2752
f 2614/2614 2752/2752 2750/2750
f 2754/2754 2753/2753 2751/2751
f 2754/2754 2751/2751 2752/2752
f 2616/2616 2618/2618 2754/2754
f 2616/2616 2754/2754 2752/2752
f 2756/2756 2755/2755 2753/2753
f 2756/2756 2753/2753 2754/2754
f 2618/2618 2620/2620 2756/2756
f 2618/2618 2756/2756 2754/2754
f 2758/2758 2757/2757 2755/2755
f 2758/2758 2755/2755 2756/2756
f 2620/2620 2622/2622 2758/2758
f 2620/2620 2758/2758 2756/2756
f 2760/2760 2759/2759 2757/2757
f 2760/2760 2757/2757 2758/2758
f 2622/2622 2624/2624 2760/2760
f 2622/2622 2760/2760 2758/2758
f 2762/2762 2761/2761 2759/2759
f 2762/2762 2759/2759 2760/2760
f 2624/2624 2626/2626 2762/2762
f 2624/2624 2762/2762 2760/2760
f 2764/2764 2763/2763 2761/2761
f 2764/2764 2761/2761 2762/2762
f 2626/2626 2628/2628 2764/2764
f 2626/2626 2764/2764 2762/2762
f 2633/2633 2765/2765 2763/2763
f 2633/2633 2763/2763 2764/2764
f 2628/2628 2630/2630 2633/2633
f 2628/2628 2633/2633 2764/2764
f 2767/2767 2766/2766 2763/2763
f 2767/2767 2763/2763 2765/2765
f 2636/2636 2768/2768 2767/2767
f 2636/2636 2767/2767 2765/2765
f 2633/2633 2634/2634 2636/2636
f 2633/2633 2636/2636 2765/2765
f 2770/2770 2769/2769 2767/2767
f 2770/2770 2767/2767 2768/2768
f 2639/2639 2771/2771 2770/2770
f 2639/2639 2770/2770 2768/2768
f 2636/2636 2637/2637 2639/2639
f 2636/2636 2639/2639 2768/2768
f 2773/2773 2772/2772 2770/2770
f 2773/2773 2770/2770 2771/2771
f 2642/2642 2774/2774 2773/2773
f 2642/2642 2773/2773 2771/2771
f 2639/2639 2640/2640 2642/2642
f 2639/2639 2642/2642 2771/2771
f 2776/2776 2775/2775 2773/2773
f 2776/2776 2773/2773 2774/2774
f 2645/2645 2777/2777 2776/2776
f 2645/2645 2776/2776 2774/2774
f 2642/2642 2643/2643 2645/2645
f 2642/2642 2645/2645 2774/2774
f 2779/2779 2778/2778 2776/2776
f 2779/2779 2776/2776 2777/2777
f 2781/2781 2780/2780 2779/2779
f 2781/2781 2779/2779 2777/2777
f 2645/2645 2646/2646 2781/2781
f 2645/2645 2781/2781 2777/2777
f 2783/2783 2782/2782 2780/2780
f 2783/2783 2780/2780 2781/2781
f 2646/2646 2647/2647 2783/2783
f 2646/2646 2783/2783 2781/2781
f 2785/2785 2784/2784 2782/2782
f 2785/2785 2782/2782 2783/2783
f 2647/2647 2649/2649 2785/2785
f 2647/2647 2785/2785 2783/2783
f 2787/2787 2786/2786 2784/2784
f 2787/2787 2784/2784 2785/2785
f 2649/2649 2651/2651 2787/2787
f 2649/2649 2787/2787 2785/2785
f 2789/2789 2788/2788 2786/2786
f 2789/2789 2786/2786 2787/2787
f 2651/2651 2653/2653 2789/2789
f 2651/2651 2789/2789 2787/2787
f 2791/2791 2790/2790 2788/2788
f 2791/2791 2788/2788 2789/2789
f 2653/2653 2655/2655 2791/2791
f 2653/2653 2791/2791 2789/2789
f 2793/2793 2792/2792 2790/2790
f 2793/2793 2790/2790 2791/2791
f 2655/2655 2657/2657 2793/2793
f 2655/2655 2793/2793 2791/2791
f 2795/2795 2794/2794 2792/2792
f 2795/2795 2792/2792 2793/2793
f 2657/2657 2659/2659 2795/2795
f 2657/2657 2795/2795 2793/2793
f 2797/2797 2796/2796 2794/2794
f 2797/2797 2794/2794 2795/2795
f 2659/2659 2661/2661 2797/2797
f 2659/2659 2797/2797 2795/2795
f 2799/2799 2798/2798 2796/2796
f 2799/2799 2796/2796 2797/2797
f 2661/2661 2663/2663 2799/2799
f 2661/2661 2799/2799 2797/2797
f 2801/2801 2800/2800 2798/2798
f 2801/2801 2798/2798 2799/2799
f 2663/2663 2665/2665 2801/2801
f 2663/2663 2801/2801 2799/2799
f 2803/2803 2802/2802 2800/2800
f 2803/2803 2800/2800 2801/2801
f 2665/2665 2667/2667 2803/2803
f 2665/2665 2803/2803 2801/2801
f 2805/2805 2804/2804 2802/2802
f 2805/2805 2802/2802 2803/2803
f 2667/2667 2669/2669 2805/2805
f 2667/2667 2805/2805 2803/2803
f 7/7 8/8 2804/2804
f 7/7 2804/2804 2805/2805
f 2669/2669 2671/2671 7/7
f 2669/2669 7/7 2805/2805
f 2807/2807 2806/2806 2802/2802
f 2807/2807 2802/2802 2804/2804
f 8/8 2808/2808 2807/2807
f 8/8 2807/2807 2804/2804
f 2810/2810 2809/2809 2807/2807
f 2810/2810 2807/2807 2808/2808
f 2812/2812 2811/2811 2810/2810
f 2812/2812 2810/2810 2808/2808
f 8/8 4/4 2812/2812
f 8/8 2812/2812 2808/2808
f 2675/2675 2677/2677 2811/2811
f 2675/2675 2811/2811 2812/2812
f 4/4 5/5 2675/2675
f 4/4 2675/2675 2812/2812
f 2814/2814 2813/2813 2810/2810
f 2814/2814 2810/2810 2811/2811
f 2677/2677 2679/2679 2814/2814
f 2677/2677 2814/2814 2811/2811
f 2816/2816 2815/2815 2813/2813
f 2816/2816 2813/2813 2814/2814
f 2679/2679 2681/2681 2816/2816
f 2679/2679 2816/2816 2814/2814
f 2818/2818 2817/2817 2815/2815
f 2818/2818 2815/2815 2816/2816
f 2681/2681 2683/2683 2818/2818
f 2681/2681 2818/2818 2816/2816
f 2820/2820 2819/2819 2817/2817
f 2820/2820 2817/2817 2818/2818
f 2683/2683 2685/2685 2820/2820
f 2683/2683 2820/2820 2818/2818
f 2822/2822 2821/2821 2819/2819
f 2822/2822 2819/2819 2820/2820
f 2685/2685 2687/2687 2822/2822
f 2685/2685 2822/2822 2820/2820
f 2824/2824 2823/2823 2821/2821
f 2824/2824 2821/2821 2822/2822
f 2687/2687 2689/2689 2824/2824
f 2687/2687 2824/2824 2822/2822
f 2826/2826 2825/2825 2823/2823
f 2826/2826 2823/2823 2824/2824
f 2689/2689 2691/2691 2826/2826
f 2689/2689 2826/2826 2824/2824
f 2828/2828 2827/2827 2825/2825
f 2828/2828 2825/2825 2826/2826
f 2691/2691 2693/2693 2828/2828
f 2691/2691 2828/2828 2826/2826
f 2830/2830 2829/2829 2827/2827
f 2830/2830 2827/2827 2828/2828
f 2693/2693 2695/2695 2830/2830
f 2693/2693 2830/2830 2828/2828
f 2832/2832 2831/2831 2829/2829
f 2832/2832 2829/2829 2830/2830
f 2695/2695 2697/2697 2832/2832
f 2695/2695 2832/2832 2830/2830
f 2834/2834 2833/2833 2831/2831
f 2834/2834 2831/2831 2832/2832
f 2697/2697 2699/2699 2834/2834
f 2697/2697 2834/2834 2832/2832
f 2836/2836 2835/2835 2833/2833
f 2836/2836 2833/2833 2834/2834
f 2699/2699 2701/2701 2836/2836
f 2699/2699 2836/2836 2834/2834
f 2838/2838 2837/2837 2835/2835
f 2838/2838 2835/2835 2836/2836
f 2701/2701 2703/2703 2838/2838
f 2701/2701 2838/2838 2836/2836
f 2840/2840 2839/2839 2837/2837
f 2840/2840 2837/2837 2838/2838
f 2703/2703 2705/2705 2840/2840
f 2703/2703 2840/2840 2838/2838
f 2842/2842 2841/2841 2839/2839
f 2842/2842 2839/2839 2840/2840
f 2705/2705 2707/2707 2842/2842
f 2705/2705 2842/2842 2840/2840
f 2847/2847 2846/2846 2845/2845
f 2850/2850 2849/2849 2847/2847
f 2850/2850 2847/2847 2848/2848
f 2852/2852 2851/2851 2849/2849
f 2852/2852 2849/2849 2850/2850
f 2711/2711 2712/2712 2852/2852
f 2711/2711 2852/2852 2850/2850
f 2854/2854 2853/2853 2851/2851
f 2854/2854 2851/2851 2852/2852
f 2712/2712 2714/2714 2854/2854
f 2712/2712 2854/2854 2852/2852
f 2856/2856 2855/2855 2853/2853
f 2856/2856 2853/2853 2854/2854
f 2714/2714 2716/2716 2856/2856
f 2714/2714 2856/2856 2854/2854
f 2858/2858 2857/2857 2855/2855
f 2858/2858 2855/2855 2856/2856
f 2716/2716 2718/2718 2858/2858
f 2716/2716 2858/2858 2856/2856
f 2860/2860 2859/2859 2857/2857
f 2860/2860 2857/2857 2858/2858
f 2718/2718 2720/2720 2860/2860
f 2718/2718 2860/2860 2858/2858
f 2725/2725 2861/2861 2859/2859
f 2725/2725 2859/2859 2860/2860
f 2720/2720 2722/2722 2725/2725
f 2720/2720 2725/2725 2860/2860
f 2863/2863 2862/2862 2859/2859
f 2863/2863 2859/2859 2861/2861
f 2728/2728 2864/2864 2863/2863
f 2728/2728 2863/2863 2861/2861
f 2725/2725 2726/2726 2728/2728
f 2725/2725 2728/2728 2861/2861
f 2866/2866 2865/2865 2863/2863
f 2866/2866 2863/2863 2864/2864
f 2731/2731 2733/2733 2866/2866
f 2731/2731 2866/2866 2864/2864
f 2728/2728 2729/2729 2731/2731
f 2728/2728 2731/2731 2864/2864
f 2868/2868 2867/2867 2865/2865
f 2868/2868 2865/2865 2866/2866
f 2733/2733 2735/2735 2868/2868
f 2733/2733 2868/2868 2866/2866
f 2870/2870 2869/2869 2867/2867
f 2870/2870 2867/2867 2868/2868
f 2735/2735 2737/2737 2870/2870
f 2735/2735 2870/2870 2868/2868
f 2872/2872 2871/2871 2869/2869
f 2872/2872 2869/2869 2870/2870
f 2737/2737 2739/2739 2872/2872
f 2737/2737 2872/2872 2870/2870
f 2874/2874 2873/2873 2871/2871
f 2874/2874 2871/2871 2872/2872
f 2739/2739 2741/2741 2874/2874
f 2739/2739 2874/2874 2872/2872
f 2877/2877 2876/2876 2873/2873
f 2877/2877 2873/2873 2874/2874
f 2741/2741 2744/2744 2877/2877
f 2741/2741 2877/2877 2874/2874
f 2880/2880 2879/2879 2875/2875
f 2880/2880 2875/2875 2878/2878
f 2743/2743 2747/2747 2880/2880
f 2743/2743 2880/2880 2878/2878
f 2882/2882 2881/2881 2879/2879
f 2882/2882 2879/2879 2880/2880
f 2747/2747 2749/2749 2882/2882
f 2747/2747 2882/2882 2880/2880
f 2884/2884 2883/2883 2881/2881
f 2884/2884 2881/2881 2882/2882
f 2749/2749 2751/2751 2884/2884
f 2749/2749 2884/2884 2882/2882
f 2886/2886 2885/2885 2883/2883
f 2886/2886 2883/2883 2884/2884
f 2751/2751 2753/2753 2886/2886
f 2751/2751 2886/2886 2884/2884
f 2888/2888 2887/2887 2885/2885
f 2888/2888 2885/2885 2886/2886
f 2753/2753 2755/2755 2888/2888
f 2753/2753 2888/2888 2886/2886
f 2890/2890 2889/2889 2887/2887
f 2890/2890 2887/2887 2888/2888
f 2755/2755 2757/2757 2890/2890
f 2755/2755 2890/2890 2888/2888
f 2892/2892 2891/2891 2889/2889
f 2892/2892 2889/2889 2890/2890
f 2757/2757 2759/2759 2892/2892
f 2757/2757 2892/2892 2890/2890
f 2894/2894 2893/2893 2891/2891
f 2894/2894 2891/2891 2892/2892
f 2759/2759 2761/2761 2894/2894
f 2759/2759 2894/2894 2892/2892
f 2766/2766 2895/2895 2893/2893
f 2766/2766 2893/2893 2894/2894
f 2761/2761 2763/2763 2766/2766
f 2761/2761 2766/2766 2894/2894
f 2897/2897 2896/2896 2893/2893
f 2897/2897 2893/2893 2895/2895
f 2769/2769 2898/2898 2897/2897
f 2769/2769 2897/2897 2895/2895
f 2766/2766 2767/2767 2769/2769
f 2766/2766 2769/2769 2895/2895
f 2900/2900 2899/2899 2897/2897
f 2900/2900 2897/2897 2898/2898
f 2772/2772 2901/2901 2900/2900
f 2772/2772 2900/2900 2898/2898
f 2769/2769 2770/2770 2772/2772
f 2769/2769 2772/2772 2898/2898
f 2903/2903 2902/2902 2900/2900
f 2903/2903 2900/2900 2901/2901
f 2775/2775 2904/2904 2903/2903
f 2775/2775 2903/2903 2901/2901
f 2772/2772 2773/2773 2775/2775
f 2772/2772 2775/2775 2901/2901
f 2906/2906 2905/2905 2903/2903
f 2906/2906 2903/2903 2904/2904
f 2778/2778 2907/2907 2906/2906
f 2778/2778 2906/2906 2904/2904
f 2775/2775 2776/2776 2778/2778
f 2775/2775 2778/2778 2904/2904
f 2909/2909 2908/2908 2906/2906
f 2909/2909 2906/2906 2907/2907
f 2911/2911 2910/2910 2909/2909
f 2911/2911 2909/2909 2907/2907
f 2778/2778 2779/2779 2911/2911
f 2778/2778 2911/2911 2907/2907
f 2913/2913 2912/2912 2910/2910
f 2913/2913 2910/2910 2911/2911
f 2779/2779 2780/2780 2913/2913
f 2779/2779 2913/2913 2911/2911
f 2915/2915 2914/2914 2912/2912
f 2915/2915 2912/2912 2913/2913
f 2780/2780 2782/2782 2915/2915
f 2780/2780 2915/2915 2913/2913
f 2917/2917 2916/2916 2914/2914
f 2917/2917 2914/2914 2915/2915
f 2782/2782 2784/2784 2917/2917
f 2782/2782 2917/2917 2915/2915
f 2919/2919 2918/2918 2916/2916
f 2919/2919 2916/2916 2917/2917
f 2784/2784 2786/2786 2919/2919
f 2784/2784 2919/2919 2917/2917
f 2921/2921 2920/2920 2918/2918
f 2921/2921 2918/2918 2919/2919
f 2786/2786 2788/2788 2921/2921
f 2786/2786 2921/2921 2919/2919
f 2923/2923 2922/2922 2920/2920
f 2923/2923 2920/2920 2921/2921
f 2788/2788 2790/2790 2923/2923
f 2788/2788 2923/2923 2921/2921
f 2925/2925 2924/2924 2922/2922
f 2925/2925 2922/2922 2923/2923
f 2790/2790 2792/2792 2925/2925
f 2790/2790 2925/2925 2923/2923
f 2927/2927 2926/2926 2924/2924
f 2927/2927 2924/2924 2925/2925
f 2792/2792 2794/2794 2927/2927
f 2792/2792 2927/2927 2925/2925
f 2929/2929 2928/2928 2926/2926
f 2929/2929 2926/2926 2927/2927
f 2794/2794 2796/2796 2929/2929
f 2794/2794 2929/2929 2927/2927
f 2931/2931 2930/2930 2928/2928
f 2931/2931 2928/2928 2929/2929
f 2796/2796 2798/2798 2931/2931
f 2796/2796 2931/2931 2929/2929
f 2933/2933 2932/2932 2930/2930
f 2933/2933 2930/2930 2931/2931
f 2798/2798 2800/2800 2933/2933
f 2798/2798 2933/2933 2931/2931
f 2806/2806 2934/2934 2932/2932
f 2806/2806 2932/2932 2933/2933
f 2800/2800 2802/2802 2806/2806
f 2800/2800 2806/2806 2933/2933
f 2936/2936 2935/2935 2932/2932
f 2936/2936 2932/2932 2934/2934
f 2809/2809 2937/2937 2936/2936
f 2809/2809 2936/2936 2934/2934
f 2806/2806 2807/2807 2809/2809
f 2806/2806 2809/2809 2934/2934
f 2939/2939 2938/2938 2936/2936
f 2939/2939 2936/2936 2937/2937
f 2813/2813 2815/2815 2939/2939
f 2813/2813 2939/2939 2937/2937
f 2809/2809 2810/2810 2813/2813
f 2809/2809 2813/2813 2937/2937
f 2941/2941 2940/2940 2938/2938
f 2941/2941 2938/2938 2939/2939
f 2815/2815 2817/2817 2941/2941
f 2815/2815 2941/2941 2939/2939
f 2943/2943 2942/2942 2940/2940
f 2943/2943 2940/2940 2941/2941
f 2817/2817 2819/2819 2943/2943
f 2817/2817 2943/2943 2941/2941
f 2945/2945 2944/2944 2942/2942
f 2945/2945 2942/2942 2943/2943
f 2819/2819 2821/2821 2945/2945
f 2819/2819 2945/2945 2943/2943
f 2947/2947 2946/2946 2944/2944
f 2947/2947 2944/2944 2945/2945
f 2821/2821 2823/2823 2947/2947
f 2821/2821 2947/2947 2945/2945
f 2949/2949 2948/2948 2946/2946
f 2949/2949 2946/2946 2947/2947
f 2823/2823 2825/2825 2949/2949
f 2823/2823 2949/2949 2947/2947
f 2951/2951 2950/2950 2948/2948
f 2951/2951 2948/2948 2949/2949
f 2825/2825 2827/2827 2951/2951
f 2825/2825 2951/2951 2949/2949
f 2953/2953 2952/2952 2950/2950
f 2953/2953 2950/2950 2951/2951
f 2827/2827 2829/2829 2953/2953
f 2827/2827 2953/2953 2951/2951
f 2955/2955 2954/2954 2952/2952
f 2955/2955 2952/2952 2953/2953
f 2829/2829 2831/2831 2955/2955
f 2829/2829 2955/2955 2953/2953
f 2957/2957 2956/2956 2954/2954
f 2957/2957 2954/2954 2955/2955
f 2831/2831 2833/2833 2957/2957
f 2831/2831 2957/2957 2955/2955
f 2959/2959 2958/2958 2956/2956
f 2959/2959 2956/2956 2957/2957
f 2833/2833 2835/2835 2959/2959
f 2833/2833 2959/2959 2957/2957
f 2961/2961 2960/2960 2958/2958
f 2961/2961 2958/2958 2959/2959
f 2835/2835 2837/2837 2961/2961
f 2835/2835 2961/2961 2959/2959
f 2963/2963 2962/2962 2960/2960
f 2963/2963 2960/2960 2961/2961
f 2837/2837 2839/2839 2963/2963
f 2837/2837 2963/2963 2961/2961
f 2965/2965 2964/2964 2962/2962
f 2965/2965 2962/2962 2963/2963
f 2839/2839 2841/2841 2965/2965
f 2839/2839 2965/2965 2963/2963
f 2972/2972 2971/2971 2968/2968
f 2972/2972 2968/2968 2969/2969
f 2970/2970 2973/2973 2972/2972
f 2970/2970 2972/2972 2969/2969
f 2970/2970 2974/2974 2973/2973
f 2976/2976 2975/2975 2972/2972
f 2976/2976 2972/2972 2973/2973
f 2974/2974 2977/2977 2976/2976
f 2974/2974 2976/2976 2973/2973
f 2974/2974 2843/2843 2978/2978
f 2974/2974 2978/2978 2977/2977
f 2980/2980 2979/2979 2976/2976
f 2980/2980 2976/2976 2977/2977
f 2978/2978 2981/2981 2980/2980
f 2978/2978 2980/2980 2977/2977
f 2978/2978 2844/2844 2982/2982
f 2978/2978 2982/2982 2981/2981
f 2984/2984 2983/2983 2980/2980
f 2984/2984 2980/2980 2981/2981
f 2982/2982 2985/2985 2984/2984
f 2982/2982 2984/2984 2981/2981
f 2982/2982 2846/2846 2986/2986
f 2982/2982 2986/2986 2985/2985
f 2988/2988 2987/2987 2984/2984
f 2988/2988 2984/2984 2985/2985
f 2986/2986 2989/2989 2988/2988
f 2986/2986 2988/2988 2985/2985
f 2986/2986 2849/2849 2851/2851
f 2986/2986 2851/2851 2989/2989
f 2991/2991 2990/2990 2988/2988
f 2991/2991 2988/2988 2989/2989
f 2851/2851 2853/2853 2991/2991
f 2851/2851 2991/2991 2989/2989
f 2993/2993 2992/2992 2990/2990
f 2993/2993 2990/2990 2991/2991
f 2853/2853 2855/2855 2993/2993
f 2853/2853 2993/2993 2991/2991
f 2995/2995 2994/2994 2992/2992
f 2995/2995 2992/2992 2993/2993
f 2855/2855 2857/2857 2995/2995
f 2855/2855 2995/2995 2993/2993
f 2862/2862 2996/2996 2994/2994
f 2862/2862 2994/2994 2995/2995
f 2857/2857 2859/2859 2862/2862
f 2857/2857 2862/2862 2995/2995
f 2998/2998 2997/2997 2994/2994
f 2998/2998 2994/2994 2996/2996
f 2865/2865 2867/2867 2998/2998
f 2865/2865 2998/2998 2996/2996
f 2862/2862 2863/2863 2865/2865
f 2862/2862 2865/2865 2996/2996
f 3000/3000 2999/2999 2997/2997
f 3000/3000 2997/2997 2998/2998
f 2867/2867 2869/2869 3000/3000
f 2867/2867 3000/3000 2998/2998
f 3002/3002 3001/3001 2999/2999
f 3002/3002 2999/2999 3000/3000
f 2869/2869 2871/2871 3002/3002
f 2869/2869 3002/3002 3000/3000
f 3004/3004 3003/3003 3001/3001
f 3004/3004 3001/3001 3002/3002
f 2871/2871 2873/2873 3004/3004
f 2871/2871 3004/3004 3002/3002
f 3008/3008 3006/3006 3003/3003
f 3008/3008 3003/3003 3004/3004
f 2873/2873 2876/2876 3008/3008
f 2873/2873 3008/3008 3004/3004
f 3010/3010 3009/3009 3005/3005
f 3010/3010 3005/3005 3007/3007
f 2875/2875 2879/2879 3010/3010
f 2875/2875 3010/3010 3007/3007
f 3012/3012 3011/3011 3009/3009
f 3012/3012 3009/3009 3010/3010
f 2879/2879 2881/2881 3012/3012
f 2879/2879 3012/3012 3010/3010
f 3014/3014 3013/3013 3011/3011
f 3014/3014 3011/3011 3012/3012
f 2881/2881 2883/2883 3014/3014
f 2881/2881 3014/3014 3012/3012
f 3016/3016 3015/3015 3013/3013
f 3016/3016 3013/3013 3014/3014
f 2883/2883 2885/2885 3016/3016
f 2883/2883 3016/3016 3014/3014
f 3018/3018 3017/3017 3015/3015
f 3018/3018 3015/3015 3016/3016
f 2885/2885 2887/2887 3018/3018
f 2885/2885 3018/3018 3016/3016
f 3020/3020 3019/3019 3017/3017
f 3020/3020 3017/3017 3018/3018
f 2887/2887 2889/2889 3020/3020
f 2887/2887 3020/3020 3018/3018
f 3022/3022 3021/3021 3019/3019
f 3022/3022 3019/3019 3020/3020
f 2889/2889 2891/2891 3022/3022
f 2889/2889 3022/3022 3020/3020
f 2896/2896 3023/3023 3021/3021
f 2896/2896 3021/3021 3022/3022
f 2891/2891 2893/2893 2896/2896
f 2891/2891 2896/2896 3022/3022
f 3025/3025 3024/3024 3021/3021
f 3025/3025 3021/3021 3023/3023
f 2899/2899 3026/3026 3025/3025
f 2899/2899 3025/3025 3023/3023
f 2896/2896 2897/2897 2899/2899
f 2896/2896 2899/2899 3023/3023
f 3028/3028 3027/3027 3025/3025
f 3028/3028 3025/3025 3026/3026
f 2902/2902 3029/3029 3028/3028
f 2902/2902 3028/3028 3026/3026
f 2899/2899 2900/2900 2902/2902
f 2899/2899 2902/2902 3026/3026
f 3031/3031 3030/3030 3028/3028
f 3031/3031 3028/3028 3029/3029
f 2905/2905 3032/3032 3031/3031
f 2905/2905 3031/3031 3029/3029
f 2902/2902 2903/2903 2905/2905
f 2902/2902 2905/2905 3029/3029
f 3034/3034 3033/3033 3031/3031
f 3034/3034 3031/3031 3032/3032
f 2908/2908 3035/3035 3034/3034
f 2908/2908 3034/3034 3032/3032
f 2905/2905 2906/2906 2908/2908
f 2905/2905 2908/2908 3032/3032
f 3037/3037 3036/3036 3034/3034
f 3037/3037 3034/3034 3035/3035
f 3039/3039 3038/3038 3037/3037
f 3039/3039 3037/3037 3035/3035
f 2908/2908 2909/2909 3039/3039
f 2908/2908 3039/3039 3035/3035
f 3041/3041 3040/3040 3038/3038
f 3041/3041 3038/3038 3039/3039
f 2909/2909 2910/2910 3041/3041
f 2909/2909 3041/3041 3039/3039
f 3043/3043 3042/3042 3040/3040
f 3043/3043 3040/3040 3041/3041
f 2910/2910 2912/2912 3043/3043
f 2910/2910 3043/3043 3041/3041
f 3045/3045 3044/3044 3042/3042
f 3045/3045 3042/3042 3043/3043
f 2912/2912 2914/2914 3045/3045
f 2912/2912 3045/3045 3043/3043
f 3047/3047 3046/3046 3044/3044
f 3047/3047 3044/3044 3045/3045
f 2914/2914 2916/2916 3047/3047
f 2914/2914 3047/3047 3045/3045
f 3049/3049 3048/3048 3046/3046
f 3049/3049 3046/3046 3047/3047
f 2916/2916 2918/2918 3049/3049
f 2916/2916 3049/3049 3047/3047
f 3051/3051 3050/3050 3048/3048
f 3051/3051 3048/3048 3049/3049
f 2918/2918 2920/2920 3051/3051
f 2918/2918 3051/3051 3049/3049
f 3053/3053 3052/3052 3050/3050
f 3053/3053 3050/3050 3051/3051
f 2920/2920 2922/2922 3053/3053
f 2920/2920 3053/3053 3051/3051
f 3055/3055 3054/3054 3052/3052
f 3055/3055 3052/3052 3053/3053
f 2922/2922 2924/2924 3055/3055
f 2922/2922 3055/3055 3053/3053
f 3057/3057 3056/3056 3054/3054
f 3057/3057 3054/3054 3055/3055
f 2924/2924 2926/2926 3057/3057
f 2924/2924 3057/3057 3055/3055
f 3059/3059 3058/3058 3056/3056
f 3059/3059 3056/3056 3057/3057
f 2926/2926 2928/2928 3059/3059
f 2926/2926 3059/3059 3057/3057
f 3061/3061 3060/3060 3058/3058
f 3061/3061 3058/3058 3059/3059
f 2928/2928 2930/2930 3061/3061
f 2928/2928 3061/3061 3059/3059
f 2935/2935 3062/3062 3060/3060
f 2935/2935 3060/3060 3061/3061
f 2930/2930 2932/2932 2935/2935
f 2930/2930 2935/2935 3061/3061
f 3064/3064 3063/3063 3060/3060
f 3064/3064 3060/3060 3062/3062
f 2938/2938 2940/2940 3064/3064
f 2938/2938 3064/3064 3062/3062
f 2935/2935 2936/2936 2938/2938
f 2935/2935 2938/2938 3062/3062
f 3066/3066 3065/3065 3063/3063
f 3066/3066 3063/3063 3064/3064
f 2940/2940 2942/2942 3066/3066
f 2940/2940 3066/3066 3064/3064
f 3068/3068 3067/3067 3065/3065
f 3068/3068 3065/3065 3066/3066
f 2942/2942 2944/2944 3068/3068
f 2942/2942 3068/3068 3066/3066
f 3070/3070 3069/3069 3067/3067
f 3070/3070 3067/3067 3068/3068
f 2944/2944 2946/2946 3070/3070
f 2944/2944 3070/3070 3068/3068
f 3072/3072 3071/3071 3069/3069
f 3072/3072 3069/3069 3070/3070
f 2946/2946 2948/2948 3072/3072
f 2946/2946 3072/3072 3070/3070
f 3074/3074 3073/3073 3071/3071
f 3074/3074 3071/3071 3072/3072
f 2948/2948 2950/2950 3074/3074
f 2948/2948 3074/3074 3072/3072
f 3076/3076 3075/3075 3073/3073
f 3076/3076 3073/3073 3074/3074
f 2950/2950 2952/2952 3076/3076
f 2950/2950 3076/3076 3074/3074
f 3078/3078 3077/3077 3075/3075
f 3078/3078 3075/3075 3076/3076
f 2952/2952 2954/2954 3078/3078
f 2952/2952 3078/3078 3076/3076
f 3080/3080 3079/3079 3077/3077
f 3080/3080 3077/3077 3078/3078
f 2954/2954 2956/2956 3080/3080
f 2954/2954 3080/3080 3078/3078
f 3082/3082 3081/3081 3079/3079
f 3082/3082 3079/3079 3080/3080
f 2956/2956 2958/2958 3082/3082
f 2956/2956 3082/3082 3080/3080
f 3084/3084 3083/3083 3081/3081
f 3084/3084 3081/3081 3082/3082
f 2958/2958 2960/2960 3084/3084
f 2958/2958 3084/3084 3082/3082
f 3086/3086 3085/3085 3083/3083
f 3086/3086 3083/3083 3084/3084
f 2960/2960 2962/2962 3086/3086
f 2960/2960 3086/3086 3084/3084
f 3087/3087 3085/3085 3086/3086
f 2962/2962 2964/2964 3087/3087
f 2962/2962 3087/3087 3086/3086
f 3094/3094 3093/3093 3091/3091
f 3094/3094 3091/3091 3092/3092
f 2966/2966 3095/3095 3094/3094
f 2966/2966 3094/3094 3092/3092
f 2966/2966 2967/2967 3095/3095
f 3097/3097 3096/3096 3094/3094
f 3097/3097 3094/3094 3095/3095
f 2967/2967 3098/3098 3097/3097
f 2967/2967 3097/3097 3095/3095
f 2967/2967 2968/2968 2971/2971
f 2967/2967 2971/2971 3098/3098
f 3100/3100 3099/3099 3097/3097
f 3100/3100 3097/3097 3098/3098
f 2971/2971 3101/3101 3100/3100
f 2971/2971 3100/3100 3098/3098
f 2971/2971 2972/2972 2975/2975
f 2971/2971 2975/2975 3101/3101
f 3103/3103 3102/3102 3100/3100
f 3103/3103 3100/3100 3101/3101
f 2975/2975 3104/3104 3103/3103
f 2975/2975 3103/3103 3101/3101
f 2975/2975 2976/2976 2979/2979
f 2975/2975 2979/2979 3104/3104
f 3106/3106 3105/3105 3103/3103
f 3106/3106 3103/3103 3104/3104
f 2979/2979 3107/3107 3106/3106
f 2979/2979 3106/3106 3104/3104
f 2979/2979 2980/2980 2983/2983
f 2979/2979 2983/2983 3107/3107
f 3109/3109 3108/3108 3106/3106
f 3109/3109 3106/3106 3107/3107
f 2983/2983 3110/3110 3109/3109
f 2983/2983 3109/3109 3107/3107
f 2983/2983 2984/2984 2987/2987
f 2983/2983 2987/2987 3110/3110
f 3112/3112 3111/3111 3109/3109
f 3112/3112 3109/3109 3110/3110
f 2987/2987 3113/3113 3112/3112
f 2987/2987 3112/3112 3110/3110
f 2987/2987 2988/2988 2990/2990
f 2987/2987 2990/2990 3113/3113
f 3115/3115 3114/3114 3112/3112
f 3115/3115 3112/3112 3113/3113
f 2990/2990 2992/2992 3115/3115
f 2990/2990 3115/3115 3113/3113
f 2997/2997 2999/2999 3114/3114
f 2997/2997 3114/3114 3115/3115
f 2992/2992 2994/2994 2997/2997
f 2992/2992 2997/2997 3115/3115
f 3116/3116 3111/3111 3112/3112
f 3116/3116 3112/3112 3114/3114
f 2999/2999 3001/3001 3116/3116
f 2999/2999 3116/3116 3114/3114
f 3118/3118 3117/3117 3111/3111
f 3118/3118 3111/3111 3116/3116
f 3001/3001 3003/3003 3118/3118
f 3001/3001 3118/3118 3116/3116
f 3120/3120 3119/3119 3117/3117
f 3120/3120 3117/3117 3118/3118
f 3003/3003 3006/3006 3120/3120
f 3003/3003 3120/3120 3118/3118
f 3123/3123 3122/3122 3119/3119
f 3123/3123 3119/3119 3120/3120
f 3005/3005 3009/3009 3124/3124
f 3005/3005 3124/3124 3121/3121
f 3126/3126 3125/3125 3122/3122
f 3126/3126 3122/3122 3123/3123
f 3009/3009 3011/3011 3127/3127
f 3009/3009 3127/3127 3124/3124
f 3130/3130 3128/3128 3125/3125
f 3130/3130 3125/3125 3126/3126
f 3011/3011 3013/3013 3129/3129
f 3011/3011 3129/3129 3127/3127
f 3133/3133 3131/3131 3128/3128
f 3133/3133 3128/3128 3130/3130
f 3013/3013 3015/3015 3132/3132
f 3013/3013 3132/3132 3129/3129
f 3137/3137 3134/3134 3131/3131
f 3137/3137 3131/3131 3133/3133
f 3015/3015 3017/3017 3136/3136
f 3015/3015 3136/3136 3132/3132
f 3139/3139 3138/3138 3135/3135
f 3139/3139 3135/3135 3136/3136
f 3017/3017 3019/3019 3139/3139
f 3017/3017 3139/3139 3136/3136
f 3024/3024 3140/3140 3138/3138
f 3024/3024 3138/3138 3139/3139
f 3019/3019 3021/3021 3024/3024
f 3019/3019 3024/3024 3139/3139
f 3142/3142 3141/3141 3138/3138
f 3142/3142 3138/3138 3140/3140
f 3027/3027 3143/3143 3142/3142
f 3027/3027 3142/3142 3140/3140
f 3024/3024 3025/3025 3027/3027
f 3024/3024 3027/3027 3140/3140
f 3145/3145 3144/3144 3142/3142
f 3145/3145 3142/3142 3143/3143
f 3030/3030 3146/3146 3145/3145
f 3030/3030 3145/3145 3143/3143
f 3027/3027 3028/3028 3030/3030
f 3027/3027 3030/3030 3143/3143
f 3148/3148 3147/3147 3145/3145
f 3148/3148 3145/3145 3146/3146
f 3033/3033 3149/3149 3148/3148
f 3033/3033 3148/3148 3146/3146
f 3030/3030 3031/3031 3033/3033
f 3030/3030 3033/3033 3146/3146
f 3151/3151 3150/3150 3148/3148
f 3151/3151 3148/3148 3149/3149
f 3036/3036 3152/3152 3151/3151
f 3036/3036 3151/3151 3149/3149
f 3033/3033 3034/3034 3036/3036
f 3033/3033 3036/3036 3149/3149
f 3154/3154 3153/3153 3151/3151
f 3154/3154 3151/3151 3152/3152
f 3156/3156 3155/3155 3154/3154
f 3156/3156 3154/3154 3152/3152
f 3036/3036 3037/3037 3156/3156
f 3036/3036 3156/3156 3152/3152
f 3158/3158 3157/3157 3155/3155
f 3158/3158 3155/3155 3156/3156
f 3037/3037 3038/3038 3158/3158
f 3037/3037 3158/3158 3156/3156
f 3160/3160 3159/3159 3157/3157
f 3160/3160 3157/3157 3158/3158
f 3038/3038 3040/3040 3160/3160
f 3038/3038 3160/3160 3158/3158
f 3162/3162 3161/3161 3159/3159
f 3162/3162 3159/3159 3160/3160
f 3040/3040 3042/3042 3162/3162
f 3040/3040 3162/3162 3160/3160
f 3164/3164 3163/3163 3161/3161
f 3164/3164 3161/3161 3162/3162
f 3042/3042 3044/3044 3164/3164
f 3042/3042 3164/3164 3162/3162
f 3166/3166 3165/3165 3163/3163
f 3166/3166 3163/3163 3164/3164
f 3044/3044 3046/3046 3166/3166
f 3044/3044 3166/3166 3164/3164
f 3168/3168 3167/3167 3165/3165
f 3168/3168 3165/3165 3166/3166
f 3046/3046 3048/3048 3168/3168
f 3046/3046 3168/3168 3166/3166
f 3170/3170 3169/3169 3167/3167
f 3170/3170 3167/3167 3168/3168
f 3048/3048 3050/3050 3170/3170
f 3048/3048 3170/3170 3168/3168
f 3172/3172 3171/3171 3169/3169
f 3172/3172 3169/3169 3170/3170
f 3050/3050 3052/3052 3172/3172
f 3050/3050 3172/3172 3170/3170
f 3174/3174 3173/3173 3171/3171
f 3174/3174 3171/3171 3172/3172
f 3052/3052 3054/3054 3174/3174
f 3052/3052 3174/3174 3172/3172
f 3176/3176 3175/3175 3173/3173
f 3176/3176 3173/3173 3174/3174
f 3054/3054 3056/3056 3176/3176
f 3054/3054 3176/3176 3174/3174
f 3178/3178 3177/3177 3175/3175
f 3178/3178 3175/3175 3176/3176
f 3056/3056 3058/3058 3178/3178
f 3056/3056 3178/3178 3176/3176
f 3063/3063 3065/3065 3177/3177
f 3063/3063 3177/3177 3178/3178
f 3058/3058 3060/3060 3063/3063
f 3058/3058 3063/3063 3178/3178
f 3180/3180 3179/3179 3175/3175
f 3180/3180 3175/3175 3177/3177
f 3065/3065 3067/3067 3180/3180
f 3065/3065 3180/3180 3177/3177
f 3182/3182 3181/3181 3179/3179
f 3182/3182 3179/3179 3180/3180
f 3067/3067 3069/3069 3182/3182
f 3067/3067 3182/3182 3180/3180
f 3184/3184 3183/3183 3181/3181
f 3184/3184 3181/3181 3182/3182
f 3069/3069 3071/3071 3184/3184
f 3069/3069 3184/3184 3182/3182
f 3186/3186 3185/3185 3183/3183
f 3186/3186 3183/3183 3184/3184
f 3071/3071 3073/3073 3186/3186
f 3071/3071 3186/3186 3184/3184
f 3188/3188 3187/3187 3185/3185
f 3188/3188 3185/3185 3186/3186
f 3073/3073 3075/3075 3188/3188
f 3073/3073 3188/3188 3186/3186
f 3190/3190 3189/3189 3187/3187
f 3190/3190 3187/3187 3188/3188
f 3075/3075 3077/3077 3190/3190
f 3075/3075 3190/3190 3188/3188
f 3192/3192 3191/3191 3189/3189
f 3192/3192 3189/3189 3190/3190
f 3077/3077 3079/3079 3192/3192
f 3077/3077 3192/3192 3190/3190
f 3194/3194 3193/3193 3191/3191
f 3194/3194 3191/3191 3192/3192
f 3079/3079 3081/3081 3194/3194
f 3079/3079 3194/3194 3192/3192
f 3196/3196 3195/3195 3193/3193
f 3196/3196 3193/3193 3194/3194
f 3081/3081 3083/3083 3196/3196
f 3081/3081 3196/3196 3194/3194
f 3198/3198 3197/3197 3195/3195
f 3198/3198 3195/3195 3196/3196
f 3083/3083 3085/3085 3198/3198
f 3083/3083 3198/3198 3196/3196
f 3203/3203 3202/3202 3201/3201
f 3206/3206 3205/3205 3203/3203
f 3206/3206 3203/3203 3204/3204
f 3088/3088 3207/3207 3206/3206
f 3088/3088 3206/3206 3204/3204
f 3088/3088 3090/3090 3207/3207
f 3209/3209 3208/3208 3206/3206
f 3209/3209 3206/3206 3207/3207
f 3090/3090 3211/3211 3209/3209
f 3090/3090 3209/3209 3207/3207
f 3089/3089 3091/3091 3093/3093
f 3089/3089 3093/3093 3210/3210
f 3214/3214 3212/3212 3209/3209
f 3214/3214 3209/3209 3211/3211
f 3093/3093 3215/3215 3213/3213
f 3093/3093 3213/3213 3210/3210
f 3093/3093 3094/3094 3096/3096
f 3093/3093 3096/3096 3215/3215
f 3218/3218 3217/3217 3213/3213
f 3218/3218 3213/3213 3215/3215
f 3096/3096 3219/3219 3218/3218
f 3096/3096 3218/3218 3215/3215
f 3096/3096 3097/3097 3099/3099
f 3096/3096 3099/3099 3219/3219
f 3221/3221 3220/3220 3218/3218
f 3221/3221 3218/3218 3219/3219
f 3099/3099 3222/3222 3221/3221
f 3099/3099 3221/3221 3219/3219
f 3099/3099 3100/3100 3102/3102
f 3099/3099 3102/3102 3222/3222
f 3224/3224 3223/3223 3221/3221
f 3224/3224 3221/3221 3222/3222
f 3102/3102 3225/3225 3224/3224
f 3102/3102 3224/3224 3222/3222
f 3102/3102 3103/3103 3105/3105
f 3102/3102 3105/3105 3225/3225
f 3227/3227 3226/3226 3224/3224
f 3227/3227 3224/3224 3225/3225
f 3105/3105 3228/3228 3227/3227
f 3105/3105 3227/3227 3225/3225
f 3105/3105 3106/3106 3108/3108
f 3105/3105 3108/3108 3228/3228
f 3119/3119 3122/3122 3227/3227
f 3119/3119 3227/3227 3228/3228
f 3108/3108 3117/3117 3119/3119
f 3108/3108 3119/3119 3228/3228
f 3122/3122 3125/3125 3226/3226
f 3122/3122 3226/3226 3227/3227
f 3229/3229 3223/3223 3224/3224
f 3229/3229 3224/3224 3226/3226
f 3125/3125 3128/3128 3229/3229
f 3125/3125 3229/3229 3226/3226
f 3231/3231 3230/3230 3223/3223
f 3231/3231 3223/3223 3229/3229
f 3128/3128 3131/3131 3231/3231
f 3128/3128 3231/3231 3229/3229
f 3234/3234 3233/3233 3230/3230
f 3234/3234 3230/3230 3231/3231
f 3131/3131 3134/3134 3234/3234
f 3131/3131 3234/3234 3231/3231
f 3141/3141 3236/3236 3232/3232
f 3141/3141 3232/3232 3235/3235
f 3135/3135 3138/3138 3141/3141
f 3135/3135 3141/3141 3235/3235
f 3239/3239 3237/3237 3232/3232
f 3239/3239 3232/3232 3236/3236
f 3144/3144 3240/3240 3239/3239
f 3144/3144 3239/3239 3236/3236
f 3141/3141 3142/3142 3144/3144
f 3141/3141 3144/3144 3236/3236
f 3242/3242 3241/3241 3239/3239
f 3242/3242 3239/3239 3240/3240
f 3147/3147 3243/3243 3242/3242
f 3147/3147 3242/3242 3240/3240
f 3144/3144 3145/3145 3147/3147
f 3144/3144 3147/3147 3240/3240
f 3245/3245 3244/3244 3242/3242
f 3245/3245 3242/3242 3243/3243
f 3150/3150 3246/3246 3245/3245
f 3150/3150 3245/3245 3243/3243
f 3147/3147 3148/3148 3150/3150
f 3147/3147 3150/3150 3243/3243
f 3248/3248 3247/3247 3245/3245
f 3248/3248 3245/3245 3246/3246
f 3153/3153 3249/3249 3248/3248
f 3153/3153 3248/3248 3246/3246
f 3150/3150 3151/3151 3153/3153
f 3150/3150 3153/3153 3246/3246
f 3251/3251 3250/3250 3248/3248
f 3251/3251 3248/3248 3249/3249
f 3253/3253 3252/3252 3251/3251
f 3253/3253 3251/3251 3249/3249
f 3153/3153 3154/3154 3253/3253
f 3153/3153 3253/3253 3249/3249
f 3255/3255 3254/3254 3252/3252
f 3255/3255 3252/3252 3253/3253
f 3154/3154 3155/3155 3255/3255
f 3154/3154 3255/3255 3253/3253
f 3257/3257 3256/3256 3254/3254
f 3257/3257 3254/3254 3255/3255
f 3155/3155 3157/3157 3257/3257
f 3155/3155 3257/3257 3255/3255
f 3259/3259 3258/3258 3256/3256
f 3259/3259 3256/3256 3257/3257
f 3157/3157 3159/3159 3259/3259
f 3157/3157 3259/3259 3257/3257
f 3261/3261 3260/3260 3258/3258
f 3261/3261 3258/3258 3259/3259
f 3159/3159 3161/3161 3261/3261
f 3159/3159 3261/3261 3259/3259
f 3263/3263 3262/3262 3260/3260
f 3263/3263 3260/3260 3261/3261
f 3161/3161 3163/3163 3263/3263
f 3161/3161 3263/3263 3261/3261
f 3265/3265 3264/3264 3262/3262
f 3265/3265 3262/3262 3263/3263
f 3163/3163 3165/3165 3265/3265
f 3163/3163 3265/3265 3263/3263
f 3267/3267 3266/3266 3264/3264
f 3267/3267 3264/3264 3265/3265
f 3165/3165 3167/3167 3267/3267
f 3165/3165 3267/3267 3265/3265
f 3269/3269 3268/3268 3266/3266
f 3269/3269 3266/3266 3267/3267
f 3167/3167 3169/3169 3269/3269
f 3167/3167 3269/3269 3267/3267
f 3271/3271 3270/3270 3268/3268
f 3271/3271 3268/3268 3269/3269
f 3169/3169 3171/3171 3271/3271
f 3169/3169 3271/3271 3269/3269
f 3273/3273 3272/3272 3270/3270
f 3273/3273 3270/3270 3271/3271
f 3171/3171 3173/3173 3273/3273
f 3171/3171 3273/3273 3271/3271
f 3179/3179 3181/3181 3272/3272
f 3179/3179 3272/3272 3273/3273
f 3173/3173 3175/3175 3179/3179
f 3173/3173 3179/3179 3273/3273
f 3275/3275 3274/3274 3270/3270
f 3275/3275 3270/3270 3272/3272
f 3181/3181 3183/3183 3275/3275
f 3181/3181 3275/3275 3272/3272
f 3277/3277 3276/3276 3274/3274
f 3277/3277 3274/3274 3275/3275
f 3183/3183 3185/3185 3277/3277
f 3183/3183 3277/3277 3275/3275
f 3279/3279 3278/3278 3276/3276
f 3279/3279 3276/3276 3277/3277
f 3185/3185 3187/3187 3279/3279
f 3185/3185 3279/3279 3277/3277
f 3281/3281 3280/3280 3278/3278
f 3281/3281 3278/3278 3279/3279
f 3187/3187 3189/3189 3281/3281
f 3187/3187 3281/3281 3279/3279
f 3283/3283 3282/3282 3280/3280
f 3283/3283 3280/3280 3281/3281
f 3189/3189 3191/3191 3283/3283
f 3189/3189 3283/3283 3281/3281
f 3285/3285 3284/3284 3282/3282
f 3285/3285 3282/3282 3283/3283
f 3191/3191 3193/3193 3285/3285
f 3191/3191 3285/3285 3283/3283
f 3287/3287 3286/3286 3284/3284
f 3287/3287 3284/3284 3285/3285
f 3193/3193 3195/3195 3287/3287
f 3193/3193 3287/3287 3285/3285
f 3289/3289 3288/3288 3286/3286
f 3289/3289 3286/3286 3287/3287
f 3195/3195 3197/3197 3289/3289
f 3195/3195 3289/3289 3287/3287
f 3294/3294 3293/3293 3292/3292
f 3297/3297 3296/3296 3294/3294
f 3297/3297 3294/3294 3295/3295
f 3300/3300 3299/3299 3297/3297
f 3300/3300 3297/3297 3298/3298
f 3303/3303 3302/3302 3300/3300
f 3303/3303 3300/3300 3301/3301
f 3306/3306 3305/3305 3303/3303
f 3306/3306 3303/3303 3304/3304
f 3199/3199 3307/3307 3306/3306
f 3199/3199 3306/3306 3304/3304
f 3199/3199 3200/3200 3307/3307
f 3309/3309 3308/3308 3306/3306
f 3309/3309 3306/3306 3307/3307
f 3200/3200 3310/3310 3309/3309
f 3200/3200 3309/3309 3307/3307
f 3200/3200 3201/3201 3202/3202
f 3200/3200 3202/3202 3310/3310
f 3251/3251 3252/3252 3309/3309
f 3251/3251 3309/3309 3310/3310
f 3202/3202 3250/3250 3251/3251
f 3202/3202 3251/3251 3310/3310
f 3252/3252 3254/3254 3308/3308
f 3252/3252 3308/3308 3309/3309
f 3311/3311 3305/3305 3306/3306
f 3311/3311 3306/3306 3308/3308
f 3254/3254 3256/3256 3311/3311
f 3254/3254 3311/3311 3308/3308
f 3313/3313 3312/3312 3305/3305
f 3313/3313 3305/3305 3311/3311
f 3256/3256 3258/3258 3313/3313
f 3256/3256 3313/3313 3311/3311
f 3315/3315 3314/3314 3312/3312
f 3315/3315 3312/3312 3313/3313
f 3258/3258 3260/3260 3315/3315
f 3258/3258 3315/3315 3313/3313
f 3317/3317 3316/3316 3314/3314
f 3317/3317 3314/3314 3315/3315
f 3260/3260 3262/3262 3317/3317
f 3260/3260 3317/3317 3315/3315
f 3319/3319 3318/3318 3316/3316
f 3319/3319 3316/3316 3317/3317
f 3262/3262 3264/3264 3319/3319
f 3262/3262 3319/3319 3317/3317
f 3321/3321 3320/3320 3318/3318
f 3321/3321 3318/3318 3319/3319
f 3264/3264 3266/3266 3321/3321
f 3264/3264 3321/3321 3319/3319
f 3323/3323 3322/3322 3320/3320
f 3323/3323 3320/3320 3321/3321
f 3266/3266 3268/3268 3323/3323
f 3266/3266 3323/3323 3321/3321
f 3274/3274 3276/3276 3322/3322
f 3274/3274 3322/3322 3323/3323
f 3268/3268 3270/3270 3274/3274
f 3268/3268 3274/3274 3323/3323
f 3325/3325 3324/3324 3320/3320
f 3325/3325 3320/3320 3322/3322
f 3276/3276 3278/3278 3325/3325
f 3276/3276 3325/3325 3322/3322
f 3327/3327 3326/3326 3324/3324
f 3327/3327 3324/3324 3325/3325
f 3278/3278 3280/3280 3327/3327
f 3278/3278 3327/3327 3325/3325
f 3329/3329 3328/3328 3326/3326
f 3329/3329 3326/3326 3327/3327
f 3280/3280 3282/3282 3329/3329
f 3280/3280 3329/3329 3327/3327
f 3331/3331 3330/3330 3328/3328
f 3331/3331 3328/3328 3329/3329
f 3282/3282 3284/3284 3331/3331
f 3282/3282 3331/3331 3329/3329
f 3332/3332 3291/3291 3330/3330
f 3332/3332 3330/3330 3331/3331
f 3284/3284 3286/3286 3332/3332
f 3284/3284 3332/3332 3331/3331
f 3290/3290 3291/3291 3332/3332
f 3286/3286 3288/3288 3290/3290
f 3286/3286 3290/3290 3332/3332
f 3291/3291 3292/3292 3293/3293
f 3291/3291 3293/3293 3330/3330
f 3293/3293 3333/3333 3328/3328
f 3293/3293 3328/3328 3330/3330
f 3293/3293 3294/3294 3296/3296
f 3293/3293 3296/3296 3333/3333
f 3334/3334 3326/3326 3328/3328
f 3334/3334 3328/3328 3333/3333
f 3296/3296 3335/3335 3334/3334
f 3296/3296 3334/3334 3333/3333
f 3296/3296 3297/3297 3299/3299
f 3296/3296 3299/3299 3335/3335
f 3337/3337 3336/3336 3334/3334
f 3337/3337 3334/3334 3335/3335
f 3299/3299 3338/3338 3337/3337
f 3299/3299 3337/3337 3335/3335
f 3299/3299 3300/3300 3302/3302
f 3299/3299 3302/3302 3338/3338
f 3314/3314 3316/3316 3337/3337
f 3314/3314 3337/3337 3338/3338
f 3302/3302 3312/3312 3314/3314
f 3302/3302 3314/3314 3338/3338
f 3316/3316 3318/3318 3336/3336
f 3316/3316 3336/3336 3337/3337
f 3324/3324 3326/3326 3334/3334
f 3324/3324 3334/3334 3336/3336
f 3318/3318 3320/3320 3324/3324
f 3318/3318 3324/3324 3336/3336
f 3302/3302 3303/3303 3305/3305
f 3302/3302 3305/3305 3312/3312
f 3202/3202 3203/3203 3205/3205
f 3202/3202 3205/3205 3250/3250
f 3205/3205 3247/3247 3248/3248
f 3205/3205 3248/3248 3250/3250
f 3205/3205 3206/3206 3208/3208
f 3205/3205 3208/3208 3247/3247
f 3208/3208 3244/3244 3245/3245
f 3208/3208 3245/3245 3247/3247
f 3208/3208 3209/3209 3212/3212
f 3208/3208 3212/3212 3244/3244
f 3212/3212 3241/3241 3242/3242
f 3212/3212 3242/3242 3244/3244
f 3212/3212 3214/3214 3216/3216
f 3212/3212 3216/3216 3241/3241
f 3216/3216 3237/3237 3239/3239
f 3216/3216 3239/3239 3241/3241
f 3217/3217 3218/3218 3220/3220
f 3217/3217 3220/3220 3238/3238
f 3220/3220 3230/3230 3233/3233
f 3220/3220 3233/3233 3238/3238
f 3220/3220 3221/3221 3223/3223
f 3220/3220 3223/3223 3230/3230
f 3108/3108 3109/3109 3111/3111
f 3108/3108 3111/3111 3117/3117
f 2846/2846 2847/2847 2849/2849
f 2846/2846 2849/2849 2986/2986
f 2844/2844 2845/2845 2846/2846
f 2844/2844 2846/2846 2982/2982
f 2843/2843 2844/2844 2978/2978
f 6/6 1/1 7/7
f 6/6 7/7 2671/2671
f 2395/2395 13/13 14/14
f 2395/2395 14/14 2402/2402
f 12/12 13/13 2395/2395
f 12/12 2395/2395 2396/2396
f 2120/2120 2122/2122 2125/2125
f 2120/2120 2125/2125 2321/2321
f 2125/2125 2126/2126 2128/2128
f 2125/2125 2128/2128 2317/2317
f 2128/2128 2129/2129 2131/2131
f 2128/2128 2131/2131 2313/2313
f 2131/2131 2132/2132 2134/2134
f 2131/2131 2134/2134 2309/2309
f 2134/2134 2135/2135 2137/2137
f 2134/2134 2137/2137 2305/2305
f 847/847 848/848 850/850
f 847/847 850/850 854/854
f 834/834 835/835 837/837
f 834/834 837/837 841/841
f 20/20 711/711 712/712
f 20/20 712/712 714/714
f 22/22 21/21 3339/3339
f 25/25 24/24 3341/3341
f 27/27 25/25 3343/3343
f 29/29 27/27 3345/3345
f 21/21 31/31 3347/3347
f 31/31 29/29 3349/3349
f 23/23 22/22 3351/3351
f 41/41 39/39 3353/3353
f 39/39 23/23 3355/3355
f 43/43 41/41 3357/3357
f 44/44 43/43 3359/3359
f 47/47 45/45 3361/3361
f 24/24 49/49 3363/3363
f 49/49 47/47 3365/3365
f 78/78 76/76 3367/3367
f 76/76 44/44 3369/3369
f 79/79 78/78 3371/3371
f 82/82 80/80 3373/3373
f 45/45 84/84 3375/3375
f 84/84 82/82 3377/3377
f 126/126 125/125 3379/3379
f 125/125 123/123 3381/3381
f 123/123 79/79 3383/3383
f 128/128 127/127 3385/3385
f 80/80 130/130 3387/3387
f 130/130 128/128 3389/3389
f 184/184 185/185 3391/3391
f 185/185 126/126 3393/3393
f 188/188 186/186 3395/3395
f 127/127 190/190 3397/3397
f 190/190 188/188 3399/3399
f 254/254 255/255 3401/3401
f 255/255 184/184 3403/3403
f 258/258 256/256 3405/3405
f 186/186 258/258 3407/3407
f 336/336 254/254 3409/3409
f 335/335 336/336 3411/3411
f 339/339 337/337 3413/3413
f 256/256 339/339 3415/3415
f 427/427 425/425 3417/3417
f 425/425 426/426 3419/3419
f 426/426 335/335 3421/3421
f 430/430 428/428 3423/3423
f 337/337 430/430 3425/3425
f 529/529 527/527 3427/3427
f 527/527 528/528 3429/3429
f 528/528 427/427 3431/3431
f 532/532 530/530 3433/3433
f 428/428 532/532 3435/3435
f 643/643 529/529 3437/3437
f 644/644 642/642 3439/3439
f 642/642 643/643 3441/3441
f 646/646 645/645 3443/3443
f 530/530 646/646 3445/3445
f 769/769 767/767 3447/3447
f 767/767 768/768 3449/3449
f 768/768 644/644 3451/3451
f 771/771 770/770 3453/3453
f 645/645 773/773 3455/3455
f 773/773 771/771 3457/3457
f 908/908 769/769 3459/3459
f 907/907 908/908 3461/3461
f 910/910 909/909 3463/3463
f 770/770 910/910 3465/3465
f 1043/1043 907/907 3467/3467
f 1044/1044 1042/1042 3469/3469
f 1042/1042 1043/1043 3471/3471
f 1046/1046 1045/1045 3473/3473
f 909/909 1048/1048 3475/3475
f 1048/1048 1046/1046 3477/3477
f 1184/1184 1182/1182 3479/3479
f 1182/1182 1183/1183 3481/3481
f 1183/1183 1044/1044 3483/3483
f 1186/1186 1185/1185 3485/3485
f 1045/1045 1186/1186 3487/3487
f 1327/1327 1184/1184 3489/3489
f 1326/1326 1327/1327 3491/3491
f 1329/1329 1328/1328 3493/3493
f 1185/1185 1331/1331 3495/3495
f 1331/1331 1329/1329 3497/3497
f 1473/1473 1326/1326 3499/3499
f 1472/1472 1473/1473 3501/3501
f 1475/1475 1474/1474 3503/3503
f 1328/1328 1475/1475 3505/3505
f 1618/1618 1616/1616 3507/3507
f 1616/1616 1617/1617 3509/3509
f 1617/1617 1472/1472 3511/3511
f 1620/1620 1619/1619 3513/3513
f 1474/1474 1620/1620 3515/3515
f 1762/1762 1763/1763 3517/3517
f 1763/1763 1618/1618 3519/3519
f 1765/1765 1764/1764 3521/3521
f 1619/1619 1765/1765 3523/3523
f 1907/1907 1908/1908 3525/3525
f 1908/1908 1762/1762 3527/3527
f 1910/1910 1909/1909 3529/3529
f 1764/1764 1910/1910 3531/3531
f 2052/2052 2053/2053 3533/3533
f 2053/2053 1907/1907 3535/3535
f 2055/2055 2054/2054 3537/3537
f 1909/1909 2057/2057 3539/3539
f 2057/2057 2055/2055 3541/3541
f 2199/2199 2200/2200 3543/3543
f 2200/2200 2052/2052 3545/3545
f 2202/2202 2201/2201 3547/3547
f 2201/2201 2199/2199 3549/3549
f 2205/2205 2202/2202 3551/3551
f 2419/2419 2418/2418 3553/3553
f 2417/2417 2419/2419 3555/3555
f 2416/2416 2417/2417 3557/3557
f 2054/2054 2416/2416 3559/3559
f 2422/2422 2420/2420 3561/3561
f 2418/2418 2422/2422 3563/3563
f 2567/2567 2568/2568 3565/3565
f 2204/2204 2205/2205 3567/3567
f 2568/2568 2204/2204 3569/3569
f 2571/2571 2569/2569 3571/3571
f 2420/2420 2573/2573 3573/3573
f 2573/2573 2571/2571 3575/3575
f 2709/2709 2710/2710 3577/3577
f 2710/2710 2567/2567 3579/3579
f 2713/2713 2711/2711 3581/3581
f 2569/2569 2713/2713 3583/3583
f 2841/2841 2842/2842 3585/3585
f 2707/2707 2709/2709 3587/3587
f 2842/2842 2707/2707 3589/3589
f 2845/2845 2844/2844 3591/3591
f 2847/2847 2845/2845 3593/3593
f 2848/2848 2847/2847 3595/3595
f 2711/2711 2850/2850 3597/3597
f 2850/2850 2848/2848 3599/3599
f 2964/2964 2965/2965 3601/3601
f 2965/2965 2841/2841 3603/3603
f 2968/2968 2967/2967 3605/3605
f 2969/2969 2968/2968 3607/3607
f 2970/2970 2969/2969 3609/3609
f 2974/2974 2970/2970 3611/3611
f 3085/3085 3087/3087 3613/3613
f 3087/3087 2964/2964 3615/3615
f 3091/3091 3089/3089 3617/3617
f 3092/3092 3091/3091 3619/3619
f 2966/2966 3092/3092 3621/3621
f 2967/2967 2966/2966 3623/3623
f 3197/3197 3198/3198 3625/3625
f 3198/3198 3085/3085 3627/3627
f 3201/3201 3200/3200 3629/3629
f 3203/3203 3201/3201 3631/3631
f 3204/3204 3203/3203 3633/3633
f 3088/3088 3204/3204 3635/3635
f 3090/3090 3088/3088 3637/3637
f 3288/3288 3289/3289 3639/3639
f 3289/3289 3197/3197 3641/3641
f 3292/3292 3291/3291 3643/3643
f 3294/3294 3292/3292 3645/3645
f 3295/3295 3294/3294 3647/3647
f 3298/3298 3297/3297 3649/3649
f 3297/3297 3295/3295 3651/3651
f 3301/3301 3300/3300 3653/3653
f 3300/3300 3298/3298 3655/3655
f 3304/3304 3303/3303 3657/3657
f 3303/3303 3301/3301 3659/3659
f 3199/3199 3304/3304 3661/3661
f 3200/3200 3199/3199 3663/3663
f 3291/3291 3290/3290 3665/3665
f 3290/3290 3288/3288 3667/3667
f 2844/2844 2843/2843 3669/3669
f 2843/2843 2974/2974 3671/3671
f 3339/3339 3340/3340 22/22
f 3341/3341 3342/3342 25/25
f 3343/3343 3344/3344 27/27
f 3345/3345 3346/3346 29/29
f 3347/3347 3348/3348 21/21
f 3349/3349 3350/3350 31/31
f 3351/3351 3352/3352 23/23
f 3353/3353 3354/3354 41/41
f 3355/3355 3356/3356 39/39
f 3357/3357 3358/3358 43/43
f 3359/3359 3360/3360 44/44
f 3361/3361 3362/3362 47/47
f 3363/3363 3364/3364 24/24
f 3365/3365 3366/3366 49/49
f 3367/3367 3368/3368 78/78
f 3369/3369 3370/3370 76/76
f 3371/3371 3372/3372 79/79
f 3373/3373 3374/3374 82/82
f 3375/3375 3376/3376 45/45
f 3377/3377 3378/3378 84/84
f 3379/3379 3380/3380 126/126
f 3381/3381 3382/3382 125/125
f 3383/3383 3384/3384 123/123
f 3385/3385 3386/3386 128/128
f 3387/3387 3388/3388 80/80
f 3389/3389 3390/3390 130/130
f 3391/3391 3392/3392 184/184
f 3393/3393 3394/3394 185/185
f 3395/3395 3396/3396 188/188
f 3397/3397 3398/3398 127/127
f 3399/3399 3400/3400 190/190
f 3401/3401 3402/3402 254/254
f 3403/3403 3404/3404 255/255
f 3405/3405 3406/3406 258/258
f 3407/3407 3408/3408 186/186
f 3409/3409 3410/3410 336/336
f 3411/3411 3412/3412 335/335
f 3413/3413 3414/3414 339/339
f 3415/3415 3416/3416 256/256
f 3417/3417 3418/3418 427/427
f 3419/3419 3420/3420 425/425
f 3421/3421 3422/3422 426/426
f 3423/3423 3424/3424 430/430
f 3425/3425 3426/3426 337/337
f 3427/3427 3428/3428 529/529
f 3429/3429 3430/3430 527/527
f 3431/3431 3432/3432 528/528
f 3433/3433 3434/3434 532/532
f 3435/3435 3436/3436 428/428
f 3437/3437 3438/3438 643/643
f 3439/3439 3440/3440 644/644
f 3441/3441 3442/3442 642/642
f 3443/3443 3444/3444 646/646
f 3445/3445 3446/3446 530/530
f 3447/3447 3448/3448 769/769
f 3449/3449 3450/3450 767/767
f 3451/3451 3452/3452 768/768
f 3453/3453 3454/3454 771/771
f 3455/3455 3456/3456 645/645
f 3457/3457 3458/3458 773/773
f 3459/3459 3460/3460 908/908
f 3461/3461 3462/3462 907/907
f 3463/3463 3464/3464 910/910
f 3465/3465 3466/3466 770/770
f 3467/3467 3468/3468 1043/1043
f 3469/3469 3470/3470 1044/1044
f 3471/3471 3472/3472 1042/1042
f 3473/3473 3474/3474 1046/1046
f 3475/3475 3476/3476 909/909
f 3477/3477 3478/3478 1048/1048
f 3479/3479 3480/3480 1184/1184
f 3481/3481 3482/3482 1182/1182
f 3483/3483 3484/3484 1183/1183
f 3485/3485 3486/3486 1186/1186
f 3487/3487 3488/3488 1045/1045
f 3489/3489 3490/3490 1327/1327
f 3491/3491 3492/3492 1326/1326
f 3493/3493 3494/3494 1329/1329
f 3495/3495 3496/3496 1185/1185
f 3497/3497 3498/3498 1331/1331
f 3499/3499 3500/3500 1473/1473
f 3501/3501 3502/3502 1472/1472
f 3503/3503 3504/3504 1475/1475
f 3505/3505 3506/3506 1328/1328
f 3507/3507 3508/3508 1618/1618
f 3509/3509 3510/3510 1616/1616
f 3511/3511 3512/3512 1617/1617
f 3513/3513 3514/3514 1620/1620
f 3515/3515 3516/3516 1474/1474
f 3517/3517 3518/3518 1762/1762
f 3519/3519 3520/3520 1763/1763
f 3521/3521 3522/3522 1765/1765
f 3523/3523 3524/3524 1619/1619
f 3525/3525 3526/3526 1907/1907
f 3527/3527 3528/3528 1908/1908
f 3529/3529 3530/3530 1910/1910
f 3531/3531 3532/3532 1764/1764
f 3533/3533 3534/3534 2052/2052
f 3535/3535 3536/3536 2053/2053
f 3537/3537 3538/3538 2055/2055
f 3539/3539 3540/3540 1909/1909
f 3541/3541 3542/3542 2057/2057
f 3543/3543 3544/3544 2199/2199
f 3545/3545 3546/3546 2200/2200
f 3547/3547 3548/3548 2202/2202
f 3549/3549 3550/3550 2201/2201
f 3551/3551 3552/3552 2205/2205
f 3553/3553 3554/3554 2419/2419
f 3555/3555 3556/3556 2417/2417
f 3557/3557 3558/3558 2416/2416
f 3559/3559 3560/3560 2054/2054
f 3561/3561 3562/3562 2422/2422
f 3563/3563 3564/3564 2418/2418
f 3565/3565 3566/3566 2567/2567
f 3567/3567 3568/3568 2204/2204
f 3569/3569 3570/3570 2568/2568
f 3571/3571 3572/3572 2571/2571
f 3573/3573 3574/3574 2420/2420
f 3575/3575 3576/3576 2573/2573
f 3577/3577 3578/3578 2709/2709
f 3579/3579 3580/3580 2710/2710
f 3581/3581 3582/3582 2713/2713
f 3583/3583 3584/3584 2569/2569
f 3585/3585 3586/3586 2841/2841
f 3587/3587 3588/3588 2707/2707
f 3589/3589 3590/3590 2842/2842
f 3591/3591 3592/3592 2845/2845
f 3593/3593 3594/3594 2847/2847
f 3595/3595 3596/3596 2848/2848
f 3597/3597 3598/3598 2711/2711
f 3599/3599 3600/3600 2850/2850
f 3601/3601 3602/3602 2964/2964
f 3603/3603 3604/3604 2965/2965
f 3605/3605 3606/3606 2968/2968
f 3607/3607 3608/3608 2969/2969
f 3609/3609 3610/3610 2970/2970
f 3611/3611 3612/3612 2974/2974
f 3613/3613 3614/3614 3085/3085
f 3615/3615 3616/3616 3087/3087
f 3617/3617 3618/3618 3091/3091
f 3619/3619 3620/3620 3092/3092
f 3621/3621 3622/3622 2966/2966
f 3623/3623 3624/3624 2967/2967
f 3625/3625 3626/3626 3197/3197
f 3627/3627 3628/3628 3198/3198
f 3629/3629 3630/3630 3201/3201
f 3631/3631 3632/3632 3203/3203
f 3633/3633 3634/3634 3204/3204
f 3635/3635 3636/3636 3088/3088
f 3637/3637 3638/3638 3090/3090
f 3639/3639 3640/3640 3288/3288
f 3641/3641 3642/3642 3289/3289
f 3643/3643 3644/3644 3292/3292
f 3645/3645 3646/3646 3294/3294
f 3647/3647 3648/3648 3295/3295
f 3649/3649 3650/3650 3298/3298
f 3651/3651 3652/3652 3297/3297
f 3653/3653 3654/3654 3301/3301
f 3655/3655 3656/3656 3300/3300
f 3657/3657 3658/3658 3304/3304
f 3659/3659 3660/3660 3303/3303
f 3661/3661 3662/3662 3199/3199
f 3663/3663 3664/3664 3200/3200
f 3665/3665 3666/3666 3291/3291
f 3667/3667 3668/3668 3290/3290
f 3669/3669 3670/3670 2844/2844
f 3671/3671 3672/3672 2843/2843
f 21/21 3673/3673 3674/3674
f 21/21 3675/3675 3676/3676
f 23/23 3677/3677 3678/3678
f 24/24 3679/3679 3680/3680
f 24/24 3681/3681 3682/3682
f 27/27 3683/3683 3684/3684
f 27/27 3685/3685 3686/3686
f 29/29 3687/3687 3688/3688
f 41/41 3689/3689 3690/3690
f 23/23 3691/3691 3692/3692
f 43/43 3693/3693 3694/3694
f 43/43 3695/3695 3696/3696
f 43/43 3697/3697 3698/3698
f 45/45 3699/3699 3700/3700
f 47/47 3701/3701 3702/3702
f 47/47 3703/3703 3704/3704
f 78/78 3705/3705 3706/3706
f 44/44 3707/3707 3708/3708
f 78/78 3709/3709 3710/3710
f 80/80 3711/3711 3712/3712
f 82/82 3713/3713 3714/3714
f 82/82 3715/3715 3716/3716
f 79/79 3717/3717 3718/3718
f 126/126 3719/3719 3720/3720
f 126/126 3721/3721 3722/3722
f 128/128 3723/3723 3724/3724
f 128/128 3725/3725 3726/3726
f 128/128 3727/3727 3728/3728
f 184/184 3729/3729 3730/3730
f 126/126 3731/3731 3732/3732
f 186/186 3733/3733 3734/3734
f 186/186 3735/3735 3736/3736
f 188/188 3737/3737 3738/3738
f 188/188 3739/3739 3740/3740
f 254/254 3741/3741 3742/3742
f 184/184 3743/3743 3744/3744
f 256/256 3745/3745 3746/3746
f 256/256 3747/3747 3748/3748
f 258/258 3749/3749 3750/3750
f 335/335 3751/3751 3752/3752
f 336/336 3753/3753 3754/3754
f 337/337 3755/3755 3756/3756
f 337/337 3757/3757 3758/3758
f 339/339 3759/3759 3760/3760
f 335/335 3761/3761 3762/3762
f 427/427 3763/3763 3764/3764
f 427/427 3765/3765 3766/3766
f 428/428 3767/3767 3768/3768
f 428/428 3769/3769 3770/3770
f 430/430 3771/3771 3772/3772
f 427/427 3773/3773 3774/3774
f 529/529 3775/3775 3776/3776
f 529/529 3777/3777 3778/3778
f 530/530 3779/3779 3780/3780
f 530/530 3781/3781 3782/3782
f 532/532 3783/3783 3784/3784
f 643/643 3785/3785 3786/3786
f 644/644 3787/3787 3788/3788
f 644/644 3789/3789 3790/3790
f 646/646 3791/3791 3792/3792
f 646/646 3793/3793 3794/3794
f 644/644 3795/3795 3796/3796
f 769/769 3797/3797 3798/3798
f 769/769 3799/3799 3800/3800
f 771/771 3801/3801 3802/3802
f 771/771 3803/3803 3804/3804
f 771/771 3805/3805 3806/3806
f 907/907 3807/3807 3808/3808
f 908/908 3809/3809 3810/3810
f 910/910 3811/3811 3812/3812
f 910/910 3813/3813 3814/3814
f 1043/1043 3815/3815 3816/3816
f 1044/1044 3817/3817 3818/3818
f 1044/1044 3819/3819 3820/3820
f 1046/1046 3821/3821 3822/3822
f 1046/1046 3823/3823 3824/3824
f 1046/1046 3825/3825 3826/3826
f 1044/1044 3827/3827 3828/3828
f 1184/1184 3829/3829 3830/3830
f 1184/1184 3831/3831 3832/3832
f 1186/1186 3833/3833 3834/3834
f 1186/1186 3835/3835 3836/3836
f 1326/1326 3837/3837 3838/3838
f 1327/1327 3839/3839 3840/3840
f 1329/1329 3841/3841 3842/3842
f 1329/1329 3843/3843 3844/3844
f 1329/1329 3845/3845 3846/3846
f 1472/1472 3847/3847 3848/3848
f 1473/1473 3849/3849 3850/3850
f 1475/1475 3851/3851 3852/3852
f 1475/1475 3853/3853 3854/3854
f 1472/1472 3855/3855 3856/3856
f 1618/1618 3857/3857 3858/3858
f 1618/1618 3859/3859 3860/3860
f 1620/1620 3861/3861 3862/3862
f 1620/1620 3863/3863 3864/3864
f 1762/1762 3865/3865 3866/3866
f 1618/1618 3867/3867 3868/3868
f 1765/1765 3869/3869 3870/3870
f 1765/1765 3871/3871 3872/3872
f 1907/1907 3873/3873 3874/3874
f 1762/1762 3875/3875 3876/3876
f 1910/1910 3877/3877 3878/3878
f 1910/1910 3879/3879 3880/3880
f 2052/2052 3881/3881 3882/3882
f 1907/1907 3883/3883 3884/3884
f 2055/2055 3885/3885 3886/3886
f 2055/2055 3887/3887 3888/3888
f 2055/2055 3889/3889 3890/3890
f 2199/2199 3891/3891 3892/3892
f 2052/2052 3893/3893 3894/3894
f 2201/2201 3895/3895 3896/3896
f 2201/2201 3897/3897 3898/3898
f 2205/2205 3899/3899 3900/3900
f 2416/2416 3901/3901 3902/3902
f 2416/2416 3903/3903 3904/3904
f 2418/2418 3905/3905 3906/3906
f 2420/2420 3907/3907 3908/3908
f 2422/2422 3909/3909 3910/3910
f 2567/2567 3911/3911 3912/3912
f 2205/2205 3913/3913 3914/3914
f 2205/2205 3915/3915 3916/3916
f 2569/2569 3917/3917 3918/3918
f 2571/2571 3919/3919 3920/3920
f 2571/2571 3921/3921 3922/3922
f 2709/2709 3923/3923 3924/3924
f 2567/2567 3925/3925 3926/3926
f 2711/2711 3927/3927 3928/3928
f 2713/2713 3929/3929 3930/3930
f 2841/2841 3931/3931 3932/3932
f 2709/2709 3933/3933 3934/3934
f 2709/2709 3935/3935 3936/3936
f 2843/2843 3937/3937 3938/3938
f 2845/2845 3939/3939 3940/3940
f 2845/2845 3941/3941 3942/3942
f 2845/2845 3943/3943 3944/3944
f 2847/2847 3945/3945 3946/3946
f 2848/2848 3947/3947 3948/3948
f 2964/2964 3949/3949 3950/3950
f 2841/2841 3951/3951 3952/3952
f 2966/2966 3953/3953 3954/3954
f 2968/2968 3955/3955 3956/3956
f 2968/2968 3957/3957 3958/3958
f 2970/2970 3959/3959 3960/3960
f 3087/3087 3961/3961 3962/3962
f 2964/2964 3963/3963 3964/3964
f 3088/3088 3965/3965 3966/3966
f 3091/3091 3967/3967 3968/3968
f 3091/3091 3969/3969 3970/3970
f 2966/2966 3971/3971 3972/3972
f 3197/3197 3973/3973 3974/3974
f 3085/3085 3975/3975 3976/3976
f 3199/3199 3977/3977 3978/3978
f 3201/3201 3979/3979 3980/3980
f 3201/3201 3981/3981 3982/3982
f 3201/3201 3983/3983 3984/3984
f 3203/3203 3985/3985 3986/3986
f 3088/3088 3987/3987 3988/3988
f 3288/3288 3989/3989 3990/3990
f 3197/3197 3991/3991 3992/3992
f 3290/3290 3993/3993 3994/3994
f 3292/3292 3995/3995 3996/3996
f 3292/3292 3997/3997 3998/3998
f 3292/3292 3999/3999 4000/4000
f 3294/3294 4001/4001 4002/4002
f 3295/3295 4003/4003 4004/4004
f 3298/3298 4005/4005 4006/4006
f 3301/3301 4007/4007 4008/4008
f 3199/3199 4009/4009 4010/4010
f 3288/3288 4011/4011 4012/4012
f 2843/2843 4013/4013 4014/4014
f 2970/2970 4015/4015 4016/4016
usemtl golden_strawberry_cut
f 4256/4256 4017/4017 4061/4061
f 4061/4061 4189/4189 4340/4340
f 4340/4340 4279/4279 4037/4037
f 4037/4037 4231/4231 4169/4169
f 4172/4172 4077/4077 4342/4342
f 4211/4211 4191/4191 4182/4182
f 4182/4182 4328/4328 4152/4152
f 4152/4152 4051/4051 4311/4311
f 4311/4311 4292/4292 4091/4091
f 4201/4201 4318/4318 4228/4228
f 4228/4228 4080/4080 4149/4149
f 4149/4149 4262/4262 4345/4345
f 4345/4345 4125/4125 4119/4119
f 4047/4047 4043/4043 4246/4246
f 4246/4246 4058/4058 4304/4304
f 4329/4329 4183/4183 4243/4243
f 4243/4243 4132/4132 4024/4024
f 4024/4024 4151/4151 4307/4307
f 4178/4178 4274/4274 4301/4301
f 4301/4301 4135/4135 4177/4177
f 4264/4264 4075/4075 4126/4126
f 4237/4237 4116/4116 4136/4136
f 4136/4136 4144/4144 4180/4180
f 4180/4180 4268/4268 4253/4253
f 4253/4253 4200/4200 4194/4194
f 4194/4194 4027/4027 4019/4019
f 4019/4019 4028/4028 4162/4162
f 4276/4276 4036/4036 4110/4110
f 4335/4335 4234/4234 4098/4098
f 4098/4098 4349/4349 4131/4131
f 4131/4131 4308/4308 4332/4332
f 4254/4254 4102/4102 4207/4207
f 4022/4022 4059/4059 4269/4269
f 4269/4269 4209/4209 4029/4029
f 4029/4029 4346/4346 4081/4081
f 4081/4081 4210/4210 4137/4137
f 4033/4033 4123/4123 4186/4186
f 4134/4134 4315/4315 4297/4297
f 4104/4104 4287/4287 4192/4192
f 4192/4192 4060/4060 4118/4118
f 4146/4146 4202/4202 4044/4044
f 4044/4044 4115/4115 4205/4205
f 4205/4205 4159/4159 4073/4073
f 4073/4073 4258/4258 4240/4240
f 4240/4240 4147/4147 4063/4063
f 4063/4063 4317/4317 4350/4350
f 4350/4350 4343/4343 4250/4250
f 4250/4250 4338/4338 4198/4198
f 4083/4083 4113/4113 4275/4275
f 4275/4275 4225/4225 4111/4111
f 4245/4245 4168/4168 4248/4248
f 4248/4248 4213/4213 4321/4321
f 4158/4158 4280/4280 4025/4025
f 4025/4025 4326/4326 4199/4199
f 4076/4076 4324/4324 4057/4057
f 4138/4138 4241/4241 4219/4219
f 4219/4219 4310/4310 4068/4068
f 4105/4105 4283/4283 4282/4282
f 4282/4282 4053/4053 4072/4072
f 4072/4072 4087/4087 4065/4065
f 4055/4055 4088/4088 4050/4050
f 4050/4050 4302/4302 4261/4261
f 4185/4185 4295/4295 4305/4305
f 4090/4090 4238/4238 4312/4312
f 4312/4312 4045/4045 4325/4325
f 4325/4325 4355/4355 4066/4066
f 4066/4066 4021/4021 4096/4096
f 4334/4334 4023/4023 4163/4163
f 4167/4167 4203/4203 4322/4322
f 4322/4322 4239/4239 4184/4184
f 4184/4184 4038/4038 4133/4133
f 4133/4133 4235/4235 4214/4214
f 4214/4214 4348/4348 4257/4257
f 4257/4257 4101/4101 4140/4140
f 4140/4140 4230/4230 4165/4165
f 4165/4165 4164/4164 4204/4204
f 4204/4204 4289/4289 4224/4224
f 4242/4242 4124/4124 4285/4285
f 4285/4285 4216/4216 4150/4150
f 4150/4150 4212/4212 4173/4173
f 4173/4173 4291/4291 4277/4277
f 4277/4277 4153/4153 4303/4303
f 4303/4303 4145/4145 4195/4195
f 4195/4195 4187/4187 4249/4249
f 4249/4249 4064/4064 4093/4093
f 4093/4093 4226/4226 4327/4327
f 4327/4327 4161/4161 4288/4288
f 4288/4288 4026/4026 4141/4141
f 4141/4141 4181/4181 4215/4215
f 4142/4142 4034/4034 4166/4166
f 4166/4166 4176/4176 4298/4298
f 4298/4298 4281/4281 4074/4074
f 4074/4074 4103/4103 4271/4271
f 4271/4271 4286/4286 4196/4196
f 4196/4196 4270/4270 4190/4190
f 4190/4190 4255/4255 4188/4188
f 4188/4188 4039/4039 4354/4354
f 4354/4354 4339/4339 4331/4331
f 4331/4331 4156/4156 4174/4174
f 4174/4174 4082/4082 4278/4278
f 4233/4233 4157/4157 4120/4120
f 4120/4120 4048/4048 4179/4179
f 4296/4296 4035/4035 4306/4306
f 4306/4306 4222/4222 4341/4341
f 4341/4341 4272/4272 4099/4099
f 4099/4099 4100/4100 4232/4232
f 4056/4056 4314/4314 4293/4293
f 4293/4293 4078/4078 4085/4085
f 4085/4085 4273/4273 4067/4067
f 4244/4244 4070/4070 4139/4139
f 4139/4139 4206/4206 4122/4122
f 4259/4259 4030/4030 4128/4128
f 4128/4128 4089/4089 4084/4084
f 4084/4084 4018/4018 4313/4313
f 4333/4333 4330/4330 4251/4251
f 4251/4251 4031/4031 4252/4252
f 4252/4252 4316/4316 4218/4218
f 4218/4218 4160/4160 4197/4197
f 4197/4197 4095/4095 4154/4154
f 4154/4154 4049/4049 4344/4344
f 4344/4344 4299/4299 4020/4020
f 4020/4020 4236/4236 4208/4208
f 4284/4284 4300/4300 4127/4127
f 4294/4294 4290/4290 4041/4041
f 4041/4041 4353/4353 4097/4097
f 4097/4097 4323/4323 4046/4046
f 4046/4046 4112/4112 4069/4069
f 4069/4069 4106/4106 4266/4266
f 4266/4266 4108/4108 4217/4217
f 4217/4217 4320/4320 4143/4143
f 4143/4143 4263/4263 4220/4220
f 4220/4220 4071/4071 4130/4130
f 4130/4130 4094/4094 4129/4129
f 4129/4129 4040/4040 4229/4229
f 4229/4229 4309/4309 4347/4347
f 4347/4347 4086/4086 4052/4052
f 4052/4052 4267/4267 4109/4109
f 4109/4109 4265/4265 4193/4193
f 4193/4193 4148/4148 4054/4054
f 4054/4054 4079/4079 4227/4227
f 4227/4227 4170/4170 4042/4042
f 4042/4042 4155/4155 4319/4319
f 4319/4319 4062/4062 4247/4247
f 4247/4247 4351/4351 4260/4260
f 4260/4260 4117/4117 4092/4092
f 4092/4092 4171/4171 4121/4121
f 4121/4121 4107/4107 4032/4032
f 4114/4114 4221/4221 4256/4256
f 4256/4256 4061/4061 4340/4340
f 4340/4340 4037/4037 4169/4169
f 4172/4172 4342/4342 4211/4211
f 4211/4211 4182/4182 4152/4152
f 4152/4152 4311/4311 4091/4091
f 4091/4091 4201/4201 4228/4228
f 4228/4228 4149/4149 4345/4345
f 4345/4345 4119/4119 4047/4047
f 4047/4047 4246/4246 4304/4304
f 4304/4304 4329/4329 4243/4243
f 4024/4024 4307/4307 4336/4336
f 4178/4178 4301/4301 4177/4177
f 4177/4177 4264/4264 4126/4126
f 4126/4126 4237/4237 4136/4136
f 4136/4136 4180/4180 4253/4253
f 4253/4253 4194/4194 4019/4019
f 4019/4019 4162/4162 4276/4276
f 4276/4276 4110/4110 4335/4335
f 4335/4335 4098/4098 4131/4131
f 4131/4131 4332/4332 4254/4254
f 4254/4254 4207/4207 4022/4022
f 4022/4022 4269/4269 4029/4029
f 4029/4029 4081/4081 4137/4137
f 4033/4033 4186/4186 4134/4134
f 4192/4192 4118/4118 4146/4146
f 4146/4146 4044/4044 4205/4205
f 4205/4205 4073/4073 4240/4240
f 4240/4240 4063/4063 4350/4350
f 4350/4350 4250/4250 4198/4198
f 4198/4198 4083/4083 4275/4275
f 4275/4275 4111/4111 4245/4245
f 4245/4245 4248/4248 4321/4321
f 4321/4321 4158/4158 4025/4025
f 4025/4025 4199/4199 4076/4076
f 4076/4076 4057/4057 4138/4138
f 4138/4138 4219/4219 4068/4068
f 4068/4068 4105/4105 4282/4282
f 4282/4282 4072/4072 4065/4065
f 4055/4055 4050/4050 4261/4261
f 4261/4261 4185/4185 4305/4305
f 4337/4337 4090/4090 4312/4312
f 4312/4312 4325/4325 4066/4066
f 4066/4066 4096/4096 4334/4334
f 4334/4334 4163/4163 4167/4167
f 4167/4167 4322/4322 4184/4184
f 4184/4184 4133/4133 4214/4214
f 4214/4214 4257/4257 4140/4140
f 4165/4165 4204/4204 4224/4224
f 4242/4242 4285/4285 4150/4150
f 4150/4150 4173/4173 4277/4277
f 4277/4277 4303/4303 4195/4195
f 4249/4249 4093/4093 4327/4327
f 4327/4327 4288/4288 4141/4141
f 4141/4141 4215/4215 4142/4142
f 4142/4142 4166/4166 4298/4298
f 4298/4298 4074/4074 4271/4271
f 4271/4271 4196/4196 4190/4190
f 4190/4190 4188/4188 4354/4354
f 4354/4354 4331/4331 4174/4174
f 4174/4174 4278/4278 4175/4175
f 4175/4175 4233/4233 4120/4120
f 4120/4120 4179/4179 4223/4223
f 4306/4306 4341/4341 4099/4099
f 4099/4099 4232/4232 4056/4056
f 4056/4056 4293/4293 4085/4085
f 4085/4085 4067/4067 4244/4244
f 4244/4244 4139/4139 4122/4122
f 4122/4122 4259/4259 4128/4128
f 4128/4128 4084/4084 4313/4313
f 4333/4333 4251/4251 4252/4252
f 4252/4252 4218/4218 4197/4197
f 4197/4197 4154/4154 4344/4344
f 4344/4344 4020/4020 4208/4208
f 4284/4284 4127/4127 4294/4294
f 4294/4294 4041/4041 4097/4097
f 4097/4097 4046/4046 4069/4069
f 4069/4069 4266/4266 4217/4217
f 4217/4217 4143/4143 4220/4220
f 4220/4220 4130/4130 4129/4129
f 4129/4129 4229/4229 4347/4347
f 4347/4347 4052/4052 4109/4109
f 4109/4109 4193/4193 4054/4054
f 4054/4054 4227/4227 4042/4042
f 4042/4042 4319/4319 4247/4247
f 4247/4247 4260/4260 4092/4092
f 4092/4092 4121/4121 4032/4032
f 4352/4352 4114/4114 4256/4256
f 4256/4256 4340/4340 4169/4169
f 4172/4172 4211/4211 4152/4152
f 4152/4152 4091/4091 4228/4228
f 4228/4228 4345/4345 4047/4047
f 4047/4047 4304/4304 4243/4243
f 4178/4178 4177/4177 4126/4126
f 4126/4126 4136/4136 4253/4253
f 4253/4253 4019/4019 4276/4276
f 4276/4276 4335/4335 4131/4131
f 4131/4131 4254/4254 4022/4022
f 4022/4022 4029/4029 4137/4137
f 4137/4137 4033/4033 4134/4134
f 4146/4146 4205/4205 4240/4240
f 4240/4240 4350/4350 4198/4198
f 4198/4198 4275/4275 4245/4245
f 4245/4245 4321/4321 4025/4025
f 4025/4025 4076/4076 4138/4138
f 4068/4068 4282/4282 4065/4065
f 4065/4065 4055/4055 4261/4261
f 4261/4261 4305/4305 4337/4337
f 4337/4337 4312/4312 4066/4066
f 4066/4066 4334/4334 4167/4167
f 4167/4167 4184/4184 4214/4214
f 4214/4214 4140/4140 4165/4165
f 4165/4165 4224/4224 4242/4242
f 4242/4242 4150/4150 4277/4277
f 4277/4277 4195/4195 4249/4249
f 4249/4249 4327/4327 4141/4141
f 4141/4141 4142/4142 4298/4298
f 4298/4298 4271/4271 4190/4190
f 4190/4190 4354/4354 4174/4174
f 4174/4174 4175/4175 4120/4120
f 4296/4296 4306/4306 4099/4099
f 4099/4099 4056/4056 4085/4085
f 4085/4085 4244/4244 4122/4122
f 4122/4122 4128/4128 4313/4313
f 4333/4333 4252/4252 4197/4197
f 4197/4197 4344/4344 4208/4208
f 4208/4208 4284/4284 4294/4294
f 4294/4294 4097/4097 4069/4069
f 4069/4069 4217/4217 4220/4220
f 4220/4220 4129/4129 4347/4347
f 4347/4347 4109/4109 4054/4054
f 4054/4054 4042/4042 4247/4247
f 4247/4247 4092/4092 4032/4032
f 4352/4352 4256/4256 4169/4169
f 4169/4169 4172/4172 4152/4152
f 4152/4152 4228/4228 4047/4047
f 4047/4047 4243/4243 4024/4024
f 4178/4178 4126/4126 4253/4253
f 4253/4253 4276/4276 4131/4131
f 4131/4131 4022/4022 4137/4137
f 4137/4137 4134/4134 4297/4297
f 4192/4192 4146/4146 4240/4240
f 4240/4240 4198/4198 4245/4245
f 4245/4245 4025/4025 4138/4138
f 4138/4138 4068/4068 4065/4065
f 4065/4065 4261/4261 4337/4337
f 4337/4337 4066/4066 4167/4167
f 4167/4167 4214/4214 4165/4165
f 4165/4165 4242/4242 4277/4277
f 4277/4277 4249/4249 4141/4141
f 4141/4141 4298/4298 4190/4190
f 4190/4190 4174/4174 4120/4120
f 4223/4223 4296/4296 4099/4099
f 4099/4099 4085/4085 4122/4122
f 4122/4122 4313/4313 4333/4333
f 4333/4333 4197/4197 4208/4208
f 4208/4208 4294/4294 4069/4069
f 4069/4069 4220/4220 4347/4347
f 4347/4347 4054/4054 4247/4247
f 4247/4247 4032/4032 4352/4352
f 4352/4352 4169/4169 4152/4152
f 4152/4152 4047/4047 4024/4024
f 4336/4336 4178/4178 4253/4253
f 4253/4253 4131/4131 4137/4137
f 4104/4104 4192/4192 4240/4240
f 4240/4240 4245/4245 4138/4138
f 4138/4138 4065/4065 4337/4337
f 4337/4337 4167/4167 4165/4165
f 4165/4165 4277/4277 4141/4141
f 4141/4141 4190/4190 4120/4120
f 4223/4223 4099/4099 4122/4122
f 4122/4122 4333/4333 4208/4208
f 4208/4208 4069/4069 4347/4347
f 4347/4347 4247/4247 4352/4352
f 4352/4352 4152/4152 4024/4024
f 4024/4024 4336/4336 4253/4253
f 4253/4253 4137/4137 4297/4297
f 4104/4104 4240/4240 4138/4138
f 4138/4138 4337/4337 4165/4165
f 4165/4165 4141/4141 4120/4120
f 4120/4120 4223/4223 4122/4122
f 4122/4122 4208/4208 4347/4347
f 4347/4347 4352/4352 4024/4024
f 4024/4024 4253/4253 4297/4297
f 4297/4297 4104/4104 4138/4138
f 4138/4138 4165/4165 4120/4120
f 4120/4120 4122/4122 4347/4347
f 4347/4347 4024/4024 4297/4297
f 4297/4297 4138/4138 4120/4120
f 4120/4120 4347/4347 4297/4297
