# generated
mtllib pear.mtl
o fruit_half
v -0.505969 -0.266244 0.445282
v -0.477431 -0.303941 0.421310
v -0.452244 -0.321157 0.453641
v -0.496489 -0.265047 0.471719
v -0.528553 -0.206685 0.479599
v -0.527030 -0.222037 0.441586
v -0.104370 0.451664 0.388058
v -0.092031 0.455107 0.422874
v -0.037832 0.458339 0.392200
v -0.074039 0.449218 0.350700
v -0.132461 0.429002 0.313854
v -0.156148 0.436844 0.375594
v -0.161098 0.438730 0.427895
v -0.388111 -0.371475 0.338469
v -0.367918 -0.370965 0.304342
v -0.289104 -0.417219 0.313484
v -0.316570 -0.415079 0.363128
v -0.466561 -0.309987 0.351382
v -0.443547 -0.312837 0.300714
v -0.414955 -0.355275 0.390260
v -0.021326 0.056995 -0.042614
v -0.020735 0.065138 -0.042148
v -0.003861 0.053261 -0.042033
v -0.013375 0.048387 -0.040536
v -0.023096 0.045483 -0.038437
v -0.032012 0.060634 -0.040425
v -0.031876 0.069398 -0.039102
v -0.039262 0.058000 -0.025296
v -0.040519 0.062051 -0.036349
v -0.040519 0.062051 -0.036349
v -0.032649 0.045759 -0.033117
v -0.032649 0.045759 -0.033117
v -0.038320 0.052183 -0.021830
v -0.026012 0.058977 -0.020314
v -0.036757 0.068082 -0.026596
v -0.040587 0.072354 -0.033925
v -0.040587 0.072354 -0.033925
v -0.029625 0.073511 -0.036292
v -0.029625 0.073511 -0.036292
v -0.019551 0.069665 -0.036175
v -0.019551 0.069665 -0.036175
v -0.038104 0.075256 -0.030447
v -0.038104 0.075256 -0.030447
v -0.027339 0.069581 -0.029713
v -0.044963 0.016575 -0.027575
v -0.044963 0.016575 -0.027575
v -0.047056 0.001901 -0.028864
v -0.047056 0.001901 -0.028864
v -0.062633 -0.000459 -0.019828
v -0.064421 0.018933 -0.016063
v -0.054547 0.035555 -0.016337
v -0.054547 0.035555 -0.016337
v -0.037894 0.024242 -0.026795
v -0.037894 0.024242 -0.026795
v -0.037894 0.024242 -0.026795
v -0.029425 0.005004 -0.033794
v -0.011118 0.022348 -0.042469
v -0.017300 0.005780 -0.036700
v -0.001639 0.031578 -0.040804
v 0.017746 0.019977 -0.042688
v 0.009232 0.006903 -0.044422
v 0.002052 -0.002180 -0.041364
v -0.043267 -0.005509 -0.032196
v -0.043267 -0.005509 -0.032196
v -0.015257 -0.018291 -0.040012
v -0.015257 -0.018291 -0.040012
v -0.008406 -0.029207 -0.031572
v -0.038157 -0.023189 -0.024809
v 0.006210 -0.015261 -0.046357
v -0.003360 -0.016804 -0.039968
v 0.048451 0.017704 -0.056999
v 0.055434 0.027109 -0.060349
v 0.071448 0.020941 -0.058455
v 0.059734 0.011878 -0.053689
v 0.037475 0.016730 -0.047450
v 0.038062 0.029327 -0.049473
v 0.039923 0.005114 -0.046835
v 0.025721 -0.031312 -0.054826
v 0.041389 -0.039500 -0.050215
v 0.041389 -0.039500 -0.050215
v 0.032154 -0.048240 -0.044536
v 0.032154 -0.048240 -0.044536
v 0.015853 -0.037854 -0.052272
v 0.004591 -0.028687 -0.036550
v 0.004591 -0.028687 -0.036550
v 0.008116 -0.032201 -0.043423
v 0.026095 -0.035819 -0.035243
v 0.026095 -0.035819 -0.035243
v 0.015193 -0.030039 -0.029909
v 0.015193 -0.030039 -0.029909
v -0.062898 0.036702 -0.002511
v -0.062898 0.036702 -0.002511
v -0.046678 0.053456 -0.005327
v -0.024662 0.061010 -0.008324
v -0.036118 -0.023099 -0.011291
v -0.040419 -0.024674 -0.004667
v -0.057448 -0.012647 -0.004486
v -0.067107 0.000239 -0.003286
v 0.048824 0.001380 -0.038658
v 0.048824 0.001380 -0.038658
v 0.037268 -0.016761 -0.038798
v 0.037268 -0.016761 -0.038798
v 0.037268 -0.016761 -0.038798
v 0.034375 -0.016299 -0.048865
v 0.011565 0.051875 -0.033371
v 0.011565 0.051875 -0.033371
v 0.029058 0.041818 -0.040506
v 0.029058 0.041818 -0.040506
v 0.023291 0.032176 -0.042057
v 0.008884 0.040720 -0.038315
v 0.032623 0.042060 -0.026532
v 0.037218 0.037111 -0.036237
v 0.004979 0.061149 -0.017275
v 0.029682 0.046984 -0.016294
v 0.078160 0.018902 -0.053049
v 0.078160 0.018902 -0.053049
v 0.072442 0.029188 -0.053903
v 0.072442 0.029188 -0.053903
v 0.075936 0.025497 -0.046641
v 0.075936 0.025497 -0.046641
v 0.068046 0.011360 -0.045858
v 0.068046 0.011360 -0.045858
v 0.062238 0.020534 -0.040702
v -0.011322 -0.031750 -0.018077
v -0.015073 -0.036447 -0.006301
v 0.062922 0.035393 -0.053830
v 0.062922 0.035393 -0.053830
v 0.062789 0.032670 -0.047106
v 0.041683 0.039158 -0.049100
v 0.041683 0.039158 -0.049100
v 0.051444 0.030966 -0.044775
v 0.039421 -0.032970 -0.037321
v 0.039421 -0.032970 -0.037321
v -0.012034 0.061830 -0.026836
v -0.002657 0.060726 -0.035434
v -0.002657 0.060726 -0.035434
v 0.004558 0.065286 -0.004450
v 0.034899 0.051357 -0.008666
v -0.027922 0.066597 0.001862
v 0.036939 -0.016416 -0.030165
v 0.036939 -0.016416 -0.030165
v 0.038028 -0.016360 -0.022748
v 0.038028 -0.016360 -0.022748
v 0.046284 0.020741 -0.034942
v 0.042518 0.023482 -0.025686
v 0.049640 0.003159 -0.028174
v 0.015644 0.211719 0.024915
v -0.003231 0.157078 0.006651
v -0.091173 0.160614 0.018381
v -0.134329 0.190903 0.036875
v -0.184406 0.224244 0.067513
v -0.076762 0.248898 0.049279
v 0.142237 0.170914 0.021644
v 0.097238 0.140766 0.000555
v 0.107059 0.046099 -0.015957
v 0.133606 0.080892 -0.013866
v 0.170506 0.060117 -0.013344
v 0.166388 0.028941 -0.016447
v 0.061745 0.080616 -0.007343
v 0.073290 0.108270 -0.007258
v 0.074657 0.034656 -0.011857
v 0.051077 0.065437 -0.006775
v 0.100776 0.000458 -0.017045
v 0.075003 0.002585 -0.013219
v 0.149373 -0.009052 -0.018068
v 0.170717 0.110095 -0.000225
v 0.216099 0.067767 0.002158
v 0.222646 0.022646 -0.000794
v -0.134359 -0.447132 0.248647
v -0.097526 -0.435984 0.228444
v -0.061136 -0.457710 0.253131
v -0.125019 -0.461338 0.271299
v -0.194061 -0.445739 0.276122
v -0.181101 -0.430803 0.244455
v 0.021172 -0.075642 -0.012107
v 0.019585 -0.046557 -0.009423
v 0.057050 -0.027122 -0.012208
v 0.057050 -0.027122 -0.012208
v 0.075361 -0.035999 -0.014679
v 0.075361 -0.035999 -0.014679
v -0.033879 -0.068656 -0.007215
v -0.019939 -0.047934 -0.004593
v 0.121701 -0.049158 -0.018279
v 0.121701 -0.049158 -0.018279
v 0.077787 -0.089539 -0.016734
v 0.178590 -0.062964 -0.009213
v 0.178590 -0.062964 -0.009213
v 0.138013 -0.105577 -0.011297
v 0.088983 -0.150098 -0.005693
v 0.026533 -0.137922 -0.010781
v -0.031162 -0.124473 -0.009762
v -0.030819 -0.189922 0.006567
v -0.091777 -0.173374 0.008047
v -0.139987 -0.147565 0.011354
v -0.078095 -0.107296 -0.006708
v -0.174109 -0.113779 0.016102
v -0.108438 -0.081424 -0.002758
v -0.065009 -0.052063 -0.004288
v -0.050001 -0.035032 -0.001889
v -0.126350 -0.049606 0.001711
v -0.085290 -0.030688 -0.000877
v -0.069801 -0.020316 -0.000222
v -0.097018 -0.006509 0.003375
v -0.081046 -0.002704 0.003475
v -0.095939 0.019625 0.006857
v -0.082213 0.018548 0.005409
v -0.069745 0.017646 -0.001921
v -0.073286 0.040075 0.005198
v -0.073286 0.040075 0.005198
v -0.085554 0.044486 0.007790
v -0.085554 0.044486 0.007790
v -0.064408 0.066659 0.008113
v -0.054690 0.059098 0.004160
v -0.032856 0.076346 0.006070
v -0.076532 0.075815 0.009215
v -0.037398 0.086923 0.006856
v 0.006718 0.084321 0.001848
v 0.006455 0.074569 0.001196
v 0.042683 0.057063 -0.006486
v 0.061549 0.030773 -0.011904
v 0.051708 0.028119 -0.013802
v 0.044838 0.025671 -0.018647
v 0.064741 0.003706 -0.012972
v 0.056078 0.004128 -0.014992
v 0.051200 0.003866 -0.020498
v 0.041562 -0.017810 -0.016074
v 0.041562 -0.017810 -0.016074
v 0.048281 -0.021918 -0.012422
v 0.048281 -0.021918 -0.012422
v 0.017019 -0.037664 -0.010448
v 0.016411 -0.031558 -0.016942
v -0.045804 0.101791 0.007485
v 0.005399 0.100794 0.001464
v -0.061502 0.127365 0.009725
v 0.001159 0.127121 0.002171
v -0.095372 0.088688 0.010765
v -0.128540 0.110187 0.016114
v -0.173487 0.133126 0.030994
v -0.186466 0.072418 0.021956
v -0.186466 0.072418 0.021956
v -0.234112 0.084978 0.041661
v -0.234112 0.084978 0.041661
v -0.279844 0.098114 0.064760
v -0.279844 0.098114 0.064760
v -0.218095 0.154320 0.054221
v -0.320825 0.112231 0.093560
v -0.320825 0.112231 0.093560
v -0.260327 0.173909 0.082179
v -0.356713 0.127182 0.129079
v -0.356713 0.127182 0.129079
v -0.297742 0.191625 0.115965
v -0.225264 0.248142 0.102338
v -0.330143 0.208267 0.155121
v -0.259326 0.268091 0.142623
v -0.174063 0.311837 0.130836
v -0.128185 0.284579 0.088450
v -0.087145 0.337491 0.134498
v -0.035578 0.306863 0.094765
v 0.025202 0.270757 0.064757
v 0.040154 0.337971 0.137597
v 0.098820 0.304531 0.118192
v 0.178886 0.265654 0.115826
v 0.111085 0.238210 0.058141
v 0.265735 0.217345 0.122955
v 0.207464 0.198021 0.067765
v 0.329492 0.153911 0.120185
v 0.277866 0.147067 0.071775
v 0.222679 0.131111 0.029255
v 0.317766 0.083131 0.069230
v 0.266247 0.077763 0.030522
v 0.330474 0.020484 0.066706
v 0.276877 0.021838 0.027178
v 0.319269 -0.034926 0.061614
v 0.263502 -0.027615 0.021842
v 0.206255 -0.019805 -0.004942
v 0.235599 -0.074677 0.015320
v 0.235599 -0.074677 0.015320
v 0.291643 -0.086051 0.053055
v 0.291643 -0.086051 0.053055
v 0.254583 -0.134537 0.043089
v 0.196221 -0.120067 0.010863
v 0.208954 -0.179508 0.041529
v 0.148847 -0.163979 0.012809
v 0.158869 -0.223104 0.051440
v 0.098095 -0.209217 0.025723
v 0.035487 -0.199132 0.011294
v 0.047993 -0.256805 0.051929
v -0.017683 -0.248535 0.040823
v -0.087949 -0.237186 0.038948
v -0.071930 -0.294651 0.081125
v -0.142606 -0.275667 0.079592
v -0.203743 -0.243981 0.080670
v -0.151227 -0.213318 0.040397
v -0.251407 -0.202167 0.082143
v -0.200327 -0.179388 0.043691
v -0.285003 -0.151743 0.081002
v -0.232686 -0.134986 0.045549
v -0.305529 -0.095684 0.075524
v -0.249206 -0.082737 0.043308
v -0.186256 -0.071334 0.018608
v -0.245291 -0.031274 0.036519
v -0.186057 -0.024920 0.015343
v -0.132276 -0.014349 0.004360
v -0.172076 0.020110 0.012843
v -0.123832 0.020148 0.007090
v -0.139645 0.059823 0.012275
v -0.139645 0.059823 0.012275
v -0.102879 0.050223 0.008759
v -0.102879 0.050223 0.008759
v -0.228055 0.021203 0.028559
v -0.306855 -0.037138 0.064585
v -0.282939 0.024058 0.050768
v -0.355470 -0.034779 0.094013
v -0.329928 0.032144 0.076326
v -0.396245 -0.026446 0.123261
v -0.369485 0.045362 0.106262
v -0.433678 -0.016690 0.155933
v -0.405822 0.058367 0.141540
v -0.467626 -0.006519 0.193216
v -0.440481 0.069780 0.180090
v -0.391604 0.141293 0.167750
v -0.391604 0.141293 0.167750
v -0.469958 0.081324 0.222141
v -0.422452 0.153457 0.210307
v -0.422452 0.153457 0.210307
v -0.359224 0.222269 0.198732
v -0.447146 0.165914 0.256472
v -0.447146 0.165914 0.256472
v -0.386481 0.233797 0.246175
v -0.316397 0.297215 0.237195
v -0.286927 0.285309 0.187806
v -0.240208 0.350030 0.231691
v -0.207439 0.334032 0.178750
v -0.163383 0.385547 0.230878
v -0.125583 0.364170 0.179055
v -0.097172 0.414129 0.254088
v -0.054987 0.392158 0.205270
v -0.010979 0.367284 0.166941
v 0.008132 0.421173 0.255195
v 0.053601 0.396486 0.220775
v 0.103776 0.365417 0.194008
v 0.107433 0.413153 0.278165
v 0.158003 0.381388 0.253741
v 0.218654 0.340982 0.240545
v 0.161999 0.328235 0.178161
v 0.290862 0.288096 0.235504
v 0.237588 0.283694 0.176940
v 0.366369 0.221857 0.234315
v 0.318507 0.223899 0.177848
v 0.423643 0.149241 0.234609
v 0.378501 0.153252 0.174370
v 0.459544 0.077771 0.238930
v 0.416162 0.081406 0.174367
v 0.367776 0.083798 0.117712
v 0.429332 0.013089 0.175503
v 0.381047 0.017454 0.116906
v 0.419711 -0.051491 0.170533
v 0.371012 -0.043017 0.112262
v 0.393520 -0.110286 0.158760
v 0.393520 -0.110286 0.158760
v 0.344048 -0.097942 0.101895
v 0.344048 -0.097942 0.101895
v 0.358544 -0.163902 0.144414
v 0.307685 -0.148749 0.089703
v 0.316335 -0.212787 0.132990
v 0.263612 -0.195557 0.083446
v 0.268845 -0.257939 0.131976
v 0.215092 -0.239657 0.088373
v 0.219427 -0.304189 0.146451
v 0.166147 -0.285275 0.106495
v 0.108560 -0.268899 0.075380
v 0.117360 -0.336871 0.138732
v 0.059532 -0.319509 0.110082
v -0.003337 -0.305870 0.090758
v 0.009884 -0.375356 0.154488
v -0.054430 -0.357918 0.136226
v -0.123965 -0.338615 0.125965
v -0.105248 -0.392424 0.178698
v -0.170628 -0.368019 0.166800
v -0.237575 -0.335200 0.158469
v -0.192335 -0.310020 0.121006
v -0.298161 -0.288910 0.152351
v -0.251780 -0.268828 0.118272
v -0.346625 -0.232093 0.147749
v -0.299497 -0.219125 0.115897
v -0.380973 -0.168104 0.142709
v -0.334016 -0.162265 0.112331
v -0.398082 -0.098566 0.135262
v -0.353636 -0.100040 0.105856
v -0.422567 -0.167965 0.175350
v -0.437514 -0.093207 0.167490
v -0.459848 -0.163506 0.211276
v -0.472124 -0.084789 0.204035
v -0.490996 -0.154116 0.251093
v -0.501702 -0.073164 0.244752
v -0.495535 0.005316 0.234692
v -0.524962 -0.058565 0.289070
v -0.518030 0.019438 0.279486
v -0.491423 0.094475 0.267855
v -0.533115 0.035451 0.327082
v -0.506697 0.109230 0.316454
v -0.463297 0.179046 0.306538
v -0.463297 0.179046 0.306538
v -0.515206 0.123812 0.367610
v -0.472778 0.191527 0.359510
v -0.472778 0.191527 0.359510
v -0.419415 0.255039 0.352925
v -0.405983 0.244532 0.298200
v -0.358178 0.313796 0.348735
v -0.340682 0.305625 0.291467
v -0.292335 0.365857 0.348998
v -0.270312 0.358729 0.288880
v -0.224253 0.407333 0.356677
v -0.198983 0.399094 0.292501
v -0.304547 0.370034 0.409826
v -0.235606 0.410001 0.417573
v -0.308398 0.371231 0.466812
v -0.236027 0.409067 0.471518
v -0.155296 0.437284 0.473518
v -0.230293 0.405855 0.519130
v -0.145494 0.433991 0.514726
v -0.064877 0.451747 0.499412
v -0.078852 0.454248 0.460323
v 0.005156 0.457518 0.474299
v -0.014307 0.459636 0.432574
v 0.068027 0.453004 0.444551
v 0.043441 0.454932 0.397849
v 0.010903 0.451297 0.350209
v -0.035430 0.439264 0.300088
v 0.097432 0.440799 0.363275
v 0.059069 0.435907 0.310713
v 0.149621 0.417825 0.333978
v 0.126149 0.438467 0.414597
v 0.182512 0.414602 0.388431
v 0.240135 0.381213 0.369106
v 0.203890 0.385102 0.312657
v 0.301936 0.336144 0.357565
v 0.265606 0.341200 0.299608
v 0.367661 0.278363 0.353683
v 0.334979 0.284073 0.293949
v 0.432349 0.211701 0.358167
v 0.405181 0.216242 0.295149
v 0.485109 0.142342 0.367027
v 0.460827 0.145112 0.300221
v 0.515196 0.071192 0.373005
v 0.493757 0.074762 0.307100
v 0.521010 -0.001357 0.368959
v 0.501066 0.003958 0.306114
v 0.469495 0.008801 0.240153
v 0.488911 -0.064674 0.296615
v 0.457740 -0.058111 0.232885
v 0.464252 -0.128251 0.282875
v 0.464252 -0.128251 0.282875
v 0.431935 -0.119800 0.219951
v 0.431935 -0.119800 0.219951
v 0.432194 -0.186265 0.267906
v 0.397867 -0.175815 0.204964
v 0.394288 -0.238866 0.253544
v 0.357267 -0.226490 0.191853
v 0.351373 -0.287627 0.246314
v 0.311892 -0.273659 0.188303
v 0.304411 -0.337139 0.252505
v 0.263988 -0.322061 0.198468
v 0.253138 -0.393234 0.274670
v 0.214466 -0.376481 0.223106
v 0.168609 -0.357376 0.177554
v 0.159219 -0.437047 0.260861
v 0.116658 -0.417189 0.218289
v 0.066838 -0.395504 0.182363
v 0.050639 -0.466567 0.259226
v 0.004151 -0.438118 0.223572
v -0.046677 -0.413132 0.196578
v -0.149051 -0.413764 0.213920
v -0.244791 -0.401627 0.237752
v -0.211111 -0.386096 0.203291
v -0.311745 -0.359271 0.229881
v -0.275982 -0.347968 0.194488
v -0.376179 -0.306632 0.222367
v -0.336653 -0.297526 0.187191
v -0.427166 -0.238519 0.216665
v -0.386730 -0.236069 0.181395
v -0.411244 -0.311009 0.259655
v -0.462824 -0.235726 0.254767
v -0.493268 -0.227800 0.297138
v -0.515094 -0.140259 0.294869
v -0.515314 -0.211103 0.344819
v -0.534827 -0.122421 0.341844
v -0.541022 -0.041446 0.336042
v -0.549512 -0.100860 0.389926
v -0.553365 -0.023332 0.384382
v -0.541701 0.051734 0.376663
v -0.559789 -0.006793 0.433001
v -0.546418 0.066536 0.427086
v -0.518293 0.136281 0.420099
v -0.546260 0.078303 0.477415
v -0.518008 0.146047 0.472395
v -0.478278 0.209650 0.468168
v -0.478278 0.209650 0.468168
v -0.476355 0.201376 0.414140
v -0.476355 0.201376 0.414140
v -0.429570 0.269294 0.465466
v -0.425326 0.262492 0.409837
v -0.372118 0.323486 0.464734
v -0.367018 0.318865 0.408005
v -0.428448 0.272470 0.518769
v -0.371455 0.324079 0.518194
v -0.305351 0.368727 0.518542
v -0.367248 0.322527 0.567596
v -0.299065 0.365134 0.565805
v -0.220720 0.400836 0.562047
v -0.291383 0.359679 0.608989
v -0.210652 0.394372 0.601937
v -0.124268 0.421394 0.591021
v -0.134940 0.428183 0.553117
v -0.042570 0.437295 0.575681
v -0.053791 0.444436 0.536827
v 0.032665 0.443153 0.556905
v 0.019344 0.450191 0.515053
v 0.102147 0.437887 0.535957
v 0.086146 0.445455 0.490253
v 0.166762 0.422618 0.514492
v 0.148243 0.430725 0.465066
v 0.227581 0.397088 0.494832
v 0.207581 0.406135 0.442464
v 0.286039 0.361207 0.479446
v 0.266392 0.371061 0.425362
v 0.343423 0.315802 0.470655
v 0.326440 0.325638 0.415797
v 0.401207 0.262366 0.469838
v 0.387523 0.270162 0.413545
v 0.456703 0.201331 0.475883
v 0.447773 0.206897 0.419363
v 0.502892 0.133759 0.484108
v 0.497286 0.138515 0.428482
v 0.530417 0.061783 0.486958
v 0.525372 0.066391 0.432357
v 0.536281 -0.010111 0.481788
v 0.531155 -0.006177 0.427116
v 0.524213 -0.077738 0.470886
v 0.519542 -0.074620 0.415961
v 0.507556 -0.070014 0.357640
v 0.496378 -0.138262 0.401915
v 0.496378 -0.138262 0.401915
v 0.483225 -0.133790 0.343414
v 0.483225 -0.133790 0.343414
v 0.466410 -0.197139 0.387606
v 0.452129 -0.192474 0.328767
v 0.432059 -0.251361 0.375267
v 0.415907 -0.245984 0.315638
v 0.394137 -0.302985 0.368030
v 0.375374 -0.296595 0.308808
v 0.351650 -0.356850 0.371031
v 0.330849 -0.349382 0.313544
v 0.300222 -0.415766 0.387474
v 0.280311 -0.406999 0.331960
v 0.235377 -0.474230 0.413863
v 0.218435 -0.466578 0.361777
v 0.192742 -0.453808 0.309763
v 0.140485 -0.512701 0.392472
v 0.118815 -0.504052 0.344719
v 0.089523 -0.489617 0.300116
v 0.029860 -0.529211 0.373230
v 0.002338 -0.509271 0.328330
v -0.028845 -0.482330 0.287146
v -0.093219 -0.502947 0.346722
v -0.111217 -0.480229 0.305197
v -0.197110 -0.475947 0.357757
v -0.198568 -0.458995 0.313471
v -0.268173 -0.409570 0.273354
v -0.340231 -0.363531 0.266713
v -0.070732 -0.522707 0.392166
v -0.177694 -0.499596 0.405902
v -0.286948 -0.443662 0.417144
v -0.155865 -0.509351 0.453877
v -0.262522 -0.462097 0.466490
v -0.356913 -0.394531 0.477952
v -0.381283 -0.379804 0.433224
v -0.429983 -0.326263 0.492098
v -0.335296 -0.401763 0.522734
v -0.410733 -0.327232 0.533050
v -0.467180 -0.257305 0.546289
v -0.481679 -0.261384 0.507267
v -0.510107 -0.190902 0.559291
v -0.520761 -0.197414 0.518827
v -0.536361 -0.120861 0.567897
v -0.546710 -0.129082 0.525614
v -0.550748 -0.139648 0.482823
v -0.546466 -0.155483 0.439290
v -0.557960 -0.056354 0.528552
v -0.561617 -0.067115 0.483184
v -0.557674 -0.081663 0.436933
v -0.533285 -0.179928 0.393706
v -0.560057 0.006435 0.481221
v -0.555816 0.016443 0.528546
v -0.541275 0.086544 0.526495
v -0.546112 0.024002 0.573976
v -0.532929 0.092730 0.573653
v -0.507983 0.157406 0.572207
v -0.513304 0.152228 0.523167
v -0.471577 0.217761 0.570502
v -0.471577 0.217761 0.570502
v -0.474735 0.213995 0.520342
v -0.474735 0.213995 0.520342
v -0.423928 0.272657 0.568752
v -0.464448 0.217994 0.616808
v -0.464448 0.217994 0.616808
v -0.418092 0.270928 0.615045
v -0.360060 0.318115 0.612476
v -0.411227 0.266957 0.656491
v -0.352826 0.312169 0.653116
v -0.282101 0.351670 0.647801
v -0.345335 0.304296 0.690016
v -0.273298 0.342153 0.683848
v -0.191948 0.374929 0.675653
v -0.200898 0.385198 0.639509
v -0.108067 0.399405 0.665700
v -0.115724 0.410591 0.628321
v -0.027376 0.414985 0.654108
v -0.034644 0.425897 0.614689
v 0.048971 0.421139 0.640956
v 0.041515 0.431948 0.598928
v 0.120530 0.415670 0.626297
v 0.112593 0.426640 0.581483
v 0.187040 0.399581 0.610812
v 0.178585 0.410709 0.563428
v 0.248118 0.372697 0.596017
v 0.239728 0.383875 0.546681
v 0.303841 0.335563 0.583681
v 0.296805 0.346720 0.533263
v 0.356727 0.290844 0.576064
v 0.351627 0.301498 0.525123
v 0.407781 0.241028 0.574420
v 0.406048 0.250641 0.523762
v 0.456094 0.185196 0.578179
v 0.457632 0.193098 0.528110
v 0.497372 0.123097 0.583774
v 0.501820 0.128472 0.534885
v 0.523050 0.055603 0.585676
v 0.528604 0.058349 0.537143
v 0.528472 -0.012920 0.581253
v 0.534103 -0.011891 0.532332
v 0.517010 -0.078546 0.571303
v 0.522386 -0.078795 0.522058
v 0.494921 -0.139938 0.558800
v 0.494921 -0.139938 0.558800
v 0.499963 -0.141375 0.509204
v 0.499963 -0.141375 0.509204
v 0.500010 -0.140412 0.457072
v 0.500010 -0.140412 0.457072
v 0.471330 -0.199207 0.496328
v 0.470414 -0.198676 0.443409
v 0.438625 -0.252346 0.485729
v 0.436904 -0.252481 0.432068
v 0.403125 -0.304768 0.479921
v 0.400457 -0.305271 0.425873
v 0.362407 -0.361146 0.482691
v 0.359331 -0.361202 0.428843
v 0.311599 -0.421804 0.497083
v 0.308366 -0.420803 0.443216
v 0.246752 -0.476094 0.519753
v 0.243095 -0.476884 0.467056
v 0.168252 -0.512328 0.543804
v 0.163565 -0.516374 0.493255
v 0.154346 -0.515721 0.442186
v 0.073978 -0.535449 0.516894
v 0.063034 -0.536265 0.467673
v 0.048156 -0.533487 0.419077
v -0.034093 -0.535461 0.487543
v -0.050843 -0.530966 0.438838
v -0.136299 -0.510631 0.501729
v -0.021559 -0.531845 0.534797
v -0.120187 -0.507426 0.548420
v -0.219424 -0.465138 0.559603
v -0.239356 -0.466605 0.513385
v -0.314331 -0.400587 0.566831
v -0.203105 -0.457482 0.603387
v -0.295531 -0.393963 0.609132
v -0.375807 -0.318513 0.614323
v -0.392860 -0.324562 0.573984
v -0.436070 -0.243798 0.624209
v -0.451088 -0.251037 0.585422
v -0.480956 -0.176323 0.637692
v -0.495313 -0.183551 0.599069
v -0.505580 -0.106355 0.646930
v -0.521239 -0.113028 0.608457
v -0.515319 -0.035503 0.652088
v -0.532045 -0.040855 0.613683
v -0.546316 -0.048082 0.571882
v -0.531686 0.029392 0.616571
v -0.515527 0.032764 0.655423
v -0.507300 0.098049 0.657789
v -0.519874 0.095885 0.617493
v -0.487822 0.159272 0.658732
v -0.496821 0.158599 0.617233
v -0.454894 0.215209 0.657878
v -0.454894 0.215209 0.657878
v -0.475052 0.156284 0.695017
v -0.445426 0.210638 0.695019
v -0.445426 0.210638 0.695019
v -0.401693 0.259826 0.693190
v -0.432611 0.202986 0.727938
v -0.432611 0.202986 0.727938
v -0.393158 0.251516 0.727175
v -0.336359 0.293843 0.723571
v -0.381241 0.240446 0.758031
v -0.328256 0.282285 0.755376
v -0.258432 0.317943 0.750423
v -0.264877 0.330300 0.717719
v -0.179102 0.348000 0.744654
v -0.184769 0.361616 0.710574
v -0.098854 0.370776 0.738676
v -0.103003 0.385002 0.702571
v -0.020727 0.386484 0.731768
v -0.023505 0.400668 0.693330
v 0.054559 0.392988 0.722968
v 0.052542 0.407189 0.682519
v 0.125276 0.387542 0.712555
v 0.123928 0.401769 0.670235
v 0.190588 0.371277 0.700973
v 0.189886 0.385244 0.656983
v 0.249531 0.344340 0.689289
v 0.249698 0.357732 0.644027
v 0.301977 0.307679 0.678889
v 0.303521 0.320370 0.632816
v 0.350345 0.264650 0.671954
v 0.354343 0.276436 0.625496
v 0.396364 0.217624 0.670036
v 0.403181 0.228381 0.623390
v 0.438790 0.166269 0.672156
v 0.449038 0.175371 0.626068
v 0.474574 0.110178 0.675561
v 0.487654 0.116627 0.630374
v 0.497579 0.049506 0.676831
v 0.511971 0.052733 0.631930
v 0.502067 -0.013721 0.672969
v 0.516834 -0.013307 0.627799
v 0.491785 -0.075809 0.664210
v 0.505724 -0.077337 0.618496
v 0.472115 -0.133945 0.653417
v 0.472115 -0.133945 0.653417
v 0.484786 -0.137220 0.606784
v 0.484786 -0.137220 0.606784
v 0.445936 -0.186913 0.643120
v 0.457972 -0.192285 0.595465
v 0.466424 -0.196528 0.546594
v 0.426788 -0.242973 0.586677
v 0.434317 -0.248765 0.536905
v 0.391882 -0.294115 0.582893
v 0.399134 -0.300955 0.532107
v 0.351544 -0.351193 0.587817
v 0.358692 -0.357925 0.535869
v 0.301258 -0.409814 0.602272
v 0.307963 -0.417622 0.550489
v 0.238324 -0.458195 0.621514
v 0.243376 -0.467664 0.571135
v 0.164315 -0.489576 0.640709
v 0.166740 -0.500299 0.592414
v 0.082582 -0.501224 0.656272
v 0.082621 -0.515381 0.611130
v 0.079409 -0.525190 0.564025
v -0.006025 -0.512258 0.625864
v -0.012710 -0.521448 0.580328
v -0.098119 -0.488477 0.636722
v -0.107799 -0.497900 0.592854
v -0.190285 -0.444985 0.644196
v -0.091814 -0.469986 0.676503
v -0.179678 -0.428420 0.682199
v -0.264487 -0.371041 0.685258
v -0.278993 -0.383365 0.648443
v -0.341594 -0.300671 0.687227
v -0.358339 -0.309909 0.652117
v -0.402728 -0.227683 0.692880
v -0.419622 -0.235644 0.660156
v -0.445416 -0.160444 0.702576
v -0.463780 -0.168463 0.672043
v -0.467314 -0.093778 0.710206
v -0.486547 -0.099837 0.680246
v -0.476846 -0.027975 0.715565
v -0.495633 -0.031307 0.685199
v -0.479736 0.034853 0.720448
v -0.497070 0.034446 0.689250
v -0.473830 0.093812 0.724191
v -0.490091 0.096779 0.692401
v -0.457928 0.149742 0.726560
v -0.453036 0.087116 0.752202
v -0.437560 0.140408 0.755079
v -0.414170 0.191800 0.757150
v -0.414170 0.191800 0.757150
v -0.416826 0.129483 0.782192
v -0.394892 0.179156 0.784918
v -0.394892 0.179156 0.784918
v -0.364847 0.226686 0.786645
v -0.377735 0.166253 0.812322
v -0.377735 0.166253 0.812322
v -0.350072 0.212790 0.814891
v -0.312089 0.256087 0.815914
v -0.319113 0.269041 0.785795
v -0.247689 0.289555 0.813336
v -0.251666 0.303213 0.782001
v -0.173070 0.316848 0.810628
v -0.175293 0.332131 0.777924
v -0.096752 0.337458 0.808109
v -0.097228 0.353988 0.773849
v -0.021933 0.351983 0.805028
v -0.020845 0.369165 0.768993
v 0.050374 0.357751 0.800081
v 0.053096 0.375479 0.762168
v 0.118905 0.352347 0.792816
v 0.122827 0.370084 0.753417
v 0.181304 0.336664 0.784124
v 0.186905 0.353967 0.743383
v 0.235892 0.311123 0.774929
v 0.243930 0.327490 0.733006
v 0.283194 0.277028 0.766386
v 0.293607 0.291846 0.723540
v 0.326713 0.237429 0.760684
v 0.339391 0.250393 0.717110
v 0.367733 0.194299 0.758921
v 0.383069 0.205255 0.715172
v 0.404588 0.147507 0.759716
v 0.422812 0.156330 0.716511
v 0.434922 0.096784 0.761178
v 0.455894 0.103129 0.718880
v 0.453989 0.042192 0.761072
v 0.477167 0.045743 0.719539
v 0.457413 -0.014739 0.757445
v 0.481203 -0.014254 0.715848
v 0.448693 -0.070849 0.750287
v 0.471822 -0.073394 0.707914
v 0.432669 -0.124016 0.741751
v 0.432669 -0.124016 0.741751
v 0.454235 -0.129322 0.698346
v 0.454235 -0.129322 0.698346
v 0.410727 -0.172737 0.734082
v 0.430256 -0.180196 0.689342
v 0.382935 -0.218036 0.728705
v 0.400415 -0.227148 0.682813
v 0.414826 -0.235482 0.635442
v 0.366037 -0.276213 0.681465
v 0.380005 -0.285552 0.632900
v 0.325946 -0.331275 0.687882
v 0.339530 -0.341771 0.638790
v 0.276842 -0.385022 0.700653
v 0.289186 -0.397301 0.652421
v 0.217404 -0.428247 0.715980
v 0.227435 -0.441685 0.669335
v 0.148556 -0.454293 0.729526
v 0.156042 -0.469737 0.685419
v 0.073607 -0.462247 0.739480
v 0.078272 -0.480387 0.698307
v -0.004866 -0.453012 0.746172
v -0.003730 -0.473023 0.707652
v -0.003985 -0.492276 0.667198
v -0.087383 -0.449425 0.714251
v -0.084187 -0.428541 0.750223
v -0.162187 -0.390912 0.752158
v -0.170321 -0.409446 0.717931
v -0.236925 -0.341278 0.752318
v -0.250058 -0.355922 0.719537
v -0.305696 -0.280783 0.751332
v -0.323045 -0.290608 0.720086
v -0.362876 -0.213383 0.751667
v -0.382673 -0.220162 0.722953
v -0.402396 -0.147722 0.756180
v -0.423379 -0.153160 0.729816
v -0.425799 -0.085863 0.762590
v -0.445541 -0.088867 0.736766
v -0.438724 -0.027398 0.769243
v -0.456844 -0.026617 0.742840
v -0.439990 0.026521 0.774628
v -0.459546 0.031599 0.748146
v -0.431490 0.078320 0.778670
v -0.421230 0.019678 0.800378
v -0.412853 0.068970 0.804912
v -0.397952 0.117838 0.808818
v -0.397361 0.059295 0.831173
v -0.382935 0.106489 0.835613
v -0.362957 0.153320 0.839613
v -0.362957 0.153320 0.839613
v -0.370671 0.095308 0.862466
v -0.351055 0.140886 0.867002
v -0.351055 0.140886 0.867002
v -0.326012 0.185329 0.871039
v -0.336721 0.198737 0.842942
v -0.293126 0.227030 0.874106
v -0.301361 0.241107 0.845052
v -0.239008 0.259752 0.874518
v -0.242144 0.274048 0.844086
v -0.171765 0.284354 0.874401
v -0.171970 0.300000 0.842736
v -0.100681 0.303331 0.874579
v -0.098347 0.319850 0.841659
v -0.029222 0.316347 0.874098
v -0.025256 0.333620 0.840076
v 0.039938 0.320788 0.871922
v 0.045391 0.338709 0.836673
v 0.103966 0.315036 0.867578
v 0.112071 0.333202 0.830903
v 0.161347 0.300171 0.861369
v 0.171844 0.317895 0.823497
v 0.211192 0.276448 0.854471
v 0.223884 0.293215 0.815476
v 0.254022 0.245408 0.847954
v 0.268769 0.260641 0.807895
v 0.293318 0.209878 0.843832
v 0.310224 0.223146 0.802966
v 0.329225 0.171247 0.842290
v 0.348829 0.182463 0.801276
v 0.359995 0.129324 0.842008
v 0.382754 0.138315 0.801467
v 0.383998 0.083994 0.841658
v 0.409877 0.090388 0.801925
v 0.398360 0.035414 0.840120
v 0.426492 0.038682 0.800995
v 0.401008 -0.015038 0.836750
v 0.429557 -0.014905 0.797479
v 0.394427 -0.064812 0.831561
v 0.421927 -0.067726 0.791334
v 0.381320 -0.112126 0.825512
v 0.381320 -0.112126 0.825512
v 0.407446 -0.117878 0.784021
v 0.407446 -0.117878 0.784021
v 0.362800 -0.156105 0.819742
v 0.387333 -0.164228 0.777303
v 0.339225 -0.198770 0.815896
v 0.361815 -0.208446 0.772933
v 0.310781 -0.245432 0.816579
v 0.331135 -0.256004 0.773459
v 0.349451 -0.266308 0.728494
v 0.293459 -0.307657 0.779770
v 0.309494 -0.319507 0.735036
v 0.246593 -0.356423 0.790067
v 0.261117 -0.370005 0.746444
v 0.190879 -0.393889 0.800708
v 0.203406 -0.409522 0.759164
v 0.127804 -0.415602 0.809005
v 0.137908 -0.433640 0.769979
v 0.059741 -0.420736 0.814283
v 0.066704 -0.440411 0.777571
v -0.010518 -0.410623 0.816778
v -0.007473 -0.430679 0.782088
v -0.080618 -0.387836 0.817183
v -0.081980 -0.406995 0.784220
v -0.148851 -0.354543 0.816099
v -0.154847 -0.371599 0.784575
v -0.213695 -0.311937 0.813862
v -0.224315 -0.325708 0.783508
v -0.273283 -0.260775 0.810809
v -0.288065 -0.270198 0.781468
v -0.324788 -0.202695 0.808003
v -0.342105 -0.207540 0.780012
v -0.363988 -0.143000 0.808538
v -0.381450 -0.144502 0.782208
v -0.390573 -0.087049 0.813429
v -0.406555 -0.085547 0.787814
v -0.404779 -0.035788 0.820269
v -0.420416 -0.030951 0.794684
v -0.405082 0.011925 0.826123
v -0.390768 -0.041777 0.845908
v -0.391880 0.003846 0.852047
v -0.384435 0.049375 0.857474
v -0.380711 -0.004337 0.878050
v -0.373855 0.039746 0.883871
v -0.360219 0.084418 0.889302
v 0.238473 0.230571 0.886780
v 0.275685 0.197020 0.883443
v 0.308751 0.160232 0.882058
v 0.336450 0.120324 0.881409
v 0.357434 0.077334 0.880481
v 0.369767 0.031732 0.878576
v 0.371937 -0.015297 0.875424
v 0.366300 -0.061994 0.871083
v 0.354690 -0.106755 0.866143
v 0.354690 -0.106755 0.866143
v 0.337681 -0.148609 0.861324
v 0.315878 -0.189806 0.857979
v 0.289643 -0.235015 0.858372
v 0.257151 -0.283121 0.862901
v 0.275200 -0.295182 0.822236
v 0.215338 -0.327216 0.869729
v 0.230417 -0.341096 0.830852
v 0.164221 -0.360325 0.876156
v 0.177050 -0.376152 0.839251
v 0.106455 -0.378888 0.880428
v 0.116786 -0.396072 0.845382
v 0.044847 -0.382342 0.881982
v 0.052131 -0.400075 0.848639
v -0.017947 -0.372616 0.881240
v -0.014146 -0.390029 0.849407
v -0.080038 -0.352386 0.878975
v -0.079960 -0.368574 0.848419
v -0.140126 -0.323584 0.875751
v -0.143821 -0.337700 0.846237
v -0.197073 -0.287273 0.871890
v -0.204400 -0.298528 0.843182
v -0.249593 -0.244133 0.867695
v -0.260125 -0.251768 0.839569
v -0.296060 -0.195324 0.863890
v -0.308800 -0.198716 0.836238
v -0.334619 -0.143839 0.862324
v -0.347697 -0.143236 0.835470
v -0.363605 -0.093986 0.865287
v -0.375436 -0.090370 0.839241
v -0.378776 -0.048135 0.871704
v -0.322279 -0.144696 0.889379
v -0.507178 -0.255545 0.400892
v 0.019195 -0.014746 -0.049201
v -0.371509 0.037510 0.890376
v -0.360431 0.081661 0.890376
v -0.356107 0.093863 0.890376
v -0.342340 0.130645 0.890376
v -0.342340 0.130645 0.890376
v -0.338318 0.138540 0.890376
v -0.319143 0.176172 0.890376
v -0.308176 0.191055 0.890376
v -0.287785 0.218633 0.890376
v -0.264270 0.232980 0.890376
v -0.235921 0.251318 0.890376
v -0.204714 0.262703 0.890376
v -0.171241 0.275965 0.890376
v -0.136510 0.285284 0.890376
v -0.102061 0.295127 0.890376
v -0.066300 0.301519 0.890376
v -0.031736 0.307836 0.890376
v 0.000892 0.309402 0.890376
v 0.036109 0.311126 0.890376
v 0.061669 0.307876 0.890376
v 0.097747 0.303426 0.890376
v 0.114458 0.298016 0.890376
v 0.151831 0.286243 0.890376
v 0.160042 0.281577 0.890376
v 0.199500 0.259358 0.890376
v 0.210689 0.250367 0.890376
v 0.197911 0.260691 0.890376
v 0.199500 0.259358 0.890376
v 0.240579 0.225943 0.890376
v 0.272678 0.194926 0.890376
v 0.278223 0.188302 0.890376
v 0.304573 0.158062 0.890376
v 0.309933 0.149623 0.890376
v 0.331259 0.118363 0.890376
v 0.335518 0.108489 0.890376
v 0.351014 0.075688 0.890376
v 0.353632 0.063910 0.890376
v 0.361659 0.030567 0.890376
v 0.361603 0.015817 0.890376
v 0.361596 -0.015639 0.890376
v 0.358430 -0.034365 0.890376
v 0.353554 -0.061015 0.890376
v 0.346397 -0.084041 0.890376
v 0.339749 -0.104101 0.890376
v 0.327665 -0.130720 0.890376
v 0.321162 -0.144263 0.890376
v 0.304323 -0.174295 0.890376
v 0.298846 -0.183725 0.890376
v 0.279473 -0.217850 0.890376
v 0.274007 -0.227358 0.890376
v 0.252682 -0.261455 0.890376
v 0.244559 -0.274674 0.890376
v -0.352319 -0.097763 0.890376
v -0.353255 -0.095336 0.890376
v -0.374014 -0.027371 0.890376
v -0.375883 -0.008051 0.890376
v -0.375883 -0.008051 0.890376
v -0.372782 0.023007 0.890376
v 0.221078 -0.301581 0.890376
v 0.206527 -0.319082 0.890376
v 0.206527 -0.319082 0.890376
v 0.180603 -0.338182 0.890376
v 0.158813 -0.353590 0.890376
v 0.120853 -0.367509 0.890376
v 0.103257 -0.373494 0.890376
v 0.058421 -0.376646 0.890376
v 0.042838 -0.377438 0.890376
v -0.002252 -0.370163 0.890376
v -0.019190 -0.367234 0.890376
v -0.059614 -0.353264 0.890376
v -0.080253 -0.346015 0.890376
v -0.113157 -0.329274 0.890376
v -0.138594 -0.316336 0.890376
v -0.162598 -0.300109 0.890376
v -0.192890 -0.279893 0.890376
v -0.207809 -0.266929 0.890376
v -0.242019 -0.238001 0.890376
v -0.248902 -0.230412 0.890376
v -0.286228 -0.190664 0.890376
v -0.302117 -0.170159 0.890376
v -0.285101 -0.192199 0.890376
v -0.286228 -0.190664 0.890376
v -0.336894 -0.121585 0.890376
v -0.352319 -0.097763 0.890376
v -0.360431 0.081661 0.890376
v -0.359848 0.084012 0.890376
v -0.359848 0.084012 0.890376
v -0.359278 0.085523 0.890376
v -0.359278 0.085523 0.890376
v -0.356107 0.093863 0.890376
v -0.338318 0.138540 0.890376
v -0.319143 0.176172 0.890376
v -0.308176 0.191055 0.890376
v -0.287785 0.218633 0.890376
v -0.264270 0.232980 0.890376
v -0.235921 0.251318 0.890376
v -0.204714 0.262703 0.890376
v -0.171241 0.275965 0.890376
v -0.136510 0.285284 0.890376
v -0.102061 0.295127 0.890376
v -0.066300 0.301519 0.890376
v -0.031736 0.307836 0.890376
v 0.000892 0.309402 0.890376
v 0.036109 0.311126 0.890376
v 0.061669 0.307876 0.890376
v 0.097747 0.303426 0.890376
v 0.114458 0.298016 0.890376
v 0.151831 0.286243 0.890376
v 0.160042 0.281577 0.890376
v 0.197911 0.260691 0.890376
v 0.210689 0.250367 0.890376
v 0.237077 0.229302 0.890376
v 0.237077 0.229302 0.890376
v 0.240579 0.225943 0.890376
v 0.272678 0.194926 0.890376
v 0.278223 0.188302 0.890376
v 0.304573 0.158062 0.890376
v 0.309933 0.149623 0.890376
v 0.331259 0.118363 0.890376
v 0.335518 0.108489 0.890376
v 0.351014 0.075688 0.890376
v 0.353632 0.063910 0.890376
v 0.361659 0.030567 0.890376
v 0.361603 0.015817 0.890376
v 0.361596 -0.015639 0.890376
v 0.358430 -0.034365 0.890376
v 0.353554 -0.061015 0.890376
v 0.346397 -0.084041 0.890376
v 0.339749 -0.104101 0.890376
v 0.327665 -0.130720 0.890376
v 0.321162 -0.144263 0.890376
v 0.304323 -0.174295 0.890376
v 0.298846 -0.183725 0.890376
v 0.279473 -0.217850 0.890376
v 0.274007 -0.227358 0.890376
v 0.252682 -0.261455 0.890376
v -0.353255 -0.095336 0.890376
v -0.370755 -0.052639 0.890376
v -0.370755 -0.052639 0.890376
v -0.374014 -0.027371 0.890376
v -0.372782 0.023007 0.890376
v -0.371509 0.037510 0.890376
v 0.244559 -0.274674 0.890376
v 0.221078 -0.301581 0.890376
v 0.180603 -0.338182 0.890376
v 0.158813 -0.353590 0.890376
v 0.120853 -0.367509 0.890376
v 0.103257 -0.373494 0.890376
v 0.058421 -0.376646 0.890376
v 0.042838 -0.377438 0.890376
v -0.002252 -0.370163 0.890376
v -0.019190 -0.367234 0.890376
v -0.059614 -0.353264 0.890376
v -0.080253 -0.346015 0.890376
v -0.113157 -0.329274 0.890376
v -0.138594 -0.316336 0.890376
v -0.162598 -0.300109 0.890376
v -0.192890 -0.279893 0.890376
v -0.207809 -0.266929 0.890376
v -0.242019 -0.238001 0.890376
v -0.248902 -0.230412 0.890376
v -0.285101 -0.192199 0.890376
v -0.302117 -0.170159 0.890376
v -0.321880 -0.144711 0.890376
v -0.321880 -0.144711 0.890376
v -0.322919 -0.143161 0.890376
v -0.322919 -0.143161 0.890376
v -0.336894 -0.121585 0.890376
v 0.327665 -0.130720 0.890376
v 0.279473 -0.217850 0.890376
v 0.274007 -0.227358 0.890376
v -0.359278 0.085523 0.890376
v 0.361603 0.015817 0.890376
v -0.080253 -0.346015 0.890376
v -0.287785 0.218633 0.890376
v 0.321162 -0.144263 0.890376
v -0.019190 -0.367234 0.890376
v -0.059614 -0.353264 0.890376
v -0.002252 -0.370163 0.890376
v 0.331259 0.118363 0.890376
v 0.151831 0.286243 0.890376
v -0.031736 0.307836 0.890376
v -0.113157 -0.329274 0.890376
v 0.114458 0.298016 0.890376
v 0.304323 -0.174295 0.890376
v 0.361659 0.030567 0.890376
v 0.120853 -0.367509 0.890376
v 0.240579 0.225943 0.890376
v -0.286228 -0.190664 0.890376
v -0.285101 -0.192199 0.890376
v -0.235921 0.251318 0.890376
v -0.102061 0.295127 0.890376
v -0.352319 -0.097763 0.890376
v 0.210689 0.250367 0.890376
v 0.158813 -0.353590 0.890376
v 0.097747 0.303426 0.890376
v -0.192890 -0.279893 0.890376
v 0.237077 0.229302 0.890376
v -0.338318 0.138540 0.890376
v -0.371509 0.037510 0.890376
v 0.339749 -0.104101 0.890376
v -0.242019 -0.238001 0.890376
v 0.361596 -0.015639 0.890376
v 0.206527 -0.319082 0.890376
v 0.353632 0.063910 0.890376
v 0.346397 -0.084041 0.890376
v -0.066300 0.301519 0.890376
v 0.309933 0.149623 0.890376
v 0.221078 -0.301581 0.890376
v -0.302117 -0.170159 0.890376
v 0.000892 0.309402 0.890376
v -0.264270 0.232980 0.890376
v 0.160042 0.281577 0.890376
v -0.359848 0.084012 0.890376
v 0.061669 0.307876 0.890376
v 0.042838 -0.377438 0.890376
v -0.353255 -0.095336 0.890376
v 0.103257 -0.373494 0.890376
v -0.342340 0.130645 0.890376
v -0.322919 -0.143161 0.890376
v -0.356107 0.093863 0.890376
v -0.308176 0.191055 0.890376
v 0.351014 0.075688 0.890376
v 0.335518 0.108489 0.890376
v -0.374014 -0.027371 0.890376
v -0.207809 -0.266929 0.890376
v -0.204714 0.262703 0.890376
v -0.321880 -0.144711 0.890376
v 0.304573 0.158062 0.890376
v -0.360431 0.081661 0.890376
v -0.138594 -0.316336 0.890376
v -0.319143 0.176172 0.890376
v -0.248902 -0.230412 0.890376
v 0.197911 0.260691 0.890376
v -0.375883 -0.008051 0.890376
v 0.058421 -0.376646 0.890376
v 0.298846 -0.183725 0.890376
v 0.358430 -0.034365 0.890376
v 0.199500 0.259358 0.890376
v -0.370755 -0.052639 0.890376
v 0.353554 -0.061015 0.890376
v 0.278223 0.188302 0.890376
v -0.372782 0.023007 0.890376
v -0.336894 -0.121585 0.890376
v -0.136510 0.285284 0.890376
v 0.252682 -0.261455 0.890376
v 0.272678 0.194926 0.890376
v 0.244559 -0.274674 0.890376
v 0.180603 -0.338182 0.890376
v -0.171241 0.275965 0.890376
v -0.162598 -0.300109 0.890376
v 0.036109 0.311126 0.890376
vt 0.637631 0.577776
vt 0.652907 0.593056
vt 0.635745 0.610351
vt 0.609925 0.584084
vt 0.606154 0.557767
vt 0.634089 0.555898
vt 0.230346 0.164713
vt 0.266909 0.156999
vt 0.258606 0.183067
vt 0.227310 0.181121
vt 0.193077 0.176647
vt 0.217772 0.153103
vt 0.241094 0.136051
vt 0.690647 0.628041
vt 0.705953 0.633691
vt 0.698164 0.664724
vt 0.685442 0.657211
vt 0.691452 0.597672
vt 0.712941 0.599868
vt 0.665832 0.620503
vt 0.040351 0.796489
vt 0.036683 0.797322
vt 0.039118 0.789918
vt 0.043293 0.792115
vt 0.046240 0.795238
vt 0.040473 0.800649
vt 0.036531 0.801692
vt 0.041375 0.370283
vt 0.041300 0.803923
vt 0.036130 0.375182
vt 0.048504 0.798846
vt 0.035379 0.368656
vt 0.042468 0.366665
vt 0.048636 0.369105
vt 0.042457 0.374371
vt 0.037820 0.378797
vt 0.036394 0.805326
vt 0.042010 0.381463
vt 0.034039 0.801589
vt 0.045480 0.380991
vt 0.033372 0.797237
vt 0.039833 0.379051
vt 0.033936 0.805429
vt 0.044415 0.376933
vt 0.063159 0.799587
vt 0.980658 0.650373
vt 0.975821 0.655579
vt 0.069907 0.798849
vt 0.969096 0.652387
vt 0.973636 0.645644
vt 0.034976 0.358063
vt 0.981414 0.640834
vt 0.027425 0.360457
vt 0.058897 0.798155
vt 0.984807 0.648007
vt 0.065681 0.792641
vt 0.054156 0.787467
vt 0.063221 0.788430
vt 0.048530 0.785371
vt 0.050731 0.776918
vt 0.057817 0.778553
vt 0.063327 0.780794
vt 0.975236 0.658928
vt 0.072479 0.796676
vt 0.977206 0.670227
vt 0.074390 0.785969
vt 0.970842 0.675284
vt 0.967017 0.664577
vt 0.067982 0.777990
vt 0.071289 0.781951
vt 0.044846 0.765143
vt 0.038849 0.763784
vt 0.038772 0.757393
vt 0.046282 0.760017
vt 0.049105 0.769794
vt 0.042167 0.771150
vt 0.053962 0.766500
vt 0.073014 0.768911
vt 0.986180 0.680016
vt 0.076861 0.761416
vt 0.980050 0.675627
vt 0.084536 0.765333
vt 0.076609 0.771671
vt 0.974315 0.678923
vt 0.078739 0.778988
vt 0.077180 0.775779
vt 0.086577 0.773749
vt 0.976695 0.682457
vt 0.972017 0.683800
vt 0.084518 0.778478
vt 0.976020 0.636539
vt 0.035413 0.353519
vt 0.046420 0.358731
vt 0.053623 0.364918
vt 0.960833 0.666127
vt 0.957938 0.664896
vt 0.959312 0.655069
vt 0.961727 0.648013
vt 0.055939 0.760224
vt 0.060198 0.408689
vt 0.982248 0.694100
vt 0.059018 0.418910
vt 0.065191 0.760897
vt 0.064764 0.766673
vt 0.036418 0.782989
vt 0.055431 0.382324
vt 0.054769 0.388196
vt 0.038364 0.776376
vt 0.044157 0.776906
vt 0.042507 0.782950
vt 0.063271 0.387888
vt 0.058348 0.391664
vt 0.061007 0.374877
vt 0.067728 0.384111
vt 0.043750 0.407435
vt 0.038726 0.753692
vt 0.034499 0.757268
vt 0.042229 0.399488
vt 0.034522 0.752435
vt 0.044818 0.403233
vt 0.051166 0.407496
vt 0.046726 0.754464
vt 0.053056 0.402434
vt 0.963571 0.676607
vt 0.957039 0.677329
vt 0.032879 0.761808
vt 0.044027 0.395662
vt 0.047500 0.397906
vt 0.050083 0.390589
vt 0.036246 0.770939
vt 0.052552 0.395971
vt 0.071594 0.756680
vt 0.981247 0.686197
vt 0.051414 0.374739
vt 0.034522 0.789507
vt 0.051080 0.380521
vt 0.065523 0.370483
vt 0.072565 0.382322
vt 0.056592 0.360373
vt 0.063160 0.418341
vt 0.977856 0.693444
vt 0.065779 0.417519
vt 0.974855 0.695708
vt 0.060521 0.398935
vt 0.065621 0.396130
vt 0.065735 0.404968
vt 0.109778 0.321197
vt 0.089345 0.334695
vt 0.065756 0.309517
vt 0.064081 0.284737
vt 0.066306 0.254950
vt 0.097391 0.283365
vt 0.142079 0.363660
vt 0.117666 0.364213
vt 0.098961 0.399346
vt 0.116524 0.392946
vt 0.125993 0.407519
vt 0.118662 0.418852
vt 0.089477 0.376655
vt 0.100852 0.369587
vt 0.084437 0.396729
vt 0.081959 0.379950
vt 0.088963 0.417123
vt 0.080788 0.410819
vt 0.105644 0.430145
vt 0.137435 0.390125
vt 0.146350 0.413563
vt 0.140142 0.431761
vt 0.736343 0.710341
vt 0.750593 0.718749
vt 0.742882 0.733874
vt 0.719202 0.714362
vt 0.710498 0.692345
vt 0.729397 0.691990
vt 0.947597 0.700278
vt 0.958630 0.693630
vt 0.069142 0.423761
vt 0.969476 0.706477
vt 0.073005 0.428483
vt 0.968147 0.716211
vt 0.942740 0.676648
vt 0.951995 0.677659
vt 0.086786 0.441071
vt 0.964543 0.746630
vt 0.948673 0.727482
vt 0.106564 0.456898
vt 0.958704 0.780552
vt 0.943278 0.760919
vt 0.924298 0.743335
vt 0.924787 0.714461
vt 0.922722 0.689096
vt 0.896325 0.700760
vt 0.894108 0.675772
vt 0.894789 0.654052
vt 0.921062 0.668015
vt 0.899144 0.634992
vt 0.924208 0.651451
vt 0.943084 0.661338
vt 0.952246 0.663249
vt 0.931126 0.637837
vt 0.946550 0.649222
vt 0.953640 0.652702
vt 0.952002 0.639101
vt 0.956946 0.644201
vt 0.960679 0.632403
vt 0.963521 0.637486
vt 0.967163 0.641592
vt 0.973243 0.633085
vt 0.034059 0.349935
vt 0.971574 0.628717
vt 0.032121 0.345843
vt 0.046332 0.347522
vt 0.047012 0.352863
vt 0.058346 0.355726
vt 0.045227 0.340920
vt 0.059900 0.350618
vt 0.072032 0.363415
vt 0.069197 0.367129
vt 0.076899 0.381433
vt 0.078848 0.395386
vt 0.074184 0.394582
vt 0.069863 0.394842
vt 0.077798 0.407771
vt 0.074062 0.405495
vt 0.070144 0.404480
vt 0.067796 0.418240
vt 0.972502 0.698373
vt 0.970674 0.701780
vt 0.068368 0.420876
vt 0.961151 0.690494
vt 0.965366 0.687945
vt 0.061285 0.342680
vt 0.076251 0.356837
vt 0.063915 0.329349
vt 0.082332 0.346228
vt 0.043459 0.330739
vt 0.040978 0.312551
vt 0.037387 0.288593
vt 0.015213 0.301085
vt 0.953474 0.583522
vt 0.009709 0.275434
vt 0.940957 0.558567
vt 0.925791 0.533107
vt 0.007843 0.248048
vt 0.035720 0.262945
vt 0.010773 0.219691
vt 0.907693 0.508151
vt 0.037714 0.236700
vt 0.018828 0.190668
vt 0.885756 0.483888
vt 0.043741 0.210242
vt 0.071409 0.229055
vt 0.053981 0.184272
vt 0.080120 0.203796
vt 0.106402 0.225582
vt 0.100153 0.253535
vt 0.132422 0.245033
vt 0.129717 0.273462
vt 0.132631 0.303039
vt 0.164217 0.279608
vt 0.170070 0.305869
vt 0.186288 0.335630
vt 0.150401 0.333816
vt 0.205488 0.366384
vt 0.175150 0.365807
vt 0.214715 0.397542
vt 0.189801 0.394518
vt 0.162958 0.392158
vt 0.192564 0.423021
vt 0.169051 0.418035
vt 0.188290 0.448583
vt 0.163493 0.440971
vt 0.176421 0.469131
vt 0.150148 0.458063
vt 0.126369 0.445380
vt 0.949677 0.813295
vt 0.129857 0.471713
vt 0.936669 0.844680
vt 0.156180 0.485031
vt 0.923570 0.822047
vt 0.934795 0.792111
vt 0.907742 0.801032
vt 0.917695 0.772403
vt 0.889478 0.781804
vt 0.897083 0.755111
vt 0.898786 0.728128
vt 0.870373 0.742439
vt 0.870004 0.716164
vt 0.867036 0.688261
vt 0.841100 0.703531
vt 0.838897 0.675935
vt 0.838655 0.650398
vt 0.865978 0.662557
vt 0.843228 0.626877
vt 0.868417 0.639616
vt 0.853917 0.605114
vt 0.876963 0.619308
vt 0.868243 0.584590
vt 0.890491 0.601167
vt 0.910174 0.620963
vt 0.907141 0.588740
vt 0.924867 0.609382
vt 0.941259 0.627440
vt 0.941718 0.602579
vt 0.954054 0.621659
vt 0.022508 0.323330
vt 0.962902 0.605889
vt 0.969254 0.621614
vt 0.029099 0.338955
vt 0.926686 0.579854
vt 0.886606 0.568264
vt 0.910167 0.557490
vt 0.868146 0.549872
vt 0.894338 0.536791
vt 0.851862 0.532691
vt 0.878003 0.516584
vt 0.835183 0.516844
vt 0.858665 0.496821
vt 0.815499 0.502784
vt 0.835975 0.479764
vt 0.859944 0.461967
vt 0.030795 0.162403
vt 0.810747 0.466231
vt 0.831077 0.444320
vt 0.045196 0.136444
vt 0.067505 0.159870
vt 0.799393 0.431077
vt 0.061353 0.113145
vt 0.082757 0.136577
vt 0.107436 0.156580
vt 0.092927 0.180070
vt 0.131588 0.174988
vt 0.117616 0.199900
vt 0.153309 0.192358
vt 0.141178 0.218859
vt 0.177923 0.201918
vt 0.168394 0.228491
vt 0.163765 0.253958
vt 0.200515 0.230818
vt 0.197264 0.255479
vt 0.197889 0.280810
vt 0.228286 0.255924
vt 0.228342 0.281049
vt 0.235396 0.307596
vt 0.204018 0.307185
vt 0.246301 0.337778
vt 0.218060 0.335918
vt 0.257280 0.371595
vt 0.232459 0.368579
vt 0.263577 0.403462
vt 0.239024 0.401065
vt 0.267661 0.432375
vt 0.241597 0.431081
vt 0.216684 0.427646
vt 0.240347 0.458071
vt 0.213900 0.454488
vt 0.233255 0.483580
vt 0.204597 0.477970
vt 0.215538 0.506027
vt 0.898971 0.900854
vt 0.919474 0.874241
vt 0.185143 0.496765
vt 0.889428 0.875761
vt 0.908307 0.850504
vt 0.878140 0.851953
vt 0.894894 0.828550
vt 0.864501 0.828877
vt 0.878474 0.806876
vt 0.845590 0.810403
vt 0.858012 0.789788
vt 0.866892 0.766898
vt 0.832981 0.775248
vt 0.838769 0.753872
vt 0.841436 0.730085
vt 0.809466 0.741124
vt 0.812649 0.717952
vt 0.812004 0.691630
vt 0.784025 0.708010
vt 0.783219 0.682286
vt 0.782300 0.656926
vt 0.810398 0.665207
vt 0.785569 0.632996
vt 0.811799 0.640684
vt 0.795775 0.607779
vt 0.818560 0.616634
vt 0.811331 0.580211
vt 0.831233 0.591980
vt 0.829545 0.554113
vt 0.847328 0.569170
vt 0.793730 0.568018
vt 0.812662 0.539807
vt 0.776132 0.556040
vt 0.794599 0.527170
vt 0.757156 0.544629
vt 0.774085 0.516301
vt 0.792055 0.491215
vt 0.750861 0.504385
vt 0.766107 0.480437
vt 0.783877 0.455399
vt 0.737390 0.469239
vt 0.754510 0.445457
vt 0.763458 0.420992
vt 0.080376 0.092970
vt 0.721494 0.435527
vt 0.727507 0.411402
vt 0.105570 0.075852
vt 0.123816 0.096399
vt 0.100944 0.115128
vt 0.145297 0.114322
vt 0.124235 0.134332
vt 0.167905 0.129865
vt 0.147813 0.151150
vt 0.189928 0.143413
vt 0.169518 0.166334
vt 0.192664 0.110678
vt 0.214152 0.123644
vt 0.219608 0.094527
vt 0.239418 0.110173
vt 0.263035 0.130064
vt 0.261764 0.103733
vt 0.278500 0.128291
vt 0.288677 0.153289
vt 0.279088 0.154894
vt 0.290080 0.179143
vt 0.276157 0.181890
vt 0.285762 0.206114
vt 0.265351 0.207534
vt 0.239976 0.207435
vt 0.208263 0.206155
vt 0.258948 0.231359
vt 0.231949 0.231550
vt 0.255799 0.255962
vt 0.281916 0.230457
vt 0.279887 0.255114
vt 0.281154 0.280667
vt 0.256119 0.280858
vt 0.286428 0.308918
vt 0.262536 0.308432
vt 0.294539 0.340342
vt 0.271326 0.340064
vt 0.305957 0.371452
vt 0.281550 0.373291
vt 0.315020 0.399301
vt 0.289095 0.403251
vt 0.321228 0.426224
vt 0.294756 0.430558
vt 0.322319 0.455534
vt 0.296352 0.457588
vt 0.268285 0.458870
vt 0.290403 0.485751
vt 0.262032 0.485584
vt 0.278615 0.512911
vt 0.852100 0.944932
vt 0.876418 0.924747
vt 0.247058 0.511277
vt 0.845437 0.918153
vt 0.868262 0.898309
vt 0.837097 0.892910
vt 0.858662 0.873433
vt 0.827634 0.868900
vt 0.847367 0.849681
vt 0.814675 0.846953
vt 0.831326 0.829377
vt 0.794299 0.827744
vt 0.808709 0.811484
vt 0.822065 0.794116
vt 0.781687 0.795293
vt 0.794224 0.779448
vt 0.803429 0.761573
vt 0.763076 0.764474
vt 0.772655 0.748914
vt 0.780309 0.730500
vt 0.756083 0.699472
vt 0.732935 0.668937
vt 0.756219 0.674941
vt 0.736001 0.643351
vt 0.757046 0.650021
vt 0.745636 0.617183
vt 0.763662 0.625288
vt 0.759607 0.586880
vt 0.776998 0.597177
vt 0.729188 0.609465
vt 0.742307 0.576737
vt 0.723694 0.564359
vt 0.736456 0.532017
vt 0.701784 0.549193
vt 0.712477 0.518332
vt 0.722493 0.492913
vt 0.682734 0.508471
vt 0.692383 0.482727
vt 0.706827 0.458605
vt 0.663680 0.476703
vt 0.675656 0.450984
vt 0.687167 0.427186
vt 0.645776 0.448537
vt 0.653432 0.423952
vt 0.171802 0.045884
vt 0.656122 0.401120
vt 0.137352 0.060322
vt 0.691022 0.403810
vt 0.184021 0.063829
vt 0.152056 0.079337
vt 0.200374 0.079958
vt 0.171513 0.096103
vt 0.216918 0.050889
vt 0.230464 0.067085
vt 0.245960 0.084023
vt 0.258714 0.058955
vt 0.269731 0.078588
vt 0.281546 0.100914
vt 0.291676 0.076266
vt 0.299685 0.099847
vt 0.307495 0.125457
vt 0.292721 0.126877
vt 0.313963 0.149943
vt 0.300414 0.151622
vt 0.318281 0.174893
vt 0.303708 0.176847
vt 0.320385 0.200503
vt 0.303552 0.203371
vt 0.321157 0.225688
vt 0.302258 0.228451
vt 0.321939 0.250845
vt 0.301649 0.253464
vt 0.324303 0.276975
vt 0.303491 0.279563
vt 0.330350 0.304601
vt 0.308781 0.308094
vt 0.340501 0.331668
vt 0.317514 0.337801
vt 0.353139 0.358900
vt 0.330225 0.366231
vt 0.363051 0.386462
vt 0.339926 0.393324
vt 0.368199 0.415059
vt 0.345391 0.421297
vt 0.370802 0.444817
vt 0.347043 0.451440
vt 0.372297 0.473025
vt 0.345697 0.480365
vt 0.318253 0.484431
vt 0.340855 0.508052
vt 0.798548 0.972667
vt 0.309926 0.512061
vt 0.825883 0.960707
vt 0.794523 0.946238
vt 0.820684 0.934128
vt 0.788550 0.921211
vt 0.813707 0.909013
vt 0.781331 0.896988
vt 0.805322 0.885041
vt 0.773008 0.873747
vt 0.795386 0.862175
vt 0.758724 0.853042
vt 0.777910 0.841686
vt 0.735907 0.831207
vt 0.752395 0.821405
vt 0.767599 0.809361
vt 0.724372 0.799467
vt 0.738552 0.789500
vt 0.751624 0.777933
vt 0.710861 0.767704
vt 0.722612 0.757934
vt 0.733419 0.746581
vt 0.699177 0.735486
vt 0.709355 0.725954
vt 0.683579 0.705390
vt 0.696315 0.697497
vt 0.714330 0.665551
vt 0.718826 0.637451
vt 0.688116 0.743599
vt 0.670908 0.713654
vt 0.661100 0.678151
vt 0.657564 0.721900
vt 0.644321 0.686812
vt 0.635261 0.652756
vt 0.655177 0.642054
vt 0.618302 0.620814
vt 0.617957 0.660678
vt 0.603170 0.628696
vt 0.584952 0.600107
vt 0.594864 0.593121
vt 0.577804 0.573036
vt 0.589994 0.564540
vt 0.579408 0.542254
vt 0.596426 0.535559
vt 0.618321 0.531029
vt 0.646484 0.530870
vt 0.604813 0.507160
vt 0.628057 0.504123
vt 0.654073 0.504413
vt 0.676107 0.536148
vt 0.636944 0.475561
vt 0.612205 0.478271
vt 0.617514 0.450975
vt 0.589155 0.484415
vt 0.591730 0.457543
vt 0.592189 0.433709
vt 0.621486 0.426575
vt 0.590983 0.412651
vt 0.238933 0.023637
vt 0.206012 0.033575
vt 0.622895 0.404772
vt 0.248066 0.041142
vt 0.562611 0.423500
vt 0.270841 0.016905
vt 0.276375 0.035412
vt 0.284091 0.055008
vt 0.301868 0.032779
vt 0.307079 0.053686
vt 0.312357 0.076135
vt 0.328147 0.053587
vt 0.331966 0.076533
vt 0.336005 0.099880
vt 0.317737 0.099777
vt 0.340741 0.123318
vt 0.323578 0.124292
vt 0.345960 0.146825
vt 0.329284 0.148371
vt 0.350766 0.170629
vt 0.334041 0.172808
vt 0.354638 0.194775
vt 0.337295 0.197656
vt 0.357732 0.218936
vt 0.339403 0.222498
vt 0.360865 0.243052
vt 0.341468 0.247427
vt 0.365276 0.266881
vt 0.344776 0.272456
vt 0.372398 0.290841
vt 0.351608 0.297939
vt 0.382687 0.315885
vt 0.362233 0.323769
vt 0.393831 0.342480
vt 0.374217 0.350692
vt 0.403645 0.370566
vt 0.384127 0.378840
vt 0.410541 0.399210
vt 0.389985 0.407707
vt 0.415619 0.426784
vt 0.393706 0.436310
vt 0.420596 0.453245
vt 0.397384 0.463677
vt 0.426729 0.477300
vt 0.716303 0.989407
vt 0.743785 0.987470
vt 0.399238 0.489747
vt 0.771308 0.981775
vt 0.370501 0.500184
vt 0.742627 0.961850
vt 0.768275 0.955306
vt 0.738166 0.936060
vt 0.762979 0.929920
vt 0.732485 0.910574
vt 0.756730 0.905197
vt 0.724544 0.887032
vt 0.748854 0.881744
vt 0.712870 0.865608
vt 0.736236 0.860432
vt 0.695617 0.844218
vt 0.716691 0.838384
vt 0.674596 0.821538
vt 0.692507 0.815182
vt 0.709139 0.807930
vt 0.668752 0.790512
vt 0.683726 0.783756
vt 0.697780 0.776181
vt 0.662198 0.757819
vt 0.675692 0.751010
vt 0.644045 0.728627
vt 0.647991 0.763930
vt 0.630224 0.734335
vt 0.615071 0.701020
vt 0.629403 0.694576
vt 0.602503 0.667584
vt 0.600986 0.706637
vt 0.588170 0.674103
vt 0.576083 0.643432
vt 0.589210 0.636081
vt 0.564492 0.614515
vt 0.575432 0.607035
vt 0.556099 0.588365
vt 0.567288 0.581014
vt 0.551099 0.558855
vt 0.564671 0.550304
vt 0.549110 0.530412
vt 0.565668 0.521109
vt 0.584106 0.512878
vt 0.567961 0.492916
vt 0.548588 0.503168
vt 0.546897 0.478411
vt 0.568239 0.467072
vt 0.543076 0.456176
vt 0.566024 0.444169
vt 0.299201 0.012905
vt 0.538048 0.435749
vt 0.522577 0.468708
vt 0.516414 0.448469
vt 0.324047 0.011248
vt 0.324875 0.031905
vt 0.346601 0.010823
vt 0.496850 0.461493
vt 0.346331 0.031872
vt 0.348236 0.053899
vt 0.366698 0.032099
vt 0.367736 0.054193
vt 0.369996 0.076741
vt 0.351047 0.076787
vt 0.373323 0.099129
vt 0.354574 0.099679
vt 0.377256 0.121332
vt 0.358776 0.122465
vt 0.381799 0.143612
vt 0.363566 0.145232
vt 0.386428 0.166209
vt 0.368316 0.168441
vt 0.390890 0.188944
vt 0.372531 0.191881
vt 0.395142 0.211609
vt 0.376306 0.215320
vt 0.399766 0.233895
vt 0.380317 0.238390
vt 0.405367 0.255953
vt 0.385485 0.261129
vt 0.412599 0.278496
vt 0.392777 0.284248
vt 0.421207 0.302391
vt 0.402217 0.308671
vt 0.430580 0.327764
vt 0.412481 0.334832
vt 0.439680 0.354465
vt 0.422031 0.362308
vt 0.447925 0.381521
vt 0.429749 0.390300
vt 0.455431 0.407721
vt 0.436192 0.417105
vt 0.462888 0.432899
vt 0.442484 0.442533
vt 0.664491 0.987202
vt 0.470693 0.457830
vt 0.689649 0.988882
vt 0.450195 0.466630
vt 0.666461 0.963128
vt 0.691191 0.964460
vt 0.716825 0.964851
vt 0.689861 0.939759
vt 0.714113 0.938997
vt 0.684483 0.915716
vt 0.708524 0.913753
vt 0.676046 0.893753
vt 0.700471 0.890726
vt 0.664624 0.873536
vt 0.688893 0.869855
vt 0.651055 0.853126
vt 0.673656 0.849169
vt 0.635533 0.830483
vt 0.655415 0.826767
vt 0.619171 0.805094
vt 0.636533 0.801452
vt 0.653014 0.796555
vt 0.618152 0.773588
vt 0.633245 0.769173
vt 0.601756 0.743621
vt 0.616045 0.739147
vt 0.587094 0.711902
vt 0.587366 0.747862
vt 0.573341 0.717182
vt 0.560929 0.686816
vt 0.574395 0.680463
vt 0.549940 0.657807
vt 0.563018 0.650602
vt 0.540045 0.630185
vt 0.552590 0.622298
vt 0.531524 0.603773
vt 0.544132 0.595802
vt 0.524560 0.577036
vt 0.537834 0.567819
vt 0.519107 0.550686
vt 0.533710 0.540390
vt 0.514515 0.525692
vt 0.530903 0.514197
vt 0.509695 0.502794
vt 0.527491 0.490481
vt 0.503875 0.481503
vt 0.493043 0.515350
vt 0.486463 0.494442
vt 0.367706 0.010869
vt 0.478786 0.474692
vt 0.469992 0.507401
vt 0.387799 0.011127
vt 0.461794 0.487927
vt 0.386401 0.032415
vt 0.407240 0.011419
vt 0.445526 0.501053
vt 0.405677 0.032622
vt 0.405858 0.054205
vt 0.386887 0.054290
vt 0.407746 0.075928
vt 0.388925 0.076425
vt 0.410789 0.097358
vt 0.392051 0.098408
vt 0.414624 0.118626
vt 0.395926 0.120162
vt 0.418892 0.139905
vt 0.400288 0.141838
vt 0.423487 0.161421
vt 0.404902 0.163904
vt 0.428147 0.183023
vt 0.409502 0.185991
vt 0.433062 0.204496
vt 0.414126 0.207970
vt 0.438296 0.225653
vt 0.419125 0.229622
vt 0.444067 0.246908
vt 0.424957 0.251158
vt 0.450620 0.268739
vt 0.431808 0.273443
vt 0.458135 0.291527
vt 0.439806 0.296766
vt 0.466078 0.315329
vt 0.448416 0.321366
vt 0.474143 0.339955
vt 0.457015 0.347060
vt 0.482318 0.364914
vt 0.465345 0.373059
vt 0.490637 0.389750
vt 0.473465 0.398623
vt 0.499146 0.414163
vt 0.481580 0.423721
vt 0.617879 0.983864
vt 0.507959 0.437799
vt 0.640631 0.985198
vt 0.489990 0.448311
vt 0.619035 0.961291
vt 0.642524 0.961977
vt 0.616899 0.939794
vt 0.641045 0.939633
vt 0.665315 0.939566
vt 0.635558 0.918465
vt 0.660009 0.917119
vt 0.627104 0.898380
vt 0.651430 0.896352
vt 0.617221 0.878220
vt 0.640479 0.876400
vt 0.606516 0.857016
vt 0.628389 0.855537
vt 0.595310 0.834250
vt 0.615316 0.832727
vt 0.583007 0.809720
vt 0.601210 0.807691
vt 0.570451 0.783644
vt 0.586765 0.780665
vt 0.602705 0.777413
vt 0.572776 0.752022
vt 0.557871 0.756160
vt 0.545654 0.727807
vt 0.559574 0.722503
vt 0.534139 0.699627
vt 0.547576 0.693217
vt 0.523587 0.672388
vt 0.536788 0.665070
vt 0.513942 0.646272
vt 0.527110 0.638144
vt 0.505222 0.620904
vt 0.518509 0.612214
vt 0.497453 0.596131
vt 0.511104 0.586462
vt 0.490464 0.572123
vt 0.504765 0.561286
vt 0.483878 0.549413
vt 0.498943 0.537543
vt 0.477198 0.527869
vt 0.469044 0.561234
vt 0.461835 0.540277
vt 0.454133 0.520224
vt 0.446734 0.552509
vt 0.438674 0.532806
vt 0.426287 0.011658
vt 0.429695 0.513981
vt 0.423415 0.545153
vt 0.445081 0.011736
vt 0.414175 0.526715
vt 0.443665 0.032561
vt 0.424738 0.032677
vt 0.443716 0.053311
vt 0.424758 0.053838
vt 0.445343 0.073924
vt 0.426499 0.075020
vt 0.448263 0.094460
vt 0.429541 0.096052
vt 0.451896 0.114947
vt 0.433282 0.116859
vt 0.455878 0.135479
vt 0.437452 0.137743
vt 0.460197 0.156200
vt 0.441946 0.158834
vt 0.464952 0.177062
vt 0.446682 0.180045
vt 0.470060 0.197800
vt 0.451721 0.201048
vt 0.475504 0.218359
vt 0.457079 0.221919
vt 0.481197 0.238993
vt 0.462802 0.242916
vt 0.487300 0.260043
vt 0.469136 0.264297
vt 0.493997 0.281775
vt 0.476150 0.286544
vt 0.501146 0.304132
vt 0.483665 0.309628
vt 0.508512 0.326833
vt 0.491287 0.333276
vt 0.516128 0.349619
vt 0.499191 0.357134
vt 0.524158 0.372393
vt 0.507417 0.380968
vt 0.532974 0.394761
vt 0.516170 0.404485
vt 0.574694 0.982818
vt 0.542368 0.416049
vt 0.595894 0.983177
vt 0.525334 0.426871
vt 0.574729 0.961421
vt 0.596532 0.961217
vt 0.571900 0.941084
vt 0.593964 0.940323
vt 0.566881 0.921377
vt 0.588687 0.920423
vt 0.611731 0.919604
vt 0.581669 0.900616
vt 0.603835 0.899677
vt 0.573804 0.880314
vt 0.595000 0.879351
vt 0.565449 0.859178
vt 0.585603 0.858075
vt 0.556641 0.837081
vt 0.575734 0.835597
vt 0.547079 0.813906
vt 0.564975 0.811746
vt 0.537138 0.789561
vt 0.553840 0.786575
vt 0.527127 0.764154
vt 0.542645 0.760195
vt 0.516888 0.738196
vt 0.531459 0.733049
vt 0.506585 0.712322
vt 0.520519 0.706013
vt 0.496618 0.687096
vt 0.510229 0.679762
vt 0.487093 0.662572
vt 0.500608 0.654391
vt 0.478084 0.638928
vt 0.491745 0.629838
vt 0.469707 0.616054
vt 0.483646 0.606067
vt 0.461895 0.594016
vt 0.476229 0.583110
vt 0.454330 0.572910
vt 0.447482 0.604850
vt 0.439606 0.584340
vt 0.431733 0.564440
vt 0.424816 0.595533
vt 0.416707 0.576088
vt 0.408213 0.557278
vt 0.499379 0.235066
vt 0.505287 0.255833
vt 0.511706 0.277079
vt 0.518612 0.298691
vt 0.525806 0.320520
vt 0.533251 0.342327
vt 0.541064 0.363986
vt 0.549761 0.385275
vt 0.559253 0.405538
vt 0.554163 0.982835
vt 0.553482 0.961933
vt 0.550561 0.942050
vt 0.545915 0.922517
vt 0.540115 0.902855
vt 0.560456 0.901609
vt 0.533699 0.882772
vt 0.553408 0.881421
vt 0.526965 0.862153
vt 0.545960 0.860536
vt 0.519720 0.840897
vt 0.538010 0.838873
vt 0.511962 0.818776
vt 0.529390 0.816257
vt 0.503847 0.795767
vt 0.520459 0.792591
vt 0.495468 0.772117
vt 0.511338 0.768063
vt 0.486644 0.748329
vt 0.501918 0.743218
vt 0.477528 0.724782
vt 0.492249 0.718565
vt 0.468288 0.701631
vt 0.482654 0.694405
vt 0.459107 0.679055
vt 0.473297 0.670848
vt 0.450081 0.657176
vt 0.464235 0.648064
vt 0.441325 0.636016
vt 0.455624 0.626083
vt 0.432946 0.615496
vt 0.435558 0.666195
vt 0.667028 0.565700
vt 0.065652 0.772762
vt 0.412968 0.578893
vt 0.407871 0.558826
vt 0.406225 0.553443
vt 0.401081 0.537396
vt 0.461017 0.011589
vt 0.460305 0.015151
vt 0.456733 0.032251
vt 0.456036 0.039425
vt 0.454521 0.052858
vt 0.455111 0.061842
vt 0.455444 0.073237
vt 0.456833 0.082762
vt 0.457870 0.093578
vt 0.459593 0.103593
vt 0.460982 0.113957
vt 0.463114 0.124223
vt 0.464934 0.134344
vt 0.467556 0.144096
vt 0.470047 0.154765
vt 0.472911 0.163076
vt 0.476604 0.175121
vt 0.479090 0.181186
vt 0.484493 0.195174
vt 0.486025 0.198614
vt 0.493245 0.215649
vt 0.495575 0.221329
vt 0.492897 0.214862
vt 0.493245 0.215649
vt 0.501809 0.236769
vt 0.508498 0.255085
vt 0.509761 0.258917
vt 0.515500 0.276075
vt 0.517056 0.280647
vt 0.522676 0.297445
vt 0.524501 0.302442
vt 0.530290 0.318924
vt 0.532535 0.324514
vt 0.538584 0.340136
vt 0.541545 0.346813
vt 0.547697 0.360835
vt 0.551986 0.369131
vt 0.558041 0.380755
vt 0.564147 0.390759
vt 0.569391 0.399382
vt 0.539828 0.969420
vt 0.538802 0.962573
vt 0.535339 0.947561
vt 0.534268 0.942961
vt 0.530867 0.927651
vt 0.529933 0.923549
vt 0.527229 0.909159
vt 0.526289 0.903864
vt 0.427313 0.645390
vt 0.427065 0.644201
vt 0.419625 0.610267
vt 0.417731 0.600704
vt 0.417731 0.600704
vt 0.414504 0.585874
vt 0.524145 0.891287
vt 0.523061 0.883664
vt 0.523061 0.883664
vt 0.521227 0.872466
vt 0.519434 0.862911
vt 0.516065 0.848384
vt 0.514336 0.841566
vt 0.509261 0.825259
vt 0.507369 0.819495
vt 0.501268 0.803065
vt 0.498831 0.796784
vt 0.492597 0.781626
vt 0.489206 0.773760
vt 0.483410 0.761001
vt 0.478620 0.751027
vt 0.473851 0.741332
vt 0.467473 0.728943
vt 0.464140 0.722519
vt 0.456088 0.707613
vt 0.454378 0.704328
vt 0.444702 0.686323
vt 0.440381 0.677487
vt 0.444995 0.686960
vt 0.444702 0.686323
vt 0.431203 0.656104
vt 0.427313 0.645390
vt 0.407871 0.558826
vt 0.407600 0.557750
vt 0.407600 0.557750
vt 0.407393 0.557083
vt 0.407393 0.557083
vt 0.406225 0.553443
vt 0.460305 0.015151
vt 0.456733 0.032251
vt 0.456036 0.039425
vt 0.454521 0.052858
vt 0.455111 0.061842
vt 0.455444 0.073237
vt 0.456833 0.082762
vt 0.457870 0.093578
vt 0.459593 0.103593
vt 0.460982 0.113957
vt 0.463114 0.124223
vt 0.464934 0.134344
vt 0.467556 0.144096
vt 0.470047 0.154765
vt 0.472911 0.163076
vt 0.476604 0.175121
vt 0.479090 0.181186
vt 0.484493 0.195174
vt 0.486025 0.198614
vt 0.492897 0.214862
vt 0.495575 0.221329
vt 0.501096 0.234691
vt 0.501096 0.234691
vt 0.501809 0.236769
vt 0.508498 0.255085
vt 0.509761 0.258917
vt 0.515500 0.276075
vt 0.517056 0.280647
vt 0.522676 0.297445
vt 0.524501 0.302442
vt 0.530290 0.318924
vt 0.532535 0.324514
vt 0.538584 0.340136
vt 0.541545 0.346813
vt 0.547697 0.360835
vt 0.551986 0.369131
vt 0.558041 0.380755
vt 0.564147 0.390759
vt 0.542057 0.983076
vt 0.539828 0.969420
vt 0.538802 0.962573
vt 0.535339 0.947561
vt 0.534268 0.942961
vt 0.530867 0.927651
vt 0.529933 0.923549
vt 0.527229 0.909159
vt 0.427065 0.644201
vt 0.422282 0.623003
vt 0.422282 0.623003
vt 0.419625 0.610267
vt 0.414504 0.585874
vt 0.412968 0.578893
vt 0.526289 0.903864
vt 0.524145 0.891287
vt 0.521227 0.872466
vt 0.519434 0.862911
vt 0.516065 0.848384
vt 0.514336 0.841566
vt 0.509261 0.825259
vt 0.507369 0.819495
vt 0.501268 0.803065
vt 0.498831 0.796784
vt 0.492597 0.781626
vt 0.489206 0.773760
vt 0.483410 0.761001
vt 0.478620 0.751027
vt 0.473851 0.741332
vt 0.467473 0.728943
vt 0.464140 0.722519
vt 0.456088 0.707613
vt 0.454378 0.704328
vt 0.444995 0.686960
vt 0.440381 0.677487
vt 0.434995 0.666531
vt 0.434995 0.666531
vt 0.434718 0.665810
vt 0.434718 0.665810
vt 0.431203 0.656104
vt 0.953908 0.358307
vt 0.888567 0.231769
vt 0.881156 0.217961
vt 0.022514 0.672357
vt 0.999923 0.571124
vt 0.400831 0.045635
vt 0.119448 0.865673
vt 0.945092 0.338639
vt 0.483624 0.014819
vt 0.428814 0.035109
vt 0.506588 0.010565
vt 0.958782 0.720051
vt 0.715504 0.963861
vt 0.466613 0.995222
vt 0.356218 0.069948
vt 0.664831 0.980960
vt 0.922260 0.295024
vt 1.000000 0.592544
vt 0.673502 0.014420
vt 0.835833 0.876288
vt 0.121559 0.271251
vt 0.123086 0.269022
vt 0.189767 0.913141
vt 0.371262 0.976764
vt 0.031949 0.406171
vt 0.795306 0.911759
vt 0.724970 0.034635
vt 0.642173 0.988816
vt 0.248112 0.141664
vt 0.831085 0.881167
vt 0.050932 0.749353
vt 0.005930 0.602628
vt 0.970292 0.396967
vt 0.181500 0.202504
vt 0.999914 0.525439
vt 0.789662 0.084750
vt 0.989116 0.640969
vt 0.979307 0.426100
vt 0.419749 0.986048
vt 0.929866 0.765449
vt 0.809392 0.110166
vt 0.100015 0.301030
vt 0.510852 0.997496
vt 0.151331 0.886508
vt 0.726637 0.957086
vt 0.021741 0.670162
vt 0.593257 0.995280
vt 0.567725 0.000000
vt 0.030679 0.409696
vt 0.649643 0.005728
vt 0.045480 0.737888
vt 0.071811 0.340240
vt 0.026813 0.684469
vt 0.091800 0.825621
vt 0.985566 0.658073
vt 0.964556 0.705710
vt 0.002533 0.508401
vt 0.227884 0.160492
vt 0.232080 0.929675
vt 0.073220 0.337990
vt 0.922599 0.777706
vt 0.020951 0.666749
vt 0.321729 0.088738
vt 0.076931 0.804006
vt 0.172168 0.213526
vt 0.777980 0.926753
vt 0.000000 0.536460
vt 0.588853 0.001150
vt 0.914835 0.281328
vt 0.995622 0.498244
vt 0.780136 0.924817
vt 0.006953 0.471705
vt 0.989010 0.459540
vt 0.886872 0.821623
vt 0.004204 0.581565
vt 0.052864 0.371575
vt 0.324555 0.962469
vt 0.852243 0.168442
vt 0.879355 0.831243
vt 0.841229 0.149244
vt 0.754514 0.057011
vt 0.277464 0.948936
vt 0.289182 0.112305
vt 0.558601 1.000000
usemtl pear_skin
f 1/1 2/2 3/3
f 1/1 3/3 4/4
f 1/1 4/4 5/5
f 1/1 5/5 6/6
f 7/7 8/8 9/9
f 7/7 9/9 10/10
f 7/7 10/10 11/11
f 7/7 11/11 12/12
f 7/7 12/12 13/13
f 7/7 13/13 8/8
f 14/14 15/15 16/16
f 14/14 16/16 17/17
f 18/18 19/19 15/15
f 18/18 15/15 14/14
f 14/14 17/17 20/20
f 14/14 20/20 18/18
f 21/21 22/22 23/23
f 21/21 23/23 24/24
f 21/21 24/24 25/25
f 21/21 25/25 26/26
f 21/21 26/26 27/27
f 21/21 27/27 22/22
f 28/28 30/30 32/32
f 28/28 32/32 33/33
f 28/28 33/33 34/34
f 28/28 34/34 35/35
f 28/28 35/35 36/36
f 28/28 36/36 30/30
f 39/39 41/41 22/22
f 39/39 22/22 27/27
f 39/39 27/27 37/37
f 39/39 37/37 43/43
f 38/38 42/42 44/44
f 38/38 44/44 40/40
f 42/42 36/36 35/35
f 42/42 35/35 44/44
f 46/46 47/47 49/49
f 46/46 49/49 50/50
f 46/46 50/50 52/52
f 46/46 52/52 55/55
f 45/45 54/54 56/56
f 45/45 56/56 48/48
f 54/54 31/31 25/25
f 54/54 25/25 57/57
f 54/54 57/57 58/58
f 54/54 58/58 56/56
f 53/53 51/51 33/33
f 53/53 33/33 32/32
f 57/57 25/25 24/24
f 57/57 24/24 59/59
f 57/57 59/59 60/60
f 57/57 60/60 61/61
f 57/57 61/61 62/62
f 57/57 62/62 58/58
f 63/63 65/65 67/67
f 63/63 67/67 68/68
f 62/62 69/69 70/70
f 62/62 70/70 58/58
f 71/71 72/72 73/73
f 71/71 73/73 74/74
f 71/71 75/75 76/76
f 71/71 76/76 72/72
f 71/71 74/74 77/77
f 71/71 77/77 75/75
f 78/78 80/80 82/82
f 78/78 82/82 83/83
f 85/85 86/86 87/87
f 85/85 87/87 90/90
f 66/66 70/70 86/86
f 66/66 86/86 85/85
f 84/84 89/89 67/67
f 84/84 67/67 65/65
f 33/33 51/51 92/92
f 33/33 92/92 93/93
f 33/33 93/93 94/94
f 33/33 94/94 34/34
f 68/68 95/95 96/96
f 68/68 96/96 97/97
f 68/68 49/49 47/47
f 68/68 47/47 63/63
f 68/68 97/97 98/98
f 68/68 98/98 49/49
f 77/77 61/61 60/60
f 77/77 60/60 75/75
f 77/77 99/99 103/103
f 77/77 103/103 104/104
f 105/105 108/108 109/109
f 105/105 109/109 110/110
f 106/106 111/111 112/112
f 106/106 112/112 107/107
f 106/106 113/113 114/114
f 106/106 114/114 111/111
f 116/116 73/73 117/117
f 116/116 117/117 119/119
f 116/116 122/122 74/74
f 116/116 74/74 73/73
f 115/115 120/120 123/123
f 115/115 123/123 121/121
f 95/95 68/68 67/67
f 95/95 67/67 124/124
f 95/95 124/124 125/125
f 95/95 125/125 96/96
f 118/118 127/127 128/128
f 118/118 128/128 120/120
f 117/117 73/73 72/72
f 117/117 72/72 126/126
f 128/128 127/127 129/129
f 128/128 129/129 131/131
f 128/128 131/131 123/123
f 128/128 123/123 120/120
f 82/82 87/87 86/86
f 82/82 86/86 83/83
f 81/81 79/79 133/133
f 81/81 133/133 88/88
f 113/113 134/134 34/34
f 113/113 34/34 94/94
f 113/113 106/106 136/136
f 113/113 136/136 134/134
f 113/113 137/137 138/138
f 113/113 138/138 114/114
f 113/113 94/94 139/139
f 113/113 139/139 137/137
f 88/88 133/133 101/101
f 88/88 101/101 141/141
f 88/88 141/141 143/143
f 88/88 143/143 89/89
f 100/100 144/144 145/145
f 100/100 145/145 146/146
f 100/100 121/121 123/123
f 100/100 123/123 144/144
f 100/100 146/146 140/140
f 100/100 140/140 102/102
f 99/99 77/77 74/74
f 99/99 74/74 122/122
f 147/147 148/148 149/149
f 147/147 149/149 150/150
f 147/147 150/150 151/151
f 147/147 151/151 152/152
f 147/147 153/153 154/154
f 147/147 154/154 148/148
f 155/155 156/156 157/157
f 155/155 157/157 158/158
f 155/155 159/159 160/160
f 155/155 160/160 156/156
f 155/155 161/161 162/162
f 155/155 162/162 159/159
f 155/155 163/163 164/164
f 155/155 164/164 161/161
f 155/155 158/158 165/165
f 155/155 165/165 163/163
f 157/157 156/156 166/166
f 157/157 166/166 167/167
f 157/157 167/167 168/168
f 157/157 168/168 158/158
f 169/169 170/170 171/171
f 169/169 171/171 172/172
f 169/169 172/172 173/173
f 169/169 173/173 174/174
f 175/175 176/176 178/178
f 175/175 178/178 180/180
f 175/175 181/181 182/182
f 175/175 182/182 176/176
f 175/175 180/180 184/184
f 175/175 184/184 185/185
f 185/185 184/184 187/187
f 185/185 187/187 188/188
f 185/185 188/188 189/189
f 185/185 189/189 190/190
f 185/185 190/190 191/191
f 185/185 191/191 175/175
f 191/191 190/190 192/192
f 191/191 192/192 193/193
f 191/191 193/193 194/194
f 191/191 194/194 195/195
f 191/191 195/195 181/181
f 191/191 181/181 175/175
f 195/195 194/194 196/196
f 195/195 196/196 197/197
f 195/195 197/197 198/198
f 195/195 198/198 181/181
f 198/198 199/199 182/182
f 198/198 182/182 181/181
f 198/198 197/197 200/200
f 198/198 200/200 201/201
f 198/198 201/201 202/202
f 198/198 202/202 199/199
f 202/202 97/97 96/96
f 202/202 96/96 199/199
f 202/202 201/201 203/203
f 202/202 203/203 204/204
f 202/202 204/204 98/98
f 202/202 98/98 97/97
f 204/204 203/203 205/205
f 204/204 205/205 206/206
f 204/204 206/206 207/207
f 204/204 207/207 98/98
f 207/207 50/50 49/49
f 207/207 49/49 98/98
f 207/207 206/206 208/208
f 207/207 208/208 91/91
f 207/207 91/91 52/52
f 207/207 52/52 50/50
f 208/208 206/206 205/205
f 208/208 205/205 210/210
f 209/209 211/211 212/212
f 209/209 212/212 213/213
f 209/209 213/213 93/93
f 209/209 93/93 92/92
f 213/213 212/212 214/214
f 213/213 214/214 139/139
f 213/213 139/139 94/94
f 213/213 94/94 93/93
f 214/214 212/212 215/215
f 214/214 215/215 216/216
f 214/214 216/216 217/217
f 214/214 217/217 218/218
f 214/214 218/218 137/137
f 214/214 137/137 139/139
f 218/218 217/217 162/162
f 218/218 162/162 219/219
f 218/218 219/219 138/138
f 218/218 138/138 137/137
f 219/219 162/162 161/161
f 219/219 161/161 220/220
f 219/219 220/220 221/221
f 219/219 221/221 138/138
f 221/221 222/222 114/114
f 221/221 114/114 138/138
f 221/221 220/220 223/223
f 221/221 223/223 224/224
f 221/221 224/224 225/225
f 221/221 225/225 222/222
f 225/225 146/146 145/145
f 225/225 145/145 222/222
f 225/225 224/224 226/226
f 225/225 226/226 142/142
f 225/225 142/142 140/140
f 225/225 140/140 146/146
f 226/226 224/224 223/223
f 226/226 223/223 229/229
f 227/227 228/228 230/230
f 227/227 230/230 231/231
f 227/227 231/231 89/89
f 227/227 89/89 143/143
f 231/231 230/230 125/125
f 231/231 125/125 124/124
f 231/231 124/124 67/67
f 231/231 67/67 89/89
f 230/230 228/228 178/178
f 230/230 178/178 176/176
f 230/230 176/176 182/182
f 230/230 182/182 125/125
f 229/229 223/223 164/164
f 229/229 164/164 177/177
f 223/223 220/220 161/161
f 223/223 161/161 164/164
f 222/222 145/145 111/111
f 222/222 111/111 114/114
f 217/217 216/216 232/232
f 217/217 232/232 233/233
f 217/217 233/233 159/159
f 217/217 159/159 162/162
f 233/233 232/232 234/234
f 233/233 234/234 235/235
f 233/233 235/235 160/160
f 233/233 160/160 159/159
f 235/235 234/234 149/149
f 235/235 149/149 148/148
f 235/235 148/148 154/154
f 235/235 154/154 160/160
f 234/234 232/232 236/236
f 234/234 236/236 237/237
f 234/234 237/237 238/238
f 234/234 238/238 149/149
f 238/238 237/237 239/239
f 238/238 239/239 241/241
f 238/238 241/241 244/244
f 238/238 244/244 245/245
f 238/238 245/245 150/150
f 238/238 150/150 149/149
f 245/245 244/244 246/246
f 245/245 246/246 248/248
f 245/245 248/248 151/151
f 245/245 151/151 150/150
f 248/248 246/246 249/249
f 248/248 249/249 251/251
f 248/248 251/251 252/252
f 248/248 252/252 151/151
f 252/252 251/251 253/253
f 252/252 253/253 254/254
f 252/252 254/254 255/255
f 252/252 255/255 256/256
f 252/252 256/256 152/152
f 252/252 152/152 151/151
f 256/256 255/255 257/257
f 256/256 257/257 258/258
f 256/256 258/258 259/259
f 256/256 259/259 152/152
f 259/259 258/258 260/260
f 259/259 260/260 261/261
f 259/259 261/261 262/262
f 259/259 262/262 263/263
f 259/259 263/263 147/147
f 259/259 147/147 152/152
f 263/263 262/262 264/264
f 263/263 264/264 265/265
f 263/263 265/265 153/153
f 263/263 153/153 147/147
f 265/265 264/264 266/266
f 265/265 266/266 267/267
f 265/265 267/267 268/268
f 265/265 268/268 153/153
f 268/268 166/166 154/154
f 268/268 154/154 153/153
f 268/268 267/267 269/269
f 268/268 269/269 270/270
f 268/268 270/270 167/167
f 268/268 167/167 166/166
f 270/270 269/269 271/271
f 270/270 271/271 272/272
f 270/270 272/272 168/168
f 270/270 168/168 167/167
f 272/272 271/271 273/273
f 272/272 273/273 274/274
f 272/272 274/274 275/275
f 272/272 275/275 168/168
f 275/275 165/165 158/158
f 275/275 158/158 168/168
f 275/275 274/274 277/277
f 275/275 277/277 186/186
f 275/275 186/186 183/183
f 275/275 183/183 165/165
f 277/277 274/274 273/273
f 277/277 273/273 279/279
f 276/276 278/278 280/280
f 276/276 280/280 281/281
f 276/276 281/281 188/188
f 276/276 188/188 187/187
f 281/281 280/280 282/282
f 281/281 282/282 283/283
f 281/281 283/283 189/189
f 281/281 189/189 188/188
f 283/283 282/282 284/284
f 283/283 284/284 285/285
f 283/283 285/285 286/286
f 283/283 286/286 189/189
f 286/286 192/192 190/190
f 286/286 190/190 189/189
f 286/286 285/285 287/287
f 286/286 287/287 288/288
f 286/286 288/288 289/289
f 286/286 289/289 192/192
f 289/289 288/288 290/290
f 289/289 290/290 291/291
f 289/289 291/291 292/292
f 289/289 292/292 293/293
f 289/289 293/293 193/193
f 289/289 193/193 192/192
f 293/293 292/292 294/294
f 293/293 294/294 295/295
f 293/293 295/295 194/194
f 293/293 194/194 193/193
f 295/295 294/294 296/296
f 295/295 296/296 297/297
f 295/295 297/297 196/196
f 295/295 196/196 194/194
f 297/297 296/296 298/298
f 297/297 298/298 299/299
f 297/297 299/299 300/300
f 297/297 300/300 196/196
f 300/300 200/200 197/197
f 300/300 197/197 196/196
f 300/300 299/299 301/301
f 300/300 301/301 302/302
f 300/300 302/302 303/303
f 300/300 303/303 200/200
f 303/303 203/203 201/201
f 303/303 201/201 200/200
f 303/303 302/302 304/304
f 303/303 304/304 305/305
f 303/303 305/305 205/205
f 303/303 205/205 203/203
f 305/305 304/304 307/307
f 305/305 307/307 308/308
f 305/305 308/308 210/210
f 305/305 210/210 205/205
f 309/309 306/306 236/236
f 309/309 236/236 215/215
f 309/309 215/215 212/212
f 309/309 212/212 211/211
f 307/307 304/304 310/310
f 307/307 310/310 240/240
f 306/306 239/239 237/237
f 306/306 237/237 236/236
f 310/310 304/304 302/302
f 310/310 302/302 301/301
f 310/310 301/301 311/311
f 310/310 311/311 312/312
f 310/310 312/312 242/242
f 310/310 242/242 240/240
f 312/312 311/311 313/313
f 312/312 313/313 314/314
f 312/312 314/314 243/243
f 312/312 243/243 242/242
f 314/314 313/313 315/315
f 314/314 315/315 316/316
f 314/314 316/316 247/247
f 314/314 247/247 243/243
f 316/316 315/315 317/317
f 316/316 317/317 318/318
f 316/316 318/318 250/250
f 316/316 250/250 247/247
f 318/318 317/317 319/319
f 318/318 319/319 320/320
f 318/318 320/320 321/321
f 318/318 321/321 250/250
f 321/321 320/320 323/323
f 321/321 323/323 324/324
f 322/322 325/325 326/326
f 322/322 326/326 253/253
f 322/322 253/253 251/251
f 322/322 251/251 249/249
f 326/326 325/325 328/328
f 326/326 328/328 329/329
f 326/326 329/329 330/330
f 326/326 330/330 331/331
f 326/326 331/331 254/254
f 326/326 254/254 253/253
f 331/331 330/330 332/332
f 331/331 332/332 333/333
f 331/331 333/333 255/255
f 331/331 255/255 254/254
f 333/333 332/332 334/334
f 333/333 334/334 335/335
f 333/333 335/335 257/257
f 333/333 257/257 255/255
f 335/335 334/334 336/336
f 335/335 336/336 337/337
f 335/335 337/337 338/338
f 335/335 338/338 257/257
f 338/338 337/337 339/339
f 338/338 339/339 340/340
f 338/338 340/340 341/341
f 338/338 341/341 260/260
f 338/338 260/260 258/258
f 338/338 258/258 257/257
f 341/341 340/340 342/342
f 341/341 342/342 343/343
f 341/341 343/343 344/344
f 341/341 344/344 345/345
f 341/341 345/345 261/261
f 341/341 261/261 260/260
f 345/345 344/344 346/346
f 345/345 346/346 347/347
f 345/345 347/347 262/262
f 345/345 262/262 261/261
f 347/347 346/346 348/348
f 347/347 348/348 349/349
f 347/347 349/349 264/264
f 347/347 264/264 262/262
f 349/349 348/348 350/350
f 349/349 350/350 351/351
f 349/349 351/351 266/266
f 349/349 266/266 264/264
f 351/351 350/350 352/352
f 351/351 352/352 353/353
f 351/351 353/353 354/354
f 351/351 354/354 266/266
f 354/354 269/269 267/267
f 354/354 267/267 266/266
f 354/354 353/353 355/355
f 354/354 355/355 356/356
f 354/354 356/356 271/271
f 354/354 271/271 269/269
f 356/356 355/355 357/357
f 356/356 357/357 358/358
f 356/356 358/358 273/273
f 356/356 273/273 271/271
f 358/358 357/357 359/359
f 358/358 359/359 362/362
f 358/358 362/362 279/279
f 358/358 279/279 273/273
f 361/361 360/360 363/363
f 361/361 363/363 364/364
f 361/361 364/364 280/280
f 361/361 280/280 278/278
f 364/364 363/363 365/365
f 364/364 365/365 366/366
f 364/364 366/366 282/282
f 364/364 282/282 280/280
f 366/366 365/365 367/367
f 366/366 367/367 368/368
f 366/366 368/368 284/284
f 366/366 284/284 282/282
f 368/368 367/367 369/369
f 368/368 369/369 370/370
f 368/368 370/370 371/371
f 368/368 371/371 284/284
f 371/371 287/287 285/285
f 371/371 285/285 284/284
f 371/371 370/370 372/372
f 371/371 372/372 373/373
f 371/371 373/373 374/374
f 371/371 374/374 287/287
f 374/374 290/290 288/288
f 374/374 288/288 287/287
f 374/374 373/373 375/375
f 374/374 375/375 376/376
f 374/374 376/376 377/377
f 374/374 377/377 290/290
f 377/377 376/376 378/378
f 377/377 378/378 379/379
f 377/377 379/379 380/380
f 377/377 380/380 381/381
f 377/377 381/381 291/291
f 377/377 291/291 290/290
f 381/381 380/380 382/382
f 381/381 382/382 383/383
f 381/381 383/383 292/292
f 381/381 292/292 291/291
f 383/383 382/382 384/384
f 383/383 384/384 385/385
f 383/383 385/385 294/294
f 383/383 294/294 292/292
f 385/385 384/384 386/386
f 385/385 386/386 387/387
f 385/385 387/387 296/296
f 385/385 296/296 294/294
f 387/387 386/386 388/388
f 387/387 388/388 389/389
f 387/387 389/389 298/298
f 387/387 298/298 296/296
f 389/389 388/388 315/315
f 389/389 315/315 313/313
f 389/389 313/313 311/311
f 389/389 311/311 298/298
f 388/388 386/386 390/390
f 388/388 390/390 391/391
f 388/388 391/391 317/317
f 388/388 317/317 315/315
f 391/391 390/390 392/392
f 391/391 392/392 393/393
f 391/391 393/393 319/319
f 391/391 319/319 317/317
f 393/393 392/392 394/394
f 393/393 394/394 395/395
f 393/393 395/395 396/396
f 393/393 396/396 319/319
f 396/396 395/395 397/397
f 396/396 397/397 398/398
f 396/396 398/398 399/399
f 396/396 399/399 323/323
f 396/396 323/323 320/320
f 396/396 320/320 319/319
f 399/399 398/398 400/400
f 399/399 400/400 401/401
f 399/399 401/401 402/402
f 399/399 402/402 327/327
f 399/399 327/327 324/324
f 399/399 324/324 323/323
f 402/402 401/401 404/404
f 402/402 404/404 405/405
f 403/403 406/406 407/407
f 403/403 407/407 408/408
f 403/403 408/408 329/329
f 403/403 329/329 328/328
f 408/408 407/407 409/409
f 408/408 409/409 410/410
f 408/408 410/410 330/330
f 408/408 330/330 329/329
f 410/410 409/409 411/411
f 410/410 411/411 412/412
f 410/410 412/412 332/332
f 410/410 332/332 330/330
f 412/412 411/411 413/413
f 412/412 413/413 414/414
f 412/412 414/414 334/334
f 412/412 334/334 332/332
f 414/414 413/413 12/12
f 414/414 12/12 11/11
f 414/414 11/11 336/336
f 414/414 336/336 334/334
f 413/413 411/411 415/415
f 413/413 415/415 416/416
f 413/413 416/416 13/13
f 413/413 13/13 12/12
f 416/416 415/415 417/417
f 416/416 417/417 418/418
f 416/416 418/418 419/419
f 416/416 419/419 13/13
f 419/419 418/418 420/420
f 419/419 420/420 421/421
f 419/419 421/421 422/422
f 419/419 422/422 423/423
f 419/419 423/423 8/8
f 419/419 8/8 13/13
f 423/423 422/422 424/424
f 423/423 424/424 425/425
f 423/423 425/425 9/9
f 423/423 9/9 8/8
f 425/425 424/424 426/426
f 425/425 426/426 427/427
f 425/425 427/427 428/428
f 425/425 428/428 9/9
f 428/428 429/429 10/10
f 428/428 10/10 9/9
f 428/428 427/427 430/430
f 428/428 430/430 431/431
f 428/428 431/431 339/339
f 428/428 339/339 429/429
f 431/431 430/430 432/432
f 431/431 432/432 342/342
f 431/431 342/342 340/340
f 431/431 340/340 339/339
f 432/432 430/430 433/433
f 432/432 433/433 434/434
f 432/432 434/434 435/435
f 432/432 435/435 436/436
f 432/432 436/436 343/343
f 432/432 343/343 342/342
f 436/436 435/435 437/437
f 436/436 437/437 438/438
f 436/436 438/438 344/344
f 436/436 344/344 343/343
f 438/438 437/437 439/439
f 438/438 439/439 440/440
f 438/438 440/440 346/346
f 438/438 346/346 344/344
f 440/440 439/439 441/441
f 440/440 441/441 442/442
f 440/440 442/442 348/348
f 440/440 348/348 346/346
f 442/442 441/441 443/443
f 442/442 443/443 444/444
f 442/442 444/444 350/350
f 442/442 350/350 348/348
f 444/444 443/443 445/445
f 444/444 445/445 446/446
f 444/444 446/446 352/352
f 444/444 352/352 350/350
f 446/446 445/445 447/447
f 446/446 447/447 448/448
f 446/446 448/448 449/449
f 446/446 449/449 352/352
f 449/449 355/355 353/353
f 449/449 353/353 352/352
f 449/449 448/448 450/450
f 449/449 450/450 451/451
f 449/449 451/451 357/357
f 449/449 357/357 355/355
f 451/451 450/450 452/452
f 451/451 452/452 455/455
f 451/451 455/455 359/359
f 451/451 359/359 357/357
f 454/454 453/453 456/456
f 454/454 456/456 457/457
f 454/454 457/457 363/363
f 454/454 363/363 360/360
f 457/457 456/456 458/458
f 457/457 458/458 459/459
f 457/457 459/459 365/365
f 457/457 365/365 363/363
f 459/459 458/458 460/460
f 459/459 460/460 461/461
f 459/459 461/461 367/367
f 459/459 367/367 365/365
f 461/461 460/460 462/462
f 461/461 462/462 463/463
f 461/461 463/463 369/369
f 461/461 369/369 367/367
f 463/463 462/462 464/464
f 463/463 464/464 465/465
f 463/463 465/465 466/466
f 463/463 466/466 369/369
f 466/466 372/372 370/370
f 466/466 370/370 369/369
f 466/466 465/465 467/467
f 466/466 467/467 468/468
f 466/466 468/468 469/469
f 466/466 469/469 372/372
f 469/469 375/375 373/373
f 469/469 373/373 372/372
f 469/469 468/468 470/470
f 469/469 470/470 471/471
f 469/469 471/471 472/472
f 469/469 472/472 375/375
f 472/472 378/378 376/376
f 472/472 376/376 375/375
f 472/472 471/471 171/171
f 472/472 171/171 170/170
f 472/472 170/170 473/473
f 472/472 473/473 378/378
f 473/473 170/170 169/169
f 473/473 169/169 174/174
f 473/473 174/174 474/474
f 473/473 474/474 475/475
f 473/473 475/475 379/379
f 473/473 379/379 378/378
f 475/475 474/474 476/476
f 475/475 476/476 477/477
f 475/475 477/477 380/380
f 475/475 380/380 379/379
f 477/477 476/476 478/478
f 477/477 478/478 479/479
f 477/477 479/479 382/382
f 477/477 382/382 380/380
f 479/479 478/478 480/480
f 479/479 480/480 481/481
f 479/479 481/481 384/384
f 479/479 384/384 382/382
f 481/481 480/480 392/392
f 481/481 392/392 390/390
f 481/481 390/390 386/386
f 481/481 386/386 384/384
f 480/480 478/478 482/482
f 480/480 482/482 483/483
f 480/480 483/483 394/394
f 480/480 394/394 392/392
f 483/483 482/482 19/19
f 483/483 19/19 484/484
f 483/483 484/484 485/485
f 483/483 485/485 394/394
f 485/485 484/484 486/486
f 485/485 486/486 487/487
f 485/485 487/487 488/488
f 485/485 488/488 397/397
f 485/485 397/397 395/395
f 485/485 395/395 394/394
f 488/488 487/487 489/489
f 488/488 489/489 490/490
f 488/488 490/490 491/491
f 488/488 491/491 400/400
f 488/488 400/400 398/398
f 488/488 398/398 397/397
f 491/491 490/490 492/492
f 491/491 492/492 493/493
f 491/491 493/493 494/494
f 491/491 494/494 404/404
f 491/491 404/404 401/401
f 491/491 401/401 400/400
f 494/494 493/493 495/495
f 494/494 495/495 496/496
f 494/494 496/496 498/498
f 494/494 498/498 500/500
f 494/494 500/500 405/405
f 494/494 405/405 404/404
f 499/499 497/497 501/501
f 499/499 501/501 502/502
f 499/499 502/502 407/407
f 499/499 407/407 406/406
f 502/502 501/501 503/503
f 502/502 503/503 504/504
f 502/502 504/504 409/409
f 502/502 409/409 407/407
f 504/504 503/503 417/417
f 504/504 417/417 415/415
f 504/504 415/415 411/411
f 504/504 411/411 409/409
f 503/503 501/501 505/505
f 503/503 505/505 506/506
f 503/503 506/506 507/507
f 503/503 507/507 417/417
f 507/507 506/506 508/508
f 507/507 508/508 509/509
f 507/507 509/509 510/510
f 507/507 510/510 420/420
f 507/507 420/420 418/418
f 507/507 418/418 417/417
f 510/510 509/509 511/511
f 510/510 511/511 512/512
f 510/510 512/512 513/513
f 510/510 513/513 514/514
f 510/510 514/514 421/421
f 510/510 421/421 420/420
f 514/514 513/513 515/515
f 514/514 515/515 516/516
f 514/514 516/516 422/422
f 514/514 422/422 421/421
f 516/516 515/515 517/517
f 516/516 517/517 518/518
f 516/516 518/518 424/424
f 516/516 424/424 422/422
f 518/518 517/517 519/519
f 518/518 519/519 520/520
f 518/518 520/520 426/426
f 518/518 426/426 424/424
f 520/520 519/519 521/521
f 520/520 521/521 522/522
f 520/520 522/522 433/433
f 520/520 433/433 426/426
f 522/522 521/521 523/523
f 522/522 523/523 524/524
f 522/522 524/524 434/434
f 522/522 434/434 433/433
f 524/524 523/523 525/525
f 524/524 525/525 526/526
f 524/524 526/526 435/435
f 524/524 435/435 434/434
f 526/526 525/525 527/527
f 526/526 527/527 528/528
f 526/526 528/528 437/437
f 526/526 437/437 435/435
f 528/528 527/527 529/529
f 528/528 529/529 530/530
f 528/528 530/530 439/439
f 528/528 439/439 437/437
f 530/530 529/529 531/531
f 530/530 531/531 532/532
f 530/530 532/532 441/441
f 530/530 441/441 439/439
f 532/532 531/531 533/533
f 532/532 533/533 534/534
f 532/532 534/534 443/443
f 532/532 443/443 441/441
f 534/534 533/533 535/535
f 534/534 535/535 536/536
f 534/534 536/536 445/445
f 534/534 445/445 443/443
f 536/536 535/535 537/537
f 536/536 537/537 538/538
f 536/536 538/538 447/447
f 536/536 447/447 445/445
f 538/538 537/537 539/539
f 538/538 539/539 540/540
f 538/538 540/540 541/541
f 538/538 541/541 447/447
f 541/541 450/450 448/448
f 541/541 448/448 447/447
f 541/541 540/540 542/542
f 541/541 542/542 544/544
f 541/541 544/544 452/452
f 541/541 452/452 450/450
f 545/545 543/543 546/546
f 545/545 546/546 547/547
f 545/545 547/547 456/456
f 545/545 456/456 453/453
f 547/547 546/546 548/548
f 547/547 548/548 549/549
f 547/547 549/549 458/458
f 547/547 458/458 456/456
f 549/549 548/548 550/550
f 549/549 550/550 551/551
f 549/549 551/551 460/460
f 549/549 460/460 458/458
f 551/551 550/550 552/552
f 551/551 552/552 553/553
f 551/551 553/553 462/462
f 551/551 462/462 460/460
f 553/553 552/552 554/554
f 553/553 554/554 555/555
f 553/553 555/555 464/464
f 553/553 464/464 462/462
f 555/555 554/554 556/556
f 555/555 556/556 557/557
f 555/555 557/557 558/558
f 555/555 558/558 464/464
f 558/558 467/467 465/465
f 558/558 465/465 464/464
f 558/558 557/557 559/559
f 558/558 559/559 560/560
f 558/558 560/560 561/561
f 558/558 561/561 467/467
f 561/561 470/470 468/468
f 561/561 468/468 467/467
f 561/561 560/560 562/562
f 561/561 562/562 563/563
f 561/561 563/563 564/564
f 561/561 564/564 470/470
f 564/564 171/171 471/471
f 564/564 471/471 470/470
f 564/564 563/563 565/565
f 564/564 565/565 566/566
f 564/564 566/566 172/172
f 564/564 172/172 171/171
f 566/566 565/565 567/567
f 566/566 567/567 568/568
f 566/566 568/568 173/173
f 566/566 173/173 172/172
f 568/568 567/567 17/17
f 568/568 17/17 16/16
f 568/568 16/16 569/569
f 568/568 569/569 173/173
f 569/569 474/474 174/174
f 569/569 174/174 173/173
f 569/569 16/16 15/15
f 569/569 15/15 570/570
f 569/569 570/570 476/476
f 569/569 476/476 474/474
f 570/570 15/15 19/19
f 570/570 19/19 482/482
f 570/570 482/482 478/478
f 570/570 478/478 476/476
f 567/567 565/565 571/571
f 567/567 571/571 572/572
f 567/567 572/572 573/573
f 567/567 573/573 17/17
f 573/573 572/572 574/574
f 573/573 574/574 575/575
f 573/573 575/575 576/576
f 573/573 576/576 577/577
f 573/573 577/577 20/20
f 573/573 20/20 17/17
f 577/577 576/576 578/578
f 577/577 578/578 3/3
f 577/577 3/3 2/2
f 577/577 2/2 20/20
f 578/578 576/576 579/579
f 578/578 579/579 580/580
f 578/578 580/580 581/581
f 578/578 581/581 582/582
f 578/578 582/582 4/4
f 578/578 4/4 3/3
f 582/582 581/581 583/583
f 582/582 583/583 584/584
f 582/582 584/584 5/5
f 582/582 5/5 4/4
f 584/584 583/583 585/585
f 584/584 585/585 586/586
f 584/584 586/586 587/587
f 584/584 587/587 5/5
f 587/587 588/588 6/6
f 587/587 6/6 5/5
f 587/587 586/586 589/589
f 587/587 589/589 590/590
f 587/587 590/590 591/591
f 587/587 591/591 588/588
f 591/591 489/489 592/592
f 591/591 592/592 588/588
f 591/591 590/590 593/593
f 591/591 593/593 492/492
f 591/591 492/492 490/490
f 591/591 490/490 489/489
f 593/593 590/590 589/589
f 593/593 589/589 594/594
f 593/593 594/594 595/595
f 593/593 595/595 495/495
f 593/593 495/495 493/493
f 593/593 493/493 492/492
f 595/595 594/594 596/596
f 595/595 596/596 597/597
f 595/595 597/597 598/598
f 595/595 598/598 599/599
f 595/595 599/599 496/496
f 595/595 496/496 495/495
f 599/599 598/598 600/600
f 599/599 600/600 603/603
f 599/599 603/603 498/498
f 599/599 498/498 496/496
f 602/602 601/601 604/604
f 602/602 604/604 505/505
f 602/602 505/505 501/501
f 602/602 501/501 497/497
f 604/604 601/601 606/606
f 604/604 606/606 607/607
f 604/604 607/607 608/608
f 604/604 608/608 508/508
f 604/604 508/508 506/506
f 604/604 506/506 505/505
f 608/608 607/607 609/609
f 608/608 609/609 610/610
f 608/608 610/610 611/611
f 608/608 611/611 511/511
f 608/608 511/511 509/509
f 608/608 509/509 508/508
f 611/611 610/610 612/612
f 611/611 612/612 613/613
f 611/611 613/613 614/614
f 611/611 614/614 615/615
f 611/611 615/615 512/512
f 611/611 512/512 511/511
f 615/615 614/614 616/616
f 615/615 616/616 617/617
f 615/615 617/617 513/513
f 615/615 513/513 512/512
f 617/617 616/616 618/618
f 617/617 618/618 619/619
f 617/617 619/619 515/515
f 617/617 515/515 513/513
f 619/619 618/618 620/620
f 619/619 620/620 621/621
f 619/619 621/621 517/517
f 619/619 517/517 515/515
f 621/621 620/620 622/622
f 621/621 622/622 623/623
f 621/621 623/623 519/519
f 621/621 519/519 517/517
f 623/623 622/622 624/624
f 623/623 624/624 625/625
f 623/623 625/625 521/521
f 623/623 521/521 519/519
f 625/625 624/624 626/626
f 625/625 626/626 627/627
f 625/625 627/627 523/523
f 625/625 523/523 521/521
f 627/627 626/626 628/628
f 627/627 628/628 629/629
f 627/627 629/629 525/525
f 627/627 525/525 523/523
f 629/629 628/628 630/630
f 629/629 630/630 631/631
f 629/629 631/631 527/527
f 629/629 527/527 525/525
f 631/631 630/630 632/632
f 631/631 632/632 633/633
f 631/631 633/633 529/529
f 631/631 529/529 527/527
f 633/633 632/632 634/634
f 633/633 634/634 635/635
f 633/633 635/635 531/531
f 633/633 531/531 529/529
f 635/635 634/634 636/636
f 635/635 636/636 637/637
f 635/635 637/637 533/533
f 635/635 533/533 531/531
f 637/637 636/636 638/638
f 637/637 638/638 639/639
f 637/637 639/639 535/535
f 637/637 535/535 533/533
f 639/639 638/638 640/640
f 639/639 640/640 641/641
f 639/639 641/641 537/537
f 639/639 537/537 535/535
f 641/641 640/640 642/642
f 641/641 642/642 643/643
f 641/641 643/643 539/539
f 641/641 539/539 537/537
f 643/643 642/642 644/644
f 643/643 644/644 647/647
f 643/643 647/647 649/649
f 643/643 649/649 539/539
f 649/649 542/542 540/540
f 649/649 540/540 539/539
f 648/648 646/646 650/650
f 648/648 650/650 651/651
f 648/648 651/651 546/546
f 648/648 546/546 543/543
f 651/651 650/650 652/652
f 651/651 652/652 653/653
f 651/651 653/653 548/548
f 651/651 548/548 546/546
f 653/653 652/652 654/654
f 653/653 654/654 655/655
f 653/653 655/655 550/550
f 653/653 550/550 548/548
f 655/655 654/654 656/656
f 655/655 656/656 657/657
f 655/655 657/657 552/552
f 655/655 552/552 550/550
f 657/657 656/656 658/658
f 657/657 658/658 659/659
f 657/657 659/659 554/554
f 657/657 554/554 552/552
f 659/659 658/658 660/660
f 659/659 660/660 661/661
f 659/659 661/661 556/556
f 659/659 556/556 554/554
f 661/661 660/660 662/662
f 661/661 662/662 663/663
f 661/661 663/663 664/664
f 661/661 664/664 556/556
f 664/664 559/559 557/557
f 664/664 557/557 556/556
f 664/664 663/663 665/665
f 664/664 665/665 666/666
f 664/664 666/666 667/667
f 664/664 667/667 559/559
f 667/667 562/562 560/560
f 667/667 560/560 559/559
f 667/667 666/666 668/668
f 667/667 668/668 669/669
f 667/667 669/669 571/571
f 667/667 571/571 562/562
f 669/669 668/668 670/670
f 669/669 670/670 574/574
f 669/669 574/574 572/572
f 669/669 572/572 571/571
f 670/670 668/668 671/671
f 670/670 671/671 672/672
f 670/670 672/672 673/673
f 670/670 673/673 674/674
f 670/670 674/674 575/575
f 670/670 575/575 574/574
f 674/674 673/673 675/675
f 674/674 675/675 579/579
f 674/674 579/579 576/576
f 674/674 576/576 575/575
f 675/675 673/673 676/676
f 675/675 676/676 677/677
f 675/675 677/677 678/678
f 675/675 678/678 679/679
f 675/675 679/679 580/580
f 675/675 580/580 579/579
f 679/679 678/678 680/680
f 679/679 680/680 681/681
f 679/679 681/681 581/581
f 679/679 581/581 580/580
f 681/681 680/680 682/682
f 681/681 682/682 683/683
f 681/681 683/683 583/583
f 681/681 583/583 581/581
f 683/683 682/682 684/684
f 683/683 684/684 685/685
f 683/683 685/685 585/585
f 683/683 585/585 583/583
f 685/685 684/684 686/686
f 685/685 686/686 687/687
f 685/685 687/687 688/688
f 685/685 688/688 585/585
f 688/688 589/589 586/586
f 688/688 586/586 585/585
f 688/688 687/687 689/689
f 688/688 689/689 596/596
f 688/688 596/596 594/594
f 688/688 594/594 589/589
f 689/689 687/687 686/686
f 689/689 686/686 690/690
f 689/689 690/690 691/691
f 689/689 691/691 692/692
f 689/689 692/692 597/597
f 689/689 597/597 596/596
f 692/692 691/691 693/693
f 692/692 693/693 694/694
f 692/692 694/694 598/598
f 692/692 598/598 597/597
f 694/694 693/693 696/696
f 694/694 696/696 605/605
f 694/694 605/605 600/600
f 694/694 600/600 598/598
f 696/696 693/693 697/697
f 696/696 697/697 698/698
f 695/695 699/699 700/700
f 695/695 700/700 609/609
f 695/695 609/609 607/607
f 695/695 607/607 606/606
f 700/700 699/699 701/701
f 700/700 701/701 703/703
f 700/700 703/703 704/704
f 700/700 704/704 612/612
f 700/700 612/612 610/610
f 700/700 610/610 609/609
f 704/704 703/703 705/705
f 704/704 705/705 706/706
f 704/704 706/706 707/707
f 704/704 707/707 708/708
f 704/704 708/708 613/613
f 704/704 613/613 612/612
f 708/708 707/707 709/709
f 708/708 709/709 710/710
f 708/708 710/710 614/614
f 708/708 614/614 613/613
f 710/710 709/709 711/711
f 710/710 711/711 712/712
f 710/710 712/712 616/616
f 710/710 616/616 614/614
f 712/712 711/711 713/713
f 712/712 713/713 714/714
f 712/712 714/714 618/618
f 712/712 618/618 616/616
f 714/714 713/713 715/715
f 714/714 715/715 716/716
f 714/714 716/716 620/620
f 714/714 620/620 618/618
f 716/716 715/715 717/717
f 716/716 717/717 718/718
f 716/716 718/718 622/622
f 716/716 622/622 620/620
f 718/718 717/717 719/719
f 718/718 719/719 720/720
f 718/718 720/720 624/624
f 718/718 624/624 622/622
f 720/720 719/719 721/721
f 720/720 721/721 722/722
f 720/720 722/722 626/626
f 720/720 626/626 624/624
f 722/722 721/721 723/723
f 722/722 723/723 724/724
f 722/722 724/724 628/628
f 722/722 628/628 626/626
f 724/724 723/723 725/725
f 724/724 725/725 726/726
f 724/724 726/726 630/630
f 724/724 630/630 628/628
f 726/726 725/725 727/727
f 726/726 727/727 728/728
f 726/726 728/728 632/632
f 726/726 632/632 630/630
f 728/728 727/727 729/729
f 728/728 729/729 730/730
f 728/728 730/730 634/634
f 728/728 634/634 632/632
f 730/730 729/729 731/731
f 730/730 731/731 732/732
f 730/730 732/732 636/636
f 730/730 636/636 634/634
f 732/732 731/731 733/733
f 732/732 733/733 734/734
f 732/732 734/734 638/638
f 732/732 638/638 636/636
f 734/734 733/733 735/735
f 734/734 735/735 736/736
f 734/734 736/736 640/640
f 734/734 640/640 638/638
f 736/736 735/735 737/737
f 736/736 737/737 738/738
f 736/736 738/738 642/642
f 736/736 642/642 640/640
f 738/738 737/737 740/740
f 738/738 740/740 742/742
f 738/738 742/742 644/644
f 738/738 644/644 642/642
f 741/741 739/739 743/743
f 741/741 743/743 744/744
f 741/741 744/744 745/745
f 741/741 745/745 645/645
f 745/745 650/650 646/646
f 745/745 646/646 645/645
f 745/745 744/744 746/746
f 745/745 746/746 747/747
f 745/745 747/747 652/652
f 745/745 652/652 650/650
f 747/747 746/746 748/748
f 747/747 748/748 749/749
f 747/747 749/749 654/654
f 747/747 654/654 652/652
f 749/749 748/748 750/750
f 749/749 750/750 751/751
f 749/749 751/751 656/656
f 749/749 656/656 654/654
f 751/751 750/750 752/752
f 751/751 752/752 753/753
f 751/751 753/753 658/658
f 751/751 658/658 656/656
f 753/753 752/752 754/754
f 753/753 754/754 755/755
f 753/753 755/755 660/660
f 753/753 660/660 658/658
f 755/755 754/754 756/756
f 755/755 756/756 757/757
f 755/755 757/757 662/662
f 755/755 662/662 660/660
f 757/757 756/756 758/758
f 757/757 758/758 759/759
f 757/757 759/759 760/760
f 757/757 760/760 662/662
f 760/760 665/665 663/663
f 760/760 663/663 662/662
f 760/760 759/759 761/761
f 760/760 761/761 762/762
f 760/760 762/762 671/671
f 760/760 671/671 665/665
f 762/762 761/761 763/763
f 762/762 763/763 764/764
f 762/762 764/764 672/672
f 762/762 672/672 671/671
f 764/764 763/763 765/765
f 764/764 765/765 676/676
f 764/764 676/676 673/673
f 764/764 673/673 672/672
f 765/765 763/763 766/766
f 765/765 766/766 767/767
f 765/765 767/767 768/768
f 765/765 768/768 769/769
f 765/765 769/769 677/677
f 765/765 677/677 676/676
f 769/769 768/768 770/770
f 769/769 770/770 771/771
f 769/769 771/771 678/678
f 769/769 678/678 677/677
f 771/771 770/770 772/772
f 771/771 772/772 773/773
f 771/771 773/773 680/680
f 771/771 680/680 678/678
f 773/773 772/772 774/774
f 773/773 774/774 775/775
f 773/773 775/775 682/682
f 773/773 682/682 680/680
f 775/775 774/774 776/776
f 775/775 776/776 777/777
f 775/775 777/777 684/684
f 775/775 684/684 682/682
f 777/777 776/776 778/778
f 777/777 778/778 779/779
f 777/777 779/779 686/686
f 777/777 686/686 684/684
f 779/779 778/778 780/780
f 779/779 780/780 781/781
f 779/779 781/781 690/690
f 779/779 690/690 686/686
f 781/781 780/780 782/782
f 781/781 782/782 783/783
f 781/781 783/783 691/691
f 781/781 691/691 690/690
f 783/783 782/782 784/784
f 783/783 784/784 697/697
f 783/783 697/697 693/693
f 783/783 693/693 691/691
f 784/784 782/782 785/785
f 784/784 785/785 786/786
f 784/784 786/786 788/788
f 784/784 788/788 702/702
f 784/784 702/702 698/698
f 784/784 698/698 697/697
f 788/788 786/786 789/789
f 788/788 789/789 791/791
f 787/787 790/790 792/792
f 787/787 792/792 705/705
f 787/787 705/705 703/703
f 787/787 703/703 701/701
f 792/792 790/790 793/793
f 792/792 793/793 795/795
f 792/792 795/795 796/796
f 792/792 796/796 797/797
f 792/792 797/797 706/706
f 792/792 706/706 705/705
f 797/797 796/796 798/798
f 797/797 798/798 799/799
f 797/797 799/799 707/707
f 797/797 707/707 706/706
f 799/799 798/798 800/800
f 799/799 800/800 801/801
f 799/799 801/801 709/709
f 799/799 709/709 707/707
f 801/801 800/800 802/802
f 801/801 802/802 803/803
f 801/801 803/803 711/711
f 801/801 711/711 709/709
f 803/803 802/802 804/804
f 803/803 804/804 805/805
f 803/803 805/805 713/713
f 803/803 713/713 711/711
f 805/805 804/804 806/806
f 805/805 806/806 807/807
f 805/805 807/807 715/715
f 805/805 715/715 713/713
f 807/807 806/806 808/808
f 807/807 808/808 809/809
f 807/807 809/809 717/717
f 807/807 717/717 715/715
f 809/809 808/808 810/810
f 809/809 810/810 811/811
f 809/809 811/811 719/719
f 809/809 719/719 717/717
f 811/811 810/810 812/812
f 811/811 812/812 813/813
f 811/811 813/813 721/721
f 811/811 721/721 719/719
f 813/813 812/812 814/814
f 813/813 814/814 815/815
f 813/813 815/815 723/723
f 813/813 723/723 721/721
f 815/815 814/814 816/816
f 815/815 816/816 817/817
f 815/815 817/817 725/725
f 815/815 725/725 723/723
f 817/817 816/816 818/818
f 817/817 818/818 819/819
f 817/817 819/819 727/727
f 817/817 727/727 725/725
f 819/819 818/818 820/820
f 819/819 820/820 821/821
f 819/819 821/821 729/729
f 819/819 729/729 727/727
f 821/821 820/820 822/822
f 821/821 822/822 823/823
f 821/821 823/823 731/731
f 821/821 731/731 729/729
f 823/823 822/822 824/824
f 823/823 824/824 825/825
f 823/823 825/825 733/733
f 823/823 733/733 731/731
f 825/825 824/824 826/826
f 825/825 826/826 827/827
f 825/825 827/827 735/735
f 825/825 735/735 733/733
f 827/827 826/826 828/828
f 827/827 828/828 829/829
f 827/827 829/829 737/737
f 827/827 737/737 735/735
f 829/829 828/828 831/831
f 829/829 831/831 833/833
f 829/829 833/833 740/740
f 829/829 740/740 737/737
f 832/832 830/830 834/834
f 832/832 834/834 835/835
f 832/832 835/835 743/743
f 832/832 743/743 739/739
f 835/835 834/834 836/836
f 835/835 836/836 837/837
f 835/835 837/837 838/838
f 835/835 838/838 743/743
f 838/838 746/746 744/744
f 838/838 744/744 743/743
f 838/838 837/837 839/839
f 838/838 839/839 840/840
f 838/838 840/840 748/748
f 838/838 748/748 746/746
f 840/840 839/839 841/841
f 840/840 841/841 842/842
f 840/840 842/842 750/750
f 840/840 750/750 748/748
f 842/842 841/841 843/843
f 842/842 843/843 844/844
f 842/842 844/844 752/752
f 842/842 752/752 750/750
f 844/844 843/843 845/845
f 844/844 845/845 846/846
f 844/844 846/846 754/754
f 844/844 754/754 752/752
f 846/846 845/845 847/847
f 846/846 847/847 848/848
f 846/846 848/848 756/756
f 846/846 756/756 754/754
f 848/848 847/847 849/849
f 848/848 849/849 850/850
f 848/848 850/850 758/758
f 848/848 758/758 756/756
f 850/850 849/849 851/851
f 850/850 851/851 852/852
f 850/850 852/852 853/853
f 850/850 853/853 758/758
f 853/853 761/761 759/759
f 853/853 759/759 758/758
f 853/853 852/852 854/854
f 853/853 854/854 766/766
f 853/853 766/766 763/763
f 853/853 763/763 761/761
f 854/854 852/852 851/851
f 854/854 851/851 855/855
f 854/854 855/855 856/856
f 854/854 856/856 857/857
f 854/854 857/857 767/767
f 854/854 767/767 766/766
f 857/857 856/856 858/858
f 857/857 858/858 859/859
f 857/857 859/859 768/768
f 857/857 768/768 767/767
f 859/859 858/858 860/860
f 859/859 860/860 861/861
f 859/859 861/861 770/770
f 859/859 770/770 768/768
f 861/861 860/860 862/862
f 861/861 862/862 863/863
f 861/861 863/863 772/772
f 861/861 772/772 770/770
f 863/863 862/862 864/864
f 863/863 864/864 865/865
f 863/863 865/865 774/774
f 863/863 774/774 772/772
f 865/865 864/864 866/866
f 865/865 866/866 867/867
f 865/865 867/867 776/776
f 865/865 776/776 774/774
f 867/867 866/866 868/868
f 867/867 868/868 869/869
f 867/867 869/869 778/778
f 867/867 778/778 776/776
f 869/869 868/868 870/870
f 869/869 870/870 871/871
f 869/869 871/871 780/780
f 869/869 780/780 778/778
f 871/871 870/870 872/872
f 871/871 872/872 785/785
f 871/871 785/785 782/782
f 871/871 782/782 780/780
f 872/872 870/870 873/873
f 872/872 873/873 874/874
f 872/872 874/874 875/875
f 872/872 875/875 789/789
f 872/872 789/789 786/786
f 872/872 786/786 785/785
f 875/875 874/874 876/876
f 875/875 876/876 877/877
f 875/875 877/877 879/879
f 875/875 879/879 794/794
f 875/875 794/794 791/791
f 875/875 791/791 789/789
f 879/879 877/877 880/880
f 879/879 880/880 882/882
f 878/878 881/881 883/883
f 878/878 883/883 884/884
f 878/878 884/884 795/795
f 878/878 795/795 793/793
f 884/884 883/883 885/885
f 884/884 885/885 886/886
f 884/884 886/886 796/796
f 884/884 796/796 795/795
f 886/886 885/885 887/887
f 886/886 887/887 888/888
f 886/886 888/888 798/798
f 886/886 798/798 796/796
f 888/888 887/887 889/889
f 888/888 889/889 890/890
f 888/888 890/890 800/800
f 888/888 800/800 798/798
f 890/890 889/889 891/891
f 890/890 891/891 892/892
f 890/890 892/892 802/802
f 890/890 802/802 800/800
f 892/892 891/891 893/893
f 892/892 893/893 894/894
f 892/892 894/894 804/804
f 892/892 804/804 802/802
f 894/894 893/893 895/895
f 894/894 895/895 896/896
f 894/894 896/896 806/806
f 894/894 806/806 804/804
f 896/896 895/895 897/897
f 896/896 897/897 898/898
f 896/896 898/898 808/808
f 896/896 808/808 806/806
f 898/898 897/897 899/899
f 898/898 899/899 900/900
f 898/898 900/900 810/810
f 898/898 810/810 808/808
f 900/900 899/899 901/901
f 900/900 901/901 902/902
f 900/900 902/902 812/812
f 900/900 812/812 810/810
f 902/902 901/901 903/903
f 902/902 903/903 904/904
f 902/902 904/904 814/814
f 902/902 814/814 812/812
f 904/904 903/903 905/905
f 904/904 905/905 906/906
f 904/904 906/906 816/816
f 904/904 816/816 814/814
f 906/906 905/905 907/907
f 906/906 907/907 908/908
f 906/906 908/908 818/818
f 906/906 818/818 816/816
f 908/908 907/907 909/909
f 908/908 909/909 910/910
f 908/908 910/910 820/820
f 908/908 820/820 818/818
f 910/910 909/909 911/911
f 910/910 911/911 912/912
f 910/910 912/912 822/822
f 910/910 822/822 820/820
f 912/912 911/911 913/913
f 912/912 913/913 914/914
f 912/912 914/914 824/824
f 912/912 824/824 822/822
f 914/914 913/913 915/915
f 914/914 915/915 916/916
f 914/914 916/916 826/826
f 914/914 826/826 824/824
f 916/916 915/915 917/917
f 916/916 917/917 918/918
f 916/916 918/918 828/828
f 916/916 828/828 826/826
f 918/918 917/917 920/920
f 918/918 920/920 922/922
f 918/918 922/922 831/831
f 918/918 831/831 828/828
f 921/921 919/919 923/923
f 921/921 923/923 924/924
f 921/921 924/924 834/834
f 921/921 834/834 830/830
f 924/924 923/923 925/925
f 924/924 925/925 926/926
f 924/924 926/926 836/836
f 924/924 836/836 834/834
f 926/926 925/925 927/927
f 926/926 927/927 928/928
f 926/926 928/928 929/929
f 926/926 929/929 836/836
f 929/929 839/839 837/837
f 929/929 837/837 836/836
f 929/929 928/928 930/930
f 929/929 930/930 931/931
f 929/929 931/931 841/841
f 929/929 841/841 839/839
f 931/931 930/930 932/932
f 931/931 932/932 933/933
f 931/931 933/933 843/843
f 931/931 843/843 841/841
f 933/933 932/932 934/934
f 933/933 934/934 935/935
f 933/933 935/935 845/845
f 933/933 845/845 843/843
f 935/935 934/934 936/936
f 935/935 936/936 937/937
f 935/935 937/937 847/847
f 935/935 847/847 845/845
f 937/937 936/936 938/938
f 937/937 938/938 939/939
f 937/937 939/939 849/849
f 937/937 849/849 847/847
f 939/939 938/938 940/940
f 939/939 940/940 941/941
f 939/939 941/941 851/851
f 939/939 851/851 849/849
f 941/941 940/940 942/942
f 941/941 942/942 943/943
f 941/941 943/943 855/855
f 941/941 855/855 851/851
f 943/943 942/942 944/944
f 943/943 944/944 945/945
f 943/943 945/945 856/856
f 943/943 856/856 855/855
f 945/945 944/944 946/946
f 945/945 946/946 947/947
f 945/945 947/947 858/858
f 945/945 858/858 856/856
f 947/947 946/946 948/948
f 947/947 948/948 949/949
f 947/947 949/949 860/860
f 947/947 860/860 858/858
f 949/949 948/948 950/950
f 949/949 950/950 951/951
f 949/949 951/951 862/862
f 949/949 862/862 860/860
f 951/951 950/950 952/952
f 951/951 952/952 953/953
f 951/951 953/953 864/864
f 951/951 864/864 862/862
f 953/953 952/952 954/954
f 953/953 954/954 955/955
f 953/953 955/955 866/866
f 953/953 866/866 864/864
f 955/955 954/954 956/956
f 955/955 956/956 957/957
f 955/955 957/957 868/868
f 955/955 868/868 866/866
f 957/957 956/956 958/958
f 957/957 958/958 873/873
f 957/957 873/873 870/870
f 957/957 870/870 868/868
f 958/958 956/956 959/959
f 958/958 959/959 960/960
f 958/958 960/960 961/961
f 958/958 961/961 876/876
f 958/958 876/876 874/874
f 958/958 874/874 873/873
f 961/961 960/960 962/962
f 961/961 962/962 963/963
f 961/961 963/963 964/964
f 961/961 964/964 880/880
f 961/961 880/880 877/877
f 961/961 877/877 876/876
f 964/964 882/882 880/880
f 965/965 966/966 905/905
f 965/965 905/905 903/903
f 966/966 967/967 907/907
f 966/966 907/907 905/905
f 967/967 968/968 909/909
f 967/967 909/909 907/907
f 968/968 969/969 911/911
f 968/968 911/911 909/909
f 969/969 970/970 913/913
f 969/969 913/913 911/911
f 970/970 971/971 915/915
f 970/970 915/915 913/913
f 971/971 972/972 917/917
f 971/971 917/917 915/915
f 972/972 973/973 920/920
f 972/972 920/920 917/917
f 974/974 975/975 923/923
f 974/974 923/923 919/919
f 975/975 976/976 925/925
f 975/975 925/925 923/923
f 976/976 977/977 927/927
f 976/976 927/927 925/925
f 977/977 978/978 979/979
f 977/977 979/979 927/927
f 979/979 930/930 928/928
f 979/979 928/928 927/927
f 979/979 978/978 980/980
f 979/979 980/980 981/981
f 979/979 981/981 932/932
f 979/979 932/932 930/930
f 981/981 980/980 982/982
f 981/981 982/982 983/983
f 981/981 983/983 934/934
f 981/981 934/934 932/932
f 983/983 982/982 984/984
f 983/983 984/984 985/985
f 983/983 985/985 936/936
f 983/983 936/936 934/934
f 985/985 984/984 986/986
f 985/985 986/986 987/987
f 985/985 987/987 938/938
f 985/985 938/938 936/936
f 987/987 986/986 988/988
f 987/987 988/988 989/989
f 987/987 989/989 940/940
f 987/987 940/940 938/938
f 989/989 988/988 990/990
f 989/989 990/990 991/991
f 989/989 991/991 942/942
f 989/989 942/942 940/940
f 991/991 990/990 992/992
f 991/991 992/992 993/993
f 991/991 993/993 944/944
f 991/991 944/944 942/942
f 993/993 992/992 994/994
f 993/993 994/994 995/995
f 993/993 995/995 946/946
f 993/993 946/946 944/944
f 995/995 994/994 996/996
f 995/995 996/996 997/997
f 995/995 997/997 948/948
f 995/995 948/948 946/946
f 997/997 996/996 998/998
f 997/997 998/998 999/999
f 997/997 999/999 950/950
f 997/997 950/950 948/948
f 999/999 998/998 1000/1000
f 999/999 1000/1000 1001/1001
f 999/999 1001/1001 952/952
f 999/999 952/952 950/950
f 1001/1001 1000/1000 1002/1002
f 1001/1001 1002/1002 1003/1003
f 1001/1001 1003/1003 954/954
f 1001/1001 954/954 952/952
f 1003/1003 1002/1002 1004/1004
f 1003/1003 1004/1004 959/959
f 1003/1003 959/959 956/956
f 1003/1003 956/956 954/954
f 1004/1004 962/962 960/960
f 1004/1004 960/960 959/959
f 1005/1005 1002/1002 1000/1000
f 671/671 668/668 666/666
f 671/671 666/666 665/665
f 592/592 486/486 18/18
f 592/592 18/18 1006/1006
f 592/592 1006/1006 6/6
f 592/592 6/6 588/588
f 592/592 489/489 487/487
f 592/592 487/487 486/486
f 1006/1006 18/18 20/20
f 1006/1006 20/20 2/2
f 1006/1006 2/2 1/1
f 1006/1006 1/1 6/6
f 571/571 565/565 563/563
f 571/571 563/563 562/562
f 486/486 484/484 19/19
f 486/486 19/19 18/18
f 433/433 430/430 427/427
f 433/433 427/427 426/426
f 429/429 336/336 11/11
f 429/429 11/11 10/10
f 429/429 339/339 337/337
f 429/429 337/337 336/336
f 311/311 301/301 299/299
f 311/311 299/299 298/298
f 236/236 232/232 216/216
f 236/236 216/216 215/215
f 199/199 96/96 125/125
f 199/199 125/125 182/182
f 183/183 179/179 163/163
f 183/183 163/163 165/165
f 179/179 177/177 164/164
f 179/179 164/164 163/163
f 166/166 156/156 160/160
f 166/166 160/160 154/154
f 145/145 144/144 112/112
f 145/145 112/112 111/111
f 144/144 123/123 131/131
f 144/144 131/131 112/112
f 135/135 105/105 110/110
f 135/135 110/110 23/23
f 135/135 23/23 22/22
f 135/135 22/22 41/41
f 136/136 40/40 44/44
f 136/136 44/44 134/134
f 134/134 44/44 35/35
f 134/134 35/35 34/34
f 132/132 80/80 104/104
f 132/132 104/104 103/103
f 131/131 129/129 107/107
f 131/131 107/107 112/112
f 130/130 126/126 72/72
f 130/130 72/72 76/76
f 130/130 76/76 109/109
f 130/130 109/109 108/108
f 110/110 109/109 60/60
f 110/110 60/60 59/59
f 110/110 59/59 24/24
f 110/110 24/24 23/23
f 109/109 76/76 75/75
f 109/109 75/75 60/60
f 86/86 70/70 69/69
f 86/86 69/69 83/83
f 83/83 69/69 1007/1007
f 83/83 1007/1007 78/78
f 80/80 78/78 1007/1007
f 80/80 1007/1007 104/104
f 1007/1007 69/69 62/62
f 1007/1007 62/62 61/61
f 1007/1007 61/61 77/77
f 1007/1007 77/77 104/104
f 70/70 66/66 56/56
f 70/70 56/56 58/58
f 66/66 64/64 48/48
f 66/66 48/48 56/56
f 37/37 27/27 26/26
f 37/37 26/26 29/29
f 31/31 29/29 26/26
f 31/31 26/26 25/25
f 964/964 963/963 1008/1008
f 882/882 964/964 1010/1010
f 883/883 881/881 1012/1012
f 885/885 883/883 1014/1014
f 887/887 885/885 1016/1016
f 889/889 887/887 1018/1018
f 891/891 889/889 1020/1020
f 893/893 891/891 1022/1022
f 895/895 893/893 1024/1024
f 897/897 895/895 1026/1026
f 899/899 897/897 1028/1028
f 901/901 899/899 1030/1030
f 965/965 903/903 1032/1032
f 903/903 901/901 1034/1034
f 966/966 965/965 1036/1036
f 967/967 966/966 1038/1038
f 968/968 967/967 1040/1040
f 969/969 968/968 1042/1042
f 970/970 969/969 1044/1044
f 971/971 970/970 1046/1046
f 972/972 971/971 1048/1048
f 973/973 972/972 1050/1050
f 975/975 974/974 1052/1052
f 976/976 975/975 1054/1054
f 977/977 976/976 1056/1056
f 978/978 977/977 1058/1058
f 1004/1004 1002/1002 1060/1060
f 962/962 1004/1004 1062/1062
f 963/963 962/962 1064/1064
f 980/980 978/978 1066/1066
f 982/982 980/980 1068/1068
f 984/984 982/982 1070/1070
f 986/986 984/984 1072/1072
f 988/988 986/986 1074/1074
f 990/990 988/988 1076/1076
f 992/992 990/990 1078/1078
f 994/994 992/992 1080/1080
f 996/996 994/994 1082/1082
f 998/998 996/996 1084/1084
f 1005/1005 1000/1000 1086/1086
f 1000/1000 998/998 1088/1088
f 1002/1002 1005/1005 1090/1090
f 1008/1008 1009/1009 964/964
f 1010/1010 1011/1011 882/882
f 1012/1012 1013/1013 883/883
f 1014/1014 1015/1015 885/885
f 1016/1016 1017/1017 887/887
f 1018/1018 1019/1019 889/889
f 1020/1020 1021/1021 891/891
f 1022/1022 1023/1023 893/893
f 1024/1024 1025/1025 895/895
f 1026/1026 1027/1027 897/897
f 1028/1028 1029/1029 899/899
f 1030/1030 1031/1031 901/901
f 1032/1032 1033/1033 965/965
f 1034/1034 1035/1035 903/903
f 1036/1036 1037/1037 966/966
f 1038/1038 1039/1039 967/967
f 1040/1040 1041/1041 968/968
f 1042/1042 1043/1043 969/969
f 1044/1044 1045/1045 970/970
f 1046/1046 1047/1047 971/971
f 1048/1048 1049/1049 972/972
f 1050/1050 1051/1051 973/973
f 1052/1052 1053/1053 975/975
f 1054/1054 1055/1055 976/976
f 1056/1056 1057/1057 977/977
f 1058/1058 1059/1059 978/978
f 1060/1060 1061/1061 1004/1004
f 1062/1062 1063/1063 962/962
f 1064/1064 1065/1065 963/963
f 1066/1066 1067/1067 980/980
f 1068/1068 1069/1069 982/982
f 1070/1070 1071/1071 984/984
f 1072/1072 1073/1073 986/986
f 1074/1074 1075/1075 988/988
f 1076/1076 1077/1077 990/990
f 1078/1078 1079/1079 992/992
f 1080/1080 1081/1081 994/994
f 1082/1082 1083/1083 996/996
f 1084/1084 1085/1085 998/998
f 1086/1086 1087/1087 1005/1005
f 1088/1088 1089/1089 1000/1000
f 1090/1090 1091/1091 1002/1002
f 964/964 1092/1092 1093/1093
f 964/964 1094/1094 1095/1095
f 964/964 1096/1096 1097/1097
f 883/883 1098/1098 1099/1099
f 885/885 1100/1100 1101/1101
f 887/887 1102/1102 1103/1103
f 889/889 1104/1104 1105/1105
f 891/891 1106/1106 1107/1107
f 893/893 1108/1108 1109/1109
f 895/895 1110/1110 1111/1111
f 897/897 1112/1112 1113/1113
f 899/899 1114/1114 1115/1115
f 901/901 1116/1116 1117/1117
f 965/965 1118/1118 1119/1119
f 965/965 1120/1120 1121/1121
f 966/966 1122/1122 1123/1123
f 967/967 1124/1124 1125/1125
f 968/968 1126/1126 1127/1127
f 969/969 1128/1128 1129/1129
f 970/970 1130/1130 1131/1131
f 971/971 1132/1132 1133/1133
f 972/972 1134/1134 1135/1135
f 974/974 1136/1136 1137/1137
f 975/975 1138/1138 1139/1139
f 976/976 1140/1140 1141/1141
f 977/977 1142/1142 1143/1143
f 1004/1004 1144/1144 1145/1145
f 1004/1004 1146/1146 1147/1147
f 963/963 1148/1148 1149/1149
f 978/978 1150/1150 1151/1151
f 982/982 1152/1152 1153/1153
f 984/984 1154/1154 1155/1155
f 986/986 1156/1156 1157/1157
f 988/988 1158/1158 1159/1159
f 990/990 1160/1160 1161/1161
f 992/992 1162/1162 1163/1163
f 994/994 1164/1164 1165/1165
f 996/996 1166/1166 1167/1167
f 998/998 1168/1168 1169/1169
f 1005/1005 1170/1170 1171/1171
f 1005/1005 1172/1172 1173/1173
f 1005/1005 1174/1174 1175/1175
usemtl pear_cut
f 1183/1183 1176/1176 1208/1208
f 1208/1208 1213/1213 1248/1248
f 1248/1248 1245/1245 1210/1210
f 1180/1180 1193/1193 1212/1212
f 1212/1212 1230/1230 1231/1231
f 1231/1231 1187/1187 1215/1215
f 1215/1215 1236/1236 1249/1249
f 1249/1249 1254/1254 1195/1195
f 1195/1195 1205/1205 1201/1201
f 1246/1246 1241/1241 1220/1220
f 1220/1220 1188/1188 1191/1191
f 1191/1191 1203/1203 1222/1222
f 1222/1222 1259/1259 1218/1218
f 1218/1218 1189/1189 1214/1214
f 1214/1214 1199/1199 1252/1252
f 1252/1252 1257/1257 1234/1234
f 1234/1234 1198/1198 1219/1219
f 1219/1219 1182/1182 1229/1229
f 1229/1229 1239/1239 1206/1206
f 1206/1206 1226/1226 1228/1228
f 1228/1228 1179/1179 1221/1221
f 1237/1237 1207/1207 1250/1250
f 1250/1250 1242/1242 1232/1232
f 1232/1232 1247/1247 1224/1224
f 1224/1224 1200/1200 1251/1251
f 1251/1251 1227/1227 1235/1235
f 1196/1196 1197/1197 1240/1240
f 1240/1240 1209/1209 1233/1233
f 1233/1233 1204/1204 1258/1258
f 1258/1258 1238/1238 1190/1190
f 1190/1190 1181/1181 1185/1185
f 1185/1185 1184/1184 1186/1186
f 1186/1186 1223/1223 1243/1243
f 1243/1243 1225/1225 1194/1194
f 1194/1194 1202/1202 1256/1256
f 1256/1256 1211/1211 1216/1216
f 1216/1216 1255/1255 1253/1253
f 1253/1253 1178/1178 1177/1177
f 1244/1244 1192/1192 1183/1183
f 1183/1183 1208/1208 1248/1248
f 1248/1248 1210/1210 1180/1180
f 1180/1180 1212/1212 1231/1231
f 1231/1231 1215/1215 1249/1249
f 1249/1249 1195/1195 1201/1201
f 1201/1201 1246/1246 1220/1220
f 1220/1220 1191/1191 1222/1222
f 1222/1222 1218/1218 1214/1214
f 1214/1214 1252/1252 1234/1234
f 1234/1234 1219/1219 1229/1229
f 1229/1229 1206/1206 1228/1228
f 1228/1228 1221/1221 1237/1237
f 1237/1237 1250/1250 1232/1232
f 1232/1232 1224/1224 1251/1251
f 1251/1251 1235/1235 1217/1217
f 1217/1217 1196/1196 1240/1240
f 1240/1240 1233/1233 1258/1258
f 1258/1258 1190/1190 1185/1185
f 1185/1185 1186/1186 1243/1243
f 1243/1243 1194/1194 1256/1256
f 1256/1256 1216/1216 1253/1253
f 1253/1253 1177/1177 1244/1244
f 1244/1244 1183/1183 1248/1248
f 1248/1248 1180/1180 1231/1231
f 1231/1231 1249/1249 1201/1201
f 1201/1201 1220/1220 1222/1222
f 1222/1222 1214/1214 1234/1234
f 1234/1234 1229/1229 1228/1228
f 1228/1228 1237/1237 1232/1232
f 1232/1232 1251/1251 1217/1217
f 1217/1217 1240/1240 1258/1258
f 1258/1258 1185/1185 1243/1243
f 1243/1243 1256/1256 1253/1253
f 1253/1253 1244/1244 1248/1248
f 1248/1248 1231/1231 1201/1201
f 1201/1201 1222/1222 1234/1234
f 1234/1234 1228/1228 1232/1232
f 1232/1232 1217/1217 1258/1258
f 1258/1258 1243/1243 1253/1253
f 1253/1253 1248/1248 1201/1201
f 1201/1201 1234/1234 1232/1232
f 1232/1232 1258/1258 1253/1253
f 1253/1253 1201/1201 1232/1232
