# generated
mtllib plum.mtl
o fruit_half
v -0.010937 -0.000154 0.043775
v 0.005331 -0.001074 0.038816
v 0.005509 -0.001155 0.038622
v 0.006035 -0.000227 0.036883
v 0.004572 0.004597 0.036864
v 0.005513 0.005043 0.036575
v 0.003337 0.005539 0.036489
v 0.005754 0.004384 0.035503
v 0.004885 0.006456 0.037445
v 0.008061 0.004202 0.035809
v 0.005806 0.005031 0.035714
v 0.000701 0.027043 0.024937
v -0.011460 -0.000312 0.043477
v -0.011450 0.000278 0.043524
v -0.010766 0.000244 0.043890
v -0.010328 -0.000176 0.044063
v -0.010760 -0.000591 0.043827
v 0.005455 -0.001791 0.039211
v 0.005209 -0.001444 0.039321
v 0.005171 -0.000441 0.038734
v 0.005362 -0.000382 0.038294
v 0.005759 -0.001984 0.039040
v 0.005563 -0.000579 0.038017
v 0.005770 -0.001350 0.038378
v 0.005767 0.000024 0.036875
v 0.005954 0.000183 0.036567
v 0.006236 -0.000262 0.036716
v 0.006154 -0.000689 0.037133
v 0.005813 -0.000479 0.037231
v 0.006544 -0.000768 0.037079
v 0.004307 0.004233 0.037039
v 0.003922 0.004488 0.037069
v 0.004110 0.004831 0.036876
v 0.004811 0.004161 0.036767
v 0.004608 0.003948 0.036954
v 0.004918 0.004670 0.036732
v 0.004992 0.004300 0.036614
v 0.004652 0.005163 0.036925
v 0.004996 0.005115 0.036902
v 0.004238 0.005261 0.036863
v 0.005776 0.005230 0.036426
v 0.005601 0.005189 0.036292
v 0.005357 0.005086 0.036346
v 0.005748 0.005507 0.036751
v 0.006058 0.005444 0.036587
v 0.005217 0.004839 0.036297
v 0.005203 0.004786 0.036435
v 0.003057 0.005157 0.036522
v 0.002819 0.005561 0.036956
v 0.003180 0.005806 0.036837
v 0.003699 0.005793 0.036927
v 0.003840 0.005429 0.036480
v 0.003649 0.005011 0.036737
v 0.005665 0.004405 0.035593
v 0.005469 0.004627 0.035668
v 0.005693 0.004504 0.035501
v 0.006019 0.004128 0.035363
v 0.005982 0.004081 0.035438
v 0.004730 0.005713 0.037171
v 0.004226 0.005783 0.037022
v 0.004090 0.006353 0.037272
v 0.003731 0.006879 0.037613
v 0.004426 0.007058 0.037830
v 0.005637 0.006945 0.037919
v 0.006096 0.006634 0.037729
v 0.005508 0.006210 0.037300
v 0.005183 0.005590 0.037207
v 0.007890 0.004374 0.035805
v 0.008421 0.004437 0.036082
v 0.008529 0.004218 0.035980
v 0.008621 0.004033 0.035821
v 0.007991 0.004075 0.035699
v 0.007653 0.004332 0.035559
v 0.005805 0.005075 0.035803
v 0.006106 0.004822 0.035597
v 0.006042 0.004827 0.035529
v 0.005963 0.004840 0.035474
v 0.005680 0.005081 0.035730
v 0.005568 0.005197 0.035927
v 0.000937 0.026988 0.025287
v 0.000321 0.026962 0.025565
v 0.000184 0.027037 0.024977
v 0.000765 0.027069 0.024481
v 0.001258 0.026991 0.024781
v 0.000093 0.027035 0.024330
v 0.015697 0.022725 0.022550
v 0.015117 0.023076 0.022430
v 0.014528 0.023384 0.022261
v 0.014805 0.023201 0.023263
v 0.014236 0.023552 0.023058
v 0.013635 0.023830 0.022812
v 0.013885 0.023665 0.023850
v 0.013304 0.023976 0.023570
v 0.012725 0.024289 0.023266
v 0.013051 0.024143 0.022532
v 0.012138 0.024583 0.022936
v 0.012459 0.024435 0.022220
v 0.011569 0.024898 0.022573
v 0.017466 0.021442 0.022548
v 0.016862 0.021905 0.022607
v 0.016283 0.022345 0.022608
v 0.016610 0.022060 0.023554
v 0.015992 0.022474 0.023519
v 0.015407 0.022878 0.023422
v 0.015666 0.022598 0.024415
v 0.015052 0.022970 0.024281
v 0.014460 0.023321 0.024090
v 0.014676 0.023089 0.025132
v 0.014085 0.023445 0.024908
v 0.013508 0.023783 0.024639
v 0.013683 0.023563 0.025722
v 0.013126 0.023934 0.025435
v 0.012554 0.024244 0.025115
v 0.012942 0.024114 0.024338
v 0.011993 0.024551 0.024775
v 0.012365 0.024410 0.024013
v 0.011431 0.024844 0.024415
v 0.011791 0.024707 0.023666
v 0.010869 0.025125 0.024033
v 0.011224 0.025010 0.023292
v 0.010314 0.025404 0.023626
v 0.010662 0.025303 0.022886
v 0.009765 0.025672 0.023191
v 0.010089 0.025548 0.022446
v 0.009202 0.025887 0.022723
v 0.008635 0.026089 0.022220
v 0.018640 0.020330 0.022304
v 0.018050 0.020906 0.022444
v 0.018459 0.020458 0.023285
v 0.017857 0.021061 0.023425
v 0.017218 0.021570 0.023518
v 0.017607 0.021187 0.024381
v 0.016932 0.021694 0.024466
v 0.016293 0.022174 0.024479
v 0.016605 0.021812 0.025386
v 0.015939 0.022294 0.025386
v 0.015290 0.022708 0.025293
v 0.015526 0.022378 0.026272
v 0.014877 0.022807 0.026160
v 0.014265 0.023195 0.025971
v 0.014452 0.022905 0.027019
v 0.013843 0.023307 0.026809
v 0.013270 0.023693 0.026541
v 0.013409 0.023410 0.027644
v 0.012823 0.023782 0.027361
v 0.012252 0.024115 0.027048
v 0.012693 0.024021 0.026233
v 0.011701 0.024438 0.026716
v 0.012134 0.024342 0.025904
v 0.011157 0.024732 0.026361
v 0.011585 0.024651 0.025555
v 0.010642 0.025058 0.025992
v 0.011043 0.024951 0.025189
v 0.010111 0.025334 0.025598
v 0.010496 0.025226 0.024801
v 0.009583 0.025597 0.025181
v 0.009962 0.025514 0.024392
v 0.009048 0.025826 0.024740
v 0.009416 0.025757 0.023956
v 0.008517 0.026040 0.024265
v 0.008865 0.025961 0.023487
v 0.007985 0.026240 0.023749
v 0.008320 0.026180 0.022981
v 0.007434 0.026414 0.023181
v 0.007744 0.026336 0.022425
v 0.006847 0.026545 0.022574
v 0.020318 0.018484 0.022708
v 0.019710 0.019178 0.022928
v 0.019080 0.019831 0.023117
v 0.019587 0.019308 0.023907
v 0.018938 0.019982 0.024088
v 0.018251 0.020585 0.024248
v 0.018727 0.020104 0.025054
v 0.018032 0.020744 0.025210
v 0.017313 0.021306 0.025324
v 0.017703 0.020816 0.026154
v 0.016952 0.021383 0.026253
v 0.016235 0.021924 0.026302
v 0.016571 0.021466 0.027174
v 0.015809 0.022000 0.027213
v 0.015113 0.022489 0.027161
v 0.015395 0.022082 0.028109
v 0.014665 0.022545 0.028031
v 0.014020 0.023002 0.027876
v 0.014231 0.022612 0.028898
v 0.013572 0.023071 0.028724
v 0.012954 0.023479 0.028477
v 0.013113 0.023100 0.029564
v 0.012475 0.023496 0.029313
v 0.011883 0.023886 0.029039
v 0.012357 0.023843 0.028190
v 0.011314 0.024243 0.028737
v 0.011792 0.024194 0.027883
v 0.010764 0.024565 0.028404
v 0.011257 0.024541 0.027556
v 0.010237 0.024864 0.028040
v 0.010741 0.024873 0.027203
v 0.009740 0.025179 0.027654
v 0.010222 0.025162 0.026820
v 0.009235 0.025441 0.027235
v 0.009701 0.025426 0.026415
v 0.008737 0.025701 0.026797
v 0.009185 0.025686 0.025990
v 0.008244 0.025955 0.026339
v 0.008663 0.025903 0.025538
v 0.007745 0.026152 0.025842
v 0.008149 0.026110 0.025052
v 0.007248 0.026335 0.025303
v 0.007628 0.026284 0.024522
v 0.006734 0.026472 0.024709
v 0.007097 0.026459 0.023942
v 0.006214 0.026601 0.024096
v 0.006540 0.026578 0.023332
v 0.005672 0.026699 0.023471
v 0.005959 0.026678 0.022706
v 0.005095 0.026775 0.022845
v 0.004478 0.026875 0.022230
v 0.020923 0.017769 0.022450
v 0.021465 0.017110 0.023184
v 0.020845 0.017869 0.023466
v 0.020193 0.018578 0.023703
v 0.020736 0.017973 0.024455
v 0.020074 0.018709 0.024681
v 0.019413 0.019428 0.024876
v 0.019894 0.018820 0.025644
v 0.019182 0.019528 0.025838
v 0.018447 0.020190 0.026009
v 0.018917 0.019619 0.026790
v 0.018122 0.020254 0.026948
v 0.017341 0.020875 0.027081
v 0.017775 0.020304 0.027872
v 0.016969 0.020929 0.027995
v 0.016162 0.021512 0.028074
v 0.016564 0.020941 0.028891
v 0.015750 0.021549 0.028967
v 0.014951 0.022102 0.028979
v 0.015315 0.021543 0.029849
v 0.014529 0.022125 0.029848
v 0.013801 0.022658 0.029757
v 0.014092 0.022104 0.030697
v 0.013334 0.022612 0.030581
v 0.012642 0.023085 0.030400
v 0.012884 0.022587 0.031417
v 0.012154 0.023030 0.031227
v 0.011486 0.023459 0.031003
v 0.011998 0.023507 0.030165
v 0.010873 0.023874 0.030745
v 0.011396 0.023904 0.029897
v 0.010282 0.024236 0.030444
v 0.010819 0.024268 0.029598
v 0.009719 0.024560 0.030104
v 0.010267 0.024604 0.029267
v 0.009203 0.024904 0.029739
v 0.009734 0.024896 0.028894
v 0.008701 0.025198 0.029329
v 0.009225 0.025170 0.028488
v 0.008216 0.025462 0.028883
v 0.008740 0.025453 0.028059
v 0.007741 0.025710 0.028413
v 0.008257 0.025713 0.027609
v 0.007280 0.025958 0.027923
v 0.007784 0.025971 0.027137
v 0.006823 0.026174 0.027401
v 0.007302 0.026166 0.026628
v 0.006370 0.026354 0.026838
v 0.006826 0.026337 0.026074
v 0.005912 0.026471 0.026234
v 0.006342 0.026477 0.025475
v 0.005462 0.026575 0.025620
v 0.005857 0.026594 0.024860
v 0.005007 0.026668 0.025005
v 0.005358 0.026694 0.024239
v 0.004530 0.026730 0.024393
v 0.004829 0.026767 0.023619
v 0.004021 0.026783 0.023792
v 0.004261 0.026831 0.023011
v 0.003465 0.026874 0.023216
v 0.003643 0.026928 0.022429
v 0.022740 0.015496 0.022530
v 0.022098 0.016327 0.022869
v 0.022686 0.015539 0.023524
v 0.022008 0.016370 0.023864
v 0.021344 0.017166 0.024175
v 0.021917 0.016449 0.024859
v 0.021229 0.017257 0.025155
v 0.020583 0.018068 0.025420
v 0.021060 0.017331 0.026127
v 0.020404 0.018164 0.026382
v 0.019674 0.018915 0.026599
v 0.020134 0.018196 0.027325
v 0.019383 0.018954 0.027536
v 0.018587 0.019651 0.027718
v 0.019028 0.018939 0.028448
v 0.018227 0.019653 0.028630
v 0.017399 0.020318 0.028780
v 0.017858 0.019644 0.029537
v 0.017007 0.020308 0.029677
v 0.016148 0.020933 0.029782
v 0.016594 0.020270 0.030566
v 0.015733 0.020918 0.030673
v 0.014885 0.021519 0.030717
v 0.015296 0.020859 0.031533
v 0.014464 0.021497 0.031575
v 0.013651 0.022073 0.031537
v 0.013999 0.021416 0.032401
v 0.013174 0.021992 0.032354
v 0.012386 0.022491 0.032225
v 0.012653 0.021848 0.033137
v 0.011850 0.022344 0.033009
v 0.011103 0.022811 0.032841
v 0.011639 0.022932 0.032036
v 0.010399 0.023244 0.032631
v 0.010952 0.023367 0.031821
v 0.009733 0.023634 0.032368
v 0.010315 0.023782 0.031569
v 0.009115 0.024009 0.032069
v 0.009709 0.024141 0.031266
v 0.008538 0.024356 0.031725
v 0.009142 0.024485 0.030926
v 0.008005 0.024694 0.031346
v 0.008623 0.024841 0.030559
v 0.007508 0.025019 0.030925
v 0.008125 0.025151 0.030143
v 0.007030 0.025296 0.030457
v 0.007645 0.025416 0.029683
v 0.006578 0.025567 0.029966
v 0.007189 0.025701 0.029207
v 0.006139 0.025811 0.029447
v 0.006732 0.025917 0.028694
v 0.005714 0.026023 0.028899
v 0.006289 0.026112 0.028154
v 0.005304 0.026190 0.028320
v 0.005862 0.026305 0.027588
v 0.004905 0.026346 0.027720
v 0.005434 0.026429 0.026984
v 0.004520 0.026448 0.027106
v 0.005019 0.026526 0.026371
v 0.004149 0.026556 0.026502
v 0.004607 0.026620 0.025761
v 0.003779 0.026644 0.025908
v 0.004186 0.026690 0.025159
v 0.003402 0.026709 0.025329
v 0.003743 0.026746 0.024568
v 0.003001 0.026797 0.024771
v 0.003259 0.026824 0.023999
v 0.002548 0.026884 0.024240
v 0.002714 0.026909 0.023464
v 0.002847 0.026968 0.022679
v 0.002094 0.027012 0.022987
v 0.002167 0.027099 0.022206
v 0.023972 0.013609 0.022866
v 0.023295 0.014592 0.023169
v 0.023868 0.013688 0.023852
v 0.023245 0.014673 0.024169
v 0.022599 0.015597 0.024526
v 0.023109 0.014735 0.025175
v 0.022453 0.015652 0.025528
v 0.021754 0.016504 0.025845
v 0.022236 0.015679 0.026521
v 0.021542 0.016544 0.026821
v 0.020833 0.017378 0.027086
v 0.021250 0.016538 0.027768
v 0.020551 0.017387 0.028020
v 0.019808 0.018187 0.028245
v 0.020185 0.017335 0.028917
v 0.019472 0.018171 0.029160
v 0.018679 0.018928 0.029361
v 0.019064 0.018092 0.030039
v 0.018285 0.018874 0.030251
v 0.017453 0.019594 0.030427
v 0.017860 0.018783 0.031125
v 0.017028 0.019517 0.031304
v 0.016149 0.020189 0.031432
v 0.016561 0.019403 0.032146
v 0.015697 0.020101 0.032282
v 0.014839 0.020775 0.032370
v 0.015228 0.020001 0.033115
v 0.014358 0.020669 0.033187
v 0.013512 0.021315 0.033213
v 0.013839 0.020519 0.033974
v 0.012970 0.021132 0.033977
v 0.012111 0.021670 0.033909
v 0.012390 0.020874 0.034701
v 0.011527 0.021394 0.034633
v 0.010711 0.021885 0.034522
v 0.011285 0.022135 0.033771
v 0.009934 0.022336 0.034350
v 0.010526 0.022604 0.033612
v 0.009203 0.022772 0.034137
v 0.009802 0.023021 0.033392
v 0.008517 0.023197 0.033882
v 0.009133 0.023444 0.033145
v 0.007871 0.023613 0.033593
v 0.008499 0.023829 0.032847
v 0.007264 0.023995 0.033251
v 0.007915 0.024206 0.032514
v 0.006711 0.024361 0.032861
v 0.007369 0.024538 0.032122
v 0.006200 0.024696 0.032419
v 0.006867 0.024867 0.031689
v 0.005721 0.024993 0.031935
v 0.006393 0.025169 0.031220
v 0.005271 0.025260 0.031411
v 0.005941 0.025428 0.030708
v 0.004845 0.025507 0.030863
v 0.005508 0.025657 0.030168
v 0.004440 0.025739 0.030299
v 0.005094 0.025874 0.029610
v 0.004052 0.025936 0.029716
v 0.004700 0.026067 0.029033
v 0.003689 0.026109 0.029116
v 0.004324 0.026217 0.028432
v 0.003350 0.026260 0.028511
v 0.003963 0.026348 0.027821
v 0.003029 0.026365 0.027909
v 0.003622 0.026458 0.027219
v 0.002720 0.026475 0.027320
v 0.003292 0.026555 0.026630
v 0.002437 0.026606 0.026759
v 0.002971 0.026647 0.026061
v 0.002172 0.026719 0.026215
v 0.002649 0.026753 0.025515
v 0.001915 0.026843 0.025687
v 0.002302 0.026868 0.024993
v 0.001626 0.026929 0.025198
v 0.001886 0.026947 0.024512
v 0.002017 0.026982 0.023762
v 0.001371 0.027033 0.024110
v 0.001392 0.027060 0.023362
v 0.001400 0.027104 0.022585
v 0.000681 0.027105 0.023050
v 0.000647 0.027150 0.022255
v 0.025181 0.011450 0.022819
v 0.024608 0.012546 0.022719
v 0.025016 0.011608 0.023669
v 0.024469 0.012664 0.023663
v 0.024824 0.011760 0.024517
v 0.024304 0.012776 0.024600
v 0.023727 0.013768 0.024839
v 0.024113 0.012855 0.025546
v 0.023541 0.013827 0.025837
v 0.022913 0.014777 0.026183
v 0.023292 0.013853 0.026840
v 0.022651 0.014792 0.027180
v 0.021964 0.015683 0.027496
v 0.022299 0.014763 0.028145
v 0.021621 0.015655 0.028437
v 0.020913 0.016508 0.028686
v 0.021257 0.015626 0.029371
v 0.020554 0.016469 0.029599
v 0.019837 0.017298 0.029825
v 0.020160 0.016414 0.030504
v 0.019420 0.017216 0.030706
v 0.018671 0.018025 0.030929
v 0.018984 0.017131 0.031590
v 0.018261 0.017958 0.031826
v 0.017420 0.018691 0.031994
v 0.017750 0.017818 0.032660
v 0.016937 0.018572 0.032836
v 0.016074 0.019280 0.032974
v 0.016401 0.018415 0.033640
v 0.015565 0.019142 0.033787
v 0.014701 0.019842 0.033900
v 0.015019 0.018968 0.034570
v 0.014146 0.019645 0.034657
v 0.013273 0.020295 0.034713
v 0.013547 0.019381 0.035368
v 0.012671 0.019998 0.035414
v 0.011788 0.020548 0.035399
v 0.012051 0.019641 0.036103
v 0.011177 0.020171 0.036087
v 0.010340 0.020690 0.036040
v 0.010928 0.021050 0.035329
v 0.009535 0.021182 0.035925
v 0.010122 0.021555 0.035233
v 0.008759 0.021660 0.035754
v 0.009345 0.022024 0.035069
v 0.008034 0.022172 0.035573
v 0.008611 0.022489 0.034863
v 0.007316 0.022613 0.035294
v 0.007904 0.022911 0.034590
v 0.006634 0.023065 0.034995
v 0.007245 0.023360 0.034307
v 0.005983 0.023464 0.034626
v 0.006612 0.023742 0.033947
v 0.005383 0.023852 0.034220
v 0.006041 0.024130 0.033555
v 0.004834 0.024202 0.033763
v 0.005514 0.024468 0.033102
v 0.004334 0.024524 0.033265
v 0.005029 0.024778 0.032610
v 0.003880 0.024849 0.032745
v 0.004579 0.025062 0.032082
v 0.003454 0.025151 0.032194
v 0.004157 0.025348 0.031536
v 0.003052 0.025427 0.031618
v 0.003753 0.025578 0.030958
v 0.002670 0.025654 0.031013
v 0.003375 0.025856 0.030388
v 0.002310 0.025876 0.030400
v 0.003013 0.026028 0.029778
v 0.001973 0.026064 0.029775
v 0.002678 0.026190 0.029168
v 0.001658 0.026229 0.029147
v 0.002364 0.026306 0.028559
v 0.001366 0.026361 0.028522
v 0.002072 0.026424 0.027966
v 0.001098 0.026500 0.027908
v 0.001806 0.026580 0.027400
v 0.000856 0.026637 0.027300
v 0.001564 0.026681 0.026836
v 0.000646 0.026782 0.026705
v 0.001352 0.026819 0.026273
v 0.000473 0.026861 0.026122
v 0.001153 0.026911 0.025748
v -0.000089 0.026712 0.027008
v -0.000273 0.026808 0.026348
v -0.000423 0.026869 0.025680
v -0.001004 0.026700 0.026511
v -0.001162 0.026773 0.025763
v -0.001296 0.026831 0.025001
v -0.000553 0.026940 0.024988
v -0.001416 0.026879 0.024209
v -0.000664 0.026970 0.024253
v -0.001516 0.026861 0.023386
v -0.000765 0.026992 0.023474
v -0.000006 0.027080 0.023602
v -0.000851 0.027036 0.022658
v -0.000082 0.027102 0.022821
v 0.000735 0.027103 0.023806
v -0.001612 0.026886 0.022540
v 0.026112 0.008875 0.022280
v 0.025987 0.009101 0.023115
v 0.025623 0.010295 0.022975
v 0.025827 0.009326 0.023949
v 0.025462 0.010492 0.023810
v 0.025621 0.009532 0.024778
v 0.025278 0.010681 0.024644
v 0.025401 0.009716 0.025608
v 0.025060 0.010833 0.025482
v 0.024654 0.011887 0.025388
v 0.024797 0.010928 0.026343
v 0.024419 0.011930 0.026310
v 0.023883 0.012892 0.026524
v 0.024114 0.011956 0.027268
v 0.023585 0.012906 0.027517
v 0.022952 0.013837 0.027826
v 0.023245 0.012903 0.028505
v 0.022604 0.013828 0.028805
v 0.021921 0.014729 0.029095
v 0.022264 0.013830 0.029782
v 0.021530 0.014695 0.030032
v 0.020846 0.015569 0.030281
v 0.021111 0.014653 0.030955
v 0.020406 0.015501 0.031178
v 0.019711 0.016327 0.031386
v 0.019926 0.015408 0.032049
v 0.019259 0.016247 0.032273
v 0.018506 0.017026 0.032454
v 0.018753 0.016139 0.033130
v 0.017990 0.016906 0.033298
v 0.017202 0.017661 0.033467
v 0.017398 0.016730 0.034079
v 0.016659 0.017515 0.034281
v 0.015823 0.018222 0.034404
v 0.016028 0.017285 0.035006
v 0.015235 0.018013 0.035157
v 0.014400 0.018709 0.035272
v 0.014599 0.017744 0.035852
v 0.013771 0.018414 0.035960
v 0.012925 0.019059 0.036060
v 0.013114 0.018058 0.036621
v 0.012250 0.018638 0.036679
v 0.011402 0.019215 0.036755
v 0.011589 0.018213 0.037343
v 0.010731 0.018744 0.037373
v 0.009903 0.019276 0.037374
v 0.010545 0.019734 0.036740
v 0.009101 0.019797 0.037309
v 0.009732 0.020265 0.036704
v 0.008340 0.020343 0.037225
v 0.008937 0.020761 0.036576
v 0.007586 0.020864 0.037063
v 0.008178 0.021277 0.036426
v 0.006844 0.021350 0.036824
v 0.007455 0.021811 0.036250
v 0.006128 0.021848 0.036575
v 0.006724 0.022244 0.035946
v 0.005424 0.022289 0.036246
v 0.006032 0.022710 0.035646
v 0.004754 0.022733 0.035899
v 0.005367 0.023120 0.035274
v 0.004120 0.023150 0.035504
v 0.004749 0.023531 0.034877
v 0.003533 0.023552 0.035067
v 0.004175 0.023885 0.034415
v 0.002994 0.023915 0.034564
v 0.003657 0.024243 0.033928
v 0.002503 0.024277 0.034025
v 0.003186 0.024596 0.033406
v 0.002052 0.024576 0.033422
v 0.002748 0.024902 0.032835
v 0.001635 0.024883 0.032805
v 0.002341 0.025176 0.032235
v 0.001249 0.025146 0.032150
v 0.001960 0.025433 0.031614
v 0.000887 0.025421 0.031491
v 0.001600 0.025658 0.030970
v 0.000547 0.025675 0.030814
v 0.001260 0.025884 0.030322
v 0.000230 0.025930 0.030131
v 0.000943 0.026100 0.029669
v -0.000064 0.026144 0.029421
v 0.000650 0.026277 0.029003
v -0.000332 0.026295 0.028691
v 0.000379 0.026453 0.028339
v -0.000582 0.026450 0.027968
v 0.000133 0.026565 0.027665
v -0.000807 0.026569 0.027241
v -0.001286 0.026272 0.028211
v -0.001512 0.026401 0.027428
v -0.001710 0.026518 0.026636
v -0.002209 0.026196 0.027575
v -0.002410 0.026319 0.026740
v -0.002578 0.026389 0.025891
v -0.001878 0.026607 0.025833
v -0.002742 0.026477 0.025039
v -0.002029 0.026699 0.025020
v -0.002863 0.026447 0.024169
v -0.002141 0.026673 0.024182
v -0.002992 0.026442 0.023286
v -0.002263 0.026698 0.023329
v -0.003124 0.026455 0.022388
v -0.002367 0.026679 0.022455
v -0.003895 0.026247 0.022328
v 0.026600 0.006344 0.022483
v 0.026398 0.007621 0.022402
v 0.026525 0.006597 0.023347
v 0.026299 0.007868 0.023244
v 0.026434 0.006858 0.024194
v 0.026152 0.008112 0.024076
v 0.026253 0.007103 0.025018
v 0.025973 0.008346 0.024902
v 0.026050 0.007335 0.025833
v 0.025728 0.008546 0.025717
v 0.025799 0.007536 0.026640
v 0.025492 0.008723 0.026540
v 0.025151 0.009860 0.026445
v 0.025188 0.008846 0.027356
v 0.024848 0.009952 0.027283
v 0.024507 0.010992 0.027233
v 0.024547 0.010010 0.028140
v 0.024216 0.011025 0.028145
v 0.023805 0.011971 0.028244
v 0.023866 0.011007 0.029062
v 0.023438 0.011946 0.029221
v 0.022879 0.012887 0.029485
v 0.023030 0.011906 0.030170
v 0.022448 0.012843 0.030426
v 0.021829 0.013782 0.030714
v 0.021981 0.012781 0.031340
v 0.021324 0.013691 0.031595
v 0.020627 0.014567 0.031832
v 0.020816 0.013602 0.032464
v 0.020130 0.014474 0.032696
v 0.019428 0.015307 0.032906
v 0.019583 0.014353 0.033522
v 0.018887 0.015182 0.033732
v 0.018145 0.015960 0.033902
v 0.018273 0.015006 0.034492
v 0.017552 0.015788 0.034679
v 0.016807 0.016549 0.034855
v 0.016917 0.015578 0.035413
v 0.016184 0.016338 0.035597
v 0.015398 0.017049 0.035728
v 0.015494 0.016057 0.036257
v 0.014739 0.016764 0.036412
v 0.013938 0.017422 0.036516
v 0.014035 0.016403 0.037026
v 0.013266 0.017055 0.037175
v 0.012462 0.017676 0.037308
v 0.012564 0.016625 0.037792
v 0.011768 0.017222 0.037939
v 0.010895 0.017730 0.037945
v 0.011029 0.016705 0.038466
v 0.010197 0.017243 0.038527
v 0.009371 0.017773 0.038539
v 0.010062 0.018274 0.037993
v 0.008564 0.018298 0.038486
v 0.009239 0.018790 0.037952
v 0.007791 0.018838 0.038407
v 0.008452 0.019317 0.037873
v 0.007033 0.019355 0.038249
v 0.007693 0.019847 0.037751
v 0.006299 0.019888 0.038094
v 0.006943 0.020355 0.037562
v 0.005568 0.020365 0.037839
v 0.006223 0.020895 0.037388
v 0.004855 0.020834 0.037557
v 0.005500 0.021345 0.037081
v 0.004159 0.021303 0.037261
v 0.004802 0.021830 0.036801
v 0.003490 0.021831 0.037008
v 0.004127 0.022280 0.036459
v 0.002839 0.022248 0.036593
v 0.003483 0.022686 0.036049
v 0.002238 0.022664 0.036139
v 0.002888 0.023117 0.035625
v 0.001685 0.023096 0.035644
v 0.002338 0.023517 0.035129
v 0.001172 0.023489 0.035066
v 0.001832 0.023881 0.034567
v 0.000702 0.023845 0.034420
v 0.001369 0.024240 0.033966
v 0.000261 0.024231 0.033773
v 0.000943 0.024554 0.033313
v -0.000142 0.024555 0.033069
v 0.000549 0.024850 0.032634
v -0.000513 0.024841 0.032331
v 0.000180 0.025143 0.031944
v -0.000853 0.025113 0.031573
v -0.000161 0.025420 0.031235
v -0.001169 0.025401 0.030807
v -0.000476 0.025682 0.030504
v -0.001467 0.025676 0.030026
v -0.000770 0.025927 0.029756
v -0.001738 0.025888 0.029222
v -0.001037 0.026112 0.028986
v -0.001990 0.026078 0.028410
v -0.002422 0.025604 0.029395
v -0.002662 0.025769 0.028536
v -0.002903 0.025960 0.027685
v -0.003346 0.025482 0.028636
v -0.003586 0.025669 0.027754
v -0.003806 0.025818 0.026862
v -0.003116 0.026106 0.026817
v -0.003974 0.025847 0.025952
v -0.003279 0.026143 0.025931
v -0.004151 0.025904 0.025048
v -0.003442 0.026196 0.025050
v -0.004322 0.025943 0.024136
v -0.003588 0.026201 0.024157
v -0.004491 0.025963 0.023209
v -0.003731 0.026186 0.023247
v -0.004676 0.026045 0.022272
v -0.005268 0.025761 0.023181
v -0.005445 0.025774 0.022218
v 0.026907 0.003774 0.022474
v 0.026815 0.005067 0.022507
v 0.026861 0.004036 0.023395
v 0.026702 0.005318 0.023399
v 0.026783 0.004290 0.024298
v 0.026639 0.005577 0.024275
v 0.026695 0.004545 0.025181
v 0.026522 0.005835 0.025124
v 0.026517 0.004797 0.026027
v 0.026311 0.006081 0.025943
v 0.026314 0.005046 0.026848
v 0.026070 0.006310 0.026749
v 0.026074 0.005274 0.027654
v 0.025823 0.006515 0.027557
v 0.025509 0.007698 0.027446
v 0.025485 0.006661 0.028346
v 0.025188 0.007816 0.028255
v 0.024873 0.008933 0.028182
v 0.024864 0.007900 0.029076
v 0.024527 0.008975 0.029011
v 0.024224 0.010023 0.029012
v 0.024174 0.008989 0.029861
v 0.023833 0.009990 0.029878
v 0.023475 0.010961 0.029980
v 0.023399 0.009949 0.030737
v 0.023044 0.010912 0.030883
v 0.022581 0.011855 0.031092
v 0.022553 0.010848 0.031756
v 0.022053 0.011776 0.031964
v 0.021490 0.012713 0.032235
v 0.021508 0.011702 0.032830
v 0.020908 0.012605 0.033063
v 0.020251 0.013485 0.033288
v 0.020306 0.012490 0.033866
v 0.019655 0.013351 0.034081
v 0.019003 0.014210 0.034320
v 0.019021 0.013193 0.034836
v 0.018345 0.014013 0.035037
v 0.017638 0.014806 0.035225
v 0.017679 0.013807 0.035740
v 0.016974 0.014580 0.035921
v 0.016271 0.015347 0.036129
v 0.016300 0.014336 0.036595
v 0.015579 0.015066 0.036780
v 0.014835 0.015771 0.036950
v 0.014861 0.014727 0.037384
v 0.014106 0.015385 0.037528
v 0.013330 0.016005 0.037638
v 0.013363 0.014951 0.038072
v 0.012605 0.015556 0.038212
v 0.011841 0.016149 0.038369
v 0.011878 0.015080 0.038772
v 0.011099 0.015640 0.038888
v 0.010294 0.016183 0.038971
v 0.010335 0.015091 0.039304
v 0.009555 0.015636 0.039396
v 0.008770 0.016189 0.039469
v 0.009495 0.016742 0.039068
v 0.007975 0.016726 0.039443
v 0.008679 0.017272 0.039045
v 0.007195 0.017270 0.039396
v 0.007882 0.017798 0.038967
v 0.006428 0.017790 0.039266
v 0.007121 0.018351 0.038903
v 0.005677 0.018279 0.039050
v 0.006368 0.018878 0.038759
v 0.004942 0.018784 0.038863
v 0.005623 0.019343 0.038499
v 0.004223 0.019293 0.038662
v 0.004897 0.019811 0.038233
v 0.003517 0.019765 0.038364
v 0.004192 0.020297 0.037973
v 0.002829 0.020239 0.038042
v 0.003502 0.020785 0.037697
v 0.002157 0.020751 0.037745
v 0.002829 0.021278 0.037394
v 0.001500 0.021268 0.037407
v 0.002181 0.021711 0.036980
v 0.000902 0.021683 0.036884
v 0.001574 0.022205 0.036588
v 0.000351 0.022180 0.036393
v 0.001027 0.022634 0.036061
v -0.000146 0.022626 0.035783
v 0.000518 0.023061 0.035471
v -0.000623 0.023066 0.035131
v 0.000036 0.023489 0.034841
v -0.001071 0.023471 0.034429
v -0.000409 0.023868 0.034150
v -0.001490 0.023869 0.033700
v -0.000817 0.024213 0.033419
v -0.001872 0.024215 0.032914
v -0.001192 0.024526 0.032652
v -0.002214 0.024508 0.032085
v -0.001538 0.024824 0.031862
v -0.002531 0.024792 0.031242
v -0.001851 0.025097 0.031048
v -0.002825 0.025058 0.030387
v -0.002144 0.025363 0.030227
v -0.003102 0.025305 0.029524
v -0.003533 0.024804 0.030516
v -0.003789 0.024997 0.029609
v -0.004039 0.025190 0.028705
v -0.004516 0.024747 0.029678
v -0.004763 0.024937 0.028757
v -0.005013 0.025154 0.027844
v -0.004269 0.025347 0.027792
v -0.005244 0.025301 0.026917
v -0.004502 0.025517 0.026887
v -0.005458 0.025400 0.025986
v -0.004701 0.025599 0.025968
v -0.005668 0.025494 0.025056
v -0.004896 0.025680 0.025048
v -0.005859 0.025514 0.024114
v -0.005084 0.025733 0.024121
v -0.006058 0.025562 0.023164
v -0.006649 0.025295 0.024117
v -0.006842 0.025304 0.023155
v -0.007617 0.024980 0.023156
v -0.008598 0.024615 0.022208
v 0.026936 0.001181 0.022301
v 0.026929 0.002481 0.022408
v 0.026891 0.001455 0.023271
v 0.026884 0.002747 0.023350
v 0.026825 0.001713 0.024219
v 0.026836 0.003003 0.024277
v 0.026702 0.001955 0.025140
v 0.026742 0.003251 0.025182
v 0.026657 0.002185 0.026046
v 0.026659 0.003497 0.026064
v 0.026492 0.002425 0.026912
v 0.026486 0.003744 0.026911
v 0.026257 0.002671 0.027741
v 0.026215 0.003981 0.027715
v 0.025963 0.002915 0.028538
v 0.025908 0.004198 0.028502
v 0.025752 0.005458 0.028438
v 0.025574 0.004392 0.029286
v 0.025411 0.005608 0.029228
v 0.025164 0.006779 0.029153
v 0.025013 0.005729 0.030008
v 0.024768 0.006858 0.029946
v 0.024482 0.007944 0.029889
v 0.024336 0.006920 0.030737
v 0.024046 0.007965 0.030695
v 0.023740 0.008974 0.030692
v 0.023579 0.007977 0.031500
v 0.023262 0.008952 0.031515
v 0.022919 0.009900 0.031586
v 0.022723 0.008916 0.032312
v 0.022382 0.009846 0.032414
v 0.021983 0.010770 0.032584
v 0.021801 0.009788 0.033214
v 0.021393 0.010695 0.033393
v 0.020892 0.011601 0.033632
v 0.020775 0.010611 0.034183
v 0.020234 0.011481 0.034389
v 0.019640 0.012342 0.034604
v 0.019511 0.011336 0.035081
v 0.018967 0.012187 0.035330
v 0.018327 0.012999 0.035521
v 0.018249 0.012003 0.036001
v 0.017627 0.012792 0.036187
v 0.016978 0.013570 0.036393
v 0.016893 0.012556 0.036792
v 0.016261 0.013302 0.037015
v 0.015613 0.014050 0.037256
v 0.015481 0.012977 0.037543
v 0.014856 0.013684 0.037821
v 0.014129 0.014339 0.037965
v 0.014042 0.013269 0.038258
v 0.013345 0.013892 0.038443
v 0.012627 0.014498 0.038627
v 0.012541 0.013410 0.038868
v 0.011835 0.013986 0.039044
v 0.011116 0.014556 0.039237
v 0.011039 0.013448 0.039436
v 0.010319 0.013989 0.039563
v 0.009589 0.014532 0.039709
v 0.009514 0.013399 0.039783
v 0.008822 0.013929 0.039947
v 0.008090 0.014463 0.040012
v 0.008820 0.015065 0.039750
v 0.007351 0.015020 0.040125
v 0.008057 0.015620 0.039829
v 0.006577 0.015537 0.040016
v 0.007263 0.016110 0.039664
v 0.005810 0.016024 0.039808
v 0.006495 0.016648 0.039608
v 0.005065 0.016563 0.039744
v 0.005740 0.017178 0.039517
v 0.004331 0.017100 0.039636
v 0.004998 0.017692 0.039360
v 0.003605 0.017621 0.039434
v 0.004267 0.018196 0.039157
v 0.002889 0.018153 0.039203
v 0.003549 0.018706 0.038936
v 0.002182 0.018671 0.038894
v 0.002844 0.019203 0.038643
v 0.001485 0.019185 0.038541
v 0.002153 0.019693 0.038302
v 0.000796 0.019725 0.038200
v 0.001474 0.020236 0.038020
v 0.000138 0.020238 0.037764
v 0.000823 0.020719 0.037595
v -0.000471 0.020745 0.037248
v 0.000206 0.021234 0.037158
v -0.001040 0.021294 0.036716
v -0.000344 0.021740 0.036620
v -0.001551 0.021810 0.036101
v -0.000843 0.022226 0.036007
v -0.002023 0.022278 0.035422
v -0.001304 0.022654 0.035313
v -0.002463 0.022706 0.034689
v -0.001761 0.023103 0.034621
v -0.002882 0.023134 0.033937
v -0.002166 0.023480 0.033846
v -0.003281 0.023551 0.033161
v -0.002564 0.023884 0.033074
v -0.003633 0.023901 0.032329
v -0.002907 0.024195 0.032234
v -0.003949 0.024206 0.031462
v -0.003239 0.024529 0.031393
v -0.004245 0.024500 0.030581
v -0.004688 0.023887 0.031488
v -0.004983 0.024196 0.030608
v -0.005260 0.024477 0.029711
v -0.005757 0.023914 0.030622
v -0.006039 0.024229 0.029735
v -0.006293 0.024468 0.028814
v -0.005528 0.024741 0.028804
v -0.006535 0.024659 0.027883
v -0.005773 0.024939 0.027875
v -0.006773 0.024803 0.026950
v -0.006011 0.025096 0.026942
v -0.007008 0.024914 0.026016
v -0.006226 0.025171 0.026002
v -0.007202 0.024921 0.025068
v -0.006437 0.025238 0.025063
v -0.007398 0.024929 0.024114
v -0.007975 0.024572 0.025076
v -0.008174 0.024576 0.024127
v -0.008383 0.024592 0.023172
v -0.008948 0.024163 0.024153
v -0.009154 0.024165 0.023209
v -0.009376 0.024194 0.022256
v -0.009979 0.023793 0.023281
v -0.010196 0.023829 0.022337
v -0.011031 0.023456 0.022430
v 0.026686 -0.001121 0.023016
v 0.026766 0.000164 0.023148
v 0.026623 -0.000858 0.024004
v 0.026731 0.000420 0.024117
v 0.026494 -0.000610 0.024967
v 0.026644 0.000658 0.025063
v 0.026434 -0.000385 0.025921
v 0.026562 0.000882 0.025989
v 0.026273 -0.000146 0.026840
v 0.026376 0.001121 0.026871
v 0.026018 0.000123 0.027707
v 0.026170 0.001374 0.027726
v 0.025772 0.000409 0.028555
v 0.025906 0.001641 0.028548
v 0.025486 0.000711 0.029377
v 0.025616 0.001912 0.029355
v 0.025637 0.003150 0.029324
v 0.025264 0.002180 0.030142
v 0.025271 0.003371 0.030105
v 0.025178 0.004561 0.030057
v 0.024849 0.003576 0.030875
v 0.024745 0.004714 0.030829
v 0.024579 0.005834 0.030788
v 0.024262 0.004850 0.031593
v 0.024086 0.005921 0.031552
v 0.023859 0.006968 0.031520
v 0.023555 0.005994 0.032309
v 0.023310 0.006994 0.032274
v 0.023025 0.007966 0.032266
v 0.022711 0.007014 0.033006
v 0.022431 0.007951 0.033016
v 0.022123 0.008872 0.033077
v 0.021787 0.007933 0.033735
v 0.021474 0.008824 0.033806
v 0.021160 0.009718 0.033967
v 0.020798 0.008776 0.034519
v 0.020466 0.009638 0.034682
v 0.020040 0.010491 0.034872
v 0.019717 0.009543 0.035349
v 0.019321 0.010372 0.035594
v 0.018806 0.011189 0.035795
v 0.018523 0.010226 0.036195
v 0.018090 0.011025 0.036480
v 0.017499 0.011795 0.036606
v 0.017243 0.010814 0.036969
v 0.016698 0.011552 0.037140
v 0.016110 0.012276 0.037329
v 0.015841 0.011266 0.037578
v 0.015297 0.011954 0.037819
v 0.014705 0.012624 0.038072
v 0.014422 0.011587 0.038192
v 0.013833 0.012211 0.038414
v 0.013219 0.012821 0.038679
v 0.012986 0.011769 0.038819
v 0.012361 0.012337 0.039003
v 0.011714 0.012895 0.039225
v 0.011490 0.011828 0.039272
v 0.010854 0.012355 0.039454
v 0.010190 0.012878 0.039608
v 0.009951 0.011818 0.039463
v 0.009354 0.012288 0.039814
v 0.008702 0.012798 0.039941
v 0.008482 0.011710 0.039866
v 0.007862 0.012218 0.039933
v 0.007242 0.012745 0.039947
v 0.008051 0.013317 0.040083
v 0.006619 0.013228 0.040279
v 0.007368 0.013847 0.040227
v 0.005912 0.013762 0.040255
v 0.006634 0.014384 0.040241
v 0.005202 0.014281 0.039975
v 0.005884 0.014911 0.040181
v 0.004467 0.014816 0.040117
v 0.005139 0.015441 0.040127
v 0.003741 0.015373 0.040140
v 0.004402 0.015967 0.039988
v 0.003034 0.015915 0.039893
v 0.003673 0.016521 0.039887
v 0.002317 0.016495 0.039747
v 0.002956 0.017047 0.039619
v 0.001627 0.017044 0.039390
v 0.002250 0.017585 0.039330
v 0.000904 0.017645 0.039157
v 0.001530 0.018166 0.039110
v 0.000198 0.018205 0.038766
v 0.000831 0.018694 0.038709
v -0.000504 0.018764 0.038330
v 0.000134 0.019238 0.038314
v -0.001194 0.019346 0.037875
v -0.000529 0.019767 0.037834
v -0.001848 0.019934 0.037363
v -0.001164 0.020332 0.037341
v -0.002445 0.020498 0.036777
v -0.001733 0.020872 0.036747
v -0.002978 0.021002 0.036103
v -0.002255 0.021384 0.036104
v -0.003479 0.021493 0.035412
v -0.002745 0.021878 0.035435
v -0.003949 0.021970 0.034697
v -0.003211 0.022364 0.034738
v -0.004378 0.022416 0.033945
v -0.003628 0.022793 0.033975
v -0.004780 0.022855 0.033174
v -0.004012 0.023189 0.033177
v -0.005138 0.023238 0.032352
v -0.004362 0.023545 0.032342
v -0.005463 0.023595 0.031502
v -0.005931 0.022924 0.032344
v -0.006258 0.023298 0.031502
v -0.006541 0.023605 0.030613
v -0.007055 0.022957 0.031477
v -0.007339 0.023279 0.030596
v -0.007598 0.023553 0.029693
v -0.006812 0.023901 0.029716
v -0.007853 0.023797 0.028789
v -0.007068 0.024151 0.028804
v -0.008099 0.023991 0.027879
v -0.007312 0.024348 0.027884
v -0.008325 0.024096 0.026956
v -0.007541 0.024466 0.026954
v -0.008538 0.024139 0.026025
v -0.007773 0.024553 0.026020
v -0.008741 0.024152 0.025090
v -0.009328 0.023717 0.026044
v -0.009548 0.023753 0.025127
v -0.009762 0.023766 0.024207
v -0.010401 0.023393 0.025205
v -0.010613 0.023390 0.024295
v -0.010830 0.023423 0.023376
v -0.011475 0.023003 0.024401
v -0.011691 0.023039 0.023474
v -0.011850 0.023014 0.022511
v -0.012481 0.022519 0.023559
v -0.012648 0.022516 0.022586
v -0.013355 0.021896 0.022660
v 0.026147 -0.003515 0.022855
v 0.026456 -0.002349 0.022908
v 0.026186 -0.003270 0.023861
v 0.026457 -0.002094 0.023912
v 0.026127 -0.003024 0.024847
v 0.026401 -0.001850 0.024898
v 0.025988 -0.002770 0.025813
v 0.026258 -0.001608 0.025858
v 0.025822 -0.002507 0.026768
v 0.026058 -0.001355 0.026789
v 0.025582 -0.002207 0.027692
v 0.025831 -0.001078 0.027694
v 0.025347 -0.001882 0.028597
v 0.025578 -0.000769 0.028566
v 0.025074 -0.001532 0.029464
v 0.025297 -0.000440 0.029409
v 0.024754 -0.001167 0.030293
v 0.024977 -0.000101 0.030224
v 0.025142 0.001019 0.030172
v 0.024592 0.000235 0.031004
v 0.024763 0.001317 0.030955
v 0.024858 0.002436 0.030916
v 0.024334 0.001596 0.031724
v 0.024399 0.002671 0.031675
v 0.024382 0.003763 0.031640
v 0.023893 0.002886 0.032426
v 0.023870 0.003930 0.032398
v 0.023747 0.004971 0.032355
v 0.023269 0.004078 0.033106
v 0.023130 0.005072 0.033055
v 0.022956 0.006055 0.033031
v 0.022492 0.005169 0.033748
v 0.022308 0.006110 0.033726
v 0.022070 0.007031 0.033718
v 0.021618 0.006153 0.034391
v 0.021386 0.007042 0.034399
v 0.021093 0.007911 0.034416
v 0.020641 0.007040 0.035018
v 0.020372 0.007884 0.035078
v 0.020064 0.008716 0.035183
v 0.019588 0.007841 0.035675
v 0.019293 0.008642 0.035812
v 0.018950 0.009437 0.035994
v 0.018457 0.008543 0.036356
v 0.018108 0.009303 0.036532
v 0.017702 0.010060 0.036738
v 0.017223 0.009144 0.037000
v 0.016815 0.009860 0.037183
v 0.016364 0.010569 0.037404
v 0.015928 0.009628 0.037639
v 0.015474 0.010296 0.037826
v 0.014964 0.010948 0.037981
v 0.014532 0.009993 0.038116
v 0.014057 0.010600 0.038327
v 0.013530 0.011193 0.038525
v 0.013126 0.010223 0.038598
v 0.012624 0.010769 0.038805
v 0.012084 0.011299 0.039055
v 0.011702 0.010312 0.039021
v 0.011171 0.010802 0.039225
v 0.010583 0.011306 0.039376
v 0.010210 0.010331 0.039171
v 0.009670 0.010772 0.039448
v 0.009081 0.011240 0.039637
v 0.008761 0.010222 0.039540
v 0.008183 0.010698 0.039620
v 0.007608 0.011156 0.039823
v 0.007312 0.010176 0.039499
v 0.006767 0.010596 0.039803
v 0.006200 0.011083 0.039938
v 0.007025 0.011651 0.039920
v 0.005628 0.011584 0.040044
v 0.006455 0.012138 0.040144
v 0.005029 0.012088 0.040152
v 0.005835 0.012647 0.040212
v 0.004398 0.012606 0.040184
v 0.005174 0.013164 0.040101
v 0.003747 0.013133 0.040228
v 0.004485 0.013688 0.040121
v 0.003092 0.013690 0.040140
v 0.003790 0.014233 0.040235
v 0.002430 0.014269 0.040009
v 0.003094 0.014792 0.040067
v 0.001740 0.014872 0.039916
v 0.002387 0.015374 0.039963
v 0.001062 0.015487 0.039695
v 0.001700 0.015955 0.039702
v 0.000365 0.016120 0.039461
v 0.000998 0.016563 0.039472
v -0.000339 0.016731 0.039096
v 0.000278 0.017173 0.039181
v -0.001062 0.017340 0.038697
v -0.000429 0.017752 0.038757
v -0.001806 0.017964 0.038304
v -0.001157 0.018358 0.038358
v -0.002511 0.018557 0.037790
v -0.001848 0.018938 0.037840
v -0.003191 0.019145 0.037249
v -0.002521 0.019537 0.037322
v -0.003820 0.019693 0.036633
v -0.003124 0.020080 0.036694
v -0.004411 0.020227 0.035994
v -0.003696 0.020614 0.036056
v -0.004950 0.020724 0.035299
v -0.004217 0.021111 0.035364
v -0.005457 0.021218 0.034590
v -0.004711 0.021608 0.034662
v -0.005927 0.021697 0.033860
v -0.005151 0.022061 0.033909
v -0.006333 0.022114 0.033074
v -0.005552 0.022490 0.033130
v -0.006720 0.022559 0.032303
v -0.007125 0.021749 0.033044
v -0.007501 0.022161 0.032250
v -0.007843 0.022569 0.031436
v -0.008266 0.021733 0.032209
v -0.008613 0.022139 0.031400
v -0.008921 0.022501 0.030555
v -0.008115 0.022873 0.030551
v -0.009169 0.022739 0.029657
v -0.008373 0.023139 0.029656
v -0.009433 0.022978 0.028780
v -0.008638 0.023394 0.028770
v -0.009694 0.023175 0.027899
v -0.008887 0.023583 0.027873
v -0.009931 0.023277 0.027004
v -0.009124 0.023700 0.026966
v -0.010168 0.023347 0.026108
v -0.010758 0.022859 0.027095
v -0.011011 0.022944 0.026210
v -0.011242 0.022968 0.025309
v -0.011802 0.022437 0.026332
v -0.012062 0.022501 0.025432
v -0.012307 0.022548 0.024512
v -0.012787 0.021910 0.025545
v -0.013049 0.021972 0.024616
v -0.013239 0.021966 0.023649
v -0.013714 0.021320 0.024714
v -0.013915 0.021325 0.023741
v -0.014047 0.021268 0.022745
v -0.014557 0.020655 0.023845
v -0.014725 0.020629 0.022850
v -0.015386 0.019979 0.022988
v 0.025475 -0.005746 0.022843
v 0.025864 -0.004658 0.022842
v 0.025496 -0.005491 0.023872
v 0.025831 -0.004393 0.023848
v 0.025427 -0.005211 0.024873
v 0.025833 -0.004156 0.024846
v 0.025352 -0.004926 0.025868
v 0.025695 -0.003879 0.025820
v 0.025164 -0.004599 0.026836
v 0.025542 -0.003592 0.026790
v 0.024982 -0.004265 0.027803
v 0.025317 -0.003270 0.027734
v 0.024731 -0.003897 0.028732
v 0.025062 -0.002922 0.028651
v 0.024477 -0.003523 0.029639
v 0.024800 -0.002557 0.029542
v 0.024191 -0.003140 0.030505
v 0.024496 -0.002180 0.030391
v 0.023833 -0.002743 0.031312
v 0.024159 -0.001802 0.031205
v 0.024399 -0.000807 0.031093
v 0.023781 -0.001428 0.031991
v 0.023978 -0.000453 0.031854
v 0.024181 0.000553 0.031777
v 0.023492 -0.000108 0.032577
v 0.023669 0.000862 0.032495
v 0.023808 0.001860 0.032446
v 0.023111 0.001149 0.033197
v 0.023255 0.002101 0.033170
v 0.023288 0.003080 0.033120
v 0.022604 0.002335 0.033828
v 0.022661 0.003265 0.033810
v 0.022623 0.004217 0.033786
v 0.021985 0.003443 0.034472
v 0.021923 0.004343 0.034426
v 0.021789 0.005248 0.034389
v 0.021194 0.004472 0.035051
v 0.021053 0.005331 0.035006
v 0.020874 0.006190 0.035002
v 0.020253 0.005410 0.035552
v 0.020092 0.006226 0.035579
v 0.019855 0.007034 0.035593
v 0.019241 0.006253 0.036085
v 0.019019 0.007016 0.036119
v 0.018747 0.007779 0.036196
v 0.018101 0.006983 0.036523
v 0.017863 0.007704 0.036666
v 0.017567 0.008424 0.036818
v 0.016924 0.007607 0.037033
v 0.016633 0.008286 0.037192
v 0.016305 0.008959 0.037402
v 0.015683 0.008119 0.037532
v 0.015364 0.008744 0.037758
v 0.014968 0.009374 0.037918
v 0.014386 0.008509 0.038006
v 0.014003 0.009094 0.038171
v 0.013586 0.009664 0.038387
v 0.013037 0.008774 0.038426
v 0.012621 0.009307 0.038606
v 0.012152 0.009848 0.038678
v 0.011617 0.008992 0.038509
v 0.011192 0.009433 0.038791
v 0.010737 0.009862 0.039071
v 0.010236 0.008992 0.038820
v 0.009781 0.009399 0.039055
v 0.009285 0.009822 0.039244
v 0.008862 0.008934 0.038916
v 0.008380 0.009338 0.039103
v 0.007859 0.009759 0.039272
v 0.007532 0.008797 0.039006
v 0.007032 0.009190 0.039232
v 0.006514 0.009582 0.039528
v 0.006229 0.008665 0.039048
v 0.005718 0.009063 0.039334
v 0.005183 0.009527 0.039540
v 0.005959 0.010056 0.039674
v 0.004630 0.010026 0.039687
v 0.005400 0.010534 0.039862
v 0.004053 0.010528 0.039827
v 0.004827 0.011032 0.040016
v 0.003460 0.011055 0.039877
v 0.004230 0.011545 0.040096
v 0.002854 0.011575 0.040034
v 0.003617 0.012072 0.040125
v 0.002262 0.012157 0.040052
v 0.003009 0.012626 0.040029
v 0.001675 0.012771 0.039958
v 0.002380 0.013203 0.040057
v 0.001056 0.013397 0.039901
v 0.001743 0.013806 0.039969
v 0.000429 0.014038 0.039707
v 0.001088 0.014427 0.039808
v -0.000221 0.014691 0.039490
v 0.000420 0.015069 0.039612
v -0.000901 0.015340 0.039228
v -0.000275 0.015717 0.039385
v -0.001618 0.015980 0.038924
v -0.000969 0.016335 0.038986
v -0.002362 0.016611 0.038576
v -0.001696 0.016951 0.038581
v -0.003100 0.017215 0.038135
v -0.002452 0.017583 0.038209
v -0.003832 0.017814 0.037670
v -0.003179 0.018190 0.037736
v -0.004523 0.018376 0.037119
v -0.003860 0.018759 0.037174
v -0.005184 0.018920 0.036528
v -0.004513 0.019314 0.036582
v -0.005792 0.019425 0.035862
v -0.005112 0.019830 0.035920
v -0.006368 0.019926 0.035178
v -0.005672 0.020333 0.035233
v -0.006922 0.020427 0.034489
v -0.006205 0.020837 0.034538
v -0.007418 0.020880 0.033749
v -0.006688 0.021303 0.033801
v -0.007858 0.021297 0.032977
v -0.008107 0.020423 0.033722
v -0.008572 0.020846 0.032969
v -0.008963 0.021227 0.032165
v -0.009209 0.020318 0.032969
v -0.009627 0.020701 0.032183
v -0.010015 0.021097 0.031403
v -0.009332 0.021638 0.031377
v -0.010337 0.021431 0.030582
v -0.009640 0.021981 0.030540
v -0.010660 0.021742 0.029768
v -0.009924 0.022259 0.029684
v -0.010963 0.022004 0.028934
v -0.010202 0.022499 0.028824
v -0.011254 0.022208 0.028085
v -0.010497 0.022737 0.027975
v -0.011532 0.022344 0.027216
v -0.011979 0.021624 0.028209
v -0.012251 0.021751 0.027340
v -0.012543 0.021868 0.026461
v -0.012936 0.021107 0.027458
v -0.013218 0.021217 0.026575
v -0.013455 0.021259 0.025652
v -0.013818 0.020488 0.026674
v -0.014078 0.020563 0.025756
v -0.014336 0.020628 0.024814
v -0.014716 0.019898 0.025894
v -0.014973 0.019965 0.024948
v -0.015210 0.020003 0.023980
v -0.015652 0.019365 0.025136
v -0.015896 0.019406 0.024168
v -0.016089 0.019389 0.023178
v -0.016632 0.018881 0.024422
v -0.016834 0.018862 0.023435
v -0.016985 0.018783 0.022434
v -0.017581 0.018336 0.023754
v -0.017748 0.018270 0.022753
v -0.018485 0.017730 0.023102
v 0.024754 -0.007782 0.022961
v 0.025141 -0.006801 0.022880
v 0.024702 -0.007488 0.024028
v 0.025088 -0.006513 0.023927
v 0.024617 -0.007172 0.025059
v 0.025051 -0.006226 0.024951
v 0.024591 -0.006862 0.026081
v 0.024981 -0.005919 0.025957
v 0.024423 -0.006487 0.027064
v 0.024772 -0.005554 0.026923
v 0.024259 -0.006117 0.028045
v 0.024585 -0.005194 0.027894
v 0.024028 -0.005732 0.028992
v 0.024352 -0.004818 0.028835
v 0.023757 -0.005341 0.029900
v 0.024103 -0.004438 0.029747
v 0.023486 -0.004949 0.030779
v 0.023843 -0.004056 0.030631
v 0.023150 -0.004536 0.031601
v 0.023518 -0.003657 0.031459
v 0.022777 -0.004109 0.032381
v 0.023147 -0.003248 0.032244
v 0.023474 -0.002354 0.032103
v 0.022699 -0.002822 0.032963
v 0.023042 -0.001958 0.032845
v 0.023294 -0.001050 0.032705
v 0.022533 -0.001562 0.033538
v 0.022761 -0.000686 0.033392
v 0.022941 0.000220 0.033268
v 0.022181 -0.000329 0.034059
v 0.022346 0.000538 0.033939
v 0.022487 0.001428 0.033861
v 0.021722 0.000844 0.034605
v 0.021838 0.001694 0.034522
v 0.021942 0.002559 0.034494
v 0.021134 0.001951 0.035138
v 0.021232 0.002774 0.035125
v 0.021246 0.003617 0.035083
v 0.020455 0.002990 0.035679
v 0.020464 0.003790 0.035646
v 0.020408 0.004602 0.035619
v 0.019613 0.003955 0.036112
v 0.019538 0.004718 0.036071
v 0.019415 0.005487 0.036068
v 0.018627 0.004818 0.036450
v 0.018493 0.005542 0.036445
v 0.018293 0.006261 0.036412
v 0.017533 0.005572 0.036740
v 0.017374 0.006251 0.036833
v 0.017169 0.006928 0.036918
v 0.016412 0.006213 0.037135
v 0.016199 0.006851 0.037193
v 0.015962 0.007486 0.037341
v 0.015232 0.006744 0.037474
v 0.015003 0.007329 0.037660
v 0.014710 0.007925 0.037807
v 0.014006 0.007160 0.037806
v 0.013721 0.007707 0.037983
v 0.013401 0.008246 0.038192
v 0.012739 0.007457 0.038112
v 0.012406 0.007984 0.038189
v 0.012023 0.008515 0.038262
v 0.011428 0.007667 0.038225
v 0.011068 0.008116 0.038436
v 0.010660 0.008574 0.038581
v 0.010122 0.007717 0.038377
v 0.009736 0.008111 0.038600
v 0.009308 0.008542 0.038703
v 0.008846 0.007665 0.038429
v 0.008441 0.008021 0.038654
v 0.007998 0.008427 0.038775
v 0.007603 0.007566 0.038377
v 0.007176 0.007901 0.038600
v 0.006718 0.008257 0.038842
v 0.006387 0.007409 0.038304
v 0.005926 0.007753 0.038570
v 0.005440 0.008163 0.038819
v 0.005157 0.007328 0.038216
v 0.004667 0.007786 0.038490
v 0.004180 0.008264 0.038749
v 0.004935 0.008597 0.039088
v 0.003687 0.008768 0.038954
v 0.004421 0.009101 0.039257
v 0.003150 0.009219 0.039226
v 0.003880 0.009604 0.039410
v 0.002582 0.009723 0.039382
v 0.003298 0.010076 0.039625
v 0.002003 0.010251 0.039493
v 0.002705 0.010598 0.039745
v 0.001450 0.010825 0.039537
v 0.002126 0.011162 0.039812
v 0.000900 0.011422 0.039601
v 0.001572 0.011773 0.039775
v 0.000354 0.012052 0.039587
v 0.000999 0.012395 0.039767
v -0.000239 0.012683 0.039641
v 0.000394 0.013027 0.039762
v -0.000819 0.013343 0.039437
v -0.000212 0.013682 0.039577
v -0.001462 0.014002 0.039301
v -0.000843 0.014336 0.039334
v -0.002138 0.014647 0.039075
v -0.001529 0.014989 0.039128
v -0.002854 0.015274 0.038798
v -0.002236 0.015617 0.038799
v -0.003594 0.015872 0.038445
v -0.002989 0.016244 0.038492
v -0.004321 0.016440 0.037997
v -0.003731 0.016842 0.038078
v -0.005047 0.016998 0.037530
v -0.004462 0.017423 0.037610
v -0.005748 0.017539 0.037012
v -0.005154 0.017969 0.037058
v -0.006412 0.018049 0.036418
v -0.005826 0.018507 0.036486
v -0.007042 0.018547 0.035787
v -0.006440 0.019006 0.035828
v -0.007637 0.019027 0.035124
v -0.007021 0.019490 0.035136
v -0.008206 0.019491 0.034443
v -0.007584 0.019971 0.034443
v -0.008723 0.019905 0.033710
v -0.008773 0.018947 0.034438
v -0.009301 0.019348 0.033730
v -0.009788 0.019735 0.032987
v -0.009840 0.018748 0.033769
v -0.010326 0.019110 0.033032
v -0.010785 0.019475 0.032280
v -0.010213 0.020093 0.032202
v -0.011191 0.019806 0.031492
v -0.010616 0.020461 0.031422
v -0.011582 0.020136 0.030711
v -0.010986 0.020813 0.030638
v -0.011957 0.020449 0.029932
v -0.011345 0.021140 0.029856
v -0.012307 0.020721 0.029133
v -0.011664 0.021401 0.029038
v -0.012637 0.020947 0.028312
v -0.012888 0.019988 0.029231
v -0.013227 0.020207 0.028409
v -0.013538 0.020375 0.027559
v -0.013850 0.019533 0.028576
v -0.014165 0.019696 0.027712
v -0.014450 0.019813 0.026818
v -0.014849 0.019118 0.027939
v -0.015137 0.019232 0.027025
v -0.015400 0.019308 0.026088
v -0.015851 0.018708 0.027292
v -0.016120 0.018781 0.026345
v -0.016382 0.018839 0.025390
v -0.016835 0.018255 0.026660
v -0.017114 0.018320 0.025706
v -0.017376 0.018364 0.024739
v -0.017755 0.017689 0.026046
v -0.018059 0.017763 0.025091
v -0.018267 0.017735 0.024102
v -0.018598 0.017019 0.025429
v -0.018878 0.017060 0.024456
v -0.019119 0.017078 0.023453
v -0.019438 0.016347 0.024805
v -0.019674 0.016360 0.023794
v -0.019851 0.016345 0.022744
v -0.019270 0.017026 0.022407
v 0.023865 -0.009603 0.023219
v 0.024336 -0.008715 0.023075
v 0.023926 -0.009338 0.024311
v 0.024316 -0.008424 0.024159
v 0.023875 -0.009016 0.025378
v 0.024210 -0.008091 0.025206
v 0.023780 -0.008662 0.026405
v 0.024210 -0.007778 0.026241
v 0.023734 -0.008310 0.027416
v 0.024062 -0.007396 0.027228
v 0.023551 -0.007911 0.028382
v 0.023904 -0.007015 0.028207
v 0.023309 -0.007507 0.029327
v 0.023678 -0.006626 0.029158
v 0.023098 -0.007125 0.030274
v 0.023443 -0.006241 0.030087
v 0.022790 -0.006704 0.031150
v 0.023136 -0.005831 0.030955
v 0.022442 -0.006254 0.031972
v 0.022816 -0.005409 0.031787
v 0.022035 -0.005766 0.032732
v 0.022420 -0.004953 0.032554
v 0.021622 -0.005262 0.033473
v 0.021987 -0.004476 0.033279
v 0.022346 -0.003662 0.033108
v 0.021529 -0.003990 0.033978
v 0.021863 -0.003204 0.033791
v 0.022208 -0.002396 0.033652
v 0.021316 -0.002740 0.034419
v 0.021641 -0.001965 0.034282
v 0.021942 -0.001163 0.034172
v 0.021017 -0.001537 0.034867
v 0.021298 -0.000773 0.034764
v 0.021528 0.000022 0.034670
v 0.020580 -0.000384 0.035281
v 0.020831 0.000366 0.035252
v 0.021020 0.001145 0.035206
v 0.020074 0.000707 0.035769
v 0.020250 0.001445 0.035734
v 0.020379 0.002207 0.035704
v 0.019441 0.001733 0.036200
v 0.019550 0.002458 0.036158
v 0.019614 0.003200 0.036143
v 0.018684 0.002688 0.036554
v 0.018722 0.003389 0.036515
v 0.018705 0.004099 0.036478
v 0.017803 0.003554 0.036840
v 0.017769 0.004221 0.036793
v 0.017671 0.004894 0.036742
v 0.016788 0.004314 0.036987
v 0.016696 0.004943 0.036990
v 0.016568 0.005577 0.037036
v 0.015710 0.004968 0.037202
v 0.015591 0.005557 0.037290
v 0.015428 0.006153 0.037354
v 0.014592 0.005521 0.037383
v 0.014444 0.006057 0.037559
v 0.014241 0.006618 0.037626
v 0.013438 0.005971 0.037539
v 0.013252 0.006458 0.037746
v 0.013023 0.006944 0.037961
v 0.012263 0.006271 0.037783
v 0.012026 0.006740 0.037912
v 0.011752 0.007185 0.038129
v 0.011053 0.006459 0.037894
v 0.010784 0.006903 0.037991
v 0.010474 0.007309 0.038188
v 0.009855 0.006577 0.037827
v 0.009555 0.006925 0.038053
v 0.009218 0.007332 0.038168
v 0.008685 0.006559 0.037802
v 0.008359 0.006901 0.037976
v 0.007997 0.007229 0.038178
v 0.007551 0.006495 0.037708
v 0.007200 0.006809 0.037864
v 0.006814 0.007112 0.038056
v 0.006468 0.006320 0.037640
v 0.006810 0.006116 0.037410
v 0.006184 0.005801 0.037061
v 0.005864 0.006004 0.037201
v 0.005436 0.005597 0.036914
v 0.005245 0.005105 0.036761
v 0.005108 0.004731 0.036589
v 0.005127 0.004410 0.036469
v 0.005200 0.004506 0.036338
v 0.005302 0.004273 0.036233
v 0.005235 0.004157 0.036359
v 0.005236 0.004603 0.036220
v 0.005347 0.004377 0.036120
v 0.005527 0.004126 0.035984
v 0.005481 0.004014 0.036099
v 0.005252 0.004691 0.036114
v 0.005369 0.004474 0.036018
v 0.005563 0.004223 0.035878
v 0.005861 0.003895 0.035700
v 0.005804 0.003798 0.035818
v 0.005388 0.004557 0.035920
v 0.005601 0.004295 0.035778
v 0.005909 0.003966 0.035602
v 0.006280 0.003536 0.035469
v 0.006218 0.003461 0.035569
v 0.005627 0.004363 0.035688
v 0.005947 0.004028 0.035515
v 0.006338 0.003607 0.035373
v 0.006771 0.003067 0.035299
v 0.006696 0.002998 0.035389
v 0.006389 0.003670 0.035287
v 0.006841 0.003129 0.035223
v 0.007322 0.002456 0.035220
v 0.007215 0.002398 0.035268
v 0.006431 0.003727 0.035209
v 0.006908 0.003186 0.035154
v 0.007426 0.002514 0.035181
v 0.007886 0.001833 0.035278
v 0.007751 0.001762 0.035253
v 0.006973 0.003246 0.035094
v 0.007528 0.002581 0.035161
v 0.008020 0.001921 0.035309
v 0.008539 0.001429 0.035424
v 0.008391 0.001300 0.035351
v 0.007633 0.002656 0.035128
v 0.008153 0.002030 0.035341
v 0.008673 0.001562 0.035498
v 0.009244 0.001216 0.036000
v 0.009088 0.001062 0.035954
v 0.008270 0.002145 0.035386
v 0.008822 0.001691 0.035529
v 0.009432 0.001371 0.035985
v 0.010180 0.001013 0.036341
v 0.009983 0.000820 0.036365
v 0.009015 0.001822 0.035496
v 0.009642 0.001508 0.035899
v 0.010354 0.001229 0.036334
v 0.011171 0.000915 0.036718
v 0.010985 0.000656 0.036722
v 0.009785 0.001718 0.035920
v 0.010503 0.001468 0.036320
v 0.011339 0.001199 0.036713
v 0.012189 0.000888 0.037077
v 0.012004 0.000562 0.037066
v 0.010657 0.001731 0.036291
v 0.011483 0.001509 0.036732
v 0.012364 0.001225 0.037049
v 0.013254 0.000904 0.037308
v 0.013061 0.000527 0.037319
v 0.011625 0.001831 0.036705
v 0.012514 0.001583 0.037017
v 0.013428 0.001295 0.037237
v 0.014343 0.000975 0.037359
v 0.014153 0.000538 0.037395
v 0.012639 0.001959 0.036999
v 0.013572 0.001705 0.037195
v 0.014507 0.001421 0.037257
v 0.015430 0.001123 0.037298
v 0.015257 0.000632 0.037394
v 0.013683 0.002132 0.037214
v 0.014640 0.001893 0.037250
v 0.015581 0.001633 0.037251
v 0.016492 0.001343 0.037095
v 0.016321 0.000790 0.037128
v 0.014741 0.002378 0.037209
v 0.015704 0.002159 0.037248
v 0.016633 0.001911 0.037053
v 0.017555 0.001640 0.036893
v 0.017386 0.001035 0.036906
v 0.015793 0.002699 0.037208
v 0.016755 0.002493 0.037092
v 0.017677 0.002261 0.036838
v 0.018586 0.002005 0.036585
v 0.018440 0.001345 0.036618
v 0.016809 0.003086 0.036998
v 0.017771 0.002898 0.036853
v 0.016833 0.003695 0.037024
v 0.015842 0.003251 0.037194
v 0.015840 0.003814 0.037166
v 0.015796 0.004386 0.037170
v 0.014836 0.003907 0.037240
v 0.014789 0.004437 0.037264
v 0.014708 0.004977 0.037300
v 0.013789 0.004463 0.037311
v 0.013712 0.004962 0.037346
v 0.013598 0.005459 0.037452
v 0.012725 0.004912 0.037365
v 0.012611 0.005351 0.037526
v 0.012457 0.005803 0.037675
v 0.011631 0.005226 0.037448
v 0.011485 0.005656 0.037530
v 0.011287 0.006061 0.037694
v 0.010537 0.005460 0.037350
v 0.010345 0.005824 0.037513
v 0.010118 0.006198 0.037670
v 0.009458 0.005569 0.037262
v 0.009239 0.005915 0.037407
v 0.008977 0.006205 0.037650
v 0.008425 0.005623 0.037118
v 0.008158 0.005880 0.037358
v 0.007866 0.006169 0.037565
v 0.007423 0.005657 0.036984
v 0.007123 0.005906 0.037186
v 0.006818 0.005492 0.036651
v 0.006494 0.005666 0.036847
v 0.006362 0.005311 0.036444
v 0.007095 0.005273 0.036446
v 0.006629 0.005092 0.036292
v 0.006344 0.005115 0.036087
v 0.006054 0.005249 0.036269
v 0.006141 0.005091 0.035990
v 0.005855 0.005241 0.036162
v 0.005995 0.005073 0.035925
v 0.005723 0.005225 0.036088
v 0.005498 0.005175 0.036191
v 0.005269 0.005129 0.036230
v 0.005624 0.005215 0.036013
v 0.005431 0.005177 0.036088
v 0.005238 0.005139 0.036091
v 0.005238 0.004932 0.036059
v 0.005221 0.004891 0.036178
v 0.005417 0.005180 0.035944
v 0.005261 0.005133 0.035929
v 0.005214 0.004962 0.035889
v 0.005307 0.004809 0.035882
v 0.005270 0.004765 0.036009
v 0.005369 0.005098 0.035661
v 0.005408 0.004898 0.035723
v 0.005418 0.004782 0.035704
v 0.005408 0.004622 0.035813
v 0.005712 0.004705 0.035441
v 0.005682 0.004625 0.035470
v 0.006078 0.004273 0.035225
v 0.006042 0.004196 0.035298
v 0.006124 0.004341 0.035170
v 0.006530 0.003892 0.034942
v 0.006490 0.003830 0.035030
v 0.005748 0.004808 0.035379
v 0.006139 0.004444 0.035000
v 0.006592 0.003979 0.034854
v 0.007152 0.003446 0.034922
v 0.007080 0.003350 0.034893
v 0.006261 0.004519 0.035073
v 0.006700 0.004092 0.034842
v 0.007221 0.003535 0.034950
v 0.007862 0.002933 0.035192
v 0.007798 0.002835 0.035168
v 0.006818 0.004170 0.034915
v 0.007316 0.003608 0.035005
v 0.007925 0.003032 0.035218
v 0.008576 0.002535 0.035512
v 0.008484 0.002395 0.035485
v 0.007373 0.003690 0.035072
v 0.007971 0.003144 0.035255
v 0.008663 0.002691 0.035514
v 0.009410 0.002387 0.035500
v 0.009293 0.002158 0.035506
v 0.008020 0.003287 0.035308
v 0.008734 0.002864 0.035529
v 0.009494 0.002665 0.035527
v 0.010085 0.002495 0.036029
v 0.009971 0.002212 0.036038
v 0.008765 0.003070 0.035548
v 0.009475 0.002915 0.035709
v 0.010146 0.002791 0.036075
v 0.010935 0.002681 0.036436
v 0.010848 0.002353 0.036417
v 0.009439 0.003156 0.035866
v 0.010173 0.003098 0.036143
v 0.010973 0.003014 0.036521
v 0.011867 0.002903 0.036831
v 0.011807 0.002537 0.036785
v 0.010171 0.003410 0.036234
v 0.011000 0.003356 0.036586
v 0.011900 0.003277 0.036891
v 0.012844 0.003168 0.037107
v 0.012798 0.002752 0.037079
v 0.010987 0.003699 0.036684
v 0.011906 0.003662 0.036952
v 0.012865 0.003595 0.037119
v 0.013845 0.003500 0.037221
v 0.013821 0.003031 0.037222
v 0.011884 0.004051 0.037032
v 0.012851 0.004032 0.037171
v 0.013835 0.003978 0.037256
v 0.014844 0.003385 0.037215
v 0.012805 0.004472 0.037247
v 0.011830 0.004440 0.037150
v 0.011749 0.004839 0.037268
v 0.010883 0.004382 0.036946
v 0.010801 0.004740 0.037066
v 0.010689 0.005104 0.037191
v 0.009907 0.004609 0.036805
v 0.009795 0.004933 0.036934
v 0.009641 0.005237 0.037112
v 0.008987 0.004767 0.036601
v 0.008850 0.005073 0.036719
v 0.008653 0.005337 0.036922
v 0.008124 0.004878 0.036382
v 0.007928 0.005137 0.036563
v 0.007695 0.005408 0.036764
v 0.007305 0.004971 0.036277
v 0.007516 0.004738 0.036081
v 0.007143 0.004785 0.035785
v 0.006874 0.004905 0.036050
v 0.006897 0.004676 0.035671
v 0.006601 0.004816 0.035944
v 0.006751 0.004656 0.035550
v 0.006417 0.004796 0.035836
v 0.006646 0.004642 0.035456
v 0.006287 0.004802 0.035742
v 0.006566 0.004619 0.035382
v 0.006187 0.004809 0.035668
v 0.005886 0.005075 0.035862
v 0.006497 0.004601 0.035306
v 0.006905 0.004222 0.035163
v 0.006872 0.004197 0.035052
v 0.006429 0.004582 0.035230
v 0.006950 0.004273 0.035237
v 0.007438 0.003884 0.035199
v 0.007410 0.003785 0.035140
v 0.007014 0.004352 0.035278
v 0.007465 0.003991 0.035255
v 0.008044 0.003597 0.035417
v 0.008041 0.003437 0.035363
v 0.007100 0.004454 0.035320
v 0.007500 0.004111 0.035317
v 0.008031 0.003765 0.035487
v 0.008749 0.003546 0.035623
v 0.008767 0.003300 0.035584
v 0.007553 0.004235 0.035406
v 0.008007 0.003929 0.035577
v 0.008705 0.003798 0.035692
v 0.009328 0.003667 0.036131
v 0.009370 0.003387 0.036046
v 0.009288 0.003964 0.036198
v 0.010062 0.003987 0.036544
v 0.010118 0.003688 0.036407
v 0.009219 0.004244 0.036302
v 0.009999 0.004302 0.036660
v 0.010949 0.004041 0.036805
v 0.009122 0.004516 0.036426
v 0.008298 0.004681 0.036185
v 0.007731 0.004589 0.035890
v 0.007407 0.004596 0.035606
v 0.007213 0.004534 0.035433
v 0.006355 0.004556 0.035159
v 0.005865 0.004839 0.035413
v 0.005545 0.005103 0.035700
v 0.014810 0.002877 0.037200
v 0.013770 0.002575 0.037202
v 0.012731 0.002349 0.037030
v 0.011728 0.002179 0.036734
v 0.010766 0.002035 0.036340
v 0.009868 0.001948 0.036001
v 0.009164 0.001989 0.035518
v 0.008382 0.002267 0.035436
v 0.007723 0.002744 0.035150
v 0.007033 0.003311 0.035052
v 0.006466 0.003782 0.035129
v 0.019277 0.001034 0.036231
v 0.019073 0.000355 0.036261
v 0.018259 0.000702 0.036663
v 0.018839 -0.000304 0.036307
v 0.018046 0.000079 0.036709
v 0.017206 0.000447 0.036992
v 0.017826 -0.000527 0.036817
v 0.017017 -0.000119 0.037141
v 0.016123 0.000246 0.037165
v 0.016803 -0.000670 0.037309
v 0.015932 -0.000248 0.037395
v 0.015045 0.000150 0.037392
v 0.015681 -0.000749 0.037440
v 0.014824 -0.000291 0.037589
v 0.013939 0.000125 0.037456
v 0.014564 -0.000741 0.037527
v 0.013708 -0.000278 0.037452
v 0.012850 0.000166 0.037338
v 0.013456 -0.000644 0.037556
v 0.012620 -0.000166 0.037388
v 0.011801 0.000261 0.037073
v 0.012370 -0.000475 0.037447
v 0.011571 -0.000005 0.037130
v 0.010791 0.000409 0.036719
v 0.011330 -0.000251 0.037170
v 0.010576 0.000208 0.036769
v 0.009805 0.000649 0.036372
v 0.010356 0.000023 0.036802
v 0.009612 0.000501 0.036387
v 0.008922 0.000923 0.035902
v 0.009415 0.000357 0.036379
v 0.008742 0.000793 0.035846
v 0.008221 0.001181 0.035300
v 0.008581 0.000676 0.035834
v 0.008053 0.001081 0.035297
v 0.007606 0.001696 0.035225
v 0.007922 0.001003 0.035329
v 0.007450 0.001631 0.035219
v 0.007109 0.002336 0.035337
v 0.007323 0.001578 0.035344
v 0.007006 0.002272 0.035420
v 0.006617 0.002926 0.035483
v 0.006909 0.002208 0.035519
v 0.006537 0.002852 0.035582
v 0.006152 0.003379 0.035676
v 0.006451 0.002770 0.035693
v 0.006078 0.003285 0.035795
v 0.005741 0.003690 0.035943
v 0.005989 0.003170 0.035933
v 0.005670 0.003568 0.036079
v 0.005417 0.003888 0.036229
v 0.005580 0.003421 0.036233
v 0.005323 0.003741 0.036382
v 0.005128 0.004025 0.036508
v 0.005216 0.003575 0.036546
v 0.004995 0.003868 0.036670
v 0.005090 0.003377 0.036731
v 0.004846 0.003671 0.036855
v 0.004944 0.003137 0.036961
v 0.004678 0.003408 0.037097
v 0.004407 0.003665 0.037207
v 0.004500 0.003068 0.037429
v 0.004214 0.003309 0.037562
v 0.003910 0.003550 0.037681
v 0.004102 0.003918 0.037301
v 0.003576 0.003796 0.037789
v 0.003746 0.004167 0.037367
v 0.003207 0.004050 0.037882
v 0.003344 0.004411 0.037404
v 0.003491 0.004719 0.037028
v 0.002917 0.004659 0.037456
v 0.003045 0.004959 0.037044
v 0.002416 0.004914 0.037544
v 0.002677 0.005283 0.037259
v 0.002250 0.005391 0.037890
v 0.002291 0.005656 0.037473
v 0.002514 0.005949 0.037206
v 0.001988 0.006069 0.037755
v 0.002209 0.006358 0.037484
v 0.002620 0.006584 0.037439
v 0.002959 0.006110 0.037246
v 0.003129 0.006709 0.037537
v 0.003479 0.006208 0.037288
v 0.002262 0.006984 0.037778
v 0.002719 0.007129 0.037883
v 0.003276 0.007283 0.038037
v 0.002328 0.007585 0.038129
v 0.002854 0.007757 0.038321
v 0.003480 0.008003 0.038474
v 0.003940 0.007525 0.038184
v 0.002426 0.008240 0.038556
v 0.003012 0.008470 0.038755
v 0.001958 0.008727 0.038755
v 0.002509 0.008963 0.038953
v 0.001432 0.009212 0.038927
v 0.001955 0.009439 0.039160
v 0.000887 0.009726 0.039032
v 0.001394 0.009969 0.039253
v 0.000335 0.010247 0.039178
v 0.000826 0.010491 0.039439
v -0.000201 0.010825 0.039245
v 0.000302 0.011105 0.039428
v -0.000739 0.011428 0.039299
v -0.000227 0.011732 0.039416
v -0.001299 0.012050 0.039278
v -0.000794 0.012364 0.039422
v -0.001896 0.012679 0.039213
v -0.001381 0.013012 0.039304
v -0.002536 0.013304 0.039100
v -0.002023 0.013657 0.039191
v -0.003214 0.013907 0.038894
v -0.002702 0.014288 0.038997
v -0.003928 0.014480 0.038612
v -0.003418 0.014895 0.038734
v -0.004675 0.015040 0.038306
v -0.004156 0.015471 0.038380
v -0.005406 0.015563 0.037866
v -0.004885 0.016019 0.037939
v -0.006136 0.016082 0.037415
v -0.005607 0.016553 0.037467
v -0.006849 0.016598 0.036932
v -0.006305 0.017072 0.036947
v -0.007525 0.017084 0.036375
v -0.006981 0.017578 0.036383
v -0.008164 0.017545 0.035779
v -0.007618 0.018064 0.035775
v -0.008762 0.017980 0.035149
v -0.008213 0.018519 0.035121
v -0.009315 0.018370 0.034469
v -0.009310 0.017443 0.035250
v -0.009868 0.017813 0.034582
v -0.010398 0.018173 0.033891
v -0.010445 0.017295 0.034793
v -0.010997 0.017661 0.034130
v -0.011500 0.017997 0.033415
v -0.010883 0.018511 0.033159
v -0.011962 0.018311 0.032662
v -0.011333 0.018837 0.032399
v -0.012385 0.018595 0.031873
v -0.011759 0.019157 0.031624
v -0.012776 0.018850 0.031058
v -0.012148 0.019446 0.030828
v -0.013160 0.019113 0.030249
v -0.012542 0.019747 0.030047
v -0.013518 0.019342 0.029422
v -0.013835 0.018576 0.030546
v -0.014179 0.018763 0.029682
v -0.014532 0.018965 0.028826
v -0.014850 0.018223 0.029993
v -0.015216 0.018427 0.029122
v -0.015543 0.018579 0.028216
v -0.015848 0.017837 0.029426
v -0.016211 0.018024 0.028529
v -0.016536 0.018159 0.027602
v -0.016802 0.017373 0.028849
v -0.017109 0.017475 0.027915
v -0.017458 0.017615 0.026997
v -0.017679 0.016787 0.028260
v -0.018000 0.016888 0.027330
v -0.018319 0.016978 0.026392
v -0.018547 0.016169 0.027687
v -0.018855 0.016244 0.026743
v -0.019164 0.016312 0.025787
v -0.019332 0.015468 0.027083
v -0.019656 0.015550 0.026127
v -0.019939 0.015596 0.025140
v -0.020076 0.014749 0.026446
v -0.020395 0.014825 0.025465
v -0.020645 0.014855 0.024441
v -0.020172 0.015611 0.024120
v -0.020818 0.014852 0.023383
v -0.020385 0.015630 0.023072
v -0.021040 0.014894 0.022311
v 0.022898 -0.011651 0.022549
v 0.023445 -0.010811 0.022320
v 0.022891 -0.011326 0.023608
v 0.023515 -0.010543 0.023407
v 0.022987 -0.011070 0.024677
v 0.023523 -0.010243 0.024483
v 0.022979 -0.010758 0.025725
v 0.023446 -0.009898 0.025538
v 0.022953 -0.010435 0.026758
v 0.023442 -0.009581 0.026588
v 0.022903 -0.010083 0.027766
v 0.023362 -0.009217 0.027595
v 0.022762 -0.009675 0.028735
v 0.023199 -0.008812 0.028564
v 0.022536 -0.009242 0.029677
v 0.022945 -0.008387 0.029503
v 0.022235 -0.008795 0.030591
v 0.022663 -0.007967 0.030426
v 0.021975 -0.008362 0.031516
v 0.022380 -0.007543 0.031325
v 0.021629 -0.007857 0.032361
v 0.022058 -0.007078 0.032171
v 0.021273 -0.007317 0.033167
v 0.021669 -0.006561 0.032947
v 0.020833 -0.006734 0.033888
v 0.021229 -0.006012 0.033668
v 0.020382 -0.006153 0.034588
v 0.020768 -0.005457 0.034364
v 0.021163 -0.004741 0.034171
v 0.020290 -0.004909 0.035039
v 0.020650 -0.004213 0.034817
v 0.020996 -0.003493 0.034611
v 0.020108 -0.003692 0.035431
v 0.020423 -0.002998 0.035206
v 0.020715 -0.002278 0.035004
v 0.019798 -0.002509 0.035753
v 0.020081 -0.001823 0.035565
v 0.020323 -0.001113 0.035379
v 0.019369 -0.001376 0.036036
v 0.019606 -0.000701 0.035874
v 0.019855 -0.000008 0.035806
v 0.018614 -0.000944 0.036452
v 0.019132 -0.002029 0.036258
v 0.018389 -0.001565 0.036660
v 0.017600 -0.001115 0.036984
v 0.018118 -0.002172 0.036847
v 0.017354 -0.001683 0.037176
v 0.016520 -0.001214 0.037302
v 0.017064 -0.002236 0.037341
v 0.016241 -0.001727 0.037434
v 0.015418 -0.001221 0.037569
v 0.015938 -0.002219 0.037571
v 0.015118 -0.001684 0.037582
v 0.014287 -0.001164 0.037547
v 0.014809 -0.002112 0.037696
v 0.014007 -0.001533 0.037739
v 0.013186 -0.000993 0.037626
v 0.013698 -0.001890 0.037862
v 0.012894 -0.001311 0.037722
v 0.012106 -0.000768 0.037473
v 0.012585 -0.001612 0.037779
v 0.011827 -0.001037 0.037501
v 0.011079 -0.000479 0.037209
v 0.011532 -0.001280 0.037536
v 0.010821 -0.000700 0.037209
v 0.010132 -0.000158 0.036807
v 0.010571 -0.000920 0.037143
v 0.009905 -0.000326 0.036796
v 0.009232 0.000215 0.036362
v 0.009661 -0.000463 0.036819
v 0.009039 0.000100 0.036385
v 0.008438 0.000571 0.035859
v 0.008839 -0.000006 0.036405
v 0.008266 0.000485 0.035890
v 0.007748 0.000904 0.035323
v 0.008065 0.000459 0.035975
v 0.007482 0.000760 0.035297
v 0.007186 0.001510 0.035439
v 0.007197 0.000607 0.035375
v 0.007079 0.001450 0.035569
v 0.006810 0.002139 0.035632
v 0.006993 0.001403 0.035721
v 0.006706 0.002066 0.035759
v 0.006352 0.002676 0.035818
v 0.006592 0.001990 0.035896
v 0.006243 0.002569 0.035956
v 0.005892 0.003043 0.036081
v 0.006116 0.002450 0.036112
v 0.005784 0.002904 0.036240
v 0.005481 0.003260 0.036397
v 0.005648 0.002728 0.036437
v 0.005359 0.003070 0.036587
v 0.005497 0.002524 0.036666
v 0.005216 0.002850 0.036814
v 0.005325 0.002266 0.036968
v 0.005052 0.002555 0.037128
v 0.004777 0.002819 0.037283
v 0.004903 0.002169 0.037565
v 0.004625 0.002398 0.037734
v 0.004333 0.002617 0.037897
v 0.004506 0.001784 0.038356
v 0.004190 0.001968 0.038505
v 0.003860 0.002154 0.038642
v 0.004033 0.002835 0.038051
v 0.003525 0.002360 0.038770
v 0.003725 0.003064 0.038195
v 0.003185 0.002601 0.038898
v 0.003406 0.003317 0.038333
v 0.002845 0.002882 0.039031
v 0.003075 0.003595 0.038468
v 0.002502 0.003205 0.039170
v 0.002736 0.003905 0.038610
v 0.002818 0.004319 0.037981
v 0.002461 0.004303 0.038821
v 0.002445 0.004643 0.038129
v 0.002031 0.004626 0.038923
v 0.002052 0.004994 0.038296
v 0.001608 0.004998 0.039061
v 0.001689 0.005402 0.038512
v 0.001816 0.005756 0.038079
v 0.001375 0.005854 0.038774
v 0.001510 0.006185 0.038366
v 0.001642 0.006470 0.038031
v 0.001134 0.006608 0.038592
v 0.001396 0.006896 0.038392
v 0.001607 0.007131 0.038197
v 0.001869 0.006762 0.037792
v 0.001923 0.007341 0.038162
v 0.001186 0.007570 0.038325
v 0.001506 0.007829 0.038223
v 0.001926 0.008045 0.038358
v 0.001079 0.008293 0.038431
v 0.001484 0.008511 0.038577
v 0.000602 0.008754 0.038640
v 0.000986 0.008986 0.038754
v 0.000080 0.009245 0.038781
v 0.000453 0.009479 0.038896
v -0.000459 0.009752 0.038944
v -0.000090 0.009999 0.039028
v -0.001017 0.010285 0.039072
v -0.000638 0.010557 0.039107
v -0.001591 0.010842 0.039147
v -0.001191 0.011134 0.039209
v -0.002186 0.011411 0.039119
v -0.001761 0.011736 0.039173
v -0.002807 0.011986 0.039089
v -0.002366 0.012341 0.039125
v -0.003459 0.012556 0.039052
v -0.003013 0.012938 0.039061
v -0.004151 0.013089 0.038852
v -0.003695 0.013506 0.038844
v -0.004875 0.013612 0.038596
v -0.004408 0.014041 0.038529
v -0.005625 0.014139 0.038306
v -0.005163 0.014591 0.038267
v -0.006382 0.014652 0.037957
v -0.005912 0.015115 0.037891
v -0.007130 0.015144 0.037538
v -0.006655 0.015627 0.037469
v -0.007861 0.015624 0.037069
v -0.007359 0.016099 0.036940
v -0.008570 0.016096 0.036581
v -0.008047 0.016574 0.036417
v -0.009233 0.016514 0.036012
v -0.008710 0.017040 0.035877
v -0.009863 0.016925 0.035434
v -0.009776 0.016062 0.036311
v -0.010419 0.016434 0.035710
v -0.011043 0.016832 0.035119
v -0.010959 0.015951 0.036054
v -0.011594 0.016305 0.035437
v -0.012184 0.016645 0.034783
v -0.011609 0.017177 0.034454
v -0.012712 0.016945 0.034062
v -0.012121 0.017490 0.033733
v -0.013193 0.017232 0.033302
v -0.012614 0.017826 0.033004
v -0.013658 0.017532 0.032526
v -0.013035 0.018075 0.032193
v -0.014065 0.017763 0.031689
v -0.013445 0.018332 0.031376
v -0.014465 0.017998 0.030847
v -0.014653 0.017161 0.032000
v -0.015076 0.017412 0.031167
v -0.015475 0.017638 0.030309
v -0.015650 0.016780 0.031486
v -0.016059 0.017005 0.030630
v -0.016434 0.017194 0.029744
v -0.016580 0.016295 0.030933
v -0.016980 0.016499 0.030068
v -0.017364 0.016681 0.029187
v -0.017473 0.015738 0.030385
v -0.017828 0.015891 0.029494
v -0.018195 0.016042 0.028601
v -0.018263 0.015074 0.029809
v -0.018651 0.015242 0.028932
v -0.018992 0.015364 0.028016
v -0.019021 0.014382 0.029233
v -0.019392 0.014532 0.028333
v -0.019740 0.014652 0.027401
v -0.019732 0.013671 0.028621
v -0.020077 0.013801 0.027687
v -0.020448 0.013928 0.026746
v -0.020415 0.012959 0.027968
v -0.020773 0.013090 0.027024
v -0.021094 0.013183 0.026049
v -0.020769 0.014013 0.025764
v -0.021366 0.013238 0.025040
v -0.021019 0.014049 0.024742
v -0.021580 0.013259 0.023999
v -0.021207 0.014056 0.023690
v -0.021774 0.013284 0.022935
v -0.021436 0.014100 0.022625
v 0.021789 -0.013235 0.023206
v 0.022372 -0.012484 0.022839
v 0.021852 -0.012933 0.024252
v 0.022447 -0.012194 0.023896
v 0.021870 -0.012624 0.025278
v 0.022478 -0.011892 0.024943
v 0.021867 -0.012310 0.026285
v 0.022464 -0.011574 0.025972
v 0.021869 -0.011993 0.027284
v 0.022480 -0.011273 0.026997
v 0.021841 -0.011648 0.028269
v 0.022453 -0.010928 0.028001
v 0.021709 -0.011232 0.029198
v 0.022281 -0.010494 0.028945
v 0.021528 -0.010785 0.030104
v 0.022061 -0.010047 0.029866
v 0.021273 -0.010300 0.031006
v 0.021713 -0.009548 0.030738
v 0.020910 -0.009753 0.031855
v 0.021448 -0.009084 0.031663
v 0.020699 -0.009268 0.032786
v 0.021169 -0.008583 0.032556
v 0.020359 -0.008688 0.033605
v 0.020826 -0.008021 0.033375
v 0.019914 -0.008058 0.034306
v 0.020404 -0.007418 0.034109
v 0.019545 -0.007473 0.035063
v 0.019957 -0.006817 0.034806
v 0.019054 -0.006868 0.035699
v 0.019471 -0.006228 0.035456
v 0.019870 -0.005573 0.035223
v 0.018974 -0.005653 0.036082
v 0.019358 -0.005013 0.035843
v 0.019743 -0.004361 0.035635
v 0.018793 -0.004455 0.036392
v 0.019154 -0.003822 0.036175
v 0.019512 -0.003176 0.035988
v 0.018526 -0.003289 0.036665
v 0.018846 -0.002668 0.036460
v 0.017795 -0.002763 0.036993
v 0.018158 -0.003894 0.036836
v 0.017475 -0.003334 0.037205
v 0.016729 -0.002774 0.037450
v 0.017112 -0.003884 0.037386
v 0.016359 -0.003289 0.037520
v 0.015601 -0.002693 0.037658
v 0.015982 -0.003766 0.037682
v 0.015258 -0.003122 0.037850
v 0.014484 -0.002507 0.037842
v 0.014877 -0.003526 0.037999
v 0.014130 -0.002872 0.037975
v 0.013361 -0.002233 0.037899
v 0.013746 -0.003212 0.038066
v 0.013006 -0.002542 0.037961
v 0.012261 -0.001894 0.037799
v 0.012635 -0.002822 0.038021
v 0.011926 -0.002156 0.037789
v 0.011225 -0.001501 0.037559
v 0.011572 -0.002379 0.037839
v 0.010909 -0.001707 0.037564
v 0.010278 -0.001075 0.037201
v 0.010573 -0.001860 0.037635
v 0.009978 -0.001215 0.037240
v 0.009410 -0.000591 0.036831
v 0.009665 -0.001333 0.037277
v 0.009140 -0.000695 0.036857
v 0.008620 -0.000066 0.036470
v 0.008861 -0.000770 0.036897
v 0.008397 -0.000095 0.036562
v 0.007889 0.000387 0.036036
v 0.008155 -0.000186 0.036559
v 0.007711 0.000339 0.036129
v 0.007149 0.000686 0.035654
v 0.007508 0.000254 0.036180
v 0.007098 0.000727 0.035868
v 0.006898 0.001361 0.035883
v 0.006949 0.000714 0.036019
v 0.006757 0.001317 0.036050
v 0.006452 0.001907 0.036047
v 0.006554 0.001267 0.036199
v 0.006282 0.001812 0.036211
v 0.005963 0.002309 0.036300
v 0.006075 0.001691 0.036411
v 0.005791 0.002138 0.036524
v 0.005851 0.001541 0.036667
v 0.005599 0.001927 0.036810
v 0.005634 0.001347 0.037019
v 0.005413 0.001661 0.037192
v 0.005166 0.001931 0.037379
v 0.005322 0.001209 0.037721
v 0.005092 0.001406 0.037971
v 0.004808 0.001594 0.038186
v 0.005005 0.000742 0.038541
v 0.004725 0.000912 0.038829
v 0.004400 0.001068 0.039012
v 0.004605 0.000005 0.039339
v 0.004278 0.000181 0.039559
v 0.003961 0.000367 0.039728
v 0.004056 0.001228 0.039134
v 0.003640 0.000571 0.039881
v 0.003723 0.001409 0.039261
v 0.003320 0.000811 0.040036
v 0.003377 0.001611 0.039383
v 0.002963 0.001071 0.040150
v 0.003025 0.001853 0.039504
v 0.002610 0.001376 0.040270
v 0.002665 0.002138 0.039619
v 0.002244 0.001728 0.040378
v 0.002320 0.002477 0.039753
v 0.001966 0.002162 0.040572
v 0.002060 0.002891 0.039971
v 0.002204 0.003598 0.039360
v 0.001789 0.003347 0.040177
v 0.001920 0.004009 0.039575
v 0.001478 0.003807 0.040365
v 0.001553 0.004452 0.039732
v 0.001088 0.004282 0.040499
v 0.001137 0.004919 0.039854
v 0.001302 0.005468 0.039310
v 0.000806 0.005428 0.040089
v 0.000888 0.005916 0.039505
v 0.001047 0.006323 0.039032
v 0.000457 0.006382 0.039691
v 0.000620 0.006770 0.039226
v 0.000767 0.007064 0.038825
v 0.000187 0.007244 0.039422
v 0.000300 0.007503 0.038986
v 0.000545 0.007785 0.038748
v 0.000978 0.007332 0.038564
v 0.000759 0.008028 0.038508
v 0.000049 0.008244 0.038889
v 0.000277 0.008495 0.038657
v -0.000475 0.008725 0.039044
v -0.000238 0.008982 0.038824
v -0.001024 0.009221 0.039200
v -0.000780 0.009486 0.038984
v -0.001602 0.009730 0.039354
v -0.001339 0.010007 0.039151
v -0.002220 0.010238 0.039453
v -0.001924 0.010548 0.039284
v -0.002867 0.010752 0.039498
v -0.002558 0.011080 0.039258
v -0.003533 0.011273 0.039492
v -0.003214 0.011609 0.039176
v -0.004222 0.011805 0.039455
v -0.003866 0.012169 0.039178
v -0.004961 0.012260 0.039207
v -0.004576 0.012666 0.038965
v -0.005699 0.012779 0.039017
v -0.005305 0.013212 0.038800
v -0.006459 0.013284 0.038762
v -0.006060 0.013702 0.038477
v -0.007237 0.013777 0.038438
v -0.006827 0.014223 0.038175
v -0.008024 0.014277 0.038073
v -0.007594 0.014711 0.037772
v -0.008807 0.014748 0.037648
v -0.008354 0.015198 0.037339
v -0.009561 0.015166 0.037149
v -0.009075 0.015619 0.036813
v -0.010286 0.015582 0.036641
v -0.009996 0.014665 0.037488
v -0.010741 0.015039 0.036950
v -0.011452 0.015419 0.036395
v -0.011145 0.014462 0.037262
v -0.011876 0.014801 0.036682
v -0.012570 0.015132 0.036076
v -0.012110 0.015751 0.035773
v -0.013212 0.015444 0.035413
v -0.012719 0.016066 0.035107
v -0.013768 0.015708 0.034669
v -0.013270 0.016363 0.034390
v -0.014275 0.015975 0.033899
v -0.013754 0.016627 0.033611
v -0.014765 0.016264 0.033124
v -0.014210 0.016894 0.032812
v -0.015217 0.016528 0.032315
v -0.015242 0.015544 0.033385
v -0.015724 0.015822 0.032600
v -0.016166 0.016072 0.031781
v -0.016170 0.015054 0.032860
v -0.016615 0.015292 0.032047
v -0.017052 0.015526 0.031226
v -0.016994 0.014454 0.032304
v -0.017443 0.014683 0.031497
v -0.017861 0.014887 0.030664
v -0.017800 0.013814 0.031791
v -0.018208 0.014006 0.030950
v -0.018637 0.014211 0.030112
v -0.018572 0.013144 0.031265
v -0.018958 0.013324 0.030396
v -0.019348 0.013504 0.029518
v -0.019352 0.012492 0.030707
v -0.019740 0.012676 0.029826
v -0.020081 0.012825 0.028906
v -0.020134 0.011853 0.030098
v -0.020473 0.012008 0.029181
v -0.020797 0.012144 0.028246
v -0.020854 0.011178 0.029408
v -0.021172 0.011319 0.028481
v -0.021506 0.011454 0.027551
v -0.021142 0.012278 0.027307
v -0.021801 0.011554 0.026593
v -0.021445 0.012370 0.026335
v -0.022036 0.011613 0.025602
v -0.021701 0.012425 0.025331
v -0.022250 0.011649 0.024588
v -0.021936 0.012462 0.024304
v -0.022457 0.011673 0.023563
v -0.022120 0.012479 0.023252
v -0.022618 0.011662 0.022536
v 0.020122 -0.015053 0.022409
v 0.020276 -0.014772 0.023344
v 0.021001 -0.014164 0.022673
v 0.020366 -0.014470 0.024281
v 0.021126 -0.013886 0.023684
v 0.020510 -0.014272 0.025249
v 0.021224 -0.013628 0.024702
v 0.020507 -0.013942 0.026192
v 0.021244 -0.013326 0.025699
v 0.020543 -0.013656 0.027142
v 0.021293 -0.013050 0.026693
v 0.020510 -0.013299 0.028061
v 0.021245 -0.012688 0.027650
v 0.020493 -0.012957 0.028985
v 0.021147 -0.012286 0.028580
v 0.020439 -0.012574 0.029893
v 0.021149 -0.011962 0.029539
v 0.020257 -0.012058 0.030716
v 0.020937 -0.011460 0.030397
v 0.020032 -0.011527 0.031536
v 0.020676 -0.010938 0.031252
v 0.019797 -0.010997 0.032385
v 0.020406 -0.010414 0.032127
v 0.019566 -0.010470 0.033249
v 0.020134 -0.009874 0.032995
v 0.019271 -0.009892 0.034058
v 0.019866 -0.009325 0.033854
v 0.018930 -0.009293 0.034815
v 0.019466 -0.008700 0.034580
v 0.018524 -0.008677 0.035501
v 0.019052 -0.008088 0.035281
v 0.018058 -0.008049 0.036113
v 0.018612 -0.007488 0.035953
v 0.017544 -0.007404 0.036652
v 0.018078 -0.006862 0.036505
v 0.018569 -0.006279 0.036329
v 0.017534 -0.006230 0.037020
v 0.017979 -0.005664 0.036802
v 0.018407 -0.005071 0.036607
v 0.017379 -0.005042 0.037242
v 0.017788 -0.004481 0.037047
v 0.016707 -0.004404 0.037540
v 0.016920 -0.005564 0.037392
v 0.016269 -0.004886 0.037680
v 0.015581 -0.004205 0.037857
v 0.015809 -0.005331 0.037830
v 0.015147 -0.004612 0.037997
v 0.014468 -0.003900 0.038134
v 0.014687 -0.004987 0.038120
v 0.014026 -0.004248 0.038150
v 0.013341 -0.003530 0.038088
v 0.013574 -0.004557 0.038193
v 0.012925 -0.003806 0.038183
v 0.012251 -0.003076 0.038070
v 0.012498 -0.004049 0.038281
v 0.011854 -0.003298 0.038124
v 0.011205 -0.002566 0.037907
v 0.011443 -0.003480 0.038209
v 0.010829 -0.002704 0.038031
v 0.010229 -0.001990 0.037701
v 0.010438 -0.002848 0.038066
v 0.009873 -0.002113 0.037729
v 0.009344 -0.001439 0.037295
v 0.009510 -0.002200 0.037780
v 0.009012 -0.001513 0.037330
v 0.008571 -0.000805 0.036962
v 0.008674 -0.001550 0.037385
v 0.008271 -0.000849 0.036990
v 0.007897 -0.000238 0.036596
v 0.007963 -0.000871 0.037045
v 0.007611 -0.000313 0.036604
v 0.007264 0.000145 0.036171
v 0.007294 -0.000368 0.036595
v 0.006976 0.000098 0.036188
v 0.006753 0.000710 0.036187
v 0.006634 0.000103 0.036230
v 0.006477 0.000702 0.036304
v 0.006306 0.001204 0.036352
v 0.006181 0.000694 0.036486
v 0.006037 0.001123 0.036573
v 0.005925 0.000634 0.036751
v 0.005798 0.000996 0.036886
v 0.005781 0.000419 0.037095
v 0.005643 0.000749 0.037275
v 0.005487 0.001036 0.037465
v 0.005520 0.000124 0.037642
v 0.005371 0.000392 0.037897
v 0.005244 0.000562 0.038238
v 0.004914 -0.000178 0.039067
v 0.004892 -0.001210 0.039542
v 0.004564 -0.000998 0.039808
v 0.004224 -0.000788 0.040019
v 0.004967 -0.002259 0.040081
v 0.004573 -0.002035 0.040232
v 0.004208 -0.001776 0.040424
v 0.003839 -0.001512 0.040605
v 0.003882 -0.000569 0.040186
v 0.004648 -0.003032 0.040753
v 0.004253 -0.002763 0.040932
v 0.003814 -0.002506 0.041046
v 0.003446 -0.002174 0.041251
v 0.003543 -0.001207 0.040889
v 0.004221 -0.003762 0.041322
v 0.003773 -0.003474 0.041466
v 0.003407 -0.003114 0.041718
v 0.002964 -0.002770 0.041868
v 0.003045 -0.001832 0.041422
v 0.003721 -0.004415 0.041858
v 0.003269 -0.004070 0.042043
v 0.002826 -0.003702 0.042233
v 0.002378 -0.003310 0.042404
v 0.002519 -0.002408 0.041994
v 0.003120 -0.005016 0.042315
v 0.002659 -0.004629 0.042531
v 0.002204 -0.004215 0.042744
v 0.001740 -0.003775 0.042922
v 0.001940 -0.002883 0.042567
v 0.002473 -0.005559 0.042771
v 0.001978 -0.005134 0.042974
v 0.001480 -0.004679 0.043142
v 0.001008 -0.004178 0.043330
v 0.001269 -0.003297 0.043049
v 0.001718 -0.006048 0.043112
v 0.001205 -0.005576 0.043319
v 0.000693 -0.005067 0.043492
v 0.000207 -0.004512 0.043683
v 0.000540 -0.003646 0.043501
v 0.000899 -0.006466 0.043409
v 0.000367 -0.005939 0.043609
v -0.000144 -0.005371 0.043810
v -0.000619 -0.004767 0.044057
v -0.000275 -0.003929 0.043850
v 0.000004 -0.006791 0.043620
v -0.000524 -0.006210 0.043853
v -0.001032 -0.005590 0.044086
v -0.001516 -0.004932 0.044339
v -0.001110 -0.004128 0.044223
v -0.000931 -0.007027 0.043818
v -0.001465 -0.006383 0.044039
v -0.001959 -0.005713 0.044342
v -0.002452 -0.004997 0.044584
v -0.001999 -0.004237 0.044536
v -0.001913 -0.007156 0.043956
v -0.002439 -0.006458 0.044210
v -0.002940 -0.005733 0.044511
v -0.003434 -0.004941 0.044686
v -0.002940 -0.004239 0.044749
v -0.002931 -0.007168 0.044057
v -0.003447 -0.006413 0.044337
v -0.003939 -0.005619 0.044634
v -0.004419 -0.004769 0.044836
v -0.003907 -0.004130 0.044917
v -0.003969 -0.007070 0.044162
v -0.004470 -0.006256 0.044479
v -0.004950 -0.005379 0.044700
v -0.005414 -0.004481 0.044850
v -0.004889 -0.003898 0.044973
v -0.005019 -0.006832 0.044210
v -0.005500 -0.005944 0.044473
v -0.005958 -0.005032 0.044665
v -0.006400 -0.004128 0.044799
v -0.005861 -0.003583 0.044933
v -0.006067 -0.006471 0.044194
v -0.006519 -0.005549 0.044407
v -0.006935 -0.004628 0.044506
v -0.007342 -0.003750 0.044577
v -0.006805 -0.003241 0.044795
v -0.007077 -0.006009 0.044032
v -0.007492 -0.005098 0.044181
v -0.007881 -0.004221 0.044253
v -0.008259 -0.003396 0.044311
v -0.007720 -0.002915 0.044583
v -0.008092 -0.005554 0.043873
v -0.008458 -0.004674 0.043925
v -0.008820 -0.003849 0.043978
v -0.009162 -0.003067 0.044015
v -0.008613 -0.002612 0.044340
v -0.009059 -0.005098 0.043553
v -0.009392 -0.004264 0.043567
v -0.009744 -0.003493 0.043644
v -0.010052 -0.002738 0.043677
v -0.009486 -0.002318 0.044064
v -0.010003 -0.004663 0.043152
v -0.010350 -0.003886 0.043221
v -0.010673 -0.003134 0.043280
v -0.010972 -0.002405 0.043355
v -0.010346 -0.002010 0.043757
v -0.010986 -0.004261 0.042784
v -0.011314 -0.003498 0.042841
v -0.011611 -0.002749 0.042891
v -0.011873 -0.002016 0.042940
v -0.011213 -0.001677 0.043409
v -0.011945 -0.003829 0.042338
v -0.012276 -0.003078 0.042430
v -0.012557 -0.002326 0.042478
v -0.012772 -0.001577 0.042480
v -0.012075 -0.001290 0.042977
v -0.012910 -0.003375 0.041883
v -0.013224 -0.002618 0.041964
v -0.013450 -0.001848 0.041956
v -0.013668 -0.001101 0.041991
v -0.012956 -0.000852 0.042522
v -0.013832 -0.002875 0.041342
v -0.014136 -0.002116 0.041417
v -0.014345 -0.001338 0.041408
v -0.014543 -0.000580 0.041452
v -0.013815 -0.000362 0.042016
v -0.014753 -0.002352 0.040765
v -0.015001 -0.001569 0.040786
v -0.015216 -0.000790 0.040813
v -0.015369 -0.000009 0.040842
v -0.014656 0.000177 0.041479
v -0.015643 -0.001785 0.040121
v -0.015879 -0.000993 0.040152
v -0.016041 -0.000189 0.040165
v -0.016168 0.000618 0.040236
v -0.015474 0.000770 0.040926
v -0.016520 -0.001177 0.039444
v -0.016712 -0.000356 0.039475
v -0.016840 0.000479 0.039533
v -0.016895 0.001325 0.039615
v -0.016195 0.001437 0.040314
v -0.017344 -0.000500 0.038741
v -0.017485 0.000356 0.038797
v -0.017540 0.001225 0.038866
v -0.017538 0.002101 0.038970
v -0.016869 0.002175 0.039713
v -0.018069 0.000247 0.038004
v -0.018151 0.001133 0.038085
v -0.018137 0.002030 0.038171
v -0.018703 0.001048 0.037262
v -0.018698 0.001965 0.037349
v -0.018656 0.002882 0.037473
v -0.018045 0.002927 0.038266
v -0.017418 0.002976 0.039048
v -0.016761 0.003027 0.039811
v -0.017831 0.003809 0.038322
v -0.017214 0.003840 0.039119
v -0.016551 0.003867 0.039877
v -0.015791 0.003881 0.040546
v -0.016020 0.003077 0.040499
v -0.016971 0.004686 0.039186
v -0.016285 0.004688 0.039930
v -0.015513 0.004665 0.040588
v -0.014725 0.004637 0.041245
v -0.015002 0.003891 0.041200
v -0.015991 0.005479 0.039961
v -0.015232 0.005432 0.040641
v -0.014433 0.005365 0.041284
v -0.013587 0.005270 0.041882
v -0.013889 0.004587 0.041860
v -0.014924 0.006167 0.040649
v -0.014089 0.006050 0.041240
v -0.013258 0.005927 0.041854
v -0.012346 0.005742 0.042353
v -0.012655 0.005120 0.042356
v -0.013761 0.006721 0.041191
v -0.012911 0.006550 0.041766
v -0.012012 0.006333 0.042268
v -0.011101 0.006101 0.042775
v -0.011424 0.005537 0.042851
v -0.012569 0.007156 0.041644
v -0.011678 0.006906 0.042139
v -0.010759 0.006623 0.042591
v -0.009835 0.006322 0.043032
v -0.010166 0.005822 0.043233
v -0.011347 0.007459 0.041943
v -0.010442 0.007146 0.042374
v -0.009533 0.006833 0.042806
v -0.008617 0.006479 0.043191
v -0.008899 0.005961 0.043394
v -0.010151 0.007673 0.042113
v -0.009261 0.007351 0.042536
v -0.008363 0.007007 0.042939
v -0.007456 0.006588 0.043243
v -0.007700 0.006061 0.043498
v -0.009014 0.007885 0.042234
v -0.008128 0.007532 0.042624
v -0.007236 0.007132 0.042955
v -0.006358 0.006652 0.043164
v -0.006568 0.006094 0.043447
v -0.007911 0.008066 0.042277
v -0.007034 0.007679 0.042614
v -0.006169 0.007224 0.042836
v -0.005334 0.006738 0.043003
v -0.005510 0.006144 0.043347
v -0.006849 0.008241 0.042248
v -0.005994 0.007826 0.042500
v -0.005172 0.007354 0.042635
v -0.004391 0.006873 0.042731
v -0.004544 0.006222 0.043113
v -0.005835 0.008403 0.042090
v -0.005022 0.007962 0.042227
v -0.004245 0.007511 0.042313
v -0.003493 0.007076 0.042410
v -0.003663 0.006369 0.042758
v -0.004858 0.008592 0.041869
v -0.004093 0.008133 0.041893
v -0.003347 0.007707 0.041949
v -0.002665 0.007230 0.041912
v -0.002809 0.006580 0.042384
v -0.003925 0.008732 0.041489
v -0.003178 0.008315 0.041516
v -0.002505 0.007834 0.041435
v -0.001853 0.007370 0.041373
v -0.002001 0.006758 0.041884
v -0.003014 0.008832 0.041043
v -0.002341 0.008367 0.040951
v -0.001705 0.007901 0.040848
v -0.001137 0.007406 0.040704
v -0.001296 0.006845 0.041223
v -0.002200 0.008779 0.040446
v -0.001533 0.008357 0.040371
v -0.000996 0.007843 0.040183
v -0.000477 0.007351 0.040023
v -0.000584 0.006926 0.040583
v -0.001392 0.008682 0.039903
v -0.000836 0.008192 0.039734
v -0.000263 0.007745 0.039620
v -0.000005 0.006854 0.039857
v -0.000669 0.008469 0.039350
v -0.000092 0.008026 0.039246
v -0.001207 0.008973 0.039530
v -0.002016 0.009141 0.040029
v -0.001808 0.009459 0.039674
v -0.002676 0.009601 0.040122
v -0.002458 0.009935 0.039760
v -0.003376 0.010052 0.040159
v -0.003135 0.010415 0.039806
v -0.004101 0.010512 0.040141
v -0.003843 0.010888 0.039771
v -0.004849 0.010963 0.040042
v -0.004570 0.011357 0.039660
v -0.005597 0.011444 0.039915
v -0.005302 0.011859 0.039533
v -0.006361 0.011924 0.039722
v -0.006052 0.012357 0.039338
v -0.007143 0.012419 0.039495
v -0.006819 0.012877 0.039131
v -0.007943 0.012851 0.039125
v -0.007611 0.013347 0.038797
v -0.008753 0.013301 0.038738
v -0.008411 0.013811 0.038403
v -0.009565 0.013724 0.038302
v -0.009211 0.014257 0.037972
v -0.010370 0.014109 0.037810
v -0.009883 0.013174 0.038665
v -0.010694 0.013522 0.038144
v -0.011490 0.013852 0.037587
v -0.010968 0.012891 0.038466
v -0.011778 0.013207 0.037907
v -0.012550 0.013488 0.037279
v -0.012250 0.014169 0.036993
v -0.013307 0.013786 0.036654
v -0.012968 0.014471 0.036361
v -0.013987 0.014052 0.035952
v -0.013625 0.014755 0.035674
v -0.014611 0.014304 0.035209
v -0.014224 0.015025 0.034944
v -0.015167 0.014543 0.034430
v -0.014767 0.015294 0.034186
v -0.015681 0.014794 0.033646
v -0.015541 0.013797 0.034720
v -0.016081 0.014028 0.033934
v -0.016573 0.014257 0.033136
v -0.016456 0.013259 0.034258
v -0.016941 0.013442 0.033443
v -0.017386 0.013627 0.032623
v -0.017322 0.012648 0.033786
v -0.017769 0.012802 0.032959
v -0.018196 0.012979 0.032129
v -0.018153 0.011993 0.033281
v -0.018590 0.012155 0.032448
v -0.018964 0.012311 0.031577
v -0.018939 0.011316 0.032699
v -0.019364 0.011492 0.031853
v -0.019758 0.011674 0.030985
v -0.019676 0.010628 0.032036
v -0.020052 0.010797 0.031158
v -0.020470 0.010996 0.030296
v -0.020356 0.009928 0.031292
v -0.020743 0.010109 0.030418
v -0.021133 0.010292 0.029543
v -0.020988 0.009208 0.030481
v -0.021367 0.009381 0.029610
v -0.021710 0.009538 0.028726
v -0.021485 0.010452 0.028646
v -0.022048 0.009682 0.027843
v -0.021821 0.010594 0.027735
v -0.022365 0.009804 0.026949
v -0.022148 0.010717 0.026811
v -0.022585 0.009888 0.026020
v -0.022353 0.010778 0.025836
v -0.022796 0.009950 0.025077
v -0.022561 0.010824 0.024852
v -0.022959 0.009970 0.024116
v -0.022722 0.010832 0.023852
v -0.023140 0.009969 0.023163
v -0.022920 0.010833 0.022865
v -0.023324 0.009945 0.022218
v 0.018059 -0.016771 0.022335
v 0.018288 -0.016493 0.023125
v 0.019122 -0.015908 0.022359
v 0.018471 -0.016225 0.023935
v 0.019327 -0.015640 0.023203
v 0.018623 -0.015972 0.024765
v 0.019464 -0.015357 0.024072
v 0.018730 -0.015697 0.025604
v 0.019588 -0.015103 0.024957
v 0.018806 -0.015406 0.026448
v 0.019668 -0.014831 0.025850
v 0.018820 -0.015059 0.027283
v 0.019693 -0.014514 0.026740
v 0.018876 -0.014766 0.028143
v 0.019747 -0.014237 0.027645
v 0.018892 -0.014427 0.028993
v 0.019747 -0.013898 0.028533
v 0.018833 -0.013995 0.029805
v 0.019697 -0.013508 0.029401
v 0.018800 -0.013586 0.030639
v 0.019632 -0.013093 0.030258
v 0.018703 -0.013090 0.031426
v 0.019506 -0.012600 0.031067
v 0.018617 -0.012609 0.032235
v 0.019320 -0.012061 0.031849
v 0.018439 -0.012061 0.032999
v 0.019113 -0.011519 0.032654
v 0.018214 -0.011500 0.033759
v 0.018922 -0.011006 0.033502
v 0.017998 -0.010966 0.034548
v 0.018618 -0.010411 0.034257
v 0.017637 -0.010329 0.035190
v 0.018290 -0.009815 0.034983
v 0.017247 -0.009689 0.035807
v 0.017889 -0.009191 0.035634
v 0.016831 -0.009039 0.036399
v 0.017464 -0.008569 0.036261
v 0.016394 -0.008358 0.036947
v 0.016999 -0.007915 0.036829
v 0.015886 -0.007613 0.037345
v 0.016476 -0.007210 0.037286
v 0.017003 -0.006737 0.037126
v 0.015906 -0.006473 0.037633
v 0.016442 -0.006047 0.037561
v 0.015307 -0.005731 0.037900
v 0.015366 -0.006862 0.037732
v 0.014790 -0.006091 0.037968
v 0.014198 -0.005321 0.038152
v 0.014267 -0.006417 0.038073
v 0.013710 -0.005622 0.038261
v 0.013111 -0.004833 0.038279
v 0.013211 -0.005885 0.038390
v 0.012652 -0.005059 0.038452
v 0.012058 -0.004255 0.038384
v 0.012174 -0.005259 0.038577
v 0.011608 -0.004432 0.038485
v 0.011024 -0.003628 0.038310
v 0.011156 -0.004567 0.038618
v 0.010601 -0.003738 0.038429
v 0.010041 -0.002955 0.038123
v 0.010171 -0.003818 0.038536
v 0.009644 -0.003009 0.038231
v 0.009140 -0.002256 0.037834
v 0.009244 -0.003054 0.038290
v 0.008776 -0.002278 0.037892
v 0.008337 -0.001576 0.037424
v 0.008410 -0.002243 0.037989
v 0.007991 -0.001546 0.037495
v 0.007633 -0.000872 0.037073
v 0.007640 -0.001473 0.037572
v 0.007291 -0.000816 0.037123
v 0.006974 -0.000274 0.036697
v 0.006933 -0.000769 0.037124
v 0.006608 -0.000296 0.036660
v 0.006320 0.000191 0.036419
v 0.007277 -0.001409 0.037596
v 0.006917 -0.001318 0.037626
v 0.007275 -0.002049 0.038135
v 0.006917 -0.001917 0.038190
v 0.006589 -0.001156 0.037700
v 0.007649 -0.002140 0.038096
v 0.008027 -0.002965 0.038533
v 0.007622 -0.002888 0.038590
v 0.008027 -0.002209 0.038042
v 0.008435 -0.003022 0.038461
v 0.008871 -0.003858 0.038865
v 0.008433 -0.003813 0.038961
v 0.008841 -0.003057 0.038370
v 0.009311 -0.003870 0.038775
v 0.009769 -0.004764 0.039026
v 0.009289 -0.004775 0.039116
v 0.009742 -0.003860 0.038659
v 0.010234 -0.004733 0.038884
v 0.010695 -0.005638 0.038988
v 0.010205 -0.005685 0.039173
v 0.010695 -0.004670 0.038742
v 0.011183 -0.005556 0.038804
v 0.011655 -0.006444 0.038824
v 0.011129 -0.006552 0.038998
v 0.011684 -0.005425 0.038695
v 0.012189 -0.006294 0.038700
v 0.012668 -0.007171 0.038595
v 0.012111 -0.007340 0.038768
v 0.012704 -0.006109 0.038538
v 0.013217 -0.006961 0.038425
v 0.013688 -0.007805 0.038184
v 0.013108 -0.008038 0.038370
v 0.013748 -0.006710 0.038247
v 0.014258 -0.007531 0.038012
v 0.014711 -0.008332 0.037643
v 0.014124 -0.008635 0.037858
v 0.014809 -0.007212 0.037836
v 0.015311 -0.007997 0.037500
v 0.015785 -0.008766 0.037105
v 0.015164 -0.009133 0.037283
v 0.015558 -0.009884 0.036787
v 0.014897 -0.010232 0.037001
v 0.014515 -0.009440 0.037435
v 0.016206 -0.009487 0.036591
v 0.016590 -0.010159 0.036009
v 0.015918 -0.010593 0.036239
v 0.016256 -0.011275 0.035667
v 0.015522 -0.011676 0.035896
v 0.015229 -0.010980 0.036479
v 0.016939 -0.010803 0.035396
v 0.017269 -0.011445 0.034775
v 0.016527 -0.011905 0.035022
v 0.016733 -0.012485 0.034322
v 0.015968 -0.012948 0.034601
v 0.015767 -0.012328 0.035265
v 0.017503 -0.012016 0.034058
v 0.017673 -0.012545 0.033302
v 0.016916 -0.013058 0.033622
v 0.016987 -0.013542 0.032849
v 0.016241 -0.014101 0.033213
v 0.016120 -0.013533 0.033909
v 0.017792 -0.013054 0.032535
v 0.017882 -0.013561 0.031771
v 0.017119 -0.014110 0.032152
v 0.017120 -0.014556 0.031366
v 0.016322 -0.015112 0.031752
v 0.016282 -0.014603 0.032474
v 0.017919 -0.014020 0.030977
v 0.017994 -0.014515 0.030217
v 0.017157 -0.015037 0.030614
v 0.017111 -0.015421 0.029818
v 0.016332 -0.016053 0.030285
v 0.016329 -0.015587 0.031017
v 0.018022 -0.014947 0.029426
v 0.017990 -0.015301 0.028607
v 0.017140 -0.015880 0.029071
v 0.017048 -0.016193 0.028270
v 0.016142 -0.016744 0.028737
v 0.016260 -0.016428 0.029514
v 0.017967 -0.015659 0.027802
v 0.017909 -0.015979 0.026991
v 0.017019 -0.016582 0.027511
v 0.016922 -0.016888 0.026733
v 0.015988 -0.017474 0.027261
v 0.016067 -0.017111 0.027994
v 0.017878 -0.016339 0.026203
v 0.017749 -0.016597 0.025394
v 0.016828 -0.017205 0.025968
v 0.016680 -0.017460 0.025195
v 0.015694 -0.018015 0.025770
v 0.015851 -0.017759 0.026514
v 0.017617 -0.016871 0.024599
v 0.017419 -0.017098 0.023807
v 0.016501 -0.017698 0.024428
v 0.016318 -0.017968 0.023678
v 0.015390 -0.018589 0.024323
v 0.015561 -0.018314 0.025044
v 0.017213 -0.017367 0.023033
v 0.016948 -0.017628 0.022267
v 0.016088 -0.018233 0.022938
v 0.015812 -0.018506 0.022214
v 0.014895 -0.019084 0.022925
v 0.015180 -0.018859 0.023616
v 0.014610 -0.019359 0.022254
v -0.023807 0.008198 0.022805
v -0.023988 0.007258 0.023000
v -0.023554 0.009079 0.022531
v -0.023372 0.009094 0.023432
v -0.023620 0.008191 0.023657
v -0.023434 0.008159 0.024515
v -0.023681 0.007185 0.024635
v -0.023836 0.007232 0.023812
v -0.023168 0.009076 0.024337
v -0.023024 0.009040 0.025257
v -0.023219 0.008083 0.025372
v -0.022958 0.007974 0.026221
v -0.023165 0.006977 0.026261
v -0.023400 0.007086 0.025435
v -0.022770 0.008948 0.026144
v -0.022561 0.008854 0.027037
v -0.022711 0.007866 0.027074
v -0.022426 0.007755 0.027919
v -0.022625 0.006756 0.027920
v -0.022908 0.006865 0.027091
v -0.022250 0.008734 0.027897
v -0.021947 0.008608 0.028769
v -0.022137 0.007643 0.028773
v -0.021840 0.007519 0.029642
v -0.022114 0.006567 0.029648
v -0.022381 0.006663 0.028777
v -0.021611 0.008461 0.029641
v -0.021256 0.008306 0.030517
v -0.021495 0.007385 0.030515
v -0.021159 0.007281 0.031421
v -0.021426 0.006386 0.031426
v -0.021784 0.006464 0.030525
v -0.020873 0.008161 0.031400
v -0.020550 0.008071 0.032339
v -0.020761 0.007198 0.032334
v -0.020652 0.009055 0.031380
v -0.020256 0.008912 0.032272
v -0.019794 0.008798 0.033153
v -0.020061 0.007975 0.033228
v -0.019959 0.009761 0.032166
v -0.019533 0.009630 0.033042
v -0.019008 0.009519 0.033886
v -0.019277 0.008724 0.034028
v -0.019236 0.010464 0.032883
v -0.018757 0.010336 0.033726
v -0.018222 0.010234 0.034565
v -0.018468 0.009449 0.034749
v -0.018478 0.011165 0.033533
v -0.017959 0.011032 0.034350
v -0.017375 0.010911 0.035149
v -0.017614 0.010136 0.035376
v -0.017652 0.011834 0.034084
v -0.017110 0.011698 0.034888
v -0.016481 0.011544 0.035655
v -0.016733 0.010791 0.035931
v -0.016810 0.012489 0.034591
v -0.016196 0.012295 0.035348
v -0.015559 0.012123 0.036124
v -0.015798 0.011380 0.036405
v -0.015888 0.013052 0.035038
v -0.015283 0.012860 0.035822
v -0.014594 0.012633 0.036556
v -0.014844 0.011917 0.036853
v -0.014973 0.013593 0.035519
v -0.014310 0.013345 0.036253
v -0.013577 0.013070 0.036926
v -0.013847 0.012388 0.037251
v -0.013068 0.012143 0.037918
v -0.013289 0.011460 0.038213
v -0.014086 0.011698 0.037556
v -0.012820 0.012814 0.037596
v -0.012033 0.012551 0.038233
v -0.012265 0.011885 0.038549
v -0.011452 0.011614 0.039142
v -0.011672 0.010962 0.039451
v -0.012491 0.011226 0.038862
v -0.011219 0.012259 0.038811
v -0.010393 0.011940 0.039335
v -0.010628 0.011316 0.039680
v -0.010147 0.012555 0.038982
v -0.009324 0.012199 0.039467
v -0.009563 0.011589 0.039802
v -0.009054 0.012755 0.039082
v -0.008237 0.012353 0.039514
v -0.008498 0.011804 0.039886
v -0.007681 0.011384 0.040244
v -0.007927 0.010845 0.040643
v -0.008742 0.011225 0.040245
v -0.007425 0.011910 0.039854
v -0.006630 0.011467 0.040143
v -0.006877 0.010975 0.040564
v -0.006084 0.010527 0.040766
v -0.006290 0.010042 0.041235
v -0.007110 0.010427 0.040943
v -0.005850 0.011014 0.040349
v -0.005072 0.010581 0.040514
v -0.005298 0.010088 0.040907
v -0.004517 0.009668 0.041006
v -0.004688 0.009175 0.041470
v -0.005482 0.009601 0.041372
v -0.004330 0.010098 0.040540
v -0.003575 0.009679 0.040587
v -0.003754 0.009251 0.041047
v -0.002858 0.009244 0.040555
v -0.005665 0.009021 0.041750
v -0.006492 0.009432 0.041548
v -0.006674 0.008843 0.041914
v -0.007525 0.009256 0.041647
v -0.007327 0.009861 0.041318
v -0.008371 0.009648 0.041316
v -0.008158 0.010257 0.040991
v -0.009206 0.010024 0.040935
v -0.008976 0.010625 0.040588
v -0.010028 0.010362 0.040485
v -0.009793 0.010968 0.040131
v -0.010844 0.010664 0.039976
v -0.010251 0.009731 0.040781
v -0.011076 0.010039 0.040291
v -0.011905 0.010329 0.039766
v -0.011319 0.009426 0.040595
v -0.012141 0.009697 0.040049
v -0.012967 0.009950 0.039469
v -0.012715 0.010573 0.039159
v -0.013761 0.010147 0.038809
v -0.013523 0.010801 0.038521
v -0.014557 0.010343 0.038146
v -0.014317 0.011014 0.037854
v -0.015313 0.010507 0.037428
v -0.015086 0.011214 0.037156
v -0.016047 0.010661 0.036696
v -0.015551 0.009811 0.037684
v -0.016280 0.009939 0.036948
v -0.016965 0.010043 0.036172
v -0.016535 0.009230 0.037178
v -0.017212 0.009309 0.036392
v -0.017865 0.009382 0.035586
v -0.017526 0.008608 0.036613
v -0.018142 0.008641 0.035768
v -0.018732 0.008680 0.034908
v -0.018468 0.007904 0.035917
v -0.019045 0.007921 0.035041
v -0.019590 0.007945 0.034149
v -0.019358 0.007137 0.035117
v -0.019882 0.007139 0.034205
v -0.020355 0.007155 0.033274
v -0.020198 0.006326 0.034246
v -0.020650 0.006322 0.033298
v -0.021050 0.006338 0.032353
v -0.020855 0.005449 0.033287
v -0.021288 0.005453 0.032359
v -0.021700 0.005483 0.031444
v -0.021461 0.004539 0.032349
v -0.021844 0.004543 0.031420
v -0.022191 0.004567 0.030500
v -0.022008 0.005521 0.030517
v -0.022503 0.004608 0.029596
v -0.022324 0.005589 0.029625
v -0.022825 0.004665 0.028727
v -0.022583 0.005660 0.028746
v -0.023089 0.004730 0.027865
v -0.022886 0.005751 0.027908
v -0.023382 0.004812 0.027037
v -0.023117 0.005840 0.027067
v -0.023531 0.004890 0.026196
v -0.023388 0.005952 0.026259
v -0.023791 0.004990 0.025412
v -0.023596 0.006055 0.025451
v -0.023939 0.005073 0.024625
v -0.023797 0.006144 0.024660
v -0.024077 0.005147 0.023860
v -0.023982 0.006213 0.023881
v -0.024214 0.005210 0.023121
v -0.024158 0.006267 0.023118
v -0.024387 0.005260 0.022419
v -0.024228 0.006283 0.022359
v 0.011753 -0.021257 0.022342
v 0.012039 -0.020995 0.022883
v 0.012364 -0.020800 0.023430
v 0.013367 -0.020213 0.022463
v 0.012628 -0.020527 0.023986
v 0.013669 -0.019963 0.023075
v 0.012970 -0.020403 0.024567
v 0.013940 -0.019703 0.023700
v 0.013184 -0.020114 0.025156
v 0.014215 -0.019487 0.024350
v 0.013381 -0.019824 0.025758
v 0.014362 -0.019143 0.024996
v 0.013591 -0.019564 0.026386
v 0.014562 -0.018901 0.025680
v 0.013733 -0.019223 0.027015
v 0.014704 -0.018597 0.026365
v 0.013935 -0.018951 0.027680
v 0.014873 -0.018326 0.027070
v 0.014055 -0.018571 0.028331
v 0.014995 -0.017987 0.027769
v 0.014179 -0.018198 0.028997
v 0.015172 -0.017715 0.028504
v 0.014291 -0.017816 0.029676
v 0.015241 -0.017306 0.029207
v 0.014438 -0.017484 0.030391
v 0.015396 -0.017010 0.029968
v 0.014490 -0.017032 0.031072
v 0.015394 -0.016521 0.030660
v 0.014548 -0.016581 0.031774
v 0.015453 -0.016104 0.031398
v 0.014620 -0.016126 0.032494
v 0.015498 -0.015657 0.032134
v 0.014653 -0.015610 0.033198
v 0.015480 -0.015133 0.032835
v 0.014611 -0.015009 0.033857
v 0.015432 -0.014582 0.033532
v 0.014520 -0.014371 0.034501
v 0.015308 -0.013963 0.034183
v 0.014419 -0.013742 0.035172
v 0.015186 -0.013362 0.034870
v 0.014246 -0.013051 0.035787
v 0.015010 -0.012718 0.035522
v 0.014038 -0.012328 0.036369
v 0.014780 -0.012029 0.036128
v 0.013817 -0.011585 0.036942
v 0.014508 -0.011290 0.036677
v 0.013535 -0.010779 0.037418
v 0.014209 -0.010519 0.037188
v 0.013222 -0.009949 0.037847
v 0.013879 -0.009721 0.037656
v 0.012877 -0.009092 0.038210
v 0.013508 -0.008888 0.038040
v 0.012515 -0.008227 0.038546
v 0.012268 -0.009269 0.038446
v 0.011919 -0.008377 0.038729
v 0.011539 -0.007468 0.038916
v 0.011342 -0.008496 0.038974
v 0.010994 -0.007561 0.039147
v 0.010603 -0.006624 0.039179
v 0.010435 -0.007623 0.039346
v 0.010073 -0.006666 0.039358
v 0.009701 -0.005706 0.039321
v 0.009546 -0.006675 0.039541
v 0.009195 -0.005703 0.039446
v 0.008820 -0.004745 0.039241
v 0.008703 -0.005652 0.039608
v 0.008351 -0.004694 0.039345
v 0.007996 -0.003750 0.039038
v 0.007899 -0.004599 0.039476
v 0.007581 -0.003637 0.039148
v 0.007240 -0.002757 0.038680
v 0.007165 -0.003517 0.039228
v 0.006869 -0.002605 0.038765
v 0.006550 -0.001778 0.038227
v 0.006498 -0.002426 0.038842
v 0.006185 -0.001583 0.038301
v 0.005837 -0.000845 0.037808
v 0.006245 -0.001007 0.037746
v 0.005544 -0.000184 0.037386
v 0.006138 -0.002195 0.038946
v 0.006404 -0.003139 0.039481
v 0.006034 -0.002932 0.039607
v 0.006792 -0.003332 0.039369
v 0.007469 -0.004467 0.039628
v 0.007042 -0.004314 0.039769
v 0.006634 -0.004129 0.039932
v 0.006226 -0.003936 0.040082
v 0.007283 -0.005316 0.040081
v 0.006847 -0.005139 0.040291
v 0.006402 -0.004953 0.040480
v 0.005954 -0.004756 0.040658
v 0.005824 -0.003737 0.040237
v 0.007023 -0.006175 0.040526
v 0.006533 -0.005996 0.040741
v 0.006064 -0.005784 0.040967
v 0.005605 -0.005549 0.041182
v 0.005507 -0.004542 0.040814
v 0.006635 -0.007038 0.040874
v 0.006131 -0.006819 0.041130
v 0.005639 -0.006574 0.041390
v 0.005136 -0.006307 0.041614
v 0.005134 -0.005295 0.041369
v 0.006161 -0.007839 0.041186
v 0.005605 -0.007590 0.041429
v 0.005100 -0.007314 0.041745
v 0.004575 -0.007006 0.042005
v 0.004633 -0.006015 0.041818
v 0.005575 -0.008581 0.041443
v 0.005012 -0.008299 0.041747
v 0.004460 -0.007989 0.042053
v 0.003899 -0.007653 0.042304
v 0.004036 -0.006678 0.042212
v 0.004891 -0.009253 0.041663
v 0.004307 -0.008946 0.041995
v 0.003714 -0.008607 0.042266
v 0.003137 -0.008243 0.042541
v 0.003329 -0.007292 0.042494
v 0.004107 -0.009860 0.041806
v 0.003514 -0.009540 0.042182
v 0.002903 -0.009171 0.042473
v 0.002286 -0.008761 0.042694
v 0.002547 -0.007843 0.042738
v 0.003268 -0.010426 0.041963
v 0.002646 -0.010072 0.042329
v 0.002014 -0.009665 0.042617
v 0.001391 -0.009214 0.042874
v 0.001691 -0.008321 0.042925
v 0.002354 -0.010929 0.042072
v 0.001710 -0.010534 0.042428
v 0.001060 -0.010071 0.042710
v 0.000420 -0.009556 0.042955
v 0.000773 -0.008709 0.043073
v 0.001383 -0.011370 0.042186
v 0.000707 -0.010893 0.042494
v 0.000035 -0.010350 0.042723
v -0.000608 -0.009794 0.043000
v -0.000199 -0.009005 0.043193
v 0.000334 -0.011688 0.042241
v -0.000359 -0.011132 0.042494
v -0.001029 -0.010555 0.042760
v -0.001670 -0.009954 0.043064
v -0.001222 -0.009209 0.043297
v -0.000769 -0.011882 0.042200
v -0.001463 -0.011287 0.042476
v -0.002131 -0.010652 0.042750
v -0.002770 -0.009992 0.043077
v -0.002289 -0.009290 0.043315
v -0.001909 -0.011973 0.042122
v -0.002601 -0.011335 0.042440
v -0.003264 -0.010641 0.042754
v -0.003900 -0.009918 0.043122
v -0.003380 -0.009270 0.043371
v -0.003082 -0.011986 0.042101
v -0.003770 -0.011267 0.042429
v -0.004426 -0.010496 0.042770
v -0.005046 -0.009669 0.043082
v -0.004501 -0.009110 0.043403
v -0.004282 -0.011837 0.042040
v -0.004960 -0.011040 0.042399
v -0.005601 -0.010188 0.042733
v -0.006193 -0.009282 0.043003
v -0.005627 -0.008797 0.043361
v -0.005500 -0.011536 0.041995
v -0.006149 -0.010636 0.042299
v -0.006770 -0.009741 0.042634
v -0.007332 -0.008805 0.042908
v -0.006753 -0.008374 0.043308
v -0.006724 -0.011090 0.041920
v -0.007342 -0.010152 0.042202
v -0.007919 -0.009215 0.042492
v -0.008435 -0.008255 0.042748
v -0.007824 -0.007832 0.043117
v -0.007908 -0.010522 0.041724
v -0.008499 -0.009589 0.042028
v -0.009036 -0.008644 0.042315
v -0.009508 -0.007691 0.042518
v -0.008898 -0.007301 0.042948
v -0.009082 -0.009938 0.041535
v -0.009630 -0.008997 0.041826
v -0.010100 -0.008041 0.042017
v -0.010505 -0.007106 0.042108
v -0.009902 -0.006751 0.042598
v -0.010219 -0.009312 0.041290
v -0.010219 -0.009312 0.041290
v -0.010701 -0.008366 0.041494
v -0.011119 -0.007441 0.041593
v -0.011529 -0.006577 0.041681
v -0.010888 -0.006228 0.042170
v -0.011318 -0.008674 0.040952
v -0.011738 -0.007756 0.041043
v -0.012139 -0.006887 0.041105
v -0.012527 -0.006057 0.041161
v -0.011895 -0.005741 0.041718
v -0.012319 -0.008025 0.040404
v -0.012747 -0.007176 0.040488
v -0.013154 -0.006353 0.040556
v -0.013532 -0.005541 0.040613
v -0.012885 -0.005245 0.041201
v -0.013356 -0.007449 0.039835
v -0.013762 -0.006620 0.039893
v -0.014145 -0.005801 0.039948
v -0.014472 -0.004975 0.039972
v -0.013856 -0.004724 0.040637
v -0.014373 -0.006867 0.039202
v -0.014775 -0.006047 0.039272
v -0.015110 -0.005215 0.039297
v -0.015429 -0.004396 0.039328
v -0.014798 -0.004169 0.040021
v -0.015369 -0.006256 0.038530
v -0.015736 -0.005431 0.038577
v -0.016025 -0.004594 0.038570
v -0.016338 -0.003784 0.038604
v -0.015726 -0.003587 0.039356
v -0.016306 -0.005611 0.037777
v -0.016622 -0.004783 0.037787
v -0.016918 -0.003962 0.037800
v -0.017200 -0.003142 0.037827
v -0.016609 -0.002969 0.038622
v -0.017191 -0.004951 0.036947
v -0.017479 -0.004126 0.036956
v -0.017780 -0.003308 0.037000
v -0.018055 -0.002476 0.037051
v -0.017491 -0.002327 0.037881
v -0.018045 -0.004279 0.036082
v -0.018329 -0.003452 0.036126
v -0.018575 -0.002603 0.036171
v -0.018810 -0.001744 0.036229
v -0.018285 -0.001623 0.037093
v -0.018855 -0.003566 0.035208
v -0.019123 -0.002723 0.035285
v -0.019338 -0.001854 0.035348
v -0.019509 -0.000961 0.035411
v -0.019007 -0.000865 0.036289
v -0.019604 -0.002806 0.034333
v -0.019816 -0.001935 0.034415
v -0.020007 -0.001042 0.034514
v -0.020114 -0.000113 0.034596
v -0.019627 -0.000042 0.035477
v -0.020300 -0.002006 0.033468
v -0.020490 -0.001108 0.033591
v -0.020588 -0.000170 0.033695
v -0.020663 0.000784 0.033812
v -0.020207 0.000834 0.034705
v -0.020883 -0.001145 0.032614
v -0.021029 -0.000213 0.032766
v -0.021096 0.000745 0.032897
v -0.021159 0.001710 0.033034
v -0.020725 0.001748 0.033941
v -0.021425 -0.000248 0.031808
v -0.021491 0.000715 0.031955
v -0.021591 0.001677 0.032118
v -0.021564 0.002646 0.032216
v -0.021140 0.002674 0.033132
v -0.021900 0.000681 0.031020
v -0.021957 0.001655 0.031174
v -0.021971 0.002628 0.031294
v -0.021948 0.003592 0.031380
v -0.021529 0.003600 0.032294
v -0.022298 0.001637 0.030231
v -0.022330 0.002621 0.030365
v -0.022275 0.003598 0.030445
v -0.022625 0.002625 0.029435
v -0.022622 0.003620 0.029544
v -0.022963 0.002637 0.028546
v -0.022929 0.003653 0.028656
v -0.023267 0.002662 0.027673
v -0.023237 0.003700 0.027797
v -0.023540 0.002702 0.026816
v -0.023463 0.003756 0.026939
v -0.023789 0.002755 0.025977
v -0.023718 0.003827 0.026119
v -0.023969 0.002820 0.025148
v -0.023910 0.003903 0.025310
v -0.024147 0.002890 0.024344
v -0.024080 0.003982 0.024524
v -0.024297 0.002965 0.023563
v -0.024260 0.004059 0.023771
v -0.024453 0.003041 0.022809
v -0.024391 0.004130 0.023035
v -0.024499 0.004190 0.022324
v 0.008461 -0.022610 0.022542
v 0.008785 -0.022494 0.022924
v 0.009117 -0.022403 0.023331
v 0.010092 -0.022022 0.022416
v 0.009453 -0.022332 0.023766
v 0.010463 -0.021943 0.022879
v 0.009749 -0.022175 0.024230
v 0.010753 -0.021726 0.023365
v 0.010057 -0.022047 0.024716
v 0.011061 -0.021556 0.023865
v 0.010333 -0.021842 0.025213
v 0.011365 -0.021375 0.024374
v 0.010595 -0.021620 0.025724
v 0.011641 -0.021157 0.024898
v 0.010840 -0.021382 0.026249
v 0.011893 -0.020920 0.025434
v 0.011090 -0.021167 0.026803
v 0.012132 -0.020680 0.025993
v 0.011301 -0.020882 0.027361
v 0.012326 -0.020376 0.026556
v 0.011447 -0.020499 0.027899
v 0.012534 -0.020091 0.027141
v 0.011679 -0.020241 0.028486
v 0.012745 -0.019802 0.027741
v 0.011887 -0.019944 0.029077
v 0.012921 -0.019458 0.028343
v 0.012087 -0.019633 0.029677
v 0.013100 -0.019131 0.028970
v 0.012310 -0.019343 0.030306
v 0.013249 -0.018770 0.029603
v 0.012406 -0.018870 0.030876
v 0.013346 -0.018343 0.030224
v 0.012594 -0.018489 0.031513
v 0.013509 -0.017986 0.030896
v 0.012650 -0.017937 0.032076
v 0.013578 -0.017512 0.031533
v 0.012781 -0.017445 0.032714
v 0.013637 -0.017010 0.032185
v 0.012889 -0.016910 0.033357
v 0.013726 -0.016520 0.032871
v 0.012935 -0.016293 0.033965
v 0.013804 -0.016001 0.033567
v 0.013011 -0.015714 0.034640
v 0.013824 -0.015410 0.034242
v 0.012981 -0.015043 0.035261
v 0.013762 -0.014750 0.034876
v 0.012902 -0.014341 0.035866
v 0.013653 -0.014062 0.035495
v 0.012773 -0.013602 0.036448
v 0.013497 -0.013341 0.036088
v 0.012603 -0.012822 0.036985
v 0.013307 -0.012587 0.036645
v 0.012413 -0.012011 0.037484
v 0.013094 -0.011802 0.037163
v 0.012205 -0.011176 0.037963
v 0.012854 -0.010988 0.037652
v 0.011940 -0.010301 0.038351
v 0.012566 -0.010135 0.038059
v 0.011671 -0.009414 0.038724
v 0.011328 -0.010437 0.038681
v 0.011073 -0.009524 0.039014
v 0.010767 -0.008582 0.039229
v 0.010465 -0.009596 0.039295
v 0.010171 -0.008626 0.039433
v 0.009872 -0.007650 0.039537
v 0.009575 -0.008632 0.039639
v 0.009314 -0.007640 0.039743
v 0.009012 -0.006648 0.039707
v 0.008756 -0.007593 0.039935
v 0.008488 -0.006586 0.039874
v 0.008208 -0.005580 0.039732
v 0.007986 -0.006479 0.040073
v 0.007736 -0.005465 0.039893
v 0.007482 -0.006349 0.040261
v 0.008218 -0.007505 0.040167
v 0.007688 -0.007381 0.040408
v 0.007143 -0.007229 0.040608
v 0.007854 -0.008410 0.040414
v 0.007287 -0.008257 0.040676
v 0.006720 -0.008064 0.040930
v 0.007368 -0.009263 0.040599
v 0.006773 -0.009069 0.040907
v 0.006165 -0.008837 0.041169
v 0.006782 -0.010044 0.040790
v 0.006147 -0.009812 0.041107
v 0.005512 -0.009545 0.041385
v 0.006061 -0.010738 0.040893
v 0.005396 -0.010471 0.041207
v 0.004748 -0.010181 0.041516
v 0.005249 -0.011362 0.040965
v 0.004592 -0.011094 0.041355
v 0.003910 -0.010761 0.041621
v 0.004377 -0.011945 0.041040
v 0.003684 -0.011632 0.041372
v 0.003009 -0.011290 0.041709
v 0.003435 -0.012471 0.041069
v 0.002727 -0.012118 0.041397
v 0.002055 -0.011772 0.041809
v 0.002433 -0.012928 0.041073
v 0.001724 -0.012563 0.041467
v 0.001023 -0.012147 0.041849
v 0.001387 -0.013332 0.041097
v 0.000665 -0.012922 0.041521
v -0.000055 -0.012450 0.041922
v 0.000287 -0.013631 0.041094
v -0.000457 -0.013151 0.041510
v -0.001193 -0.012597 0.041855
v -0.000865 -0.013820 0.041068
v -0.001622 -0.013248 0.041421
v -0.002363 -0.012633 0.041749
v -0.002059 -0.013900 0.041002
v -0.002823 -0.013256 0.041335
v -0.003570 -0.012589 0.041707
v -0.003287 -0.013856 0.040906
v -0.004060 -0.013152 0.041279
v -0.004803 -0.012384 0.041651
v -0.004552 -0.013672 0.040823
v -0.005330 -0.012894 0.041244
v -0.006056 -0.012017 0.041611
v -0.005860 -0.013343 0.040793
v -0.006616 -0.012443 0.041180
v -0.007294 -0.011489 0.041476
v -0.007176 -0.012813 0.040700
v -0.007860 -0.011841 0.040982
v -0.008495 -0.010886 0.041256
v -0.008437 -0.012164 0.040468
v -0.009088 -0.011219 0.040753
v -0.009687 -0.010277 0.041039
v -0.009679 -0.011511 0.040204
v -0.010269 -0.010551 0.040463
v -0.010812 -0.009597 0.040724
v -0.010812 -0.009597 0.040724
v -0.010889 -0.010823 0.039905
v -0.011425 -0.009866 0.040146
v -0.011425 -0.009866 0.040146
v -0.011900 -0.008930 0.040318
v -0.012019 -0.010092 0.039497
v -0.012019 -0.010092 0.039497
v -0.012505 -0.009184 0.039674
v -0.012943 -0.008302 0.039774
v -0.013091 -0.009403 0.038959
v -0.013534 -0.008541 0.039062
v -0.013951 -0.007693 0.039128
v -0.014160 -0.008775 0.038340
v -0.014572 -0.007925 0.038409
v -0.014977 -0.007086 0.038472
v -0.015185 -0.008116 0.037636
v -0.015581 -0.007276 0.037703
v -0.015982 -0.006453 0.037771
v -0.016160 -0.007417 0.036859
v -0.016488 -0.006572 0.036880
v -0.016898 -0.005783 0.036951
v -0.017027 -0.006684 0.035962
v -0.017394 -0.005890 0.036008
v -0.017742 -0.005094 0.036050
v -0.017960 -0.006006 0.035062
v -0.018279 -0.005206 0.035097
v -0.018566 -0.004391 0.035139
v -0.018826 -0.005303 0.034108
v -0.019086 -0.004482 0.034160
v -0.019359 -0.003655 0.034247
v -0.019580 -0.004554 0.033142
v -0.019838 -0.003724 0.033244
v -0.020115 -0.002888 0.033371
v -0.020305 -0.003794 0.032220
v -0.020525 -0.002935 0.032346
v -0.020747 -0.002062 0.032488
v -0.020907 -0.002990 0.031307
v -0.021149 -0.002113 0.031484
v -0.021334 -0.001198 0.031657
v -0.021517 -0.002172 0.030470
v -0.021650 -0.001234 0.030650
v -0.021803 -0.000286 0.030845
v -0.021992 -0.001288 0.029657
v -0.022106 -0.000321 0.029860
v -0.022241 0.000652 0.030065
v -0.022453 -0.000372 0.028902
v -0.022525 0.000627 0.029106
v -0.022631 0.001623 0.029302
v -0.022879 0.000597 0.028191
v -0.022924 0.001619 0.028385
v -0.023143 0.000595 0.027266
v -0.023202 0.001629 0.027488
v -0.023420 0.000609 0.026363
v -0.023479 0.001654 0.026614
v -0.023638 0.000651 0.025463
v -0.023716 0.001697 0.025752
v -0.023888 0.000699 0.024586
v -0.023943 0.001751 0.024908
v -0.024041 0.000778 0.023700
v -0.024134 0.001817 0.024075
v -0.024241 0.000866 0.022837
v -0.024279 0.001899 0.023254
v -0.024408 0.001993 0.022449
v 0.005324 -0.023228 0.022499
v 0.006602 -0.023091 0.022236
v 0.005630 -0.023182 0.022937
v 0.006924 -0.023060 0.022606
v 0.005933 -0.023155 0.023340
v 0.007203 -0.022981 0.022931
v 0.006249 -0.023074 0.023746
v 0.007496 -0.022935 0.023276
v 0.006600 -0.022999 0.024180
v 0.007802 -0.022861 0.023655
v 0.006894 -0.022901 0.024597
v 0.008090 -0.022738 0.024052
v 0.007179 -0.022806 0.025024
v 0.008386 -0.022653 0.024476
v 0.007465 -0.022673 0.025475
v 0.008667 -0.022511 0.024928
v 0.007746 -0.022559 0.025952
v 0.008941 -0.022339 0.025402
v 0.008018 -0.022419 0.026452
v 0.009220 -0.022185 0.025904
v 0.008289 -0.022274 0.026978
v 0.009463 -0.021934 0.026409
v 0.008549 -0.022099 0.027523
v 0.009732 -0.021767 0.026949
v 0.008795 -0.021889 0.028083
v 0.009954 -0.021505 0.027489
v 0.009005 -0.021585 0.028636
v 0.010180 -0.021256 0.028050
v 0.009252 -0.021378 0.029235
v 0.010380 -0.020959 0.028611
v 0.009492 -0.021128 0.029841
v 0.010624 -0.020737 0.029207
v 0.009707 -0.020780 0.030428
v 0.010845 -0.020450 0.029802
v 0.009912 -0.020384 0.031003
v 0.011027 -0.020080 0.030379
v 0.010113 -0.019948 0.031569
v 0.011218 -0.019701 0.030965
v 0.010389 -0.019626 0.032208
v 0.011436 -0.019334 0.031575
v 0.010616 -0.019143 0.032785
v 0.011604 -0.018856 0.032149
v 0.010817 -0.018591 0.033339
v 0.011747 -0.018322 0.032713
v 0.010981 -0.017986 0.033879
v 0.011901 -0.017780 0.033303
v 0.011123 -0.017368 0.034433
v 0.012030 -0.017202 0.033899
v 0.011283 -0.016792 0.035048
v 0.012142 -0.016605 0.034513
v 0.011377 -0.016151 0.035631
v 0.012206 -0.015964 0.035118
v 0.011393 -0.015451 0.036182
v 0.012197 -0.015279 0.035703
v 0.011376 -0.014731 0.036742
v 0.012143 -0.014564 0.036282
v 0.011295 -0.013953 0.037253
v 0.012042 -0.013809 0.036837
v 0.011192 -0.013148 0.037754
v 0.011907 -0.013015 0.037365
v 0.011030 -0.012286 0.038160
v 0.011739 -0.012180 0.037837
v 0.010910 -0.011445 0.038654
v 0.011543 -0.011319 0.038272
v 0.010687 -0.010525 0.038971
v 0.010223 -0.011497 0.038956
v 0.010031 -0.010568 0.039244
v 0.009827 -0.009614 0.039502
v 0.009398 -0.010571 0.039575
v 0.009209 -0.009597 0.039760
v 0.008992 -0.008600 0.039877
v 0.008588 -0.009530 0.040022
v 0.008423 -0.008527 0.040148
v 0.007973 -0.009416 0.040305
v 0.008730 -0.010509 0.039847
v 0.008083 -0.010401 0.040174
v 0.007418 -0.010239 0.040452
v 0.008119 -0.011330 0.039894
v 0.007416 -0.011169 0.040208
v 0.006735 -0.010973 0.040559
v 0.007392 -0.012067 0.039942
v 0.006660 -0.011863 0.040284
v 0.005951 -0.011632 0.040642
v 0.006571 -0.012727 0.039995
v 0.005827 -0.012503 0.040378
v 0.005085 -0.012230 0.040695
v 0.005686 -0.013346 0.040085
v 0.004917 -0.013091 0.040440
v 0.004161 -0.012789 0.040740
v 0.004709 -0.013877 0.040061
v 0.003927 -0.013597 0.040400
v 0.003165 -0.013271 0.040715
v 0.003682 -0.014368 0.040017
v 0.002890 -0.014048 0.040340
v 0.002127 -0.013707 0.040705
v 0.002610 -0.014809 0.039959
v 0.001811 -0.014452 0.040296
v 0.001046 -0.014089 0.040718
v 0.001486 -0.015169 0.039865
v 0.000687 -0.014789 0.040269
v -0.000096 -0.014334 0.040672
v 0.000323 -0.015454 0.039786
v -0.000486 -0.014990 0.040193
v -0.001279 -0.014481 0.040621
v -0.000875 -0.015605 0.039668
v -0.001692 -0.015081 0.040102
v -0.002496 -0.014495 0.040515
v -0.002109 -0.015665 0.039575
v -0.002935 -0.015062 0.040008
v -0.003751 -0.014403 0.040426
v -0.003387 -0.015606 0.039497
v -0.004222 -0.014895 0.039912
v -0.005055 -0.014164 0.040370
v -0.004723 -0.015355 0.039405
v -0.005576 -0.014589 0.039876
v -0.006402 -0.013735 0.040314
v -0.006116 -0.014941 0.039343
v -0.006952 -0.014062 0.039792
v -0.007738 -0.013133 0.040182
v -0.007529 -0.014349 0.039255
v -0.008314 -0.013418 0.039639
v -0.009029 -0.012466 0.039940
v -0.008907 -0.013660 0.039056
v -0.009622 -0.012719 0.039359
v -0.010275 -0.011763 0.039620
v -0.010238 -0.012935 0.038753
v -0.010897 -0.011993 0.039025
v -0.011490 -0.011039 0.039274
v -0.011525 -0.012187 0.038390
v -0.012098 -0.011230 0.038611
v -0.012621 -0.010300 0.038811
v -0.012621 -0.010300 0.038811
v -0.012732 -0.011414 0.037928
v -0.013231 -0.010491 0.038085
v -0.013231 -0.010491 0.038085
v -0.013711 -0.009622 0.038229
v -0.013832 -0.010655 0.037303
v -0.013832 -0.010655 0.037303
v -0.014320 -0.009803 0.037439
v -0.014775 -0.008964 0.037556
v -0.014911 -0.009938 0.036596
v -0.015372 -0.009101 0.036714
v -0.015784 -0.008258 0.036801
v -0.015952 -0.009200 0.035830
v -0.016279 -0.008321 0.035855
v -0.016655 -0.007492 0.035913
v -0.016912 -0.008442 0.034971
v -0.017244 -0.007598 0.034986
v -0.017562 -0.006772 0.034995
v -0.017753 -0.007666 0.033984
v -0.018116 -0.006863 0.034004
v -0.018532 -0.006108 0.034075
v -0.018713 -0.006988 0.033017
v -0.018986 -0.006166 0.033003
v -0.019322 -0.005377 0.033068
v -0.019526 -0.006283 0.031979
v -0.019820 -0.005464 0.032026
v -0.020073 -0.004635 0.032110
v -0.020224 -0.005544 0.030945
v -0.020509 -0.004721 0.031047
v -0.020726 -0.003868 0.031172
v -0.020878 -0.004802 0.029954
v -0.021099 -0.003947 0.030101
v -0.021315 -0.003072 0.030279
v -0.021454 -0.004021 0.029014
v -0.021664 -0.003143 0.029223
v -0.021824 -0.002226 0.029436
v -0.021984 -0.003203 0.028144
v -0.022162 -0.002291 0.028405
v -0.022326 -0.001348 0.028664
v -0.022502 -0.002347 0.027363
v -0.022641 -0.001394 0.027663
v -0.022760 -0.000408 0.027941
v -0.022929 -0.001415 0.026657
v -0.023062 -0.000426 0.026991
v -0.023166 -0.001403 0.025641
v -0.023314 -0.000414 0.026037
v -0.023433 -0.001379 0.024646
v -0.023558 -0.000380 0.025094
v -0.023683 -0.001329 0.023659
v -0.023734 -0.000314 0.024150
v -0.023779 -0.001209 0.022665
v -0.023933 -0.000232 0.023224
v -0.024107 -0.000120 0.022303
v -0.015102 -0.016731 0.022730
v -0.014340 -0.017471 0.022296
v 0.003817 -0.023467 0.022370
v 0.002503 -0.023599 0.022734
v 0.004117 -0.023415 0.022951
v 0.002806 -0.023522 0.023403
v 0.004428 -0.023317 0.023481
v 0.003141 -0.023467 0.024027
v 0.004757 -0.023238 0.023984
v 0.003493 -0.023349 0.024609
v 0.005100 -0.023124 0.024468
v 0.003849 -0.023222 0.025164
v 0.005424 -0.023028 0.024941
v 0.004209 -0.023082 0.025705
v 0.005755 -0.022926 0.025418
v 0.004585 -0.022956 0.026250
v 0.006104 -0.022790 0.025911
v 0.004939 -0.022791 0.026786
v 0.006411 -0.022652 0.026400
v 0.005283 -0.022633 0.027334
v 0.006702 -0.022511 0.026907
v 0.005629 -0.022462 0.027890
v 0.006993 -0.022397 0.027445
v 0.005960 -0.022253 0.028454
v 0.007266 -0.022203 0.027993
v 0.006283 -0.022103 0.029056
v 0.007540 -0.022060 0.028579
v 0.006577 -0.021875 0.029666
v 0.007796 -0.021823 0.029168
v 0.006857 -0.021605 0.030280
v 0.008057 -0.021598 0.029778
v 0.007144 -0.021375 0.030924
v 0.008307 -0.021302 0.030383
v 0.007411 -0.020987 0.031514
v 0.008554 -0.020966 0.030985
v 0.007699 -0.020620 0.032126
v 0.008802 -0.020585 0.031578
v 0.008000 -0.020230 0.032740
v 0.009056 -0.020172 0.032170
v 0.008298 -0.019780 0.033336
v 0.009322 -0.019737 0.032767
v 0.008582 -0.019269 0.033906
v 0.009598 -0.019267 0.033359
v 0.008858 -0.018735 0.034468
v 0.009830 -0.018687 0.033890
v 0.009104 -0.018163 0.035016
v 0.010061 -0.018132 0.034463
v 0.009287 -0.017516 0.035514
v 0.010213 -0.017481 0.034974
v 0.009464 -0.016896 0.036061
v 0.010349 -0.016828 0.035507
v 0.009648 -0.016324 0.036685
v 0.010506 -0.016247 0.036127
v 0.009714 -0.015595 0.037166
v 0.010555 -0.015544 0.036655
v 0.009759 -0.014864 0.037669
v 0.010579 -0.014830 0.037202
v 0.009750 -0.014074 0.038119
v 0.010526 -0.014038 0.037674
v 0.009727 -0.013269 0.038588
v 0.010464 -0.013234 0.038161
v 0.009644 -0.012402 0.038957
v 0.010350 -0.012375 0.038561
v 0.009545 -0.011510 0.039303
v 0.008852 -0.011462 0.039648
v 0.008904 -0.012354 0.039313
v 0.008141 -0.012233 0.039618
v 0.008959 -0.013234 0.038998
v 0.008141 -0.013098 0.039305
v 0.007366 -0.012952 0.039699
v 0.008945 -0.014036 0.038555
v 0.008116 -0.013928 0.038954
v 0.007283 -0.013763 0.039324
v 0.006491 -0.013593 0.039754
v 0.008056 -0.014715 0.038551
v 0.007186 -0.014541 0.038927
v 0.006340 -0.014349 0.039320
v 0.005506 -0.014109 0.039671
v 0.007052 -0.015269 0.038483
v 0.006180 -0.015082 0.038888
v 0.005324 -0.014862 0.039271
v 0.004493 -0.014631 0.039657
v 0.005989 -0.015771 0.038414
v 0.005116 -0.015573 0.038827
v 0.004254 -0.015327 0.039187
v 0.003426 -0.015099 0.039590
v 0.004869 -0.016222 0.038321
v 0.004001 -0.016025 0.038737
v 0.003145 -0.015780 0.039113
v 0.002314 -0.015531 0.039531
v 0.003710 -0.016661 0.038222
v 0.002841 -0.016431 0.038613
v 0.001989 -0.016176 0.039015
v 0.001154 -0.015891 0.039448
v 0.002510 -0.017041 0.038068
v 0.001647 -0.016795 0.038473
v 0.000798 -0.016486 0.038877
v -0.000045 -0.016097 0.039279
v 0.001289 -0.017417 0.037926
v 0.000428 -0.017084 0.038309
v -0.000424 -0.016698 0.038723
v -0.001269 -0.016204 0.039131
v 0.000031 -0.017637 0.037694
v -0.000826 -0.017240 0.038112
v -0.001682 -0.016771 0.038567
v -0.002537 -0.016229 0.039038
v -0.001269 -0.017756 0.037494
v -0.002134 -0.017291 0.037978
v -0.002993 -0.016706 0.038444
v -0.003863 -0.016078 0.038945
v -0.002628 -0.017738 0.037349
v -0.003501 -0.017150 0.037859
v -0.004370 -0.016464 0.038351
v -0.005254 -0.015752 0.038869
v -0.004050 -0.017510 0.037235
v -0.004938 -0.016851 0.037794
v -0.005810 -0.016057 0.038284
v -0.006688 -0.015241 0.038796
v -0.005533 -0.017117 0.037167
v -0.006429 -0.016359 0.037732
v -0.007305 -0.015511 0.038247
v -0.008130 -0.014587 0.038680
v -0.007071 -0.016574 0.037129
v -0.007934 -0.015707 0.037642
v -0.008739 -0.014772 0.038056
v -0.009516 -0.013860 0.038435
v -0.008590 -0.015888 0.037021
v -0.009373 -0.014951 0.037424
v -0.010144 -0.014042 0.037799
v -0.010858 -0.013115 0.038110
v -0.010018 -0.015109 0.036765
v -0.010773 -0.014191 0.037130
v -0.011498 -0.013279 0.037450
v -0.012146 -0.012341 0.037705
v -0.011393 -0.014295 0.036417
v -0.012097 -0.013374 0.036713
v -0.012758 -0.012469 0.036971
v -0.013324 -0.011549 0.037159
v -0.012715 -0.013481 0.035968
v -0.013370 -0.012590 0.036203
v -0.013903 -0.011664 0.036341
v -0.014423 -0.010789 0.036475
v -0.014423 -0.010789 0.036475
v -0.013925 -0.012672 0.035364
v -0.014515 -0.011800 0.035527
v -0.015043 -0.010929 0.035650
v -0.015043 -0.010929 0.035650
v -0.015506 -0.010052 0.035737
v -0.015072 -0.011891 0.034655
v -0.015579 -0.011004 0.034748
v -0.015579 -0.011004 0.034748
v -0.016060 -0.010138 0.034836
v -0.016496 -0.009277 0.034905
v -0.016096 -0.011065 0.033819
v -0.016096 -0.011065 0.033819
v -0.016577 -0.010203 0.033893
v -0.017035 -0.009358 0.033962
v -0.017465 -0.008529 0.034013
v -0.017106 -0.010288 0.032941
v -0.017545 -0.009437 0.032984
v -0.017921 -0.008587 0.032986
v -0.018311 -0.007772 0.032992
v -0.018010 -0.009532 0.031968
v -0.018334 -0.008664 0.031930
v -0.018792 -0.007883 0.031953
v -0.019149 -0.007073 0.031945
v -0.018817 -0.008798 0.030893
v -0.019234 -0.007995 0.030889
v -0.019578 -0.007172 0.030873
v -0.019917 -0.006360 0.030892
v -0.019567 -0.008055 0.029769
v -0.019941 -0.007244 0.029765
v -0.020313 -0.006448 0.029792
v -0.020593 -0.005624 0.029839
v -0.020245 -0.007296 0.028617
v -0.020627 -0.006505 0.028643
v -0.020947 -0.005698 0.028709
v -0.021227 -0.004874 0.028839
v -0.020902 -0.006551 0.027473
v -0.021200 -0.005729 0.027541
v -0.021524 -0.004922 0.027695
v -0.021783 -0.004082 0.027903
v -0.021492 -0.005782 0.026380
v -0.021805 -0.004962 0.026541
v -0.022078 -0.004123 0.026771
v -0.022321 -0.003258 0.027058
v -0.022058 -0.004994 0.025383
v -0.022355 -0.004152 0.025640
v -0.022613 -0.003283 0.025957
v -0.022804 -0.002372 0.026306
v -0.022582 -0.004155 0.024503
v -0.022881 -0.003293 0.024854
v -0.023050 -0.002367 0.025237
v -0.023045 -0.003260 0.023739
v -0.023272 -0.002343 0.024177
v -0.023171 -0.003181 0.022633
v -0.023418 -0.002272 0.023124
v -0.017867 -0.013691 0.022498
v -0.017293 -0.014449 0.022371
v -0.017107 -0.014548 0.023652
v -0.016485 -0.015290 0.023425
v -0.015826 -0.016021 0.023116
v -0.016218 -0.015329 0.024657
v -0.015566 -0.016077 0.024340
v -0.014884 -0.016831 0.023940
v -0.015312 -0.016165 0.025533
v -0.014583 -0.016892 0.025110
v -0.013870 -0.017679 0.024622
v -0.014140 -0.017577 0.023471
v -0.013041 -0.018383 0.024103
v -0.013303 -0.018290 0.022982
v -0.012166 -0.019083 0.023618
v -0.012395 -0.019005 0.022529
v -0.011255 -0.019806 0.023200
v -0.010250 -0.020479 0.022847
v -0.009165 -0.021107 0.022547
v -0.007992 -0.021679 0.022320
v -0.000643 -0.023675 0.022214
v 0.000911 -0.023725 0.022448
v -0.000380 -0.023633 0.023041
v 0.001191 -0.023663 0.023216
v -0.000047 -0.023599 0.023834
v 0.001521 -0.023615 0.023944
v 0.000335 -0.023544 0.024600
v 0.001888 -0.023496 0.024631
v 0.000745 -0.023435 0.025333
v 0.002268 -0.023340 0.025275
v 0.001176 -0.023310 0.026039
v 0.002668 -0.023257 0.025909
v 0.001623 -0.023160 0.026721
v 0.003074 -0.023104 0.026519
v 0.002086 -0.022991 0.027384
v 0.003483 -0.022910 0.027112
v 0.002549 -0.022749 0.028017
v 0.003891 -0.022714 0.027705
v 0.003007 -0.022522 0.028653
v 0.004291 -0.022515 0.028303
v 0.003453 -0.022272 0.029284
v 0.004686 -0.022294 0.028898
v 0.003876 -0.022031 0.029914
v 0.005060 -0.022067 0.029501
v 0.004258 -0.021784 0.030556
v 0.005398 -0.021833 0.030128
v 0.004600 -0.021504 0.031210
v 0.005709 -0.021586 0.030774
v 0.004916 -0.021162 0.031855
v 0.006006 -0.021269 0.031407
v 0.005241 -0.020868 0.032529
v 0.006315 -0.020966 0.032057
v 0.005568 -0.020485 0.033167
v 0.006627 -0.020580 0.032675
v 0.005897 -0.020069 0.033790
v 0.006939 -0.020142 0.033269
v 0.006234 -0.019641 0.034409
v 0.007253 -0.019684 0.033859
v 0.006556 -0.019126 0.034973
v 0.007575 -0.019237 0.034466
v 0.006869 -0.018590 0.035524
v 0.007850 -0.018648 0.034975
v 0.007163 -0.018038 0.036073
v 0.008127 -0.018109 0.035540
v 0.007406 -0.017415 0.036574
v 0.008356 -0.017501 0.036065
v 0.007617 -0.016783 0.037083
v 0.008543 -0.016860 0.036574
v 0.007782 -0.016099 0.037554
v 0.008691 -0.016191 0.037074
v 0.007928 -0.015410 0.038040
v 0.008813 -0.015514 0.037588
v 0.008899 -0.014799 0.038090
v 0.006911 -0.016017 0.038084
v 0.006715 -0.016708 0.037616
v 0.005782 -0.016490 0.037999
v 0.006464 -0.017305 0.037069
v 0.005520 -0.017108 0.037476
v 0.004593 -0.016852 0.037809
v 0.005231 -0.017715 0.036957
v 0.004301 -0.017524 0.037351
v 0.003397 -0.017305 0.037720
v 0.003960 -0.018059 0.036756
v 0.003052 -0.017904 0.037168
v 0.002161 -0.017677 0.037541
v 0.002681 -0.018444 0.036557
v 0.001776 -0.018189 0.036895
v 0.000898 -0.017953 0.037294
v 0.001375 -0.018731 0.036273
v 0.000479 -0.018472 0.036652
v -0.000402 -0.018155 0.037058
v 0.000034 -0.018924 0.035974
v -0.000867 -0.018623 0.036398
v -0.001751 -0.018216 0.036848
v -0.001362 -0.019043 0.035727
v -0.002275 -0.018649 0.036206
v -0.003164 -0.018118 0.036699
v -0.002834 -0.019013 0.035544
v -0.003757 -0.018513 0.036093
v -0.004654 -0.017868 0.036640
v -0.004376 -0.018793 0.035432
v -0.005286 -0.018120 0.035990
v -0.006190 -0.017393 0.036578
v -0.005959 -0.018363 0.035357
v -0.006862 -0.017590 0.035944
v -0.007730 -0.016737 0.036493
v -0.007543 -0.017750 0.035288
v -0.008388 -0.016867 0.035822
v -0.009224 -0.016006 0.036333
v -0.009046 -0.016983 0.035123
v -0.009869 -0.016117 0.035630
v -0.010651 -0.015217 0.036059
v -0.010528 -0.016218 0.034914
v -0.011261 -0.015266 0.035302
v -0.011986 -0.014347 0.035652
v -0.011883 -0.015328 0.034540
v -0.012587 -0.014415 0.034870
v -0.013277 -0.013543 0.035147
v -0.013162 -0.014485 0.034045
v -0.013808 -0.013592 0.034283
v -0.014483 -0.012762 0.034508
v -0.014367 -0.013670 0.033418
v -0.014991 -0.012801 0.033598
v -0.015574 -0.011936 0.033729
v -0.015485 -0.012839 0.032667
v -0.016035 -0.011960 0.032767
v -0.016600 -0.011129 0.032868
v -0.016600 -0.011129 0.032868
v -0.016523 -0.012026 0.031804
v -0.017063 -0.011192 0.031880
v -0.017063 -0.011192 0.031880
v -0.017524 -0.010341 0.031918
v -0.017476 -0.011261 0.030842
v -0.017476 -0.011261 0.030842
v -0.017949 -0.010432 0.030872
v -0.018404 -0.009616 0.030896
v -0.018323 -0.010503 0.029779
v -0.018776 -0.009692 0.029793
v -0.019172 -0.008867 0.029781
v -0.019089 -0.009730 0.028648
v -0.019498 -0.008917 0.028639
v -0.019904 -0.008115 0.028631
v -0.019817 -0.008967 0.027466
v -0.020190 -0.008159 0.027451
v -0.020552 -0.007355 0.027449
v -0.020458 -0.008194 0.026240
v -0.020806 -0.007391 0.026247
v -0.021178 -0.006600 0.026294
v -0.021040 -0.007413 0.025013
v -0.021382 -0.006618 0.025081
v -0.021710 -0.005806 0.025196
v -0.021583 -0.006606 0.023844
v -0.021931 -0.005811 0.024003
v -0.022262 -0.004993 0.024217
v -0.022175 -0.005794 0.022782
v -0.022480 -0.004978 0.023037
v -0.022757 -0.004129 0.023354
v -0.022952 -0.004064 0.022207
v -0.021881 -0.006598 0.022587
v -0.021496 -0.007353 0.022437
v -0.021119 -0.008121 0.022359
v -0.020705 -0.008886 0.022347
v -0.020305 -0.009678 0.022387
v -0.019837 -0.010458 0.022447
v -0.019371 -0.011262 0.022510
v -0.019371 -0.011262 0.022510
v -0.018910 -0.012091 0.022553
v -0.018395 -0.012897 0.022552
v -0.018729 -0.012159 0.023824
v -0.018232 -0.012985 0.023826
v -0.017703 -0.013792 0.023782
v -0.018038 -0.013029 0.025066
v -0.017462 -0.013815 0.025016
v -0.016879 -0.014602 0.024891
v -0.017211 -0.013833 0.026214
v -0.016586 -0.014603 0.026078
v -0.015930 -0.015357 0.025845
v -0.016297 -0.014628 0.027225
v -0.015644 -0.015418 0.026991
v -0.014945 -0.016180 0.026659
v -0.015283 -0.015427 0.028071
v -0.014605 -0.016248 0.027748
v -0.013899 -0.017071 0.027323
v -0.014238 -0.016957 0.026234
v -0.013097 -0.017809 0.026805
v -0.013518 -0.017755 0.025736
v -0.012349 -0.018621 0.026289
v -0.012722 -0.018496 0.025208
v -0.011521 -0.019360 0.025788
v -0.011891 -0.019224 0.024713
v -0.010637 -0.020064 0.025329
v -0.010994 -0.019912 0.024271
v -0.009648 -0.020691 0.024906
v -0.010009 -0.020554 0.023884
v -0.008578 -0.021305 0.024546
v -0.008965 -0.021213 0.023555
v -0.007387 -0.021847 0.024253
v -0.007795 -0.021732 0.023289
v -0.006058 -0.022354 0.024028
v -0.006505 -0.022206 0.023101
v -0.004587 -0.022678 0.023863
v -0.005029 -0.022611 0.022986
v -0.003100 -0.023107 0.023780
v -0.003504 -0.023107 0.022927
v -0.001583 -0.023440 0.023773
v -0.001941 -0.023476 0.022942
v -0.002638 -0.023074 0.024615
v -0.001166 -0.023367 0.024577
v -0.002162 -0.023086 0.025441
v -0.000727 -0.023317 0.025368
v -0.001651 -0.023017 0.026244
v -0.000259 -0.023206 0.026130
v -0.001120 -0.022893 0.027020
v 0.000225 -0.023099 0.026876
v -0.000578 -0.022769 0.027782
v 0.000732 -0.022919 0.027589
v -0.000030 -0.022626 0.028526
v 0.001244 -0.022719 0.028282
v 0.000520 -0.022387 0.029225
v 0.001753 -0.022485 0.028956
v 0.001057 -0.022121 0.029906
v 0.002248 -0.022210 0.029614
v 0.001560 -0.021837 0.030573
v 0.002714 -0.021967 0.030275
v 0.002016 -0.021590 0.031256
v 0.003138 -0.021703 0.030933
v 0.002416 -0.021314 0.031937
v 0.003510 -0.021419 0.031598
v 0.002784 -0.020985 0.032611
v 0.003847 -0.021078 0.032257
v 0.003139 -0.020625 0.033287
v 0.004182 -0.020732 0.032926
v 0.003494 -0.020215 0.033944
v 0.004524 -0.020375 0.033596
v 0.003852 -0.019786 0.034597
v 0.004869 -0.019968 0.034243
v 0.004212 -0.019314 0.035222
v 0.005218 -0.019538 0.034880
v 0.004572 -0.018845 0.035853
v 0.005567 -0.019060 0.035491
v 0.004910 -0.018276 0.036401
v 0.005889 -0.018479 0.036018
v 0.006195 -0.017915 0.036560
v 0.003608 -0.018618 0.036182
v 0.003237 -0.019121 0.035561
v 0.002291 -0.018905 0.035887
v 0.002860 -0.019600 0.034923
v 0.001895 -0.019415 0.035255
v 0.000954 -0.019224 0.035620
v 0.001492 -0.019869 0.034593
v 0.000522 -0.019660 0.034943
v -0.000428 -0.019372 0.035311
v 0.000082 -0.020054 0.034257
v -0.000906 -0.019777 0.034641
v -0.001883 -0.019430 0.035065
v -0.001409 -0.020129 0.033969
v -0.002428 -0.019766 0.034399
v -0.003436 -0.019404 0.034928
v -0.002992 -0.020071 0.033735
v -0.004023 -0.019591 0.034216
v -0.005017 -0.019025 0.034766
v -0.004654 -0.019889 0.033585
v -0.005670 -0.019244 0.034105
v -0.006638 -0.018552 0.034701
v -0.006338 -0.019477 0.033461
v -0.007304 -0.018691 0.034015
v -0.008203 -0.017856 0.034584
v -0.007965 -0.018805 0.033310
v -0.008858 -0.017951 0.033860
v -0.009695 -0.017065 0.034391
v -0.009506 -0.018050 0.033122
v -0.010344 -0.017161 0.033657
v -0.011165 -0.016286 0.034162
v -0.010959 -0.017222 0.032882
v -0.011730 -0.016292 0.033346
v -0.012494 -0.015410 0.033755
v -0.012321 -0.016355 0.032532
v -0.013010 -0.015421 0.032883
v -0.013683 -0.014521 0.033168
v -0.013514 -0.015432 0.031985
v -0.014191 -0.014553 0.032269
v -0.014889 -0.013725 0.032517
v -0.014679 -0.014572 0.031339
v -0.015333 -0.013725 0.031557
v -0.015910 -0.012844 0.031686
v -0.015755 -0.013730 0.030564
v -0.016382 -0.012915 0.030708
v -0.016988 -0.012112 0.030806
v -0.016840 -0.013004 0.029688
v -0.017373 -0.012168 0.029740
v -0.017858 -0.011329 0.029761
v -0.017858 -0.011329 0.029761
v -0.017737 -0.012215 0.028632
v -0.018201 -0.011375 0.028639
v -0.018201 -0.011375 0.028639
v -0.018657 -0.010549 0.028647
v -0.018519 -0.011403 0.027483
v -0.018519 -0.011403 0.027483
v -0.018981 -0.010587 0.027488
v -0.019391 -0.009764 0.027475
v -0.019232 -0.010586 0.026277
v -0.019673 -0.009789 0.026263
v -0.020086 -0.008994 0.026249
v -0.019903 -0.009774 0.025005
v -0.020324 -0.008993 0.024989
v -0.020700 -0.008207 0.024988
v -0.020522 -0.008950 0.023682
v -0.020891 -0.008168 0.023682
v -0.021247 -0.007393 0.023736
v -0.020102 -0.009728 0.023708
v -0.019480 -0.010576 0.025033
v -0.019672 -0.010527 0.023753
v -0.019019 -0.011383 0.025055
v -0.019019 -0.011383 0.025055
v -0.019202 -0.011333 0.023796
v -0.019202 -0.011333 0.023796
v -0.018553 -0.012212 0.025069
v -0.018783 -0.011401 0.026285
v -0.018783 -0.011401 0.026285
v -0.018329 -0.012235 0.026289
v -0.017803 -0.013048 0.026275
v -0.017996 -0.012200 0.027463
v -0.017533 -0.013057 0.027454
v -0.016876 -0.013796 0.027360
v -0.017196 -0.013031 0.028588
v -0.016585 -0.013820 0.028484
v -0.015950 -0.014622 0.028315
v -0.016192 -0.013779 0.029549
v -0.015574 -0.014611 0.029366
v -0.014901 -0.015432 0.029110
v -0.015115 -0.014563 0.030359
v -0.014445 -0.015408 0.030092
v -0.013801 -0.016322 0.029772
v -0.014205 -0.016269 0.028776
v -0.013057 -0.017179 0.029337
v -0.013467 -0.017101 0.028343
v -0.012255 -0.017999 0.028836
v -0.012744 -0.017970 0.027859
v -0.011442 -0.018830 0.028315
v -0.011933 -0.018748 0.027333
v -0.010565 -0.019604 0.027795
v -0.011108 -0.019533 0.026828
v -0.009607 -0.020291 0.027302
v -0.010163 -0.020192 0.026342
v -0.008602 -0.020948 0.026851
v -0.009167 -0.020833 0.025897
v -0.007488 -0.021483 0.026421
v -0.008082 -0.021431 0.025506
v -0.006260 -0.021949 0.026053
v -0.006873 -0.021974 0.025182
v -0.004936 -0.022383 0.025784
v -0.005509 -0.022372 0.024920
v -0.003573 -0.022792 0.025583
v -0.004093 -0.022748 0.024732
v -0.004347 -0.022410 0.026634
v -0.003007 -0.022709 0.026402
v -0.003733 -0.022355 0.027455
v -0.002437 -0.022642 0.027210
v -0.003116 -0.022251 0.028247
v -0.001865 -0.022581 0.028005
v -0.002510 -0.022151 0.029022
v -0.001279 -0.022411 0.028757
v -0.001909 -0.021990 0.029774
v -0.000701 -0.022221 0.029488
v -0.001320 -0.021797 0.030505
v -0.000134 -0.022007 0.030200
v -0.000757 -0.021555 0.031204
v 0.000403 -0.021726 0.030880
v -0.000241 -0.021281 0.031885
v 0.000890 -0.021461 0.031563
v 0.000231 -0.021006 0.032571
v 0.001325 -0.021131 0.032226
v 0.000670 -0.020650 0.033236
v 0.001723 -0.020823 0.032916
v 0.001086 -0.020284 0.033920
v 0.002105 -0.020446 0.033590
v 0.002483 -0.020042 0.034263
v -0.000376 -0.020441 0.033593
v -0.000861 -0.020779 0.032926
v -0.001939 -0.020466 0.033310
v -0.001374 -0.021078 0.032254
v -0.002488 -0.020741 0.032631
v -0.003582 -0.020359 0.033074
v -0.003057 -0.020960 0.031931
v -0.004184 -0.020580 0.032384
v -0.005280 -0.020087 0.032901
v -0.004802 -0.020771 0.031683
v -0.005908 -0.020204 0.032184
v -0.006957 -0.019520 0.032721
v -0.006572 -0.020339 0.031479
v -0.007633 -0.019661 0.032023
v -0.008613 -0.018900 0.032574
v -0.008249 -0.019674 0.031235
v -0.009240 -0.018960 0.031794
v -0.010129 -0.018116 0.032348
v -0.009840 -0.018976 0.030975
v -0.010743 -0.018162 0.031545
v -0.011518 -0.017217 0.032047
v -0.011289 -0.018128 0.030681
v -0.012063 -0.017208 0.031181
v -0.012786 -0.016294 0.031614
v -0.012564 -0.017186 0.030271
v -0.013242 -0.016248 0.030673
v -0.013985 -0.015417 0.031050
v -0.011795 -0.018079 0.029783
v -0.010384 -0.018931 0.030114
v -0.010925 -0.018902 0.029239
v -0.009468 -0.019754 0.029607
v -0.010037 -0.019729 0.028730
v -0.008458 -0.020451 0.029110
v -0.009025 -0.020374 0.028222
v -0.007360 -0.021033 0.028617
v -0.007966 -0.020962 0.027748
v -0.006196 -0.021525 0.028138
v -0.006830 -0.021469 0.027288
v -0.004986 -0.021959 0.027744
v -0.005632 -0.021983 0.026912
v -0.005556 -0.021502 0.028946
v -0.004358 -0.021945 0.028563
v -0.004915 -0.021436 0.029726
v -0.003718 -0.021810 0.029334
v -0.004274 -0.021322 0.030485
v -0.003097 -0.021680 0.030098
v -0.003658 -0.021193 0.031232
v -0.002497 -0.021532 0.030846
v -0.001916 -0.021301 0.031552
v -0.005437 -0.020883 0.030948
v -0.006092 -0.020972 0.030201
v -0.007225 -0.020406 0.030729
v -0.006732 -0.021016 0.029426
v -0.007827 -0.020379 0.029917
v -0.008861 -0.019705 0.030429
v -0.021069 0.003623 0.033198
v -0.021016 0.004552 0.033267
v -0.020544 0.004577 0.034184
v -0.020623 0.003658 0.034111
v -0.020408 0.005467 0.034231
v -0.019922 0.005493 0.035166
v -0.020034 0.004607 0.035087
v -0.019660 0.006331 0.035157
v -0.019101 0.006344 0.036056
v -0.019316 0.005503 0.036030
v -0.018779 0.007131 0.035997
v -0.018210 0.007146 0.036885
v -0.018507 0.006355 0.036929
v -0.017850 0.007882 0.036764
v -0.017198 0.007851 0.037581
v -0.017549 0.007126 0.037703
v -0.016851 0.008548 0.037406
v -0.016172 0.008498 0.038198
v -0.016494 0.007801 0.038352
v -0.015847 0.009154 0.037959
v -0.015101 0.009039 0.038684
v -0.015439 0.008412 0.038936
v -0.014817 0.009687 0.038425
v -0.014028 0.009517 0.039097
v -0.014321 0.008896 0.039364
v -0.013527 0.008727 0.040016
v -0.013874 0.008140 0.040272
v -0.014673 0.008303 0.039636
v -0.013227 0.009326 0.039743
v -0.012413 0.009099 0.040343
v -0.012718 0.008520 0.040623
v -0.011888 0.008273 0.041177
v -0.012220 0.007727 0.041446
v -0.013058 0.007947 0.040875
v -0.011589 0.008840 0.040896
v -0.010742 0.008533 0.041368
v -0.011029 0.007986 0.041666
v -0.010484 0.009114 0.041070
v -0.009652 0.008806 0.041545
v -0.009890 0.008222 0.041826
v -0.009423 0.009401 0.041235
v -0.008579 0.009046 0.041638
v -0.008786 0.008443 0.041923
v -0.007712 0.008637 0.041937
v -0.013422 0.007363 0.041088
v -0.014249 0.007537 0.040489
v -0.014596 0.006871 0.040602
v -0.015363 0.006965 0.039922
v -0.015022 0.007656 0.039816
v -0.016124 0.007044 0.039227
v -0.015790 0.007754 0.039124
v -0.016841 0.007089 0.038476
v -0.016424 0.006291 0.039253
v -0.017167 0.006335 0.038540
v -0.017829 0.006342 0.037733
v -0.017446 0.005530 0.038527
v -0.018080 0.005524 0.037713
v -0.018734 0.005521 0.036902
v -0.018299 0.004671 0.037649
v -0.018927 0.004657 0.036836
v -0.019460 0.004629 0.035949
v -0.019091 0.003762 0.036746
v -0.019667 0.003734 0.035908
v -0.020102 0.003694 0.034985
v -0.019718 0.002800 0.035783
v -0.020224 0.002756 0.034921
v -0.020700 0.002712 0.034037
v -0.020242 0.001797 0.034814
v -0.019757 0.001849 0.035677
v -0.019711 0.000898 0.035564
v -0.019260 0.001905 0.036532
v -0.019217 0.000970 0.036419
v -0.019140 0.000044 0.036346
v -0.018625 0.000139 0.037189
v -0.018476 -0.000751 0.037134
v -0.017928 -0.000628 0.037956
v -0.017724 -0.001486 0.037914
v -0.017131 -0.001338 0.038694
v -0.016881 -0.002159 0.038657
v -0.016295 -0.001991 0.039433
v -0.015994 -0.002780 0.039373
v -0.015391 -0.002581 0.040105
v -0.015112 -0.003376 0.040074
v -0.014488 -0.003142 0.040747
v -0.014156 -0.003917 0.040664
v -0.013536 -0.003656 0.041295
v -0.013227 -0.004448 0.041254
v -0.012592 -0.004150 0.041824
v -0.012261 -0.004941 0.041779
v -0.011620 -0.004609 0.042294
v -0.011273 -0.005409 0.042252
v -0.010655 -0.005058 0.042756
v -0.010276 -0.005872 0.042664
v -0.009658 -0.005491 0.043112
v -0.009308 -0.006378 0.043076
v -0.008696 -0.005975 0.043490
v -0.008295 -0.006899 0.043362
v -0.007695 -0.006480 0.043756
v -0.007242 -0.007417 0.043529
v -0.006638 -0.006942 0.043829
v -0.006162 -0.007890 0.043623
v -0.005584 -0.007379 0.043931
v -0.005058 -0.008247 0.043626
v -0.004509 -0.007688 0.043940
v -0.003961 -0.008497 0.043651
v -0.003439 -0.007857 0.043896
v -0.002877 -0.008606 0.043636
v -0.002385 -0.007901 0.043835
v -0.001819 -0.008568 0.043540
v -0.001365 -0.007812 0.043700
v -0.000792 -0.008429 0.043454
v -0.000382 -0.007621 0.043565
v 0.000195 -0.008189 0.043358
v 0.000554 -0.007335 0.043399
v 0.001111 -0.007841 0.043144
v 0.001423 -0.006951 0.043149
v 0.001976 -0.007412 0.042939
v 0.002243 -0.006491 0.042904
v 0.002766 -0.006906 0.042662
v 0.002980 -0.005956 0.042576
v 0.003492 -0.006330 0.042372
v 0.003616 -0.005370 0.042149
v 0.004119 -0.005705 0.041983
v 0.004172 -0.004738 0.041668
v 0.004643 -0.005033 0.041505
v 0.004658 -0.004036 0.041162
v 0.005082 -0.004297 0.040989
v 0.005027 -0.003289 0.040563
v 0.005417 -0.003525 0.040390
v 0.005362 -0.002470 0.039954
v 0.005709 -0.002705 0.039784
v -0.019201 0.002841 0.036636
v -0.018497 0.003789 0.037564
v -0.017653 0.004682 0.038436
v -0.016703 0.005504 0.039233
v -0.015703 0.006246 0.039985
v 0.000418 0.005947 0.040304
v -0.000076 0.006431 0.040447
v 0.000194 0.005296 0.040783
v -0.000160 0.005876 0.041052
v -0.000761 0.006325 0.041087
v -0.000373 0.005162 0.041486
v -0.000883 0.005690 0.041624
v -0.001432 0.006220 0.041746
v -0.001027 0.004990 0.042087
v -0.001580 0.005528 0.042207
v -0.002176 0.006058 0.042304
v -0.001747 0.004798 0.042599
v -0.002369 0.005311 0.042633
v -0.002967 0.005874 0.042780
v -0.002519 0.004606 0.043047
v -0.003148 0.005146 0.043107
v -0.003811 0.005693 0.043161
v -0.003318 0.004466 0.043494
v -0.004000 0.004998 0.043463
v -0.004722 0.005575 0.043433
v -0.004209 0.004384 0.043827
v -0.004937 0.004977 0.043744
v -0.005722 0.005567 0.043628
v -0.005212 0.004429 0.044026
v -0.005975 0.005036 0.043914
v -0.006810 0.005580 0.043744
v -0.006289 0.004516 0.044141
v -0.007102 0.005054 0.043939
v -0.007980 0.005551 0.043721
v -0.007426 0.004544 0.044109
v -0.008291 0.005042 0.043880
v -0.009211 0.005457 0.043570
v -0.008618 0.004540 0.044012
v -0.009536 0.004951 0.043701
v -0.010479 0.005275 0.043290
v -0.009861 0.004442 0.043778
v -0.010829 0.004762 0.043423
v -0.011729 0.004952 0.042858
v -0.011122 0.004200 0.043390
v -0.012037 0.004363 0.042857
v -0.012995 0.004503 0.042412
v -0.012360 0.003779 0.042901
v -0.013304 0.003860 0.042423
v -0.014169 0.003885 0.041822
v -0.013543 0.003184 0.042357
v -0.014398 0.003164 0.041758
v -0.015230 0.003126 0.041143
v -0.014595 0.002430 0.041718
v -0.015399 0.002348 0.041088
v -0.016143 0.002259 0.040405
v -0.015453 0.001560 0.040977
v -0.014676 0.001680 0.041606
v -0.014713 0.000927 0.041548
v -0.013880 0.001789 0.042231
v -0.013931 0.001078 0.042155
v -0.013882 0.000368 0.042041
v -0.013093 0.001216 0.042691
v -0.013111 0.000543 0.042624
v -0.013068 -0.000145 0.042566
v -0.012267 0.000727 0.043112
v -0.012266 0.000082 0.043059
v -0.012210 -0.000590 0.043018
v -0.011361 -0.000954 0.043432
v -0.010574 -0.001273 0.043803
v -0.010041 -0.000840 0.044114
v -0.009789 -0.001579 0.044120
v -0.009619 -0.000400 0.044360
v -0.009288 -0.001127 0.044394
v -0.008964 -0.001869 0.044405
v -0.008840 -0.000659 0.044592
v -0.008472 -0.001391 0.044646
v -0.008104 -0.002138 0.044634
v -0.008015 -0.000898 0.044838
v -0.007613 -0.001637 0.044850
v -0.007211 -0.002414 0.044828
v -0.007156 -0.001124 0.045071
v -0.006725 -0.001893 0.045051
v -0.006295 -0.002713 0.044990
v -0.006240 -0.001347 0.045188
v -0.005794 -0.002161 0.045114
v -0.005348 -0.003023 0.045056
v -0.005291 -0.001600 0.045203
v -0.004838 -0.002444 0.045098
v -0.004377 -0.003297 0.045094
v -0.004327 -0.001855 0.045206
v -0.003872 -0.002665 0.045087
v -0.003413 -0.003456 0.044910
v -0.003399 -0.001997 0.044960
v -0.002937 -0.002760 0.044849
v -0.002473 -0.003511 0.044705
v -0.002489 -0.002043 0.044699
v -0.002032 -0.002764 0.044578
v -0.001565 -0.003461 0.044436
v -0.001636 -0.002003 0.044324
v -0.001164 -0.002666 0.044243
v -0.000732 -0.003314 0.044037
v -0.000792 -0.001861 0.043974
v -0.000375 -0.002490 0.043794
v 0.000081 -0.003084 0.043662
v -0.000025 -0.001653 0.043517
v 0.000405 -0.002232 0.043384
v 0.000834 -0.002780 0.043223
v 0.000688 -0.001381 0.043023
v 0.001073 -0.001924 0.042845
v 0.001518 -0.002412 0.042728
v 0.001308 -0.001062 0.042448
v 0.001744 -0.001520 0.042346
v 0.002127 -0.001981 0.042169
v 0.001967 -0.000639 0.041960
v 0.002315 -0.001080 0.041754
v 0.002636 -0.001497 0.041543
v 0.002474 -0.000218 0.041379
v 0.002852 -0.000571 0.041260
v 0.003204 -0.000900 0.041093
v 0.002940 0.000281 0.040768
v 0.003271 -0.000030 0.040592
v 0.003589 -0.000306 0.040404
v 0.002609 0.000623 0.040939
v 0.002208 0.000982 0.041010
v 0.002141 0.000194 0.041552
v 0.001878 0.000683 0.041780
v 0.001947 0.001446 0.041206
v 0.001623 -0.000173 0.042137
v 0.001263 0.000332 0.042281
v 0.001560 0.001178 0.041931
v 0.000940 -0.000538 0.042605
v 0.000574 0.000023 0.042758
v 0.000945 0.000877 0.042457
v 0.000307 -0.000806 0.043188
v -0.000100 -0.000219 0.043299
v 0.000210 0.000607 0.042905
v -0.000443 -0.001047 0.043647
v -0.000826 -0.000417 0.043823
v -0.000458 0.000398 0.043481
v -0.001233 -0.001220 0.044081
v -0.001650 -0.000558 0.044226
v -0.001251 0.000211 0.043931
v -0.002074 -0.001311 0.044457
v -0.002499 -0.000608 0.044611
v -0.002085 0.000105 0.044338
v -0.002943 -0.001311 0.044802
v -0.003390 -0.000575 0.044921
v -0.002959 0.000088 0.044689
v -0.003839 -0.001224 0.045116
v -0.004313 -0.000436 0.045161
v -0.003867 0.000170 0.044994
v -0.004792 -0.001029 0.045175
v -0.005279 -0.000234 0.045225
v -0.004821 0.000332 0.045192
v -0.005754 -0.000790 0.045223
v -0.006250 -0.000042 0.045273
v -0.005807 0.000505 0.045238
v -0.006692 -0.000586 0.045156
v -0.007178 0.000129 0.045093
v -0.006776 0.000662 0.045150
v -0.007592 -0.000392 0.044999
v -0.008056 0.000311 0.044890
v -0.007704 0.000818 0.044980
v -0.008427 -0.000181 0.044759
v -0.008934 0.000512 0.044677
v -0.008611 0.000993 0.044795
v -0.009271 0.000047 0.044561
v -0.009779 0.000700 0.044363
v -0.009528 0.001165 0.044433
v -0.010035 0.000255 0.044256
v -0.010603 0.000710 0.043957
v -0.010460 0.001187 0.044061
v -0.011393 0.000859 0.043557
v -0.011308 0.001393 0.043621
v -0.011168 0.001916 0.043687
v -0.010261 0.001695 0.044107
v -0.010960 0.002416 0.043696
v -0.010051 0.002140 0.044123
v -0.009268 0.001620 0.044480
v -0.009814 0.002593 0.044162
v -0.008981 0.002089 0.044485
v -0.008292 0.001480 0.044792
v -0.008697 0.002560 0.044448
v -0.007980 0.001976 0.044763
v -0.007349 0.001337 0.045003
v -0.007656 0.002472 0.044683
v -0.006989 0.001853 0.044936
v -0.006377 0.001198 0.045132
v -0.006622 0.002368 0.044820
v -0.005978 0.001727 0.045021
v -0.005376 0.001055 0.045168
v -0.005583 0.002254 0.044869
v -0.004955 0.001601 0.045013
v -0.004378 0.000908 0.045071
v -0.004551 0.002149 0.044810
v -0.003954 0.001488 0.044871
v -0.003417 0.000795 0.044836
v -0.003558 0.002072 0.044599
v -0.003004 0.001429 0.044582
v -0.002524 0.000769 0.044470
v -0.002623 0.002071 0.044270
v -0.002106 0.001468 0.044211
v -0.001669 0.000840 0.044063
v -0.001763 0.002178 0.043840
v -0.001306 0.001594 0.043702
v -0.000878 0.001001 0.043591
v -0.000967 0.002372 0.043365
v -0.000527 0.001798 0.043246
v -0.000173 0.001194 0.043047
v -0.000294 0.002544 0.042800
v 0.000143 0.001983 0.042673
v 0.000521 0.001417 0.042551
v 0.000358 0.002728 0.042260
v 0.000803 0.002204 0.042172
v 0.001163 0.001666 0.042031
v 0.000920 0.002916 0.041650
v 0.001337 0.002417 0.041543
v 0.001653 0.001919 0.041381
v 0.001419 0.003124 0.040974
v 0.001744 0.002643 0.040821
v 0.001009 0.003609 0.041092
v 0.000509 0.003426 0.041764
v 0.000575 0.004114 0.041208
v 0.000672 0.004801 0.040653
v 0.000116 0.004647 0.041355
v 0.000028 0.003966 0.041892
v -0.000524 0.004449 0.041941
v -0.000103 0.003263 0.042362
v -0.000632 0.003766 0.042426
v -0.001167 0.004282 0.042527
v -0.000774 0.003079 0.042892
v -0.001337 0.003566 0.042927
v -0.001905 0.004086 0.043006
v -0.001506 0.002888 0.043408
v -0.002080 0.003401 0.043442
v -0.002684 0.003929 0.043470
v -0.002316 0.002724 0.043865
v -0.002899 0.003281 0.043889
v -0.003554 0.003798 0.043807
v -0.003201 0.002656 0.044255
v -0.003834 0.003220 0.044172
v -0.004501 0.003811 0.044108
v -0.004170 0.002694 0.044540
v -0.004841 0.003282 0.044381
v -0.005540 0.003910 0.044276
v -0.005207 0.002758 0.044617
v -0.005893 0.003394 0.044490
v -0.006629 0.003992 0.044302
v -0.006255 0.002880 0.044670
v -0.006974 0.003477 0.044442
v -0.007761 0.004042 0.044252
v -0.007317 0.002967 0.044553
v -0.008092 0.003546 0.044364
v -0.008941 0.004037 0.044091
v -0.008412 0.003054 0.044449
v -0.009258 0.003549 0.044167
v -0.010178 0.003934 0.043820
v -0.009545 0.003061 0.044166
v -0.010469 0.003422 0.043804
v -0.011431 0.003656 0.043410
v -0.010739 0.002919 0.043777
v -0.011701 0.003095 0.043378
v -0.012632 0.003165 0.042886
v -0.011924 0.002521 0.043309
v -0.012843 0.002529 0.042814
v -0.013741 0.002494 0.042294
v -0.013010 0.001878 0.042765
v -0.012107 0.001935 0.043251
v -0.012204 0.001340 0.043150
v 0.015800 0.022659 0.022199
v 0.015371 0.022920 0.022199
v 0.015042 0.023112 0.022199
v 0.014550 0.023371 0.022199
v 0.013982 0.023665 0.022199
v 0.013882 0.023712 0.022199
v 0.014350 0.023475 0.022199
v 0.013982 0.023665 0.022199
v 0.013882 0.023712 0.022199
v 0.013673 0.023822 0.022199
v 0.013191 0.024072 0.022199
v 0.012506 0.024412 0.022199
v 0.011958 0.024686 0.022199
v 0.011733 0.024810 0.022199
v 0.012424 0.024453 0.022199
v 0.011958 0.024686 0.022199
v 0.017535 0.021383 0.022199
v 0.017176 0.021657 0.022199
v 0.016709 0.022020 0.022199
v 0.016387 0.022266 0.022199
v 0.016387 0.022266 0.022199
v 0.016029 0.022498 0.022199
v 0.011017 0.025126 0.022199
v 0.010963 0.025149 0.022199
v 0.010963 0.025149 0.022199
v 0.010884 0.025185 0.022199
v 0.009565 0.025759 0.022199
v 0.009425 0.025811 0.022199
v 0.009791 0.025669 0.022199
v 0.009565 0.025759 0.022199
v 0.009095 0.025934 0.022199
v 0.008644 0.026086 0.022199
v 0.018585 0.020380 0.022199
v 0.018087 0.020862 0.022199
v 0.018087 0.020862 0.022199
v 0.017701 0.021214 0.022199
v 0.008612 0.026095 0.022199
v 0.007835 0.026310 0.022199
v 0.007221 0.026470 0.022199
v 0.006994 0.026518 0.022199
v 0.007516 0.026395 0.022199
v 0.007221 0.026470 0.022199
v 0.020352 0.018426 0.022199
v 0.020108 0.018701 0.022199
v 0.019263 0.019650 0.022199
v 0.019207 0.019708 0.022199
v 0.019168 0.019747 0.022199
v 0.018978 0.019960 0.022199
v 0.019207 0.019708 0.022199
v 0.019168 0.019747 0.022199
v 0.006480 0.026620 0.022199
v 0.006143 0.026673 0.022199
v 0.005374 0.026790 0.022199
v 0.005305 0.026795 0.022199
v 0.005464 0.026775 0.022199
v 0.005374 0.026790 0.022199
v 0.004905 0.026840 0.022199
v 0.004486 0.026877 0.022199
v 0.020746 0.017967 0.022199
v 0.020352 0.018426 0.022199
v 0.021540 0.017045 0.022199
v 0.021523 0.017066 0.022199
v 0.021523 0.017066 0.022199
v 0.021464 0.017135 0.022199
v 0.004442 0.026881 0.022199
v 0.003693 0.026946 0.022199
v 0.022745 0.015469 0.022199
v 0.022429 0.015867 0.022199
v 0.021572 0.017006 0.022199
v 0.021540 0.017045 0.022199
v 0.002925 0.027029 0.022199
v 0.002186 0.027098 0.022199
v 0.003355 0.026988 0.022199
v 0.003087 0.027023 0.022199
v 0.003087 0.027023 0.022199
v 0.002925 0.027029 0.022199
v 0.024022 0.013566 0.022199
v 0.023872 0.013787 0.022199
v 0.023403 0.014591 0.022199
v 0.023377 0.014629 0.022199
v 0.001414 0.027134 0.022199
v 0.000743 0.027152 0.022199
v 0.002154 0.027100 0.022199
v 0.001654 0.027114 0.022199
v 0.001654 0.027114 0.022199
v 0.001414 0.027134 0.022199
v 0.025261 0.011326 0.022199
v 0.025094 0.011644 0.022199
v 0.024245 0.013191 0.022199
v 0.024022 0.013566 0.022199
v -0.000118 0.027116 0.022199
v -0.000344 0.027095 0.022199
v 0.000472 0.027143 0.022199
v 0.000022 0.027117 0.022199
v 0.000022 0.027117 0.022199
v -0.000118 0.027116 0.022199
v -0.001241 0.026961 0.022199
v -0.001642 0.026882 0.022199
v 0.025880 0.009586 0.022199
v 0.025711 0.010102 0.022199
v 0.025359 0.011076 0.022199
v 0.025261 0.011326 0.022199
v -0.002395 0.026676 0.022199
v -0.002972 0.026504 0.022199
v -0.001910 0.026810 0.022199
v -0.002395 0.026676 0.022199
v -0.003300 0.026430 0.022199
v -0.003917 0.026257 0.022199
v 0.026626 0.006265 0.022199
v 0.026470 0.007233 0.022199
v 0.026353 0.007838 0.022199
v 0.026119 0.008853 0.022199
v -0.004689 0.026050 0.022199
v -0.005432 0.025781 0.022199
v -0.004016 0.026230 0.022199
v -0.004689 0.026050 0.022199
v 0.026916 0.003696 0.022199
v 0.026854 0.004570 0.022199
v 0.026768 0.005421 0.022199
v 0.026626 0.006265 0.022199
v -0.006248 0.025596 0.022199
v -0.006253 0.025594 0.022199
v -0.006048 0.025641 0.022199
v -0.006243 0.025597 0.022199
v -0.006243 0.025597 0.022199
v -0.006248 0.025596 0.022199
v -0.007827 0.025041 0.022199
v -0.007836 0.025037 0.022199
v 0.026933 0.001153 0.022199
v 0.026925 0.002181 0.022199
v 0.026931 0.002730 0.022199
v 0.026916 0.003696 0.022199
v -0.007836 0.025037 0.022199
v -0.008237 0.024816 0.022199
v -0.009389 0.024195 0.022199
v -0.010118 0.023880 0.022199
v -0.008608 0.024611 0.022199
v -0.009389 0.024195 0.022199
v -0.010350 0.023767 0.022199
v -0.011070 0.023450 0.022199
v 0.026651 -0.001334 0.022199
v 0.026663 -0.001119 0.022199
v 0.026823 -0.000101 0.022199
v 0.026858 0.000260 0.022199
v -0.011889 0.022995 0.022199
v -0.012403 0.022674 0.022199
v -0.011270 0.023328 0.022199
v -0.011889 0.022995 0.022199
v -0.012988 0.022232 0.022199
v -0.013404 0.021868 0.022199
v 0.026155 -0.003688 0.022199
v 0.026260 -0.003296 0.022199
v 0.026601 -0.001596 0.022199
v 0.026651 -0.001334 0.022199
v -0.014117 0.021244 0.022199
v -0.014403 0.020978 0.022199
v -0.013766 0.021559 0.022199
v -0.014117 0.021244 0.022199
v -0.015346 0.020117 0.022199
v -0.015515 0.019955 0.022199
v 0.025456 -0.005896 0.022199
v 0.025608 -0.005469 0.022199
v 0.026052 -0.004101 0.022199
v 0.026155 -0.003688 0.022199
v -0.016240 0.019300 0.022199
v -0.016302 0.019258 0.022199
v -0.016224 0.019311 0.022199
v -0.016240 0.019300 0.022199
v -0.016202 0.019330 0.022199
v -0.016224 0.019311 0.022199
v -0.017027 0.018772 0.022199
v -0.017505 0.018463 0.022199
v -0.018463 0.017776 0.022199
v -0.018613 0.017668 0.022199
v 0.024726 -0.007960 0.022199
v 0.024854 -0.007630 0.022199
v 0.025329 -0.006299 0.022199
v 0.025456 -0.005896 0.022199
v -0.018613 0.017668 0.022199
v -0.018879 0.017414 0.022199
v -0.019312 0.017033 0.022199
v -0.019710 0.016622 0.022199
v 0.023887 -0.009888 0.022199
v 0.023921 -0.009819 0.022199
v 0.024609 -0.008225 0.022199
v 0.024726 -0.007960 0.022199
v -0.020610 0.015530 0.022199
v -0.020876 0.015159 0.022199
v -0.020537 0.015645 0.022199
v -0.020610 0.015530 0.022199
v -0.020373 0.015841 0.022199
v -0.020537 0.015645 0.022199
v 0.022886 -0.011746 0.022199
v 0.023360 -0.010975 0.022199
v 0.023867 -0.009943 0.022199
v 0.023887 -0.009888 0.022199
v 0.023725 -0.010240 0.022199
v 0.023867 -0.009943 0.022199
v -0.021501 0.014104 0.022199
v -0.021685 0.013717 0.022199
v -0.021121 0.014781 0.022199
v -0.021501 0.014104 0.022199
v 0.021659 -0.013493 0.022199
v 0.021704 -0.013433 0.022199
v 0.022602 -0.012228 0.022199
v 0.022886 -0.011746 0.022199
v -0.022277 0.012472 0.022199
v -0.022279 0.012469 0.022199
v -0.022277 0.012473 0.022199
v -0.022277 0.012472 0.022199
v -0.022276 0.012475 0.022199
v -0.022277 0.012473 0.022199
v 0.020329 -0.014884 0.022199
v 0.020931 -0.014302 0.022199
v 0.021636 -0.013517 0.022199
v 0.021659 -0.013493 0.022199
v 0.021593 -0.013566 0.022199
v 0.021636 -0.013517 0.022199
v -0.023070 0.010577 0.022199
v -0.023308 0.009992 0.022199
v -0.023005 0.010799 0.022199
v -0.023070 0.010577 0.022199
v -0.022836 0.011214 0.022199
v -0.023005 0.010799 0.022199
v 0.018195 -0.016667 0.022199
v 0.019067 -0.015960 0.022199
v 0.019655 -0.015442 0.022199
v 0.020065 -0.015112 0.022199
v 0.019265 -0.015794 0.022199
v 0.019655 -0.015442 0.022199
v 0.017033 -0.017577 0.022199
v 0.018016 -0.016831 0.022199
v 0.015831 -0.018493 0.022199
v 0.016923 -0.017657 0.022199
v 0.014677 -0.019318 0.022199
v 0.015806 -0.018513 0.022199
v -0.024071 0.007260 0.022199
v -0.024074 0.007247 0.022199
v -0.023608 0.009063 0.022199
v -0.023752 0.008628 0.022199
v -0.023336 0.009915 0.022199
v -0.023608 0.009063 0.022199
v -0.024074 0.007247 0.022199
v -0.024083 0.007199 0.022199
v -0.024247 0.006279 0.022199
v -0.024366 0.005543 0.022199
v 0.012124 -0.020998 0.022199
v 0.012681 -0.020588 0.022199
v 0.012681 -0.020588 0.022199
v 0.013205 -0.020290 0.022199
v 0.014038 -0.019766 0.022199
v 0.014583 -0.019382 0.022199
v 0.013649 -0.020035 0.022199
v 0.014038 -0.019766 0.022199
v -0.024527 0.003682 0.022199
v -0.024538 0.003110 0.022199
v -0.024435 0.004977 0.022199
v -0.024510 0.004198 0.022199
v 0.009228 -0.022321 0.022199
v 0.009502 -0.022219 0.022199
v 0.009502 -0.022219 0.022199
v 0.009907 -0.022078 0.022199
v 0.010276 -0.021943 0.022199
v 0.010710 -0.021801 0.022199
v 0.011212 -0.021442 0.022199
v 0.011648 -0.021281 0.022199
v 0.011037 -0.021563 0.022199
v 0.011212 -0.021442 0.022199
v -0.024392 0.001466 0.022199
v -0.024342 0.000957 0.022199
v -0.024493 0.002549 0.022199
v -0.024446 0.002030 0.022199
v 0.005135 -0.023272 0.022199
v 0.006369 -0.023122 0.022199
v 0.006639 -0.023082 0.022199
v 0.007094 -0.023002 0.022199
v 0.007381 -0.022901 0.022199
v 0.007597 -0.022831 0.022199
v 0.008127 -0.022699 0.022199
v 0.008145 -0.022693 0.022199
v 0.008118 -0.022701 0.022199
v 0.008127 -0.022699 0.022199
v -0.024080 -0.000283 0.022199
v -0.023860 -0.001143 0.022199
v -0.024248 0.000504 0.022199
v -0.024124 -0.000102 0.022199
v -0.015188 -0.016702 0.022199
v -0.014460 -0.017370 0.022199
v 0.002302 -0.023599 0.022199
v 0.002612 -0.023562 0.022199
v 0.002612 -0.023562 0.022199
v 0.003066 -0.023530 0.022199
v 0.003746 -0.023486 0.022199
v 0.004637 -0.023348 0.022199
v -0.023557 -0.002175 0.022199
v -0.023489 -0.002377 0.022199
v -0.023615 -0.001974 0.022199
v -0.023582 -0.002102 0.022199
v -0.023582 -0.002102 0.022199
v -0.023557 -0.002175 0.022199
v -0.017900 -0.013659 0.022199
v -0.017398 -0.014318 0.022199
v -0.016798 -0.015061 0.022199
v -0.016682 -0.015200 0.022199
v -0.016106 -0.015777 0.022199
v -0.015957 -0.015938 0.022199
v -0.015957 -0.015938 0.022199
v -0.015659 -0.016223 0.022199
v -0.014148 -0.017632 0.022199
v -0.013422 -0.018226 0.022199
v -0.013422 -0.018226 0.022199
v -0.012926 -0.018608 0.022199
v -0.011446 -0.019704 0.022199
v -0.011407 -0.019734 0.022199
v -0.011563 -0.019621 0.022199
v -0.011446 -0.019704 0.022199
v -0.010608 -0.020255 0.022199
v -0.010318 -0.020447 0.022199
v -0.009730 -0.020761 0.022199
v -0.009180 -0.021085 0.022199
v -0.008817 -0.021271 0.022199
v -0.007992 -0.021676 0.022199
v -0.000608 -0.023678 0.022199
v 0.000843 -0.023743 0.022199
v 0.000843 -0.023743 0.022199
v 0.001625 -0.023688 0.022199
v -0.022946 -0.004083 0.022199
v -0.022627 -0.004929 0.022199
v -0.023141 -0.003383 0.022199
v -0.022953 -0.004063 0.022199
v -0.022448 -0.005399 0.022199
v -0.022290 -0.005766 0.022199
v -0.022142 -0.006079 0.022199
v -0.021944 -0.006576 0.022199
v -0.021840 -0.006783 0.022199
v -0.021537 -0.007343 0.022199
v -0.021463 -0.007470 0.022199
v -0.021141 -0.008113 0.022199
v -0.021092 -0.008203 0.022199
v -0.020725 -0.008879 0.022199
v -0.020674 -0.008963 0.022199
v -0.020322 -0.009664 0.022199
v -0.020254 -0.009775 0.022199
v -0.019858 -0.010437 0.022199
v -0.019772 -0.010592 0.022199
v -0.019402 -0.011235 0.022199
v -0.019284 -0.011428 0.022199
v -0.018938 -0.012050 0.022199
v -0.018805 -0.012269 0.022199
v -0.018429 -0.012857 0.022199
v -0.018429 -0.012857 0.022199
v -0.018023 -0.013466 0.022199
v -0.006682 -0.022112 0.022199
v -0.006677 -0.022114 0.022199
v -0.006677 -0.022114 0.022199
v -0.006676 -0.022114 0.022199
v -0.005229 -0.022567 0.022199
v -0.005122 -0.022602 0.022199
v -0.003709 -0.023073 0.022199
v -0.003523 -0.023117 0.022199
v -0.001996 -0.023495 0.022199
v -0.000847 -0.023649 0.022199
v -0.002162 -0.023478 0.022199
v -0.001996 -0.023495 0.022199
v 0.015371 0.022920 0.022199
v 0.015190 0.023028 0.022199
v 0.015190 0.023028 0.022199
v 0.015042 0.023112 0.022199
v 0.014550 0.023371 0.022199
v 0.014350 0.023475 0.022199
v 0.013673 0.023822 0.022199
v 0.013191 0.024072 0.022199
v 0.012506 0.024412 0.022199
v 0.012468 0.024430 0.022199
v 0.012468 0.024430 0.022199
v 0.012424 0.024453 0.022199
v 0.011475 0.024935 0.022199
v 0.011017 0.025126 0.022199
v 0.011733 0.024810 0.022199
v 0.011475 0.024935 0.022199
v 0.017176 0.021657 0.022199
v 0.016960 0.021840 0.022199
v 0.016960 0.021840 0.022199
v 0.016709 0.022020 0.022199
v 0.016029 0.022498 0.022199
v 0.015800 0.022659 0.022199
v 0.010884 0.025185 0.022199
v 0.010199 0.025507 0.022199
v 0.010199 0.025507 0.022199
v 0.009791 0.025669 0.022199
v 0.009425 0.025811 0.022199
v 0.009095 0.025934 0.022199
v 0.008630 0.026091 0.022199
v 0.008612 0.026095 0.022199
v 0.008644 0.026086 0.022199
v 0.008630 0.026091 0.022199
v 0.018978 0.019960 0.022199
v 0.018699 0.020260 0.022199
v 0.018699 0.020260 0.022199
v 0.018653 0.020313 0.022199
v 0.018653 0.020313 0.022199
v 0.018585 0.020380 0.022199
v 0.017701 0.021214 0.022199
v 0.017535 0.021383 0.022199
v 0.007835 0.026310 0.022199
v 0.007516 0.026395 0.022199
v 0.006753 0.026573 0.022199
v 0.006480 0.026620 0.022199
v 0.006994 0.026518 0.022199
v 0.006753 0.026573 0.022199
v 0.020108 0.018701 0.022199
v 0.019778 0.019082 0.022199
v 0.019778 0.019082 0.022199
v 0.019263 0.019650 0.022199
v 0.006143 0.026673 0.022199
v 0.005464 0.026775 0.022199
v 0.005305 0.026795 0.022199
v 0.004905 0.026840 0.022199
v 0.021464 0.017135 0.022199
v 0.021043 0.017609 0.022199
v 0.021043 0.017609 0.022199
v 0.020939 0.017748 0.022199
v 0.020939 0.017748 0.022199
v 0.020746 0.017967 0.022199
v 0.003549 0.026965 0.022199
v 0.003355 0.026988 0.022199
v 0.003693 0.026946 0.022199
v 0.003549 0.026965 0.022199
v 0.004486 0.026877 0.022199
v 0.004467 0.026879 0.022199
v 0.004467 0.026879 0.022199
v 0.004442 0.026881 0.022199
v 0.022429 0.015867 0.022199
v 0.022115 0.016273 0.022199
v 0.022115 0.016273 0.022199
v 0.021572 0.017006 0.022199
v 0.002186 0.027098 0.022199
v 0.002168 0.027100 0.022199
v 0.002163 0.027100 0.022199
v 0.002154 0.027100 0.022199
v 0.002168 0.027100 0.022199
v 0.002163 0.027100 0.022199
v 0.023377 0.014629 0.022199
v 0.022745 0.015469 0.022199
v 0.023872 0.013787 0.022199
v 0.023403 0.014591 0.022199
v 0.000743 0.027152 0.022199
v 0.000647 0.027153 0.022199
v 0.000605 0.027150 0.022199
v 0.000472 0.027143 0.022199
v 0.000647 0.027153 0.022199
v 0.000605 0.027150 0.022199
v 0.025094 0.011644 0.022199
v 0.024678 0.012484 0.022199
v 0.024678 0.012484 0.022199
v 0.024245 0.013191 0.022199
v -0.000344 0.027095 0.022199
v -0.000885 0.027045 0.022199
v -0.000885 0.027045 0.022199
v -0.001241 0.026961 0.022199
v 0.026119 0.008853 0.022199
v 0.025880 0.009586 0.022199
v 0.025711 0.010102 0.022199
v 0.025359 0.011076 0.022199
v -0.002972 0.026504 0.022199
v -0.003152 0.026465 0.022199
v -0.001642 0.026882 0.022199
v -0.001910 0.026810 0.022199
v -0.003152 0.026465 0.022199
v -0.003300 0.026430 0.022199
v 0.026470 0.007233 0.022199
v 0.026421 0.007564 0.022199
v 0.026421 0.007564 0.022199
v 0.026353 0.007838 0.022199
v -0.005432 0.025781 0.022199
v -0.005449 0.025776 0.022199
v -0.003917 0.026257 0.022199
v -0.004016 0.026230 0.022199
v -0.005464 0.025772 0.022199
v -0.006048 0.025641 0.022199
v -0.005449 0.025776 0.022199
v -0.005464 0.025772 0.022199
v 0.026854 0.004570 0.022199
v 0.026847 0.004983 0.022199
v 0.026847 0.004983 0.022199
v 0.026768 0.005421 0.022199
v -0.006253 0.025594 0.022199
v -0.007050 0.025365 0.022199
v -0.007050 0.025365 0.022199
v -0.007827 0.025041 0.022199
v -0.008237 0.024816 0.022199
v -0.008600 0.024615 0.022199
v 0.026925 0.002181 0.022199
v 0.026924 0.002422 0.022199
v 0.026924 0.002422 0.022199
v 0.026931 0.002730 0.022199
v -0.010118 0.023880 0.022199
v -0.010224 0.023829 0.022199
v -0.008600 0.024615 0.022199
v -0.008608 0.024611 0.022199
v -0.010224 0.023829 0.022199
v -0.010350 0.023767 0.022199
v 0.026858 0.000260 0.022199
v 0.026933 0.001153 0.022199
v 0.026663 -0.001119 0.022199
v 0.026823 -0.000101 0.022199
v -0.012403 0.022674 0.022199
v -0.012678 0.022477 0.022199
v -0.011070 0.023450 0.022199
v -0.011270 0.023328 0.022199
v -0.012678 0.022477 0.022199
v -0.012988 0.022232 0.022199
v 0.026260 -0.003296 0.022199
v 0.026392 -0.002524 0.022199
v 0.026392 -0.002524 0.022199
v 0.026601 -0.001596 0.022199
v -0.014403 0.020978 0.022199
v -0.014811 0.020597 0.022199
v -0.013404 0.021868 0.022199
v -0.013766 0.021559 0.022199
v -0.014811 0.020597 0.022199
v -0.015346 0.020117 0.022199
v 0.025608 -0.005469 0.022199
v 0.025858 -0.004819 0.022199
v 0.025858 -0.004819 0.022199
v 0.026052 -0.004101 0.022199
v -0.015515 0.019955 0.022199
v -0.016202 0.019330 0.022199
v -0.017505 0.018463 0.022199
v -0.017835 0.018232 0.022199
v -0.016302 0.019258 0.022199
v -0.017027 0.018772 0.022199
v -0.017835 0.018232 0.022199
v -0.018463 0.017776 0.022199
v 0.024854 -0.007630 0.022199
v 0.025089 -0.006948 0.022199
v 0.025089 -0.006948 0.022199
v 0.025329 -0.006299 0.022199
v -0.019710 0.016622 0.022199
v -0.019956 0.016361 0.022199
v -0.018879 0.017414 0.022199
v -0.019312 0.017033 0.022199
v 0.023921 -0.009819 0.022199
v 0.024324 -0.008936 0.022199
v 0.024324 -0.008936 0.022199
v 0.024609 -0.008225 0.022199
v -0.019956 0.016361 0.022199
v -0.020373 0.015841 0.022199
v -0.021018 0.014955 0.022199
v -0.021059 0.014896 0.022199
v -0.020876 0.015159 0.022199
v -0.021018 0.014955 0.022199
v 0.023360 -0.010975 0.022199
v 0.023433 -0.010837 0.022199
v 0.023486 -0.010752 0.022199
v 0.023725 -0.010240 0.022199
v 0.023433 -0.010837 0.022199
v 0.023486 -0.010752 0.022199
v -0.021685 0.013717 0.022199
v -0.021889 0.013288 0.022199
v -0.021059 0.014896 0.022199
v -0.021121 0.014781 0.022199
v 0.021704 -0.013433 0.022199
v 0.022322 -0.012656 0.022199
v 0.022322 -0.012656 0.022199
v 0.022602 -0.012228 0.022199
v -0.021889 0.013288 0.022199
v -0.022276 0.012475 0.022199
v -0.022571 0.011850 0.022199
v -0.022664 0.011645 0.022199
v -0.022279 0.012469 0.022199
v -0.022571 0.011850 0.022199
v 0.020065 -0.015112 0.022199
v 0.020329 -0.014884 0.022199
v 0.021154 -0.014043 0.022199
v 0.021593 -0.013566 0.022199
v 0.020931 -0.014302 0.022199
v 0.021154 -0.014043 0.022199
v -0.022664 0.011645 0.022199
v -0.022836 0.011214 0.022199
v -0.023322 0.009956 0.022199
v -0.023327 0.009944 0.022199
v -0.023308 0.009992 0.022199
v -0.023322 0.009956 0.022199
v 0.018016 -0.016831 0.022199
v 0.018195 -0.016667 0.022199
v 0.019170 -0.015880 0.022199
v 0.019265 -0.015794 0.022199
v 0.019067 -0.015960 0.022199
v 0.019170 -0.015880 0.022199
v 0.015806 -0.018513 0.022199
v 0.015817 -0.018503 0.022199
v 0.015817 -0.018503 0.022199
v 0.015831 -0.018493 0.022199
v 0.016972 -0.017616 0.022199
v 0.017033 -0.017577 0.022199
v 0.016923 -0.017657 0.022199
v 0.016972 -0.017616 0.022199
v 0.014583 -0.019382 0.022199
v 0.014631 -0.019348 0.022199
v 0.014631 -0.019348 0.022199
v 0.014677 -0.019318 0.022199
v -0.023882 0.008173 0.022199
v -0.024071 0.007260 0.022199
v -0.023752 0.008628 0.022199
v -0.023882 0.008173 0.022199
v -0.023327 0.009944 0.022199
v -0.023336 0.009915 0.022199
v -0.024366 0.005543 0.022199
v -0.024401 0.005261 0.022199
v -0.024083 0.007199 0.022199
v -0.024247 0.006279 0.022199
v 0.011648 -0.021281 0.022199
v 0.011875 -0.021176 0.022199
v 0.011875 -0.021176 0.022199
v 0.012124 -0.020998 0.022199
v 0.013464 -0.020153 0.022199
v 0.013649 -0.020035 0.022199
v 0.013205 -0.020290 0.022199
v 0.013464 -0.020153 0.022199
v -0.024510 0.004198 0.022199
v -0.024527 0.003682 0.022199
v -0.024401 0.005261 0.022199
v -0.024435 0.004977 0.022199
v 0.008145 -0.022693 0.022199
v 0.008773 -0.022502 0.022199
v 0.008773 -0.022502 0.022199
v 0.009228 -0.022321 0.022199
v 0.010164 -0.021990 0.022199
v 0.010276 -0.021943 0.022199
v 0.009907 -0.022078 0.022199
v 0.010164 -0.021990 0.022199
v 0.010710 -0.021801 0.022199
v 0.011037 -0.021563 0.022199
v -0.024446 0.002030 0.022199
v -0.024392 0.001466 0.022199
v -0.024538 0.003110 0.022199
v -0.024493 0.002549 0.022199
v 0.006369 -0.023122 0.022199
v 0.006571 -0.023095 0.022199
v 0.006613 -0.023087 0.022199
v 0.006639 -0.023082 0.022199
v 0.006571 -0.023095 0.022199
v 0.006613 -0.023087 0.022199
v 0.007094 -0.023002 0.022199
v 0.007381 -0.022901 0.022199
v 0.007597 -0.022831 0.022199
v 0.008118 -0.022701 0.022199
v -0.024124 -0.000102 0.022199
v -0.024080 -0.000283 0.022199
v -0.024342 0.000957 0.022199
v -0.024248 0.000504 0.022199
v -0.014460 -0.017370 0.022199
v -0.014352 -0.017466 0.022199
v -0.014291 -0.017513 0.022199
v -0.014148 -0.017632 0.022199
v -0.014352 -0.017466 0.022199
v -0.014291 -0.017513 0.022199
v 0.003066 -0.023530 0.022199
v 0.003746 -0.023486 0.022199
v 0.004637 -0.023348 0.022199
v 0.005135 -0.023272 0.022199
v -0.023489 -0.002377 0.022199
v -0.023234 -0.003134 0.022199
v -0.023860 -0.001143 0.022199
v -0.023759 -0.001436 0.022199
v -0.023759 -0.001436 0.022199
v -0.023615 -0.001974 0.022199
v -0.017398 -0.014318 0.022199
v -0.017316 -0.014434 0.022199
v -0.017237 -0.014519 0.022199
v -0.016798 -0.015061 0.022199
v -0.017316 -0.014434 0.022199
v -0.017237 -0.014519 0.022199
v -0.016682 -0.015200 0.022199
v -0.016106 -0.015777 0.022199
v -0.015659 -0.016223 0.022199
v -0.015188 -0.016702 0.022199
v -0.012926 -0.018608 0.022199
v -0.012437 -0.018989 0.022199
v -0.012437 -0.018989 0.022199
v -0.011563 -0.019621 0.022199
v -0.011407 -0.019734 0.022199
v -0.010608 -0.020255 0.022199
v -0.010318 -0.020447 0.022199
v -0.009730 -0.020761 0.022199
v -0.009180 -0.021085 0.022199
v -0.008817 -0.021271 0.022199
v -0.007835 -0.021750 0.022199
v -0.006682 -0.022112 0.022199
v -0.007992 -0.021676 0.022199
v -0.007835 -0.021750 0.022199
v -0.000847 -0.023649 0.022199
v -0.000646 -0.023675 0.022199
v -0.000646 -0.023675 0.022199
v -0.000608 -0.023678 0.022199
v 0.001625 -0.023688 0.022199
v 0.002302 -0.023599 0.022199
v -0.022953 -0.004063 0.022199
v -0.022946 -0.004083 0.022199
v -0.023234 -0.003134 0.022199
v -0.023141 -0.003383 0.022199
v -0.022627 -0.004929 0.022199
v -0.022448 -0.005399 0.022199
v -0.022290 -0.005766 0.022199
v -0.022142 -0.006079 0.022199
v -0.021944 -0.006576 0.022199
v -0.021840 -0.006783 0.022199
v -0.021537 -0.007343 0.022199
v -0.021463 -0.007470 0.022199
v -0.021141 -0.008113 0.022199
v -0.021092 -0.008203 0.022199
v -0.020725 -0.008879 0.022199
v -0.020674 -0.008963 0.022199
v -0.020322 -0.009664 0.022199
v -0.020254 -0.009775 0.022199
v -0.019858 -0.010437 0.022199
v -0.019772 -0.010592 0.022199
v -0.019402 -0.011235 0.022199
v -0.019284 -0.011428 0.022199
v -0.018938 -0.012050 0.022199
v -0.018805 -0.012269 0.022199
v -0.018023 -0.013466 0.022199
v -0.017900 -0.013659 0.022199
v -0.006676 -0.022114 0.022199
v -0.005229 -0.022567 0.022199
v -0.005122 -0.022602 0.022199
v -0.003709 -0.023073 0.022199
v -0.003523 -0.023117 0.022199
v -0.002162 -0.023478 0.022199
v -0.001910 0.026810 0.022199
v -0.021537 -0.007343 0.022199
v 0.008612 0.026095 0.022199
v -0.019402 -0.011235 0.022199
v 0.016387 0.022266 0.022199
v 0.015806 -0.018513 0.022199
v -0.021501 0.014104 0.022199
v 0.020065 -0.015112 0.022199
v -0.023759 -0.001436 0.022199
v -0.007992 -0.021676 0.022199
v 0.009907 -0.022078 0.022199
v -0.011446 -0.019704 0.022199
v -0.017835 0.018232 0.022199
v 0.020931 -0.014302 0.022199
v 0.021043 0.017609 0.022199
v -0.016302 0.019258 0.022199
v 0.015831 -0.018493 0.022199
v 0.006753 0.026573 0.022199
v 0.023486 -0.010752 0.022199
v -0.018429 -0.012857 0.022199
v -0.024074 0.007247 0.022199
v -0.022953 -0.004063 0.022199
v 0.002186 0.027098 0.022199
v -0.002972 0.026504 0.022199
v -0.024366 0.005543 0.022199
v -0.018463 0.017776 0.022199
v -0.005432 0.025781 0.022199
v 0.006369 -0.023122 0.022199
v -0.001241 0.026961 0.022199
v 0.007516 0.026395 0.022199
v 0.012506 0.024412 0.022199
v -0.023882 0.008173 0.022199
v -0.015188 -0.016702 0.022199
v -0.011407 -0.019734 0.022199
v -0.023070 0.010577 0.022199
v 0.012124 -0.020998 0.022199
v 0.005374 0.026790 0.022199
v 0.023360 -0.010975 0.022199
v -0.011563 -0.019621 0.022199
v 0.016960 0.021840 0.022199
v -0.024248 0.000504 0.022199
v 0.026916 0.003696 0.022199
v -0.022571 0.011850 0.022199
v 0.007381 -0.022901 0.022199
v -0.016798 -0.015061 0.022199
v -0.017316 -0.014434 0.022199
v -0.022277 0.012473 0.022199
v 0.010199 0.025507 0.022199
v 0.016709 0.022020 0.022199
v 0.023872 0.013787 0.022199
v 0.021540 0.017045 0.022199
v -0.024071 0.007260 0.022199
v 0.013205 -0.020290 0.022199
v -0.019284 -0.011428 0.022199
v 0.008630 0.026091 0.022199
v -0.016240 0.019300 0.022199
v 0.010164 -0.021990 0.022199
v 0.018699 0.020260 0.022199
v -0.024435 0.004977 0.022199
v 0.004905 0.026840 0.022199
v 0.020329 -0.014884 0.022199
v -0.023234 -0.003134 0.022199
v -0.023557 -0.002175 0.022199
v -0.019312 0.017033 0.022199
v 0.000743 0.027152 0.022199
v 0.025711 0.010102 0.022199
v 0.019170 -0.015880 0.022199
v 0.014631 -0.019348 0.022199
v -0.018613 0.017668 0.022199
v -0.001996 -0.023495 0.022199
v -0.009730 -0.020761 0.022199
v 0.026392 -0.002524 0.022199
v -0.023308 0.009992 0.022199
v -0.020876 0.015159 0.022199
v 0.013464 -0.020153 0.022199
v 0.025608 -0.005469 0.022199
v -0.020725 -0.008879 0.022199
v 0.006480 0.026620 0.022199
v 0.003746 -0.023486 0.022199
v -0.006676 -0.022114 0.022199
v 0.026601 -0.001596 0.022199
v -0.009180 -0.021085 0.022199
v 0.020939 0.017748 0.022199
v -0.007836 0.025037 0.022199
v 0.023867 -0.009943 0.022199
v -0.016202 0.019330 0.022199
v -0.005122 -0.022602 0.022199
v -0.007050 0.025365 0.022199
v 0.002154 0.027100 0.022199
v 0.017176 0.021657 0.022199
v 0.008118 -0.022701 0.022199
v -0.023336 0.009915 0.022199
v 0.010963 0.025149 0.022199
v 0.007094 -0.023002 0.022199
v 0.026353 0.007838 0.022199
v -0.020674 -0.008963 0.022199
v -0.018938 -0.012050 0.022199
v 0.011733 0.024810 0.022199
v -0.024527 0.003682 0.022199
v -0.003709 -0.023073 0.022199
v 0.011475 0.024935 0.022199
v 0.011958 0.024686 0.022199
v 0.018653 0.020313 0.022199
v -0.015659 -0.016223 0.022199
v 0.023921 -0.009819 0.022199
v 0.004442 0.026881 0.022199
v -0.021944 -0.006576 0.022199
v 0.001654 0.027114 0.022199
v -0.023582 -0.002102 0.022199
v -0.002162 -0.023478 0.022199
v 0.018087 0.020862 0.022199
v 0.026858 0.000260 0.022199
v 0.006639 -0.023082 0.022199
v -0.017505 0.018463 0.022199
v -0.000847 -0.023649 0.022199
v -0.024401 0.005261 0.022199
v 0.012468 0.024430 0.022199
v -0.010224 0.023829 0.022199
v 0.014350 0.023475 0.022199
v -0.023608 0.009063 0.022199
v 0.002612 -0.023562 0.022199
v -0.016224 0.019311 0.022199
v -0.021685 0.013717 0.022199
v 0.006613 -0.023087 0.022199
v -0.018805 -0.012269 0.022199
v -0.000885 0.027045 0.022199
v 0.005305 0.026795 0.022199
v -0.010608 -0.020255 0.022199
v 0.026924 0.002422 0.022199
v -0.020610 0.015530 0.022199
v -0.024493 0.002549 0.022199
v -0.024342 0.000957 0.022199
v -0.004016 0.026230 0.022199
v 0.018978 0.019960 0.022199
v 0.014677 -0.019318 0.022199
v -0.005229 -0.022567 0.022199
v 0.002302 -0.023599 0.022199
v 0.011037 -0.021563 0.022199
v 0.021154 -0.014043 0.022199
v 0.010884 0.025185 0.022199
v 0.026663 -0.001119 0.022199
v 0.025089 -0.006948 0.022199
v 0.026651 -0.001334 0.022199
v 0.004637 -0.023348 0.022199
v -0.022627 -0.004929 0.022199
v 0.007597 -0.022831 0.022199
v -0.022448 -0.005399 0.022199
v 0.000843 -0.023743 0.022199
v 0.015371 0.022920 0.022199
v -0.023141 -0.003383 0.022199
v -0.004689 0.026050 0.022199
v 0.017033 -0.017577 0.022199
v 0.016923 -0.017657 0.022199
v 0.009565 0.025759 0.022199
v 0.001414 0.027134 0.022199
v 0.024726 -0.007960 0.022199
v 0.025094 0.011644 0.022199
v -0.008237 0.024816 0.022199
v -0.006253 0.025594 0.022199
v 0.023433 -0.010837 0.022199
v 0.021572 0.017006 0.022199
v -0.007835 -0.021750 0.022199
v -0.014811 0.020597 0.022199
v 0.003549 0.026965 0.022199
v -0.008608 0.024611 0.022199
v 0.026768 0.005421 0.022199
v -0.022276 0.012475 0.022199
v 0.000022 0.027117 0.022199
v -0.020254 -0.009775 0.022199
v 0.014038 -0.019766 0.022199
v -0.022279 0.012469 0.022199
v 0.003355 0.026988 0.022199
v -0.023489 -0.002377 0.022199
v -0.015515 0.019955 0.022199
v 0.018016 -0.016831 0.022199
v -0.019772 -0.010592 0.022199
v 0.009791 0.025669 0.022199
v 0.000605 0.027150 0.022199
v 0.002925 0.027029 0.022199
v -0.009389 0.024195 0.022199
v 0.018195 -0.016667 0.022199
v -0.018879 0.017414 0.022199
v 0.019263 0.019650 0.022199
v 0.008127 -0.022699 0.022199
v -0.006248 0.025596 0.022199
v 0.000472 0.027143 0.022199
v -0.006048 0.025641 0.022199
v -0.007827 0.025041 0.022199
v 0.016029 0.022498 0.022199
v -0.006243 0.025597 0.022199
v -0.013766 0.021559 0.022199
v 0.022429 0.015867 0.022199
v 0.019265 -0.015794 0.022199
v 0.003066 -0.023530 0.022199
v -0.005449 0.025776 0.022199
v -0.014291 -0.017513 0.022199
v 0.009425 0.025811 0.022199
v -0.014117 0.021244 0.022199
v -0.023615 -0.001974 0.022199
v 0.014583 -0.019382 0.022199
v 0.003693 0.026946 0.022199
v 0.011017 0.025126 0.022199
v 0.022322 -0.012656 0.022199
v 0.005464 0.026775 0.022199
v 0.025880 0.009586 0.022199
v 0.004486 0.026877 0.022199
v 0.007835 0.026310 0.022199
v 0.008644 0.026086 0.022199
v -0.022836 0.011214 0.022199
v 0.021464 0.017135 0.022199
v -0.023005 0.010799 0.022199
v 0.011212 -0.021442 0.022199
v 0.017701 0.021214 0.022199
v -0.000646 -0.023675 0.022199
v -0.012678 0.022477 0.022199
v -0.021121 0.014781 0.022199
v -0.000608 -0.023678 0.022199
v 0.006143 0.026673 0.022199
v -0.014148 -0.017632 0.022199
v 0.024324 -0.008936 0.022199
v 0.020108 0.018701 0.022199
v 0.017535 0.021383 0.022199
v 0.025456 -0.005896 0.022199
v -0.014352 -0.017466 0.022199
v -0.008600 0.024615 0.022199
v -0.024124 -0.000102 0.022199
v -0.005464 0.025772 0.022199
v 0.021593 -0.013566 0.022199
v -0.019956 0.016361 0.022199
v -0.002395 0.026676 0.022199
v -0.018023 -0.013466 0.022199
v 0.013649 -0.020035 0.022199
v 0.009228 -0.022321 0.022199
v -0.012988 0.022232 0.022199
v -0.015346 0.020117 0.022199
v 0.021523 0.017066 0.022199
v -0.014460 -0.017370 0.022199
v -0.023860 -0.001143 0.022199
v 0.026052 -0.004101 0.022199
v 0.019207 0.019708 0.022199
v 0.026626 0.006265 0.022199
v 0.012681 -0.020588 0.022199
v 0.006571 -0.023095 0.022199
v 0.015817 -0.018503 0.022199
v 0.009095 0.025934 0.022199
v 0.019168 0.019747 0.022199
v 0.021659 -0.013493 0.022199
v 0.013191 0.024072 0.022199
v -0.016106 -0.015777 0.022199
v 0.022745 0.015469 0.022199
v -0.023322 0.009956 0.022199
v 0.025261 0.011326 0.022199
v -0.021889 0.013288 0.022199
v -0.010318 -0.020447 0.022199
v -0.020373 0.015841 0.022199
v 0.022886 -0.011746 0.022199
v -0.024247 0.006279 0.022199
v 0.010710 -0.021801 0.022199
v -0.016682 -0.015200 0.022199
v 0.023887 -0.009888 0.022199
v 0.016972 -0.017616 0.022199
v 0.024854 -0.007630 0.022199
v 0.026155 -0.003688 0.022199
v 0.023377 0.014629 0.022199
v -0.006682 -0.022112 0.022199
v 0.021636 -0.013517 0.022199
v -0.024083 0.007199 0.022199
v 0.024022 0.013566 0.022199
v 0.023725 -0.010240 0.022199
v -0.011270 0.023328 0.022199
v -0.020322 -0.009664 0.022199
v 0.014550 0.023371 0.022199
v 0.025359 0.011076 0.022199
v 0.026925 0.002181 0.022199
v 0.013882 0.023712 0.022199
v -0.024446 0.002030 0.022199
v -0.000344 0.027095 0.022199
v -0.022946 -0.004083 0.022199
v 0.018585 0.020380 0.022199
v 0.009502 -0.022219 0.022199
v -0.021059 0.014896 0.022199
v 0.026470 0.007233 0.022199
v 0.011875 -0.021176 0.022199
v 0.024609 -0.008225 0.022199
v -0.019710 0.016622 0.022199
v 0.022115 0.016273 0.022199
v 0.024245 0.013191 0.022199
v 0.007221 0.026470 0.022199
v -0.001642 0.026882 0.022199
v 0.001625 -0.023688 0.022199
v -0.003523 -0.023117 0.022199
v 0.015190 0.023028 0.022199
v -0.024392 0.001466 0.022199
v 0.019655 -0.015442 0.022199
v -0.003300 0.026430 0.022199
v 0.002168 0.027100 0.022199
v 0.004467 0.026879 0.022199
v 0.000647 0.027153 0.022199
v -0.014403 0.020978 0.022199
v 0.026260 -0.003296 0.022199
v -0.021840 -0.006783 0.022199
v -0.015957 -0.015938 0.022199
v 0.020746 0.017967 0.022199
v -0.022290 -0.005766 0.022199
v 0.026933 0.001153 0.022199
v -0.024510 0.004198 0.022199
v -0.020537 0.015645 0.022199
v -0.021463 -0.007470 0.022199
v 0.008145 -0.022693 0.022199
v -0.010118 0.023880 0.022199
v -0.017900 -0.013659 0.022199
v -0.006677 -0.022114 0.022199
v 0.002163 0.027100 0.022199
v 0.013673 0.023822 0.022199
v 0.008773 -0.022502 0.022199
v 0.026119 0.008853 0.022199
v -0.021018 0.014955 0.022199
v 0.013982 0.023665 0.022199
v -0.023752 0.008628 0.022199
v -0.024080 -0.000283 0.022199
v -0.022664 0.011645 0.022199
v -0.021141 -0.008113 0.022199
v 0.015800 0.022659 0.022199
v -0.011070 0.023450 0.022199
v 0.026421 0.007564 0.022199
v -0.022142 -0.006079 0.022199
v -0.010350 0.023767 0.022199
v -0.021092 -0.008203 0.022199
v -0.024538 0.003110 0.022199
v 0.003087 0.027023 0.022199
v -0.003152 0.026465 0.022199
v -0.012926 -0.018608 0.022199
v 0.006994 0.026518 0.022199
v -0.019858 -0.010437 0.022199
v 0.026823 -0.000101 0.022199
v -0.012437 -0.018989 0.022199
v 0.005135 -0.023272 0.022199
v 0.012424 0.024453 0.022199
v 0.019067 -0.015960 0.022199
v -0.008817 -0.021271 0.022199
v 0.026847 0.004983 0.022199
v 0.025858 -0.004819 0.022199
v -0.017027 0.018772 0.022199
v -0.017237 -0.014519 0.022199
v 0.023403 0.014591 0.022199
v 0.015042 0.023112 0.022199
v 0.010276 -0.021943 0.022199
v 0.011648 -0.021281 0.022199
v -0.012403 0.022674 0.022199
v 0.019778 0.019082 0.022199
v -0.013404 0.021868 0.022199
v 0.026854 0.004570 0.022199
v -0.023327 0.009944 0.022199
v -0.022277 0.012472 0.022199
v 0.022602 -0.012228 0.022199
v 0.021704 -0.013433 0.022199
v -0.000118 0.027116 0.022199
v 0.020352 0.018426 0.022199
v 0.026931 0.002730 0.022199
v 0.025329 -0.006299 0.022199
v 0.024678 0.012484 0.022199
v -0.011889 0.022995 0.022199
v -0.017398 -0.014318 0.022199
v -0.003917 0.026257 0.022199
v -0.013422 -0.018226 0.022199
vt 0.764630 0.455220
vt 0.626580 0.423570
vt 0.624150 0.423700
vt 0.614230 0.435570
vt 0.622510 0.476040
vt 0.614520 0.481000
vt 0.628620 0.484510
vt 0.611700 0.471480
vt 0.616740 0.493770
vt 0.594020 0.473960
vt 0.609650 0.477330
vt 0.506520 0.717210
vt 0.769270 0.457730
vt 0.766660 0.463520
vt 0.761750 0.458000
vt 0.760150 0.450660
vt 0.765010 0.449400
vt 0.625890 0.416420
vt 0.628550 0.418540
vt 0.628050 0.428840
vt 0.625220 0.430820
vt 0.622890 0.415150
vt 0.622170 0.429560
vt 0.620750 0.422310
vt 0.616140 0.437450
vt 0.614200 0.439370
vt 0.612390 0.435940
vt 0.613880 0.431580
vt 0.616470 0.432940
vt 0.611070 0.431000
vt 0.625560 0.472530
vt 0.627540 0.474770
vt 0.624940 0.478030
vt 0.622010 0.471880
vt 0.624200 0.469900
vt 0.619910 0.476770
vt 0.620250 0.473120
vt 0.620520 0.481480
vt 0.618320 0.481330
vt 0.622970 0.482050
vt 0.611370 0.481890
vt 0.612400 0.480550
vt 0.614500 0.479280
vt 0.611500 0.484900
vt 0.609060 0.484250
vt 0.616350 0.477120
vt 0.617070 0.477320
vt 0.630500 0.482040
vt 0.632920 0.485410
vt 0.629930 0.487190
vt 0.626060 0.487800
vt 0.625830 0.483440
vt 0.627470 0.479650
vt 0.612500 0.471710
vt 0.613190 0.473450
vt 0.611680 0.472380
vt 0.610340 0.469410
vt 0.610910 0.469070
vt 0.618880 0.486990
vt 0.622250 0.487280
vt 0.622670 0.492430
vt 0.624730 0.497540
vt 0.619280 0.499570
vt 0.610290 0.499260
vt 0.607280 0.496570
vt 0.612540 0.491690
vt 0.615940 0.486500
vt 0.595180 0.475160
vt 0.591270 0.476520
vt 0.590710 0.474630
vt 0.590490 0.472670
vt 0.594650 0.472660
vt 0.597160 0.473900
vt 0.609740 0.478010
vt 0.607580 0.476380
vt 0.608080 0.475900
vt 0.608670 0.475490
vt 0.610460 0.477320
vt 0.611500 0.478520
vt 0.507260 0.714330
vt 0.513150 0.714450
vt 0.510250 0.718490
vt 0.503110 0.719790
vt 0.501820 0.716400
vt 0.506690 0.722750
vt 0.410560 0.656680
vt 0.411700 0.661080
vt 0.412520 0.665590
vt 0.419280 0.659730
vt 0.419900 0.664320
vt 0.420290 0.669040
vt 0.427300 0.663060
vt 0.427500 0.667830
vt 0.427620 0.672680
vt 0.420550 0.673840
vt 0.427640 0.677620
vt 0.420660 0.678770
vt 0.427490 0.682650
vt 0.404610 0.643620
vt 0.407000 0.648010
vt 0.408970 0.652360
vt 0.415160 0.646300
vt 0.416980 0.650750
vt 0.418330 0.655240
vt 0.424930 0.649190
vt 0.426120 0.653760
vt 0.426870 0.658390
vt 0.433900 0.652330
vt 0.434480 0.657030
vt 0.434740 0.661800
vt 0.442110 0.655640
vt 0.442280 0.660420
vt 0.442300 0.665220
vt 0.434830 0.666580
vt 0.442210 0.670050
vt 0.434840 0.671420
vt 0.442050 0.674920
vt 0.434760 0.676340
vt 0.441820 0.679840
vt 0.434570 0.681340
vt 0.441470 0.684840
vt 0.434220 0.686440
vt 0.440980 0.689900
vt 0.433680 0.691620
vt 0.440330 0.695070
vt 0.439520 0.700400
vt 0.399050 0.634460
vt 0.401900 0.639150
vt 0.407150 0.632550
vt 0.410130 0.637250
vt 0.412840 0.641830
vt 0.418190 0.635430
vt 0.420990 0.640060
vt 0.423230 0.644650
vt 0.428970 0.638380
vt 0.431250 0.643040
vt 0.432830 0.647710
vt 0.439230 0.641480
vt 0.440750 0.646190
vt 0.441650 0.650910
vt 0.448630 0.644600
vt 0.449440 0.649370
vt 0.449800 0.654170
vt 0.457210 0.647710
vt 0.457570 0.652510
vt 0.457710 0.657280
vt 0.449920 0.658950
vt 0.457700 0.661990
vt 0.449900 0.663720
vt 0.457550 0.666690
vt 0.449770 0.668490
vt 0.457310 0.671420
vt 0.449570 0.673280
vt 0.456980 0.676180
vt 0.449290 0.678120
vt 0.456550 0.681000
vt 0.448910 0.683020
vt 0.456020 0.685880
vt 0.448420 0.687980
vt 0.455310 0.690880
vt 0.447760 0.693060
vt 0.454370 0.696060
vt 0.446920 0.698300
vt 0.453210 0.701530
vt 0.445880 0.703820
vt 0.451990 0.707300
vt 0.397630 0.617440
vt 0.400890 0.622600
vt 0.404010 0.627710
vt 0.408780 0.620560
vt 0.411970 0.625690
vt 0.415130 0.630680
vt 0.419900 0.623730
vt 0.423150 0.628770
vt 0.426200 0.633680
vt 0.431150 0.626890
vt 0.434250 0.631870
vt 0.436990 0.636760
vt 0.442250 0.630060
vt 0.445120 0.635010
vt 0.447210 0.639860
vt 0.453050 0.633170
vt 0.455130 0.638060
vt 0.456460 0.642900
vt 0.462960 0.636130
vt 0.464270 0.641030
vt 0.464990 0.645910
vt 0.472020 0.638980
vt 0.472860 0.643830
vt 0.473430 0.648580
vt 0.465430 0.650700
vt 0.473790 0.653240
vt 0.465670 0.655400
vt 0.473920 0.657860
vt 0.465720 0.660040
vt 0.473790 0.662470
vt 0.465570 0.664680
vt 0.473430 0.667110
vt 0.465270 0.669340
vt 0.472920 0.671800
vt 0.464870 0.674050
vt 0.472320 0.676530
vt 0.464380 0.678820
vt 0.471610 0.681330
vt 0.463770 0.683650
vt 0.470690 0.686220
vt 0.462950 0.688590
vt 0.469520 0.691300
vt 0.461890 0.693720
vt 0.468110 0.696670
vt 0.460610 0.699150
vt 0.466640 0.702140
vt 0.459280 0.704770
vt 0.465280 0.707740
vt 0.458060 0.710550
vt 0.464190 0.713470
vt 0.463540 0.719310
vt 0.394270 0.612200
vt 0.398790 0.604570
vt 0.402300 0.609980
vt 0.405560 0.615360
vt 0.410110 0.607840
vt 0.413400 0.613240
vt 0.416620 0.618590
vt 0.421130 0.611230
vt 0.424480 0.616570
vt 0.427820 0.621820
vt 0.432280 0.614580
vt 0.435710 0.619840
vt 0.439060 0.625030
vt 0.443490 0.617820
vt 0.446910 0.623020
vt 0.450120 0.628170
vt 0.454670 0.620920
vt 0.457940 0.626090
vt 0.460840 0.631190
vt 0.465720 0.623860
vt 0.468550 0.628970
vt 0.470660 0.634030
vt 0.476120 0.626630
vt 0.478240 0.631730
vt 0.479750 0.636720
vt 0.485790 0.629280
vt 0.487470 0.634240
vt 0.488750 0.639070
vt 0.480800 0.641530
vt 0.489630 0.643790
vt 0.481520 0.646250
vt 0.490210 0.648450
vt 0.481980 0.650900
vt 0.490480 0.653070
vt 0.482190 0.655510
vt 0.490390 0.657700
vt 0.482080 0.660130
vt 0.490010 0.662360
vt 0.481690 0.664770
vt 0.489360 0.667060
vt 0.481100 0.669460
vt 0.488550 0.671800
vt 0.480390 0.674180
vt 0.487580 0.676600
vt 0.479560 0.678960
vt 0.486420 0.681470
vt 0.478540 0.683830
vt 0.485000 0.686470
vt 0.477230 0.688880
vt 0.483370 0.691640
vt 0.475690 0.694140
vt 0.481670 0.696810
vt 0.474090 0.699470
vt 0.480020 0.701990
vt 0.472590 0.704860
vt 0.478580 0.707220
vt 0.471330 0.710340
vt 0.477470 0.712490
vt 0.470470 0.715910
vt 0.476910 0.717830
vt 0.470210 0.721540
vt 0.391560 0.593020
vt 0.395210 0.598950
vt 0.399200 0.590770
vt 0.402950 0.596690
vt 0.406560 0.602400
vt 0.410670 0.594480
vt 0.414270 0.600190
vt 0.417750 0.605790
vt 0.421930 0.598040
vt 0.425400 0.603660
vt 0.428820 0.609220
vt 0.432990 0.601540
vt 0.436470 0.607080
vt 0.439980 0.612540
vt 0.444060 0.604900
vt 0.447640 0.610340
vt 0.451190 0.615710
vt 0.455240 0.608050
vt 0.458850 0.613400
vt 0.462390 0.618690
vt 0.466490 0.610990
vt 0.470080 0.616260
vt 0.473340 0.621500
vt 0.477620 0.613760
vt 0.480840 0.619010
vt 0.483600 0.624220
vt 0.488270 0.616490
vt 0.491080 0.621690
vt 0.493360 0.626770
vt 0.498540 0.619090
vt 0.500960 0.624100
vt 0.502960 0.628980
vt 0.495200 0.631680
vt 0.504590 0.633770
vt 0.496660 0.636490
vt 0.505820 0.638510
vt 0.497740 0.641220
vt 0.506640 0.643210
vt 0.498450 0.645890
vt 0.507060 0.647910
vt 0.498780 0.650540
vt 0.507080 0.652610
vt 0.498740 0.655220
vt 0.506700 0.657370
vt 0.498360 0.659920
vt 0.506010 0.662170
vt 0.497660 0.664660
vt 0.505070 0.666990
vt 0.496760 0.669440
vt 0.503920 0.671850
vt 0.495700 0.674250
vt 0.502560 0.676740
vt 0.494420 0.679130
vt 0.500970 0.681680
vt 0.492910 0.684080
vt 0.499190 0.686670
vt 0.491200 0.689140
vt 0.497290 0.691630
vt 0.489400 0.694180
vt 0.495380 0.696480
vt 0.487610 0.699170
vt 0.493550 0.701250
vt 0.485960 0.704140
vt 0.491910 0.705940
vt 0.484590 0.709120
vt 0.490590 0.710600
vt 0.483650 0.714130
vt 0.489830 0.715280
vt 0.483430 0.719170
vt 0.477110 0.723170
vt 0.484190 0.724160
vt 0.478290 0.728410
vt 0.392430 0.577290
vt 0.395580 0.584360
vt 0.399950 0.575580
vt 0.403240 0.582290
vt 0.406920 0.588600
vt 0.410960 0.580290
vt 0.414700 0.586400
vt 0.418360 0.592330
vt 0.422470 0.584220
vt 0.426060 0.590100
vt 0.429550 0.595890
vt 0.433660 0.587900
vt 0.437070 0.593680
vt 0.440520 0.599370
vt 0.444510 0.591430
vt 0.448030 0.597070
vt 0.451600 0.602640
vt 0.455490 0.594710
vt 0.459120 0.600220
vt 0.462810 0.605660
vt 0.466610 0.597720
vt 0.470350 0.603110
vt 0.474050 0.608480
vt 0.477810 0.600560
vt 0.481520 0.605900
vt 0.485040 0.611240
vt 0.488920 0.603330
vt 0.492430 0.608650
vt 0.495660 0.613950
vt 0.499780 0.606040
vt 0.503060 0.611250
vt 0.506030 0.616370
vt 0.510490 0.608400
vt 0.513570 0.613360
vt 0.516250 0.618230
vt 0.508610 0.621290
vt 0.518520 0.623060
vt 0.510770 0.626120
vt 0.520350 0.627880
vt 0.512520 0.630900
vt 0.521790 0.632710
vt 0.513850 0.635660
vt 0.522850 0.637550
vt 0.514810 0.640420
vt 0.523500 0.642400
vt 0.515340 0.645160
vt 0.523640 0.647280
vt 0.515420 0.649930
vt 0.523320 0.652200
vt 0.515050 0.654770
vt 0.522650 0.657140
vt 0.514370 0.659630
vt 0.521650 0.662120
vt 0.513390 0.664530
vt 0.520390 0.667120
vt 0.512170 0.669460
vt 0.518950 0.672110
vt 0.510760 0.674390
vt 0.517340 0.677080
vt 0.509140 0.679320
vt 0.515500 0.682020
vt 0.507310 0.684270
vt 0.513530 0.686880
vt 0.505350 0.689170
vt 0.511490 0.691590
vt 0.503350 0.693940
vt 0.509480 0.696190
vt 0.501390 0.698570
vt 0.507480 0.700560
vt 0.499530 0.703040
vt 0.505510 0.704740
vt 0.497830 0.707390
vt 0.503610 0.708820
vt 0.496500 0.711700
vt 0.502200 0.712710
vt 0.495930 0.715950
vt 0.490000 0.719930
vt 0.496610 0.720060
vt 0.491430 0.724420
vt 0.486070 0.728940
vt 0.494140 0.728630
vt 0.489010 0.733440
vt 0.390920 0.560970
vt 0.390670 0.569440
vt 0.397370 0.560420
vt 0.397860 0.568280
vt 0.403840 0.559810
vt 0.405030 0.567040
vt 0.407510 0.573890
vt 0.412300 0.565580
vt 0.415220 0.572000
vt 0.418770 0.578240
vt 0.423030 0.570000
vt 0.426600 0.576090
vt 0.430190 0.582060
vt 0.434390 0.573940
vt 0.437830 0.579860
vt 0.441150 0.585710
vt 0.445460 0.577650
vt 0.448650 0.583410
vt 0.451960 0.589100
vt 0.456170 0.581090
vt 0.459440 0.586680
vt 0.462940 0.592260
vt 0.466970 0.584230
vt 0.470480 0.589710
vt 0.474090 0.595200
vt 0.477980 0.587210
vt 0.481560 0.592620
vt 0.485230 0.598010
vt 0.489010 0.590070
vt 0.492630 0.595410
vt 0.496270 0.600750
vt 0.500030 0.592790
vt 0.503620 0.598070
vt 0.507140 0.603310
vt 0.510990 0.595260
vt 0.514560 0.600340
vt 0.517990 0.605290
vt 0.522100 0.597080
vt 0.525570 0.601850
vt 0.528720 0.606600
vt 0.521140 0.610120
vt 0.531420 0.611410
vt 0.523860 0.614940
vt 0.533730 0.616300
vt 0.526180 0.619780
vt 0.535640 0.621270
vt 0.528070 0.624680
vt 0.537180 0.626320
vt 0.529570 0.629610
vt 0.538410 0.631410
vt 0.530730 0.634580
vt 0.539240 0.636530
vt 0.531470 0.639570
vt 0.539610 0.641680
vt 0.531710 0.644580
vt 0.539520 0.646820
vt 0.531470 0.649610
vt 0.538980 0.651970
vt 0.530840 0.654640
vt 0.538060 0.657130
vt 0.529860 0.659710
vt 0.536850 0.662300
vt 0.528610 0.664780
vt 0.535410 0.667480
vt 0.527160 0.669850
vt 0.533780 0.672640
vt 0.525550 0.674900
vt 0.531960 0.677780
vt 0.523740 0.679900
vt 0.529970 0.682840
vt 0.521790 0.684800
vt 0.527850 0.687820
vt 0.519750 0.689570
vt 0.525650 0.692650
vt 0.517690 0.694160
vt 0.523360 0.697360
vt 0.515610 0.698560
vt 0.520970 0.701940
vt 0.513430 0.702800
vt 0.518420 0.706360
vt 0.511070 0.706990
vt 0.515790 0.710510
vt 0.508890 0.710830
vt 0.525200 0.706410
vt 0.522210 0.711130
vt 0.518970 0.715790
vt 0.528250 0.711950
vt 0.524630 0.717170
vt 0.520740 0.722410
vt 0.515410 0.720510
vt 0.516540 0.727760
vt 0.511460 0.725410
vt 0.512050 0.733220
vt 0.507130 0.730530
vt 0.502560 0.727500
vt 0.502370 0.735780
vt 0.497930 0.732440
vt 0.498840 0.723950
vt 0.507250 0.738780
vt 0.386510 0.543660
vt 0.392720 0.543690
vt 0.391810 0.552360
vt 0.398960 0.543700
vt 0.398100 0.552130
vt 0.405240 0.543610
vt 0.404430 0.551820
vt 0.411570 0.543310
vt 0.410840 0.551250
vt 0.410480 0.558860
vt 0.417520 0.550280
vt 0.417610 0.557300
vt 0.419850 0.563780
vt 0.425130 0.555620
vt 0.427660 0.561810
vt 0.430910 0.567940
vt 0.435500 0.559790
vt 0.438760 0.565810
vt 0.442140 0.571800
vt 0.446540 0.563680
vt 0.449840 0.569590
vt 0.453050 0.575410
vt 0.457500 0.567370
vt 0.460640 0.573100
vt 0.463710 0.578720
vt 0.468190 0.570750
vt 0.471280 0.576290
vt 0.474510 0.581780
vt 0.478830 0.573900
vt 0.482080 0.579310
vt 0.485480 0.584710
vt 0.489590 0.576830
vt 0.492960 0.582170
vt 0.496450 0.587500
vt 0.500430 0.579600
vt 0.503860 0.584840
vt 0.507400 0.590080
vt 0.511270 0.582100
vt 0.514800 0.587200
vt 0.518450 0.592210
vt 0.522320 0.584060
vt 0.526050 0.588850
vt 0.529750 0.593550
vt 0.533760 0.585260
vt 0.537460 0.589830
vt 0.540850 0.594460
vt 0.533220 0.598210
vt 0.543820 0.599190
vt 0.536290 0.602920
vt 0.546370 0.604050
vt 0.538920 0.607750
vt 0.548590 0.609040
vt 0.541190 0.612690
vt 0.550490 0.614130
vt 0.543100 0.617750
vt 0.552120 0.619290
vt 0.544680 0.622870
vt 0.553460 0.624490
vt 0.545970 0.628030
vt 0.554470 0.629730
vt 0.546890 0.633240
vt 0.555120 0.635020
vt 0.547400 0.638470
vt 0.555320 0.640350
vt 0.547470 0.643710
vt 0.555040 0.645770
vt 0.547090 0.648970
vt 0.554280 0.651270
vt 0.546260 0.654280
vt 0.553120 0.656840
vt 0.545080 0.659630
vt 0.551620 0.662440
vt 0.543630 0.664980
vt 0.549840 0.668060
vt 0.541920 0.670330
vt 0.547810 0.673670
vt 0.540000 0.675670
vt 0.545560 0.679260
vt 0.537900 0.680990
vt 0.543110 0.684830
vt 0.535640 0.686250
vt 0.540450 0.690400
vt 0.533220 0.691450
vt 0.537610 0.695930
vt 0.530670 0.696550
vt 0.534670 0.701360
vt 0.528000 0.701550
vt 0.531600 0.706700
vt 0.541060 0.701290
vt 0.537700 0.707060
vt 0.534100 0.712820
vt 0.543660 0.707530
vt 0.539870 0.713630
vt 0.535860 0.719690
vt 0.530230 0.718470
vt 0.531670 0.725710
vt 0.526130 0.724140
vt 0.527320 0.731740
vt 0.521820 0.729850
vt 0.522800 0.737810
vt 0.517290 0.735620
vt 0.518090 0.743940
vt 0.512540 0.741450
vt 0.523850 0.746300
vt 0.388340 0.525760
vt 0.387510 0.534700
vt 0.394640 0.525990
vt 0.393710 0.534880
vt 0.400850 0.526250
vt 0.399890 0.535070
vt 0.406990 0.526490
vt 0.406070 0.535170
vt 0.413110 0.526620
vt 0.412300 0.535090
vt 0.419280 0.526550
vt 0.418600 0.534780
vt 0.418020 0.542730
vt 0.425010 0.534150
vt 0.424630 0.541810
vt 0.424480 0.549020
vt 0.431390 0.540560
vt 0.431640 0.547430
vt 0.432790 0.553750
vt 0.438990 0.545530
vt 0.440630 0.551630
vt 0.443360 0.557680
vt 0.448360 0.549500
vt 0.451140 0.555520
vt 0.454270 0.561520
vt 0.458850 0.553340
vt 0.461930 0.559270
vt 0.465080 0.565110
vt 0.469510 0.557010
vt 0.472610 0.562770
vt 0.475710 0.568390
vt 0.480100 0.560450
vt 0.483200 0.566010
vt 0.486350 0.571450
vt 0.490650 0.563600
vt 0.493810 0.568980
vt 0.497070 0.574310
vt 0.501250 0.566450
vt 0.504520 0.571730
vt 0.507870 0.576950
vt 0.511970 0.569070
vt 0.515320 0.574150
vt 0.518740 0.579150
vt 0.522810 0.571120
vt 0.526290 0.575930
vt 0.529960 0.580650
vt 0.533940 0.572460
vt 0.537690 0.577010
vt 0.541510 0.581540
vt 0.545410 0.573300
vt 0.549160 0.577780
vt 0.552710 0.582370
vt 0.545150 0.586090
vt 0.555880 0.587080
vt 0.548430 0.590730
vt 0.558660 0.591920
vt 0.551280 0.595510
vt 0.561090 0.596880
vt 0.553760 0.600430
vt 0.563310 0.601890
vt 0.555960 0.605440
vt 0.565240 0.606960
vt 0.557860 0.610550
vt 0.566910 0.612090
vt 0.559520 0.615690
vt 0.568360 0.617280
vt 0.560920 0.620890
vt 0.569480 0.622610
vt 0.562000 0.626180
vt 0.570260 0.628050
vt 0.562740 0.631530
vt 0.570550 0.633600
vt 0.563000 0.636960
vt 0.570270 0.639360
vt 0.562750 0.642550
vt 0.569500 0.645320
vt 0.562040 0.648260
vt 0.568250 0.651450
vt 0.560860 0.654080
vt 0.566630 0.657630
vt 0.559300 0.659970
vt 0.564680 0.663860
vt 0.557430 0.665890
vt 0.562440 0.670120
vt 0.555300 0.671810
vt 0.559890 0.676390
vt 0.552910 0.677720
vt 0.557010 0.682680
vt 0.550230 0.683650
vt 0.553910 0.688970
vt 0.547320 0.689590
vt 0.550660 0.695210
vt 0.544260 0.695470
vt 0.547260 0.701410
vt 0.556850 0.695090
vt 0.553270 0.701630
vt 0.549520 0.708130
vt 0.559150 0.701990
vt 0.555300 0.708770
vt 0.551320 0.715510
vt 0.545590 0.714550
vt 0.547220 0.722140
vt 0.541510 0.720920
vt 0.543020 0.728720
vt 0.537300 0.727220
vt 0.538720 0.735280
vt 0.532960 0.733520
vt 0.534310 0.741900
vt 0.528480 0.739890
vt 0.529730 0.748610
vt 0.540330 0.743810
vt 0.535850 0.750720
vt 0.389150 0.508080
vt 0.388880 0.516890
vt 0.395770 0.508390
vt 0.395360 0.517150
vt 0.402290 0.508640
vt 0.401720 0.517400
vt 0.408690 0.508880
vt 0.407950 0.517660
vt 0.414930 0.509160
vt 0.414060 0.517940
vt 0.421040 0.509420
vt 0.420160 0.518090
vt 0.427120 0.509550
vt 0.426320 0.518010
vt 0.425550 0.526220
vt 0.432570 0.517620
vt 0.431960 0.525550
vt 0.431540 0.533210
vt 0.438490 0.524580
vt 0.438230 0.531950
vt 0.438340 0.538970
vt 0.445110 0.530410
vt 0.445470 0.537110
vt 0.446480 0.543440
vt 0.452710 0.535200
vt 0.453980 0.541370
vt 0.456050 0.547370
vt 0.461500 0.539300
vt 0.463700 0.545230
vt 0.466500 0.551150
vt 0.471350 0.543140
vt 0.474100 0.548960
vt 0.477040 0.554750
vt 0.481630 0.546790
vt 0.484530 0.552460
vt 0.487560 0.558090
vt 0.491970 0.550160
vt 0.494980 0.555680
vt 0.498070 0.561110
vt 0.502360 0.553250
vt 0.505440 0.558590
vt 0.508680 0.563850
vt 0.512770 0.556040
vt 0.516060 0.561180
vt 0.519430 0.566210
vt 0.523480 0.558260
vt 0.526910 0.563100
vt 0.530380 0.567830
vt 0.534430 0.559770
vt 0.537980 0.564340
vt 0.541650 0.568820
vt 0.545580 0.560720
vt 0.549290 0.565120
vt 0.553040 0.569550
vt 0.556820 0.561380
vt 0.560480 0.565800
vt 0.564040 0.570360
vt 0.556700 0.574080
vt 0.567370 0.575060
vt 0.560120 0.578720
vt 0.570430 0.579870
vt 0.563190 0.583510
vt 0.573210 0.584730
vt 0.565960 0.588380
vt 0.575700 0.589680
vt 0.568430 0.593330
vt 0.577940 0.594700
vt 0.570660 0.598320
vt 0.579930 0.599790
vt 0.572610 0.603390
vt 0.581630 0.605030
vt 0.574300 0.608530
vt 0.583040 0.610400
vt 0.575740 0.613780
vt 0.584110 0.615950
vt 0.576880 0.619190
vt 0.584850 0.621690
vt 0.577630 0.624760
vt 0.585050 0.627650
vt 0.577900 0.630480
vt 0.584560 0.633850
vt 0.577540 0.636420
vt 0.583500 0.640300
vt 0.576630 0.642630
vt 0.582070 0.646940
vt 0.575320 0.649020
vt 0.580320 0.653680
vt 0.573630 0.655500
vt 0.578180 0.660500
vt 0.571590 0.662040
vt 0.575690 0.667400
vt 0.569210 0.668630
vt 0.572880 0.674360
vt 0.566520 0.675260
vt 0.569760 0.681320
vt 0.563500 0.681910
vt 0.566400 0.688260
vt 0.560260 0.688530
vt 0.562870 0.695180
vt 0.572370 0.688250
vt 0.568750 0.695410
vt 0.564980 0.702520
vt 0.574590 0.695850
vt 0.570790 0.703130
vt 0.566870 0.710380
vt 0.561060 0.709550
vt 0.562900 0.717540
vt 0.557070 0.716500
vt 0.558900 0.724600
vt 0.553000 0.723380
vt 0.554860 0.731600
vt 0.548850 0.730200
vt 0.550750 0.738580
vt 0.544630 0.736990
vt 0.546550 0.745610
vt 0.557100 0.740020
vt 0.553030 0.747190
vt 0.559740 0.748610
vt 0.562990 0.757180
vt 0.389300 0.490580
vt 0.389320 0.499320
vt 0.396220 0.491010
vt 0.396060 0.499690
vt 0.403010 0.491310
vt 0.402720 0.499960
vt 0.409680 0.491500
vt 0.409260 0.500180
vt 0.416190 0.491650
vt 0.415640 0.500380
vt 0.422540 0.491850
vt 0.421870 0.500630
vt 0.428750 0.492110
vt 0.427970 0.500850
vt 0.434870 0.492360
vt 0.434050 0.500940
vt 0.433260 0.509410
vt 0.440210 0.500860
vt 0.439530 0.509010
vt 0.438940 0.516940
vt 0.445910 0.508410
vt 0.445470 0.516020
vt 0.445160 0.523380
vt 0.452120 0.514980
vt 0.451980 0.522020
vt 0.452130 0.528770
vt 0.458910 0.520590
vt 0.459260 0.527060
vt 0.460040 0.533270
vt 0.466480 0.525330
vt 0.467450 0.531360
vt 0.469040 0.537260
vt 0.474860 0.529500
vt 0.476530 0.535300
vt 0.478920 0.541050
vt 0.484020 0.533340
vt 0.486440 0.538960
vt 0.489130 0.544570
vt 0.493950 0.536860
vt 0.496570 0.542370
vt 0.499390 0.547830
vt 0.503990 0.540150
vt 0.506740 0.545480
vt 0.509700 0.550750
vt 0.514030 0.543090
vt 0.517030 0.548170
vt 0.520150 0.553270
vt 0.524420 0.545410
vt 0.527620 0.550280
vt 0.530970 0.555080
vt 0.535070 0.547210
vt 0.538470 0.551770
vt 0.541990 0.556260
vt 0.546010 0.548330
vt 0.549530 0.552680
vt 0.553160 0.557010
vt 0.557090 0.549000
vt 0.560660 0.553230
vt 0.564230 0.557550
vt 0.568070 0.549380
vt 0.571480 0.553650
vt 0.574880 0.558080
vt 0.567760 0.562000
vt 0.578250 0.562680
vt 0.571210 0.566600
vt 0.581530 0.567380
vt 0.574510 0.571290
vt 0.584560 0.572210
vt 0.577560 0.576100
vt 0.587360 0.577110
vt 0.580360 0.580960
vt 0.589870 0.582140
vt 0.582870 0.585930
vt 0.592100 0.587370
vt 0.585120 0.591010
vt 0.594010 0.592810
vt 0.587110 0.596240
vt 0.595610 0.598480
vt 0.588770 0.601660
vt 0.596920 0.604390
vt 0.590120 0.607270
vt 0.597910 0.610480
vt 0.591150 0.613070
vt 0.598480 0.616800
vt 0.591830 0.619060
vt 0.598440 0.623420
vt 0.591920 0.625300
vt 0.597690 0.630360
vt 0.591280 0.631840
vt 0.596420 0.637430
vt 0.590080 0.638590
vt 0.594810 0.644550
vt 0.588540 0.645470
vt 0.592870 0.651750
vt 0.586690 0.652450
vt 0.590560 0.659050
vt 0.584460 0.659540
vt 0.587930 0.666400
vt 0.581880 0.666690
vt 0.585010 0.673750
vt 0.579000 0.673870
vt 0.581780 0.681130
vt 0.575820 0.681070
vt 0.578290 0.688530
vt 0.587710 0.681460
vt 0.584180 0.688980
vt 0.580480 0.696480
vt 0.590150 0.689610
vt 0.586440 0.697200
vt 0.582640 0.704760
vt 0.576650 0.703910
vt 0.578800 0.712230
vt 0.572760 0.711300
vt 0.575030 0.719590
vt 0.568860 0.718590
vt 0.571300 0.726860
vt 0.564990 0.725780
vt 0.567510 0.734100
vt 0.561080 0.732900
vt 0.563670 0.741360
vt 0.574200 0.735160
vt 0.570520 0.742460
vt 0.566780 0.749820
vt 0.577690 0.743380
vt 0.574160 0.750720
vt 0.570560 0.758160
vt 0.581910 0.751350
vt 0.578420 0.758790
vt 0.586500 0.759240
vt 0.396190 0.473730
vt 0.396220 0.482330
vt 0.403250 0.474120
vt 0.403150 0.482670
vt 0.410230 0.474360
vt 0.409970 0.482850
vt 0.417100 0.474500
vt 0.416660 0.482960
vt 0.423830 0.474690
vt 0.423180 0.483140
vt 0.430390 0.475040
vt 0.429530 0.483440
vt 0.436780 0.475550
vt 0.435760 0.483840
vt 0.443080 0.476170
vt 0.441950 0.484280
vt 0.441020 0.492560
vt 0.448180 0.484670
vt 0.447250 0.492640
vt 0.446500 0.500600
vt 0.453600 0.492600
vt 0.452930 0.500210
vt 0.452450 0.507690
vt 0.459520 0.499690
vt 0.459110 0.506850
vt 0.458900 0.513850
vt 0.465910 0.505910
vt 0.465810 0.512600
vt 0.465970 0.519090
vt 0.472820 0.511340
vt 0.473110 0.517560
vt 0.473770 0.523600
vt 0.480320 0.516060
vt 0.481080 0.521910
vt 0.482280 0.527640
vt 0.488430 0.520250
vt 0.489720 0.525830
vt 0.491570 0.531330
vt 0.497220 0.524000
vt 0.499170 0.529350
vt 0.501470 0.534720
vt 0.506650 0.527380
vt 0.508890 0.532590
vt 0.511320 0.537900
vt 0.516250 0.530520
vt 0.518680 0.535570
vt 0.521400 0.540530
vt 0.526120 0.533090
vt 0.528820 0.537870
vt 0.531850 0.542530
vt 0.536370 0.535020
vt 0.539370 0.539500
vt 0.542610 0.543940
vt 0.546970 0.536360
vt 0.550200 0.540570
vt 0.553600 0.544760
vt 0.557830 0.537090
vt 0.561180 0.541150
vt 0.564640 0.545220
vt 0.568810 0.537480
vt 0.572230 0.541430
vt 0.575520 0.545500
vt 0.579810 0.537600
vt 0.582930 0.541610
vt 0.585850 0.545800
vt 0.578660 0.549750
vt 0.588930 0.550210
vt 0.581900 0.554150
vt 0.592080 0.554730
vt 0.585230 0.558740
vt 0.595310 0.559460
vt 0.588430 0.563480
vt 0.598250 0.564400
vt 0.591500 0.568260
vt 0.600920 0.569500
vt 0.594230 0.573250
vt 0.603290 0.574890
vt 0.596690 0.578440
vt 0.605290 0.580560
vt 0.598820 0.583880
vt 0.606980 0.586560
vt 0.600640 0.589560
vt 0.608410 0.592840
vt 0.602160 0.595540
vt 0.609590 0.599400
vt 0.603410 0.601740
vt 0.610440 0.606220
vt 0.604340 0.608180
vt 0.610790 0.613400
vt 0.604790 0.614920
vt 0.610560 0.620880
vt 0.604630 0.621990
vt 0.609770 0.628490
vt 0.603820 0.629290
vt 0.608560 0.636120
vt 0.602570 0.636650
vt 0.606960 0.643750
vt 0.600940 0.644020
vt 0.604980 0.651390
vt 0.598950 0.651460
vt 0.602640 0.659030
vt 0.596600 0.658930
vt 0.599950 0.666680
vt 0.593940 0.666430
vt 0.596970 0.674330
vt 0.590980 0.673940
vt 0.593700 0.681990
vt 0.603030 0.674830
vt 0.599750 0.682570
vt 0.596220 0.690330
vt 0.605920 0.683200
vt 0.602410 0.691020
vt 0.598780 0.698790
vt 0.592530 0.698020
vt 0.595150 0.706430
vt 0.588780 0.705630
vt 0.591560 0.713940
vt 0.585060 0.713120
vt 0.588080 0.721360
vt 0.581430 0.720510
vt 0.584630 0.728730
vt 0.577840 0.727860
vt 0.581170 0.736090
vt 0.591750 0.729410
vt 0.588500 0.736740
vt 0.585250 0.744060
vt 0.596230 0.737080
vt 0.593190 0.744380
vt 0.589980 0.751760
vt 0.601360 0.744460
vt 0.598210 0.751960
vt 0.594720 0.759650
vt 0.606470 0.752050
vt 0.603000 0.759890
vt 0.611340 0.759990
vt 0.397150 0.457140
vt 0.396450 0.465320
vt 0.404290 0.457610
vt 0.403590 0.465760
vt 0.411380 0.457960
vt 0.410670 0.466060
vt 0.418440 0.458260
vt 0.417660 0.466270
vt 0.425470 0.458610
vt 0.424570 0.466500
vt 0.432430 0.459130
vt 0.431330 0.466900
vt 0.439220 0.459860
vt 0.437920 0.467530
vt 0.445850 0.460770
vt 0.444380 0.468310
vt 0.452350 0.461760
vt 0.450750 0.469160
vt 0.449370 0.476800
vt 0.457100 0.469950
vt 0.455680 0.477380
vt 0.454510 0.484950
vt 0.462080 0.477810
vt 0.460940 0.485080
vt 0.460100 0.492410
vt 0.467500 0.485070
vt 0.466750 0.492070
vt 0.466240 0.499050
vt 0.473500 0.491640
vt 0.473050 0.498340
vt 0.472820 0.504920
vt 0.479940 0.497580
vt 0.479800 0.503900
vt 0.479930 0.510070
vt 0.486860 0.502840
vt 0.487080 0.508780
vt 0.487590 0.514580
vt 0.494260 0.507510
vt 0.494870 0.513110
vt 0.495850 0.518590
vt 0.502220 0.511630
vt 0.503260 0.516940
vt 0.504720 0.522160
vt 0.510720 0.515250
vt 0.512200 0.520330
vt 0.514080 0.525380
vt 0.519720 0.518450
vt 0.521550 0.523360
vt 0.523730 0.528240
vt 0.529120 0.521210
vt 0.531270 0.525880
vt 0.533670 0.530470
vt 0.538880 0.523410
vt 0.541290 0.527790
vt 0.544010 0.532060
vt 0.548990 0.524990
vt 0.551650 0.529040
vt 0.554630 0.533050
vt 0.559390 0.525920
vt 0.562330 0.529660
vt 0.565510 0.533510
vt 0.570160 0.526250
vt 0.573260 0.529940
vt 0.576550 0.533710
vt 0.581000 0.526430
vt 0.584270 0.530070
vt 0.587430 0.533890
vt 0.591690 0.526350
vt 0.594800 0.530260
vt 0.597730 0.534340
vt 0.590380 0.537950
vt 0.600530 0.538580
vt 0.593220 0.542210
vt 0.603360 0.542970
vt 0.596120 0.546520
vt 0.606210 0.547530
vt 0.599140 0.551080
vt 0.608990 0.552280
vt 0.602160 0.555770
vt 0.611510 0.557450
vt 0.604910 0.560790
vt 0.613790 0.562940
vt 0.607440 0.566070
vt 0.615840 0.568800
vt 0.609660 0.571670
vt 0.617520 0.575060
vt 0.611520 0.577610
vt 0.618920 0.581670
vt 0.613060 0.583890
vt 0.620180 0.588630
vt 0.614400 0.590520
vt 0.621190 0.595900
vt 0.615500 0.597430
vt 0.621890 0.603480
vt 0.616250 0.604680
vt 0.622170 0.611340
vt 0.616550 0.612250
vt 0.621970 0.619360
vt 0.616320 0.620040
vt 0.621340 0.627420
vt 0.615600 0.627910
vt 0.620270 0.635490
vt 0.614450 0.635770
vt 0.618800 0.643560
vt 0.612900 0.643630
vt 0.616920 0.651620
vt 0.610960 0.651480
vt 0.614680 0.659620
vt 0.608650 0.659310
vt 0.612120 0.667520
vt 0.606000 0.667090
vt 0.609210 0.675370
vt 0.618300 0.667890
vt 0.615450 0.675830
vt 0.612240 0.683780
vt 0.621810 0.676070
vt 0.618680 0.684080
vt 0.615320 0.692030
vt 0.608760 0.691670
vt 0.611950 0.699850
vt 0.605250 0.699450
vt 0.608620 0.707490
vt 0.601750 0.707100
vt 0.605370 0.715020
vt 0.598320 0.714630
vt 0.602260 0.722430
vt 0.595000 0.722050
vt 0.599250 0.729780
vt 0.609890 0.722320
vt 0.607090 0.729690
vt 0.604280 0.737090
vt 0.615130 0.729210
vt 0.612450 0.736720
vt 0.609620 0.744360
vt 0.620620 0.736120
vt 0.617820 0.743960
vt 0.614750 0.751960
vt 0.626020 0.743370
vt 0.623000 0.751550
vt 0.619730 0.759840
vt 0.631290 0.750880
vt 0.628140 0.759310
vt 0.636680 0.758380
vt 0.399330 0.441170
vt 0.398160 0.449090
vt 0.406670 0.441750
vt 0.405360 0.449600
vt 0.413890 0.442340
vt 0.412490 0.450040
vt 0.421090 0.443000
vt 0.419610 0.450500
vt 0.428300 0.443730
vt 0.426730 0.451040
vt 0.435480 0.444560
vt 0.433810 0.451710
vt 0.442550 0.445530
vt 0.440770 0.452550
vt 0.449470 0.446600
vt 0.447560 0.453550
vt 0.456190 0.447730
vt 0.454170 0.454630
vt 0.462760 0.448900
vt 0.460650 0.455720
vt 0.458770 0.462720
vt 0.467080 0.456790
vt 0.465160 0.463640
vt 0.463510 0.470630
vt 0.471610 0.464440
vt 0.469970 0.471210
vt 0.468610 0.478080
vt 0.476560 0.471630
vt 0.475230 0.478230
vt 0.474220 0.484900
vt 0.481980 0.478310
vt 0.480980 0.484700
vt 0.480330 0.491150
vt 0.487860 0.484450
vt 0.487230 0.490610
vt 0.486920 0.496760
vt 0.494210 0.490100
vt 0.493940 0.495980
vt 0.493970 0.501790
vt 0.501030 0.495240
vt 0.501110 0.500770
vt 0.501500 0.506240
vt 0.508370 0.499760
vt 0.508810 0.504960
vt 0.509620 0.510100
vt 0.516230 0.503690
vt 0.517060 0.508620
vt 0.518250 0.513510
vt 0.524580 0.507060
vt 0.525760 0.511790
vt 0.527290 0.516480
vt 0.533350 0.509960
vt 0.534890 0.514460
vt 0.536770 0.518930
vt 0.542540 0.512350
vt 0.544380 0.516630
vt 0.546570 0.520860
vt 0.552080 0.514220
vt 0.554310 0.518160
vt 0.556770 0.522070
vt 0.562120 0.515510
vt 0.564570 0.519150
vt 0.567250 0.522680
vt 0.572350 0.516020
vt 0.575050 0.519420
vt 0.577940 0.522810
vt 0.582640 0.515910
vt 0.585510 0.519240
vt 0.588590 0.522670
vt 0.592800 0.515410
vt 0.595790 0.518840
vt 0.598860 0.522540
vt 0.602760 0.514860
vt 0.605750 0.518660
vt 0.608730 0.522720
vt 0.601900 0.526500
vt 0.611650 0.526970
vt 0.604820 0.530660
vt 0.614560 0.531380
vt 0.607670 0.534990
vt 0.617410 0.535960
vt 0.610510 0.539450
vt 0.620030 0.540870
vt 0.613240 0.544130
vt 0.622310 0.546170
vt 0.615770 0.549140
vt 0.624280 0.551900
vt 0.618020 0.554510
vt 0.626070 0.557940
vt 0.620030 0.560250
vt 0.627650 0.564410
vt 0.621850 0.566400
vt 0.628980 0.571260
vt 0.623340 0.572970
vt 0.630190 0.578410
vt 0.624630 0.579900
vt 0.631270 0.585880
vt 0.625790 0.587140
vt 0.632210 0.593620
vt 0.626750 0.594690
vt 0.632870 0.601610
vt 0.627420 0.602530
vt 0.633190 0.609780
vt 0.627710 0.610580
vt 0.633110 0.618060
vt 0.627560 0.618740
vt 0.632650 0.626400
vt 0.627020 0.626970
vt 0.631760 0.634800
vt 0.626040 0.635230
vt 0.630460 0.643220
vt 0.624650 0.643480
vt 0.628810 0.651610
vt 0.622860 0.651720
vt 0.626850 0.659870
vt 0.620750 0.659870
vt 0.624570 0.668010
vt 0.632970 0.659490
vt 0.630850 0.667710
vt 0.628300 0.675910
vt 0.637210 0.666870
vt 0.634850 0.675120
vt 0.632130 0.683260
vt 0.625300 0.683980
vt 0.629170 0.691240
vt 0.622110 0.691950
vt 0.626230 0.699020
vt 0.618940 0.699740
vt 0.623310 0.706680
vt 0.615810 0.707380
vt 0.620480 0.714230
vt 0.612760 0.714920
vt 0.617800 0.721750
vt 0.628370 0.713190
vt 0.625790 0.720770
vt 0.623270 0.728430
vt 0.633870 0.719640
vt 0.631370 0.727420
vt 0.628810 0.735350
vt 0.639500 0.726210
vt 0.636930 0.734310
vt 0.634220 0.742580
vt 0.645080 0.732990
vt 0.642430 0.741390
vt 0.639660 0.749890
vt 0.650740 0.739800
vt 0.648120 0.748360
vt 0.645380 0.757000
vt 0.656760 0.746300
vt 0.654230 0.754920
vt 0.651630 0.763600
vt 0.663330 0.752250
vt 0.660900 0.760920
vt 0.670220 0.757910
vt 0.402390 0.426240
vt 0.400720 0.433540
vt 0.410090 0.426920
vt 0.408250 0.434180
vt 0.417580 0.427730
vt 0.415610 0.434910
vt 0.424930 0.428720
vt 0.422900 0.435740
vt 0.432240 0.429820
vt 0.430160 0.436670
vt 0.439540 0.430940
vt 0.437420 0.437660
vt 0.446760 0.432060
vt 0.444570 0.438730
vt 0.453820 0.433200
vt 0.451570 0.439840
vt 0.460680 0.434420
vt 0.458370 0.441020
vt 0.467370 0.435710
vt 0.465010 0.442250
vt 0.473910 0.437090
vt 0.471510 0.443530
vt 0.469220 0.450080
vt 0.477920 0.444850
vt 0.475600 0.451260
vt 0.473510 0.457790
vt 0.482030 0.452380
vt 0.479970 0.458700
vt 0.478150 0.465110
vt 0.486530 0.459540
vt 0.484770 0.465720
vt 0.483270 0.471970
vt 0.491480 0.466260
vt 0.490030 0.472280
vt 0.488840 0.478320
vt 0.496870 0.472520
vt 0.495730 0.478330
vt 0.494830 0.484200
vt 0.502640 0.478370
vt 0.501790 0.483990
vt 0.501270 0.489630
vt 0.508800 0.483790
vt 0.508350 0.489160
vt 0.508230 0.494490
vt 0.515510 0.488630
vt 0.515490 0.493690
vt 0.515760 0.498710
vt 0.522830 0.492820
vt 0.523170 0.497590
vt 0.523760 0.502320
vt 0.530590 0.496370
vt 0.531220 0.500900
vt 0.532140 0.505420
vt 0.538700 0.499410
vt 0.539670 0.503730
vt 0.540990 0.508040
vt 0.547210 0.501950
vt 0.548570 0.506060
vt 0.550220 0.510130
vt 0.556120 0.503950
vt 0.557830 0.507810
vt 0.559890 0.511660
vt 0.565450 0.505360
vt 0.567540 0.508980
vt 0.569850 0.512550
vt 0.575030 0.506020
vt 0.577370 0.509330
vt 0.579940 0.512640
vt 0.584660 0.505930
vt 0.587210 0.509010
vt 0.589950 0.512160
vt 0.594270 0.505180
vt 0.596980 0.508160
vt 0.599830 0.511360
vt 0.603790 0.503890
vt 0.606660 0.507170
vt 0.609610 0.510860
vt 0.613240 0.502990
vt 0.616160 0.507210
vt 0.619000 0.511550
vt 0.612520 0.514900
vt 0.621730 0.515980
vt 0.615390 0.519140
vt 0.624530 0.520490
vt 0.618270 0.523500
vt 0.627420 0.525130
vt 0.621220 0.528010
vt 0.630160 0.530070
vt 0.624040 0.532800
vt 0.632460 0.535440
vt 0.626490 0.537990
vt 0.634340 0.541290
vt 0.628540 0.543620
vt 0.635890 0.547480
vt 0.630260 0.549590
vt 0.637260 0.554040
vt 0.631820 0.555930
vt 0.638500 0.560970
vt 0.633220 0.562650
vt 0.639650 0.568180
vt 0.634430 0.569720
vt 0.640730 0.575660
vt 0.635560 0.577060
vt 0.641790 0.583370
vt 0.636600 0.584680
vt 0.642780 0.591290
vt 0.637550 0.592540
vt 0.643520 0.599420
vt 0.638230 0.600620
vt 0.643960 0.607680
vt 0.638600 0.608860
vt 0.644030 0.616060
vt 0.638600 0.617210
vt 0.643760 0.624570
vt 0.638230 0.625630
vt 0.643070 0.633130
vt 0.637430 0.634130
vt 0.642020 0.641690
vt 0.636240 0.642660
vt 0.640700 0.650180
vt 0.634750 0.651140
vt 0.639160 0.658560
vt 0.646740 0.648790
vt 0.645370 0.657140
vt 0.643680 0.665520
vt 0.651720 0.655290
vt 0.650200 0.663650
vt 0.648340 0.672020
vt 0.641550 0.673830
vt 0.646200 0.680300
vt 0.639110 0.682050
vt 0.643840 0.688420
vt 0.636450 0.690070
vt 0.641400 0.696360
vt 0.633750 0.697880
vt 0.638890 0.704190
vt 0.631040 0.705590
vt 0.636400 0.711950
vt 0.646740 0.702400
vt 0.644370 0.710330
vt 0.642000 0.718270
vt 0.652350 0.708380
vt 0.650030 0.716510
vt 0.647640 0.724730
vt 0.658060 0.714430
vt 0.655720 0.722840
vt 0.653300 0.731330
vt 0.663850 0.720550
vt 0.661560 0.729120
vt 0.659230 0.737730
vt 0.669990 0.726380
vt 0.667840 0.735000
vt 0.665640 0.743670
vt 0.676610 0.731750
vt 0.674610 0.740430
vt 0.672560 0.749170
vt 0.683600 0.736910
vt 0.681630 0.745730
vt 0.679510 0.754710
vt 0.690640 0.742160
vt 0.688570 0.751260
vt 0.686180 0.760610
vt 0.677010 0.763820
vt 0.406480 0.412090
vt 0.404320 0.419110
vt 0.414280 0.412950
vt 0.412110 0.419880
vt 0.421990 0.413910
vt 0.419760 0.420760
vt 0.429490 0.415050
vt 0.427180 0.421860
vt 0.436810 0.416340
vt 0.434500 0.423070
vt 0.444080 0.417640
vt 0.441790 0.424290
vt 0.451360 0.418870
vt 0.449050 0.425450
vt 0.458560 0.420070
vt 0.456180 0.426620
vt 0.465560 0.421370
vt 0.463090 0.427880
vt 0.472340 0.422850
vt 0.469820 0.429240
vt 0.478980 0.424520
vt 0.476400 0.430750
vt 0.485520 0.426340
vt 0.482880 0.432380
vt 0.480370 0.438550
vt 0.489300 0.434100
vt 0.486750 0.440080
vt 0.484340 0.446170
vt 0.493150 0.441610
vt 0.490760 0.447490
vt 0.488560 0.453460
vt 0.497260 0.448770
vt 0.495110 0.454500
vt 0.493200 0.460320
vt 0.501750 0.455510
vt 0.499900 0.461090
vt 0.498290 0.466760
vt 0.506670 0.461850
vt 0.505100 0.467280
vt 0.503780 0.472790
vt 0.511930 0.467770
vt 0.510610 0.473080
vt 0.509600 0.478410
vt 0.517500 0.473280
vt 0.516530 0.478400
vt 0.515880 0.483520
vt 0.523540 0.478290
vt 0.523000 0.483150
vt 0.522800 0.488000
vt 0.530220 0.482660
vt 0.530100 0.487230
vt 0.530250 0.491790
vt 0.537450 0.486380
vt 0.537620 0.490720
vt 0.538050 0.495070
vt 0.544960 0.489580
vt 0.545430 0.493700
vt 0.546190 0.497830
vt 0.552780 0.492320
vt 0.553600 0.496210
vt 0.554730 0.500060
vt 0.561000 0.494440
vt 0.562190 0.498070
vt 0.563690 0.501730
vt 0.569590 0.495900
vt 0.571130 0.499300
vt 0.572940 0.502670
vt 0.578350 0.496600
vt 0.580200 0.499710
vt 0.582320 0.502840
vt 0.587200 0.496650
vt 0.589340 0.499490
vt 0.591720 0.502320
vt 0.596060 0.496000
vt 0.598440 0.498470
vt 0.601030 0.501060
vt 0.604700 0.494430
vt 0.602320 0.492360
vt 0.607770 0.488660
vt 0.610120 0.490150
vt 0.613800 0.485540
vt 0.616520 0.481150
vt 0.618250 0.477160
vt 0.618830 0.473860
vt 0.617770 0.474430
vt 0.617510 0.472000
vt 0.618530 0.471280
vt 0.616850 0.474840
vt 0.616630 0.472560
vt 0.615620 0.470130
vt 0.616520 0.469440
vt 0.616050 0.475140
vt 0.615820 0.473040
vt 0.614790 0.470690
vt 0.612960 0.467860
vt 0.613880 0.467240
vt 0.615060 0.473400
vt 0.613970 0.471080
vt 0.612190 0.468300
vt 0.609840 0.465110
vt 0.610670 0.464570
vt 0.613250 0.471480
vt 0.611520 0.468720
vt 0.609050 0.465620
vt 0.606130 0.462190
vt 0.606980 0.461610
vt 0.608370 0.466110
vt 0.605360 0.462700
vt 0.602020 0.458810
vt 0.602960 0.458270
vt 0.607770 0.466550
vt 0.604660 0.463200
vt 0.601140 0.459330
vt 0.598020 0.455080
vt 0.599090 0.454520
vt 0.604010 0.463700
vt 0.600290 0.459910
vt 0.596950 0.455770
vt 0.593500 0.452270
vt 0.594730 0.451420
vt 0.599430 0.460590
vt 0.595860 0.456570
vt 0.592340 0.453210
vt 0.588160 0.449920
vt 0.589520 0.448690
vt 0.594870 0.457450
vt 0.591210 0.454210
vt 0.586730 0.451340
vt 0.581670 0.449030
vt 0.583240 0.447160
vt 0.589840 0.455390
vt 0.585300 0.453040
vt 0.580210 0.451010
vt 0.574500 0.449210
vt 0.576110 0.446840
vt 0.584060 0.454790
vt 0.578940 0.453160
vt 0.573010 0.451760
vt 0.567010 0.450100
vt 0.568700 0.447200
vt 0.577660 0.455550
vt 0.571620 0.454470
vt 0.565470 0.453120
vt 0.559280 0.451620
vt 0.561020 0.448300
vt 0.570360 0.457330
vt 0.564090 0.456260
vt 0.557740 0.455070
vt 0.551370 0.453810
vt 0.553070 0.450080
vt 0.562870 0.459490
vt 0.556340 0.458580
vt 0.549840 0.457640
vt 0.543270 0.456710
vt 0.544930 0.452640
vt 0.555130 0.462130
vt 0.548450 0.461500
vt 0.541810 0.460820
vt 0.535130 0.460050
vt 0.536740 0.455670
vt 0.547280 0.465420
vt 0.540470 0.465010
vt 0.533710 0.464480
vt 0.526930 0.463910
vt 0.528510 0.459210
vt 0.539340 0.469250
vt 0.532420 0.469000
vt 0.525580 0.468650
vt 0.518730 0.468230
vt 0.520240 0.463240
vt 0.531370 0.473540
vt 0.524400 0.473440
vt 0.530670 0.478100
vt 0.538450 0.473500
vt 0.537850 0.477780
vt 0.537540 0.482070
vt 0.545070 0.477380
vt 0.544810 0.481410
vt 0.544790 0.485480
vt 0.552020 0.480730
vt 0.552010 0.484560
vt 0.552280 0.488410
vt 0.559170 0.483590
vt 0.559490 0.487190
vt 0.560120 0.490820
vt 0.566640 0.485810
vt 0.567340 0.489170
vt 0.568340 0.492520
vt 0.574440 0.487280
vt 0.575470 0.490380
vt 0.576800 0.493490
vt 0.582280 0.488030
vt 0.583660 0.490900
vt 0.585300 0.493790
vt 0.590070 0.488250
vt 0.591860 0.490900
vt 0.593870 0.493520
vt 0.597880 0.488090
vt 0.600080 0.490300
vt 0.602860 0.485610
vt 0.605420 0.487180
vt 0.606510 0.483520
vt 0.600670 0.483640
vt 0.604150 0.481940
vt 0.606370 0.480730
vt 0.608800 0.481750
vt 0.607690 0.479820
vt 0.610090 0.480640
vt 0.608580 0.479110
vt 0.610840 0.479850
vt 0.612770 0.479670
vt 0.614300 0.478530
vt 0.611350 0.479180
vt 0.612820 0.478870
vt 0.614000 0.477930
vt 0.615000 0.476650
vt 0.615710 0.476920
vt 0.612470 0.478110
vt 0.613390 0.477370
vt 0.614140 0.476250
vt 0.614380 0.475130
vt 0.615300 0.475290
vt 0.612290 0.476340
vt 0.612960 0.475120
vt 0.613200 0.474430
vt 0.614280 0.473620
vt 0.610830 0.473720
vt 0.611310 0.473210
vt 0.609260 0.470410
vt 0.609860 0.469890
vt 0.608730 0.470860
vt 0.605990 0.468100
vt 0.606600 0.467550
vt 0.610140 0.474410
vt 0.607640 0.471800
vt 0.605290 0.468800
vt 0.601890 0.465820
vt 0.602540 0.465130
vt 0.606790 0.472580
vt 0.604480 0.469610
vt 0.601270 0.466490
vt 0.597370 0.462790
vt 0.597970 0.462020
vt 0.603610 0.470320
vt 0.600500 0.467140
vt 0.596780 0.463590
vt 0.592290 0.460590
vt 0.593040 0.459460
vt 0.599930 0.467890
vt 0.596270 0.464510
vt 0.591600 0.461850
vt 0.586860 0.459890
vt 0.587770 0.458100
vt 0.595690 0.465690
vt 0.590940 0.463240
vt 0.586070 0.462020
vt 0.581080 0.461350
vt 0.581940 0.458900
vt 0.590520 0.464850
vt 0.585590 0.464300
vt 0.580400 0.463840
vt 0.574610 0.463680
vt 0.575470 0.460900
vt 0.585220 0.466480
vt 0.579900 0.466390
vt 0.573910 0.466530
vt 0.567490 0.466430
vt 0.568290 0.463350
vt 0.579530 0.469030
vt 0.573390 0.469390
vt 0.566850 0.469570
vt 0.560150 0.469540
vt 0.560890 0.466130
vt 0.573080 0.472300
vt 0.566420 0.472740
vt 0.559610 0.473010
vt 0.552650 0.473180
vt 0.553290 0.469450
vt 0.566160 0.475940
vt 0.559240 0.476510
vt 0.552240 0.476940
vt 0.545590 0.473360
vt 0.559100 0.480040
vt 0.566100 0.479180
vt 0.566260 0.482470
vt 0.572980 0.478200
vt 0.573220 0.481200
vt 0.573700 0.484240
vt 0.579860 0.479700
vt 0.580400 0.482440
vt 0.581210 0.485230
vt 0.586560 0.480490
vt 0.587440 0.483000
vt 0.588600 0.485630
vt 0.592980 0.480820
vt 0.594260 0.483220
vt 0.595890 0.485770
vt 0.598970 0.481310
vt 0.597450 0.479000
vt 0.600430 0.477790
vt 0.602230 0.479910
vt 0.602150 0.476790
vt 0.604120 0.478870
vt 0.603180 0.475960
vt 0.605380 0.478070
vt 0.603920 0.475320
vt 0.606290 0.477420
vt 0.604500 0.474800
vt 0.606990 0.476880
vt 0.609250 0.478530
vt 0.605020 0.474300
vt 0.602410 0.471750
vt 0.602890 0.471080
vt 0.605540 0.473780
vt 0.602020 0.472330
vt 0.599160 0.469580
vt 0.599470 0.468730
vt 0.601600 0.472980
vt 0.598830 0.470490
vt 0.595070 0.468240
vt 0.595300 0.466920
vt 0.601040 0.473770
vt 0.598520 0.471510
vt 0.594920 0.469660
vt 0.590210 0.468560
vt 0.590270 0.466640
vt 0.598060 0.472660
vt 0.594840 0.471150
vt 0.590290 0.470560
vt 0.585110 0.471030
vt 0.585070 0.468760
vt 0.585240 0.473390
vt 0.579380 0.474340
vt 0.579350 0.471700
vt 0.585500 0.475710
vt 0.579520 0.477010
vt 0.572930 0.475240
vt 0.585930 0.478060
vt 0.592010 0.478580
vt 0.596170 0.476990
vt 0.598790 0.475750
vt 0.600220 0.474670
vt 0.606100 0.473260
vt 0.609350 0.474970
vt 0.611280 0.476970
vt 0.546330 0.469380
vt 0.554120 0.465770
vt 0.561810 0.462780
vt 0.569250 0.460310
vt 0.576480 0.458160
vt 0.582940 0.456680
vt 0.588690 0.456700
vt 0.593920 0.458410
vt 0.598660 0.461300
vt 0.603460 0.464210
vt 0.607200 0.467010
vt 0.513460 0.462570
vt 0.515150 0.457440
vt 0.521870 0.458330
vt 0.517050 0.452360
vt 0.523660 0.453480
vt 0.530240 0.454580
vt 0.525620 0.448680
vt 0.532070 0.450000
vt 0.538530 0.451310
vt 0.534120 0.445460
vt 0.540460 0.446960
vt 0.546760 0.448610
vt 0.542540 0.442750
vt 0.548770 0.444580
vt 0.554980 0.446460
vt 0.550970 0.440710
vt 0.556970 0.442900
vt 0.562880 0.445060
vt 0.559090 0.439470
vt 0.564830 0.441980
vt 0.570490 0.444460
vt 0.566910 0.439020
vt 0.572370 0.441860
vt 0.577810 0.444580
vt 0.574350 0.439450
vt 0.579530 0.442540
vt 0.584700 0.445560
vt 0.581310 0.440680
vt 0.586260 0.444120
vt 0.590930 0.447580
vt 0.587870 0.442800
vt 0.592460 0.446620
vt 0.596000 0.450590
vt 0.593770 0.445640
vt 0.597170 0.449880
vt 0.600220 0.454000
vt 0.598080 0.449270
vt 0.601380 0.453430
vt 0.603950 0.457690
vt 0.602670 0.452810
vt 0.604990 0.457080
vt 0.607880 0.461000
vt 0.606040 0.456430
vt 0.608810 0.460400
vt 0.611550 0.463970
vt 0.609830 0.459710
vt 0.612520 0.463310
vt 0.614860 0.466520
vt 0.613650 0.462470
vt 0.615910 0.465690
vt 0.617550 0.468620
vt 0.617110 0.464630
vt 0.618790 0.467570
vt 0.619830 0.470390
vt 0.620130 0.466250
vt 0.621340 0.469070
vt 0.621650 0.464560
vt 0.623060 0.467290
vt 0.623480 0.462350
vt 0.625150 0.464760
vt 0.626720 0.467100
vt 0.627740 0.461370
vt 0.629610 0.463440
vt 0.631550 0.465540
vt 0.628350 0.469330
vt 0.633680 0.467690
vt 0.630340 0.471540
vt 0.635990 0.470070
vt 0.632710 0.473900
vt 0.629910 0.476880
vt 0.635130 0.476550
vt 0.632820 0.479630
vt 0.637680 0.479750
vt 0.635140 0.482900
vt 0.640120 0.483460
vt 0.637340 0.486450
vt 0.634580 0.488900
vt 0.639460 0.490150
vt 0.636560 0.492500
vt 0.633330 0.494480
vt 0.631220 0.490800
vt 0.629430 0.496150
vt 0.627260 0.491910
vt 0.635640 0.498360
vt 0.632090 0.500280
vt 0.627610 0.502180
vt 0.634520 0.504370
vt 0.630110 0.506530
vt 0.624900 0.508820
vt 0.622230 0.504290
vt 0.632360 0.511030
vt 0.627430 0.513340
vt 0.634730 0.515650
vt 0.630060 0.517920
vt 0.637330 0.520440
vt 0.632790 0.522670
vt 0.639890 0.525510
vt 0.635450 0.527700
vt 0.642180 0.531040
vt 0.637740 0.533200
vt 0.644030 0.537070
vt 0.639560 0.539140
vt 0.645520 0.543510
vt 0.641020 0.545470
vt 0.646800 0.550310
vt 0.642280 0.552190
vt 0.648030 0.557420
vt 0.643440 0.559240
vt 0.649280 0.564770
vt 0.644600 0.566550
vt 0.650490 0.572330
vt 0.645710 0.574110
vt 0.651730 0.580070
vt 0.646830 0.581860
vt 0.652900 0.588060
vt 0.647900 0.589810
vt 0.653850 0.596240
vt 0.648720 0.597980
vt 0.654510 0.604580
vt 0.649260 0.606280
vt 0.654810 0.613070
vt 0.649430 0.614710
vt 0.654790 0.621630
vt 0.649270 0.623260
vt 0.654440 0.630160
vt 0.648730 0.631840
vt 0.653790 0.638610
vt 0.647860 0.640360
vt 0.652920 0.646970
vt 0.659810 0.636420
vt 0.659130 0.644740
vt 0.658190 0.653080
vt 0.665460 0.642160
vt 0.664710 0.650450
vt 0.663640 0.658780
vt 0.656870 0.661420
vt 0.662240 0.667120
vt 0.655250 0.669770
vt 0.660600 0.675480
vt 0.653370 0.678090
vt 0.658750 0.683800
vt 0.651290 0.686310
vt 0.656720 0.692060
vt 0.649070 0.694410
vt 0.654600 0.700270
vt 0.664370 0.689350
vt 0.662380 0.697720
vt 0.660310 0.706090
vt 0.670150 0.694880
vt 0.668180 0.703400
vt 0.666100 0.712000
vt 0.676090 0.700390
vt 0.674130 0.709070
vt 0.672120 0.717780
vt 0.682300 0.705700
vt 0.680470 0.714390
vt 0.678610 0.723110
vt 0.688920 0.710690
vt 0.687200 0.719420
vt 0.685470 0.728190
vt 0.695820 0.715500
vt 0.694190 0.724320
vt 0.692530 0.733240
vt 0.702880 0.720310
vt 0.701250 0.729360
vt 0.699540 0.738560
vt 0.709870 0.725400
vt 0.708180 0.734740
vt 0.706310 0.744240
vt 0.697520 0.747830
vt 0.704120 0.753870
vt 0.695210 0.757300
vt 0.701580 0.763690
vt 0.403970 0.397000
vt 0.401150 0.404120
vt 0.411600 0.398030
vt 0.408890 0.405050
vt 0.419220 0.399110
vt 0.416600 0.406020
vt 0.426770 0.400240
vt 0.424260 0.407080
vt 0.434230 0.401440
vt 0.431810 0.408250
vt 0.441550 0.402810
vt 0.439150 0.409570
vt 0.448790 0.404300
vt 0.446400 0.410960
vt 0.456060 0.405750
vt 0.453690 0.412290
vt 0.463370 0.407120
vt 0.460950 0.413560
vt 0.470580 0.408600
vt 0.468060 0.414940
vt 0.477590 0.410380
vt 0.474930 0.416540
vt 0.484390 0.412440
vt 0.481640 0.418400
vt 0.491050 0.414670
vt 0.488230 0.420440
vt 0.497610 0.416940
vt 0.494750 0.422530
vt 0.492000 0.428250
vt 0.501200 0.424630
vt 0.498400 0.430180
vt 0.495720 0.435830
vt 0.504770 0.432080
vt 0.502090 0.437550
vt 0.499610 0.443120
vt 0.508500 0.439220
vt 0.506080 0.444580
vt 0.503840 0.450010
vt 0.512580 0.446010
vt 0.510410 0.451230
vt 0.508460 0.456490
vt 0.519140 0.447370
vt 0.514930 0.440860
vt 0.521350 0.442400
vt 0.527790 0.443920
vt 0.523730 0.437460
vt 0.530040 0.439190
vt 0.536330 0.440950
vt 0.532480 0.434540
vt 0.538650 0.436570
vt 0.544830 0.438640
vt 0.541130 0.432260
vt 0.547210 0.434590
vt 0.553230 0.436980
vt 0.549670 0.430670
vt 0.555590 0.433330
vt 0.561340 0.436190
vt 0.558090 0.429880
vt 0.563710 0.433020
vt 0.569130 0.436210
vt 0.566200 0.430040
vt 0.571430 0.433570
vt 0.576400 0.437160
vt 0.573850 0.431090
vt 0.578570 0.435040
vt 0.583180 0.438930
vt 0.580840 0.433070
vt 0.585090 0.437360
vt 0.589430 0.441550
vt 0.587060 0.435910
vt 0.590980 0.440410
vt 0.594890 0.444680
vt 0.592590 0.439350
vt 0.596240 0.443860
vt 0.599270 0.448600
vt 0.597790 0.443020
vt 0.601060 0.447740
vt 0.603920 0.452180
vt 0.603030 0.446770
vt 0.605130 0.451390
vt 0.607170 0.455710
vt 0.606290 0.450590
vt 0.608360 0.454940
vt 0.610970 0.458930
vt 0.609630 0.454120
vt 0.612210 0.458050
vt 0.614850 0.461500
vt 0.613600 0.457030
vt 0.616140 0.460410
vt 0.618390 0.463390
vt 0.617710 0.458970
vt 0.619870 0.461810
vt 0.619480 0.457170
vt 0.621590 0.459850
vt 0.621640 0.454720
vt 0.623800 0.457030
vt 0.625840 0.459250
vt 0.626490 0.453010
vt 0.628680 0.454820
vt 0.630870 0.456600
vt 0.631920 0.448750
vt 0.634270 0.450220
vt 0.636610 0.451830
vt 0.633020 0.458420
vt 0.638920 0.453640
vt 0.635180 0.460390
vt 0.641220 0.455820
vt 0.637400 0.462580
vt 0.643590 0.458380
vt 0.639720 0.465040
vt 0.646040 0.461300
vt 0.642130 0.467810
vt 0.638420 0.472780
vt 0.644530 0.471100
vt 0.640870 0.476070
vt 0.646900 0.474710
vt 0.643240 0.479620
vt 0.649090 0.478810
vt 0.645470 0.483530
vt 0.642340 0.487290
vt 0.647640 0.487670
vt 0.644450 0.491210
vt 0.641620 0.494000
vt 0.646380 0.495470
vt 0.643470 0.498160
vt 0.640850 0.500290
vt 0.638750 0.496310
vt 0.638060 0.502250
vt 0.643010 0.504540
vt 0.640100 0.506680
vt 0.636580 0.508750
vt 0.642190 0.511320
vt 0.638740 0.513470
vt 0.644470 0.516230
vt 0.641170 0.518300
vt 0.646860 0.521450
vt 0.643630 0.523460
vt 0.649150 0.527100
vt 0.645910 0.529050
vt 0.651330 0.533110
vt 0.647930 0.535070
vt 0.653240 0.539530
vt 0.649560 0.541540
vt 0.654910 0.546300
vt 0.650980 0.548380
vt 0.656460 0.553340
vt 0.652340 0.555480
vt 0.658040 0.560560
vt 0.653740 0.562760
vt 0.659620 0.567940
vt 0.655110 0.570270
vt 0.661190 0.575600
vt 0.656510 0.578000
vt 0.662590 0.583600
vt 0.657790 0.585990
vt 0.663850 0.591790
vt 0.658880 0.594200
vt 0.664840 0.600170
vt 0.659700 0.602580
vt 0.665530 0.608660
vt 0.660170 0.611090
vt 0.665940 0.617130
vt 0.660350 0.619600
vt 0.666080 0.625540
vt 0.660230 0.628070
vt 0.665940 0.633870
vt 0.671980 0.622600
vt 0.672080 0.630900
vt 0.671910 0.639190
vt 0.678280 0.627530
vt 0.678370 0.635800
vt 0.678130 0.644060
vt 0.671390 0.647440
vt 0.677510 0.652380
vt 0.670530 0.655760
vt 0.676510 0.660790
vt 0.669340 0.664130
vt 0.675210 0.669280
vt 0.667890 0.672540
vt 0.673700 0.677830
vt 0.666230 0.680960
vt 0.672030 0.686380
vt 0.681170 0.674450
vt 0.679630 0.683080
vt 0.677960 0.691760
vt 0.687290 0.679550
vt 0.685750 0.688260
vt 0.684120 0.697020
vt 0.693640 0.684510
vt 0.692150 0.693240
vt 0.690630 0.702000
vt 0.700320 0.689180
vt 0.698910 0.697920
vt 0.697450 0.706740
vt 0.707280 0.693590
vt 0.705880 0.702450
vt 0.704480 0.711390
vt 0.714350 0.697970
vt 0.712940 0.707030
vt 0.711510 0.716210
vt 0.721340 0.702640
vt 0.719880 0.711980
vt 0.718400 0.721440
vt 0.728180 0.707770
vt 0.726680 0.717330
vt 0.725130 0.726990
vt 0.716720 0.730930
vt 0.723450 0.736720
vt 0.714940 0.740560
vt 0.721550 0.746570
vt 0.712900 0.750300
vt 0.719330 0.756570
vt 0.710510 0.760230
vt 0.411080 0.383150
vt 0.407220 0.389970
vt 0.418620 0.384390
vt 0.414800 0.391120
vt 0.426070 0.385600
vt 0.422320 0.392300
vt 0.433390 0.386850
vt 0.429770 0.393480
vt 0.440630 0.388210
vt 0.437130 0.394750
vt 0.447790 0.389720
vt 0.444400 0.396200
vt 0.454810 0.391340
vt 0.451550 0.397750
vt 0.461800 0.393040
vt 0.458690 0.399310
vt 0.468990 0.394760
vt 0.465980 0.400840
vt 0.476260 0.396610
vt 0.473270 0.402490
vt 0.483390 0.398700
vt 0.480380 0.404440
vt 0.490310 0.401040
vt 0.487270 0.406670
vt 0.497040 0.403510
vt 0.493980 0.409050
vt 0.503630 0.405960
vt 0.500570 0.411430
vt 0.510120 0.408330
vt 0.507050 0.413720
vt 0.504100 0.419150
vt 0.513410 0.415970
vt 0.510440 0.421300
vt 0.507580 0.426670
vt 0.516680 0.423420
vt 0.513840 0.428660
vt 0.511120 0.433930
vt 0.520070 0.430620
vt 0.517420 0.435720
vt 0.526310 0.432560
vt 0.522850 0.425560
vt 0.528960 0.427710
vt 0.535080 0.429950
vt 0.531770 0.422940
vt 0.537770 0.425440
vt 0.543750 0.428050
vt 0.540650 0.421060
vt 0.546490 0.423950
vt 0.552320 0.426890
vt 0.549420 0.420020
vt 0.555090 0.423270
vt 0.560760 0.426580
vt 0.558050 0.419820
vt 0.563550 0.423450
vt 0.568830 0.427240
vt 0.566460 0.420500
vt 0.571560 0.424610
vt 0.576360 0.428800
vt 0.574390 0.422160
vt 0.578970 0.426680
vt 0.583170 0.431250
vt 0.581670 0.424740
vt 0.585580 0.429650
vt 0.589100 0.434590
vt 0.588090 0.428230
vt 0.591250 0.433410
vt 0.594310 0.438380
vt 0.593470 0.432400
vt 0.596120 0.437530
vt 0.599220 0.442200
vt 0.598070 0.436800
vt 0.600740 0.441550
vt 0.604440 0.445820
vt 0.602420 0.440960
vt 0.605660 0.445200
vt 0.607530 0.449820
vt 0.607040 0.444790
vt 0.608970 0.449070
vt 0.611100 0.453230
vt 0.610710 0.448350
vt 0.612740 0.452260
vt 0.615240 0.455770
vt 0.614720 0.451020
vt 0.617120 0.454220
vt 0.617020 0.449430
vt 0.619330 0.452170
vt 0.619690 0.447230
vt 0.621930 0.449360
vt 0.624240 0.451270
vt 0.624720 0.445060
vt 0.627200 0.446020
vt 0.629660 0.447180
vt 0.630090 0.438850
vt 0.632910 0.439430
vt 0.635390 0.440700
vt 0.635390 0.430170
vt 0.638140 0.430990
vt 0.640680 0.432330
vt 0.637740 0.441970
vt 0.643010 0.434290
vt 0.640070 0.443550
vt 0.645330 0.436580
vt 0.642410 0.445420
vt 0.647710 0.439120
vt 0.644760 0.447680
vt 0.650180 0.441860
vt 0.647130 0.450310
vt 0.652470 0.445120
vt 0.649580 0.453330
vt 0.654960 0.448860
vt 0.652090 0.456670
vt 0.648580 0.464540
vt 0.655370 0.460650
vt 0.651220 0.468330
vt 0.657420 0.465070
vt 0.653220 0.472620
vt 0.659600 0.469950
vt 0.655400 0.477120
vt 0.651370 0.483070
vt 0.657610 0.481780
vt 0.653510 0.487580
vt 0.649740 0.492060
vt 0.655680 0.492320
vt 0.651880 0.496580
vt 0.648530 0.499830
vt 0.654130 0.501320
vt 0.650780 0.504450
vt 0.647860 0.507020
vt 0.645680 0.502370
vt 0.645130 0.509190
vt 0.650180 0.511980
vt 0.647360 0.514160
vt 0.652570 0.517270
vt 0.649750 0.519450
vt 0.655010 0.522860
vt 0.652100 0.525090
vt 0.657460 0.528720
vt 0.654420 0.531020
vt 0.659880 0.534840
vt 0.656610 0.537310
vt 0.662250 0.541220
vt 0.658630 0.543950
vt 0.664450 0.547910
vt 0.660470 0.550870
vt 0.666450 0.554930
vt 0.662260 0.557930
vt 0.668480 0.562150
vt 0.664060 0.565240
vt 0.670330 0.569710
vt 0.665780 0.572870
vt 0.672070 0.577520
vt 0.667350 0.580790
vt 0.673650 0.585650
vt 0.668760 0.588940
vt 0.675020 0.594050
vt 0.669940 0.597330
vt 0.676210 0.602520
vt 0.670880 0.605830
vt 0.677200 0.610920
vt 0.671560 0.614270
vt 0.677930 0.619230
vt 0.682800 0.607100
vt 0.683820 0.615440
vt 0.684500 0.623780
vt 0.689640 0.611260
vt 0.690620 0.619650
vt 0.691300 0.628030
vt 0.684860 0.632070
vt 0.691580 0.636490
vt 0.684890 0.640380
vt 0.691430 0.645010
vt 0.684490 0.648780
vt 0.690840 0.653590
vt 0.683680 0.657280
vt 0.689880 0.662230
vt 0.682530 0.665850
vt 0.688710 0.670900
vt 0.697240 0.658370
vt 0.696230 0.667070
vt 0.695060 0.675820
vt 0.703820 0.663000
vt 0.702810 0.671740
vt 0.701680 0.680500
vt 0.710670 0.667290
vt 0.709690 0.676040
vt 0.708620 0.684830
vt 0.717790 0.671160
vt 0.716820 0.680030
vt 0.715730 0.689020
vt 0.725000 0.675090
vt 0.723950 0.684200
vt 0.722770 0.693420
vt 0.732070 0.679510
vt 0.730920 0.688850
vt 0.729660 0.698310
vt 0.738980 0.684570
vt 0.737730 0.694110
vt 0.736430 0.703730
vt 0.745790 0.690240
vt 0.744510 0.699880
vt 0.743140 0.709540
vt 0.734940 0.713340
vt 0.741680 0.719230
vt 0.733440 0.723030
vt 0.740140 0.729010
vt 0.731840 0.732820
vt 0.738470 0.738900
vt 0.730070 0.742730
vt 0.736660 0.748850
vt 0.728040 0.752760
vt 0.734800 0.758680
vt 0.408020 0.366690
vt 0.414810 0.368240
vt 0.408540 0.375120
vt 0.421670 0.369660
vt 0.415840 0.376480
vt 0.428670 0.370970
vt 0.423210 0.377740
vt 0.435690 0.372300
vt 0.430490 0.378970
vt 0.442630 0.373710
vt 0.437680 0.380300
vt 0.449490 0.375280
vt 0.444750 0.381760
vt 0.456290 0.376960
vt 0.451760 0.383330
vt 0.463020 0.378800
vt 0.458680 0.385050
vt 0.469670 0.380900
vt 0.465500 0.386940
vt 0.476410 0.383030
vt 0.472500 0.388860
vt 0.483320 0.385230
vt 0.479620 0.390880
vt 0.490230 0.387570
vt 0.486670 0.393100
vt 0.497060 0.390060
vt 0.493590 0.395520
vt 0.503730 0.392630
vt 0.500300 0.398050
vt 0.510270 0.395170
vt 0.506870 0.400540
vt 0.516710 0.397700
vt 0.513350 0.402990
vt 0.523050 0.400320
vt 0.519700 0.405430
vt 0.516500 0.410670
vt 0.525870 0.408030
vt 0.522680 0.413090
vt 0.519640 0.418230
vt 0.528750 0.415620
vt 0.525740 0.420550
vt 0.534770 0.418280
vt 0.531920 0.410820
vt 0.537860 0.413760
vt 0.543710 0.416840
vt 0.541130 0.409420
vt 0.546870 0.412780
vt 0.552530 0.416250
vt 0.550210 0.408900
vt 0.555730 0.412660
vt 0.561160 0.416530
vt 0.559040 0.409300
vt 0.564330 0.413450
vt 0.569480 0.417740
vt 0.567620 0.410580
vt 0.572600 0.415190
vt 0.577330 0.419920
vt 0.575850 0.412850
vt 0.580370 0.417870
vt 0.584460 0.423010
vt 0.583510 0.416060
vt 0.587340 0.421510
vt 0.590670 0.426980
vt 0.590280 0.420200
vt 0.593320 0.425950
vt 0.595780 0.431570
vt 0.596030 0.425130
vt 0.598140 0.430940
vt 0.600090 0.436180
vt 0.600560 0.430370
vt 0.602290 0.435670
vt 0.604360 0.440390
vt 0.604660 0.435390
vt 0.606450 0.440040
vt 0.608790 0.444410
vt 0.608880 0.440070
vt 0.610950 0.444050
vt 0.612750 0.447560
vt 0.613390 0.443520
vt 0.615140 0.446510
vt 0.615900 0.442510
vt 0.617750 0.444900
vt 0.618110 0.440090
vt 0.620180 0.442080
vt 0.622410 0.443690
vt 0.621580 0.436310
vt 0.624520 0.438160
vt 0.627240 0.438490
vt 0.631540 0.429630
vt 0.631640 0.419840
vt 0.635350 0.420620
vt 0.638520 0.421820
vt 0.632390 0.409420
vt 0.635980 0.410790
vt 0.639630 0.412280
vt 0.643080 0.414100
vt 0.641540 0.423220
vt 0.636300 0.401160
vt 0.640160 0.402740
vt 0.644060 0.404540
vt 0.647850 0.406780
vt 0.646870 0.416070
vt 0.640480 0.393430
vt 0.644660 0.395280
vt 0.648890 0.397460
vt 0.652980 0.400010
vt 0.651720 0.409230
vt 0.645110 0.386240
vt 0.649650 0.388420
vt 0.654180 0.390910
vt 0.658510 0.393880
vt 0.657020 0.402880
vt 0.650140 0.379460
vt 0.655000 0.381990
vt 0.659850 0.384890
vt 0.664430 0.388350
vt 0.662760 0.397290
vt 0.655540 0.373030
vt 0.660760 0.375970
vt 0.665930 0.379370
vt 0.670740 0.383520
vt 0.668900 0.392390
vt 0.661410 0.367030
vt 0.666980 0.370490
vt 0.672480 0.374520
vt 0.677540 0.379360
vt 0.675460 0.388160
vt 0.667780 0.361550
vt 0.673710 0.365660
vt 0.679520 0.370460
vt 0.684780 0.376050
vt 0.682430 0.384700
vt 0.674740 0.356760
vt 0.680980 0.361670
vt 0.687090 0.367290
vt 0.692520 0.373790
vt 0.689850 0.382210
vt 0.682280 0.352770
vt 0.688850 0.358610
vt 0.695210 0.365300
vt 0.700750 0.372820
vt 0.697680 0.380900
vt 0.690530 0.349810
vt 0.697390 0.356750
vt 0.703920 0.364620
vt 0.709390 0.373400
vt 0.705880 0.381010
vt 0.699570 0.348210
vt 0.706600 0.356510
vt 0.713100 0.365900
vt 0.718350 0.376020
vt 0.714370 0.382850
vt 0.709400 0.348350
vt 0.716410 0.358350
vt 0.722640 0.369300
vt 0.727380 0.380600
vt 0.722960 0.386600
vt 0.719990 0.350830
vt 0.726650 0.362560
vt 0.732230 0.374820
vt 0.736220 0.386860
vt 0.731350 0.392020
vt 0.731080 0.355950
vt 0.736940 0.369070
vt 0.741580 0.382020
vt 0.744670 0.394220
vt 0.739410 0.398550
vt 0.742210 0.363630
vt 0.746950 0.377410
vt 0.750480 0.390410
vt 0.752690 0.402350
vt 0.747040 0.405730
vt 0.753020 0.373420
vt 0.756510 0.387110
vt 0.758940 0.399730
vt 0.760290 0.411230
vt 0.754240 0.413500
vt 0.763280 0.384780
vt 0.765570 0.397990
vt 0.766950 0.410030
vt 0.767440 0.421080
vt 0.760980 0.421980
vt 0.772910 0.397560
vt 0.774080 0.410080
vt 0.774470 0.421530
vt 0.774120 0.432070
vt 0.767240 0.431350
vt 0.781800 0.411700
vt 0.781910 0.423500
vt 0.781340 0.434320
vt 0.780210 0.444340
vt 0.773100 0.441760
vt 0.789720 0.427030
vt 0.788810 0.438050
vt 0.787400 0.448200
vt 0.785560 0.457680
vt 0.778500 0.453420
vt 0.796490 0.443080
vt 0.794720 0.453320
vt 0.792580 0.462810
vt 0.790090 0.471700
vt 0.783230 0.466190
vt 0.802150 0.459540
vt 0.799660 0.469060
vt 0.796880 0.477930
vt 0.793720 0.486230
vt 0.787140 0.479660
vt 0.806760 0.476250
vt 0.803630 0.485110
vt 0.800230 0.493350
vt 0.796420 0.501060
vt 0.790150 0.493630
vt 0.810330 0.493130
vt 0.806580 0.501350
vt 0.802510 0.508940
vt 0.797930 0.515980
vt 0.792130 0.507860
vt 0.812790 0.510140
vt 0.808330 0.517690
vt 0.803450 0.524500
vt 0.798100 0.530780
vt 0.792890 0.522130
vt 0.813880 0.527010
vt 0.808640 0.533780
vt 0.803050 0.539790
vt 0.797060 0.545340
vt 0.792430 0.536260
vt 0.813600 0.543430
vt 0.807660 0.549380
vt 0.801450 0.554640
vt 0.812050 0.559210
vt 0.805500 0.564390
vt 0.798770 0.569000
vt 0.794930 0.559470
vt 0.790850 0.550160
vt 0.786490 0.541220
vt 0.788280 0.563780
vt 0.784410 0.554610
vt 0.780360 0.545670
vt 0.776010 0.537100
vt 0.781860 0.532580
vt 0.777950 0.558700
vt 0.774110 0.549870
vt 0.770080 0.541210
vt 0.765790 0.532780
vt 0.771420 0.528690
vt 0.767960 0.553810
vt 0.764160 0.545190
vt 0.760210 0.536670
vt 0.756050 0.528300
vt 0.761320 0.524460
vt 0.758400 0.549050
vt 0.754690 0.540540
vt 0.750850 0.532050
vt 0.746820 0.523650
vt 0.751710 0.519960
vt 0.749320 0.544350
vt 0.745740 0.535850
vt 0.742020 0.527350
vt 0.738140 0.518900
vt 0.742690 0.515240
vt 0.740730 0.539690
vt 0.737270 0.531200
vt 0.733650 0.522700
vt 0.729920 0.514260
vt 0.734200 0.510430
vt 0.732600 0.535220
vt 0.729220 0.526770
vt 0.725740 0.518410
vt 0.722200 0.510070
vt 0.726230 0.505820
vt 0.724870 0.531200
vt 0.721570 0.522940
vt 0.718230 0.514710
vt 0.714840 0.506470
vt 0.718690 0.501720
vt 0.717410 0.527830
vt 0.714210 0.519680
vt 0.711000 0.511560
vt 0.707780 0.503510
vt 0.711550 0.498220
vt 0.710160 0.524930
vt 0.707050 0.516960
vt 0.703990 0.509140
vt 0.700940 0.501460
vt 0.704710 0.495500
vt 0.703060 0.522630
vt 0.700030 0.515050
vt 0.697090 0.507720
vt 0.694160 0.500670
vt 0.698040 0.493990
vt 0.696010 0.521090
vt 0.693060 0.514060
vt 0.690190 0.507340
vt 0.687330 0.500840
vt 0.691360 0.493890
vt 0.688970 0.520280
vt 0.686040 0.513790
vt 0.683210 0.507560
vt 0.680460 0.501470
vt 0.684620 0.494540
vt 0.681870 0.519890
vt 0.678970 0.513830
vt 0.676210 0.507920
vt 0.673540 0.502140
vt 0.677850 0.495480
vt 0.674780 0.519480
vt 0.671940 0.513730
vt 0.669240 0.508110
vt 0.666700 0.502590
vt 0.671060 0.496440
vt 0.667890 0.518690
vt 0.665150 0.513140
vt 0.662560 0.507700
vt 0.660160 0.502380
vt 0.664360 0.497160
vt 0.661430 0.517130
vt 0.658850 0.511690
vt 0.656400 0.506430
vt 0.657940 0.497220
vt 0.655560 0.514780
vt 0.653130 0.509470
vt 0.658070 0.520290
vt 0.664160 0.522700
vt 0.660670 0.525990
vt 0.666930 0.528460
vt 0.663300 0.531920
vt 0.669730 0.534480
vt 0.665940 0.538100
vt 0.672420 0.540850
vt 0.668430 0.544620
vt 0.674930 0.547560
vt 0.670710 0.551480
vt 0.677260 0.554590
vt 0.672880 0.558620
vt 0.679440 0.561980
vt 0.674890 0.566090
vt 0.681460 0.569700
vt 0.676780 0.573840
vt 0.683370 0.577760
vt 0.678520 0.581930
vt 0.685100 0.586060
vt 0.680070 0.590290
vt 0.686740 0.594430
vt 0.681510 0.598720
vt 0.688340 0.602840
vt 0.691930 0.589720
vt 0.693720 0.598130
vt 0.695360 0.606630
vt 0.699030 0.593020
vt 0.700870 0.601570
vt 0.702460 0.610220
vt 0.696640 0.615150
vt 0.703750 0.618940
vt 0.697610 0.623700
vt 0.704570 0.627740
vt 0.698160 0.632320
vt 0.705010 0.636590
vt 0.698300 0.640990
vt 0.705030 0.645440
vt 0.697980 0.649680
vt 0.704640 0.654270
vt 0.711930 0.640750
vt 0.711860 0.649670
vt 0.711470 0.658550
vt 0.719020 0.644670
vt 0.718950 0.653540
vt 0.718600 0.662380
vt 0.726380 0.648330
vt 0.726300 0.657170
vt 0.725880 0.666110
vt 0.733870 0.652090
vt 0.733650 0.661110
vt 0.733070 0.670290
vt 0.741280 0.656460
vt 0.740850 0.665730
vt 0.740100 0.675140
vt 0.748540 0.661520
vt 0.747910 0.671030
vt 0.747010 0.680660
vt 0.755670 0.667310
vt 0.754870 0.677010
vt 0.753870 0.686740
vt 0.762780 0.673730
vt 0.761860 0.683490
vt 0.760810 0.693200
vt 0.752630 0.696380
vt 0.759580 0.702780
vt 0.751320 0.706030
vt 0.758310 0.712320
vt 0.749940 0.715680
vt 0.756850 0.721820
vt 0.748440 0.725370
vt 0.755350 0.731400
vt 0.746860 0.735120
vt 0.753810 0.740960
vt 0.745240 0.744890
vt 0.752370 0.750440
vt 0.743610 0.754550
vt 0.750910 0.759760
vt 0.410600 0.348400
vt 0.416400 0.350370
vt 0.409200 0.357720
vt 0.422370 0.352170
vt 0.415340 0.359510
vt 0.428510 0.353800
vt 0.421730 0.361100
vt 0.434770 0.355400
vt 0.428240 0.362590
vt 0.441100 0.356990
vt 0.434850 0.364030
vt 0.447480 0.358650
vt 0.441500 0.365510
vt 0.453880 0.360360
vt 0.448160 0.367080
vt 0.460270 0.362240
vt 0.454780 0.368790
vt 0.466660 0.364240
vt 0.461380 0.370610
vt 0.472990 0.366490
vt 0.467910 0.372640
vt 0.479280 0.368880
vt 0.474330 0.374870
vt 0.485530 0.371440
vt 0.480780 0.377240
vt 0.491900 0.373990
vt 0.487410 0.379620
vt 0.498350 0.376570
vt 0.494140 0.382090
vt 0.504850 0.379180
vt 0.500830 0.384640
vt 0.511270 0.381890
vt 0.507390 0.387240
vt 0.517680 0.384600
vt 0.513870 0.389840
vt 0.524020 0.387460
vt 0.520260 0.392510
vt 0.530240 0.390560
vt 0.526550 0.395340
vt 0.536300 0.393960
vt 0.532680 0.398460
vt 0.529230 0.403130
vt 0.538690 0.401780
vt 0.535240 0.406210
vt 0.544560 0.405250
vt 0.542260 0.397560
vt 0.548040 0.401320
vt 0.553660 0.405220
vt 0.551660 0.397570
vt 0.557160 0.401760
vt 0.562490 0.406110
vt 0.560840 0.398490
vt 0.566040 0.403140
vt 0.571060 0.407940
vt 0.569710 0.400410
vt 0.574570 0.405510
vt 0.579210 0.410700
vt 0.578190 0.403300
vt 0.582650 0.408820
vt 0.586730 0.414470
vt 0.586150 0.407180
vt 0.589990 0.413130
vt 0.593290 0.419120
vt 0.593260 0.412080
vt 0.596250 0.418360
vt 0.598710 0.424480
vt 0.599320 0.417810
vt 0.601510 0.424160
vt 0.603110 0.430070
vt 0.604360 0.424100
vt 0.605710 0.430140
vt 0.607200 0.435340
vt 0.608340 0.430430
vt 0.609790 0.435650
vt 0.611530 0.439990
vt 0.607170 0.424380
vt 0.609980 0.424810
vt 0.608520 0.417940
vt 0.611450 0.418560
vt 0.612710 0.425550
vt 0.605520 0.417570
vt 0.603390 0.410530
vt 0.606740 0.410600
vt 0.602430 0.417560
vt 0.600000 0.410740
vt 0.597010 0.403920
vt 0.600720 0.403380
vt 0.596590 0.411290
vt 0.593340 0.404710
vt 0.589590 0.398230
vt 0.593550 0.397110
vt 0.589720 0.405810
vt 0.585710 0.399660
vt 0.581420 0.393640
vt 0.585530 0.391900
vt 0.581890 0.401350
vt 0.577410 0.395650
vt 0.572690 0.390110
vt 0.576880 0.387810
vt 0.573490 0.397920
vt 0.568620 0.392660
vt 0.563450 0.387590
vt 0.567680 0.384750
vt 0.564650 0.395460
vt 0.559390 0.390690
vt 0.553870 0.386110
vt 0.558080 0.382730
vt 0.555440 0.394010
vt 0.549850 0.389710
vt 0.544060 0.385580
vt 0.548210 0.381710
vt 0.545960 0.393540
vt 0.540120 0.389670
vt 0.534090 0.386000
vt 0.538160 0.381630
vt 0.532060 0.377940
vt 0.536410 0.373510
vt 0.542360 0.377500
vt 0.527960 0.382590
vt 0.521680 0.379500
vt 0.525940 0.374510
vt 0.519740 0.371340
vt 0.524230 0.366260
vt 0.530340 0.369760
vt 0.515430 0.376550
vt 0.509110 0.373720
vt 0.513560 0.368280
vt 0.507360 0.365360
vt 0.511970 0.359790
vt 0.518090 0.362980
vt 0.502820 0.370950
vt 0.496540 0.368300
vt 0.501230 0.362490
vt 0.495110 0.359710
vt 0.499840 0.353720
vt 0.505860 0.356730
vt 0.490370 0.365590
vt 0.484220 0.362940
vt 0.489100 0.356890
vt 0.483030 0.354200
vt 0.487960 0.347940
vt 0.493880 0.350790
vt 0.478070 0.360330
vt 0.471870 0.357940
vt 0.477000 0.351590
vt 0.470920 0.349190
vt 0.476140 0.342600
vt 0.482050 0.345220
vt 0.465660 0.355670
vt 0.459430 0.353630
vt 0.464850 0.346860
vt 0.458810 0.344740
vt 0.464330 0.337800
vt 0.470200 0.340170
vt 0.453240 0.351670
vt 0.447070 0.349890
vt 0.452830 0.342690
vt 0.446890 0.340790
vt 0.452760 0.333430
vt 0.458520 0.335580
vt 0.440970 0.348100
vt 0.434900 0.346420
vt 0.441010 0.338900
vt 0.435150 0.337130
vt 0.441360 0.329470
vt 0.447040 0.331420
vt 0.428940 0.344670
vt 0.423040 0.342920
vt 0.429370 0.335280
vt 0.423670 0.333430
vt 0.430160 0.325670
vt 0.435720 0.327600
vt 0.417280 0.340970
vt 0.411600 0.338860
vt 0.418100 0.331350
vt 0.412660 0.329130
vt 0.419520 0.321410
vt 0.424750 0.323640
vt 0.414420 0.319070
vt 0.768760 0.751530
vt 0.777910 0.748040
vt 0.759850 0.755540
vt 0.761100 0.746440
vt 0.770060 0.742770
vt 0.771350 0.733830
vt 0.780570 0.730820
vt 0.779210 0.739500
vt 0.762510 0.737250
vt 0.763960 0.727880
vt 0.772880 0.724760
vt 0.774320 0.715500
vt 0.783400 0.712780
vt 0.781980 0.721890
vt 0.765510 0.718540
vt 0.766840 0.709170
vt 0.775670 0.706240
vt 0.776670 0.696900
vt 0.785550 0.694170
vt 0.784600 0.703510
vt 0.768070 0.699800
vt 0.769050 0.690280
vt 0.777560 0.687460
vt 0.778220 0.677790
vt 0.786670 0.675010
vt 0.786200 0.684690
vt 0.770010 0.680590
vt 0.770700 0.670740
vt 0.778750 0.667910
vt 0.778760 0.657850
vt 0.786520 0.654920
vt 0.786820 0.665060
vt 0.771110 0.660800
vt 0.770920 0.650710
vt 0.778280 0.647660
vt 0.763390 0.663910
vt 0.763620 0.654030
vt 0.763130 0.644140
vt 0.770150 0.640610
vt 0.756140 0.657620
vt 0.756070 0.648020
vt 0.755250 0.638430
vt 0.761990 0.634350
vt 0.748750 0.652110
vt 0.748410 0.642790
vt 0.747380 0.633450
vt 0.753900 0.628900
vt 0.741230 0.647310
vt 0.740700 0.638220
vt 0.739540 0.629110
vt 0.745910 0.624170
vt 0.733640 0.643170
vt 0.732980 0.634260
vt 0.731780 0.625240
vt 0.738000 0.620010
vt 0.726070 0.639480
vt 0.725400 0.630540
vt 0.724230 0.621480
vt 0.730270 0.616150
vt 0.718720 0.635730
vt 0.718040 0.626750
vt 0.716880 0.617660
vt 0.722780 0.612360
vt 0.711580 0.631800
vt 0.710860 0.622820
vt 0.709660 0.613860
vt 0.715440 0.608590
vt 0.713590 0.599640
vt 0.718960 0.594240
vt 0.721000 0.603240
vt 0.708130 0.605000
vt 0.706260 0.596250
vt 0.711570 0.590830
vt 0.709340 0.582200
vt 0.714360 0.576740
vt 0.716710 0.585390
vt 0.704260 0.587660
vt 0.702090 0.579230
vt 0.707050 0.573770
vt 0.697080 0.584610
vt 0.695010 0.576270
vt 0.699900 0.570950
vt 0.690100 0.581370
vt 0.688150 0.573100
vt 0.692940 0.568050
vt 0.690770 0.560060
vt 0.695430 0.554840
vt 0.697680 0.562790
vt 0.686130 0.565070
vt 0.683980 0.557360
vt 0.688530 0.552390
vt 0.686060 0.545110
vt 0.690460 0.539800
vt 0.693050 0.547160
vt 0.681670 0.550070
vt 0.679170 0.543120
vt 0.683440 0.538190
vt 0.680620 0.531650
vt 0.684810 0.526200
vt 0.687710 0.532810
vt 0.676480 0.536540
vt 0.673650 0.530280
vt 0.677730 0.525440
vt 0.670750 0.524380
vt 0.691910 0.527080
vt 0.694820 0.534200
vt 0.698990 0.528430
vt 0.701830 0.536080
vt 0.697510 0.541710
vt 0.704550 0.543930
vt 0.700040 0.549450
vt 0.707070 0.551920
vt 0.702410 0.557410
vt 0.709530 0.560040
vt 0.704740 0.565520
vt 0.711990 0.568300
vt 0.714240 0.554610
vt 0.716790 0.562900
vt 0.719340 0.571370
vt 0.721560 0.557660
vt 0.724200 0.566170
vt 0.726800 0.574880
vt 0.721790 0.580060
vt 0.729380 0.583730
vt 0.724210 0.588920
vt 0.731830 0.592680
vt 0.726460 0.597910
vt 0.734110 0.601760
vt 0.728510 0.607020
vt 0.736210 0.610890
vt 0.739650 0.596680
vt 0.741960 0.605770
vt 0.744100 0.614950
vt 0.747720 0.600930
vt 0.750040 0.610120
vt 0.752180 0.619450
vt 0.756040 0.605660
vt 0.758340 0.615070
vt 0.760380 0.624650
vt 0.764660 0.611110
vt 0.766870 0.620790
vt 0.768770 0.630630
vt 0.773530 0.617260
vt 0.775600 0.627250
vt 0.777260 0.637420
vt 0.782560 0.624010
vt 0.784390 0.634310
vt 0.785750 0.644650
vt 0.791610 0.631030
vt 0.793210 0.641440
vt 0.794370 0.651830
vt 0.800760 0.638010
vt 0.802170 0.648540
vt 0.803100 0.659020
vt 0.794970 0.662120
vt 0.803620 0.669340
vt 0.795150 0.672220
vt 0.803770 0.679420
vt 0.794990 0.682060
vt 0.803560 0.689280
vt 0.794530 0.691700
vt 0.803040 0.698920
vt 0.793760 0.701150
vt 0.802160 0.708320
vt 0.792680 0.710420
vt 0.801050 0.717440
vt 0.791390 0.719460
vt 0.799790 0.726240
vt 0.790050 0.728250
vt 0.798440 0.734730
vt 0.788680 0.736780
vt 0.797040 0.742910
vt 0.787300 0.745090
vt 0.795680 0.750720
vt 0.785980 0.753090
vt 0.418200 0.295700
vt 0.422410 0.298060
vt 0.426600 0.300450
vt 0.417540 0.308730
vt 0.430910 0.302810
vt 0.422230 0.311120
vt 0.435370 0.305150
vt 0.427020 0.313440
vt 0.439960 0.307400
vt 0.431980 0.315650
vt 0.444670 0.309600
vt 0.437120 0.317750
vt 0.449520 0.311810
vt 0.442390 0.319770
vt 0.454530 0.314070
vt 0.447760 0.321800
vt 0.459630 0.316430
vt 0.453180 0.323910
vt 0.464840 0.318890
vt 0.458670 0.326140
vt 0.470130 0.321410
vt 0.464230 0.328490
vt 0.475530 0.323990
vt 0.469850 0.330900
vt 0.481030 0.326650
vt 0.475570 0.333420
vt 0.486620 0.329410
vt 0.481390 0.336020
vt 0.492290 0.332310
vt 0.487140 0.338750
vt 0.497960 0.335430
vt 0.492920 0.341650
vt 0.503670 0.338730
vt 0.498720 0.344690
vt 0.509480 0.342170
vt 0.504590 0.347840
vt 0.515400 0.345690
vt 0.510570 0.351090
vt 0.521430 0.349290
vt 0.516630 0.354410
vt 0.527510 0.353010
vt 0.522720 0.357860
vt 0.533580 0.356890
vt 0.528840 0.361440
vt 0.539570 0.361010
vt 0.534900 0.365270
vt 0.545500 0.365350
vt 0.540890 0.369320
vt 0.551300 0.369900
vt 0.546760 0.373590
vt 0.556970 0.374660
vt 0.552510 0.378070
vt 0.562450 0.379600
vt 0.561550 0.371510
vt 0.566920 0.376730
vt 0.572050 0.382160
vt 0.571530 0.374090
vt 0.576500 0.379820
vt 0.581170 0.385770
vt 0.581050 0.377720
vt 0.585540 0.383970
vt 0.589730 0.390420
vt 0.589980 0.382410
vt 0.593950 0.389210
vt 0.597540 0.396230
vt 0.598220 0.388320
vt 0.601520 0.395670
vt 0.604410 0.403110
vt 0.605480 0.395400
vt 0.608030 0.403190
vt 0.610040 0.410940
vt 0.611600 0.403510
vt 0.613220 0.411590
vt 0.614400 0.419370
vt 0.616410 0.412530
vt 0.617400 0.420630
vt 0.618510 0.427870
vt 0.615410 0.426550
vt 0.619240 0.434320
vt 0.619670 0.413760
vt 0.618620 0.404980
vt 0.622080 0.405960
vt 0.615130 0.404070
vt 0.609400 0.395400
vt 0.613310 0.395670
vt 0.617200 0.396150
vt 0.621020 0.396870
vt 0.610970 0.387410
vt 0.615240 0.387590
vt 0.619530 0.387930
vt 0.623790 0.388530
vt 0.624840 0.397650
vt 0.612850 0.379200
vt 0.617540 0.379290
vt 0.622220 0.379670
vt 0.626790 0.380420
vt 0.628000 0.389390
vt 0.615040 0.370940
vt 0.620110 0.371190
vt 0.625180 0.371690
vt 0.630210 0.372610
vt 0.631410 0.381430
vt 0.617620 0.362970
vt 0.623120 0.363310
vt 0.628630 0.363980
vt 0.634090 0.365120
vt 0.635260 0.373830
vt 0.620750 0.355160
vt 0.626660 0.355670
vt 0.632620 0.356530
vt 0.638450 0.357840
vt 0.639560 0.366550
vt 0.624410 0.347550
vt 0.630720 0.348210
vt 0.637050 0.349200
vt 0.643260 0.350740
vt 0.644290 0.359490
vt 0.628520 0.340000
vt 0.635190 0.340820
vt 0.641930 0.342030
vt 0.648550 0.343850
vt 0.649500 0.352650
vt 0.633000 0.332500
vt 0.640080 0.333550
vt 0.647260 0.335020
vt 0.654320 0.337230
vt 0.655200 0.346130
vt 0.637870 0.325090
vt 0.645390 0.326420
vt 0.653120 0.328300
vt 0.660730 0.331080
vt 0.661490 0.340050
vt 0.643230 0.317830
vt 0.651370 0.319650
vt 0.659740 0.322090
vt 0.667890 0.325460
vt 0.668420 0.334510
vt 0.649320 0.310950
vt 0.658080 0.313280
vt 0.667020 0.316290
vt 0.675760 0.320440
vt 0.676110 0.329630
vt 0.656010 0.304360
vt 0.665380 0.307240
vt 0.675050 0.311060
vt 0.684540 0.316310
vt 0.684620 0.325590
vt 0.663330 0.298070
vt 0.673510 0.301800
vt 0.684130 0.306780
vt 0.694550 0.313530
vt 0.694150 0.322820
vt 0.671530 0.292380
vt 0.682820 0.297340
vt 0.694650 0.303970
vt 0.706070 0.312660
vt 0.705000 0.321820
vt 0.681030 0.287670
vt 0.693690 0.294370
vt 0.706870 0.303100
vt 0.719310 0.314300
vt 0.717280 0.323190
vt 0.692250 0.284440
vt 0.706470 0.293300
vt 0.721120 0.304760
vt 0.734450 0.319380
vt 0.731070 0.327750
vt 0.705330 0.282840
vt 0.721250 0.294490
vt 0.737820 0.310060
vt 0.751610 0.329670
vt 0.746100 0.336430
vt 0.720110 0.282750
vt 0.738700 0.299070
vt 0.758520 0.322720
vt 0.769160 0.347020
vt 0.761280 0.349920
vt 0.737230 0.284570
vt 0.765000 0.314750
vt 0.779210 0.347140
vt 0.785210 0.369650
vt 0.775570 0.367350
vt 0.794340 0.342790
vt 0.745490 0.274560
vt 0.794980 0.359910
vt 0.796630 0.376800
vt 0.798250 0.393180
vt 0.788100 0.387040
vt 0.810840 0.374670
vt 0.809580 0.388360
vt 0.809100 0.401800
vt 0.808610 0.415180
vt 0.798810 0.407390
vt 0.822430 0.401050
vt 0.820420 0.412980
vt 0.818720 0.424590
vt 0.816890 0.436170
vt 0.807640 0.427380
vt 0.831640 0.425080
vt 0.828870 0.435780
vt 0.826190 0.446150
vt 0.823310 0.456440
vt 0.814740 0.446950
vt 0.838810 0.447790
vt 0.835270 0.457520
vt 0.831800 0.466920
vt 0.828200 0.476250
vt 0.820290 0.466150
vt 0.844090 0.469590
vt 0.839980 0.478520
vt 0.835970 0.487170
vt 0.831820 0.495720
vt 0.824560 0.485140
vt 0.847920 0.490770
vt 0.843400 0.499000
vt 0.838920 0.506950
vt 0.834220 0.514790
vt 0.827620 0.503900
vt 0.850610 0.511480
vt 0.845640 0.518990
vt 0.840610 0.526230
vt 0.835310 0.533390
vt 0.829430 0.522340
vt 0.852090 0.531660
vt 0.846570 0.538410
vt 0.840940 0.544940
vt 0.835060 0.551440
vt 0.829880 0.540300
vt 0.852160 0.551210
vt 0.846080 0.557210
vt 0.839930 0.563060
vt 0.833490 0.568860
vt 0.829030 0.557700
vt 0.850870 0.570000
vt 0.844330 0.575320
vt 0.837630 0.580440
vt 0.830610 0.585490
vt 0.826850 0.574380
vt 0.848370 0.587970
vt 0.841300 0.592540
vt 0.834070 0.596920
vt 0.826560 0.601270
vt 0.823410 0.590270
vt 0.844640 0.604920
vt 0.837080 0.608770
vt 0.829450 0.612520
vt 0.821650 0.616340
vt 0.819000 0.605440
vt 0.839830 0.620790
vt 0.831920 0.624120
vt 0.824050 0.627440
vt 0.816130 0.630940
vt 0.813950 0.620090
vt 0.834160 0.635770
vt 0.826030 0.638760
vt 0.818020 0.641880
vt 0.810020 0.645200
vt 0.808430 0.634460
vt 0.827740 0.650050
vt 0.819450 0.652880
vt 0.811290 0.655900
vt 0.820550 0.663740
vt 0.812080 0.666480
vt 0.821300 0.674400
vt 0.812530 0.676840
vt 0.821670 0.684850
vt 0.812600 0.686980
vt 0.821640 0.695080
vt 0.812330 0.696890
vt 0.821250 0.705060
vt 0.811710 0.706520
vt 0.820540 0.714770
vt 0.810810 0.715850
vt 0.819550 0.724190
vt 0.809690 0.724850
vt 0.818310 0.733290
vt 0.808400 0.733520
vt 0.816860 0.742070
vt 0.806990 0.741840
vt 0.805530 0.749800
vt 0.422710 0.271320
vt 0.425770 0.273520
vt 0.429020 0.275740
vt 0.420300 0.283200
vt 0.432460 0.277970
vt 0.423970 0.285560
vt 0.436140 0.280180
vt 0.427800 0.287830
vt 0.439950 0.282430
vt 0.431690 0.290110
vt 0.443870 0.284730
vt 0.435640 0.292430
vt 0.447890 0.287050
vt 0.439700 0.294750
vt 0.452040 0.289370
vt 0.443890 0.297050
vt 0.456350 0.291720
vt 0.448240 0.299330
vt 0.460780 0.294120
vt 0.452730 0.301660
vt 0.465300 0.296600
vt 0.457300 0.304040
vt 0.469830 0.299170
vt 0.461960 0.306530
vt 0.474420 0.301810
vt 0.466720 0.309110
vt 0.479090 0.304510
vt 0.471620 0.311710
vt 0.483860 0.307340
vt 0.476640 0.314370
vt 0.488730 0.310330
vt 0.481760 0.317120
vt 0.493650 0.313460
vt 0.486970 0.319990
vt 0.498710 0.316750
vt 0.492310 0.322970
vt 0.503870 0.320250
vt 0.497770 0.326110
vt 0.509140 0.323930
vt 0.503290 0.329480
vt 0.514520 0.327810
vt 0.508870 0.333080
vt 0.520070 0.331820
vt 0.514580 0.336810
vt 0.525820 0.335870
vt 0.520450 0.340620
vt 0.531700 0.339980
vt 0.526440 0.344490
vt 0.537680 0.344220
vt 0.532490 0.348480
vt 0.543640 0.348640
vt 0.538520 0.352640
vt 0.549460 0.353320
vt 0.544420 0.357030
vt 0.555200 0.358210
vt 0.550260 0.361650
vt 0.560830 0.363290
vt 0.555990 0.366480
vt 0.566280 0.368590
vt 0.565820 0.360330
vt 0.571130 0.365880
vt 0.576250 0.371660
vt 0.576120 0.363400
vt 0.581060 0.369500
vt 0.585700 0.375840
vt 0.585980 0.367610
vt 0.590420 0.374260
vt 0.594520 0.381150
vt 0.595210 0.373000
vt 0.599060 0.380240
vt 0.602490 0.387710
vt 0.603620 0.379650
vt 0.606730 0.387430
vt 0.608220 0.379280
vt 0.600080 0.372030
vt 0.605010 0.371370
vt 0.610010 0.370980
vt 0.601370 0.363780
vt 0.606710 0.363160
vt 0.612160 0.362860
vt 0.603170 0.355630
vt 0.608980 0.355140
vt 0.614890 0.354950
vt 0.605590 0.347650
vt 0.611840 0.347280
vt 0.618150 0.347190
vt 0.608620 0.339800
vt 0.615240 0.339530
vt 0.621900 0.339530
vt 0.612120 0.331980
vt 0.619050 0.331760
vt 0.626040 0.331870
vt 0.615950 0.324060
vt 0.623160 0.323950
vt 0.630510 0.324220
vt 0.620000 0.316080
vt 0.627580 0.316140
vt 0.635370 0.316640
vt 0.624380 0.308110
vt 0.632440 0.308410
vt 0.640810 0.309250
vt 0.629110 0.300210
vt 0.637780 0.300870
vt 0.646870 0.302170
vt 0.634360 0.292490
vt 0.643750 0.293600
vt 0.653520 0.295330
vt 0.640210 0.285020
vt 0.650290 0.286540
vt 0.660810 0.288800
vt 0.646580 0.277680
vt 0.657480 0.279720
vt 0.669060 0.282810
vt 0.653620 0.270560
vt 0.665670 0.273410
vt 0.678700 0.277790
vt 0.661790 0.263950
vt 0.675350 0.268000
vt 0.690130 0.274120
vt 0.671520 0.258070
vt 0.686820 0.263660
vt 0.703130 0.271500
vt 0.682680 0.252770
vt 0.699000 0.259460
vt 0.716900 0.269060
vt 0.693350 0.246490
vt 0.709890 0.253420
vt 0.727980 0.262750
vt 0.701430 0.236960
vt 0.716690 0.241760
vt 0.731180 0.244580
vt 0.815510 0.363000
vt 0.705390 0.221710
vt 0.832230 0.380900
vt 0.717630 0.220760
vt 0.825780 0.389500
vt 0.846570 0.397040
vt 0.704500 0.199660
vt 0.839410 0.404860
vt 0.834940 0.414370
vt 0.852120 0.420080
vt 0.846740 0.428640
vt 0.842580 0.437910
vt 0.857960 0.443290
vt 0.852890 0.451720
vt 0.848420 0.460490
vt 0.862650 0.466130
vt 0.857410 0.474140
vt 0.852630 0.482370
vt 0.865980 0.488560
vt 0.860650 0.496130
vt 0.855640 0.503760
vt 0.868300 0.510680
vt 0.862850 0.517730
vt 0.857550 0.524710
vt 0.869640 0.532480
vt 0.863920 0.538880
vt 0.858160 0.545080
vt 0.869830 0.553720
vt 0.863630 0.559260
vt 0.857350 0.564600
vt 0.868660 0.573870
vt 0.862000 0.578610
vt 0.855300 0.583260
vt 0.866300 0.592870
vt 0.859230 0.596940
vt 0.852070 0.600930
vt 0.862880 0.610690
vt 0.855350 0.614120
vt 0.847710 0.617440
vt 0.858420 0.627280
vt 0.850420 0.630080
vt 0.842360 0.632840
vt 0.852930 0.642700
vt 0.844540 0.645000
vt 0.836170 0.647390
vt 0.846500 0.657050
vt 0.837790 0.659000
vt 0.829170 0.661210
vt 0.839090 0.670460
vt 0.830160 0.672240
vt 0.839970 0.681770
vt 0.830780 0.683070
vt 0.840380 0.692990
vt 0.830980 0.693720
vt 0.840310 0.704070
vt 0.830780 0.704170
vt 0.839820 0.715010
vt 0.830210 0.714400
vt 0.838850 0.725830
vt 0.829280 0.724420
vt 0.837380 0.736500
vt 0.827980 0.734200
vt 0.826320 0.743770
vt 0.424460 0.249650
vt 0.421330 0.258420
vt 0.428300 0.251580
vt 0.424440 0.260440
vt 0.431770 0.253530
vt 0.427130 0.262280
vt 0.435220 0.255670
vt 0.429960 0.264190
vt 0.438840 0.258080
vt 0.433050 0.266250
vt 0.442320 0.260180
vt 0.436270 0.268300
vt 0.445840 0.262280
vt 0.439680 0.270390
vt 0.449570 0.264480
vt 0.443320 0.272520
vt 0.453440 0.266710
vt 0.447130 0.274720
vt 0.457490 0.268980
vt 0.451120 0.277000
vt 0.461700 0.271330
vt 0.455240 0.279340
vt 0.466070 0.273750
vt 0.459480 0.281710
vt 0.470570 0.276230
vt 0.463850 0.284110
vt 0.475200 0.278800
vt 0.468310 0.286570
vt 0.479900 0.281460
vt 0.472850 0.289110
vt 0.484670 0.284260
vt 0.477470 0.291740
vt 0.489450 0.287260
vt 0.482120 0.294500
vt 0.494210 0.290430
vt 0.486790 0.297390
vt 0.498920 0.293800
vt 0.491480 0.300450
vt 0.503640 0.297420
vt 0.496190 0.303730
vt 0.508290 0.301320
vt 0.500920 0.307220
vt 0.512950 0.305430
vt 0.505720 0.310900
vt 0.517710 0.309660
vt 0.510620 0.314770
vt 0.522590 0.313970
vt 0.515650 0.318790
vt 0.527560 0.318370
vt 0.520820 0.322950
vt 0.532660 0.322810
vt 0.526130 0.327200
vt 0.538000 0.327280
vt 0.531680 0.331450
vt 0.543480 0.331830
vt 0.537380 0.335770
vt 0.549070 0.336550
vt 0.543190 0.340250
vt 0.554680 0.341460
vt 0.549010 0.344930
vt 0.560180 0.346610
vt 0.554710 0.349860
vt 0.565630 0.351960
vt 0.560320 0.354990
vt 0.570970 0.357550
vt 0.571120 0.349190
vt 0.576250 0.355050
vt 0.581240 0.361180
vt 0.581730 0.352860
vt 0.586480 0.359280
vt 0.591010 0.366000
vt 0.591890 0.357710
vt 0.596140 0.364700
vt 0.597490 0.356470
vt 0.587440 0.351000
vt 0.593350 0.349500
vt 0.599420 0.348350
vt 0.589110 0.342820
vt 0.595500 0.341440
vt 0.602050 0.340380
vt 0.591480 0.334770
vt 0.598310 0.333470
vt 0.605240 0.332480
vt 0.594440 0.326740
vt 0.601600 0.325470
vt 0.608810 0.324540
vt 0.597790 0.318620
vt 0.605170 0.317380
vt 0.612580 0.316450
vt 0.601310 0.310390
vt 0.608880 0.309140
vt 0.616580 0.308300
vt 0.604900 0.302000
vt 0.612730 0.300830
vt 0.620820 0.300150
vt 0.608580 0.293490
vt 0.616790 0.292460
vt 0.625410 0.292040
vt 0.612460 0.284910
vt 0.621210 0.284150
vt 0.630550 0.284120
vt 0.616640 0.276340
vt 0.626120 0.276010
vt 0.636210 0.276390
vt 0.621220 0.267980
vt 0.631490 0.268040
vt 0.642380 0.268790
vt 0.626320 0.259740
vt 0.637430 0.260190
vt 0.649290 0.261390
vt 0.632150 0.251610
vt 0.644310 0.252510
vt 0.657480 0.254460
vt 0.639170 0.243600
vt 0.652590 0.245130
vt 0.667260 0.248020
vt 0.647480 0.235690
vt 0.662150 0.237930
vt 0.677710 0.241480
vt 0.656580 0.227550
vt 0.671410 0.229850
vt 0.686570 0.232920
vt 0.664380 0.217780
vt 0.678210 0.219060
vt 0.692210 0.220440
vt 0.669310 0.205000
vt 0.681740 0.204330
vt 0.693870 0.202850
vt 0.670900 0.188520
vt 0.681590 0.185210
vt 0.859470 0.412730
vt 0.691280 0.180160
vt 0.668850 0.168300
vt 0.677290 0.162090
vt 0.871280 0.428510
vt 0.863990 0.435460
vt 0.662640 0.145010
vt 0.882290 0.444490
vt 0.874870 0.451270
vt 0.868490 0.458440
vt 0.884900 0.467420
vt 0.878020 0.474200
vt 0.871820 0.481210
vt 0.886750 0.490300
vt 0.880120 0.496930
vt 0.874070 0.503690
vt 0.887840 0.512960
vt 0.881440 0.519420
vt 0.875490 0.525940
vt 0.888260 0.535470
vt 0.881980 0.541730
vt 0.875970 0.547870
vt 0.888030 0.557750
vt 0.881660 0.563600
vt 0.875280 0.568930
vt 0.886890 0.579230
vt 0.880130 0.584260
vt 0.873300 0.588680
vt 0.884650 0.599480
vt 0.877540 0.603580
vt 0.870310 0.607180
vt 0.881480 0.618540
vt 0.873970 0.621630
vt 0.866320 0.624430
vt 0.877270 0.636290
vt 0.869340 0.638450
vt 0.861260 0.640470
vt 0.872040 0.652710
vt 0.863690 0.653950
vt 0.855210 0.655310
vt 0.865740 0.667670
vt 0.856990 0.668180
vt 0.848120 0.669020
vt 0.858300 0.681120
vt 0.849180 0.681090
vt 0.859090 0.694120
vt 0.849770 0.693110
vt 0.859320 0.707030
vt 0.849830 0.705060
vt 0.858880 0.719860
vt 0.849350 0.716900
vt 0.857610 0.732580
vt 0.848280 0.728620
vt 0.846550 0.740250
vt 0.412190 0.089660
vt 0.408970 0.098710
vt 0.424140 0.239380
vt 0.428120 0.230380
vt 0.429410 0.241260
vt 0.434400 0.232310
vt 0.434200 0.243330
vt 0.440160 0.234570
vt 0.438650 0.245560
vt 0.445490 0.237080
vt 0.442890 0.247990
vt 0.450500 0.239720
vt 0.446970 0.250340
vt 0.455330 0.242490
vt 0.451020 0.252800
vt 0.460070 0.245420
vt 0.455160 0.255490
vt 0.464730 0.248340
vt 0.459260 0.257970
vt 0.469410 0.251280
vt 0.463470 0.260440
vt 0.474090 0.254330
vt 0.467840 0.262980
vt 0.478830 0.257440
vt 0.472370 0.265590
vt 0.483700 0.260580
vt 0.477070 0.268270
vt 0.488740 0.263730
vt 0.481890 0.271070
vt 0.493840 0.266980
vt 0.486780 0.274000
vt 0.498950 0.270380
vt 0.491720 0.277100
vt 0.504020 0.274000
vt 0.496630 0.280370
vt 0.508980 0.277860
vt 0.501480 0.283870
vt 0.513850 0.281970
vt 0.506290 0.287610
vt 0.518640 0.286330
vt 0.511060 0.291590
vt 0.523340 0.290870
vt 0.515720 0.295870
vt 0.527940 0.295560
vt 0.520310 0.300330
vt 0.532530 0.300310
vt 0.524970 0.304850
vt 0.537180 0.305080
vt 0.529730 0.309390
vt 0.541910 0.309880
vt 0.534590 0.313990
vt 0.546750 0.314770
vt 0.539530 0.318670
vt 0.551690 0.319700
vt 0.544660 0.323360
vt 0.556710 0.324700
vt 0.549910 0.328140
vt 0.561780 0.329890
vt 0.555270 0.333090
vt 0.566900 0.335270
vt 0.560640 0.338230
vt 0.571940 0.340870
vt 0.565910 0.343600
vt 0.576870 0.346700
vt 0.582880 0.344580
vt 0.578270 0.338430
vt 0.584770 0.336410
vt 0.573480 0.332630
vt 0.580350 0.330230
vt 0.587330 0.328320
vt 0.568650 0.327000
vt 0.575780 0.324410
vt 0.583090 0.322070
vt 0.590410 0.320190
vt 0.571170 0.318750
vt 0.578650 0.316180
vt 0.586220 0.313850
vt 0.593760 0.311980
vt 0.574180 0.310430
vt 0.581840 0.307850
vt 0.589560 0.305530
vt 0.597210 0.303610
vt 0.577420 0.301900
vt 0.585150 0.299310
vt 0.592910 0.296960
vt 0.600640 0.295030
vt 0.580670 0.293120
vt 0.588390 0.290510
vt 0.596210 0.288150
vt 0.604160 0.286290
vt 0.583750 0.284070
vt 0.591490 0.281440
vt 0.599500 0.279140
vt 0.607800 0.277450
vt 0.586560 0.274730
vt 0.594450 0.272170
vt 0.602790 0.270040
vt 0.611620 0.268650
vt 0.589080 0.265190
vt 0.597310 0.262830
vt 0.606240 0.260990
vt 0.615880 0.260030
vt 0.591530 0.255550
vt 0.600400 0.253510
vt 0.610230 0.252080
vt 0.620760 0.251510
vt 0.594430 0.245930
vt 0.604270 0.244290
vt 0.615100 0.243250
vt 0.626690 0.243080
vt 0.598230 0.236370
vt 0.609220 0.235120
vt 0.621190 0.234470
vt 0.633830 0.234640
vt 0.603300 0.226810
vt 0.615340 0.225880
vt 0.628370 0.225530
vt 0.642050 0.226090
vt 0.609450 0.217060
vt 0.622470 0.216320
vt 0.636350 0.216210
vt 0.650320 0.216750
vt 0.616300 0.206840
vt 0.629770 0.206090
vt 0.643420 0.205610
vt 0.656440 0.205320
vt 0.622550 0.195670
vt 0.635290 0.194270
vt 0.647850 0.192730
vt 0.659540 0.190910
vt 0.626480 0.182780
vt 0.638080 0.180180
vt 0.649200 0.176960
vt 0.659320 0.173110
vt 0.627730 0.167690
vt 0.637750 0.163350
vt 0.647070 0.158160
vt 0.655300 0.152170
vt 0.625630 0.150080
vt 0.633730 0.143900
vt 0.641040 0.136840
vt 0.647320 0.128930
vt 0.892450 0.460780
vt 0.619690 0.130380
vt 0.625950 0.122580
vt 0.901790 0.477280
vt 0.631600 0.113960
vt 0.893930 0.483770
vt 0.610410 0.109340
vt 0.910150 0.493990
vt 0.615290 0.100270
vt 0.902210 0.500240
vt 0.894700 0.506560
vt 0.598480 0.087710
vt 0.917870 0.510950
vt 0.909660 0.516910
vt 0.902050 0.522940
vt 0.894870 0.529140
vt 0.916460 0.533720
vt 0.908610 0.539460
vt 0.901390 0.545480
vt 0.894520 0.551650
vt 0.914820 0.555950
vt 0.907390 0.561770
vt 0.900420 0.567740
vt 0.893590 0.573650
vt 0.912960 0.578090
vt 0.905700 0.583800
vt 0.898670 0.589450
vt 0.891640 0.594730
vt 0.910400 0.600000
vt 0.903120 0.605380
vt 0.895990 0.610420
vt 0.888790 0.614850
vt 0.907160 0.621550
vt 0.899850 0.626420
vt 0.892550 0.630540
vt 0.885000 0.633760
vt 0.903350 0.642560
vt 0.895800 0.646460
vt 0.888120 0.649280
vt 0.880180 0.651260
vt 0.898740 0.662480
vt 0.890800 0.665020
vt 0.882690 0.666460
vt 0.874310 0.667240
vt 0.893140 0.680830
vt 0.884680 0.681830
vt 0.876100 0.681890
vt 0.867280 0.681550
vt 0.886210 0.697230
vt 0.877300 0.696710
vt 0.868310 0.695480
vt 0.877980 0.711520
vt 0.868730 0.709430
vt 0.877730 0.726340
vt 0.868400 0.723230
vt 0.393120 0.054190
vt 0.395340 0.063010
vt 0.416990 0.063400
vt 0.416520 0.072150
vt 0.414740 0.080710
vt 0.436800 0.073990
vt 0.434180 0.082500
vt 0.430410 0.090860
vt 0.453050 0.085550
vt 0.448450 0.093840
vt 0.442960 0.102080
vt 0.426030 0.099650
vt 0.437490 0.110550
vt 0.421600 0.108600
vt 0.432690 0.119210
vt 0.417860 0.117820
vt 0.428890 0.128090
vt 0.426030 0.137190
vt 0.423850 0.146470
vt 0.422460 0.155960
vt 0.423910 0.209150
vt 0.426000 0.219600
vt 0.432160 0.210710
vt 0.433410 0.221350
vt 0.440020 0.212900
vt 0.440350 0.223580
vt 0.447500 0.215650
vt 0.446860 0.226220
vt 0.454610 0.218750
vt 0.452940 0.229090
vt 0.461340 0.222140
vt 0.458720 0.232160
vt 0.467750 0.225780
vt 0.464260 0.235410
vt 0.473860 0.229680
vt 0.469610 0.238820
vt 0.479730 0.233710
vt 0.474850 0.242320
vt 0.485440 0.237830
vt 0.480040 0.245900
vt 0.491030 0.242030
vt 0.485130 0.249570
vt 0.496470 0.246180
vt 0.490230 0.253230
vt 0.501960 0.250240
vt 0.495490 0.256830
vt 0.507580 0.254230
vt 0.500880 0.260440
vt 0.513240 0.258260
vt 0.506260 0.264170
vt 0.518780 0.262510
vt 0.511540 0.268130
vt 0.524150 0.266990
vt 0.516680 0.272330
vt 0.529330 0.271660
vt 0.521650 0.276750
vt 0.534300 0.276540
vt 0.526490 0.281370
vt 0.539070 0.281600
vt 0.531190 0.286150
vt 0.543690 0.286760
vt 0.535770 0.291070
vt 0.548220 0.291980
vt 0.540330 0.296040
vt 0.552760 0.297230
vt 0.544910 0.301050
vt 0.557330 0.302480
vt 0.549540 0.306080
vt 0.561930 0.307810
vt 0.554280 0.311150
vt 0.566560 0.313190
vt 0.559030 0.316290
vt 0.563830 0.321580
vt 0.569700 0.304720
vt 0.565130 0.299130
vt 0.572980 0.295950
vt 0.560600 0.293570
vt 0.568410 0.290150
vt 0.576140 0.286940
vt 0.563830 0.284350
vt 0.571380 0.280850
vt 0.578950 0.277600
vt 0.566480 0.274750
vt 0.573850 0.271220
vt 0.581370 0.267980
vt 0.568500 0.264840
vt 0.575790 0.261300
vt 0.583440 0.258140
vt 0.569960 0.254650
vt 0.577470 0.251200
vt 0.585600 0.248200
vt 0.571330 0.244290
vt 0.579370 0.240980
vt 0.588360 0.238270
vt 0.573040 0.233770
vt 0.582030 0.230720
vt 0.592180 0.228340
vt 0.575680 0.223110
vt 0.585880 0.220360
vt 0.597300 0.218340
vt 0.579490 0.212250
vt 0.590900 0.209820
vt 0.603370 0.208010
vt 0.584270 0.201160
vt 0.596640 0.198890
vt 0.609670 0.197090
vt 0.589440 0.189660
vt 0.601980 0.187280
vt 0.614540 0.185040
vt 0.593520 0.177390
vt 0.605420 0.174450
vt 0.617000 0.171240
vt 0.595700 0.163850
vt 0.606500 0.159860
vt 0.616700 0.155330
vt 0.595330 0.148700
vt 0.604500 0.143410
vt 0.612650 0.137290
vt 0.591400 0.131970
vt 0.598600 0.125250
vt 0.604970 0.117660
vt 0.583950 0.113850
vt 0.589510 0.105800
vt 0.594330 0.097030
vt 0.573500 0.094820
vt 0.577550 0.085780
vt 0.581220 0.076260
vt 0.924930 0.528120
vt 0.560160 0.075560
vt 0.563280 0.066020
vt 0.931240 0.545380
vt 0.922840 0.550530
vt 0.937210 0.562740
vt 0.544310 0.056890
vt 0.928630 0.567480
vt 0.920610 0.572580
vt 0.933860 0.584510
vt 0.925670 0.589330
vt 0.917920 0.594550
vt 0.930090 0.606150
vt 0.922180 0.611150
vt 0.914590 0.616370
vt 0.926020 0.627870
vt 0.918330 0.632930
vt 0.910830 0.637920
vt 0.921760 0.649680
vt 0.914150 0.654510
vt 0.906530 0.658890
vt 0.917260 0.671480
vt 0.909450 0.675510
vt 0.901430 0.678730
vt 0.912000 0.692700
vt 0.903620 0.695310
vt 0.895030 0.696840
vt 0.905240 0.712750
vt 0.896250 0.713350
vt 0.887190 0.712840
vt 0.887030 0.728790
vt 0.914140 0.710980
vt 0.922910 0.707460
vt 0.931370 0.701730
vt 0.939620 0.694970
vt 0.947650 0.688290
vt 0.955660 0.682140
vt 0.963840 0.676870
vt 0.378880 0.027180
vt 0.384530 0.036030
vt 0.389460 0.045020
vt 0.410340 0.036030
vt 0.413460 0.045390
vt 0.415910 0.054400
vt 0.436640 0.047110
vt 0.437990 0.056340
vt 0.438110 0.065180
vt 0.459310 0.059570
vt 0.458590 0.068520
vt 0.456430 0.077030
vt 0.478150 0.073040
vt 0.475280 0.081600
vt 0.471140 0.089710
vt 0.493130 0.087120
vt 0.488350 0.095230
vt 0.482280 0.102990
vt 0.465760 0.097820
vt 0.475410 0.110640
vt 0.459500 0.105810
vt 0.468550 0.118300
vt 0.453240 0.113850
vt 0.462320 0.126070
vt 0.447660 0.122020
vt 0.456900 0.134070
vt 0.442990 0.130370
vt 0.452190 0.142390
vt 0.439200 0.139010
vt 0.448350 0.151170
vt 0.436170 0.147990
vt 0.445380 0.160440
vt 0.433930 0.157210
vt 0.443190 0.170450
vt 0.432570 0.167000
vt 0.441590 0.180970
vt 0.431870 0.177780
vt 0.440510 0.191670
vt 0.431420 0.188930
vt 0.440070 0.202330
vt 0.431510 0.199970
vt 0.449290 0.195070
vt 0.448230 0.205350
vt 0.457820 0.198830
vt 0.456100 0.208740
vt 0.466000 0.202990
vt 0.463620 0.212470
vt 0.473830 0.207440
vt 0.470800 0.216490
vt 0.481280 0.212160
vt 0.477630 0.220810
vt 0.488360 0.217090
vt 0.484130 0.225310
vt 0.495080 0.222140
vt 0.490380 0.229930
vt 0.501510 0.227260
vt 0.496430 0.234620
vt 0.507710 0.232300
vt 0.502260 0.239240
vt 0.513780 0.237180
vt 0.508030 0.243730
vt 0.519850 0.241880
vt 0.513860 0.248080
vt 0.525940 0.246570
vt 0.519750 0.252420
vt 0.531980 0.251400
vt 0.525570 0.256950
vt 0.537870 0.256450
vt 0.531210 0.261700
vt 0.543570 0.261720
vt 0.536630 0.266650
vt 0.549020 0.267190
vt 0.541820 0.271810
vt 0.554160 0.272840
vt 0.546780 0.277170
vt 0.559110 0.278570
vt 0.551510 0.282600
vt 0.556090 0.288070
vt 0.561380 0.268680
vt 0.555920 0.262750
vt 0.562900 0.258500
vt 0.550260 0.256920
vt 0.556960 0.252350
vt 0.563950 0.248060
vt 0.550850 0.246360
vt 0.557650 0.241720
vt 0.565060 0.237480
vt 0.551230 0.235550
vt 0.558560 0.230890
vt 0.566700 0.226640
vt 0.552080 0.224380
vt 0.560160 0.219660
vt 0.569280 0.215480
vt 0.553530 0.212730
vt 0.562570 0.208030
vt 0.572950 0.204110
vt 0.555680 0.200650
vt 0.565870 0.196150
vt 0.577310 0.192470
vt 0.558480 0.188270
vt 0.569600 0.183960
vt 0.581570 0.180390
vt 0.561380 0.175530
vt 0.572730 0.171320
vt 0.584420 0.167480
vt 0.563230 0.162400
vt 0.574360 0.157960
vt 0.585310 0.153420
vt 0.563660 0.148680
vt 0.573890 0.143540
vt 0.583270 0.137930
vt 0.561710 0.133990
vt 0.570110 0.127850
vt 0.577550 0.121110
vt 0.556250 0.118240
vt 0.562920 0.111080
vt 0.568710 0.103250
vt 0.547650 0.101660
vt 0.552710 0.093550
vt 0.556820 0.084770
vt 0.535880 0.084670
vt 0.539230 0.075790
vt 0.541910 0.066430
vt 0.520660 0.067760
vt 0.522540 0.058380
vt 0.942580 0.580120
vt 0.524260 0.048710
vt 0.502130 0.051330
vt 0.947150 0.597410
vt 0.503070 0.041660
vt 0.938440 0.601540
vt 0.480900 0.035770
vt 0.951160 0.614530
vt 0.942340 0.618440
vt 0.934000 0.622970
vt 0.945800 0.635210
vt 0.937450 0.639760
vt 0.929480 0.644690
vt 0.940610 0.656470
vt 0.932680 0.661600
vt 0.924920 0.666790
vt 0.935810 0.678590
vt 0.928020 0.684260
vt 0.920110 0.689180
vt 0.943740 0.672820
vt 0.948880 0.651660
vt 0.951940 0.667410
vt 0.433140 0.028060
vt 0.957630 0.647630
vt 0.960620 0.662910
vt 0.407320 0.026410
vt 0.434860 0.037570
vt 0.457690 0.031130
vt 0.954600 0.631370
vt 0.458200 0.040820
vt 0.459030 0.050230
vt 0.480710 0.045360
vt 0.480470 0.054890
vt 0.479830 0.064040
vt 0.501080 0.060700
vt 0.499350 0.069860
vt 0.496760 0.078580
vt 0.518120 0.076690
vt 0.514540 0.085300
vt 0.510150 0.093430
vt 0.531560 0.092940
vt 0.526290 0.100950
vt 0.519990 0.108450
vt 0.504610 0.101360
vt 0.512680 0.115690
vt 0.497910 0.108960
vt 0.504820 0.122800
vt 0.490550 0.116380
vt 0.496830 0.129930
vt 0.483170 0.123740
vt 0.489300 0.137260
vt 0.476280 0.131250
vt 0.482550 0.144860
vt 0.470150 0.139040
vt 0.476530 0.152720
vt 0.464690 0.147120
vt 0.471110 0.160960
vt 0.460050 0.155660
vt 0.466560 0.169850
vt 0.456280 0.164830
vt 0.463030 0.179330
vt 0.453360 0.174690
vt 0.460190 0.189010
vt 0.451070 0.184800
vt 0.472220 0.184450
vt 0.468890 0.193660
vt 0.481090 0.189790
vt 0.477220 0.198560
vt 0.489440 0.195350
vt 0.485160 0.203690
vt 0.497310 0.201030
vt 0.492680 0.209000
vt 0.504860 0.206820
vt 0.499790 0.214420
vt 0.512010 0.212650
vt 0.506570 0.219910
vt 0.518800 0.218440
vt 0.513070 0.225330
vt 0.525340 0.224040
vt 0.519400 0.230570
vt 0.531790 0.229520
vt 0.525680 0.235650
vt 0.538130 0.235010
vt 0.531960 0.240720
vt 0.544560 0.240580
vt 0.538210 0.245900
vt 0.544320 0.251300
vt 0.544820 0.229490
vt 0.538260 0.223580
vt 0.545580 0.217900
vt 0.531730 0.217640
vt 0.538780 0.211530
vt 0.546750 0.205800
vt 0.531840 0.205130
vt 0.539530 0.198970
vt 0.548510 0.193290
vt 0.532050 0.192140
vt 0.540840 0.186010
vt 0.550770 0.180390
vt 0.532850 0.178700
vt 0.542300 0.172650
vt 0.552520 0.167170
vt 0.533150 0.165000
vt 0.542680 0.159110
vt 0.553110 0.153670
vt 0.532230 0.151240
vt 0.542100 0.145350
vt 0.552250 0.139620
vt 0.530490 0.137300
vt 0.539840 0.131160
vt 0.548620 0.124780
vt 0.526690 0.123060
vt 0.534620 0.116330
vt 0.541680 0.109150
vt 0.518110 0.129790
vt 0.521180 0.143690
vt 0.509430 0.136670
vt 0.512640 0.150570
vt 0.501360 0.143820
vt 0.504990 0.157710
vt 0.494160 0.151220
vt 0.497860 0.165210
vt 0.487620 0.158870
vt 0.491170 0.173020
vt 0.481500 0.166870
vt 0.485600 0.181220
vt 0.476310 0.175410
vt 0.500170 0.179300
vt 0.494330 0.187190
vt 0.508760 0.185660
vt 0.502590 0.193260
vt 0.516790 0.192190
vt 0.510450 0.199400
vt 0.524550 0.198680
vt 0.517920 0.205550
vt 0.524970 0.211650
vt 0.524320 0.185230
vt 0.515980 0.178390
vt 0.524380 0.171410
vt 0.507300 0.171670
vt 0.515020 0.164430
vt 0.523330 0.157540
vt 0.806370 0.623830
vt 0.798960 0.627500
vt 0.796710 0.617090
vt 0.803980 0.613350
vt 0.789620 0.620630
vt 0.787180 0.610390
vt 0.794160 0.606820
vt 0.780340 0.613840
vt 0.777780 0.603890
vt 0.784500 0.600330
vt 0.771190 0.607440
vt 0.768530 0.597830
vt 0.774990 0.594170
vt 0.762220 0.601610
vt 0.759520 0.592310
vt 0.765670 0.588450
vt 0.753550 0.596420
vt 0.750820 0.587350
vt 0.756630 0.583210
vt 0.745220 0.591850
vt 0.742500 0.582880
vt 0.747960 0.578400
vt 0.737180 0.587660
vt 0.734500 0.578750
vt 0.739680 0.574020
vt 0.736800 0.565260
vt 0.741970 0.560920
vt 0.744960 0.569600
vt 0.731800 0.569930
vt 0.729040 0.561230
vt 0.733960 0.556590
vt 0.731030 0.548040
vt 0.735830 0.543710
vt 0.738940 0.552290
vt 0.726310 0.552680
vt 0.723470 0.544290
vt 0.728030 0.539570
vt 0.718910 0.549330
vt 0.716130 0.541110
vt 0.720540 0.536010
vt 0.711670 0.546450
vt 0.708920 0.538390
vt 0.713230 0.532990
vt 0.706070 0.530440
vt 0.744060 0.548240
vt 0.747310 0.556820
vt 0.752790 0.552900
vt 0.756140 0.561550
vt 0.750460 0.565480
vt 0.759430 0.570310
vt 0.753590 0.574260
vt 0.762620 0.579260
vt 0.765430 0.566470
vt 0.768760 0.575430
vt 0.771990 0.584650
vt 0.775100 0.571650
vt 0.778440 0.580920
vt 0.781610 0.590460
vt 0.785080 0.577120
vt 0.788330 0.586770
vt 0.791400 0.596660
vt 0.795240 0.582930
vt 0.798410 0.592860
vt 0.801350 0.603010
vt 0.805610 0.588810
vt 0.808630 0.599050
vt 0.811480 0.609420
vt 0.816080 0.594750
vt 0.812800 0.584450
vt 0.819980 0.579550
vt 0.809320 0.574290
vt 0.816150 0.569250
vt 0.822780 0.563630
vt 0.818320 0.553390
vt 0.824280 0.546950
vt 0.819160 0.536790
vt 0.824460 0.529620
vt 0.818720 0.519610
vt 0.823320 0.511780
vt 0.816890 0.502080
vt 0.820840 0.493650
vt 0.813820 0.484470
vt 0.817150 0.475380
vt 0.809630 0.466920
vt 0.812300 0.457050
vt 0.804330 0.449450
vt 0.806170 0.438630
vt 0.797820 0.432110
vt 0.798590 0.420130
vt 0.790000 0.415040
vt 0.789490 0.401760
vt 0.780890 0.398730
vt 0.779030 0.384190
vt 0.770770 0.383690
vt 0.767430 0.368080
vt 0.759790 0.370210
vt 0.754710 0.354100
vt 0.748070 0.358600
vt 0.741260 0.343070
vt 0.735900 0.349470
vt 0.727800 0.335650
vt 0.723740 0.343280
vt 0.715190 0.331730
vt 0.712240 0.340120
vt 0.703750 0.330690
vt 0.701680 0.339530
vt 0.693550 0.331870
vt 0.692100 0.340920
vt 0.684390 0.334660
vt 0.683410 0.343780
vt 0.676140 0.338640
vt 0.675530 0.347770
vt 0.668700 0.343480
vt 0.668350 0.352560
vt 0.661910 0.348960
vt 0.661780 0.358030
vt 0.655760 0.355010
vt 0.655780 0.364040
vt 0.650140 0.361470
vt 0.650290 0.370480
vt 0.645030 0.368280
vt 0.645230 0.377260
vt 0.640330 0.375330
vt 0.640570 0.384340
vt 0.636050 0.382700
vt 0.636310 0.391840
vt 0.632200 0.390460
vt 0.632490 0.399800
vt 0.628710 0.398580
vt 0.628890 0.408130
vt 0.625460 0.406910
vt 0.802300 0.578810
vt 0.791930 0.573170
vt 0.781650 0.567730
vt 0.771630 0.562590
vt 0.761990 0.557650
vt 0.659820 0.486710
vt 0.662120 0.491830
vt 0.664080 0.480030
vt 0.666430 0.485300
vt 0.668790 0.490820
vt 0.670590 0.478150
vt 0.672950 0.483780
vt 0.675390 0.489580
vt 0.676900 0.476400
vt 0.679410 0.482310
vt 0.682030 0.488370
vt 0.683250 0.474870
vt 0.685900 0.481030
vt 0.688680 0.487370
vt 0.689700 0.473720
vt 0.692450 0.480170
vt 0.695290 0.486880
vt 0.696230 0.473190
vt 0.699030 0.480090
vt 0.701860 0.487610
vt 0.702850 0.473880
vt 0.705590 0.481770
vt 0.708480 0.490020
vt 0.709490 0.476630
vt 0.712250 0.485010
vt 0.715380 0.493340
vt 0.716270 0.480500
vt 0.719290 0.488900
vt 0.722640 0.497360
vt 0.723330 0.484780
vt 0.726640 0.493360
vt 0.730340 0.501880
vt 0.730690 0.489580
vt 0.734460 0.498200
vt 0.738530 0.506770
vt 0.738590 0.494680
vt 0.742870 0.503210
vt 0.747290 0.511610
vt 0.747210 0.499770
vt 0.751910 0.508040
vt 0.756670 0.516180
vt 0.756510 0.504350
vt 0.761600 0.512340
vt 0.766610 0.520380
vt 0.766490 0.508210
vt 0.771800 0.516130
vt 0.776960 0.524200
vt 0.776850 0.511390
vt 0.782300 0.519370
vt 0.787520 0.527530
vt 0.787400 0.513820
vt 0.781680 0.506130
vt 0.786130 0.500130
vt 0.775760 0.498690
vt 0.779930 0.493060
vt 0.783730 0.486670
vt 0.773630 0.486270
vt 0.777190 0.480360
vt 0.780410 0.473660
vt 0.770470 0.474560
vt 0.773510 0.468420
vt 0.776220 0.461390
vt 0.771320 0.450460
vt 0.766300 0.440940
vt 0.760440 0.441780
vt 0.761030 0.432190
vt 0.755600 0.443750
vt 0.755480 0.434010
vt 0.755170 0.423990
vt 0.750590 0.436590
vt 0.749790 0.426690
vt 0.748780 0.416550
vt 0.744910 0.429940
vt 0.743570 0.420020
vt 0.741900 0.409660
vt 0.738730 0.423930
vt 0.736840 0.413870
vt 0.734590 0.403260
vt 0.732070 0.418380
vt 0.729730 0.408100
vt 0.726890 0.397430
vt 0.725050 0.413050
vt 0.722230 0.402810
vt 0.718810 0.392750
vt 0.717660 0.408310
vt 0.714360 0.398910
vt 0.710560 0.389810
vt 0.710110 0.405380
vt 0.706500 0.396830
vt 0.702500 0.388600
vt 0.702590 0.403980
vt 0.698800 0.396220
vt 0.694660 0.388940
vt 0.695190 0.403940
vt 0.691310 0.397040
vt 0.687150 0.390580
vt 0.687990 0.405200
vt 0.684130 0.399000
vt 0.680030 0.393270
vt 0.681090 0.407440
vt 0.677280 0.401920
vt 0.673280 0.396880
vt 0.674510 0.410540
vt 0.670800 0.405630
vt 0.666920 0.401220
vt 0.668290 0.414360
vt 0.664600 0.410220
vt 0.660940 0.406290
vt 0.662300 0.419070
vt 0.658820 0.415320
vt 0.655410 0.411900
vt 0.656770 0.423660
vt 0.653600 0.420610
vt 0.650450 0.417990
vt 0.651640 0.428580
vt 0.649060 0.426500
vt 0.645810 0.424700
vt 0.653670 0.432030
vt 0.655840 0.437520
vt 0.659870 0.427810
vt 0.663080 0.432050
vt 0.657630 0.441380
vt 0.665640 0.422960
vt 0.668640 0.427540
vt 0.665300 0.436400
vt 0.671700 0.419100
vt 0.674900 0.424350
vt 0.672060 0.432430
vt 0.678060 0.415920
vt 0.681160 0.421770
vt 0.677790 0.430130
vt 0.684690 0.413420
vt 0.687800 0.419770
vt 0.684060 0.427930
vt 0.691620 0.411780
vt 0.694720 0.418700
vt 0.690740 0.426330
vt 0.698770 0.411270
vt 0.701790 0.418860
vt 0.697630 0.425820
vt 0.706030 0.412050
vt 0.708900 0.420300
vt 0.704610 0.426580
vt 0.713330 0.414210
vt 0.715970 0.423300
vt 0.711610 0.428800
vt 0.720510 0.418050
vt 0.722880 0.427620
vt 0.718490 0.432420
vt 0.727480 0.423000
vt 0.729610 0.432420
vt 0.725230 0.436820
vt 0.734170 0.428120
vt 0.735980 0.437500
vt 0.731740 0.441620
vt 0.740430 0.433620
vt 0.741830 0.443100
vt 0.737810 0.446860
vt 0.746110 0.439660
vt 0.747440 0.449470
vt 0.743530 0.452770
vt 0.751440 0.446440
vt 0.752800 0.456180
vt 0.749410 0.459530
vt 0.756300 0.453170
vt 0.758780 0.461680
vt 0.755780 0.465420
vt 0.763800 0.468860
vt 0.760840 0.473490
vt 0.757600 0.477580
vt 0.752430 0.469320
vt 0.754180 0.481210
vt 0.749310 0.472630
vt 0.746030 0.462790
vt 0.745950 0.475800
vt 0.742410 0.466170
vt 0.739860 0.456400
vt 0.738870 0.469710
vt 0.736110 0.460210
vt 0.733900 0.450850
vt 0.732330 0.464110
vt 0.729870 0.454920
vt 0.727610 0.445870
vt 0.725830 0.459070
vt 0.723390 0.450170
vt 0.721000 0.441350
vt 0.719210 0.454550
vt 0.716680 0.445980
vt 0.714230 0.437430
vt 0.712460 0.450730
vt 0.709870 0.442570
vt 0.707330 0.434510
vt 0.705610 0.447960
vt 0.702980 0.440420
vt 0.700410 0.433060
vt 0.698740 0.446580
vt 0.696090 0.439760
vt 0.693540 0.433000
vt 0.691920 0.446810
vt 0.689320 0.440530
vt 0.686890 0.434220
vt 0.685320 0.448260
vt 0.682880 0.442220
vt 0.680560 0.436110
vt 0.679160 0.450040
vt 0.676750 0.444200
vt 0.674780 0.438280
vt 0.673250 0.452060
vt 0.670590 0.446610
vt 0.667310 0.441140
vt 0.667050 0.454970
vt 0.664450 0.450090
vt 0.662720 0.445750
vt 0.661190 0.457440
vt 0.658920 0.453280
vt 0.663430 0.462180
vt 0.669630 0.459710
vt 0.665800 0.467410
vt 0.661870 0.474900
vt 0.668240 0.472770
vt 0.672020 0.465210
vt 0.674490 0.470720
vt 0.675640 0.457640
vt 0.678070 0.463250
vt 0.680690 0.468940
vt 0.681660 0.455820
vt 0.684270 0.461540
vt 0.687030 0.467480
vt 0.688050 0.454160
vt 0.690720 0.460230
vt 0.693510 0.466590
vt 0.694670 0.453200
vt 0.697320 0.459810
vt 0.700130 0.466660
vt 0.701440 0.453610
vt 0.704070 0.460880
vt 0.706850 0.468500
vt 0.708290 0.455710
vt 0.710920 0.463660
vt 0.713580 0.472020
vt 0.715110 0.459050
vt 0.717670 0.467590
vt 0.720390 0.476220
vt 0.721800 0.463290
vt 0.724430 0.472090
vt 0.727390 0.480860
vt 0.728450 0.468080
vt 0.731340 0.477070
vt 0.734730 0.485940
vt 0.735220 0.473340
vt 0.738620 0.482450
vt 0.742690 0.491240
vt 0.742410 0.479030
vt 0.746670 0.487940
vt 0.751480 0.496260
vt 0.750530 0.484580
vt 0.755670 0.492740
vt 0.761070 0.500400
vt 0.759740 0.488860
vt 0.765500 0.496250
vt 0.771240 0.503630
vt 0.769720 0.491450
vt 0.763630 0.484640
vt 0.767190 0.479840
vt 0.407439 0.657245
vt 0.408976 0.660177
vt 0.410138 0.662441
vt 0.411943 0.665678
vt 0.414124 0.669324
vt 0.414512 0.669948
vt 0.412714 0.666977
vt 0.414124 0.669324
vt 0.414512 0.669948
vt 0.415383 0.671267
vt 0.417349 0.674320
vt 0.420291 0.678567
vt 0.422744 0.681894
vt 0.423803 0.683266
vt 0.420653 0.679078
vt 0.422744 0.681894
vt 0.401650 0.644245
vt 0.402797 0.646971
vt 0.404308 0.650614
vt 0.405402 0.653042
vt 0.405402 0.653042
vt 0.406648 0.655553
vt 0.427165 0.687445
vt 0.427422 0.687755
vt 0.427422 0.687755
vt 0.427815 0.688203
vt 0.434464 0.695601
vt 0.435190 0.696344
vt 0.433318 0.694383
vt 0.434464 0.695601
vt 0.436912 0.698107
vt 0.439309 0.700455
vt 0.398378 0.635268
vt 0.399849 0.639594
vt 0.399849 0.639594
vt 0.401099 0.642757
vt 0.439481 0.700619
vt 0.443669 0.704468
vt 0.447085 0.707431
vt 0.448365 0.708492
vt 0.445454 0.706028
vt 0.447085 0.707431
vt 0.393569 0.618529
vt 0.394189 0.620847
vt 0.396381 0.629006
vt 0.396527 0.629514
vt 0.396641 0.629845
vt 0.397215 0.631647
vt 0.396527 0.629514
vt 0.396641 0.629845
vt 0.451331 0.710869
vt 0.453266 0.712362
vt 0.457827 0.715731
vt 0.458238 0.716017
vt 0.457295 0.715343
vt 0.457827 0.715731
vt 0.460662 0.717709
vt 0.463258 0.719443
vt 0.392696 0.614649
vt 0.393569 0.618529
vt 0.391076 0.606749
vt 0.391112 0.606918
vt 0.391112 0.606918
vt 0.391231 0.607511
vt 0.463538 0.719626
vt 0.468245 0.722610
vt 0.389003 0.593718
vt 0.389516 0.597005
vt 0.391018 0.606423
vt 0.391076 0.606749
vt 0.473211 0.725600
vt 0.478108 0.728379
vt 0.470438 0.723953
vt 0.472161 0.724996
vt 0.472161 0.724996
vt 0.473211 0.725600
vt 0.387347 0.578498
vt 0.387540 0.580244
vt 0.388131 0.586469
vt 0.388168 0.586773
vt 0.483314 0.731129
vt 0.487958 0.733438
vt 0.478329 0.728501
vt 0.481705 0.730280
vt 0.481705 0.730280
vt 0.483314 0.731129
vt 0.386244 0.561345
vt 0.386387 0.563742
vt 0.387119 0.575604
vt 0.387347 0.578498
vt 0.494029 0.736280
vt 0.495653 0.736974
vt 0.489865 0.734349
vt 0.493057 0.735834
vt 0.493057 0.735834
vt 0.494029 0.736280
vt 0.502286 0.739782
vt 0.505255 0.740977
vt 0.385959 0.548878
vt 0.386000 0.552546
vt 0.386184 0.559549
vt 0.386244 0.561345
vt 0.511101 0.743140
vt 0.515664 0.744717
vt 0.507351 0.741768
vt 0.511101 0.743140
vt 0.518257 0.745620
vt 0.523176 0.747196
vt 0.386266 0.525695
vt 0.386088 0.532366
vt 0.385988 0.536587
vt 0.385909 0.543654
vt 0.529362 0.749124
vt 0.535615 0.750819
vt 0.523985 0.747450
vt 0.529362 0.749124
vt 0.387175 0.507977
vt 0.386830 0.513965
vt 0.386506 0.519855
vt 0.386266 0.525695
vt 0.542209 0.752633
vt 0.542253 0.752643
vt 0.540597 0.752190
vt 0.542168 0.752622
vt 0.542168 0.752622
vt 0.542209 0.752633
vt 0.555691 0.755835
vt 0.555764 0.755851
vt 0.388573 0.490532
vt 0.387974 0.497566
vt 0.387662 0.501352
vt 0.387175 0.507977
vt 0.555764 0.755851
vt 0.559537 0.756586
vt 0.570339 0.758603
vt 0.576903 0.759693
vt 0.563029 0.757267
vt 0.570339 0.758603
vt 0.579088 0.760056
vt 0.585624 0.761053
vt 0.390391 0.473327
vt 0.390235 0.474797
vt 0.389456 0.481880
vt 0.389200 0.484373
vt 0.593528 0.762109
vt 0.598625 0.762638
vt 0.587623 0.761327
vt 0.593528 0.762109
vt 0.604942 0.763318
vt 0.609640 0.763725
vt 0.392486 0.456806
vt 0.392120 0.459578
vt 0.390614 0.471508
vt 0.390391 0.473327
vt 0.617791 0.764333
vt 0.621115 0.764470
vt 0.613755 0.764059
vt 0.617791 0.764333
vt 0.632210 0.765043
vt 0.634219 0.765103
vt 0.394746 0.440854
vt 0.394289 0.443961
vt 0.392886 0.453892
vt 0.392486 0.456806
vt 0.642708 0.765365
vt 0.643365 0.765387
vt 0.642544 0.765362
vt 0.642708 0.765365
vt 0.642289 0.765355
vt 0.642544 0.765362
vt 0.650999 0.765613
vt 0.655905 0.765639
vt 0.666405 0.765729
vt 0.668029 0.765732
vt 0.396953 0.425796
vt 0.396592 0.428219
vt 0.395172 0.437957
vt 0.394746 0.440854
vt 0.668029 0.765732
vt 0.671307 0.765690
vt 0.676467 0.765654
vt 0.681550 0.765504
vt 0.399156 0.411295
vt 0.399072 0.411826
vt 0.397262 0.423803
vt 0.396953 0.425796
vt 0.694290 0.765043
vt 0.698419 0.764854
vt 0.693071 0.765139
vt 0.694290 0.765043
vt 0.690796 0.765240
vt 0.693071 0.765139
vt 0.401456 0.396695
vt 0.400449 0.402954
vt 0.399214 0.410899
vt 0.399156 0.411295
vt 0.399568 0.408626
vt 0.399214 0.410899
vt 0.709498 0.764145
vt 0.713348 0.763757
vt 0.702491 0.764639
vt 0.709498 0.764145
vt 0.403867 0.381919
vt 0.403780 0.382431
vt 0.402074 0.392847
vt 0.401456 0.396695
vt 0.725932 0.762715
vt 0.725959 0.762712
vt 0.725923 0.762716
vt 0.725932 0.762715
vt 0.725907 0.762717
vt 0.725923 0.762716
vt 0.406111 0.368673
vt 0.405122 0.374435
vt 0.403910 0.381690
vt 0.403867 0.381919
vt 0.403986 0.381235
vt 0.403910 0.381690
vt 0.744617 0.760661
vt 0.750406 0.760006
vt 0.742528 0.760973
vt 0.744617 0.760661
vt 0.738465 0.761444
vt 0.742528 0.760973
vt 0.409343 0.349654
vt 0.408043 0.357304
vt 0.407164 0.362720
vt 0.406507 0.366276
vt 0.407756 0.359081
vt 0.407164 0.362720
vt 0.410950 0.339568
vt 0.409597 0.347996
vt 0.412513 0.329294
vt 0.411092 0.338642
vt 0.413895 0.319635
vt 0.412544 0.329076
vt 0.776521 0.756303
vt 0.776643 0.756283
vt 0.759359 0.758839
vt 0.763496 0.758211
vt 0.751159 0.759917
vt 0.759359 0.758839
vt 0.776643 0.756283
vt 0.777100 0.756205
vt 0.785741 0.754770
vt 0.792648 0.753518
vt 0.416625 0.298850
vt 0.416054 0.303552
vt 0.416054 0.303552
vt 0.415510 0.307645
vt 0.414638 0.314362
vt 0.413998 0.318861
vt 0.415063 0.311128
vt 0.414638 0.314362
vt 0.810111 0.750215
vt 0.815448 0.749089
vt 0.797987 0.752613
vt 0.805262 0.751187
vt 0.419147 0.277075
vt 0.418937 0.279080
vt 0.418937 0.279080
vt 0.418592 0.281993
vt 0.418298 0.284678
vt 0.417960 0.287817
vt 0.417449 0.291959
vt 0.417068 0.295060
vt 0.417624 0.290511
vt 0.417449 0.291959
vt 0.831073 0.745493
vt 0.835896 0.744287
vt 0.820729 0.747958
vt 0.825646 0.746745
vt 0.421812 0.248476
vt 0.421117 0.256855
vt 0.420974 0.258697
vt 0.420704 0.261859
vt 0.420501 0.263896
vt 0.420350 0.265437
vt 0.419966 0.269123
vt 0.419950 0.269255
vt 0.419972 0.269064
vt 0.419966 0.269123
vt 0.848087 0.741093
vt 0.856601 0.738624
vt 0.840257 0.743248
vt 0.846256 0.741569
vt 0.404266 0.089713
vt 0.407110 0.097594
vt 0.423082 0.229237
vt 0.422930 0.231341
vt 0.422930 0.231341
vt 0.422790 0.234382
vt 0.422544 0.238986
vt 0.422004 0.245102
vt 0.867164 0.735499
vt 0.869261 0.734785
vt 0.865145 0.736147
vt 0.866414 0.735772
vt 0.866414 0.735772
vt 0.867164 0.735499
vt 0.387890 0.054554
vt 0.391680 0.061955
vt 0.395831 0.070098
vt 0.396566 0.071694
vt 0.399935 0.078874
vt 0.400569 0.080688
vt 0.400569 0.080688
vt 0.401875 0.084117
vt 0.408284 0.100782
vt 0.410652 0.108210
vt 0.410652 0.108210
vt 0.411968 0.113010
vt 0.415777 0.126980
vt 0.415842 0.127344
vt 0.415498 0.125874
vt 0.415777 0.126980
vt 0.417497 0.134476
vt 0.417928 0.137033
vt 0.418932 0.141910
vt 0.419651 0.146536
vt 0.420175 0.149458
vt 0.421050 0.156032
vt 0.423753 0.209398
vt 0.423557 0.219281
vt 0.423557 0.219281
vt 0.423205 0.224657
vt 0.887243 0.728830
vt 0.896264 0.725372
vt 0.879745 0.731494
vt 0.887016 0.728910
vt 0.901485 0.723357
vt 0.905427 0.721416
vt 0.909174 0.719735
vt 0.914487 0.716860
vt 0.917102 0.715350
vt 0.923353 0.711082
vt 0.925137 0.709091
vt 0.931946 0.703575
vt 0.932995 0.702587
vt 0.940234 0.696510
vt 0.941162 0.695746
vt 0.948440 0.690169
vt 0.949614 0.689336
vt 0.956664 0.684586
vt 0.958254 0.683632
vt 0.965033 0.679880
vt 0.373504 0.029917
vt 0.377093 0.036664
vt 0.379198 0.039041
vt 0.382806 0.045596
vt 0.382806 0.045596
vt 0.386366 0.052509
vt 0.422231 0.165819
vt 0.422236 0.165861
vt 0.422236 0.165861
vt 0.422236 0.165868
vt 0.423153 0.176545
vt 0.423167 0.177328
vt 0.423643 0.187682
vt 0.423635 0.188994
vt 0.423788 0.199842
vt 0.423760 0.207754
vt 0.423829 0.198696
vt 0.423788 0.199842
vt 0.408976 0.660177
vt 0.409596 0.661438
vt 0.409596 0.661438
vt 0.410138 0.662441
vt 0.411943 0.665678
vt 0.412714 0.666977
vt 0.415383 0.671267
vt 0.417349 0.674320
vt 0.420291 0.678567
vt 0.420450 0.678800
vt 0.420450 0.678800
vt 0.420653 0.679078
vt 0.425009 0.684810
vt 0.427165 0.687445
vt 0.423803 0.683266
vt 0.425009 0.684810
vt 0.402797 0.646971
vt 0.403481 0.648733
vt 0.403481 0.648733
vt 0.404308 0.650614
vt 0.406648 0.655553
vt 0.407439 0.657245
vt 0.427815 0.688203
vt 0.431229 0.692127
vt 0.431229 0.692127
vt 0.433318 0.694383
vt 0.435190 0.696344
vt 0.436912 0.698107
vt 0.439382 0.700526
vt 0.439481 0.700619
vt 0.439309 0.700455
vt 0.439382 0.700526
vt 0.397215 0.631647
vt 0.398042 0.634214
vt 0.398042 0.634214
vt 0.398177 0.634660
vt 0.398177 0.634660
vt 0.398378 0.635268
vt 0.401099 0.642757
vt 0.401650 0.644245
vt 0.443669 0.704468
vt 0.445454 0.706028
vt 0.449733 0.709620
vt 0.451331 0.710869
vt 0.448365 0.708492
vt 0.449733 0.709620
vt 0.394189 0.620847
vt 0.395000 0.624107
vt 0.395000 0.624107
vt 0.396381 0.629006
vt 0.453266 0.712362
vt 0.457295 0.715343
vt 0.458238 0.716017
vt 0.460662 0.717709
vt 0.391231 0.607511
vt 0.392062 0.611593
vt 0.392062 0.611593
vt 0.392282 0.612744
vt 0.392282 0.612744
vt 0.392696 0.614649
vt 0.469176 0.723187
vt 0.470438 0.723953
vt 0.468245 0.722610
vt 0.469176 0.723187
vt 0.463258 0.719443
vt 0.463384 0.719526
vt 0.463384 0.719526
vt 0.463538 0.719626
vt 0.389516 0.597005
vt 0.390001 0.600433
vt 0.390001 0.600433
vt 0.391018 0.606423
vt 0.478108 0.728379
vt 0.478232 0.728450
vt 0.478266 0.728468
vt 0.478329 0.728501
vt 0.478232 0.728450
vt 0.478266 0.728468
vt 0.388168 0.586773
vt 0.389003 0.593718
vt 0.387540 0.580244
vt 0.388131 0.586469
vt 0.487958 0.733438
vt 0.488621 0.733770
vt 0.488921 0.733912
vt 0.489865 0.734349
vt 0.488621 0.733770
vt 0.488921 0.733912
vt 0.386387 0.563742
vt 0.386715 0.570047
vt 0.386715 0.570047
vt 0.387119 0.575604
vt 0.495653 0.736974
vt 0.499558 0.738690
vt 0.499558 0.738690
vt 0.502286 0.739782
vt 0.385909 0.543654
vt 0.385959 0.548878
vt 0.386000 0.552546
vt 0.386184 0.559549
vt 0.515664 0.744717
vt 0.517067 0.745225
vt 0.505255 0.740977
vt 0.507351 0.741768
vt 0.517067 0.745225
vt 0.518257 0.745620
vt 0.386088 0.532366
vt 0.386015 0.534659
vt 0.386015 0.534659
vt 0.385988 0.536587
vt 0.535615 0.750819
vt 0.535755 0.750861
vt 0.523176 0.747196
vt 0.523985 0.747450
vt 0.535884 0.750896
vt 0.540597 0.752190
vt 0.535755 0.750861
vt 0.535884 0.750896
vt 0.386830 0.513965
vt 0.386654 0.516802
vt 0.386654 0.516802
vt 0.386506 0.519855
vt 0.542253 0.752643
vt 0.548858 0.754334
vt 0.548858 0.754334
vt 0.555691 0.755835
vt 0.559537 0.756586
vt 0.562953 0.757252
vt 0.387974 0.497566
vt 0.387824 0.499228
vt 0.387824 0.499228
vt 0.387662 0.501352
vt 0.576903 0.759693
vt 0.577896 0.759873
vt 0.562953 0.757252
vt 0.563029 0.757267
vt 0.577896 0.759873
vt 0.579088 0.760056
vt 0.389200 0.484373
vt 0.388573 0.490532
vt 0.390235 0.474797
vt 0.389456 0.481880
vt 0.598625 0.762638
vt 0.601542 0.762997
vt 0.585624 0.761053
vt 0.587623 0.761327
vt 0.601542 0.762997
vt 0.604942 0.763318
vt 0.392120 0.459578
vt 0.391422 0.464966
vt 0.391422 0.464966
vt 0.390614 0.471508
vt 0.621115 0.764470
vt 0.625986 0.764796
vt 0.609640 0.763725
vt 0.613755 0.764059
vt 0.625986 0.764796
vt 0.632210 0.765043
vt 0.394289 0.443961
vt 0.393595 0.448761
vt 0.393595 0.448761
vt 0.392886 0.453892
vt 0.634219 0.765103
vt 0.642289 0.765355
vt 0.655905 0.765639
vt 0.659526 0.765726
vt 0.643365 0.765387
vt 0.650999 0.765613
vt 0.659526 0.765726
vt 0.666405 0.765729
vt 0.396592 0.428219
vt 0.395867 0.433195
vt 0.395867 0.433195
vt 0.395172 0.437957
vt 0.681550 0.765504
vt 0.684793 0.765458
vt 0.671307 0.765690
vt 0.676467 0.765654
vt 0.399072 0.411826
vt 0.398048 0.418527
vt 0.398048 0.418527
vt 0.397262 0.423803
vt 0.684793 0.765458
vt 0.690796 0.765240
vt 0.700646 0.764730
vt 0.701298 0.764709
vt 0.698419 0.764854
vt 0.700646 0.764730
vt 0.400449 0.402954
vt 0.400285 0.404030
vt 0.400175 0.404720
vt 0.399568 0.408626
vt 0.400285 0.404030
vt 0.400175 0.404720
vt 0.713348 0.763757
vt 0.717702 0.763443
vt 0.701298 0.764709
vt 0.702491 0.764639
vt 0.403780 0.382431
vt 0.402641 0.389301
vt 0.402641 0.389301
vt 0.402074 0.392847
vt 0.717702 0.763443
vt 0.725907 0.762717
vt 0.732141 0.762057
vt 0.734207 0.761893
vt 0.725959 0.762712
vt 0.732141 0.762057
vt 0.406507 0.366276
vt 0.406111 0.368673
vt 0.404746 0.376798
vt 0.403986 0.381235
vt 0.405122 0.374435
vt 0.404746 0.376798
vt 0.734207 0.761893
vt 0.738465 0.761444
vt 0.750757 0.759963
vt 0.750882 0.759951
vt 0.750406 0.760006
vt 0.750757 0.759963
vt 0.409597 0.347996
vt 0.409343 0.349654
vt 0.407902 0.358209
vt 0.407756 0.359081
vt 0.408043 0.357304
vt 0.407902 0.358209
vt 0.412544 0.329076
vt 0.412529 0.329183
vt 0.412529 0.329183
vt 0.412513 0.329294
vt 0.411029 0.339086
vt 0.410950 0.339568
vt 0.411092 0.338642
vt 0.411029 0.339086
vt 0.413998 0.318861
vt 0.413947 0.319263
vt 0.413947 0.319263
vt 0.413895 0.319635
vt 0.767919 0.757665
vt 0.776521 0.756303
vt 0.763496 0.758211
vt 0.767919 0.757665
vt 0.750882 0.759951
vt 0.751159 0.759917
vt 0.792648 0.753518
vt 0.795307 0.753080
vt 0.777100 0.756205
vt 0.785741 0.754770
vt 0.417068 0.295060
vt 0.416882 0.296774
vt 0.416882 0.296774
vt 0.416625 0.298850
vt 0.415264 0.309652
vt 0.415063 0.311128
vt 0.415510 0.307645
vt 0.415264 0.309652
vt 0.805262 0.751187
vt 0.810111 0.750215
vt 0.795307 0.753080
vt 0.797987 0.752613
vt 0.419950 0.269255
vt 0.419512 0.273750
vt 0.419512 0.273750
vt 0.419147 0.277075
vt 0.418393 0.283862
vt 0.418298 0.284678
vt 0.418592 0.281993
vt 0.418393 0.283862
vt 0.417960 0.287817
vt 0.417624 0.290511
vt 0.825646 0.746745
vt 0.831073 0.745493
vt 0.815448 0.749089
vt 0.820729 0.747958
vt 0.421117 0.256855
vt 0.421010 0.258226
vt 0.420988 0.258525
vt 0.420974 0.258697
vt 0.421010 0.258226
vt 0.420988 0.258525
vt 0.420704 0.261859
vt 0.420501 0.263896
vt 0.420350 0.265437
vt 0.419972 0.269064
vt 0.846256 0.741569
vt 0.848087 0.741093
vt 0.835896 0.744287
vt 0.840257 0.743248
vt 0.407110 0.097594
vt 0.407572 0.098743
vt 0.407825 0.099359
vt 0.408284 0.100782
vt 0.407572 0.098743
vt 0.407825 0.099359
vt 0.422790 0.234382
vt 0.422544 0.238986
vt 0.422004 0.245102
vt 0.421812 0.248476
vt 0.869261 0.734785
vt 0.877110 0.732256
vt 0.856601 0.738624
vt 0.859583 0.737842
vt 0.859583 0.737842
vt 0.865145 0.736147
vt 0.391680 0.061955
vt 0.392482 0.063187
vt 0.393081 0.064190
vt 0.395831 0.070098
vt 0.392482 0.063187
vt 0.393081 0.064190
vt 0.396566 0.071694
vt 0.399935 0.078874
vt 0.401875 0.084117
vt 0.404266 0.089713
vt 0.411968 0.113010
vt 0.413437 0.117811
vt 0.413437 0.117811
vt 0.415498 0.125874
vt 0.415842 0.127344
vt 0.417497 0.134476
vt 0.417928 0.137033
vt 0.418932 0.141910
vt 0.419651 0.146536
vt 0.420175 0.149458
vt 0.421222 0.157256
vt 0.422231 0.165819
vt 0.421050 0.156032
vt 0.421222 0.157256
vt 0.423760 0.207754
vt 0.423755 0.209137
vt 0.423755 0.209137
vt 0.423753 0.209398
vt 0.423205 0.224657
vt 0.423082 0.229237
vt 0.887016 0.728910
vt 0.887243 0.728830
vt 0.877110 0.732256
vt 0.879745 0.731494
vt 0.896264 0.725372
vt 0.901485 0.723357
vt 0.905427 0.721416
vt 0.909174 0.719735
vt 0.914487 0.716860
vt 0.917102 0.715350
vt 0.923353 0.711082
vt 0.925137 0.709091
vt 0.931946 0.703575
vt 0.932995 0.702587
vt 0.940234 0.696510
vt 0.941162 0.695746
vt 0.948440 0.690169
vt 0.949614 0.689336
vt 0.956664 0.684586
vt 0.958254 0.683632
vt 0.371028 0.027795
vt 0.373504 0.029917
vt 0.377093 0.036664
vt 0.379198 0.039041
vt 0.386366 0.052509
vt 0.387890 0.054554
vt 0.422236 0.165868
vt 0.423153 0.176545
vt 0.423167 0.177328
vt 0.423643 0.187682
vt 0.423635 0.188994
vt 0.423829 0.198696
vt 0.439627 0.993263
vt 0.058297 0.322210
vt 0.644044 0.979214
vt 0.099777 0.245759
vt 0.795095 0.903970
vt 0.783805 0.102757
vt 0.058994 0.743606
vt 0.866567 0.169565
vt 0.015127 0.438282
vt 0.321454 0.040602
vt 0.669212 0.032704
vt 0.254360 0.079343
vt 0.130217 0.824715
vt 0.883378 0.185482
vt 0.885567 0.812478
vt 0.160010 0.844866
vt 0.784304 0.103135
vt 0.607938 0.988590
vt 0.933016 0.255230
vt 0.118679 0.213880
vt 0.009011 0.608885
vt 0.030795 0.386666
vt 0.519208 0.998918
vt 0.418990 0.987252
vt 0.003341 0.575407
vt 0.118034 0.815758
vt 0.371193 0.973043
vt 0.600479 0.012197
vt 0.452612 0.996228
vt 0.622761 0.985097
vt 0.719698 0.946133
vt 0.012742 0.627085
vt 0.181648 0.138340
vt 0.255109 0.078757
vt 0.028509 0.674307
vt 0.712288 0.053931
vt 0.581133 0.992866
vt 0.930582 0.250865
vt 0.252076 0.080982
vt 0.806241 0.895603
vt 0.005632 0.476402
vt 0.999667 0.539119
vt 0.038209 0.699315
vt 0.620127 0.016545
vt 0.150365 0.170586
vt 0.140319 0.182902
vt 0.043930 0.711563
vt 0.674887 0.967658
vt 0.801368 0.899149
vt 0.940531 0.737384
vt 0.895221 0.801401
vt 0.009065 0.609141
vt 0.733279 0.067839
vt 0.102072 0.241967
vt 0.644400 0.979120
vt 0.161209 0.845698
vt 0.674192 0.034440
vt 0.840014 0.864570
vt 0.002003 0.564283
vt 0.572034 0.993846
vt 0.871696 0.174060
vt 0.025330 0.404909
vt 0.019063 0.423758
vt 0.101526 0.801153
vt 0.491163 0.999974
vt 0.976243 0.664983
vt 0.849166 0.154486
vt 0.760983 0.086344
vt 0.115104 0.813634
vt 0.437945 0.004869
vt 0.287691 0.058580
vt 0.989473 0.416907
vt 0.023888 0.662822
vt 0.071138 0.764329
vt 0.738304 0.070521
vt 0.974255 0.359035
vt 0.074073 0.292044
vt 0.602624 0.989519
vt 0.549505 0.005041
vt 0.347028 0.031993
vt 0.993553 0.435142
vt 0.298386 0.052209
vt 0.883536 0.815203
vt 0.324498 0.958427
vt 0.940435 0.271134
vt 0.161959 0.846288
vt 0.377219 0.022415
vt 0.339768 0.964864
vt 0.518571 0.998957
vt 0.810425 0.892018
vt 0.634457 0.020470
vt 0.023344 0.661306
vt 0.689714 0.960627
vt 0.614562 0.014552
vt 0.988731 0.620496
vt 0.075071 0.290380
vt 0.108792 0.229728
vt 0.704686 0.953956
vt 0.000218 0.538843
vt 0.404675 0.013162
vt 0.699663 0.956411
vt 0.709063 0.951521
vt 0.839124 0.865594
vt 0.172506 0.147746
vt 0.941483 0.273567
vt 0.563037 0.994654
vt 0.050403 0.337292
vt 0.508874 0.999224
vt 0.018571 0.425196
vt 0.434717 0.005204
vt 0.828133 0.876397
vt 0.998531 0.471601
vt 0.605712 0.012981
vt 0.136647 0.829263
vt 0.460282 0.001837
vt 0.002656 0.569867
vt 0.718963 0.946484
vt 0.278098 0.934690
vt 0.755519 0.927730
vt 0.018075 0.644560
vt 0.527477 0.003552
vt 0.161516 0.845916
vt 0.055428 0.735998
vt 0.605216 0.012887
vt 0.111382 0.225429
vt 0.459538 0.997867
vt 0.579801 0.992964
vt 0.270639 0.068529
vt 0.999827 0.514073
vt 0.076319 0.771621
vt 0.000869 0.516585
vt 0.003803 0.485293
vt 0.398711 0.981861
vt 0.845445 0.858658
vt 0.761888 0.086929
vt 0.375137 0.023098
vt 0.521462 0.002822
vt 0.691163 0.042820
vt 0.887722 0.190568
vt 0.688179 0.961324
vt 0.994755 0.444506
vt 0.964167 0.329986
vt 0.994507 0.440275
vt 0.566822 0.007748
vt 0.037128 0.369648
vt 0.624318 0.017903
vt 0.040609 0.360416
vt 0.493113 0.000000
vt 0.775368 0.916818
vt 0.027131 0.400029
vt 0.385633 0.978328
vt 0.807647 0.121133
vt 0.805509 0.119571
vt 0.662566 0.972610
vt 0.504205 0.999627
vt 0.957106 0.310100
vt 0.964269 0.695283
vt 0.316699 0.954076
vt 0.355245 0.969364
vt 0.931990 0.253564
vt 0.895832 0.800627
vt 0.324508 0.039158
vt 0.188976 0.871176
vt 0.545687 0.996297
vt 0.309488 0.950048
vt 0.996798 0.572998
vt 0.043945 0.711595
vt 0.477150 0.999291
vt 0.083237 0.274440
vt 0.749458 0.078139
vt 0.043896 0.711492
vt 0.541908 0.996750
vt 0.020371 0.419795
vt 0.175300 0.858561
vt 0.826750 0.135797
vt 0.092588 0.258387
vt 0.666946 0.970839
vt 0.488492 0.999936
vt 0.533553 0.997550
vt 0.294321 0.941881
vt 0.830232 0.139022
vt 0.109947 0.808647
vt 0.850972 0.852572
vt 0.634618 0.020510
vt 0.355347 0.969398
vt 0.485907 0.999803
vt 0.359228 0.970277
vt 0.324661 0.958496
vt 0.788156 0.908540
vt 0.355448 0.969424
vt 0.209272 0.890089
vt 0.912498 0.778242
vt 0.851023 0.156167
vt 0.536290 0.004187
vt 0.370867 0.972947
vt 0.199077 0.122392
vt 0.659836 0.973634
vt 0.202459 0.883897
vt 0.017936 0.427715
vt 0.760056 0.085680
vt 0.548476 0.995937
vt 0.690773 0.960162
vt 0.910410 0.217823
vt 0.582894 0.992577
vt 0.979544 0.654843
vt 0.563895 0.994564
vt 0.628951 0.983439
vt 0.644668 0.979038
vt 0.033057 0.686827
vt 0.893749 0.803161
vt 0.029775 0.678667
vt 0.694554 0.045212
vt 0.820636 0.883301
vt 0.464175 0.001336
vt 0.230413 0.908117
vt 0.066382 0.756914
vt 0.464921 0.001273
vt 0.596076 0.990556
vt 0.201865 0.120052
vt 0.949306 0.290913
vt 0.867390 0.833939
vt 0.817404 0.886621
vt 0.971289 0.350646
vt 0.197886 0.123325
vt 0.309644 0.950131
vt 0.008042 0.464492
vt 0.370572 0.972851
vt 0.896238 0.199948
vt 0.089013 0.787948
vt 0.430207 0.990630
vt 0.126565 0.201914
vt 0.741906 0.072844
vt 0.656011 0.027938
vt 0.224397 0.903308
vt 0.178590 0.861745
vt 0.894896 0.801808
vt 0.195799 0.125207
vt 0.013166 0.444033
vt 0.982880 0.385925
vt 0.849885 0.853715
vt 0.994022 0.589593
vt 0.723107 0.061973
vt 0.604386 0.012731
vt 0.784034 0.102956
vt 0.653426 0.976042
vt 0.849140 0.854477
vt 0.897534 0.201392
vt 0.733005 0.939458
vt 0.163820 0.156506
vt 0.918622 0.770431
vt 0.023613 0.662117
vt 0.967513 0.689033
vt 0.051466 0.727578
vt 0.276275 0.064751
vt 0.080910 0.777746
vt 0.921358 0.235706
vt 0.005659 0.589872
vt 0.684811 0.038146
vt 0.152630 0.167848
vt 0.940806 0.272209
vt 0.806467 0.120377
vt 0.959606 0.316581
vt 0.984873 0.394036
vt 0.930909 0.753922
vt 0.346903 0.032034
vt 0.897089 0.200912
vt 0.008844 0.607930
vt 0.943443 0.733046
vt 0.937674 0.265307
vt 0.257776 0.924845
vt 0.081907 0.276618
vt 0.759419 0.925695
vt 0.969407 0.684119
vt 0.999846 0.509352
vt 0.746438 0.932379
vt 0.001783 0.506383
vt 0.470052 0.998855
vt 0.030928 0.386263
vt 0.837805 0.866920
vt 0.661340 0.029942
vt 0.067585 0.759176
vt 0.990994 0.608605
vt 0.707446 0.050420
vt 0.954835 0.304881
vt 0.093796 0.793086
vt 0.906392 0.786219
vt 0.947773 0.725663
vt 0.617025 0.986584
vt 0.444837 0.994671
vt 0.508302 0.001073
vt 0.408282 0.012300
vt 0.771856 0.918942
vt 0.002829 0.495293
vt 0.858597 0.163082
vt 0.412609 0.985780
vt 0.518847 0.998944
vt 0.563510 0.994606
vt 0.489303 1.000000
vt 0.196903 0.878667
vt 0.986918 0.401732
vt 0.052418 0.333219
vt 0.166713 0.153348
vt 0.879786 0.819502
vt 0.043665 0.353213
vt 1.000000 0.489146
vt 0.000544 0.548980
vt 0.077735 0.773892
vt 0.059730 0.319724
vt 0.634984 0.020623
vt 0.280163 0.935677
vt 0.128964 0.198123
vt 0.347009 0.031998
vt 0.518750 0.998947
vt 0.742365 0.934549
vt 0.647170 0.024373
vt 0.984185 0.640430
vt 0.068386 0.760326
vt 0.748384 0.931465
vt 0.015267 0.636013
vt 0.008901 0.460926
vt 0.036406 0.695303
vt 0.065999 0.307097
vt 0.783698 0.911704
vt 0.261663 0.927237
vt 0.990055 0.615117
vt 0.046553 0.347044
vt 0.275640 0.933475
vt 0.066945 0.305323
vt 0.000000 0.527606
vt 0.536707 0.997431
vt 0.415500 0.986476
vt 0.225606 0.100883
vt 0.612606 0.987527
vt 0.090920 0.261434
vt 0.997866 0.464501
vt 0.235107 0.093398
vt 0.576498 0.009252
vt 0.718099 0.946948
vt 0.847165 0.152906
vt 0.305435 0.048571
vt 0.998315 0.564396
vt 0.979116 0.371801
vt 0.145930 0.835317
vt 0.141851 0.181234
vt 0.931419 0.753177
vt 0.768980 0.920603
vt 0.676370 0.035367
vt 0.703029 0.048360
vt 0.235754 0.911992
vt 0.860993 0.841414
vt 0.216307 0.896162
vt 0.998464 0.556286
vt 0.023529 0.661867
vt 0.043921 0.711545
vt 0.915853 0.226241
vt 0.898396 0.202560
vt 0.474441 0.999262
vt 0.872135 0.828528
vt 0.999958 0.520130
vt 0.968823 0.342731
vt 0.956190 0.711781
vt 0.245753 0.918289
vt 0.138720 0.185176
vt 0.400633 0.982394
vt 0.215961 0.108392
usemtl plum_skin
f 15/15 14/14 13/13
f 15/15 13/13 1/1
f 17/17 16/16 15/15
f 17/17 15/15 1/1
f 20/20 19/19 18/18
f 20/20 18/18 2/2
f 3/3 21/21 20/20
f 3/3 20/20 2/2
f 18/18 22/22 3/3
f 18/18 3/3 2/2
f 24/24 23/23 21/21
f 24/24 21/21 3/3
f 27/27 26/26 25/25
f 27/27 25/25 4/4
f 25/25 29/29 28/28
f 25/25 28/28 4/4
f 28/28 30/30 27/27
f 28/28 27/27 4/4
f 33/33 32/32 31/31
f 33/33 31/31 5/5
f 31/31 35/35 34/34
f 31/31 34/34 5/5
f 34/34 37/37 36/36
f 34/34 36/36 5/5
f 36/36 39/39 38/38
f 36/36 38/38 5/5
f 38/38 40/40 33/33
f 38/38 33/33 5/5
f 43/43 42/42 41/41
f 43/43 41/41 6/6
f 41/41 45/45 44/44
f 41/41 44/44 6/6
f 47/47 46/46 43/43
f 47/47 43/43 6/6
f 50/50 49/49 48/48
f 50/50 48/48 7/7
f 52/52 51/51 50/50
f 52/52 50/50 7/7
f 48/48 53/53 52/52
f 48/48 52/52 7/7
f 56/56 55/55 54/54
f 56/56 54/54 8/8
f 54/54 58/58 57/57
f 54/54 57/57 8/8
f 61/61 60/60 59/59
f 61/61 59/59 9/9
f 63/63 62/62 61/61
f 63/63 61/61 9/9
f 66/66 65/65 64/64
f 66/66 64/64 9/9
f 59/59 67/67 66/66
f 59/59 66/66 9/9
f 70/70 69/69 68/68
f 70/70 68/68 10/10
f 72/72 71/71 70/70
f 72/72 70/70 10/10
f 68/68 73/73 72/72
f 68/68 72/72 10/10
f 76/76 75/75 74/74
f 76/76 74/74 11/11
f 78/78 77/77 76/76
f 78/78 76/76 11/11
f 74/74 79/79 78/78
f 74/74 78/78 11/11
f 82/82 81/81 80/80
f 82/82 80/80 12/12
f 80/80 84/84 83/83
f 80/80 83/83 12/12
f 83/83 85/85 82/82
f 83/83 82/82 12/12
f 90/90 89/89 87/87
f 90/90 87/87 88/88
f 93/93 92/92 90/90
f 93/93 90/90 91/91
f 95/95 94/94 93/93
f 95/95 93/93 91/91
f 97/97 96/96 94/94
f 97/97 94/94 95/95
f 103/103 102/102 100/100
f 103/103 100/100 101/101
f 86/86 104/104 103/103
f 86/86 103/103 101/101
f 106/106 105/105 103/103
f 106/106 103/103 104/104
f 89/89 107/107 106/106
f 89/89 106/106 104/104
f 86/86 87/87 89/89
f 86/86 89/89 104/104
f 109/109 108/108 106/106
f 109/109 106/106 107/107
f 92/92 110/110 109/109
f 92/92 109/109 107/107
f 89/89 90/90 92/92
f 89/89 92/92 107/107
f 112/112 111/111 109/109
f 112/112 109/109 110/110
f 114/114 113/113 112/112
f 114/114 112/112 110/110
f 92/92 93/93 114/114
f 92/92 114/114 110/110
f 116/116 115/115 113/113
f 116/116 113/113 114/114
f 93/93 94/94 116/116
f 93/93 116/116 114/114
f 118/118 117/117 115/115
f 118/118 115/115 116/116
f 94/94 96/96 118/118
f 94/94 118/118 116/116
f 120/120 119/119 117/117
f 120/120 117/117 118/118
f 96/96 98/98 120/120
f 96/96 120/120 118/118
f 122/122 121/121 119/119
f 122/122 119/119 120/120
f 98/98 122/122 120/120
f 124/124 123/123 121/121
f 124/124 121/121 122/122
f 130/130 129/129 127/127
f 130/130 127/127 128/128
f 99/99 131/131 130/130
f 99/99 130/130 128/128
f 133/133 132/132 130/130
f 133/133 130/130 131/131
f 102/102 134/134 133/133
f 102/102 133/133 131/131
f 99/99 100/100 102/102
f 99/99 102/102 131/131
f 136/136 135/135 133/133
f 136/136 133/133 134/134
f 105/105 137/137 136/136
f 105/105 136/136 134/134
f 102/102 103/103 105/105
f 102/102 105/105 134/134
f 139/139 138/138 136/136
f 139/139 136/136 137/137
f 108/108 140/140 139/139
f 108/108 139/139 137/137
f 105/105 106/106 108/108
f 105/105 108/108 137/137
f 142/142 141/141 139/139
f 142/142 139/139 140/140
f 111/111 143/143 142/142
f 111/111 142/142 140/140
f 108/108 109/109 111/111
f 108/108 111/111 140/140
f 145/145 144/144 142/142
f 145/145 142/142 143/143
f 147/147 146/146 145/145
f 147/147 145/145 143/143
f 111/111 112/112 147/147
f 111/111 147/147 143/143
f 149/149 148/148 146/146
f 149/149 146/146 147/147
f 112/112 113/113 149/149
f 112/112 149/149 147/147
f 151/151 150/150 148/148
f 151/151 148/148 149/149
f 113/113 115/115 151/151
f 113/113 151/151 149/149
f 153/153 152/152 150/150
f 153/153 150/150 151/151
f 115/115 117/117 153/153
f 115/115 153/153 151/151
f 155/155 154/154 152/152
f 155/155 152/152 153/153
f 117/117 119/119 155/155
f 117/117 155/155 153/153
f 157/157 156/156 154/154
f 157/157 154/154 155/155
f 119/119 121/121 157/157
f 119/119 157/157 155/155
f 159/159 158/158 156/156
f 159/159 156/156 157/157
f 121/121 123/123 159/159
f 121/121 159/159 157/157
f 161/161 160/160 158/158
f 161/161 158/158 159/159
f 123/123 125/125 161/161
f 123/123 161/161 159/159
f 163/163 162/162 160/160
f 163/163 160/160 161/161
f 125/125 126/126 163/163
f 125/125 163/163 161/161
f 165/165 164/164 162/162
f 165/165 162/162 163/163
f 126/126 165/165 163/163
f 171/171 170/170 168/168
f 171/171 168/168 169/169
f 129/129 172/172 171/171
f 129/129 171/171 169/169
f 174/174 173/173 171/171
f 174/174 171/171 172/172
f 132/132 175/175 174/174
f 132/132 174/174 172/172
f 129/129 130/130 132/132
f 129/129 132/132 172/172
f 177/177 176/176 174/174
f 177/177 174/174 175/175
f 135/135 178/178 177/177
f 135/135 177/177 175/175
f 132/132 133/133 135/135
f 132/132 135/135 175/175
f 180/180 179/179 177/177
f 180/180 177/177 178/178
f 138/138 181/181 180/180
f 138/138 180/180 178/178
f 135/135 136/136 138/138
f 135/135 138/138 178/178
f 183/183 182/182 180/180
f 183/183 180/180 181/181
f 141/141 184/184 183/183
f 141/141 183/183 181/181
f 138/138 139/139 141/141
f 138/138 141/141 181/181
f 186/186 185/185 183/183
f 186/186 183/183 184/184
f 144/144 187/187 186/186
f 144/144 186/186 184/184
f 141/141 142/142 144/144
f 141/141 144/144 184/184
f 189/189 188/188 186/186
f 189/189 186/186 187/187
f 191/191 190/190 189/189
f 191/191 189/189 187/187
f 144/144 145/145 191/191
f 144/144 191/191 187/187
f 193/193 192/192 190/190
f 193/193 190/190 191/191
f 145/145 146/146 193/193
f 145/145 193/193 191/191
f 195/195 194/194 192/192
f 195/195 192/192 193/193
f 146/146 148/148 195/195
f 146/146 195/195 193/193
f 197/197 196/196 194/194
f 197/197 194/194 195/195
f 148/148 150/150 197/197
f 148/148 197/197 195/195
f 199/199 198/198 196/196
f 199/199 196/196 197/197
f 150/150 152/152 199/199
f 150/150 199/199 197/197
f 201/201 200/200 198/198
f 201/201 198/198 199/199
f 152/152 154/154 201/201
f 152/152 201/201 199/199
f 203/203 202/202 200/200
f 203/203 200/200 201/201
f 154/154 156/156 203/203
f 154/154 203/203 201/201
f 205/205 204/204 202/202
f 205/205 202/202 203/203
f 156/156 158/158 205/205
f 156/156 205/205 203/203
f 207/207 206/206 204/204
f 207/207 204/204 205/205
f 158/158 160/160 207/207
f 158/158 207/207 205/205
f 209/209 208/208 206/206
f 209/209 206/206 207/207
f 160/160 162/162 209/209
f 160/160 209/209 207/207
f 211/211 210/210 208/208
f 211/211 208/208 209/209
f 162/162 164/164 211/211
f 162/162 211/211 209/209
f 213/213 212/212 210/210
f 213/213 210/210 211/211
f 164/164 166/166 213/213
f 164/164 213/213 211/211
f 215/215 214/214 212/212
f 215/215 212/212 213/213
f 166/166 215/215 213/213
f 167/167 221/221 220/220
f 167/167 220/220 218/218
f 223/223 222/222 220/220
f 223/223 220/220 221/221
f 170/170 224/224 223/223
f 170/170 223/223 221/221
f 167/167 168/168 170/170
f 167/167 170/170 221/221
f 226/226 225/225 223/223
f 226/226 223/223 224/224
f 173/173 227/227 226/226
f 173/173 226/226 224/224
f 170/170 171/171 173/173
f 170/170 173/173 224/224
f 229/229 228/228 226/226
f 229/229 226/226 227/227
f 176/176 230/230 229/229
f 176/176 229/229 227/227
f 173/173 174/174 176/176
f 173/173 176/176 227/227
f 232/232 231/231 229/229
f 232/232 229/229 230/230
f 179/179 233/233 232/232
f 179/179 232/232 230/230
f 176/176 177/177 179/179
f 176/176 179/179 230/230
f 235/235 234/234 232/232
f 235/235 232/232 233/233
f 182/182 236/236 235/235
f 182/182 235/235 233/233
f 179/179 180/180 182/182
f 179/179 182/182 233/233
f 238/238 237/237 235/235
f 238/238 235/235 236/236
f 185/185 239/239 238/238
f 185/185 238/238 236/236
f 182/182 183/183 185/185
f 182/182 185/185 236/236
f 241/241 240/240 238/238
f 241/241 238/238 239/239
f 188/188 242/242 241/241
f 188/188 241/241 239/239
f 185/185 186/186 188/188
f 185/185 188/188 239/239
f 244/244 243/243 241/241
f 244/244 241/241 242/242
f 246/246 245/245 244/244
f 246/246 244/244 242/242
f 188/188 189/189 246/246
f 188/188 246/246 242/242
f 248/248 247/247 245/245
f 248/248 245/245 246/246
f 189/189 190/190 248/248
f 189/189 248/248 246/246
f 250/250 249/249 247/247
f 250/250 247/247 248/248
f 190/190 192/192 250/250
f 190/190 250/250 248/248
f 252/252 251/251 249/249
f 252/252 249/249 250/250
f 192/192 194/194 252/252
f 192/192 252/252 250/250
f 254/254 253/253 251/251
f 254/254 251/251 252/252
f 194/194 196/196 254/254
f 194/194 254/254 252/252
f 256/256 255/255 253/253
f 256/256 253/253 254/254
f 196/196 198/198 256/256
f 196/196 256/256 254/254
f 258/258 257/257 255/255
f 258/258 255/255 256/256
f 198/198 200/200 258/258
f 198/198 258/258 256/256
f 260/260 259/259 257/257
f 260/260 257/257 258/258
f 200/200 202/202 260/260
f 200/200 260/260 258/258
f 262/262 261/261 259/259
f 262/262 259/259 260/260
f 202/202 204/204 262/262
f 202/202 262/262 260/260
f 264/264 263/263 261/261
f 264/264 261/261 262/262
f 204/204 206/206 264/264
f 204/204 264/264 262/262
f 266/266 265/265 263/263
f 266/266 263/263 264/264
f 206/206 208/208 266/266
f 206/206 266/266 264/264
f 268/268 267/267 265/265
f 268/268 265/265 266/266
f 208/208 210/210 268/268
f 208/208 268/268 266/266
f 270/270 269/269 267/267
f 270/270 267/267 268/268
f 210/210 212/212 270/270
f 210/210 270/270 268/268
f 272/272 271/271 269/269
f 272/272 269/269 270/270
f 212/212 214/214 272/272
f 212/212 272/272 270/270
f 274/274 273/273 271/271
f 274/274 271/271 272/272
f 214/214 216/216 274/274
f 214/214 274/274 272/272
f 276/276 275/275 273/273
f 276/276 273/273 274/274
f 216/216 217/217 276/276
f 216/216 276/276 274/274
f 278/278 277/277 275/275
f 278/278 275/275 276/276
f 217/217 278/278 276/276
f 282/282 281/281 279/279
f 282/282 279/279 280/280
f 219/219 283/283 282/282
f 219/219 282/282 280/280
f 285/285 284/284 282/282
f 285/285 282/282 283/283
f 222/222 286/286 285/285
f 222/222 285/285 283/283
f 219/219 220/220 222/222
f 219/219 222/222 283/283
f 288/288 287/287 285/285
f 288/288 285/285 286/286
f 225/225 289/289 288/288
f 225/225 288/288 286/286
f 222/222 223/223 225/225
f 222/222 225/225 286/286
f 291/291 290/290 288/288
f 291/291 288/288 289/289
f 228/228 292/292 291/291
f 228/228 291/291 289/289
f 225/225 226/226 228/228
f 225/225 228/228 289/289
f 294/294 293/293 291/291
f 294/294 291/291 292/292
f 231/231 295/295 294/294
f 231/231 294/294 292/292
f 228/228 229/229 231/231
f 228/228 231/231 292/292
f 297/297 296/296 294/294
f 297/297 294/294 295/295
f 234/234 298/298 297/297
f 234/234 297/297 295/295
f 231/231 232/232 234/234
f 231/231 234/234 295/295
f 300/300 299/299 297/297
f 300/300 297/297 298/298
f 237/237 301/301 300/300
f 237/237 300/300 298/298
f 234/234 235/235 237/237
f 234/234 237/237 298/298
f 303/303 302/302 300/300
f 303/303 300/300 301/301
f 240/240 304/304 303/303
f 240/240 303/303 301/301
f 237/237 238/238 240/240
f 237/237 240/240 301/301
f 306/306 305/305 303/303
f 306/306 303/303 304/304
f 243/243 307/307 306/306
f 243/243 306/306 304/304
f 240/240 241/241 243/243
f 240/240 243/243 304/304
f 309/309 308/308 306/306
f 309/309 306/306 307/307
f 311/311 310/310 309/309
f 311/311 309/309 307/307
f 243/243 244/244 311/311
f 243/243 311/311 307/307
f 313/313 312/312 310/310
f 313/313 310/310 311/311
f 244/244 245/245 313/313
f 244/244 313/313 311/311
f 315/315 314/314 312/312
f 315/315 312/312 313/313
f 245/245 247/247 315/315
f 245/245 315/315 313/313
f 317/317 316/316 314/314
f 317/317 314/314 315/315
f 247/247 249/249 317/317
f 247/247 317/317 315/315
f 319/319 318/318 316/316
f 319/319 316/316 317/317
f 249/249 251/251 319/319
f 249/249 319/319 317/317
f 321/321 320/320 318/318
f 321/321 318/318 319/319
f 251/251 253/253 321/321
f 251/251 321/321 319/319
f 323/323 322/322 320/320
f 323/323 320/320 321/321
f 253/253 255/255 323/323
f 253/253 323/323 321/321
f 325/325 324/324 322/322
f 325/325 322/322 323/323
f 255/255 257/257 325/325
f 255/255 325/325 323/323
f 327/327 326/326 324/324
f 327/327 324/324 325/325
f 257/257 259/259 327/327
f 257/257 327/327 325/325
f 329/329 328/328 326/326
f 329/329 326/326 327/327
f 259/259 261/261 329/329
f 259/259 329/329 327/327
f 331/331 330/330 328/328
f 331/331 328/328 329/329
f 261/261 263/263 331/331
f 261/261 331/331 329/329
f 333/333 332/332 330/330
f 333/333 330/330 331/331
f 263/263 265/265 333/333
f 263/263 333/333 331/331
f 335/335 334/334 332/332
f 335/335 332/332 333/333
f 265/265 267/267 335/335
f 265/265 335/335 333/333
f 337/337 336/336 334/334
f 337/337 334/334 335/335
f 267/267 269/269 337/337
f 267/267 337/337 335/335
f 339/339 338/338 336/336
f 339/339 336/336 337/337
f 269/269 271/271 339/339
f 269/269 339/339 337/337
f 341/341 340/340 338/338
f 341/341 338/338 339/339
f 271/271 273/273 341/341
f 271/271 341/341 339/339
f 343/343 342/342 340/340
f 343/343 340/340 341/341
f 273/273 275/275 343/343
f 273/273 343/343 341/341
f 345/345 344/344 342/342
f 345/345 342/342 343/343
f 275/275 277/277 345/345
f 275/275 345/345 343/343
f 347/347 346/346 344/344
f 347/347 344/344 345/345
f 277/277 348/348 347/347
f 277/277 347/347 345/345
f 350/350 349/349 347/347
f 350/350 347/347 348/348
f 279/279 281/281 352/352
f 354/354 353/353 351/351
f 354/354 351/351 352/352
f 281/281 355/355 354/354
f 281/281 354/354 352/352
f 357/357 356/356 354/354
f 357/357 354/354 355/355
f 284/284 358/358 357/357
f 284/284 357/357 355/355
f 281/281 282/282 284/284
f 281/281 284/284 355/355
f 360/360 359/359 357/357
f 360/360 357/357 358/358
f 287/287 361/361 360/360
f 287/287 360/360 358/358
f 284/284 285/285 287/287
f 284/284 287/287 358/358
f 363/363 362/362 360/360
f 363/363 360/360 361/361
f 290/290 364/364 363/363
f 290/290 363/363 361/361
f 287/287 288/288 290/290
f 287/287 290/290 361/361
f 366/366 365/365 363/363
f 366/366 363/363 364/364
f 293/293 367/367 366/366
f 293/293 366/366 364/364
f 290/290 291/291 293/293
f 290/290 293/293 364/364
f 369/369 368/368 366/366
f 369/369 366/366 367/367
f 296/296 370/370 369/369
f 296/296 369/369 367/367
f 293/293 294/294 296/296
f 293/293 296/296 367/367
f 372/372 371/371 369/369
f 372/372 369/369 370/370
f 299/299 373/373 372/372
f 299/299 372/372 370/370
f 296/296 297/297 299/299
f 296/296 299/299 370/370
f 375/375 374/374 372/372
f 375/375 372/372 373/373
f 302/302 376/376 375/375
f 302/302 375/375 373/373
f 299/299 300/300 302/302
f 299/299 302/302 373/373
f 378/378 377/377 375/375
f 378/378 375/375 376/376
f 305/305 379/379 378/378
f 305/305 378/378 376/376
f 302/302 303/303 305/305
f 302/302 305/305 376/376
f 381/381 380/380 378/378
f 381/381 378/378 379/379
f 308/308 382/382 381/381
f 308/308 381/381 379/379
f 305/305 306/306 308/308
f 305/305 308/308 379/379
f 384/384 383/383 381/381
f 384/384 381/381 382/382
f 386/386 385/385 384/384
f 386/386 384/384 382/382
f 308/308 309/309 386/386
f 308/308 386/386 382/382
f 388/388 387/387 385/385
f 388/388 385/385 386/386
f 309/309 310/310 388/388
f 309/309 388/388 386/386
f 390/390 389/389 387/387
f 390/390 387/387 388/388
f 310/310 312/312 390/390
f 310/310 390/390 388/388
f 392/392 391/391 389/389
f 392/392 389/389 390/390
f 312/312 314/314 392/392
f 312/312 392/392 390/390
f 394/394 393/393 391/391
f 394/394 391/391 392/392
f 314/314 316/316 394/394
f 314/314 394/394 392/392
f 396/396 395/395 393/393
f 396/396 393/393 394/394
f 316/316 318/318 396/396
f 316/316 396/396 394/394
f 398/398 397/397 395/395
f 398/398 395/395 396/396
f 318/318 320/320 398/398
f 318/318 398/398 396/396
f 400/400 399/399 397/397
f 400/400 397/397 398/398
f 320/320 322/322 400/400
f 320/320 400/400 398/398
f 402/402 401/401 399/399
f 402/402 399/399 400/400
f 322/322 324/324 402/402
f 322/322 402/402 400/400
f 404/404 403/403 401/401
f 404/404 401/401 402/402
f 324/324 326/326 404/404
f 324/324 404/404 402/402
f 406/406 405/405 403/403
f 406/406 403/403 404/404
f 326/326 328/328 406/406
f 326/326 406/406 404/404
f 408/408 407/407 405/405
f 408/408 405/405 406/406
f 328/328 330/330 408/408
f 328/328 408/408 406/406
f 410/410 409/409 407/407
f 410/410 407/407 408/408
f 330/330 332/332 410/410
f 330/330 410/410 408/408
f 412/412 411/411 409/409
f 412/412 409/409 410/410
f 332/332 334/334 412/412
f 332/332 412/412 410/410
f 414/414 413/413 411/411
f 414/414 411/411 412/412
f 334/334 336/336 414/414
f 334/334 414/414 412/412
f 416/416 415/415 413/413
f 416/416 413/413 414/414
f 336/336 338/338 416/416
f 336/336 416/416 414/414
f 418/418 417/417 415/415
f 418/418 415/415 416/416
f 338/338 340/340 418/418
f 338/338 418/418 416/416
f 420/420 419/419 417/417
f 420/420 417/417 418/418
f 340/340 342/342 420/420
f 340/340 420/420 418/418
f 422/422 421/421 419/419
f 422/422 419/419 420/420
f 342/342 344/344 422/422
f 342/342 422/422 420/420
f 424/424 423/423 421/421
f 424/424 421/421 422/422
f 344/344 346/346 424/424
f 344/344 424/424 422/422
f 426/426 425/425 423/423
f 426/426 423/423 424/424
f 346/346 427/427 426/426
f 346/346 426/426 424/424
f 429/429 428/428 426/426
f 429/429 426/426 427/427
f 349/349 430/430 429/429
f 349/349 429/429 427/427
f 346/346 347/347 349/349
f 346/346 349/349 427/427
f 432/432 431/431 429/429
f 432/432 429/429 430/430
f 436/436 435/435 433/433
f 436/436 433/433 434/434
f 351/351 353/353 436/436
f 351/351 436/436 434/434
f 438/438 437/437 435/435
f 438/438 435/435 436/436
f 353/353 439/439 438/438
f 353/353 438/438 436/436
f 441/441 440/440 438/438
f 441/441 438/438 439/439
f 356/356 442/442 441/441
f 356/356 441/441 439/439
f 353/353 354/354 356/356
f 353/353 356/356 439/439
f 444/444 443/443 441/441
f 444/444 441/441 442/442
f 359/359 445/445 444/444
f 359/359 444/444 442/442
f 356/356 357/357 359/359
f 356/356 359/359 442/442
f 447/447 446/446 444/444
f 447/447 444/444 445/445
f 362/362 448/448 447/447
f 362/362 447/447 445/445
f 359/359 360/360 362/362
f 359/359 362/362 445/445
f 450/450 449/449 447/447
f 450/450 447/447 448/448
f 365/365 451/451 450/450
f 365/365 450/450 448/448
f 362/362 363/363 365/365
f 362/362 365/365 448/448
f 453/453 452/452 450/450
f 453/453 450/450 451/451
f 368/368 454/454 453/453
f 368/368 453/453 451/451
f 365/365 366/366 368/368
f 365/365 368/368 451/451
f 456/456 455/455 453/453
f 456/456 453/453 454/454
f 371/371 457/457 456/456
f 371/371 456/456 454/454
f 368/368 369/369 371/371
f 368/368 371/371 454/454
f 459/459 458/458 456/456
f 459/459 456/456 457/457
f 374/374 460/460 459/459
f 374/374 459/459 457/457
f 371/371 372/372 374/374
f 371/371 374/374 457/457
f 462/462 461/461 459/459
f 462/462 459/459 460/460
f 377/377 463/463 462/462
f 377/377 462/462 460/460
f 374/374 375/375 377/377
f 374/374 377/377 460/460
f 465/465 464/464 462/462
f 465/465 462/462 463/463
f 380/380 466/466 465/465
f 380/380 465/465 463/463
f 377/377 378/378 380/380
f 377/377 380/380 463/463
f 468/468 467/467 465/465
f 468/468 465/465 466/466
f 383/383 469/469 468/468
f 383/383 468/468 466/466
f 380/380 381/381 383/383
f 380/380 383/383 466/466
f 471/471 470/470 468/468
f 471/471 468/468 469/469
f 473/473 472/472 471/471
f 473/473 471/471 469/469
f 383/383 384/384 473/473
f 383/383 473/473 469/469
f 475/475 474/474 472/472
f 475/475 472/472 473/473
f 384/384 385/385 475/475
f 384/384 475/475 473/473
f 477/477 476/476 474/474
f 477/477 474/474 475/475
f 385/385 387/387 477/477
f 385/385 477/477 475/475
f 479/479 478/478 476/476
f 479/479 476/476 477/477
f 387/387 389/389 479/479
f 387/387 479/479 477/477
f 481/481 480/480 478/478
f 481/481 478/478 479/479
f 389/389 391/391 481/481
f 389/389 481/481 479/479
f 483/483 482/482 480/480
f 483/483 480/480 481/481
f 391/391 393/393 483/483
f 391/391 483/483 481/481
f 485/485 484/484 482/482
f 485/485 482/482 483/483
f 393/393 395/395 485/485
f 393/393 485/485 483/483
f 487/487 486/486 484/484
f 487/487 484/484 485/485
f 395/395 397/397 487/487
f 395/395 487/487 485/485
f 489/489 488/488 486/486
f 489/489 486/486 487/487
f 397/397 399/399 489/489
f 397/397 489/489 487/487
f 491/491 490/490 488/488
f 491/491 488/488 489/489
f 399/399 401/401 491/491
f 399/399 491/491 489/489
f 493/493 492/492 490/490
f 493/493 490/490 491/491
f 401/401 403/403 493/493
f 401/401 493/493 491/491
f 495/495 494/494 492/492
f 495/495 492/492 493/493
f 403/403 405/405 495/495
f 403/403 495/495 493/493
f 497/497 496/496 494/494
f 497/497 494/494 495/495
f 405/405 407/407 497/497
f 405/405 497/497 495/495
f 499/499 498/498 496/496
f 499/499 496/496 497/497
f 407/407 409/409 499/499
f 407/407 499/499 497/497
f 501/501 500/500 498/498
f 501/501 498/498 499/499
f 409/409 411/411 501/501
f 409/409 501/501 499/499
f 503/503 502/502 500/500
f 503/503 500/500 501/501
f 411/411 413/413 503/503
f 411/411 503/503 501/501
f 505/505 504/504 502/502
f 505/505 502/502 503/503
f 413/413 415/415 505/505
f 413/413 505/505 503/503
f 507/507 506/506 504/504
f 507/507 504/504 505/505
f 415/415 417/417 507/507
f 415/415 507/507 505/505
f 509/509 508/508 506/506
f 509/509 506/506 507/507
f 417/417 419/419 509/509
f 417/417 509/509 507/507
f 511/511 510/510 508/508
f 511/511 508/508 509/509
f 419/419 421/421 511/511
f 419/419 511/511 509/509
f 513/513 512/512 510/510
f 513/513 510/510 511/511
f 421/421 423/423 513/513
f 421/421 513/513 511/511
f 515/515 514/514 512/512
f 515/515 512/512 513/513
f 423/423 425/425 515/515
f 423/423 515/515 513/513
f 80/80 81/81 514/514
f 80/80 514/514 515/515
f 425/425 84/84 80/80
f 425/425 80/80 515/515
f 517/517 516/516 512/512
f 517/517 512/512 514/514
f 81/81 518/518 517/517
f 81/81 517/517 514/514
f 520/520 519/519 517/517
f 520/520 517/517 518/518
f 522/522 521/521 520/520
f 522/522 520/520 518/518
f 81/81 82/82 522/522
f 81/81 522/522 518/518
f 524/524 523/523 521/521
f 524/524 521/521 522/522
f 82/82 85/85 524/524
f 82/82 524/524 522/522
f 526/526 525/525 523/523
f 526/526 523/523 524/524
f 85/85 527/527 526/526
f 85/85 526/526 524/524
f 529/529 528/528 526/526
f 529/529 526/526 527/527
f 530/530 431/431 529/529
f 530/530 529/529 527/527
f 85/85 83/83 530/530
f 85/85 530/530 527/527
f 428/428 429/429 431/431
f 428/428 431/431 530/530
f 83/83 84/84 428/428
f 83/83 428/428 530/530
f 534/534 533/533 532/532
f 536/536 535/535 533/533
f 536/536 533/533 534/534
f 433/433 435/435 536/536
f 433/433 536/536 534/534
f 538/538 537/537 535/535
f 538/538 535/535 536/536
f 435/435 437/437 538/538
f 435/435 538/538 536/536
f 540/540 539/539 537/537
f 540/540 537/537 538/538
f 437/437 541/541 540/540
f 437/437 540/540 538/538
f 543/543 542/542 540/540
f 543/543 540/540 541/541
f 440/440 544/544 543/543
f 440/440 543/543 541/541
f 437/437 438/438 440/440
f 437/437 440/440 541/541
f 546/546 545/545 543/543
f 546/546 543/543 544/544
f 443/443 547/547 546/546
f 443/443 546/546 544/544
f 440/440 441/441 443/443
f 440/440 443/443 544/544
f 549/549 548/548 546/546
f 549/549 546/546 547/547
f 446/446 550/550 549/549
f 446/446 549/549 547/547
f 443/443 444/444 446/446
f 443/443 446/446 547/547
f 552/552 551/551 549/549
f 552/552 549/549 550/550
f 449/449 553/553 552/552
f 449/449 552/552 550/550
f 446/446 447/447 449/449
f 446/446 449/449 550/550
f 555/555 554/554 552/552
f 555/555 552/552 553/553
f 452/452 556/556 555/555
f 452/452 555/555 553/553
f 449/449 450/450 452/452
f 449/449 452/452 553/553
f 558/558 557/557 555/555
f 558/558 555/555 556/556
f 455/455 559/559 558/558
f 455/455 558/558 556/556
f 452/452 453/453 455/455
f 452/452 455/455 556/556
f 561/561 560/560 558/558
f 561/561 558/558 559/559
f 458/458 562/562 561/561
f 458/458 561/561 559/559
f 455/455 456/456 458/458
f 455/455 458/458 559/559
f 564/564 563/563 561/561
f 564/564 561/561 562/562
f 461/461 565/565 564/564
f 461/461 564/564 562/562
f 458/458 459/459 461/461
f 458/458 461/461 562/562
f 567/567 566/566 564/564
f 567/567 564/564 565/565
f 464/464 568/568 567/567
f 464/464 567/567 565/565
f 461/461 462/462 464/464
f 461/461 464/464 565/565
f 570/570 569/569 567/567
f 570/570 567/567 568/568
f 467/467 571/571 570/570
f 467/467 570/570 568/568
f 464/464 465/465 467/467
f 464/464 467/467 568/568
f 573/573 572/572 570/570
f 573/573 570/570 571/571
f 470/470 574/574 573/573
f 470/470 573/573 571/571
f 467/467 468/468 470/470
f 467/467 470/470 571/571
f 576/576 575/575 573/573
f 576/576 573/573 574/574
f 578/578 577/577 576/576
f 578/578 576/576 574/574
f 470/470 471/471 578/578
f 470/470 578/578 574/574
f 580/580 579/579 577/577
f 580/580 577/577 578/578
f 471/471 472/472 580/580
f 471/471 580/580 578/578
f 582/582 581/581 579/579
f 582/582 579/579 580/580
f 472/472 474/474 582/582
f 472/472 582/582 580/580
f 584/584 583/583 581/581
f 584/584 581/581 582/582
f 474/474 476/476 584/584
f 474/474 584/584 582/582
f 586/586 585/585 583/583
f 586/586 583/583 584/584
f 476/476 478/478 586/586
f 476/476 586/586 584/584
f 588/588 587/587 585/585
f 588/588 585/585 586/586
f 478/478 480/480 588/588
f 478/478 588/588 586/586
f 590/590 589/589 587/587
f 590/590 587/587 588/588
f 480/480 482/482 590/590
f 480/480 590/590 588/588
f 592/592 591/591 589/589
f 592/592 589/589 590/590
f 482/482 484/484 592/592
f 482/482 592/592 590/590
f 594/594 593/593 591/591
f 594/594 591/591 592/592
f 484/484 486/486 594/594
f 484/484 594/594 592/592
f 596/596 595/595 593/593
f 596/596 593/593 594/594
f 486/486 488/488 596/596
f 486/486 596/596 594/594
f 598/598 597/597 595/595
f 598/598 595/595 596/596
f 488/488 490/490 598/598
f 488/488 598/598 596/596
f 600/600 599/599 597/597
f 600/600 597/597 598/598
f 490/490 492/492 600/600
f 490/490 600/600 598/598
f 602/602 601/601 599/599
f 602/602 599/599 600/600
f 492/492 494/494 602/602
f 492/492 602/602 600/600
f 604/604 603/603 601/601
f 604/604 601/601 602/602
f 494/494 496/496 604/604
f 494/494 604/604 602/602
f 606/606 605/605 603/603
f 606/606 603/603 604/604
f 496/496 498/498 606/606
f 496/496 606/606 604/604
f 608/608 607/607 605/605
f 608/608 605/605 606/606
f 498/498 500/500 608/608
f 498/498 608/608 606/606
f 610/610 609/609 607/607
f 610/610 607/607 608/608
f 500/500 502/502 610/610
f 500/500 610/610 608/608
f 612/612 611/611 609/609
f 612/612 609/609 610/610
f 502/502 504/504 612/612
f 502/502 612/612 610/610
f 614/614 613/613 611/611
f 614/614 611/611 612/612
f 504/504 506/506 614/614
f 504/504 614/614 612/612
f 616/616 615/615 613/613
f 616/616 613/613 614/614
f 506/506 508/508 616/616
f 506/506 616/616 614/614
f 618/618 617/617 615/615
f 618/618 615/615 616/616
f 508/508 510/510 618/618
f 508/508 618/618 616/616
f 516/516 619/619 617/617
f 516/516 617/617 618/618
f 510/510 512/512 516/516
f 510/510 516/516 618/618
f 621/621 620/620 617/617
f 621/621 617/617 619/619
f 519/519 622/622 621/621
f 519/519 621/621 619/619
f 516/516 517/517 519/519
f 516/516 519/519 619/619
f 624/624 623/623 621/621
f 624/624 621/621 622/622
f 626/626 625/625 624/624
f 626/626 624/624 622/622
f 519/519 520/520 626/626
f 519/519 626/626 622/622
f 628/628 627/627 625/625
f 628/628 625/625 626/626
f 520/520 521/521 628/628
f 520/520 628/628 626/626
f 630/630 629/629 627/627
f 630/630 627/627 628/628
f 521/521 523/523 630/630
f 521/521 630/630 628/628
f 632/632 631/631 629/629
f 632/632 629/629 630/630
f 523/523 525/525 632/632
f 523/523 632/632 630/630
f 634/634 633/633 631/631
f 634/634 631/631 632/632
f 525/525 531/531 634/634
f 525/525 634/634 632/632
f 639/639 638/638 636/636
f 639/639 636/636 637/637
f 532/532 533/533 639/639
f 532/532 639/639 637/637
f 641/641 640/640 638/638
f 641/641 638/638 639/639
f 533/533 535/535 641/641
f 533/533 641/641 639/639
f 643/643 642/642 640/640
f 643/643 640/640 641/641
f 535/535 537/537 643/643
f 535/535 643/643 641/641
f 645/645 644/644 642/642
f 645/645 642/642 643/643
f 537/537 539/539 645/645
f 537/537 645/645 643/643
f 647/647 646/646 644/644
f 647/647 644/644 645/645
f 539/539 648/648 647/647
f 539/539 647/647 645/645
f 650/650 649/649 647/647
f 650/650 647/647 648/648
f 542/542 651/651 650/650
f 542/542 650/650 648/648
f 539/539 540/540 542/542
f 539/539 542/542 648/648
f 653/653 652/652 650/650
f 653/653 650/650 651/651
f 545/545 654/654 653/653
f 545/545 653/653 651/651
f 542/542 543/543 545/545
f 542/542 545/545 651/651
f 656/656 655/655 653/653
f 656/656 653/653 654/654
f 548/548 657/657 656/656
f 548/548 656/656 654/654
f 545/545 546/546 548/548
f 545/545 548/548 654/654
f 659/659 658/658 656/656
f 659/659 656/656 657/657
f 551/551 660/660 659/659
f 551/551 659/659 657/657
f 548/548 549/549 551/551
f 548/548 551/551 657/657
f 662/662 661/661 659/659
f 662/662 659/659 660/660
f 554/554 663/663 662/662
f 554/554 662/662 660/660
f 551/551 552/552 554/554
f 551/551 554/554 660/660
f 665/665 664/664 662/662
f 665/665 662/662 663/663
f 557/557 666/666 665/665
f 557/557 665/665 663/663
f 554/554 555/555 557/557
f 554/554 557/557 663/663
f 668/668 667/667 665/665
f 668/668 665/665 666/666
f 560/560 669/669 668/668
f 560/560 668/668 666/666
f 557/557 558/558 560/560
f 557/557 560/560 666/666
f 671/671 670/670 668/668
f 671/671 668/668 669/669
f 563/563 672/672 671/671
f 563/563 671/671 669/669
f 560/560 561/561 563/563
f 560/560 563/563 669/669
f 674/674 673/673 671/671
f 674/674 671/671 672/672
f 566/566 675/675 674/674
f 566/566 674/674 672/672
f 563/563 564/564 566/566
f 563/563 566/566 672/672
f 677/677 676/676 674/674
f 677/677 674/674 675/675
f 569/569 678/678 677/677
f 569/569 677/677 675/675
f 566/566 567/567 569/569
f 566/566 569/569 675/675
f 680/680 679/679 677/677
f 680/680 677/677 678/678
f 572/572 681/681 680/680
f 572/572 680/680 678/678
f 569/569 570/570 572/572
f 569/569 572/572 678/678
f 683/683 682/682 680/680
f 683/683 680/680 681/681
f 575/575 684/684 683/683
f 575/575 683/683 681/681
f 572/572 573/573 575/575
f 572/572 575/575 681/681
f 686/686 685/685 683/683
f 686/686 683/683 684/684
f 688/688 687/687 686/686
f 688/688 686/686 684/684
f 575/575 576/576 688/688
f 575/575 688/688 684/684
f 690/690 689/689 687/687
f 690/690 687/687 688/688
f 576/576 577/577 690/690
f 576/576 690/690 688/688
f 692/692 691/691 689/689
f 692/692 689/689 690/690
f 577/577 579/579 692/692
f 577/577 692/692 690/690
f 694/694 693/693 691/691
f 694/694 691/691 692/692
f 579/579 581/581 694/694
f 579/579 694/694 692/692
f 696/696 695/695 693/693
f 696/696 693/693 694/694
f 581/581 583/583 696/696
f 581/581 696/696 694/694
f 698/698 697/697 695/695
f 698/698 695/695 696/696
f 583/583 585/585 698/698
f 583/583 698/698 696/696
f 700/700 699/699 697/697
f 700/700 697/697 698/698
f 585/585 587/587 700/700
f 585/585 700/700 698/698
f 702/702 701/701 699/699
f 702/702 699/699 700/700
f 587/587 589/589 702/702
f 587/587 702/702 700/700
f 704/704 703/703 701/701
f 704/704 701/701 702/702
f 589/589 591/591 704/704
f 589/589 704/704 702/702
f 706/706 705/705 703/703
f 706/706 703/703 704/704
f 591/591 593/593 706/706
f 591/591 706/706 704/704
f 708/708 707/707 705/705
f 708/708 705/705 706/706
f 593/593 595/595 708/708
f 593/593 708/708 706/706
f 710/710 709/709 707/707
f 710/710 707/707 708/708
f 595/595 597/597 710/710
f 595/595 710/710 708/708
f 712/712 711/711 709/709
f 712/712 709/709 710/710
f 597/597 599/599 712/712
f 597/597 712/712 710/710
f 714/714 713/713 711/711
f 714/714 711/711 712/712
f 599/599 601/601 714/714
f 599/599 714/714 712/712
f 716/716 715/715 713/713
f 716/716 713/713 714/714
f 601/601 603/603 716/716
f 601/601 716/716 714/714
f 718/718 717/717 715/715
f 718/718 715/715 716/716
f 603/603 605/605 718/718
f 603/603 718/718 716/716
f 720/720 719/719 717/717
f 720/720 717/717 718/718
f 605/605 607/607 720/720
f 605/605 720/720 718/718
f 722/722 721/721 719/719
f 722/722 719/719 720/720
f 607/607 609/609 722/722
f 607/607 722/722 720/720
f 724/724 723/723 721/721
f 724/724 721/721 722/722
f 609/609 611/611 724/724
f 609/609 724/724 722/722
f 726/726 725/725 723/723
f 726/726 723/723 724/724
f 611/611 613/613 726/726
f 611/611 726/726 724/724
f 728/728 727/727 725/725
f 728/728 725/725 726/726
f 613/613 615/615 728/728
f 613/613 728/728 726/726
f 620/620 729/729 727/727
f 620/620 727/727 728/728
f 615/615 617/617 620/620
f 615/615 620/620 728/728
f 731/731 730/730 727/727
f 731/731 727/727 729/729
f 623/623 732/732 731/731
f 623/623 731/731 729/729
f 620/620 621/621 623/623
f 620/620 623/623 729/729
f 734/734 733/733 731/731
f 734/734 731/731 732/732
f 736/736 735/735 734/734
f 736/736 734/734 732/732
f 623/623 624/624 736/736
f 623/623 736/736 732/732
f 738/738 737/737 735/735
f 738/738 735/735 736/736
f 624/624 625/625 738/738
f 624/624 738/738 736/736
f 740/740 739/739 737/737
f 740/740 737/737 738/738
f 625/625 627/627 740/740
f 625/625 740/740 738/738
f 742/742 741/741 739/739
f 742/742 739/739 740/740
f 627/627 629/629 742/742
f 627/627 742/742 740/740
f 744/744 743/743 741/741
f 744/744 741/741 742/742
f 629/629 631/631 744/744
f 629/629 744/744 742/742
f 635/635 745/745 743/743
f 635/635 743/743 744/744
f 631/631 633/633 635/635
f 631/631 635/635 744/744
f 747/747 746/746 743/743
f 747/747 743/743 745/745
f 751/751 750/750 748/748
f 751/751 748/748 749/749
f 636/636 638/638 751/751
f 636/636 751/751 749/749
f 753/753 752/752 750/750
f 753/753 750/750 751/751
f 638/638 640/640 753/753
f 638/638 753/753 751/751
f 755/755 754/754 752/752
f 755/755 752/752 753/753
f 640/640 642/642 755/755
f 640/640 755/755 753/753
f 757/757 756/756 754/754
f 757/757 754/754 755/755
f 642/642 644/644 757/757
f 642/642 757/757 755/755
f 759/759 758/758 756/756
f 759/759 756/756 757/757
f 644/644 646/646 759/759
f 644/644 759/759 757/757
f 761/761 760/760 758/758
f 761/761 758/758 759/759
f 646/646 762/762 761/761
f 646/646 761/761 759/759
f 764/764 763/763 761/761
f 764/764 761/761 762/762
f 649/649 765/765 764/764
f 649/649 764/764 762/762
f 646/646 647/647 649/649
f 646/646 649/649 762/762
f 767/767 766/766 764/764
f 767/767 764/764 765/765
f 652/652 768/768 767/767
f 652/652 767/767 765/765
f 649/649 650/650 652/652
f 649/649 652/652 765/765
f 770/770 769/769 767/767
f 770/770 767/767 768/768
f 655/655 771/771 770/770
f 655/655 770/770 768/768
f 652/652 653/653 655/655
f 652/652 655/655 768/768
f 773/773 772/772 770/770
f 773/773 770/770 771/771
f 658/658 774/774 773/773
f 658/658 773/773 771/771
f 655/655 656/656 658/658
f 655/655 658/658 771/771
f 776/776 775/775 773/773
f 776/776 773/773 774/774
f 661/661 777/777 776/776
f 661/661 776/776 774/774
f 658/658 659/659 661/661
f 658/658 661/661 774/774
f 779/779 778/778 776/776
f 779/779 776/776 777/777
f 664/664 780/780 779/779
f 664/664 779/779 777/777
f 661/661 662/662 664/664
f 661/661 664/664 777/777
f 782/782 781/781 779/779
f 782/782 779/779 780/780
f 667/667 783/783 782/782
f 667/667 782/782 780/780
f 664/664 665/665 667/667
f 664/664 667/667 780/780
f 785/785 784/784 782/782
f 785/785 782/782 783/783
f 670/670 786/786 785/785
f 670/670 785/785 783/783
f 667/667 668/668 670/670
f 667/667 670/670 783/783
f 788/788 787/787 785/785
f 788/788 785/785 786/786
f 673/673 789/789 788/788
f 673/673 788/788 786/786
f 670/670 671/671 673/673
f 670/670 673/673 786/786
f 791/791 790/790 788/788
f 791/791 788/788 789/789
f 676/676 792/792 791/791
f 676/676 791/791 789/789
f 673/673 674/674 676/676
f 673/673 676/676 789/789
f 794/794 793/793 791/791
f 794/794 791/791 792/792
f 679/679 795/795 794/794
f 679/679 794/794 792/792
f 676/676 677/677 679/679
f 676/676 679/679 792/792
f 797/797 796/796 794/794
f 797/797 794/794 795/795
f 682/682 798/798 797/797
f 682/682 797/797 795/795
f 679/679 680/680 682/682
f 679/679 682/682 795/795
f 800/800 799/799 797/797
f 800/800 797/797 798/798
f 685/685 801/801 800/800
f 685/685 800/800 798/798
f 682/682 683/683 685/685
f 682/682 685/685 798/798
f 803/803 802/802 800/800
f 803/803 800/800 801/801
f 805/805 804/804 803/803
f 805/805 803/803 801/801
f 685/685 686/686 805/805
f 685/685 805/805 801/801
f 807/807 806/806 804/804
f 807/807 804/804 805/805
f 686/686 687/687 807/807
f 686/686 807/807 805/805
f 809/809 808/808 806/806
f 809/809 806/806 807/807
f 687/687 689/689 809/809
f 687/687 809/809 807/807
f 811/811 810/810 808/808
f 811/811 808/808 809/809
f 689/689 691/691 811/811
f 689/689 811/811 809/809
f 813/813 812/812 810/810
f 813/813 810/810 811/811
f 691/691 693/693 813/813
f 691/691 813/813 811/811
f 815/815 814/814 812/812
f 815/815 812/812 813/813
f 693/693 695/695 815/815
f 693/693 815/815 813/813
f 817/817 816/816 814/814
f 817/817 814/814 815/815
f 695/695 697/697 817/817
f 695/695 817/817 815/815
f 819/819 818/818 816/816
f 819/819 816/816 817/817
f 697/697 699/699 819/819
f 697/697 819/819 817/817
f 821/821 820/820 818/818
f 821/821 818/818 819/819
f 699/699 701/701 821/821
f 699/699 821/821 819/819
f 823/823 822/822 820/820
f 823/823 820/820 821/821
f 701/701 703/703 823/823
f 701/701 823/823 821/821
f 825/825 824/824 822/822
f 825/825 822/822 823/823
f 703/703 705/705 825/825
f 703/703 825/825 823/823
f 827/827 826/826 824/824
f 827/827 824/824 825/825
f 705/705 707/707 827/827
f 705/705 827/827 825/825
f 829/829 828/828 826/826
f 829/829 826/826 827/827
f 707/707 709/709 829/829
f 707/707 829/829 827/827
f 831/831 830/830 828/828
f 831/831 828/828 829/829
f 709/709 711/711 831/831
f 709/709 831/831 829/829
f 833/833 832/832 830/830
f 833/833 830/830 831/831
f 711/711 713/713 833/833
f 711/711 833/833 831/831
f 835/835 834/834 832/832
f 835/835 832/832 833/833
f 713/713 715/715 835/835
f 713/713 835/835 833/833
f 837/837 836/836 834/834
f 837/837 834/834 835/835
f 715/715 717/717 837/837
f 715/715 837/837 835/835
f 839/839 838/838 836/836
f 839/839 836/836 837/837
f 717/717 719/719 839/839
f 717/717 839/839 837/837
f 841/841 840/840 838/838
f 841/841 838/838 839/839
f 719/719 721/721 841/841
f 719/719 841/841 839/839
f 843/843 842/842 840/840
f 843/843 840/840 841/841
f 721/721 723/723 843/843
f 721/721 843/843 841/841
f 845/845 844/844 842/842
f 845/845 842/842 843/843
f 723/723 725/725 845/845
f 723/723 845/845 843/843
f 730/730 846/846 844/844
f 730/730 844/844 845/845
f 725/725 727/727 730/730
f 725/725 730/730 845/845
f 848/848 847/847 844/844
f 848/848 844/844 846/846
f 733/733 849/849 848/848
f 733/733 848/848 846/846
f 730/730 731/731 733/733
f 730/730 733/733 846/846
f 851/851 850/850 848/848
f 851/851 848/848 849/849
f 853/853 852/852 851/851
f 853/853 851/851 849/849
f 733/733 734/734 853/853
f 733/733 853/853 849/849
f 855/855 854/854 852/852
f 855/855 852/852 853/853
f 734/734 735/735 855/855
f 734/734 855/855 853/853
f 857/857 856/856 854/854
f 857/857 854/854 855/855
f 735/735 737/737 857/857
f 735/735 857/857 855/855
f 859/859 858/858 856/856
f 859/859 856/856 857/857
f 737/737 739/739 859/859
f 737/737 859/859 857/857
f 861/861 860/860 858/858
f 861/861 858/858 859/859
f 739/739 741/741 861/861
f 739/739 861/861 859/859
f 746/746 862/862 860/860
f 746/746 860/860 861/861
f 741/741 743/743 746/746
f 741/741 746/746 861/861
f 864/864 863/863 860/860
f 864/864 860/860 862/862
f 870/870 869/869 867/867
f 870/870 867/867 868/868
f 748/748 750/750 870/870
f 748/748 870/870 868/868
f 872/872 871/871 869/869
f 872/872 869/869 870/870
f 750/750 752/752 872/872
f 750/750 872/872 870/870
f 874/874 873/873 871/871
f 874/874 871/871 872/872
f 752/752 754/754 874/874
f 752/752 874/874 872/872
f 876/876 875/875 873/873
f 876/876 873/873 874/874
f 754/754 756/756 876/876
f 754/754 876/876 874/874
f 878/878 877/877 875/875
f 878/878 875/875 876/876
f 756/756 758/758 878/878
f 756/756 878/878 876/876
f 880/880 879/879 877/877
f 880/880 877/877 878/878
f 758/758 760/760 880/880
f 758/758 880/880 878/878
f 882/882 881/881 879/879
f 882/882 879/879 880/880
f 760/760 883/883 882/882
f 760/760 882/882 880/880
f 885/885 884/884 882/882
f 885/885 882/882 883/883
f 763/763 886/886 885/885
f 763/763 885/885 883/883
f 760/760 761/761 763/763
f 760/760 763/763 883/883
f 888/888 887/887 885/885
f 888/888 885/885 886/886
f 766/766 889/889 888/888
f 766/766 888/888 886/886
f 763/763 764/764 766/766
f 763/763 766/766 886/886
f 891/891 890/890 888/888
f 891/891 888/888 889/889
f 769/769 892/892 891/891
f 769/769 891/891 889/889
f 766/766 767/767 769/769
f 766/766 769/769 889/889
f 894/894 893/893 891/891
f 894/894 891/891 892/892
f 772/772 895/895 894/894
f 772/772 894/894 892/892
f 769/769 770/770 772/772
f 769/769 772/772 892/892
f 897/897 896/896 894/894
f 897/897 894/894 895/895
f 775/775 898/898 897/897
f 775/775 897/897 895/895
f 772/772 773/773 775/775
f 772/772 775/775 895/895
f 900/900 899/899 897/897
f 900/900 897/897 898/898
f 778/778 901/901 900/900
f 778/778 900/900 898/898
f 775/775 776/776 778/778
f 775/775 778/778 898/898
f 903/903 902/902 900/900
f 903/903 900/900 901/901
f 781/781 904/904 903/903
f 781/781 903/903 901/901
f 778/778 779/779 781/781
f 778/778 781/781 901/901
f 906/906 905/905 903/903
f 906/906 903/903 904/904
f 784/784 907/907 906/906
f 784/784 906/906 904/904
f 781/781 782/782 784/784
f 781/781 784/784 904/904
f 909/909 908/908 906/906
f 909/909 906/906 907/907
f 787/787 910/910 909/909
f 787/787 909/909 907/907
f 784/784 785/785 787/787
f 784/784 787/787 907/907
f 912/912 911/911 909/909
f 912/912 909/909 910/910
f 790/790 913/913 912/912
f 790/790 912/912 910/910
f 787/787 788/788 790/790
f 787/787 790/790 910/910
f 915/915 914/914 912/912
f 915/915 912/912 913/913
f 793/793 916/916 915/915
f 793/793 915/915 913/913
f 790/790 791/791 793/793
f 790/790 793/793 913/913
f 918/918 917/917 915/915
f 918/918 915/915 916/916
f 796/796 919/919 918/918
f 796/796 918/918 916/916
f 793/793 794/794 796/796
f 793/793 796/796 916/916
f 921/921 920/920 918/918
f 921/921 918/918 919/919
f 799/799 922/922 921/921
f 799/799 921/921 919/919
f 796/796 797/797 799/799
f 796/796 799/799 919/919
f 924/924 923/923 921/921
f 924/924 921/921 922/922
f 802/802 925/925 924/924
f 802/802 924/924 922/922
f 799/799 800/800 802/802
f 799/799 802/802 922/922
f 927/927 926/926 924/924
f 927/927 924/924 925/925
f 929/929 928/928 927/927
f 929/929 927/927 925/925
f 802/802 803/803 929/929
f 802/802 929/929 925/925
f 931/931 930/930 928/928
f 931/931 928/928 929/929
f 803/803 804/804 931/931
f 803/803 931/931 929/929
f 933/933 932/932 930/930
f 933/933 930/930 931/931
f 804/804 806/806 933/933
f 804/804 933/933 931/931
f 935/935 934/934 932/932
f 935/935 932/932 933/933
f 806/806 808/808 935/935
f 806/806 935/935 933/933
f 937/937 936/936 934/934
f 937/937 934/934 935/935
f 808/808 810/810 937/937
f 808/808 937/937 935/935
f 939/939 938/938 936/936
f 939/939 936/936 937/937
f 810/810 812/812 939/939
f 810/810 939/939 937/937
f 941/941 940/940 938/938
f 941/941 938/938 939/939
f 812/812 814/814 941/941
f 812/812 941/941 939/939
f 943/943 942/942 940/940
f 943/943 940/940 941/941
f 814/814 816/816 943/943
f 814/814 943/943 941/941
f 945/945 944/944 942/942
f 945/945 942/942 943/943
f 816/816 818/818 945/945
f 816/816 945/945 943/943
f 947/947 946/946 944/944
f 947/947 944/944 945/945
f 818/818 820/820 947/947
f 818/818 947/947 945/945
f 949/949 948/948 946/946
f 949/949 946/946 947/947
f 820/820 822/822 949/949
f 820/820 949/949 947/947
f 951/951 950/950 948/948
f 951/951 948/948 949/949
f 822/822 824/824 951/951
f 822/822 951/951 949/949
f 953/953 952/952 950/950
f 953/953 950/950 951/951
f 824/824 826/826 953/953
f 824/824 953/953 951/951
f 955/955 954/954 952/952
f 955/955 952/952 953/953
f 826/826 828/828 955/955
f 826/826 955/955 953/953
f 957/957 956/956 954/954
f 957/957 954/954 955/955
f 828/828 830/830 957/957
f 828/828 957/957 955/955
f 959/959 958/958 956/956
f 959/959 956/956 957/957
f 830/830 832/832 959/959
f 830/830 959/959 957/957
f 961/961 960/960 958/958
f 961/961 958/958 959/959
f 832/832 834/834 961/961
f 832/832 961/961 959/959
f 963/963 962/962 960/960
f 963/963 960/960 961/961
f 834/834 836/836 963/963
f 834/834 963/963 961/961
f 965/965 964/964 962/962
f 965/965 962/962 963/963
f 836/836 838/838 965/965
f 836/836 965/965 963/963
f 967/967 966/966 964/964
f 967/967 964/964 965/965
f 838/838 840/840 967/967
f 838/838 967/967 965/965
f 969/969 968/968 966/966
f 969/969 966/966 967/967
f 840/840 842/842 969/969
f 840/840 969/969 967/967
f 847/847 970/970 968/968
f 847/847 968/968 969/969
f 842/842 844/844 847/847
f 842/842 847/847 969/969
f 972/972 971/971 968/968
f 972/972 968/968 970/970
f 850/850 973/973 972/972
f 850/850 972/972 970/970
f 847/847 848/848 850/850
f 847/847 850/850 970/970
f 975/975 974/974 972/972
f 975/975 972/972 973/973
f 977/977 976/976 975/975
f 977/977 975/975 973/973
f 850/850 851/851 977/977
f 850/850 977/977 973/973
f 979/979 978/978 976/976
f 979/979 976/976 977/977
f 851/851 852/852 979/979
f 851/851 979/979 977/977
f 981/981 980/980 978/978
f 981/981 978/978 979/979
f 852/852 854/854 981/981
f 852/852 981/981 979/979
f 983/983 982/982 980/980
f 983/983 980/980 981/981
f 854/854 856/856 983/983
f 854/854 983/983 981/981
f 985/985 984/984 982/982
f 985/985 982/982 983/983
f 856/856 858/858 985/985
f 856/856 985/985 983/983
f 863/863 986/986 984/984
f 863/863 984/984 985/985
f 858/858 860/860 863/863
f 858/858 863/863 985/985
f 988/988 987/987 984/984
f 988/988 984/984 986/986
f 865/865 989/989 988/988
f 865/865 988/988 986/986
f 863/863 864/864 865/865
f 863/863 865/865 986/986
f 991/991 990/990 988/988
f 991/991 988/988 989/989
f 866/866 992/992 991/991
f 866/866 991/991 989/989
f 865/865 866/866 989/989
f 994/994 993/993 991/991
f 994/994 991/991 992/992
f 867/867 869/869 997/997
f 999/999 998/998 996/996
f 999/999 996/996 997/997
f 869/869 871/871 999/999
f 869/869 999/999 997/997
f 1001/1001 1000/1000 998/998
f 1001/1001 998/998 999/999
f 871/871 873/873 1001/1001
f 871/871 1001/1001 999/999
f 1003/1003 1002/1002 1000/1000
f 1003/1003 1000/1000 1001/1001
f 873/873 875/875 1003/1003
f 873/873 1003/1003 1001/1001
f 1005/1005 1004/1004 1002/1002
f 1005/1005 1002/1002 1003/1003
f 875/875 877/877 1005/1005
f 875/875 1005/1005 1003/1003
f 1007/1007 1006/1006 1004/1004
f 1007/1007 1004/1004 1005/1005
f 877/877 879/879 1007/1007
f 877/877 1007/1007 1005/1005
f 1009/1009 1008/1008 1006/1006
f 1009/1009 1006/1006 1007/1007
f 879/879 881/881 1009/1009
f 879/879 1009/1009 1007/1007
f 1011/1011 1010/1010 1008/1008
f 1011/1011 1008/1008 1009/1009
f 881/881 1012/1012 1011/1011
f 881/881 1011/1011 1009/1009
f 1014/1014 1013/1013 1011/1011
f 1014/1014 1011/1011 1012/1012
f 884/884 1015/1015 1014/1014
f 884/884 1014/1014 1012/1012
f 881/881 882/882 884/884
f 881/881 884/884 1012/1012
f 1017/1017 1016/1016 1014/1014
f 1017/1017 1014/1014 1015/1015
f 887/887 1018/1018 1017/1017
f 887/887 1017/1017 1015/1015
f 884/884 885/885 887/887
f 884/884 887/887 1015/1015
f 1020/1020 1019/1019 1017/1017
f 1020/1020 1017/1017 1018/1018
f 890/890 1021/1021 1020/1020
f 890/890 1020/1020 1018/1018
f 887/887 888/888 890/890
f 887/887 890/890 1018/1018
f 1023/1023 1022/1022 1020/1020
f 1023/1023 1020/1020 1021/1021
f 893/893 1024/1024 1023/1023
f 893/893 1023/1023 1021/1021
f 890/890 891/891 893/893
f 890/890 893/893 1021/1021
f 1026/1026 1025/1025 1023/1023
f 1026/1026 1023/1023 1024/1024
f 896/896 1027/1027 1026/1026
f 896/896 1026/1026 1024/1024
f 893/893 894/894 896/896
f 893/893 896/896 1024/1024
f 1029/1029 1028/1028 1026/1026
f 1029/1029 1026/1026 1027/1027
f 899/899 1030/1030 1029/1029
f 899/899 1029/1029 1027/1027
f 896/896 897/897 899/899
f 896/896 899/899 1027/1027
f 1032/1032 1031/1031 1029/1029
f 1032/1032 1029/1029 1030/1030
f 902/902 1033/1033 1032/1032
f 902/902 1032/1032 1030/1030
f 899/899 900/900 902/902
f 899/899 902/902 1030/1030
f 1035/1035 1034/1034 1032/1032
f 1035/1035 1032/1032 1033/1033
f 905/905 1036/1036 1035/1035
f 905/905 1035/1035 1033/1033
f 902/902 903/903 905/905
f 902/902 905/905 1033/1033
f 1038/1038 1037/1037 1035/1035
f 1038/1038 1035/1035 1036/1036
f 908/908 1039/1039 1038/1038
f 908/908 1038/1038 1036/1036
f 905/905 906/906 908/908
f 905/905 908/908 1036/1036
f 1041/1041 1040/1040 1038/1038
f 1041/1041 1038/1038 1039/1039
f 911/911 1042/1042 1041/1041
f 911/911 1041/1041 1039/1039
f 908/908 909/909 911/911
f 908/908 911/911 1039/1039
f 1044/1044 1043/1043 1041/1041
f 1044/1044 1041/1041 1042/1042
f 914/914 1045/1045 1044/1044
f 914/914 1044/1044 1042/1042
f 911/911 912/912 914/914
f 911/911 914/914 1042/1042
f 1047/1047 1046/1046 1044/1044
f 1047/1047 1044/1044 1045/1045
f 917/917 1048/1048 1047/1047
f 917/917 1047/1047 1045/1045
f 914/914 915/915 917/917
f 914/914 917/917 1045/1045
f 1050/1050 1049/1049 1047/1047
f 1050/1050 1047/1047 1048/1048
f 920/920 1051/1051 1050/1050
f 920/920 1050/1050 1048/1048
f 917/917 918/918 920/920
f 917/917 920/920 1048/1048
f 1053/1053 1052/1052 1050/1050
f 1053/1053 1050/1050 1051/1051
f 923/923 1054/1054 1053/1053
f 923/923 1053/1053 1051/1051
f 920/920 921/921 923/923
f 920/920 923/923 1051/1051
f 1056/1056 1055/1055 1053/1053
f 1056/1056 1053/1053 1054/1054
f 926/926 1057/1057 1056/1056
f 926/926 1056/1056 1054/1054
f 923/923 924/924 926/926
f 923/923 926/926 1054/1054
f 1059/1059 1058/1058 1056/1056
f 1059/1059 1056/1056 1057/1057
f 1061/1061 1060/1060 1059/1059
f 1061/1061 1059/1059 1057/1057
f 926/926 927/927 1061/1061
f 926/926 1061/1061 1057/1057
f 1063/1063 1062/1062 1060/1060
f 1063/1063 1060/1060 1061/1061
f 927/927 928/928 1063/1063
f 927/927 1063/1063 1061/1061
f 1065/1065 1064/1064 1062/1062
f 1065/1065 1062/1062 1063/1063
f 928/928 930/930 1065/1065
f 928/928 1065/1065 1063/1063
f 1067/1067 1066/1066 1064/1064
f 1067/1067 1064/1064 1065/1065
f 930/930 932/932 1067/1067
f 930/930 1067/1067 1065/1065
f 1069/1069 1068/1068 1066/1066
f 1069/1069 1066/1066 1067/1067
f 932/932 934/934 1069/1069
f 932/932 1069/1069 1067/1067
f 1071/1071 1070/1070 1068/1068
f 1071/1071 1068/1068 1069/1069
f 934/934 936/936 1071/1071
f 934/934 1071/1071 1069/1069
f 1073/1073 1072/1072 1070/1070
f 1073/1073 1070/1070 1071/1071
f 936/936 938/938 1073/1073
f 936/936 1073/1073 1071/1071
f 1075/1075 1074/1074 1072/1072
f 1075/1075 1072/1072 1073/1073
f 938/938 940/940 1075/1075
f 938/938 1075/1075 1073/1073
f 1077/1077 1076/1076 1074/1074
f 1077/1077 1074/1074 1075/1075
f 940/940 942/942 1077/1077
f 940/940 1077/1077 1075/1075
f 1079/1079 1078/1078 1076/1076
f 1079/1079 1076/1076 1077/1077
f 942/942 944/944 1079/1079
f 942/942 1079/1079 1077/1077
f 1081/1081 1080/1080 1078/1078
f 1081/1081 1078/1078 1079/1079
f 944/944 946/946 1081/1081
f 944/944 1081/1081 1079/1079
f 1083/1083 1082/1082 1080/1080
f 1083/1083 1080/1080 1081/1081
f 946/946 948/948 1083/1083
f 946/946 1083/1083 1081/1081
f 1085/1085 1084/1084 1082/1082
f 1085/1085 1082/1082 1083/1083
f 948/948 950/950 1085/1085
f 948/948 1085/1085 1083/1083
f 1087/1087 1086/1086 1084/1084
f 1087/1087 1084/1084 1085/1085
f 950/950 952/952 1087/1087
f 950/950 1087/1087 1085/1085
f 1089/1089 1088/1088 1086/1086
f 1089/1089 1086/1086 1087/1087
f 952/952 954/954 1089/1089
f 952/952 1089/1089 1087/1087
f 1091/1091 1090/1090 1088/1088
f 1091/1091 1088/1088 1089/1089
f 954/954 956/956 1091/1091
f 954/954 1091/1091 1089/1089
f 1093/1093 1092/1092 1090/1090
f 1093/1093 1090/1090 1091/1091
f 956/956 958/958 1093/1093
f 956/956 1093/1093 1091/1091
f 1095/1095 1094/1094 1092/1092
f 1095/1095 1092/1092 1093/1093
f 958/958 960/960 1095/1095
f 958/958 1095/1095 1093/1093
f 1097/1097 1096/1096 1094/1094
f 1097/1097 1094/1094 1095/1095
f 960/960 962/962 1097/1097
f 960/960 1097/1097 1095/1095
f 1099/1099 1098/1098 1096/1096
f 1099/1099 1096/1096 1097/1097
f 962/962 964/964 1099/1099
f 962/962 1099/1099 1097/1097
f 1101/1101 1100/1100 1098/1098
f 1101/1101 1098/1098 1099/1099
f 964/964 966/966 1101/1101
f 964/964 1101/1101 1099/1099
f 971/971 1102/1102 1100/1100
f 971/971 1100/1100 1101/1101
f 966/966 968/968 971/971
f 966/966 971/971 1101/1101
f 1104/1104 1103/1103 1100/1100
f 1104/1104 1100/1100 1102/1102
f 974/974 1105/1105 1104/1104
f 974/974 1104/1104 1102/1102
f 971/971 972/972 974/974
f 971/971 974/974 1102/1102
f 1107/1107 1106/1106 1104/1104
f 1107/1107 1104/1104 1105/1105
f 1109/1109 1108/1108 1107/1107
f 1109/1109 1107/1107 1105/1105
f 974/974 975/975 1109/1109
f 974/974 1109/1109 1105/1105
f 1111/1111 1110/1110 1108/1108
f 1111/1111 1108/1108 1109/1109
f 975/975 976/976 1111/1111
f 975/975 1111/1111 1109/1109
f 1113/1113 1112/1112 1110/1110
f 1113/1113 1110/1110 1111/1111
f 976/976 978/978 1113/1113
f 976/976 1113/1113 1111/1111
f 1115/1115 1114/1114 1112/1112
f 1115/1115 1112/1112 1113/1113
f 978/978 980/980 1115/1115
f 978/978 1115/1115 1113/1113
f 1117/1117 1116/1116 1114/1114
f 1117/1117 1114/1114 1115/1115
f 980/980 982/982 1117/1117
f 980/980 1117/1117 1115/1115
f 987/987 1118/1118 1116/1116
f 987/987 1116/1116 1117/1117
f 982/982 984/984 987/987
f 982/982 987/987 1117/1117
f 1120/1120 1119/1119 1116/1116
f 1120/1120 1116/1116 1118/1118
f 990/990 1121/1121 1120/1120
f 990/990 1120/1120 1118/1118
f 987/987 988/988 990/990
f 987/987 990/990 1118/1118
f 1123/1123 1122/1122 1120/1120
f 1123/1123 1120/1120 1121/1121
f 993/993 1124/1124 1123/1123
f 993/993 1123/1123 1121/1121
f 990/990 991/991 993/993
f 990/990 993/993 1121/1121
f 1126/1126 1125/1125 1123/1123
f 1126/1126 1123/1123 1124/1124
f 995/995 1127/1127 1126/1126
f 995/995 1126/1126 1124/1124
f 993/993 994/994 995/995
f 993/993 995/995 1124/1124
f 1129/1129 1128/1128 1126/1126
f 1129/1129 1126/1126 1127/1127
f 1134/1134 1133/1133 1131/1131
f 1134/1134 1131/1131 1132/1132
f 996/996 998/998 1134/1134
f 996/996 1134/1134 1132/1132
f 1136/1136 1135/1135 1133/1133
f 1136/1136 1133/1133 1134/1134
f 998/998 1000/1000 1136/1136
f 998/998 1136/1136 1134/1134
f 1138/1138 1137/1137 1135/1135
f 1138/1138 1135/1135 1136/1136
f 1000/1000 1002/1002 1138/1138
f 1000/1000 1138/1138 1136/1136
f 1140/1140 1139/1139 1137/1137
f 1140/1140 1137/1137 1138/1138
f 1002/1002 1004/1004 1140/1140
f 1002/1002 1140/1140 1138/1138
f 1142/1142 1141/1141 1139/1139
f 1142/1142 1139/1139 1140/1140
f 1004/1004 1006/1006 1142/1142
f 1004/1004 1142/1142 1140/1140
f 1144/1144 1143/1143 1141/1141
f 1144/1144 1141/1141 1142/1142
f 1006/1006 1008/1008 1144/1144
f 1006/1006 1144/1144 1142/1142
f 1146/1146 1145/1145 1143/1143
f 1146/1146 1143/1143 1144/1144
f 1008/1008 1010/1010 1146/1146
f 1008/1008 1146/1146 1144/1144
f 1148/1148 1147/1147 1145/1145
f 1148/1148 1145/1145 1146/1146
f 1010/1010 1149/1149 1148/1148
f 1010/1010 1148/1148 1146/1146
f 1151/1151 1150/1150 1148/1148
f 1151/1151 1148/1148 1149/1149
f 1013/1013 1152/1152 1151/1151
f 1013/1013 1151/1151 1149/1149
f 1010/1010 1011/1011 1013/1013
f 1010/1010 1013/1013 1149/1149
f 1154/1154 1153/1153 1151/1151
f 1154/1154 1151/1151 1152/1152
f 1016/1016 1155/1155 1154/1154
f 1016/1016 1154/1154 1152/1152
f 1013/1013 1014/1014 1016/1016
f 1013/1013 1016/1016 1152/1152
f 1157/1157 1156/1156 1154/1154
f 1157/1157 1154/1154 1155/1155
f 1019/1019 1158/1158 1157/1157
f 1019/1019 1157/1157 1155/1155
f 1016/1016 1017/1017 1019/1019
f 1016/1016 1019/1019 1155/1155
f 1160/1160 1159/1159 1157/1157
f 1160/1160 1157/1157 1158/1158
f 1022/1022 1161/1161 1160/1160
f 1022/1022 1160/1160 1158/1158
f 1019/1019 1020/1020 1022/1022
f 1019/1019 1022/1022 1158/1158
f 1163/1163 1162/1162 1160/1160
f 1163/1163 1160/1160 1161/1161
f 1025/1025 1164/1164 1163/1163
f 1025/1025 1163/1163 1161/1161
f 1022/1022 1023/1023 1025/1025
f 1022/1022 1025/1025 1161/1161
f 1166/1166 1165/1165 1163/1163
f 1166/1166 1163/1163 1164/1164
f 1028/1028 1167/1167 1166/1166
f 1028/1028 1166/1166 1164/1164
f 1025/1025 1026/1026 1028/1028
f 1025/1025 1028/1028 1164/1164
f 1169/1169 1168/1168 1166/1166
f 1169/1169 1166/1166 1167/1167
f 1031/1031 1170/1170 1169/1169
f 1031/1031 1169/1169 1167/1167
f 1028/1028 1029/1029 1031/1031
f 1028/1028 1031/1031 1167/1167
f 1172/1172 1171/1171 1169/1169
f 1172/1172 1169/1169 1170/1170
f 1034/1034 1173/1173 1172/1172
f 1034/1034 1172/1172 1170/1170
f 1031/1031 1032/1032 1034/1034
f 1031/1031 1034/1034 1170/1170
f 1175/1175 1174/1174 1172/1172
f 1175/1175 1172/1172 1173/1173
f 1037/1037 1176/1176 1175/1175
f 1037/1037 1175/1175 1173/1173
f 1034/1034 1035/1035 1037/1037
f 1034/1034 1037/1037 1173/1173
f 1178/1178 1177/1177 1175/1175
f 1178/1178 1175/1175 1176/1176
f 1040/1040 1179/1179 1178/1178
f 1040/1040 1178/1178 1176/1176
f 1037/1037 1038/1038 1040/1040
f 1037/1037 1040/1040 1176/1176
f 1181/1181 1180/1180 1178/1178
f 1181/1181 1178/1178 1179/1179
f 1043/1043 1182/1182 1181/1181
f 1043/1043 1181/1181 1179/1179
f 1040/1040 1041/1041 1043/1043
f 1040/1040 1043/1043 1179/1179
f 1184/1184 1183/1183 1181/1181
f 1184/1184 1181/1181 1182/1182
f 1046/1046 1185/1185 1184/1184
f 1046/1046 1184/1184 1182/1182
f 1043/1043 1044/1044 1046/1046
f 1043/1043 1046/1046 1182/1182
f 1187/1187 1186/1186 1184/1184
f 1187/1187 1184/1184 1185/1185
f 1049/1049 1188/1188 1187/1187
f 1049/1049 1187/1187 1185/1185
f 1046/1046 1047/1047 1049/1049
f 1046/1046 1049/1049 1185/1185
f 1190/1190 1189/1189 1187/1187
f 1190/1190 1187/1187 1188/1188
f 1052/1052 1191/1191 1190/1190
f 1052/1052 1190/1190 1188/1188
f 1049/1049 1050/1050 1052/1052
f 1049/1049 1052/1052 1188/1188
f 1193/1193 1192/1192 1190/1190
f 1193/1193 1190/1190 1191/1191
f 1055/1055 1194/1194 1193/1193
f 1055/1055 1193/1193 1191/1191
f 1052/1052 1053/1053 1055/1055
f 1052/1052 1055/1055 1191/1191
f 1196/1196 1195/1195 1193/1193
f 1196/1196 1193/1193 1194/1194
f 1058/1058 1197/1197 1196/1196
f 1058/1058 1196/1196 1194/1194
f 1055/1055 1056/1056 1058/1058
f 1055/1055 1058/1058 1194/1194
f 1199/1199 1198/1198 1196/1196
f 1199/1199 1196/1196 1197/1197
f 1201/1201 1200/1200 1199/1199
f 1201/1201 1199/1199 1197/1197
f 1058/1058 1059/1059 1201/1201
f 1058/1058 1201/1201 1197/1197
f 1203/1203 1202/1202 1200/1200
f 1203/1203 1200/1200 1201/1201
f 1059/1059 1060/1060 1203/1203
f 1059/1059 1203/1203 1201/1201
f 1205/1205 1204/1204 1202/1202
f 1205/1205 1202/1202 1203/1203
f 1060/1060 1062/1062 1205/1205
f 1060/1060 1205/1205 1203/1203
f 1207/1207 1206/1206 1204/1204
f 1207/1207 1204/1204 1205/1205
f 1062/1062 1064/1064 1207/1207
f 1062/1062 1207/1207 1205/1205
f 1209/1209 1208/1208 1206/1206
f 1209/1209 1206/1206 1207/1207
f 1064/1064 1066/1066 1209/1209
f 1064/1064 1209/1209 1207/1207
f 1211/1211 1210/1210 1208/1208
f 1211/1211 1208/1208 1209/1209
f 1066/1066 1068/1068 1211/1211
f 1066/1066 1211/1211 1209/1209
f 1213/1213 1212/1212 1210/1210
f 1213/1213 1210/1210 1211/1211
f 1068/1068 1070/1070 1213/1213
f 1068/1068 1213/1213 1211/1211
f 1215/1215 1214/1214 1212/1212
f 1215/1215 1212/1212 1213/1213
f 1070/1070 1072/1072 1215/1215
f 1070/1070 1215/1215 1213/1213
f 1217/1217 1216/1216 1214/1214
f 1217/1217 1214/1214 1215/1215
f 1072/1072 1074/1074 1217/1217
f 1072/1072 1217/1217 1215/1215
f 1219/1219 1218/1218 1216/1216
f 1219/1219 1216/1216 1217/1217
f 1074/1074 1076/1076 1219/1219
f 1074/1074 1219/1219 1217/1217
f 1221/1221 1220/1220 1218/1218
f 1221/1221 1218/1218 1219/1219
f 1076/1076 1078/1078 1221/1221
f 1076/1076 1221/1221 1219/1219
f 1223/1223 1222/1222 1220/1220
f 1223/1223 1220/1220 1221/1221
f 1078/1078 1080/1080 1223/1223
f 1078/1078 1223/1223 1221/1221
f 1225/1225 1224/1224 1222/1222
f 1225/1225 1222/1222 1223/1223
f 1080/1080 1082/1082 1225/1225
f 1080/1080 1225/1225 1223/1223
f 1227/1227 1226/1226 1224/1224
f 1227/1227 1224/1224 1225/1225
f 1082/1082 1084/1084 1227/1227
f 1082/1082 1227/1227 1225/1225
f 1229/1229 1228/1228 1226/1226
f 1229/1229 1226/1226 1227/1227
f 1084/1084 1086/1086 1229/1229
f 1084/1084 1229/1229 1227/1227
f 1231/1231 1230/1230 1228/1228
f 1231/1231 1228/1228 1229/1229
f 1086/1086 1088/1088 1231/1231
f 1086/1086 1231/1231 1229/1229
f 1233/1233 1232/1232 1230/1230
f 1233/1233 1230/1230 1231/1231
f 1088/1088 1090/1090 1233/1233
f 1088/1088 1233/1233 1231/1231
f 1235/1235 1234/1234 1232/1232
f 1235/1235 1232/1232 1233/1233
f 1090/1090 1092/1092 1235/1235
f 1090/1090 1235/1235 1233/1233
f 1237/1237 1236/1236 1234/1234
f 1237/1237 1234/1234 1235/1235
f 1092/1092 1094/1094 1237/1237
f 1092/1092 1237/1237 1235/1235
f 1239/1239 1238/1238 1236/1236
f 1239/1239 1236/1236 1237/1237
f 1094/1094 1096/1096 1239/1239
f 1094/1094 1239/1239 1237/1237
f 1241/1241 1240/1240 1238/1238
f 1241/1241 1238/1238 1239/1239
f 1096/1096 1098/1098 1241/1241
f 1096/1096 1241/1241 1239/1239
f 1103/1103 1242/1242 1240/1240
f 1103/1103 1240/1240 1241/1241
f 1098/1098 1100/1100 1103/1103
f 1098/1098 1103/1103 1241/1241
f 1244/1244 1243/1243 1240/1240
f 1244/1244 1240/1240 1242/1242
f 1106/1106 1245/1245 1244/1244
f 1106/1106 1244/1244 1242/1242
f 1103/1103 1104/1104 1106/1106
f 1103/1103 1106/1106 1242/1242
f 1247/1247 1246/1246 1244/1244
f 1247/1247 1244/1244 1245/1245
f 1249/1249 1248/1248 1247/1247
f 1249/1249 1247/1247 1245/1245
f 1106/1106 1107/1107 1249/1249
f 1106/1106 1249/1249 1245/1245
f 1251/1251 1250/1250 1248/1248
f 1251/1251 1248/1248 1249/1249
f 1107/1107 1108/1108 1251/1251
f 1107/1107 1251/1251 1249/1249
f 1253/1253 1252/1252 1250/1250
f 1253/1253 1250/1250 1251/1251
f 1108/1108 1110/1110 1253/1253
f 1108/1108 1253/1253 1251/1251
f 1255/1255 1254/1254 1252/1252
f 1255/1255 1252/1252 1253/1253
f 1110/1110 1112/1112 1255/1255
f 1110/1110 1255/1255 1253/1253
f 1257/1257 1256/1256 1254/1254
f 1257/1257 1254/1254 1255/1255
f 1112/1112 1114/1114 1257/1257
f 1112/1112 1257/1257 1255/1255
f 1119/1119 1258/1258 1256/1256
f 1119/1119 1256/1256 1257/1257
f 1114/1114 1116/1116 1119/1119
f 1114/1114 1119/1119 1257/1257
f 1260/1260 1259/1259 1256/1256
f 1260/1260 1256/1256 1258/1258
f 1122/1122 1261/1261 1260/1260
f 1122/1122 1260/1260 1258/1258
f 1119/1119 1120/1120 1122/1122
f 1119/1119 1122/1122 1258/1258
f 1263/1263 1262/1262 1260/1260
f 1263/1263 1260/1260 1261/1261
f 1125/1125 1264/1264 1263/1263
f 1125/1125 1263/1263 1261/1261
f 1122/1122 1123/1123 1125/1125
f 1122/1122 1125/1125 1261/1261
f 1266/1266 1265/1265 1263/1263
f 1266/1266 1263/1263 1264/1264
f 1128/1128 1267/1267 1266/1266
f 1128/1128 1266/1266 1264/1264
f 1125/1125 1126/1126 1128/1128
f 1125/1125 1128/1128 1264/1264
f 1269/1269 1268/1268 1266/1266
f 1269/1269 1266/1266 1267/1267
f 1130/1130 1270/1270 1269/1269
f 1130/1130 1269/1269 1267/1267
f 1128/1128 1129/1129 1130/1130
f 1128/1128 1130/1130 1267/1267
f 1272/1272 1271/1271 1269/1269
f 1272/1272 1269/1269 1270/1270
f 1277/1277 1276/1276 1274/1274
f 1277/1277 1274/1274 1275/1275
f 1131/1131 1133/1133 1277/1277
f 1131/1131 1277/1277 1275/1275
f 1279/1279 1278/1278 1276/1276
f 1279/1279 1276/1276 1277/1277
f 1133/1133 1135/1135 1279/1279
f 1133/1133 1279/1279 1277/1277
f 1281/1281 1280/1280 1278/1278
f 1281/1281 1278/1278 1279/1279
f 1135/1135 1137/1137 1281/1281
f 1135/1135 1281/1281 1279/1279
f 1283/1283 1282/1282 1280/1280
f 1283/1283 1280/1280 1281/1281
f 1137/1137 1139/1139 1283/1283
f 1137/1137 1283/1283 1281/1281
f 1285/1285 1284/1284 1282/1282
f 1285/1285 1282/1282 1283/1283
f 1139/1139 1141/1141 1285/1285
f 1139/1139 1285/1285 1283/1283
f 1287/1287 1286/1286 1284/1284
f 1287/1287 1284/1284 1285/1285
f 1141/1141 1143/1143 1287/1287
f 1141/1141 1287/1287 1285/1285
f 1289/1289 1288/1288 1286/1286
f 1289/1289 1286/1286 1287/1287
f 1143/1143 1145/1145 1289/1289
f 1143/1143 1289/1289 1287/1287
f 1291/1291 1290/1290 1288/1288
f 1291/1291 1288/1288 1289/1289
f 1145/1145 1147/1147 1291/1291
f 1145/1145 1291/1291 1289/1289
f 1293/1293 1292/1292 1290/1290
f 1293/1293 1290/1290 1291/1291
f 1147/1147 1294/1294 1293/1293
f 1147/1147 1293/1293 1291/1291
f 1296/1296 1295/1295 1293/1293
f 1296/1296 1293/1293 1294/1294
f 1150/1150 1297/1297 1296/1296
f 1150/1150 1296/1296 1294/1294
f 1147/1147 1148/1148 1150/1150
f 1147/1147 1150/1150 1294/1294
f 1299/1299 1298/1298 1296/1296
f 1299/1299 1296/1296 1297/1297
f 1153/1153 1300/1300 1299/1299
f 1153/1153 1299/1299 1297/1297
f 1150/1150 1151/1151 1153/1153
f 1150/1150 1153/1153 1297/1297
f 1302/1302 1301/1301 1299/1299
f 1302/1302 1299/1299 1300/1300
f 1156/1156 1303/1303 1302/1302
f 1156/1156 1302/1302 1300/1300
f 1153/1153 1154/1154 1156/1156
f 1153/1153 1156/1156 1300/1300
f 1305/1305 1304/1304 1302/1302
f 1305/1305 1302/1302 1303/1303
f 1159/1159 1306/1306 1305/1305
f 1159/1159 1305/1305 1303/1303
f 1156/1156 1157/1157 1159/1159
f 1156/1156 1159/1159 1303/1303
f 1308/1308 1307/1307 1305/1305
f 1308/1308 1305/1305 1306/1306
f 1162/1162 1309/1309 1308/1308
f 1162/1162 1308/1308 1306/1306
f 1159/1159 1160/1160 1162/1162
f 1159/1159 1162/1162 1306/1306
f 1311/1311 1310/1310 1308/1308
f 1311/1311 1308/1308 1309/1309
f 1165/1165 1312/1312 1311/1311
f 1165/1165 1311/1311 1309/1309
f 1162/1162 1163/1163 1165/1165
f 1162/1162 1165/1165 1309/1309
f 1314/1314 1313/1313 1311/1311
f 1314/1314 1311/1311 1312/1312
f 1168/1168 1315/1315 1314/1314
f 1168/1168 1314/1314 1312/1312
f 1165/1165 1166/1166 1168/1168
f 1165/1165 1168/1168 1312/1312
f 1317/1317 1316/1316 1314/1314
f 1317/1317 1314/1314 1315/1315
f 1171/1171 1318/1318 1317/1317
f 1171/1171 1317/1317 1315/1315
f 1168/1168 1169/1169 1171/1171
f 1168/1168 1171/1171 1315/1315
f 1320/1320 1319/1319 1317/1317
f 1320/1320 1317/1317 1318/1318
f 1174/1174 1321/1321 1320/1320
f 1174/1174 1320/1320 1318/1318
f 1171/1171 1172/1172 1174/1174
f 1171/1171 1174/1174 1318/1318
f 1323/1323 1322/1322 1320/1320
f 1323/1323 1320/1320 1321/1321
f 1177/1177 1324/1324 1323/1323
f 1177/1177 1323/1323 1321/1321
f 1174/1174 1175/1175 1177/1177
f 1174/1174 1177/1177 1321/1321
f 1326/1326 1325/1325 1323/1323
f 1326/1326 1323/1323 1324/1324
f 1180/1180 1327/1327 1326/1326
f 1180/1180 1326/1326 1324/1324
f 1177/1177 1178/1178 1180/1180
f 1177/1177 1180/1180 1324/1324
f 1329/1329 1328/1328 1326/1326
f 1329/1329 1326/1326 1327/1327
f 1183/1183 1330/1330 1329/1329
f 1183/1183 1329/1329 1327/1327
f 1180/1180 1181/1181 1183/1183
f 1180/1180 1183/1183 1327/1327
f 1332/1332 1331/1331 1329/1329
f 1332/1332 1329/1329 1330/1330
f 1186/1186 1333/1333 1332/1332
f 1186/1186 1332/1332 1330/1330
f 1183/1183 1184/1184 1186/1186
f 1183/1183 1186/1186 1330/1330
f 1335/1335 1334/1334 1332/1332
f 1335/1335 1332/1332 1333/1333
f 1189/1189 1336/1336 1335/1335
f 1189/1189 1335/1335 1333/1333
f 1186/1186 1187/1187 1189/1189
f 1186/1186 1189/1189 1333/1333
f 1338/1338 1337/1337 1335/1335
f 1338/1338 1335/1335 1336/1336
f 1192/1192 1339/1339 1338/1338
f 1192/1192 1338/1338 1336/1336
f 1189/1189 1190/1190 1192/1192
f 1189/1189 1192/1192 1336/1336
f 1341/1341 1340/1340 1338/1338
f 1341/1341 1338/1338 1339/1339
f 1195/1195 1342/1342 1341/1341
f 1195/1195 1341/1341 1339/1339
f 1192/1192 1193/1193 1195/1195
f 1192/1192 1195/1195 1339/1339
f 1344/1344 1343/1343 1341/1341
f 1344/1344 1341/1341 1342/1342
f 1198/1198 1345/1345 1344/1344
f 1198/1198 1344/1344 1342/1342
f 1195/1195 1196/1196 1198/1198
f 1195/1195 1198/1198 1342/1342
f 1347/1347 1346/1346 1344/1344
f 1347/1347 1344/1344 1345/1345
f 1349/1349 1348/1348 1347/1347
f 1349/1349 1347/1347 1345/1345
f 1198/1198 1199/1199 1349/1349
f 1198/1198 1349/1349 1345/1345
f 1351/1351 1350/1350 1348/1348
f 1351/1351 1348/1348 1349/1349
f 1199/1199 1200/1200 1351/1351
f 1199/1199 1351/1351 1349/1349
f 1353/1353 1352/1352 1350/1350
f 1353/1353 1350/1350 1351/1351
f 1200/1200 1202/1202 1353/1353
f 1200/1200 1353/1353 1351/1351
f 1355/1355 1354/1354 1352/1352
f 1355/1355 1352/1352 1353/1353
f 1202/1202 1204/1204 1355/1355
f 1202/1202 1355/1355 1353/1353
f 1357/1357 1356/1356 1354/1354
f 1357/1357 1354/1354 1355/1355
f 1204/1204 1206/1206 1357/1357
f 1204/1204 1357/1357 1355/1355
f 1359/1359 1358/1358 1356/1356
f 1359/1359 1356/1356 1357/1357
f 1206/1206 1208/1208 1359/1359
f 1206/1206 1359/1359 1357/1357
f 1361/1361 1360/1360 1358/1358
f 1361/1361 1358/1358 1359/1359
f 1208/1208 1210/1210 1361/1361
f 1208/1208 1361/1361 1359/1359
f 1363/1363 1362/1362 1360/1360
f 1363/1363 1360/1360 1361/1361
f 1210/1210 1212/1212 1363/1363
f 1210/1210 1363/1363 1361/1361
f 1365/1365 1364/1364 1362/1362
f 1365/1365 1362/1362 1363/1363
f 1212/1212 1214/1214 1365/1365
f 1212/1212 1365/1365 1363/1363
f 1367/1367 1366/1366 1364/1364
f 1367/1367 1364/1364 1365/1365
f 1214/1214 1216/1216 1367/1367
f 1214/1214 1367/1367 1365/1365
f 1369/1369 1368/1368 1366/1366
f 1369/1369 1366/1366 1367/1367
f 1216/1216 1218/1218 1369/1369
f 1216/1216 1369/1369 1367/1367
f 1371/1371 1370/1370 1368/1368
f 1371/1371 1368/1368 1369/1369
f 1218/1218 1220/1220 1371/1371
f 1218/1218 1371/1371 1369/1369
f 1373/1373 1372/1372 1370/1370
f 1373/1373 1370/1370 1371/1371
f 1220/1220 1222/1222 1373/1373
f 1220/1220 1373/1373 1371/1371
f 1375/1375 1374/1374 1372/1372
f 1375/1375 1372/1372 1373/1373
f 1222/1222 1224/1224 1375/1375
f 1222/1222 1375/1375 1373/1373
f 1377/1377 1376/1376 1374/1374
f 1377/1377 1374/1374 1375/1375
f 1224/1224 1226/1226 1377/1377
f 1224/1224 1377/1377 1375/1375
f 1379/1379 1378/1378 1376/1376
f 1379/1379 1376/1376 1377/1377
f 1226/1226 1228/1228 1379/1379
f 1226/1226 1379/1379 1377/1377
f 1381/1381 1380/1380 1378/1378
f 1381/1381 1378/1378 1379/1379
f 1228/1228 1230/1230 1381/1381
f 1228/1228 1381/1381 1379/1379
f 1383/1383 1382/1382 1380/1380
f 1383/1383 1380/1380 1381/1381
f 1230/1230 1232/1232 1383/1383
f 1230/1230 1383/1383 1381/1381
f 1385/1385 1384/1384 1382/1382
f 1385/1385 1382/1382 1383/1383
f 1232/1232 1234/1234 1385/1385
f 1232/1232 1385/1385 1383/1383
f 1387/1387 1386/1386 1384/1384
f 1387/1387 1384/1384 1385/1385
f 1234/1234 1236/1236 1387/1387
f 1234/1234 1387/1387 1385/1385
f 1389/1389 1388/1388 1386/1386
f 1389/1389 1386/1386 1387/1387
f 1236/1236 1238/1238 1389/1389
f 1236/1236 1389/1389 1387/1387
f 1243/1243 1390/1390 1388/1388
f 1243/1243 1388/1388 1389/1389
f 1238/1238 1240/1240 1243/1243
f 1238/1238 1243/1243 1389/1389
f 1392/1392 1391/1391 1388/1388
f 1392/1392 1388/1388 1390/1390
f 1246/1246 1393/1393 1392/1392
f 1246/1246 1392/1392 1390/1390
f 1243/1243 1244/1244 1246/1246
f 1243/1243 1246/1246 1390/1390
f 1395/1395 1394/1394 1392/1392
f 1395/1395 1392/1392 1393/1393
f 1397/1397 1396/1396 1395/1395
f 1397/1397 1395/1395 1393/1393
f 1246/1246 1247/1247 1397/1397
f 1246/1246 1397/1397 1393/1393
f 1399/1399 1398/1398 1396/1396
f 1399/1399 1396/1396 1397/1397
f 1247/1247 1248/1248 1399/1399
f 1247/1247 1399/1399 1397/1397
f 1401/1401 1400/1400 1398/1398
f 1401/1401 1398/1398 1399/1399
f 1248/1248 1250/1250 1401/1401
f 1248/1248 1401/1401 1399/1399
f 1403/1403 1402/1402 1400/1400
f 1403/1403 1400/1400 1401/1401
f 1250/1250 1252/1252 1403/1403
f 1250/1250 1403/1403 1401/1401
f 1405/1405 1404/1404 1402/1402
f 1405/1405 1402/1402 1403/1403
f 1252/1252 1254/1254 1405/1405
f 1252/1252 1405/1405 1403/1403
f 1259/1259 1406/1406 1404/1404
f 1259/1259 1404/1404 1405/1405
f 1254/1254 1256/1256 1259/1259
f 1254/1254 1259/1259 1405/1405
f 1408/1408 1407/1407 1404/1404
f 1408/1408 1404/1404 1406/1406
f 1262/1262 1409/1409 1408/1408
f 1262/1262 1408/1408 1406/1406
f 1259/1259 1260/1260 1262/1262
f 1259/1259 1262/1262 1406/1406
f 1411/1411 1410/1410 1408/1408
f 1411/1411 1408/1408 1409/1409
f 1265/1265 1412/1412 1411/1411
f 1265/1265 1411/1411 1409/1409
f 1262/1262 1263/1263 1265/1265
f 1262/1262 1265/1265 1409/1409
f 1414/1414 1413/1413 1411/1411
f 1414/1414 1411/1411 1412/1412
f 1268/1268 1415/1415 1414/1414
f 1268/1268 1414/1414 1412/1412
f 1265/1265 1266/1266 1268/1268
f 1265/1265 1268/1268 1412/1412
f 1417/1417 1416/1416 1414/1414
f 1417/1417 1414/1414 1415/1415
f 1271/1271 1418/1418 1417/1417
f 1271/1271 1417/1417 1415/1415
f 1268/1268 1269/1269 1271/1271
f 1268/1268 1271/1271 1415/1415
f 1420/1420 1419/1419 1417/1417
f 1420/1420 1417/1417 1418/1418
f 1273/1273 1421/1421 1420/1420
f 1273/1273 1420/1420 1418/1418
f 1271/1271 1272/1272 1273/1273
f 1271/1271 1273/1273 1418/1418
f 1423/1423 1422/1422 1420/1420
f 1423/1423 1420/1420 1421/1421
f 1426/1426 1425/1425 1423/1423
f 1426/1426 1423/1423 1424/1424
f 1431/1431 1430/1430 1428/1428
f 1431/1431 1428/1428 1429/1429
f 1274/1274 1276/1276 1431/1431
f 1274/1274 1431/1431 1429/1429
f 1433/1433 1432/1432 1430/1430
f 1433/1433 1430/1430 1431/1431
f 1276/1276 1278/1278 1433/1433
f 1276/1276 1433/1433 1431/1431
f 1435/1435 1434/1434 1432/1432
f 1435/1435 1432/1432 1433/1433
f 1278/1278 1280/1280 1435/1435
f 1278/1278 1435/1435 1433/1433
f 1437/1437 1436/1436 1434/1434
f 1437/1437 1434/1434 1435/1435
f 1280/1280 1282/1282 1437/1437
f 1280/1280 1437/1437 1435/1435
f 1439/1439 1438/1438 1436/1436
f 1439/1439 1436/1436 1437/1437
f 1282/1282 1284/1284 1439/1439
f 1282/1282 1439/1439 1437/1437
f 1441/1441 1440/1440 1438/1438
f 1441/1441 1438/1438 1439/1439
f 1284/1284 1286/1286 1441/1441
f 1284/1284 1441/1441 1439/1439
f 1443/1443 1442/1442 1440/1440
f 1443/1443 1440/1440 1441/1441
f 1286/1286 1288/1288 1443/1443
f 1286/1286 1443/1443 1441/1441
f 1445/1445 1444/1444 1442/1442
f 1445/1445 1442/1442 1443/1443
f 1288/1288 1290/1290 1445/1445
f 1288/1288 1445/1445 1443/1443
f 1447/1447 1446/1446 1444/1444
f 1447/1447 1444/1444 1445/1445
f 1290/1290 1292/1292 1447/1447
f 1290/1290 1447/1447 1445/1445
f 1449/1449 1448/1448 1446/1446
f 1449/1449 1446/1446 1447/1447
f 1292/1292 1450/1450 1449/1449
f 1292/1292 1449/1449 1447/1447
f 1452/1452 1451/1451 1449/1449
f 1452/1452 1449/1449 1450/1450
f 1295/1295 1453/1453 1452/1452
f 1295/1295 1452/1452 1450/1450
f 1292/1292 1293/1293 1295/1295
f 1292/1292 1295/1295 1450/1450
f 1455/1455 1454/1454 1452/1452
f 1455/1455 1452/1452 1453/1453
f 1298/1298 1456/1456 1455/1455
f 1298/1298 1455/1455 1453/1453
f 1295/1295 1296/1296 1298/1298
f 1295/1295 1298/1298 1453/1453
f 1458/1458 1457/1457 1455/1455
f 1458/1458 1455/1455 1456/1456
f 1301/1301 1459/1459 1458/1458
f 1301/1301 1458/1458 1456/1456
f 1298/1298 1299/1299 1301/1301
f 1298/1298 1301/1301 1456/1456
f 1461/1461 1460/1460 1458/1458
f 1461/1461 1458/1458 1459/1459
f 1304/1304 1462/1462 1461/1461
f 1304/1304 1461/1461 1459/1459
f 1301/1301 1302/1302 1304/1304
f 1301/1301 1304/1304 1459/1459
f 1464/1464 1463/1463 1461/1461
f 1464/1464 1461/1461 1462/1462
f 1307/1307 1465/1465 1464/1464
f 1307/1307 1464/1464 1462/1462
f 1304/1304 1305/1305 1307/1307
f 1304/1304 1307/1307 1462/1462
f 1467/1467 1466/1466 1464/1464
f 1467/1467 1464/1464 1465/1465
f 1310/1310 1468/1468 1467/1467
f 1310/1310 1467/1467 1465/1465
f 1307/1307 1308/1308 1310/1310
f 1307/1307 1310/1310 1465/1465
f 1470/1470 1469/1469 1467/1467
f 1470/1470 1467/1467 1468/1468
f 1313/1313 1471/1471 1470/1470
f 1313/1313 1470/1470 1468/1468
f 1310/1310 1311/1311 1313/1313
f 1310/1310 1313/1313 1468/1468
f 1473/1473 1472/1472 1470/1470
f 1473/1473 1470/1470 1471/1471
f 1316/1316 1474/1474 1473/1473
f 1316/1316 1473/1473 1471/1471
f 1313/1313 1314/1314 1316/1316
f 1313/1313 1316/1316 1471/1471
f 1476/1476 1475/1475 1473/1473
f 1476/1476 1473/1473 1474/1474
f 1319/1319 1477/1477 1476/1476
f 1319/1319 1476/1476 1474/1474
f 1316/1316 1317/1317 1319/1319
f 1316/1316 1319/1319 1474/1474
f 1479/1479 1478/1478 1476/1476
f 1479/1479 1476/1476 1477/1477
f 1322/1322 1480/1480 1479/1479
f 1322/1322 1479/1479 1477/1477
f 1319/1319 1320/1320 1322/1322
f 1319/1319 1322/1322 1477/1477
f 1482/1482 1481/1481 1479/1479
f 1482/1482 1479/1479 1480/1480
f 1325/1325 1483/1483 1482/1482
f 1325/1325 1482/1482 1480/1480
f 1322/1322 1323/1323 1325/1325
f 1322/1322 1325/1325 1480/1480
f 1485/1485 1484/1484 1482/1482
f 1485/1485 1482/1482 1483/1483
f 1328/1328 1486/1486 1485/1485
f 1328/1328 1485/1485 1483/1483
f 1325/1325 1326/1326 1328/1328
f 1325/1325 1328/1328 1483/1483
f 1488/1488 1487/1487 1485/1485
f 1488/1488 1485/1485 1486/1486
f 1331/1331 1489/1489 1488/1488
f 1331/1331 1488/1488 1486/1486
f 1328/1328 1329/1329 1331/1331
f 1328/1328 1331/1331 1486/1486
f 1491/1491 1490/1490 1488/1488
f 1491/1491 1488/1488 1489/1489
f 1334/1334 1492/1492 1491/1491
f 1334/1334 1491/1491 1489/1489
f 1331/1331 1332/1332 1334/1334
f 1331/1331 1334/1334 1489/1489
f 1494/1494 1493/1493 1491/1491
f 1494/1494 1491/1491 1492/1492
f 1337/1337 1495/1495 1494/1494
f 1337/1337 1494/1494 1492/1492
f 1334/1334 1335/1335 1337/1337
f 1334/1334 1337/1337 1492/1492
f 1497/1497 1496/1496 1494/1494
f 1497/1497 1494/1494 1495/1495
f 1340/1340 1498/1498 1497/1497
f 1340/1340 1497/1497 1495/1495
f 1337/1337 1338/1338 1340/1340
f 1337/1337 1340/1340 1495/1495
f 1500/1500 1499/1499 1497/1497
f 1500/1500 1497/1497 1498/1498
f 1343/1343 1501/1501 1500/1500
f 1343/1343 1500/1500 1498/1498
f 1340/1340 1341/1341 1343/1343
f 1340/1340 1343/1343 1498/1498
f 1503/1503 1502/1502 1500/1500
f 1503/1503 1500/1500 1501/1501
f 1346/1346 1504/1504 1503/1503
f 1346/1346 1503/1503 1501/1501
f 1343/1343 1344/1344 1346/1346
f 1343/1343 1346/1346 1501/1501
f 1506/1506 1505/1505 1503/1503
f 1506/1506 1503/1503 1504/1504
f 1508/1508 1507/1507 1506/1506
f 1508/1508 1506/1506 1504/1504
f 1346/1346 1347/1347 1508/1508
f 1346/1346 1508/1508 1504/1504
f 1510/1510 1509/1509 1507/1507
f 1510/1510 1507/1507 1508/1508
f 1347/1347 1348/1348 1510/1510
f 1347/1347 1510/1510 1508/1508
f 1512/1512 1511/1511 1509/1509
f 1512/1512 1509/1509 1510/1510
f 1348/1348 1350/1350 1512/1512
f 1348/1348 1512/1512 1510/1510
f 1514/1514 1513/1513 1511/1511
f 1514/1514 1511/1511 1512/1512
f 1350/1350 1352/1352 1514/1514
f 1350/1350 1514/1514 1512/1512
f 1516/1516 1515/1515 1513/1513
f 1516/1516 1513/1513 1514/1514
f 1352/1352 1354/1354 1516/1516
f 1352/1352 1516/1516 1514/1514
f 1518/1518 1517/1517 1515/1515
f 1518/1518 1515/1515 1516/1516
f 1354/1354 1356/1356 1518/1518
f 1354/1354 1518/1518 1516/1516
f 1520/1520 1519/1519 1517/1517
f 1520/1520 1517/1517 1518/1518
f 1356/1356 1358/1358 1520/1520
f 1356/1356 1520/1520 1518/1518
f 1522/1522 1521/1521 1519/1519
f 1522/1522 1519/1519 1520/1520
f 1358/1358 1360/1360 1522/1522
f 1358/1358 1522/1522 1520/1520
f 1524/1524 1523/1523 1521/1521
f 1524/1524 1521/1521 1522/1522
f 1360/1360 1362/1362 1524/1524
f 1360/1360 1524/1524 1522/1522
f 1526/1526 1525/1525 1523/1523
f 1526/1526 1523/1523 1524/1524
f 1362/1362 1364/1364 1526/1526
f 1362/1362 1526/1526 1524/1524
f 1528/1528 1527/1527 1525/1525
f 1528/1528 1525/1525 1526/1526
f 1364/1364 1366/1366 1528/1528
f 1364/1364 1528/1528 1526/1526
f 1530/1530 1529/1529 1527/1527
f 1530/1530 1527/1527 1528/1528
f 1366/1366 1368/1368 1530/1530
f 1366/1366 1530/1530 1528/1528
f 1532/1532 1531/1531 1529/1529
f 1532/1532 1529/1529 1530/1530
f 1368/1368 1370/1370 1532/1532
f 1368/1368 1532/1532 1530/1530
f 1534/1534 1533/1533 1531/1531
f 1534/1534 1531/1531 1532/1532
f 1370/1370 1372/1372 1534/1534
f 1370/1370 1534/1534 1532/1532
f 1536/1536 1535/1535 1533/1533
f 1536/1536 1533/1533 1534/1534
f 1372/1372 1374/1374 1536/1536
f 1372/1372 1536/1536 1534/1534
f 1538/1538 1537/1537 1535/1535
f 1538/1538 1535/1535 1536/1536
f 1374/1374 1376/1376 1538/1538
f 1374/1374 1538/1538 1536/1536
f 1540/1540 1539/1539 1537/1537
f 1540/1540 1537/1537 1538/1538
f 1376/1376 1378/1378 1540/1540
f 1376/1376 1540/1540 1538/1538
f 1542/1542 1541/1541 1539/1539
f 1542/1542 1539/1539 1540/1540
f 1378/1378 1380/1380 1542/1542
f 1378/1378 1542/1542 1540/1540
f 1544/1544 1543/1543 1541/1541
f 1544/1544 1541/1541 1542/1542
f 1380/1380 1382/1382 1544/1544
f 1380/1380 1544/1544 1542/1542
f 1546/1546 1545/1545 1543/1543
f 1546/1546 1543/1543 1544/1544
f 1382/1382 1384/1384 1546/1546
f 1382/1382 1546/1546 1544/1544
f 1548/1548 1547/1547 1545/1545
f 1548/1548 1545/1545 1546/1546
f 1384/1384 1386/1386 1548/1548
f 1384/1384 1548/1548 1546/1546
f 1391/1391 1549/1549 1547/1547
f 1391/1391 1547/1547 1548/1548
f 1386/1386 1388/1388 1391/1391
f 1386/1386 1391/1391 1548/1548
f 1551/1551 1550/1550 1547/1547
f 1551/1551 1547/1547 1549/1549
f 1394/1394 1552/1552 1551/1551
f 1394/1394 1551/1551 1549/1549
f 1391/1391 1392/1392 1394/1394
f 1391/1391 1394/1394 1549/1549
f 1554/1554 1553/1553 1551/1551
f 1554/1554 1551/1551 1552/1552
f 1556/1556 1555/1555 1554/1554
f 1556/1556 1554/1554 1552/1552
f 1394/1394 1395/1395 1556/1556
f 1394/1394 1556/1556 1552/1552
f 1558/1558 1557/1557 1555/1555
f 1558/1558 1555/1555 1556/1556
f 1395/1395 1396/1396 1558/1558
f 1395/1395 1558/1558 1556/1556
f 1560/1560 1559/1559 1557/1557
f 1560/1560 1557/1557 1558/1558
f 1396/1396 1398/1398 1560/1560
f 1396/1396 1560/1560 1558/1558
f 1562/1562 1561/1561 1559/1559
f 1562/1562 1559/1559 1560/1560
f 1398/1398 1400/1400 1562/1562
f 1398/1398 1562/1562 1560/1560
f 1564/1564 1563/1563 1561/1561
f 1564/1564 1561/1561 1562/1562
f 1400/1400 1402/1402 1564/1564
f 1400/1400 1564/1564 1562/1562
f 1407/1407 1565/1565 1563/1563
f 1407/1407 1563/1563 1564/1564
f 1402/1402 1404/1404 1407/1407
f 1402/1402 1407/1407 1564/1564
f 1567/1567 1566/1566 1563/1563
f 1567/1567 1563/1563 1565/1565
f 1410/1410 1568/1568 1567/1567
f 1410/1410 1567/1567 1565/1565
f 1407/1407 1408/1408 1410/1410
f 1407/1407 1410/1410 1565/1565
f 1570/1570 1569/1569 1567/1567
f 1570/1570 1567/1567 1568/1568
f 1413/1413 1571/1571 1570/1570
f 1413/1413 1570/1570 1568/1568
f 1410/1410 1411/1411 1413/1413
f 1410/1410 1413/1413 1568/1568
f 1573/1573 1572/1572 1570/1570
f 1573/1573 1570/1570 1571/1571
f 1416/1416 1574/1574 1573/1573
f 1416/1416 1573/1573 1571/1571
f 1413/1413 1414/1414 1416/1416
f 1413/1413 1416/1416 1571/1571
f 1576/1576 1575/1575 1573/1573
f 1576/1576 1573/1573 1574/1574
f 1419/1419 1577/1577 1576/1576
f 1419/1419 1576/1576 1574/1574
f 1416/1416 1417/1417 1419/1419
f 1416/1416 1419/1419 1574/1574
f 1579/1579 1578/1578 1576/1576
f 1579/1579 1576/1576 1577/1577
f 1422/1422 1580/1580 1579/1579
f 1422/1422 1579/1579 1577/1577
f 1419/1419 1420/1420 1422/1422
f 1419/1419 1422/1422 1577/1577
f 1582/1582 1581/1581 1579/1579
f 1582/1582 1579/1579 1580/1580
f 1425/1425 1583/1583 1582/1582
f 1425/1425 1582/1582 1580/1580
f 1422/1422 1423/1423 1425/1425
f 1422/1422 1425/1425 1580/1580
f 1585/1585 1584/1584 1582/1582
f 1585/1585 1582/1582 1583/1583
f 1427/1427 1586/1586 1585/1585
f 1427/1427 1585/1585 1583/1583
f 1425/1425 1426/1426 1427/1427
f 1425/1425 1427/1427 1583/1583
f 1588/1588 1587/1587 1585/1585
f 1588/1588 1585/1585 1586/1586
f 1590/1590 1589/1589 1588/1588
f 1590/1590 1588/1588 1586/1586
f 1427/1427 1590/1590 1586/1586
f 1594/1594 1593/1593 1591/1591
f 1594/1594 1591/1591 1592/1592
f 1428/1428 1430/1430 1594/1594
f 1428/1428 1594/1594 1592/1592
f 1596/1596 1595/1595 1593/1593
f 1596/1596 1593/1593 1594/1594
f 1430/1430 1432/1432 1596/1596
f 1430/1430 1596/1596 1594/1594
f 1598/1598 1597/1597 1595/1595
f 1598/1598 1595/1595 1596/1596
f 1432/1432 1434/1434 1598/1598
f 1432/1432 1598/1598 1596/1596
f 1600/1600 1599/1599 1597/1597
f 1600/1600 1597/1597 1598/1598
f 1434/1434 1436/1436 1600/1600
f 1434/1434 1600/1600 1598/1598
f 1602/1602 1601/1601 1599/1599
f 1602/1602 1599/1599 1600/1600
f 1436/1436 1438/1438 1602/1602
f 1436/1436 1602/1602 1600/1600
f 1604/1604 1603/1603 1601/1601
f 1604/1604 1601/1601 1602/1602
f 1438/1438 1440/1440 1604/1604
f 1438/1438 1604/1604 1602/1602
f 1606/1606 1605/1605 1603/1603
f 1606/1606 1603/1603 1604/1604
f 1440/1440 1442/1442 1606/1606
f 1440/1440 1606/1606 1604/1604
f 1608/1608 1607/1607 1605/1605
f 1608/1608 1605/1605 1606/1606
f 1442/1442 1444/1444 1608/1608
f 1442/1442 1608/1608 1606/1606
f 1610/1610 1609/1609 1607/1607
f 1610/1610 1607/1607 1608/1608
f 1444/1444 1446/1446 1610/1610
f 1444/1444 1610/1610 1608/1608
f 1612/1612 1611/1611 1609/1609
f 1612/1612 1609/1609 1610/1610
f 1446/1446 1448/1448 1612/1612
f 1446/1446 1612/1612 1610/1610
f 1614/1614 1613/1613 1611/1611
f 1614/1614 1611/1611 1612/1612
f 1448/1448 1615/1615 1614/1614
f 1448/1448 1614/1614 1612/1612
f 1617/1617 1616/1616 1614/1614
f 1617/1617 1614/1614 1615/1615
f 1451/1451 1618/1618 1617/1617
f 1451/1451 1617/1617 1615/1615
f 1448/1448 1449/1449 1451/1451
f 1448/1448 1451/1451 1615/1615
f 1620/1620 1619/1619 1617/1617
f 1620/1620 1617/1617 1618/1618
f 1454/1454 1621/1621 1620/1620
f 1454/1454 1620/1620 1618/1618
f 1451/1451 1452/1452 1454/1454
f 1451/1451 1454/1454 1618/1618
f 1623/1623 1622/1622 1620/1620
f 1623/1623 1620/1620 1621/1621
f 1457/1457 1624/1624 1623/1623
f 1457/1457 1623/1623 1621/1621
f 1454/1454 1455/1455 1457/1457
f 1454/1454 1457/1457 1621/1621
f 1626/1626 1625/1625 1623/1623
f 1626/1626 1623/1623 1624/1624
f 1460/1460 1627/1627 1626/1626
f 1460/1460 1626/1626 1624/1624
f 1457/1457 1458/1458 1460/1460
f 1457/1457 1460/1460 1624/1624
f 1629/1629 1628/1628 1626/1626
f 1629/1629 1626/1626 1627/1627
f 1463/1463 1630/1630 1629/1629
f 1463/1463 1629/1629 1627/1627
f 1460/1460 1461/1461 1463/1463
f 1460/1460 1463/1463 1627/1627
f 1632/1632 1631/1631 1629/1629
f 1632/1632 1629/1629 1630/1630
f 1466/1466 1633/1633 1632/1632
f 1466/1466 1632/1632 1630/1630
f 1463/1463 1464/1464 1466/1466
f 1463/1463 1466/1466 1630/1630
f 1635/1635 1634/1634 1632/1632
f 1635/1635 1632/1632 1633/1633
f 1469/1469 1636/1636 1635/1635
f 1469/1469 1635/1635 1633/1633
f 1466/1466 1467/1467 1469/1469
f 1466/1466 1469/1469 1633/1633
f 1638/1638 1637/1637 1635/1635
f 1638/1638 1635/1635 1636/1636
f 1472/1472 1639/1639 1638/1638
f 1472/1472 1638/1638 1636/1636
f 1469/1469 1470/1470 1472/1472
f 1469/1469 1472/1472 1636/1636
f 1641/1641 1640/1640 1638/1638
f 1641/1641 1638/1638 1639/1639
f 1475/1475 1642/1642 1641/1641
f 1475/1475 1641/1641 1639/1639
f 1472/1472 1473/1473 1475/1475
f 1472/1472 1475/1475 1639/1639
f 1644/1644 1643/1643 1641/1641
f 1644/1644 1641/1641 1642/1642
f 1478/1478 1645/1645 1644/1644
f 1478/1478 1644/1644 1642/1642
f 1475/1475 1476/1476 1478/1478
f 1475/1475 1478/1478 1642/1642
f 1647/1647 1646/1646 1644/1644
f 1647/1647 1644/1644 1645/1645
f 1481/1481 1648/1648 1647/1647
f 1481/1481 1647/1647 1645/1645
f 1478/1478 1479/1479 1481/1481
f 1478/1478 1481/1481 1645/1645
f 1650/1650 1649/1649 1647/1647
f 1650/1650 1647/1647 1648/1648
f 1484/1484 1651/1651 1650/1650
f 1484/1484 1650/1650 1648/1648
f 1481/1481 1482/1482 1484/1484
f 1481/1481 1484/1484 1648/1648
f 1653/1653 1652/1652 1650/1650
f 1653/1653 1650/1650 1651/1651
f 1487/1487 1654/1654 1653/1653
f 1487/1487 1653/1653 1651/1651
f 1484/1484 1485/1485 1487/1487
f 1484/1484 1487/1487 1651/1651
f 1656/1656 1655/1655 1653/1653
f 1656/1656 1653/1653 1654/1654
f 1490/1490 1657/1657 1656/1656
f 1490/1490 1656/1656 1654/1654
f 1487/1487 1488/1488 1490/1490
f 1487/1487 1490/1490 1654/1654
f 1659/1659 1658/1658 1656/1656
f 1659/1659 1656/1656 1657/1657
f 1493/1493 1660/1660 1659/1659
f 1493/1493 1659/1659 1657/1657
f 1490/1490 1491/1491 1493/1493
f 1490/1490 1493/1493 1657/1657
f 1662/1662 1661/1661 1659/1659
f 1662/1662 1659/1659 1660/1660
f 1496/1496 1663/1663 1662/1662
f 1496/1496 1662/1662 1660/1660
f 1493/1493 1494/1494 1496/1496
f 1493/1493 1496/1496 1660/1660
f 1665/1665 1664/1664 1662/1662
f 1665/1665 1662/1662 1663/1663
f 1499/1499 1666/1666 1665/1665
f 1499/1499 1665/1665 1663/1663
f 1496/1496 1497/1497 1499/1499
f 1496/1496 1499/1499 1663/1663
f 65/65 1667/1667 1665/1665
f 65/65 1665/1665 1666/1666
f 1502/1502 64/64 65/65
f 1502/1502 65/65 1666/1666
f 1499/1499 1500/1500 1502/1502
f 1499/1499 1502/1502 1666/1666
f 1668/1668 1664/1664 1665/1665
f 1668/1668 1665/1665 1667/1667
f 1670/1670 1669/1669 1668/1668
f 1670/1670 1668/1668 1667/1667
f 65/65 66/66 1670/1670
f 65/65 1670/1670 1667/1667
f 1671/1671 44/44 1669/1669
f 1671/1671 1669/1669 1670/1670
f 66/66 67/67 1671/1671
f 66/66 1671/1671 1670/1670
f 1672/1672 6/6 44/44
f 1672/1672 44/44 1671/1671
f 67/67 39/39 1672/1672
f 67/67 1672/1672 1671/1671
f 39/39 36/36 1673/1673
f 39/39 1673/1673 1672/1672
f 1673/1673 47/47 6/6
f 1673/1673 6/6 1672/1672
f 36/36 37/37 1674/1674
f 36/36 1674/1674 1673/1673
f 1674/1674 1675/1675 47/47
f 1674/1674 47/47 1673/1673
f 1674/1674 1677/1677 1676/1676
f 1674/1674 1676/1676 1675/1675
f 1678/1678 46/46 47/47
f 1678/1678 47/47 1675/1675
f 1676/1676 1679/1679 1678/1678
f 1676/1676 1678/1678 1675/1675
f 1676/1676 1681/1681 1680/1680
f 1676/1676 1680/1680 1679/1679
f 1683/1683 1682/1682 1678/1678
f 1683/1683 1678/1678 1679/1679
f 1680/1680 1684/1684 1683/1683
f 1680/1680 1683/1683 1679/1679
f 1680/1680 1686/1686 1685/1685
f 1680/1680 1685/1685 1684/1684
f 1688/1688 1687/1687 1683/1683
f 1688/1688 1683/1683 1684/1684
f 1685/1685 1689/1689 1688/1688
f 1685/1685 1688/1688 1684/1684
f 1685/1685 1691/1691 1690/1690
f 1685/1685 1690/1690 1689/1689
f 1693/1693 1692/1692 1688/1688
f 1693/1693 1688/1688 1689/1689
f 1690/1690 1694/1694 1693/1693
f 1690/1690 1693/1693 1689/1689
f 1690/1690 1696/1696 1695/1695
f 1690/1690 1695/1695 1694/1694
f 1697/1697 58/58 1693/1693
f 1697/1697 1693/1693 1694/1694
f 1695/1695 1698/1698 1697/1697
f 1695/1695 1697/1697 1694/1694
f 1695/1695 1700/1700 1699/1699
f 1695/1695 1699/1699 1698/1698
f 1702/1702 1701/1701 1697/1697
f 1702/1702 1697/1697 1698/1698
f 1699/1699 1703/1703 1702/1702
f 1699/1699 1702/1702 1698/1698
f 1699/1699 1705/1705 1704/1704
f 1699/1699 1704/1704 1703/1703
f 1707/1707 1706/1706 1702/1702
f 1707/1707 1702/1702 1703/1703
f 1704/1704 1708/1708 1707/1707
f 1704/1704 1707/1707 1703/1703
f 1704/1704 1710/1710 1709/1709
f 1704/1704 1709/1709 1708/1708
f 1712/1712 1711/1711 1707/1707
f 1712/1712 1707/1707 1708/1708
f 1709/1709 1713/1713 1712/1712
f 1709/1709 1712/1712 1708/1708
f 1709/1709 1715/1715 1714/1714
f 1709/1709 1714/1714 1713/1713
f 1717/1717 1716/1716 1712/1712
f 1717/1717 1712/1712 1713/1713
f 1714/1714 1718/1718 1717/1717
f 1714/1714 1717/1717 1713/1713
f 1714/1714 1720/1720 1719/1719
f 1714/1714 1719/1719 1718/1718
f 1722/1722 1721/1721 1717/1717
f 1722/1722 1717/1717 1718/1718
f 1719/1719 1723/1723 1722/1722
f 1719/1719 1722/1722 1718/1718
f 1719/1719 1725/1725 1724/1724
f 1719/1719 1724/1724 1723/1723
f 1727/1727 1726/1726 1722/1722
f 1727/1727 1722/1722 1723/1723
f 1724/1724 1728/1728 1727/1727
f 1724/1724 1727/1727 1723/1723
f 1724/1724 1730/1730 1729/1729
f 1724/1724 1729/1729 1728/1728
f 1732/1732 1731/1731 1727/1727
f 1732/1732 1727/1727 1728/1728
f 1729/1729 1733/1733 1732/1732
f 1729/1729 1732/1732 1728/1728
f 1729/1729 1735/1735 1734/1734
f 1729/1729 1734/1734 1733/1733
f 1737/1737 1736/1736 1732/1732
f 1737/1737 1732/1732 1733/1733
f 1734/1734 1738/1738 1737/1737
f 1734/1734 1737/1737 1733/1733
f 1734/1734 1740/1740 1739/1739
f 1734/1734 1739/1739 1738/1738
f 1742/1742 1741/1741 1737/1737
f 1742/1742 1737/1737 1738/1738
f 1739/1739 1743/1743 1742/1742
f 1739/1739 1742/1742 1738/1738
f 1739/1739 1745/1745 1744/1744
f 1739/1739 1744/1744 1743/1743
f 1747/1747 1746/1746 1742/1742
f 1747/1747 1742/1742 1743/1743
f 1744/1744 1748/1748 1747/1747
f 1744/1744 1747/1747 1743/1743
f 1744/1744 1750/1750 1749/1749
f 1744/1744 1749/1749 1748/1748
f 1752/1752 1751/1751 1747/1747
f 1752/1752 1747/1747 1748/1748
f 1749/1749 1753/1753 1752/1752
f 1749/1749 1752/1752 1748/1748
f 1749/1749 1755/1755 1754/1754
f 1749/1749 1754/1754 1753/1753
f 1757/1757 1756/1756 1752/1752
f 1757/1757 1752/1752 1753/1753
f 1754/1754 1758/1758 1757/1757
f 1754/1754 1757/1757 1753/1753
f 1754/1754 1760/1760 1759/1759
f 1754/1754 1759/1759 1758/1758
f 1762/1762 1761/1761 1757/1757
f 1762/1762 1757/1757 1758/1758
f 1759/1759 1634/1634 1762/1762
f 1759/1759 1762/1762 1758/1758
f 1637/1637 1763/1763 1761/1761
f 1637/1637 1761/1761 1762/1762
f 1634/1634 1635/1635 1637/1637
f 1634/1634 1637/1637 1762/1762
f 1765/1765 1764/1764 1761/1761
f 1765/1765 1761/1761 1763/1763
f 1640/1640 1766/1766 1765/1765
f 1640/1640 1765/1765 1763/1763
f 1637/1637 1638/1638 1640/1640
f 1637/1637 1640/1640 1763/1763
f 1768/1768 1767/1767 1765/1765
f 1768/1768 1765/1765 1766/1766
f 1643/1643 1769/1769 1768/1768
f 1643/1643 1768/1768 1766/1766
f 1640/1640 1641/1641 1643/1643
f 1640/1640 1643/1643 1766/1766
f 1771/1771 1770/1770 1768/1768
f 1771/1771 1768/1768 1769/1769
f 1646/1646 1772/1772 1771/1771
f 1646/1646 1771/1771 1769/1769
f 1643/1643 1644/1644 1646/1646
f 1643/1643 1646/1646 1769/1769
f 1774/1774 1773/1773 1771/1771
f 1774/1774 1771/1771 1772/1772
f 1649/1649 1775/1775 1774/1774
f 1649/1649 1774/1774 1772/1772
f 1646/1646 1647/1647 1649/1649
f 1646/1646 1649/1649 1772/1772
f 1777/1777 1776/1776 1774/1774
f 1777/1777 1774/1774 1775/1775
f 1652/1652 1778/1778 1777/1777
f 1652/1652 1777/1777 1775/1775
f 1649/1649 1650/1650 1652/1652
f 1649/1649 1652/1652 1775/1775
f 1780/1780 1779/1779 1777/1777
f 1780/1780 1777/1777 1778/1778
f 1655/1655 1781/1781 1780/1780
f 1655/1655 1780/1780 1778/1778
f 1652/1652 1653/1653 1655/1655
f 1652/1652 1655/1655 1778/1778
f 1783/1783 1782/1782 1780/1780
f 1783/1783 1780/1780 1781/1781
f 1658/1658 1784/1784 1783/1783
f 1658/1658 1783/1783 1781/1781
f 1655/1655 1656/1656 1658/1658
f 1655/1655 1658/1658 1781/1781
f 1786/1786 1785/1785 1783/1783
f 1786/1786 1783/1783 1784/1784
f 1661/1661 1787/1787 1786/1786
f 1661/1661 1786/1786 1784/1784
f 1658/1658 1659/1659 1661/1661
f 1658/1658 1661/1661 1784/1784
f 1789/1789 1788/1788 1786/1786
f 1789/1789 1786/1786 1787/1787
f 1664/1664 1668/1668 1789/1789
f 1664/1664 1789/1789 1787/1787
f 1661/1661 1662/1662 1664/1664
f 1661/1661 1664/1664 1787/1787
f 1791/1791 1790/1790 1788/1788
f 1791/1791 1788/1788 1789/1789
f 1668/1668 1669/1669 1791/1791
f 1668/1668 1791/1791 1789/1789
f 45/45 1792/1792 1790/1790
f 45/45 1790/1790 1791/1791
f 1669/1669 44/44 45/45
f 1669/1669 45/45 1791/1791
f 1794/1794 1793/1793 1790/1790
f 1794/1794 1790/1790 1792/1792
f 1796/1796 1795/1795 1794/1794
f 1796/1796 1794/1794 1792/1792
f 45/45 41/41 1796/1796
f 45/45 1796/1796 1792/1792
f 1798/1798 1797/1797 1795/1795
f 1798/1798 1795/1795 1796/1796
f 41/41 42/42 1798/1798
f 41/41 1798/1798 1796/1796
f 1800/1800 1799/1799 1797/1797
f 1800/1800 1797/1797 1798/1798
f 42/42 1801/1801 1800/1800
f 42/42 1800/1800 1798/1798
f 42/42 43/43 1802/1802
f 42/42 1802/1802 1801/1801
f 1804/1804 1803/1803 1800/1800
f 1804/1804 1800/1800 1801/1801
f 1802/1802 1805/1805 1804/1804
f 1802/1802 1804/1804 1801/1801
f 1802/1802 1807/1807 1806/1806
f 1802/1802 1806/1806 1805/1805
f 1809/1809 1808/1808 1804/1804
f 1809/1809 1804/1804 1805/1805
f 1806/1806 1810/1810 1809/1809
f 1806/1806 1809/1809 1805/1805
f 1806/1806 1812/1812 1811/1811
f 1806/1806 1811/1811 1810/1810
f 1814/1814 1813/1813 1809/1809
f 1814/1814 1809/1809 1810/1810
f 1811/1811 1815/1815 1814/1814
f 1811/1811 1814/1814 1810/1810
f 1811/1811 1816/1816 55/55
f 1811/1811 55/55 1815/1815
f 1818/1818 1817/1817 1814/1814
f 1818/1818 1814/1814 1815/1815
f 55/55 56/56 1818/1818
f 55/55 1818/1818 1815/1815
f 56/56 1820/1820 1819/1819
f 56/56 1819/1819 1818/1818
f 1819/1819 1821/1821 1817/1817
f 1819/1819 1817/1817 1818/1818
f 1819/1819 1823/1823 1822/1822
f 1819/1819 1822/1822 1821/1821
f 1825/1825 1824/1824 1817/1817
f 1825/1825 1817/1817 1821/1821
f 1822/1822 1826/1826 1825/1825
f 1822/1822 1825/1825 1821/1821
f 1822/1822 1828/1828 1827/1827
f 1822/1822 1827/1827 1826/1826
f 1830/1830 1829/1829 1825/1825
f 1830/1830 1825/1825 1826/1826
f 1827/1827 1831/1831 1830/1830
f 1827/1827 1830/1830 1826/1826
f 1827/1827 1833/1833 1832/1832
f 1827/1827 1832/1832 1831/1831
f 1835/1835 1834/1834 1830/1830
f 1835/1835 1830/1830 1831/1831
f 1832/1832 1836/1836 1835/1835
f 1832/1832 1835/1835 1831/1831
f 1832/1832 1838/1838 1837/1837
f 1832/1832 1837/1837 1836/1836
f 1840/1840 1839/1839 1835/1835
f 1840/1840 1835/1835 1836/1836
f 1837/1837 1841/1841 1840/1840
f 1837/1837 1840/1840 1836/1836
f 1837/1837 1843/1843 1842/1842
f 1837/1837 1842/1842 1841/1841
f 1845/1845 1844/1844 1840/1840
f 1845/1845 1840/1840 1841/1841
f 1842/1842 1846/1846 1845/1845
f 1842/1842 1845/1845 1841/1841
f 1842/1842 1848/1848 1847/1847
f 1842/1842 1847/1847 1846/1846
f 1850/1850 1849/1849 1845/1845
f 1850/1850 1845/1845 1846/1846
f 1847/1847 1851/1851 1850/1850
f 1847/1847 1850/1850 1846/1846
f 1847/1847 1853/1853 1852/1852
f 1847/1847 1852/1852 1851/1851
f 1855/1855 1854/1854 1850/1850
f 1855/1855 1850/1850 1851/1851
f 1852/1852 1856/1856 1855/1855
f 1852/1852 1855/1855 1851/1851
f 1852/1852 1858/1858 1857/1857
f 1852/1852 1857/1857 1856/1856
f 1860/1860 1859/1859 1855/1855
f 1860/1860 1855/1855 1856/1856
f 1857/1857 1861/1861 1860/1860
f 1857/1857 1860/1860 1856/1856
f 1857/1857 1863/1863 1862/1862
f 1857/1857 1862/1862 1861/1861
f 1865/1865 1864/1864 1860/1860
f 1865/1865 1860/1860 1861/1861
f 1862/1862 1866/1866 1865/1865
f 1862/1862 1865/1865 1861/1861
f 1862/1862 1868/1868 1867/1867
f 1862/1862 1867/1867 1866/1866
f 1870/1870 1869/1869 1865/1865
f 1870/1870 1865/1865 1866/1866
f 1867/1867 1871/1871 1870/1870
f 1867/1867 1870/1870 1866/1866
f 1867/1867 1872/1872 1767/1767
f 1867/1867 1767/1767 1871/1871
f 1770/1770 1873/1873 1870/1870
f 1770/1770 1870/1870 1871/1871
f 1767/1767 1768/1768 1770/1770
f 1767/1767 1770/1770 1871/1871
f 1874/1874 1869/1869 1870/1870
f 1874/1874 1870/1870 1873/1873
f 1773/1773 1875/1875 1874/1874
f 1773/1773 1874/1874 1873/1873
f 1770/1770 1771/1771 1773/1773
f 1770/1770 1773/1773 1873/1873
f 1877/1877 1876/1876 1874/1874
f 1877/1877 1874/1874 1875/1875
f 1776/1776 1878/1878 1877/1877
f 1776/1776 1877/1877 1875/1875
f 1773/1773 1774/1774 1776/1776
f 1773/1773 1776/1776 1875/1875
f 1880/1880 1879/1879 1877/1877
f 1880/1880 1877/1877 1878/1878
f 1779/1779 1881/1881 1880/1880
f 1779/1779 1880/1880 1878/1878
f 1776/1776 1777/1777 1779/1779
f 1776/1776 1779/1779 1878/1878
f 1883/1883 1882/1882 1880/1880
f 1883/1883 1880/1880 1881/1881
f 1782/1782 1884/1884 1883/1883
f 1782/1782 1883/1883 1881/1881
f 1779/1779 1780/1780 1782/1782
f 1779/1779 1782/1782 1881/1881
f 1886/1886 1885/1885 1883/1883
f 1886/1886 1883/1883 1884/1884
f 1785/1785 1887/1887 1886/1886
f 1785/1785 1886/1886 1884/1884
f 1782/1782 1783/1783 1785/1785
f 1782/1782 1785/1785 1884/1884
f 1793/1793 1888/1888 1886/1886
f 1793/1793 1886/1886 1887/1887
f 1788/1788 1790/1790 1793/1793
f 1788/1788 1793/1793 1887/1887
f 1785/1785 1786/1786 1788/1788
f 1785/1785 1788/1788 1887/1887
f 1889/1889 1885/1885 1886/1886
f 1889/1889 1886/1886 1888/1888
f 1891/1891 1890/1890 1889/1889
f 1891/1891 1889/1889 1888/1888
f 1793/1793 1794/1794 1891/1891
f 1793/1793 1891/1891 1888/1888
f 1893/1893 1892/1892 1890/1890
f 1893/1893 1890/1890 1891/1891
f 1794/1794 1795/1795 1893/1893
f 1794/1794 1893/1893 1891/1891
f 1895/1895 1894/1894 1892/1892
f 1895/1895 1892/1892 1893/1893
f 1795/1795 1797/1797 1895/1895
f 1795/1795 1895/1895 1893/1893
f 1897/1897 1896/1896 1894/1894
f 1897/1897 1894/1894 1895/1895
f 1797/1797 1799/1799 1897/1897
f 1797/1797 1897/1897 1895/1895
f 1899/1899 1898/1898 1896/1896
f 1899/1899 1896/1896 1897/1897
f 1799/1799 1900/1900 1899/1899
f 1799/1799 1899/1899 1897/1897
f 74/74 75/75 1899/1899
f 74/74 1899/1899 1900/1900
f 1803/1803 79/79 74/74
f 1803/1803 74/74 1900/1900
f 1799/1799 1800/1800 1803/1803
f 1799/1799 1803/1803 1900/1900
f 75/75 1901/1901 1898/1898
f 75/75 1898/1898 1899/1899
f 1904/1904 1903/1903 1902/1902
f 1904/1904 1902/1902 1901/1901
f 75/75 76/76 1904/1904
f 75/75 1904/1904 1901/1901
f 1902/1902 1905/1905 1898/1898
f 1902/1902 1898/1898 1901/1901
f 1902/1902 1907/1907 1906/1906
f 1902/1902 1906/1906 1905/1905
f 1908/1908 1896/1896 1898/1898
f 1908/1908 1898/1898 1905/1905
f 1906/1906 1909/1909 1908/1908
f 1906/1906 1908/1908 1905/1905
f 1906/1906 1911/1911 1910/1910
f 1906/1906 1910/1910 1909/1909
f 1913/1913 1912/1912 1908/1908
f 1913/1913 1908/1908 1909/1909
f 1910/1910 1914/1914 1913/1913
f 1910/1910 1913/1913 1909/1909
f 1910/1910 1916/1916 1915/1915
f 1910/1910 1915/1915 1914/1914
f 1918/1918 1917/1917 1913/1913
f 1918/1918 1913/1913 1914/1914
f 1915/1915 1919/1919 1918/1918
f 1915/1915 1918/1918 1914/1914
f 1915/1915 1921/1921 1920/1920
f 1915/1915 1920/1920 1919/1919
f 71/71 72/72 1918/1918
f 71/71 1918/1918 1919/1919
f 1920/1920 1922/1922 71/71
f 1920/1920 71/71 1919/1919
f 1920/1920 1924/1924 1923/1923
f 1920/1920 1923/1923 1922/1922
f 1925/1925 70/70 71/71
f 1925/1925 71/71 1922/1922
f 1923/1923 1926/1926 1925/1925
f 1923/1923 1925/1925 1922/1922
f 1923/1923 1927/1927 1876/1876
f 1923/1923 1876/1876 1926/1926
f 1879/1879 1928/1928 1925/1925
f 1879/1879 1925/1925 1926/1926
f 1876/1876 1877/1877 1879/1879
f 1876/1876 1879/1879 1926/1926
f 69/69 70/70 1925/1925
f 69/69 1925/1925 1928/1928
f 1882/1882 1929/1929 69/69
f 1882/1882 69/69 1928/1928
f 1879/1879 1880/1880 1882/1882
f 1879/1879 1882/1882 1928/1928
f 1930/1930 68/68 69/69
f 1930/1930 69/69 1929/1929
f 1885/1885 1889/1889 1930/1930
f 1885/1885 1930/1930 1929/1929
f 1882/1882 1883/1883 1885/1885
f 1882/1882 1885/1885 1929/1929
f 1931/1931 73/73 68/68
f 1931/1931 68/68 1930/1930
f 1889/1889 1890/1890 1931/1931
f 1889/1889 1931/1931 1930/1930
f 1932/1932 1917/1917 73/73
f 1932/1932 73/73 1931/1931
f 1890/1890 1892/1892 1932/1932
f 1890/1890 1932/1932 1931/1931
f 1912/1912 1913/1913 1917/1917
f 1912/1912 1917/1917 1932/1932
f 1892/1892 1894/1894 1912/1912
f 1892/1892 1912/1912 1932/1932
f 1864/1864 1865/1865 1869/1869
f 1864/1864 1869/1869 1927/1927
f 1923/1923 1924/1924 1864/1864
f 1923/1923 1864/1864 1927/1927
f 1869/1869 1874/1874 1876/1876
f 1869/1869 1876/1876 1927/1927
f 1859/1859 1860/1860 1864/1864
f 1859/1859 1864/1864 1924/1924
f 1920/1920 1921/1921 1859/1859
f 1920/1920 1859/1859 1924/1924
f 1854/1854 1855/1855 1859/1859
f 1854/1854 1859/1859 1921/1921
f 1915/1915 1916/1916 1854/1854
f 1915/1915 1854/1854 1921/1921
f 72/72 73/73 1917/1917
f 72/72 1917/1917 1918/1918
f 1849/1849 1850/1850 1854/1854
f 1849/1849 1854/1854 1916/1916
f 1910/1910 1911/1911 1849/1849
f 1910/1910 1849/1849 1916/1916
f 1894/1894 1896/1896 1908/1908
f 1894/1894 1908/1908 1912/1912
f 1844/1844 1845/1845 1849/1849
f 1844/1844 1849/1849 1911/1911
f 1906/1906 1907/1907 1844/1844
f 1906/1906 1844/1844 1911/1911
f 1839/1839 1840/1840 1844/1844
f 1839/1839 1844/1844 1907/1907
f 1902/1902 1903/1903 1839/1839
f 1902/1902 1839/1839 1907/1907
f 1933/1933 1834/1834 1903/1903
f 1933/1933 1903/1903 1904/1904
f 76/76 77/77 1933/1933
f 76/76 1933/1933 1904/1904
f 1829/1829 1830/1830 1834/1834
f 1829/1829 1834/1834 1933/1933
f 77/77 1934/1934 1829/1829
f 77/77 1829/1829 1933/1933
f 1824/1824 1825/1825 1829/1829
f 1824/1824 1829/1829 1934/1934
f 1935/1935 1813/1813 1824/1824
f 1935/1935 1824/1824 1934/1934
f 77/77 78/78 1935/1935
f 77/77 1935/1935 1934/1934
f 1808/1808 1809/1809 1813/1813
f 1808/1808 1813/1813 1935/1935
f 78/78 79/79 1808/1808
f 78/78 1808/1808 1935/1935
f 1834/1834 1835/1835 1839/1839
f 1834/1834 1839/1839 1903/1903
f 1936/1936 1756/1756 1764/1764
f 1936/1936 1764/1764 1872/1872
f 1867/1867 1868/1868 1936/1936
f 1867/1867 1936/1936 1872/1872
f 1764/1764 1765/1765 1767/1767
f 1764/1764 1767/1767 1872/1872
f 1751/1751 1752/1752 1756/1756
f 1751/1751 1756/1756 1936/1936
f 1868/1868 1937/1937 1751/1751
f 1868/1868 1751/1751 1936/1936
f 1746/1746 1747/1747 1751/1751
f 1746/1746 1751/1751 1937/1937
f 1863/1863 1938/1938 1746/1746
f 1863/1863 1746/1746 1937/1937
f 1868/1868 1862/1862 1863/1863
f 1868/1868 1863/1863 1937/1937
f 1741/1741 1742/1742 1746/1746
f 1741/1741 1746/1746 1938/1938
f 1858/1858 1939/1939 1741/1741
f 1858/1858 1741/1741 1938/1938
f 1863/1863 1857/1857 1858/1858
f 1863/1863 1858/1858 1938/1938
f 1736/1736 1737/1737 1741/1741
f 1736/1736 1741/1741 1939/1939
f 1853/1853 1940/1940 1736/1736
f 1853/1853 1736/1736 1939/1939
f 1858/1858 1852/1852 1853/1853
f 1858/1858 1853/1853 1939/1939
f 1731/1731 1732/1732 1736/1736
f 1731/1731 1736/1736 1940/1940
f 1848/1848 1941/1941 1731/1731
f 1848/1848 1731/1731 1940/1940
f 1853/1853 1847/1847 1848/1848
f 1853/1853 1848/1848 1940/1940
f 1726/1726 1727/1727 1731/1731
f 1726/1726 1731/1731 1941/1941
f 1843/1843 1942/1942 1726/1726
f 1843/1843 1726/1726 1941/1941
f 1848/1848 1842/1842 1843/1843
f 1848/1848 1843/1843 1941/1941
f 1721/1721 1722/1722 1726/1726
f 1721/1721 1726/1726 1942/1942
f 1838/1838 1943/1943 1721/1721
f 1838/1838 1721/1721 1942/1942
f 1843/1843 1837/1837 1838/1838
f 1843/1843 1838/1838 1942/1942
f 1716/1716 1717/1717 1721/1721
f 1716/1716 1721/1721 1943/1943
f 1833/1833 1944/1944 1716/1716
f 1833/1833 1716/1716 1943/1943
f 1838/1838 1832/1832 1833/1833
f 1838/1838 1833/1833 1943/1943
f 1711/1711 1712/1712 1716/1716
f 1711/1711 1716/1716 1944/1944
f 1828/1828 1945/1945 1711/1711
f 1828/1828 1711/1711 1944/1944
f 1833/1833 1827/1827 1828/1828
f 1833/1833 1828/1828 1944/1944
f 1706/1706 1707/1707 1711/1711
f 1706/1706 1711/1711 1945/1945
f 1823/1823 1946/1946 1706/1706
f 1823/1823 1706/1706 1945/1945
f 1828/1828 1822/1822 1823/1823
f 1828/1828 1823/1823 1945/1945
f 1701/1701 1702/1702 1706/1706
f 1701/1701 1706/1706 1946/1946
f 1820/1820 57/57 1701/1701
f 1820/1820 1701/1701 1946/1946
f 1823/1823 1819/1819 1820/1820
f 1823/1823 1820/1820 1946/1946
f 1813/1813 1814/1814 1817/1817
f 1813/1813 1817/1817 1824/1824
f 56/56 8/8 57/57
f 56/56 57/57 1820/1820
f 1687/1687 1688/1688 1692/1692
f 1687/1687 1692/1692 1816/1816
f 1811/1811 1812/1812 1687/1687
f 1811/1811 1687/1687 1816/1816
f 1692/1692 54/54 55/55
f 1692/1692 55/55 1816/1816
f 1682/1682 1683/1683 1687/1687
f 1682/1682 1687/1687 1812/1812
f 1806/1806 1807/1807 1682/1682
f 1806/1806 1682/1682 1812/1812
f 79/79 1803/1803 1804/1804
f 79/79 1804/1804 1808/1808
f 46/46 1678/1678 1682/1682
f 46/46 1682/1682 1807/1807
f 1802/1802 43/43 46/46
f 1802/1802 46/46 1807/1807
f 1756/1756 1757/1757 1761/1761
f 1756/1756 1761/1761 1764/1764
f 1949/1949 1948/1948 1947/1947
f 1949/1949 1947/1947 1760/1760
f 1754/1754 1755/1755 1949/1949
f 1754/1754 1949/1949 1760/1760
f 1947/1947 1631/1631 1759/1759
f 1947/1947 1759/1759 1760/1760
f 1951/1951 1950/1950 1948/1948
f 1951/1951 1948/1948 1949/1949
f 1755/1755 1952/1952 1951/1951
f 1755/1755 1951/1951 1949/1949
f 1954/1954 1953/1953 1951/1951
f 1954/1954 1951/1951 1952/1952
f 1750/1750 1955/1955 1954/1954
f 1750/1750 1954/1954 1952/1952
f 1755/1755 1749/1749 1750/1750
f 1755/1755 1750/1750 1952/1952
f 1957/1957 1956/1956 1954/1954
f 1957/1957 1954/1954 1955/1955
f 1745/1745 1958/1958 1957/1957
f 1745/1745 1957/1957 1955/1955
f 1750/1750 1744/1744 1745/1745
f 1750/1750 1745/1745 1955/1955
f 1960/1960 1959/1959 1957/1957
f 1960/1960 1957/1957 1958/1958
f 1740/1740 1961/1961 1960/1960
f 1740/1740 1960/1960 1958/1958
f 1745/1745 1739/1739 1740/1740
f 1745/1745 1740/1740 1958/1958
f 1963/1963 1962/1962 1960/1960
f 1963/1963 1960/1960 1961/1961
f 1735/1735 1964/1964 1963/1963
f 1735/1735 1963/1963 1961/1961
f 1740/1740 1734/1734 1735/1735
f 1740/1740 1735/1735 1961/1961
f 1966/1966 1965/1965 1963/1963
f 1966/1966 1963/1963 1964/1964
f 1730/1730 1967/1967 1966/1966
f 1730/1730 1966/1966 1964/1964
f 1735/1735 1729/1729 1730/1730
f 1735/1735 1730/1730 1964/1964
f 1969/1969 1968/1968 1966/1966
f 1969/1969 1966/1966 1967/1967
f 1725/1725 1970/1970 1969/1969
f 1725/1725 1969/1969 1967/1967
f 1730/1730 1724/1724 1725/1725
f 1730/1730 1725/1725 1967/1967
f 1972/1972 1971/1971 1969/1969
f 1972/1972 1969/1969 1970/1970
f 1720/1720 1973/1973 1972/1972
f 1720/1720 1972/1972 1970/1970
f 1725/1725 1719/1719 1720/1720
f 1725/1725 1720/1720 1970/1970
f 1975/1975 1974/1974 1972/1972
f 1975/1975 1972/1972 1973/1973
f 1715/1715 1976/1976 1975/1975
f 1715/1715 1975/1975 1973/1973
f 1720/1720 1714/1714 1715/1715
f 1720/1720 1715/1715 1973/1973
f 1978/1978 1977/1977 1975/1975
f 1978/1978 1975/1975 1976/1976
f 1710/1710 1979/1979 1978/1978
f 1710/1710 1978/1978 1976/1976
f 1715/1715 1709/1709 1710/1710
f 1715/1715 1710/1710 1976/1976
f 1981/1981 1980/1980 1978/1978
f 1981/1981 1978/1978 1979/1979
f 1705/1705 1982/1982 1981/1981
f 1705/1705 1981/1981 1979/1979
f 1710/1710 1704/1704 1705/1705
f 1710/1710 1705/1705 1979/1979
f 1984/1984 1983/1983 1981/1981
f 1984/1984 1981/1981 1982/1982
f 1700/1700 1985/1985 1984/1984
f 1700/1700 1984/1984 1982/1982
f 1705/1705 1699/1699 1700/1700
f 1705/1705 1700/1700 1982/1982
f 1987/1987 1986/1986 1984/1984
f 1987/1987 1984/1984 1985/1985
f 1696/1696 1988/1988 1987/1987
f 1696/1696 1987/1987 1985/1985
f 1700/1700 1695/1695 1696/1696
f 1700/1700 1696/1696 1985/1985
f 1990/1990 1989/1989 1987/1987
f 1990/1990 1987/1987 1988/1988
f 1691/1691 1991/1991 1990/1990
f 1691/1691 1990/1990 1988/1988
f 1696/1696 1690/1690 1691/1691
f 1696/1696 1691/1691 1988/1988
f 1993/1993 1992/1992 1990/1990
f 1993/1993 1990/1990 1991/1991
f 1686/1686 1994/1994 1993/1993
f 1686/1686 1993/1993 1991/1991
f 1691/1691 1685/1685 1686/1686
f 1691/1691 1686/1686 1991/1991
f 1996/1996 1995/1995 1993/1993
f 1996/1996 1993/1993 1994/1994
f 1681/1681 1997/1997 1996/1996
f 1681/1681 1996/1996 1994/1994
f 1686/1686 1680/1680 1681/1681
f 1686/1686 1681/1681 1994/1994
f 1999/1999 1998/1998 1996/1996
f 1999/1999 1996/1996 1997/1997
f 1677/1677 2000/2000 1999/1999
f 1677/1677 1999/1999 1997/1997
f 1681/1681 1676/1676 1677/1677
f 1681/1681 1677/1677 1997/1997
f 2002/2002 2001/2001 1999/1999
f 2002/2002 1999/1999 2000/2000
f 37/37 34/34 2002/2002
f 37/37 2002/2002 2000/2000
f 1677/1677 1674/1674 37/37
f 1677/1677 37/37 2000/2000
f 2004/2004 2003/2003 2001/2001
f 2004/2004 2001/2001 2002/2002
f 34/34 35/35 2004/2004
f 34/34 2004/2004 2002/2002
f 2006/2006 2005/2005 2003/2003
f 2006/2006 2003/2003 2004/2004
f 35/35 2007/2007 2006/2006
f 35/35 2006/2006 2004/2004
f 2009/2009 2008/2008 2006/2006
f 2009/2009 2006/2006 2007/2007
f 2011/2011 2010/2010 2009/2009
f 2011/2011 2009/2009 2007/2007
f 35/35 31/31 2011/2011
f 35/35 2011/2011 2007/2007
f 2013/2013 2012/2012 2010/2010
f 2013/2013 2010/2010 2011/2011
f 31/31 32/32 2013/2013
f 31/31 2013/2013 2011/2011
f 2015/2015 2014/2014 2012/2012
f 2015/2015 2012/2012 2013/2013
f 32/32 2016/2016 2015/2015
f 32/32 2015/2015 2013/2013
f 2018/2018 2017/2017 2015/2015
f 2018/2018 2015/2015 2016/2016
f 53/53 48/48 2018/2018
f 53/53 2018/2018 2016/2016
f 32/32 33/33 53/53
f 32/32 53/53 2016/2016
f 2020/2020 2019/2019 2017/2017
f 2020/2020 2017/2017 2018/2018
f 48/48 49/49 2020/2020
f 48/48 2020/2020 2018/2018
f 2022/2022 2021/2021 2019/2019
f 2022/2022 2019/2019 2020/2020
f 49/49 2023/2023 2022/2022
f 49/49 2022/2022 2020/2020
f 2025/2025 2024/2024 2022/2022
f 2025/2025 2022/2022 2023/2023
f 2027/2027 2026/2026 2025/2025
f 2027/2027 2025/2025 2023/2023
f 49/49 50/50 2027/2027
f 49/49 2027/2027 2023/2023
f 2029/2029 2028/2028 2026/2026
f 2029/2029 2026/2026 2027/2027
f 50/50 51/51 2029/2029
f 50/50 2029/2029 2027/2027
f 61/61 62/62 2028/2028
f 61/61 2028/2028 2029/2029
f 51/51 60/60 61/61
f 51/51 61/61 2029/2029
f 2031/2031 2030/2030 2026/2026
f 2031/2031 2026/2026 2028/2028
f 62/62 2032/2032 2031/2031
f 62/62 2031/2031 2028/2028
f 2034/2034 2033/2033 2031/2031
f 2034/2034 2031/2031 2032/2032
f 2036/2036 2035/2035 2034/2034
f 2036/2036 2034/2034 2032/2032
f 62/62 63/63 2036/2036
f 62/62 2036/2036 2032/2032
f 1506/1506 1507/1507 2035/2035
f 1506/1506 2035/2035 2036/2036
f 63/63 1505/1505 1506/1506
f 63/63 1506/1506 2036/2036
f 2038/2038 2037/2037 2034/2034
f 2038/2038 2034/2034 2035/2035
f 1507/1507 1509/1509 2038/2038
f 1507/1507 2038/2038 2035/2035
f 2040/2040 2039/2039 2037/2037
f 2040/2040 2037/2037 2038/2038
f 1509/1509 1511/1511 2040/2040
f 1509/1509 2040/2040 2038/2038
f 2042/2042 2041/2041 2039/2039
f 2042/2042 2039/2039 2040/2040
f 1511/1511 1513/1513 2042/2042
f 1511/1511 2042/2042 2040/2040
f 2044/2044 2043/2043 2041/2041
f 2044/2044 2041/2041 2042/2042
f 1513/1513 1515/1515 2044/2044
f 1513/1513 2044/2044 2042/2042
f 2046/2046 2045/2045 2043/2043
f 2046/2046 2043/2043 2044/2044
f 1515/1515 1517/1517 2046/2046
f 1515/1515 2046/2046 2044/2044
f 2048/2048 2047/2047 2045/2045
f 2048/2048 2045/2045 2046/2046
f 1517/1517 1519/1519 2048/2048
f 1517/1517 2048/2048 2046/2046
f 2050/2050 2049/2049 2047/2047
f 2050/2050 2047/2047 2048/2048
f 1519/1519 1521/1521 2050/2050
f 1519/1519 2050/2050 2048/2048
f 2052/2052 2051/2051 2049/2049
f 2052/2052 2049/2049 2050/2050
f 1521/1521 1523/1523 2052/2052
f 1521/1521 2052/2052 2050/2050
f 2054/2054 2053/2053 2051/2051
f 2054/2054 2051/2051 2052/2052
f 1523/1523 1525/1525 2054/2054
f 1523/1523 2054/2054 2052/2052
f 2056/2056 2055/2055 2053/2053
f 2056/2056 2053/2053 2054/2054
f 1525/1525 1527/1527 2056/2056
f 1525/1525 2056/2056 2054/2054
f 2058/2058 2057/2057 2055/2055
f 2058/2058 2055/2055 2056/2056
f 1527/1527 1529/1529 2058/2058
f 1527/1527 2058/2058 2056/2056
f 2060/2060 2059/2059 2057/2057
f 2060/2060 2057/2057 2058/2058
f 1529/1529 1531/1531 2060/2060
f 1529/1529 2060/2060 2058/2058
f 2062/2062 2061/2061 2059/2059
f 2062/2062 2059/2059 2060/2060
f 1531/1531 1533/1533 2062/2062
f 1531/1531 2062/2062 2060/2060
f 2064/2064 2063/2063 2061/2061
f 2064/2064 2061/2061 2062/2062
f 1533/1533 1535/1535 2064/2064
f 1533/1533 2064/2064 2062/2062
f 2066/2066 2065/2065 2063/2063
f 2066/2066 2063/2063 2064/2064
f 1535/1535 1537/1537 2066/2066
f 1535/1535 2066/2066 2064/2064
f 2068/2068 2067/2067 2065/2065
f 2068/2068 2065/2065 2066/2066
f 1537/1537 1539/1539 2068/2068
f 1537/1537 2068/2068 2066/2066
f 2070/2070 2069/2069 2067/2067
f 2070/2070 2067/2067 2068/2068
f 1539/1539 1541/1541 2070/2070
f 1539/1539 2070/2070 2068/2068
f 2072/2072 2071/2071 2069/2069
f 2072/2072 2069/2069 2070/2070
f 1541/1541 1543/1543 2072/2072
f 1541/1541 2072/2072 2070/2070
f 2074/2074 2073/2073 2071/2071
f 2074/2074 2071/2071 2072/2072
f 1543/1543 1545/1545 2074/2074
f 1543/1543 2074/2074 2072/2072
f 1550/1550 2075/2075 2073/2073
f 1550/1550 2073/2073 2074/2074
f 1545/1545 1547/1547 1550/1550
f 1545/1545 1550/1550 2074/2074
f 2077/2077 2076/2076 2073/2073
f 2077/2077 2073/2073 2075/2075
f 1553/1553 2078/2078 2077/2077
f 1553/1553 2077/2077 2075/2075
f 1550/1550 1551/1551 1553/1553
f 1550/1550 1553/1553 2075/2075
f 2080/2080 2079/2079 2077/2077
f 2080/2080 2077/2077 2078/2078
f 2082/2082 2081/2081 2080/2080
f 2082/2082 2080/2080 2078/2078
f 1553/1553 1554/1554 2082/2082
f 1553/1553 2082/2082 2078/2078
f 2084/2084 2083/2083 2081/2081
f 2084/2084 2081/2081 2082/2082
f 1554/1554 1555/1555 2084/2084
f 1554/1554 2084/2084 2082/2082
f 2086/2086 2085/2085 2083/2083
f 2086/2086 2083/2083 2084/2084
f 1555/1555 1557/1557 2086/2086
f 1555/1555 2086/2086 2084/2084
f 2088/2088 2087/2087 2085/2085
f 2088/2088 2085/2085 2086/2086
f 1557/1557 1559/1559 2088/2088
f 1557/1557 2088/2088 2086/2086
f 2090/2090 2089/2089 2087/2087
f 2090/2090 2087/2087 2088/2088
f 1559/1559 1561/1561 2090/2090
f 1559/1559 2090/2090 2088/2088
f 1566/1566 2091/2091 2089/2089
f 1566/1566 2089/2089 2090/2090
f 1561/1561 1563/1563 1566/1566
f 1561/1561 1566/1566 2090/2090
f 2093/2093 2092/2092 2089/2089
f 2093/2093 2089/2089 2091/2091
f 1569/1569 2094/2094 2093/2093
f 1569/1569 2093/2093 2091/2091
f 1566/1566 1567/1567 1569/1569
f 1566/1566 1569/1569 2091/2091
f 2096/2096 2095/2095 2093/2093
f 2096/2096 2093/2093 2094/2094
f 1572/1572 2097/2097 2096/2096
f 1572/1572 2096/2096 2094/2094
f 1569/1569 1570/1570 1572/1572
f 1569/1569 1572/1572 2094/2094
f 2099/2099 2098/2098 2096/2096
f 2099/2099 2096/2096 2097/2097
f 1575/1575 2100/2100 2099/2099
f 1575/1575 2099/2099 2097/2097
f 1572/1572 1573/1573 1575/1575
f 1572/1572 1575/1575 2097/2097
f 2102/2102 2101/2101 2099/2099
f 2102/2102 2099/2099 2100/2100
f 1578/1578 2103/2103 2102/2102
f 1578/1578 2102/2102 2100/2100
f 1575/1575 1576/1576 1578/1578
f 1575/1575 1578/1578 2100/2100
f 2105/2105 2104/2104 2102/2102
f 2105/2105 2102/2102 2103/2103
f 1581/1581 2106/2106 2105/2105
f 1581/1581 2105/2105 2103/2103
f 1578/1578 1579/1579 1581/1581
f 1578/1578 1581/1581 2103/2103
f 2108/2108 2107/2107 2105/2105
f 2108/2108 2105/2105 2106/2106
f 1584/1584 2109/2109 2108/2108
f 1584/1584 2108/2108 2106/2106
f 1581/1581 1582/1582 1584/1584
f 1581/1581 1584/1584 2106/2106
f 2111/2111 2110/2110 2108/2108
f 2111/2111 2108/2108 2109/2109
f 1587/1587 2112/2112 2111/2111
f 1587/1587 2111/2111 2109/2109
f 1584/1584 1585/1585 1587/1587
f 1584/1584 1587/1587 2109/2109
f 2114/2114 2113/2113 2111/2111
f 2114/2114 2111/2111 2112/2112
f 2116/2116 2115/2115 2114/2114
f 2116/2116 2114/2114 2112/2112
f 1587/1587 1588/1588 2116/2116
f 1587/1587 2116/2116 2112/2112
f 2118/2118 2117/2117 2115/2115
f 2118/2118 2115/2115 2116/2116
f 1588/1588 1589/1589 2118/2118
f 1588/1588 2118/2118 2116/2116
f 2123/2123 2122/2122 2120/2120
f 2123/2123 2120/2120 2121/2121
f 2125/2125 2124/2124 2122/2122
f 2125/2125 2122/2122 2123/2123
f 1591/1591 1593/1593 2125/2125
f 1591/1591 2125/2125 2123/2123
f 2127/2127 2126/2126 2124/2124
f 2127/2127 2124/2124 2125/2125
f 1593/1593 1595/1595 2127/2127
f 1593/1593 2127/2127 2125/2125
f 2129/2129 2128/2128 2126/2126
f 2129/2129 2126/2126 2127/2127
f 1595/1595 1597/1597 2129/2129
f 1595/1595 2129/2129 2127/2127
f 2131/2131 2130/2130 2128/2128
f 2131/2131 2128/2128 2129/2129
f 1597/1597 1599/1599 2131/2131
f 1597/1597 2131/2131 2129/2129
f 2133/2133 2132/2132 2130/2130
f 2133/2133 2130/2130 2131/2131
f 1599/1599 1601/1601 2133/2133
f 1599/1599 2133/2133 2131/2131
f 2135/2135 2134/2134 2132/2132
f 2135/2135 2132/2132 2133/2133
f 1601/1601 1603/1603 2135/2135
f 1601/1601 2135/2135 2133/2133
f 2137/2137 2136/2136 2134/2134
f 2137/2137 2134/2134 2135/2135
f 1603/1603 1605/1605 2137/2137
f 1603/1603 2137/2137 2135/2135
f 2139/2139 2138/2138 2136/2136
f 2139/2139 2136/2136 2137/2137
f 1605/1605 1607/1607 2139/2139
f 1605/1605 2139/2139 2137/2137
f 2141/2141 2140/2140 2138/2138
f 2141/2141 2138/2138 2139/2139
f 1607/1607 1609/1609 2141/2141
f 1607/1607 2141/2141 2139/2139
f 2143/2143 2142/2142 2140/2140
f 2143/2143 2140/2140 2141/2141
f 1609/1609 1611/1611 2143/2143
f 1609/1609 2143/2143 2141/2141
f 2145/2145 2144/2144 2142/2142
f 2145/2145 2142/2142 2143/2143
f 1611/1611 1613/1613 2145/2145
f 1611/1611 2145/2145 2143/2143
f 2147/2147 2146/2146 2144/2144
f 2147/2147 2144/2144 2145/2145
f 1613/1613 2148/2148 2147/2147
f 1613/1613 2147/2147 2145/2145
f 2150/2150 2149/2149 2147/2147
f 2150/2150 2147/2147 2148/2148
f 1616/1616 2151/2151 2150/2150
f 1616/1616 2150/2150 2148/2148
f 1613/1613 1614/1614 1616/1616
f 1613/1613 1616/1616 2148/2148
f 2153/2153 2152/2152 2150/2150
f 2153/2153 2150/2150 2151/2151
f 1619/1619 2154/2154 2153/2153
f 1619/1619 2153/2153 2151/2151
f 1616/1616 1617/1617 1619/1619
f 1616/1616 1619/1619 2151/2151
f 2156/2156 2155/2155 2153/2153
f 2156/2156 2153/2153 2154/2154
f 1622/1622 2157/2157 2156/2156
f 1622/1622 2156/2156 2154/2154
f 1619/1619 1620/1620 1622/1622
f 1619/1619 1622/1622 2154/2154
f 2159/2159 2158/2158 2156/2156
f 2159/2159 2156/2156 2157/2157
f 1625/1625 2160/2160 2159/2159
f 1625/1625 2159/2159 2157/2157
f 1622/1622 1623/1623 1625/1625
f 1622/1622 1625/1625 2157/2157
f 1948/1948 1950/1950 2159/2159
f 1948/1948 2159/2159 2160/2160
f 1628/1628 1947/1947 1948/1948
f 1628/1628 1948/1948 2160/2160
f 1625/1625 1626/1626 1628/1628
f 1625/1625 1628/1628 2160/2160
f 1950/1950 2161/2161 2158/2158
f 1950/1950 2158/2158 2159/2159
f 2163/2163 2162/2162 2158/2158
f 2163/2163 2158/2158 2161/2161
f 1953/1953 2164/2164 2163/2163
f 1953/1953 2163/2163 2161/2161
f 1950/1950 1951/1951 1953/1953
f 1950/1950 1953/1953 2161/2161
f 2166/2166 2165/2165 2163/2163
f 2166/2166 2163/2163 2164/2164
f 1956/1956 2167/2167 2166/2166
f 1956/1956 2166/2166 2164/2164
f 1953/1953 1954/1954 1956/1956
f 1953/1953 1956/1956 2164/2164
f 2169/2169 2168/2168 2166/2166
f 2169/2169 2166/2166 2167/2167
f 1959/1959 2170/2170 2169/2169
f 1959/1959 2169/2169 2167/2167
f 1956/1956 1957/1957 1959/1959
f 1956/1956 1959/1959 2167/2167
f 2172/2172 2171/2171 2169/2169
f 2172/2172 2169/2169 2170/2170
f 1962/1962 2173/2173 2172/2172
f 1962/1962 2172/2172 2170/2170
f 1959/1959 1960/1960 1962/1962
f 1959/1959 1962/1962 2170/2170
f 2175/2175 2174/2174 2172/2172
f 2175/2175 2172/2172 2173/2173
f 1965/1965 2176/2176 2175/2175
f 1965/1965 2175/2175 2173/2173
f 1962/1962 1963/1963 1965/1965
f 1962/1962 1965/1965 2173/2173
f 2178/2178 2177/2177 2175/2175
f 2178/2178 2175/2175 2176/2176
f 1968/1968 2179/2179 2178/2178
f 1968/1968 2178/2178 2176/2176
f 1965/1965 1966/1966 1968/1968
f 1965/1965 1968/1968 2176/2176
f 2181/2181 2180/2180 2178/2178
f 2181/2181 2178/2178 2179/2179
f 1971/1971 2182/2182 2181/2181
f 1971/1971 2181/2181 2179/2179
f 1968/1968 1969/1969 1971/1971
f 1968/1968 1971/1971 2179/2179
f 2184/2184 2183/2183 2181/2181
f 2184/2184 2181/2181 2182/2182
f 1974/1974 2185/2185 2184/2184
f 1974/1974 2184/2184 2182/2182
f 1971/1971 1972/1972 1974/1974
f 1971/1971 1974/1974 2182/2182
f 2187/2187 2186/2186 2184/2184
f 2187/2187 2184/2184 2185/2185
f 1977/1977 2188/2188 2187/2187
f 1977/1977 2187/2187 2185/2185
f 1974/1974 1975/1975 1977/1977
f 1974/1974 1977/1977 2185/2185
f 2190/2190 2189/2189 2187/2187
f 2190/2190 2187/2187 2188/2188
f 1980/1980 2191/2191 2190/2190
f 1980/1980 2190/2190 2188/2188
f 1977/1977 1978/1978 1980/1980
f 1977/1977 1980/1980 2188/2188
f 2193/2193 2192/2192 2190/2190
f 2193/2193 2190/2190 2191/2191
f 1983/1983 2194/2194 2193/2193
f 1983/1983 2193/2193 2191/2191
f 1980/1980 1981/1981 1983/1983
f 1980/1980 1983/1983 2191/2191
f 2196/2196 2195/2195 2193/2193
f 2196/2196 2193/2193 2194/2194
f 1986/1986 2197/2197 2196/2196
f 1986/1986 2196/2196 2194/2194
f 1983/1983 1984/1984 1986/1986
f 1983/1983 1986/1986 2194/2194
f 2199/2199 2198/2198 2196/2196
f 2199/2199 2196/2196 2197/2197
f 1989/1989 2200/2200 2199/2199
f 1989/1989 2199/2199 2197/2197
f 1986/1986 1987/1987 1989/1989
f 1986/1986 1989/1989 2197/2197
f 2202/2202 2201/2201 2199/2199
f 2202/2202 2199/2199 2200/2200
f 1992/1992 2203/2203 2202/2202
f 1992/1992 2202/2202 2200/2200
f 1989/1989 1990/1990 1992/1992
f 1989/1989 1992/1992 2200/2200
f 2205/2205 2204/2204 2202/2202
f 2205/2205 2202/2202 2203/2203
f 1995/1995 2206/2206 2205/2205
f 1995/1995 2205/2205 2203/2203
f 1992/1992 1993/1993 1995/1995
f 1992/1992 1995/1995 2203/2203
f 2208/2208 2207/2207 2205/2205
f 2208/2208 2205/2205 2206/2206
f 1998/1998 2209/2209 2208/2208
f 1998/1998 2208/2208 2206/2206
f 1995/1995 1996/1996 1998/1998
f 1995/1995 1998/1998 2206/2206
f 2211/2211 2210/2210 2208/2208
f 2211/2211 2208/2208 2209/2209
f 2001/2001 2003/2003 2211/2211
f 2001/2001 2211/2211 2209/2209
f 1998/1998 1999/1999 2001/2001
f 1998/1998 2001/2001 2209/2209
f 2213/2213 2212/2212 2210/2210
f 2213/2213 2210/2210 2211/2211
f 2003/2003 2005/2005 2213/2213
f 2003/2003 2213/2213 2211/2211
f 2215/2215 2214/2214 2212/2212
f 2215/2215 2212/2212 2213/2213
f 2005/2005 2216/2216 2215/2215
f 2005/2005 2215/2215 2213/2213
f 2218/2218 2217/2217 2215/2215
f 2218/2218 2215/2215 2216/2216
f 2008/2008 2219/2219 2218/2218
f 2008/2008 2218/2218 2216/2216
f 2005/2005 2006/2006 2008/2008
f 2005/2005 2008/2008 2216/2216
f 2221/2221 2220/2220 2218/2218
f 2221/2221 2218/2218 2219/2219
f 2223/2223 2222/2222 2221/2221
f 2223/2223 2221/2221 2219/2219
f 2008/2008 2009/2009 2223/2223
f 2008/2008 2223/2223 2219/2219
f 2225/2225 2224/2224 2222/2222
f 2225/2225 2222/2222 2223/2223
f 2009/2009 2010/2010 2225/2225
f 2009/2009 2225/2225 2223/2223
f 2227/2227 2226/2226 2224/2224
f 2227/2227 2224/2224 2225/2225
f 2010/2010 2012/2012 2227/2227
f 2010/2010 2227/2227 2225/2225
f 2229/2229 2228/2228 2226/2226
f 2229/2229 2226/2226 2227/2227
f 2012/2012 2014/2014 2229/2229
f 2012/2012 2229/2229 2227/2227
f 2231/2231 2230/2230 2228/2228
f 2231/2231 2228/2228 2229/2229
f 2014/2014 2232/2232 2231/2231
f 2014/2014 2231/2231 2229/2229
f 2234/2234 2233/2233 2231/2231
f 2234/2234 2231/2231 2232/2232
f 2017/2017 2019/2019 2234/2234
f 2017/2017 2234/2234 2232/2232
f 2014/2014 2015/2015 2017/2017
f 2014/2014 2017/2017 2232/2232
f 2236/2236 2235/2235 2233/2233
f 2236/2236 2233/2233 2234/2234
f 2019/2019 2021/2021 2236/2236
f 2019/2019 2236/2236 2234/2234
f 2238/2238 2237/2237 2235/2235
f 2238/2238 2235/2235 2236/2236
f 2021/2021 2239/2239 2238/2238
f 2021/2021 2238/2238 2236/2236
f 2241/2241 2240/2240 2238/2238
f 2241/2241 2238/2238 2239/2239
f 2024/2024 2242/2242 2241/2241
f 2024/2024 2241/2241 2239/2239
f 2021/2021 2022/2022 2024/2024
f 2021/2021 2024/2024 2239/2239
f 2244/2244 2243/2243 2241/2241
f 2244/2244 2241/2241 2242/2242
f 2246/2246 2245/2245 2244/2244
f 2246/2246 2244/2244 2242/2242
f 2024/2024 2025/2025 2246/2246
f 2024/2024 2246/2246 2242/2242
f 2030/2030 2247/2247 2245/2245
f 2030/2030 2245/2245 2246/2246
f 2025/2025 2026/2026 2030/2030
f 2025/2025 2030/2030 2246/2246
f 2249/2249 2248/2248 2245/2245
f 2249/2249 2245/2245 2247/2247
f 2033/2033 2250/2250 2249/2249
f 2033/2033 2249/2249 2247/2247
f 2030/2030 2031/2031 2033/2033
f 2030/2030 2033/2033 2247/2247
f 2252/2252 2251/2251 2249/2249
f 2252/2252 2249/2249 2250/2250
f 2037/2037 2039/2039 2252/2252
f 2037/2037 2252/2252 2250/2250
f 2033/2033 2034/2034 2037/2037
f 2033/2033 2037/2037 2250/2250
f 2254/2254 2253/2253 2251/2251
f 2254/2254 2251/2251 2252/2252
f 2039/2039 2041/2041 2254/2254
f 2039/2039 2254/2254 2252/2252
f 2256/2256 2255/2255 2253/2253
f 2256/2256 2253/2253 2254/2254
f 2041/2041 2043/2043 2256/2256
f 2041/2041 2256/2256 2254/2254
f 2258/2258 2257/2257 2255/2255
f 2258/2258 2255/2255 2256/2256
f 2043/2043 2045/2045 2258/2258
f 2043/2043 2258/2258 2256/2256
f 2260/2260 2259/2259 2257/2257
f 2260/2260 2257/2257 2258/2258
f 2045/2045 2047/2047 2260/2260
f 2045/2045 2260/2260 2258/2258
f 2262/2262 2261/2261 2259/2259
f 2262/2262 2259/2259 2260/2260
f 2047/2047 2049/2049 2262/2262
f 2047/2047 2262/2262 2260/2260
f 2264/2264 2263/2263 2261/2261
f 2264/2264 2261/2261 2262/2262
f 2049/2049 2051/2051 2264/2264
f 2049/2049 2264/2264 2262/2262
f 2266/2266 2265/2265 2263/2263
f 2266/2266 2263/2263 2264/2264
f 2051/2051 2053/2053 2266/2266
f 2051/2051 2266/2266 2264/2264
f 2268/2268 2267/2267 2265/2265
f 2268/2268 2265/2265 2266/2266
f 2053/2053 2055/2055 2268/2268
f 2053/2053 2268/2268 2266/2266
f 2270/2270 2269/2269 2267/2267
f 2270/2270 2267/2267 2268/2268
f 2055/2055 2057/2057 2270/2270
f 2055/2055 2270/2270 2268/2268
f 2272/2272 2271/2271 2269/2269
f 2272/2272 2269/2269 2270/2270
f 2057/2057 2059/2059 2272/2272
f 2057/2057 2272/2272 2270/2270
f 2274/2274 2273/2273 2271/2271
f 2274/2274 2271/2271 2272/2272
f 2059/2059 2061/2061 2274/2274
f 2059/2059 2274/2274 2272/2272
f 2276/2276 2275/2275 2273/2273
f 2276/2276 2273/2273 2274/2274
f 2061/2061 2063/2063 2276/2276
f 2061/2061 2276/2276 2274/2274
f 2278/2278 2277/2277 2275/2275
f 2278/2278 2275/2275 2276/2276
f 2063/2063 2065/2065 2278/2278
f 2063/2063 2278/2278 2276/2276
f 2280/2280 2279/2279 2277/2277
f 2280/2280 2277/2277 2278/2278
f 2065/2065 2067/2067 2280/2280
f 2065/2065 2280/2280 2278/2278
f 2282/2282 2281/2281 2279/2279
f 2282/2282 2279/2279 2280/2280
f 2067/2067 2069/2069 2282/2282
f 2067/2067 2282/2282 2280/2280
f 2284/2284 2283/2283 2281/2281
f 2284/2284 2281/2281 2282/2282
f 2069/2069 2071/2071 2284/2284
f 2069/2069 2284/2284 2282/2282
f 2076/2076 2285/2285 2283/2283
f 2076/2076 2283/2283 2284/2284
f 2071/2071 2073/2073 2076/2076
f 2071/2071 2076/2076 2284/2284
f 2287/2287 2286/2286 2283/2283
f 2287/2287 2283/2283 2285/2285
f 2079/2079 2288/2288 2287/2287
f 2079/2079 2287/2287 2285/2285
f 2076/2076 2077/2077 2079/2079
f 2076/2076 2079/2079 2285/2285
f 2290/2290 2289/2289 2287/2287
f 2290/2290 2287/2287 2288/2288
f 2292/2292 2291/2291 2290/2290
f 2292/2292 2290/2290 2288/2288
f 2079/2079 2080/2080 2292/2292
f 2079/2079 2292/2292 2288/2288
f 2294/2294 2293/2293 2291/2291
f 2294/2294 2291/2291 2292/2292
f 2080/2080 2081/2081 2294/2294
f 2080/2080 2294/2294 2292/2292
f 2296/2296 2295/2295 2293/2293
f 2296/2296 2293/2293 2294/2294
f 2081/2081 2083/2083 2296/2296
f 2081/2081 2296/2296 2294/2294
f 2298/2298 2297/2297 2295/2295
f 2298/2298 2295/2295 2296/2296
f 2083/2083 2085/2085 2298/2298
f 2083/2083 2298/2298 2296/2296
f 2300/2300 2299/2299 2297/2297
f 2300/2300 2297/2297 2298/2298
f 2085/2085 2087/2087 2300/2300
f 2085/2085 2300/2300 2298/2298
f 2092/2092 2301/2301 2299/2299
f 2092/2092 2299/2299 2300/2300
f 2087/2087 2089/2089 2092/2092
f 2087/2087 2092/2092 2300/2300
f 2303/2303 2302/2302 2299/2299
f 2303/2303 2299/2299 2301/2301
f 2095/2095 2304/2304 2303/2303
f 2095/2095 2303/2303 2301/2301
f 2092/2092 2093/2093 2095/2095
f 2092/2092 2095/2095 2301/2301
f 2306/2306 2305/2305 2303/2303
f 2306/2306 2303/2303 2304/2304
f 2098/2098 2307/2307 2306/2306
f 2098/2098 2306/2306 2304/2304
f 2095/2095 2096/2096 2098/2098
f 2095/2095 2098/2098 2304/2304
f 2309/2309 2308/2308 2306/2306
f 2309/2309 2306/2306 2307/2307
f 2101/2101 2310/2310 2309/2309
f 2101/2101 2309/2309 2307/2307
f 2098/2098 2099/2099 2101/2101
f 2098/2098 2101/2101 2307/2307
f 2312/2312 2311/2311 2309/2309
f 2312/2312 2309/2309 2310/2310
f 2104/2104 2313/2313 2312/2312
f 2104/2104 2312/2312 2310/2310
f 2101/2101 2102/2102 2104/2104
f 2101/2101 2104/2104 2310/2310
f 2315/2315 2314/2314 2312/2312
f 2315/2315 2312/2312 2313/2313
f 2107/2107 2316/2316 2315/2315
f 2107/2107 2315/2315 2313/2313
f 2104/2104 2105/2105 2107/2107
f 2104/2104 2107/2107 2313/2313
f 2318/2318 2317/2317 2315/2315
f 2318/2318 2315/2315 2316/2316
f 2110/2110 2319/2319 2318/2318
f 2110/2110 2318/2318 2316/2316
f 2107/2107 2108/2108 2110/2110
f 2107/2107 2110/2110 2316/2316
f 2321/2321 2320/2320 2318/2318
f 2321/2321 2318/2318 2319/2319
f 2113/2113 2322/2322 2321/2321
f 2113/2113 2321/2321 2319/2319
f 2110/2110 2111/2111 2113/2113
f 2110/2110 2113/2113 2319/2319
f 2324/2324 2323/2323 2321/2321
f 2324/2324 2321/2321 2322/2322
f 2326/2326 2325/2325 2324/2324
f 2326/2326 2324/2324 2322/2322
f 2113/2113 2114/2114 2326/2326
f 2113/2113 2326/2326 2322/2322
f 2328/2328 2327/2327 2325/2325
f 2328/2328 2325/2325 2326/2326
f 2114/2114 2115/2115 2328/2328
f 2114/2114 2328/2328 2326/2326
f 2330/2330 2329/2329 2327/2327
f 2330/2330 2327/2327 2328/2328
f 2115/2115 2117/2117 2330/2330
f 2115/2115 2330/2330 2328/2328
f 2332/2332 2331/2331 2329/2329
f 2332/2332 2329/2329 2330/2330
f 2117/2117 2119/2119 2332/2332
f 2117/2117 2332/2332 2330/2330
f 2336/2336 2335/2335 2333/2333
f 2336/2336 2333/2333 2334/2334
f 2120/2120 2122/2122 2336/2336
f 2120/2120 2336/2336 2334/2334
f 2338/2338 2337/2337 2335/2335
f 2338/2338 2335/2335 2336/2336
f 2122/2122 2124/2124 2338/2338
f 2122/2122 2338/2338 2336/2336
f 2340/2340 2339/2339 2337/2337
f 2340/2340 2337/2337 2338/2338
f 2124/2124 2126/2126 2340/2340
f 2124/2124 2340/2340 2338/2338
f 2342/2342 2341/2341 2339/2339
f 2342/2342 2339/2339 2340/2340
f 2126/2126 2128/2128 2342/2342
f 2126/2126 2342/2342 2340/2340
f 2344/2344 2343/2343 2341/2341
f 2344/2344 2341/2341 2342/2342
f 2128/2128 2130/2130 2344/2344
f 2128/2128 2344/2344 2342/2342
f 2346/2346 2345/2345 2343/2343
f 2346/2346 2343/2343 2344/2344
f 2130/2130 2132/2132 2346/2346
f 2130/2130 2346/2346 2344/2344
f 2348/2348 2347/2347 2345/2345
f 2348/2348 2345/2345 2346/2346
f 2132/2132 2134/2134 2348/2348
f 2132/2132 2348/2348 2346/2346
f 2350/2350 2349/2349 2347/2347
f 2350/2350 2347/2347 2348/2348
f 2134/2134 2136/2136 2350/2350
f 2134/2134 2350/2350 2348/2348
f 2352/2352 2351/2351 2349/2349
f 2352/2352 2349/2349 2350/2350
f 2136/2136 2138/2138 2352/2352
f 2136/2136 2352/2352 2350/2350
f 2354/2354 2353/2353 2351/2351
f 2354/2354 2351/2351 2352/2352
f 2138/2138 2140/2140 2354/2354
f 2138/2138 2354/2354 2352/2352
f 2356/2356 2355/2355 2353/2353
f 2356/2356 2353/2353 2354/2354
f 2140/2140 2142/2142 2356/2356
f 2140/2140 2356/2356 2354/2354
f 2358/2358 2357/2357 2355/2355
f 2358/2358 2355/2355 2356/2356
f 2142/2142 2144/2144 2358/2358
f 2142/2142 2358/2358 2356/2356
f 2360/2360 2359/2359 2357/2357
f 2360/2360 2357/2357 2358/2358
f 2144/2144 2146/2146 2360/2360
f 2144/2144 2360/2360 2358/2358
f 2362/2362 2361/2361 2359/2359
f 2362/2362 2359/2359 2360/2360
f 2146/2146 2363/2363 2362/2362
f 2146/2146 2362/2362 2360/2360
f 2365/2365 2364/2364 2362/2362
f 2365/2365 2362/2362 2363/2363
f 2149/2149 2366/2366 2365/2365
f 2149/2149 2365/2365 2363/2363
f 2146/2146 2147/2147 2149/2149
f 2146/2146 2149/2149 2363/2363
f 2368/2368 2367/2367 2365/2365
f 2368/2368 2365/2365 2366/2366
f 2152/2152 2369/2369 2368/2368
f 2152/2152 2368/2368 2366/2366
f 2149/2149 2150/2150 2152/2152
f 2149/2149 2152/2152 2366/2366
f 2371/2371 2370/2370 2368/2368
f 2371/2371 2368/2368 2369/2369
f 2155/2155 2162/2162 2371/2371
f 2155/2155 2371/2371 2369/2369
f 2152/2152 2153/2153 2155/2155
f 2152/2152 2155/2155 2369/2369
f 2165/2165 2372/2372 2370/2370
f 2165/2165 2370/2370 2371/2371
f 2162/2162 2163/2163 2165/2165
f 2162/2162 2165/2165 2371/2371
f 2374/2374 2373/2373 2370/2370
f 2374/2374 2370/2370 2372/2372
f 2168/2168 2375/2375 2374/2374
f 2168/2168 2374/2374 2372/2372
f 2165/2165 2166/2166 2168/2168
f 2165/2165 2168/2168 2372/2372
f 2377/2377 2376/2376 2374/2374
f 2377/2377 2374/2374 2375/2375
f 2171/2171 2378/2378 2377/2377
f 2171/2171 2377/2377 2375/2375
f 2168/2168 2169/2169 2171/2171
f 2168/2168 2171/2171 2375/2375
f 2380/2380 2379/2379 2377/2377
f 2380/2380 2377/2377 2378/2378
f 2174/2174 2381/2381 2380/2380
f 2174/2174 2380/2380 2378/2378
f 2171/2171 2172/2172 2174/2174
f 2171/2171 2174/2174 2378/2378
f 2383/2383 2382/2382 2380/2380
f 2383/2383 2380/2380 2381/2381
f 2177/2177 2384/2384 2383/2383
f 2177/2177 2383/2383 2381/2381
f 2174/2174 2175/2175 2177/2177
f 2174/2174 2177/2177 2381/2381
f 2386/2386 2385/2385 2383/2383
f 2386/2386 2383/2383 2384/2384
f 2180/2180 2387/2387 2386/2386
f 2180/2180 2386/2386 2384/2384
f 2177/2177 2178/2178 2180/2180
f 2177/2177 2180/2180 2384/2384
f 2389/2389 2388/2388 2386/2386
f 2389/2389 2386/2386 2387/2387
f 2183/2183 2390/2390 2389/2389
f 2183/2183 2389/2389 2387/2387
f 2180/2180 2181/2181 2183/2183
f 2180/2180 2183/2183 2387/2387
f 2392/2392 2391/2391 2389/2389
f 2392/2392 2389/2389 2390/2390
f 2186/2186 2393/2393 2392/2392
f 2186/2186 2392/2392 2390/2390
f 2183/2183 2184/2184 2186/2186
f 2183/2183 2186/2186 2390/2390
f 2395/2395 2394/2394 2392/2392
f 2395/2395 2392/2392 2393/2393
f 2189/2189 2396/2396 2395/2395
f 2189/2189 2395/2395 2393/2393
f 2186/2186 2187/2187 2189/2189
f 2186/2186 2189/2189 2393/2393
f 2398/2398 2397/2397 2395/2395
f 2398/2398 2395/2395 2396/2396
f 2192/2192 2399/2399 2398/2398
f 2192/2192 2398/2398 2396/2396
f 2189/2189 2190/2190 2192/2192
f 2189/2189 2192/2192 2396/2396
f 2401/2401 2400/2400 2398/2398
f 2401/2401 2398/2398 2399/2399
f 2195/2195 2402/2402 2401/2401
f 2195/2195 2401/2401 2399/2399
f 2192/2192 2193/2193 2195/2195
f 2192/2192 2195/2195 2399/2399
f 2404/2404 2403/2403 2401/2401
f 2404/2404 2401/2401 2402/2402
f 2198/2198 2405/2405 2404/2404
f 2198/2198 2404/2404 2402/2402
f 2195/2195 2196/2196 2198/2198
f 2195/2195 2198/2198 2402/2402
f 2407/2407 2406/2406 2404/2404
f 2407/2407 2404/2404 2405/2405
f 2201/2201 2408/2408 2407/2407
f 2201/2201 2407/2407 2405/2405
f 2198/2198 2199/2199 2201/2201
f 2198/2198 2201/2201 2405/2405
f 2410/2410 2409/2409 2407/2407
f 2410/2410 2407/2407 2408/2408
f 2204/2204 2411/2411 2410/2410
f 2204/2204 2410/2410 2408/2408
f 2201/2201 2202/2202 2204/2204
f 2201/2201 2204/2204 2408/2408
f 2413/2413 2412/2412 2410/2410
f 2413/2413 2410/2410 2411/2411
f 2207/2207 2414/2414 2413/2413
f 2207/2207 2413/2413 2411/2411
f 2204/2204 2205/2205 2207/2207
f 2204/2204 2207/2207 2411/2411
f 2416/2416 2415/2415 2413/2413
f 2416/2416 2413/2413 2414/2414
f 2210/2210 2212/2212 2416/2416
f 2210/2210 2416/2416 2414/2414
f 2207/2207 2208/2208 2210/2210
f 2207/2207 2210/2210 2414/2414
f 2418/2418 2417/2417 2415/2415
f 2418/2418 2415/2415 2416/2416
f 2212/2212 2214/2214 2418/2418
f 2212/2212 2418/2418 2416/2416
f 2420/2420 2419/2419 2417/2417
f 2420/2420 2417/2417 2418/2418
f 2214/2214 2421/2421 2420/2420
f 2214/2214 2420/2420 2418/2418
f 2423/2423 2422/2422 2420/2420
f 2423/2423 2420/2420 2421/2421
f 2217/2217 2424/2424 2423/2423
f 2217/2217 2423/2423 2421/2421
f 2214/2214 2215/2215 2217/2217
f 2214/2214 2217/2217 2421/2421
f 2426/2426 2425/2425 2423/2423
f 2426/2426 2423/2423 2424/2424
f 2220/2220 2427/2427 2426/2426
f 2220/2220 2426/2426 2424/2424
f 2217/2217 2218/2218 2220/2220
f 2217/2217 2220/2220 2424/2424
f 2429/2429 2428/2428 2426/2426
f 2429/2429 2426/2426 2427/2427
f 2431/2431 2430/2430 2429/2429
f 2431/2431 2429/2429 2427/2427
f 2220/2220 2221/2221 2431/2431
f 2220/2220 2431/2431 2427/2427
f 2433/2433 2432/2432 2430/2430
f 2433/2433 2430/2430 2431/2431
f 2221/2221 2222/2222 2433/2433
f 2221/2221 2433/2433 2431/2431
f 2435/2435 2434/2434 2432/2432
f 2435/2435 2432/2432 2433/2433
f 2222/2222 2224/2224 2435/2435
f 2222/2222 2435/2435 2433/2433
f 2437/2437 2436/2436 2434/2434
f 2437/2437 2434/2434 2435/2435
f 2224/2224 2226/2226 2437/2437
f 2224/2224 2437/2437 2435/2435
f 2439/2439 2438/2438 2436/2436
f 2439/2439 2436/2436 2437/2437
f 2226/2226 2228/2228 2439/2439
f 2226/2226 2439/2439 2437/2437
f 2441/2441 2440/2440 2438/2438
f 2441/2441 2438/2438 2439/2439
f 2228/2228 2230/2230 2441/2441
f 2228/2228 2441/2441 2439/2439
f 2443/2443 2442/2442 2440/2440
f 2443/2443 2440/2440 2441/2441
f 2230/2230 2444/2444 2443/2443
f 2230/2230 2443/2443 2441/2441
f 2446/2446 2445/2445 2443/2443
f 2446/2446 2443/2443 2444/2444
f 2233/2233 2235/2235 2446/2446
f 2233/2233 2446/2446 2444/2444
f 2230/2230 2231/2231 2233/2233
f 2230/2230 2233/2233 2444/2444
f 2448/2448 2447/2447 2445/2445
f 2448/2448 2445/2445 2446/2446
f 2235/2235 2237/2237 2448/2448
f 2235/2235 2448/2448 2446/2446
f 2450/2450 2449/2449 2447/2447
f 2450/2450 2447/2447 2448/2448
f 2237/2237 2451/2451 2450/2450
f 2237/2237 2450/2450 2448/2448
f 2453/2453 2452/2452 2450/2450
f 2453/2453 2450/2450 2451/2451
f 2240/2240 2454/2454 2453/2453
f 2240/2240 2453/2453 2451/2451
f 2237/2237 2238/2238 2240/2240
f 2237/2237 2240/2240 2451/2451
f 2456/2456 2455/2455 2453/2453
f 2456/2456 2453/2453 2454/2454
f 2243/2243 2457/2457 2456/2456
f 2243/2243 2456/2456 2454/2454
f 2240/2240 2241/2241 2243/2243
f 2240/2240 2243/2243 2454/2454
f 2459/2459 2458/2458 2456/2456
f 2459/2459 2456/2456 2457/2457
f 2461/2461 2460/2460 2459/2459
f 2461/2461 2459/2459 2457/2457
f 2243/2243 2244/2244 2461/2461
f 2243/2243 2461/2461 2457/2457
f 2248/2248 2462/2462 2460/2460
f 2248/2248 2460/2460 2461/2461
f 2244/2244 2245/2245 2248/2248
f 2244/2244 2248/2248 2461/2461
f 2464/2464 2463/2463 2460/2460
f 2464/2464 2460/2460 2462/2462
f 2251/2251 2253/2253 2464/2464
f 2251/2251 2464/2464 2462/2462
f 2248/2248 2249/2249 2251/2251
f 2248/2248 2251/2251 2462/2462
f 2466/2466 2465/2465 2463/2463
f 2466/2466 2463/2463 2464/2464
f 2253/2253 2255/2255 2466/2466
f 2253/2253 2466/2466 2464/2464
f 2468/2468 2467/2467 2465/2465
f 2468/2468 2465/2465 2466/2466
f 2255/2255 2257/2257 2468/2468
f 2255/2255 2468/2468 2466/2466
f 2470/2470 2469/2469 2467/2467
f 2470/2470 2467/2467 2468/2468
f 2257/2257 2259/2259 2470/2470
f 2257/2257 2470/2470 2468/2468
f 2472/2472 2471/2471 2469/2469
f 2472/2472 2469/2469 2470/2470
f 2259/2259 2261/2261 2472/2472
f 2259/2259 2472/2472 2470/2470
f 2474/2474 2473/2473 2471/2471
f 2474/2474 2471/2471 2472/2472
f 2261/2261 2263/2263 2474/2474
f 2261/2261 2474/2474 2472/2472
f 2476/2476 2475/2475 2473/2473
f 2476/2476 2473/2473 2474/2474
f 2263/2263 2265/2265 2476/2476
f 2263/2263 2476/2476 2474/2474
f 2478/2478 2477/2477 2475/2475
f 2478/2478 2475/2475 2476/2476
f 2265/2265 2267/2267 2478/2478
f 2265/2265 2478/2478 2476/2476
f 2480/2480 2479/2479 2477/2477
f 2480/2480 2477/2477 2478/2478
f 2267/2267 2269/2269 2480/2480
f 2267/2267 2480/2480 2478/2478
f 2482/2482 2481/2481 2479/2479
f 2482/2482 2479/2479 2480/2480
f 2269/2269 2271/2271 2482/2482
f 2269/2269 2482/2482 2480/2480
f 2484/2484 2483/2483 2481/2481
f 2484/2484 2481/2481 2482/2482
f 2271/2271 2273/2273 2484/2484
f 2271/2271 2484/2484 2482/2482
f 2486/2486 2485/2485 2483/2483
f 2486/2486 2483/2483 2484/2484
f 2273/2273 2275/2275 2486/2486
f 2273/2273 2486/2486 2484/2484
f 2488/2488 2487/2487 2485/2485
f 2488/2488 2485/2485 2486/2486
f 2275/2275 2277/2277 2488/2488
f 2275/2275 2488/2488 2486/2486
f 2490/2490 2489/2489 2487/2487
f 2490/2490 2487/2487 2488/2488
f 2277/2277 2279/2279 2490/2490
f 2277/2277 2490/2490 2488/2488
f 2492/2492 2491/2491 2489/2489
f 2492/2492 2489/2489 2490/2490
f 2279/2279 2281/2281 2492/2492
f 2279/2279 2492/2492 2490/2490
f 2286/2286 2493/2493 2491/2491
f 2286/2286 2491/2491 2492/2492
f 2281/2281 2283/2283 2286/2286
f 2281/2281 2286/2286 2492/2492
f 2495/2495 2494/2494 2491/2491
f 2495/2495 2491/2491 2493/2493
f 2289/2289 2496/2496 2495/2495
f 2289/2289 2495/2495 2493/2493
f 2286/2286 2287/2287 2289/2289
f 2286/2286 2289/2289 2493/2493
f 2498/2498 2497/2497 2495/2495
f 2498/2498 2495/2495 2496/2496
f 2500/2500 2499/2499 2498/2498
f 2500/2500 2498/2498 2496/2496
f 2289/2289 2290/2290 2500/2500
f 2289/2289 2500/2500 2496/2496
f 2502/2502 2501/2501 2499/2499
f 2502/2502 2499/2499 2500/2500
f 2290/2290 2291/2291 2502/2502
f 2290/2290 2502/2502 2500/2500
f 2504/2504 2503/2503 2501/2501
f 2504/2504 2501/2501 2502/2502
f 2291/2291 2293/2293 2504/2504
f 2291/2291 2504/2504 2502/2502
f 2506/2506 2505/2505 2503/2503
f 2506/2506 2503/2503 2504/2504
f 2293/2293 2295/2295 2506/2506
f 2293/2293 2506/2506 2504/2504
f 2508/2508 2507/2507 2505/2505
f 2508/2508 2505/2505 2506/2506
f 2295/2295 2297/2297 2508/2508
f 2295/2295 2508/2508 2506/2506
f 2302/2302 2509/2509 2507/2507
f 2302/2302 2507/2507 2508/2508
f 2297/2297 2299/2299 2302/2302
f 2297/2297 2302/2302 2508/2508
f 2511/2511 2510/2510 2507/2507
f 2511/2511 2507/2507 2509/2509
f 2305/2305 2512/2512 2511/2511
f 2305/2305 2511/2511 2509/2509
f 2302/2302 2303/2303 2305/2305
f 2302/2302 2305/2305 2509/2509
f 2514/2514 2513/2513 2511/2511
f 2514/2514 2511/2511 2512/2512
f 2308/2308 2515/2515 2514/2514
f 2308/2308 2514/2514 2512/2512
f 2305/2305 2306/2306 2308/2308
f 2305/2305 2308/2308 2512/2512
f 2517/2517 2516/2516 2514/2514
f 2517/2517 2514/2514 2515/2515
f 2311/2311 2518/2518 2517/2517
f 2311/2311 2517/2517 2515/2515
f 2308/2308 2309/2309 2311/2311
f 2308/2308 2311/2311 2515/2515
f 2520/2520 2519/2519 2517/2517
f 2520/2520 2517/2517 2518/2518
f 2314/2314 2521/2521 2520/2520
f 2314/2314 2520/2520 2518/2518
f 2311/2311 2312/2312 2314/2314
f 2311/2311 2314/2314 2518/2518
f 2523/2523 2522/2522 2520/2520
f 2523/2523 2520/2520 2521/2521
f 2317/2317 2524/2524 2523/2523
f 2317/2317 2523/2523 2521/2521
f 2314/2314 2315/2315 2317/2317
f 2314/2314 2317/2317 2521/2521
f 2526/2526 2525/2525 2523/2523
f 2526/2526 2523/2523 2524/2524
f 2320/2320 2527/2527 2526/2526
f 2320/2320 2526/2526 2524/2524
f 2317/2317 2318/2318 2320/2320
f 2317/2317 2320/2320 2524/2524
f 2529/2529 2528/2528 2526/2526
f 2529/2529 2526/2526 2527/2527
f 2323/2323 2530/2530 2529/2529
f 2323/2323 2529/2529 2527/2527
f 2320/2320 2321/2321 2323/2323
f 2320/2320 2323/2323 2527/2527
f 2532/2532 2531/2531 2529/2529
f 2532/2532 2529/2529 2530/2530
f 2534/2534 2533/2533 2532/2532
f 2534/2534 2532/2532 2530/2530
f 2323/2323 2324/2324 2534/2534
f 2323/2323 2534/2534 2530/2530
f 2536/2536 2535/2535 2533/2533
f 2536/2536 2533/2533 2534/2534
f 2324/2324 2325/2325 2536/2536
f 2324/2324 2536/2536 2534/2534
f 2538/2538 2537/2537 2535/2535
f 2538/2538 2535/2535 2536/2536
f 2325/2325 2327/2327 2538/2538
f 2325/2325 2538/2538 2536/2536
f 2540/2540 2539/2539 2537/2537
f 2540/2540 2537/2537 2538/2538
f 2327/2327 2329/2329 2540/2540
f 2327/2327 2540/2540 2538/2538
f 2542/2542 2541/2541 2539/2539
f 2542/2542 2539/2539 2540/2540
f 2329/2329 2331/2331 2542/2542
f 2329/2329 2542/2542 2540/2540
f 2546/2546 2545/2545 2544/2544
f 2548/2548 2547/2547 2545/2545
f 2548/2548 2545/2545 2546/2546
f 2550/2550 2549/2549 2547/2547
f 2550/2550 2547/2547 2548/2548
f 2333/2333 2335/2335 2550/2550
f 2333/2333 2550/2550 2548/2548
f 2552/2552 2551/2551 2549/2549
f 2552/2552 2549/2549 2550/2550
f 2335/2335 2337/2337 2552/2552
f 2335/2335 2552/2552 2550/2550
f 2554/2554 2553/2553 2551/2551
f 2554/2554 2551/2551 2552/2552
f 2337/2337 2339/2339 2554/2554
f 2337/2337 2554/2554 2552/2552
f 2556/2556 2555/2555 2553/2553
f 2556/2556 2553/2553 2554/2554
f 2339/2339 2341/2341 2556/2556
f 2339/2339 2556/2556 2554/2554
f 2558/2558 2557/2557 2555/2555
f 2558/2558 2555/2555 2556/2556
f 2341/2341 2343/2343 2558/2558
f 2341/2341 2558/2558 2556/2556
f 2560/2560 2559/2559 2557/2557
f 2560/2560 2557/2557 2558/2558
f 2343/2343 2345/2345 2560/2560
f 2343/2343 2560/2560 2558/2558
f 2562/2562 2561/2561 2559/2559
f 2562/2562 2559/2559 2560/2560
f 2345/2345 2347/2347 2562/2562
f 2345/2345 2562/2562 2560/2560
f 2564/2564 2563/2563 2561/2561
f 2564/2564 2561/2561 2562/2562
f 2347/2347 2349/2349 2564/2564
f 2347/2347 2564/2564 2562/2562
f 2566/2566 2565/2565 2563/2563
f 2566/2566 2563/2563 2564/2564
f 2349/2349 2351/2351 2566/2566
f 2349/2349 2566/2566 2564/2564
f 2568/2568 2567/2567 2565/2565
f 2568/2568 2565/2565 2566/2566
f 2351/2351 2353/2353 2568/2568
f 2351/2351 2568/2568 2566/2566
f 2570/2570 2569/2569 2567/2567
f 2570/2570 2567/2567 2568/2568
f 2353/2353 2355/2355 2570/2570
f 2353/2353 2570/2570 2568/2568
f 2572/2572 2571/2571 2569/2569
f 2572/2572 2569/2569 2570/2570
f 2355/2355 2357/2357 2572/2572
f 2355/2355 2572/2572 2570/2570
f 2574/2574 2573/2573 2571/2571
f 2574/2574 2571/2571 2572/2572
f 2357/2357 2359/2359 2574/2574
f 2357/2357 2574/2574 2572/2572
f 2576/2576 2575/2575 2573/2573
f 2576/2576 2573/2573 2574/2574
f 2359/2359 2361/2361 2576/2576
f 2359/2359 2576/2576 2574/2574
f 2578/2578 2577/2577 2575/2575
f 2578/2578 2575/2575 2576/2576
f 2361/2361 2579/2579 2578/2578
f 2361/2361 2578/2578 2576/2576
f 2581/2581 2580/2580 2578/2578
f 2581/2581 2578/2578 2579/2579
f 2364/2364 2582/2582 2581/2581
f 2364/2364 2581/2581 2579/2579
f 2361/2361 2362/2362 2364/2364
f 2361/2361 2364/2364 2579/2579
f 2584/2584 2583/2583 2581/2581
f 2584/2584 2581/2581 2582/2582
f 2367/2367 2373/2373 2584/2584
f 2367/2367 2584/2584 2582/2582
f 2364/2364 2365/2365 2367/2367
f 2364/2364 2367/2367 2582/2582
f 2376/2376 2585/2585 2583/2583
f 2376/2376 2583/2583 2584/2584
f 2373/2373 2374/2374 2376/2376
f 2373/2373 2376/2376 2584/2584
f 2587/2587 2586/2586 2583/2583
f 2587/2587 2583/2583 2585/2585
f 2379/2379 2588/2588 2587/2587
f 2379/2379 2587/2587 2585/2585
f 2376/2376 2377/2377 2379/2379
f 2376/2376 2379/2379 2585/2585
f 2590/2590 2589/2589 2587/2587
f 2590/2590 2587/2587 2588/2588
f 2382/2382 2591/2591 2590/2590
f 2382/2382 2590/2590 2588/2588
f 2379/2379 2380/2380 2382/2382
f 2379/2379 2382/2382 2588/2588
f 2593/2593 2592/2592 2590/2590
f 2593/2593 2590/2590 2591/2591
f 2385/2385 2594/2594 2593/2593
f 2385/2385 2593/2593 2591/2591
f 2382/2382 2383/2383 2385/2385
f 2382/2382 2385/2385 2591/2591
f 2596/2596 2595/2595 2593/2593
f 2596/2596 2593/2593 2594/2594
f 2388/2388 2597/2597 2596/2596
f 2388/2388 2596/2596 2594/2594
f 2385/2385 2386/2386 2388/2388
f 2385/2385 2388/2388 2594/2594
f 2599/2599 2598/2598 2596/2596
f 2599/2599 2596/2596 2597/2597
f 2391/2391 2600/2600 2599/2599
f 2391/2391 2599/2599 2597/2597
f 2388/2388 2389/2389 2391/2391
f 2388/2388 2391/2391 2597/2597
f 2602/2602 2601/2601 2599/2599
f 2602/2602 2599/2599 2600/2600
f 2394/2394 2603/2603 2602/2602
f 2394/2394 2602/2602 2600/2600
f 2391/2391 2392/2392 2394/2394
f 2391/2391 2394/2394 2600/2600
f 2605/2605 2604/2604 2602/2602
f 2605/2605 2602/2602 2603/2603
f 2397/2397 2606/2606 2605/2605
f 2397/2397 2605/2605 2603/2603
f 2394/2394 2395/2395 2397/2397
f 2394/2394 2397/2397 2603/2603
f 2608/2608 2607/2607 2605/2605
f 2608/2608 2605/2605 2606/2606
f 2400/2400 2609/2609 2608/2608
f 2400/2400 2608/2608 2606/2606
f 2397/2397 2398/2398 2400/2400
f 2397/2397 2400/2400 2606/2606
f 2611/2611 2610/2610 2608/2608
f 2611/2611 2608/2608 2609/2609
f 2403/2403 2612/2612 2611/2611
f 2403/2403 2611/2611 2609/2609
f 2400/2400 2401/2401 2403/2403
f 2400/2400 2403/2403 2609/2609
f 2614/2614 2613/2613 2611/2611
f 2614/2614 2611/2611 2612/2612
f 2406/2406 2615/2615 2614/2614
f 2406/2406 2614/2614 2612/2612
f 2403/2403 2404/2404 2406/2406
f 2403/2403 2406/2406 2612/2612
f 2617/2617 2616/2616 2614/2614
f 2617/2617 2614/2614 2615/2615
f 2409/2409 2618/2618 2617/2617
f 2409/2409 2617/2617 2615/2615
f 2406/2406 2407/2407 2409/2409
f 2406/2406 2409/2409 2615/2615
f 2620/2620 2619/2619 2617/2617
f 2620/2620 2617/2617 2618/2618
f 2412/2412 2621/2621 2620/2620
f 2412/2412 2620/2620 2618/2618
f 2409/2409 2410/2410 2412/2412
f 2409/2409 2412/2412 2618/2618
f 2623/2623 2622/2622 2620/2620
f 2623/2623 2620/2620 2621/2621
f 2415/2415 2417/2417 2623/2623
f 2415/2415 2623/2623 2621/2621
f 2412/2412 2413/2413 2415/2415
f 2412/2412 2415/2415 2621/2621
f 2625/2625 2624/2624 2622/2622
f 2625/2625 2622/2622 2623/2623
f 2417/2417 2419/2419 2625/2625
f 2417/2417 2625/2625 2623/2623
f 2627/2627 2626/2626 2624/2624
f 2627/2627 2624/2624 2625/2625
f 2419/2419 2628/2628 2627/2627
f 2419/2419 2627/2627 2625/2625
f 2630/2630 2629/2629 2627/2627
f 2630/2630 2627/2627 2628/2628
f 2422/2422 2631/2631 2630/2630
f 2422/2422 2630/2630 2628/2628
f 2419/2419 2420/2420 2422/2422
f 2419/2419 2422/2422 2628/2628
f 20/20 21/21 2630/2630
f 20/20 2630/2630 2631/2631
f 2425/2425 2632/2632 20/20
f 2425/2425 20/20 2631/2631
f 2422/2422 2423/2423 2425/2425
f 2422/2422 2425/2425 2631/2631
f 2425/2425 2426/2426 2428/2428
f 2425/2425 2428/2428 2632/2632
f 2633/2633 19/19 20/20
f 2633/2633 20/20 2632/2632
f 2428/2428 2634/2634 2633/2633
f 2428/2428 2633/2633 2632/2632
f 2428/2428 2429/2429 2635/2635
f 2428/2428 2635/2635 2634/2634
f 2637/2637 2636/2636 2633/2633
f 2637/2637 2633/2633 2634/2634
f 2635/2635 2638/2638 2637/2637
f 2635/2635 2637/2637 2634/2634
f 2635/2635 2640/2640 2639/2639
f 2635/2635 2639/2639 2638/2638
f 2642/2642 2641/2641 2637/2637
f 2642/2642 2637/2637 2638/2638
f 2639/2639 2643/2643 2642/2642
f 2639/2639 2642/2642 2638/2638
f 2639/2639 2645/2645 2644/2644
f 2639/2639 2644/2644 2643/2643
f 2647/2647 2646/2646 2642/2642
f 2647/2647 2642/2642 2643/2643
f 2644/2644 2648/2648 2647/2647
f 2644/2644 2647/2647 2643/2643
f 2644/2644 2650/2650 2649/2649
f 2644/2644 2649/2649 2648/2648
f 2652/2652 2651/2651 2647/2647
f 2652/2652 2647/2647 2648/2648
f 2649/2649 2653/2653 2652/2652
f 2649/2649 2652/2652 2648/2648
f 2649/2649 2655/2655 2654/2654
f 2649/2649 2654/2654 2653/2653
f 2657/2657 2656/2656 2652/2652
f 2657/2657 2652/2652 2653/2653
f 2654/2654 2658/2658 2657/2657
f 2654/2654 2657/2657 2653/2653
f 2654/2654 2660/2660 2659/2659
f 2654/2654 2659/2659 2658/2658
f 2662/2662 2661/2661 2657/2657
f 2662/2662 2657/2657 2658/2658
f 2659/2659 2663/2663 2662/2662
f 2659/2659 2662/2662 2658/2658
f 2659/2659 2665/2665 2664/2664
f 2659/2659 2664/2664 2663/2663
f 2667/2667 2666/2666 2662/2662
f 2667/2667 2662/2662 2663/2663
f 2664/2664 2668/2668 2667/2667
f 2664/2664 2667/2667 2663/2663
f 2664/2664 2670/2670 2669/2669
f 2664/2664 2669/2669 2668/2668
f 2672/2672 2671/2671 2667/2667
f 2672/2672 2667/2667 2668/2668
f 2669/2669 2673/2673 2672/2672
f 2669/2669 2672/2672 2668/2668
f 2669/2669 2675/2675 2674/2674
f 2669/2669 2674/2674 2673/2673
f 2677/2677 2676/2676 2672/2672
f 2677/2677 2672/2672 2673/2673
f 2674/2674 2678/2678 2677/2677
f 2674/2674 2677/2677 2673/2673
f 2674/2674 2680/2680 2679/2679
f 2674/2674 2679/2679 2678/2678
f 2682/2682 2681/2681 2677/2677
f 2682/2682 2677/2677 2678/2678
f 2679/2679 2683/2683 2682/2682
f 2679/2679 2682/2682 2678/2678
f 2679/2679 2685/2685 2684/2684
f 2679/2679 2684/2684 2683/2683
f 2687/2687 2686/2686 2682/2682
f 2687/2687 2682/2682 2683/2683
f 2684/2684 2688/2688 2687/2687
f 2684/2684 2687/2687 2683/2683
f 2684/2684 2690/2690 2689/2689
f 2684/2684 2689/2689 2688/2688
f 2692/2692 2691/2691 2687/2687
f 2692/2692 2687/2687 2688/2688
f 2689/2689 2693/2693 2692/2692
f 2689/2689 2692/2692 2688/2688
f 2689/2689 2695/2695 2694/2694
f 2689/2689 2694/2694 2693/2693
f 2697/2697 2696/2696 2692/2692
f 2697/2697 2692/2692 2693/2693
f 2694/2694 2698/2698 2697/2697
f 2694/2694 2697/2697 2693/2693
f 2694/2694 2700/2700 2699/2699
f 2694/2694 2699/2699 2698/2698
f 2702/2702 2701/2701 2697/2697
f 2702/2702 2697/2697 2698/2698
f 2699/2699 2703/2703 2702/2702
f 2699/2699 2702/2702 2698/2698
f 2699/2699 2705/2705 2704/2704
f 2699/2699 2704/2704 2703/2703
f 2707/2707 2706/2706 2702/2702
f 2707/2707 2702/2702 2703/2703
f 2704/2704 2708/2708 2707/2707
f 2704/2704 2707/2707 2703/2703
f 2704/2704 2710/2710 2709/2709
f 2704/2704 2709/2709 2708/2708
f 2712/2712 2711/2711 2707/2707
f 2712/2712 2707/2707 2708/2708
f 2709/2709 2713/2713 2712/2712
f 2709/2709 2712/2712 2708/2708
f 2709/2709 2715/2715 2714/2714
f 2709/2709 2714/2714 2713/2713
f 2717/2717 2716/2716 2712/2712
f 2717/2717 2712/2712 2713/2713
f 2714/2714 2718/2718 2717/2717
f 2714/2714 2717/2717 2713/2713
f 2714/2714 2720/2720 2719/2719
f 2714/2714 2719/2719 2718/2718
f 2722/2722 2721/2721 2717/2717
f 2722/2722 2717/2717 2718/2718
f 2719/2719 2723/2723 2722/2722
f 2719/2719 2722/2722 2718/2718
f 2719/2719 2725/2725 2724/2724
f 2719/2719 2724/2724 2723/2723
f 2727/2727 2726/2726 2722/2722
f 2727/2727 2722/2722 2723/2723
f 2724/2724 2728/2728 2727/2727
f 2724/2724 2727/2727 2723/2723
f 2724/2724 2730/2730 2729/2729
f 2724/2724 2729/2729 2728/2728
f 2732/2732 2731/2731 2727/2727
f 2732/2732 2727/2727 2728/2728
f 2729/2729 2733/2733 2732/2732
f 2729/2729 2732/2732 2728/2728
f 2729/2729 2735/2735 2734/2734
f 2729/2729 2734/2734 2733/2733
f 2737/2737 2736/2736 2732/2732
f 2737/2737 2732/2732 2733/2733
f 2734/2734 2738/2738 2737/2737
f 2734/2734 2737/2737 2733/2733
f 2734/2734 2740/2740 2739/2739
f 2734/2734 2739/2739 2738/2738
f 2742/2742 2741/2741 2737/2737
f 2742/2742 2737/2737 2738/2738
f 2739/2739 2743/2743 2742/2742
f 2739/2739 2742/2742 2738/2738
f 2739/2739 2745/2745 2744/2744
f 2739/2739 2744/2744 2743/2743
f 2747/2747 2746/2746 2742/2742
f 2747/2747 2742/2742 2743/2743
f 2744/2744 2748/2748 2747/2747
f 2744/2744 2747/2747 2743/2743
f 2744/2744 2750/2750 2749/2749
f 2744/2744 2749/2749 2748/2748
f 2752/2752 2751/2751 2747/2747
f 2752/2752 2747/2747 2748/2748
f 2749/2749 2753/2753 2752/2752
f 2749/2749 2752/2752 2748/2748
f 2749/2749 2755/2755 2754/2754
f 2749/2749 2754/2754 2753/2753
f 2757/2757 2756/2756 2752/2752
f 2757/2757 2752/2752 2753/2753
f 2754/2754 2758/2758 2757/2757
f 2754/2754 2757/2757 2753/2753
f 2754/2754 2760/2760 2759/2759
f 2754/2754 2759/2759 2758/2758
f 2762/2762 2761/2761 2757/2757
f 2762/2762 2757/2757 2758/2758
f 2759/2759 2763/2763 2762/2762
f 2759/2759 2762/2762 2758/2758
f 2759/2759 2765/2765 2764/2764
f 2759/2759 2764/2764 2763/2763
f 2767/2767 2766/2766 2762/2762
f 2767/2767 2762/2762 2763/2763
f 2764/2764 2768/2768 2767/2767
f 2764/2764 2767/2767 2763/2763
f 2764/2764 2770/2770 2769/2769
f 2764/2764 2769/2769 2768/2768
f 2772/2772 2771/2771 2767/2767
f 2772/2772 2767/2767 2768/2768
f 2769/2769 2773/2773 2772/2772
f 2769/2769 2772/2772 2768/2768
f 2775/2775 2774/2774 2772/2772
f 2775/2775 2772/2772 2773/2773
f 2777/2777 2776/2776 2775/2775
f 2777/2777 2775/2775 2773/2773
f 2769/2769 2778/2778 2777/2777
f 2769/2769 2777/2777 2773/2773
f 2769/2769 2770/2770 2779/2779
f 2769/2769 2779/2779 2778/2778
f 2781/2781 2780/2780 2777/2777
f 2781/2781 2777/2777 2778/2778
f 2779/2779 2782/2782 2781/2781
f 2779/2779 2781/2781 2778/2778
f 2779/2779 2784/2784 2783/2783
f 2779/2779 2783/2783 2782/2782
f 2786/2786 2785/2785 2781/2781
f 2786/2786 2781/2781 2782/2782
f 2783/2783 2787/2787 2786/2786
f 2783/2783 2786/2786 2782/2782
f 2783/2783 2789/2789 2788/2788
f 2783/2783 2788/2788 2787/2787
f 2791/2791 2790/2790 2786/2786
f 2791/2791 2786/2786 2787/2787
f 2788/2788 2792/2792 2791/2791
f 2788/2788 2791/2791 2787/2787
f 2788/2788 2794/2794 2793/2793
f 2788/2788 2793/2793 2792/2792
f 2796/2796 2795/2795 2791/2791
f 2796/2796 2791/2791 2792/2792
f 2793/2793 2797/2797 2796/2796
f 2793/2793 2796/2796 2792/2792
f 2793/2793 2799/2799 2798/2798
f 2793/2793 2798/2798 2797/2797
f 2801/2801 2800/2800 2796/2796
f 2801/2801 2796/2796 2797/2797
f 2798/2798 2802/2802 2801/2801
f 2798/2798 2801/2801 2797/2797
f 2798/2798 2804/2804 2803/2803
f 2798/2798 2803/2803 2802/2802
f 2806/2806 2805/2805 2801/2801
f 2806/2806 2801/2801 2802/2802
f 2803/2803 2807/2807 2806/2806
f 2803/2803 2806/2806 2802/2802
f 2803/2803 2809/2809 2808/2808
f 2803/2803 2808/2808 2807/2807
f 2811/2811 2810/2810 2806/2806
f 2811/2811 2806/2806 2807/2807
f 2808/2808 2812/2812 2811/2811
f 2808/2808 2811/2811 2807/2807
f 2808/2808 2814/2814 2813/2813
f 2808/2808 2813/2813 2812/2812
f 2816/2816 2815/2815 2811/2811
f 2816/2816 2811/2811 2812/2812
f 2813/2813 2817/2817 2816/2816
f 2813/2813 2816/2816 2812/2812
f 2813/2813 2819/2819 2818/2818
f 2813/2813 2818/2818 2817/2817
f 2821/2821 2820/2820 2816/2816
f 2821/2821 2816/2816 2817/2817
f 2818/2818 2822/2822 2821/2821
f 2818/2818 2821/2821 2817/2817
f 2818/2818 2824/2824 2823/2823
f 2818/2818 2823/2823 2822/2822
f 2826/2826 2825/2825 2821/2821
f 2826/2826 2821/2821 2822/2822
f 2823/2823 2827/2827 2826/2826
f 2823/2823 2826/2826 2822/2822
f 2823/2823 2829/2829 2828/2828
f 2823/2823 2828/2828 2827/2827
f 2831/2831 2830/2830 2826/2826
f 2831/2831 2826/2826 2827/2827
f 2828/2828 2832/2832 2831/2831
f 2828/2828 2831/2831 2827/2827
f 2828/2828 2834/2834 2833/2833
f 2828/2828 2833/2833 2832/2832
f 2836/2836 2835/2835 2831/2831
f 2836/2836 2831/2831 2832/2832
f 2833/2833 2837/2837 2836/2836
f 2833/2833 2836/2836 2832/2832
f 2833/2833 2839/2839 2838/2838
f 2833/2833 2838/2838 2837/2837
f 2841/2841 2840/2840 2836/2836
f 2841/2841 2836/2836 2837/2837
f 2838/2838 2842/2842 2841/2841
f 2838/2838 2841/2841 2837/2837
f 2838/2838 2844/2844 2843/2843
f 2838/2838 2843/2843 2842/2842
f 2846/2846 2845/2845 2841/2841
f 2846/2846 2841/2841 2842/2842
f 2843/2843 2847/2847 2846/2846
f 2843/2843 2846/2846 2842/2842
f 2843/2843 2849/2849 2848/2848
f 2843/2843 2848/2848 2847/2847
f 2851/2851 2850/2850 2846/2846
f 2851/2851 2846/2846 2847/2847
f 2848/2848 2852/2852 2851/2851
f 2848/2848 2851/2851 2847/2847
f 2848/2848 2854/2854 2853/2853
f 2848/2848 2853/2853 2852/2852
f 2856/2856 2855/2855 2851/2851
f 2856/2856 2851/2851 2852/2852
f 2853/2853 2857/2857 2856/2856
f 2853/2853 2856/2856 2852/2852
f 2853/2853 2859/2859 2858/2858
f 2853/2853 2858/2858 2857/2857
f 2861/2861 2860/2860 2856/2856
f 2861/2861 2856/2856 2857/2857
f 2858/2858 2862/2862 2861/2861
f 2858/2858 2861/2861 2857/2857
f 2858/2858 2863/2863 2458/2458
f 2858/2858 2458/2458 2862/2862
f 2865/2865 2864/2864 2861/2861
f 2865/2865 2861/2861 2862/2862
f 2458/2458 2459/2459 2865/2865
f 2458/2458 2865/2865 2862/2862
f 2463/2463 2465/2465 2864/2864
f 2463/2463 2864/2864 2865/2865
f 2459/2459 2460/2460 2463/2463
f 2459/2459 2463/2463 2865/2865
f 2866/2866 2860/2860 2861/2861
f 2866/2866 2861/2861 2864/2864
f 2465/2465 2467/2467 2866/2866
f 2465/2465 2866/2866 2864/2864
f 2868/2868 2867/2867 2860/2860
f 2868/2868 2860/2860 2866/2866
f 2467/2467 2469/2469 2868/2868
f 2467/2467 2868/2868 2866/2866
f 2870/2870 2869/2869 2867/2867
f 2870/2870 2867/2867 2868/2868
f 2469/2469 2471/2471 2870/2870
f 2469/2469 2870/2870 2868/2868
f 2872/2872 2871/2871 2869/2869
f 2872/2872 2869/2869 2870/2870
f 2471/2471 2473/2473 2872/2872
f 2471/2471 2872/2872 2870/2870
f 2874/2874 2873/2873 2871/2871
f 2874/2874 2871/2871 2872/2872
f 2473/2473 2475/2475 2874/2874
f 2473/2473 2874/2874 2872/2872
f 2876/2876 2875/2875 2873/2873
f 2876/2876 2873/2873 2874/2874
f 2475/2475 2477/2477 2876/2876
f 2475/2475 2876/2876 2874/2874
f 2878/2878 2877/2877 2875/2875
f 2878/2878 2875/2875 2876/2876
f 2477/2477 2479/2479 2878/2878
f 2477/2477 2878/2878 2876/2876
f 2880/2880 2879/2879 2877/2877
f 2880/2880 2877/2877 2878/2878
f 2479/2479 2481/2481 2880/2880
f 2479/2479 2880/2880 2878/2878
f 2882/2882 2881/2881 2879/2879
f 2882/2882 2879/2879 2880/2880
f 2481/2481 2483/2483 2882/2882
f 2481/2481 2882/2882 2880/2880
f 2884/2884 2883/2883 2881/2881
f 2884/2884 2881/2881 2882/2882
f 2483/2483 2485/2485 2884/2884
f 2483/2483 2884/2884 2882/2882
f 2886/2886 2885/2885 2883/2883
f 2886/2886 2883/2883 2884/2884
f 2485/2485 2487/2487 2886/2886
f 2485/2485 2886/2886 2884/2884
f 2888/2888 2887/2887 2885/2885
f 2888/2888 2885/2885 2886/2886
f 2487/2487 2489/2489 2888/2888
f 2487/2487 2888/2888 2886/2886
f 2494/2494 2889/2889 2887/2887
f 2494/2494 2887/2887 2888/2888
f 2489/2489 2491/2491 2494/2494
f 2489/2489 2494/2494 2888/2888
f 2891/2891 2890/2890 2887/2887
f 2891/2891 2887/2887 2889/2889
f 2497/2497 2892/2892 2891/2891
f 2497/2497 2891/2891 2889/2889
f 2494/2494 2495/2495 2497/2497
f 2494/2494 2497/2497 2889/2889
f 2894/2894 2893/2893 2891/2891
f 2894/2894 2891/2891 2892/2892
f 2896/2896 2895/2895 2894/2894
f 2896/2896 2894/2894 2892/2892
f 2497/2497 2498/2498 2896/2896
f 2497/2497 2896/2896 2892/2892
f 2898/2898 2897/2897 2895/2895
f 2898/2898 2895/2895 2896/2896
f 2498/2498 2499/2499 2898/2898
f 2498/2498 2898/2898 2896/2896
f 2900/2900 2899/2899 2897/2897
f 2900/2900 2897/2897 2898/2898
f 2499/2499 2501/2501 2900/2900
f 2499/2499 2900/2900 2898/2898
f 2902/2902 2901/2901 2899/2899
f 2902/2902 2899/2899 2900/2900
f 2501/2501 2503/2503 2902/2902
f 2501/2501 2902/2902 2900/2900
f 2904/2904 2903/2903 2901/2901
f 2904/2904 2901/2901 2902/2902
f 2503/2503 2505/2505 2904/2904
f 2503/2503 2904/2904 2902/2902
f 2510/2510 2905/2905 2903/2903
f 2510/2510 2903/2903 2904/2904
f 2505/2505 2507/2507 2510/2510
f 2505/2505 2510/2510 2904/2904
f 2907/2907 2906/2906 2903/2903
f 2907/2907 2903/2903 2905/2905
f 2513/2513 2908/2908 2907/2907
f 2513/2513 2907/2907 2905/2905
f 2510/2510 2511/2511 2513/2513
f 2510/2510 2513/2513 2905/2905
f 2910/2910 2909/2909 2907/2907
f 2910/2910 2907/2907 2908/2908
f 2516/2516 2911/2911 2910/2910
f 2516/2516 2910/2910 2908/2908
f 2513/2513 2514/2514 2516/2516
f 2513/2513 2516/2516 2908/2908
f 2913/2913 2912/2912 2910/2910
f 2913/2913 2910/2910 2911/2911
f 2519/2519 2914/2914 2913/2913
f 2519/2519 2913/2913 2911/2911
f 2516/2516 2517/2517 2519/2519
f 2516/2516 2519/2519 2911/2911
f 2916/2916 2915/2915 2913/2913
f 2916/2916 2913/2913 2914/2914
f 2522/2522 2917/2917 2916/2916
f 2522/2522 2916/2916 2914/2914
f 2519/2519 2520/2520 2522/2522
f 2519/2519 2522/2522 2914/2914
f 2919/2919 2918/2918 2916/2916
f 2919/2919 2916/2916 2917/2917
f 2525/2525 2920/2920 2919/2919
f 2525/2525 2919/2919 2917/2917
f 2522/2522 2523/2523 2525/2525
f 2522/2522 2525/2525 2917/2917
f 2922/2922 2921/2921 2919/2919
f 2922/2922 2919/2919 2920/2920
f 2528/2528 2923/2923 2922/2922
f 2528/2528 2922/2922 2920/2920
f 2525/2525 2526/2526 2528/2528
f 2525/2525 2528/2528 2920/2920
f 2925/2925 2924/2924 2922/2922
f 2925/2925 2922/2922 2923/2923
f 2531/2531 2926/2926 2925/2925
f 2531/2531 2925/2925 2923/2923
f 2528/2528 2529/2529 2531/2531
f 2528/2528 2531/2531 2923/2923
f 2928/2928 2927/2927 2925/2925
f 2928/2928 2925/2925 2926/2926
f 2930/2930 2929/2929 2928/2928
f 2930/2930 2928/2928 2926/2926
f 2531/2531 2532/2532 2930/2930
f 2531/2531 2930/2930 2926/2926
f 2932/2932 2931/2931 2929/2929
f 2932/2932 2929/2929 2930/2930
f 2532/2532 2533/2533 2932/2932
f 2532/2532 2932/2932 2930/2930
f 2934/2934 2933/2933 2931/2931
f 2934/2934 2931/2931 2932/2932
f 2533/2533 2535/2535 2934/2934
f 2533/2533 2934/2934 2932/2932
f 2936/2936 2935/2935 2933/2933
f 2936/2936 2933/2933 2934/2934
f 2535/2535 2537/2537 2936/2936
f 2535/2535 2936/2936 2934/2934
f 2938/2938 2937/2937 2935/2935
f 2938/2938 2935/2935 2936/2936
f 2537/2537 2539/2539 2938/2938
f 2537/2537 2938/2938 2936/2936
f 2940/2940 2939/2939 2937/2937
f 2940/2940 2937/2937 2938/2938
f 2539/2539 2541/2541 2940/2940
f 2539/2539 2940/2940 2938/2938
f 2942/2942 2941/2941 2939/2939
f 2942/2942 2939/2939 2940/2940
f 2541/2541 2543/2543 2942/2942
f 2541/2541 2942/2942 2940/2940
f 2946/2946 2945/2945 2944/2944
f 2948/2948 2947/2947 2945/2945
f 2948/2948 2945/2945 2946/2946
f 2950/2950 2949/2949 2947/2947
f 2950/2950 2947/2947 2948/2948
f 2544/2544 2545/2545 2950/2950
f 2544/2544 2950/2950 2948/2948
f 2952/2952 2951/2951 2949/2949
f 2952/2952 2949/2949 2950/2950
f 2545/2545 2547/2547 2952/2952
f 2545/2545 2952/2952 2950/2950
f 2954/2954 2953/2953 2951/2951
f 2954/2954 2951/2951 2952/2952
f 2547/2547 2549/2549 2954/2954
f 2547/2547 2954/2954 2952/2952
f 2956/2956 2955/2955 2953/2953
f 2956/2956 2953/2953 2954/2954
f 2549/2549 2551/2551 2956/2956
f 2549/2549 2956/2956 2954/2954
f 2958/2958 2957/2957 2955/2955
f 2958/2958 2955/2955 2956/2956
f 2551/2551 2553/2553 2958/2958
f 2551/2551 2958/2958 2956/2956
f 2960/2960 2959/2959 2957/2957
f 2960/2960 2957/2957 2958/2958
f 2553/2553 2555/2555 2960/2960
f 2553/2553 2960/2960 2958/2958
f 2962/2962 2961/2961 2959/2959
f 2962/2962 2959/2959 2960/2960
f 2555/2555 2557/2557 2962/2962
f 2555/2555 2962/2962 2960/2960
f 2964/2964 2963/2963 2961/2961
f 2964/2964 2961/2961 2962/2962
f 2557/2557 2559/2559 2964/2964
f 2557/2557 2964/2964 2962/2962
f 2966/2966 2965/2965 2963/2963
f 2966/2966 2963/2963 2964/2964
f 2559/2559 2561/2561 2966/2966
f 2559/2559 2966/2966 2964/2964
f 2968/2968 2967/2967 2965/2965
f 2968/2968 2965/2965 2966/2966
f 2561/2561 2563/2563 2968/2968
f 2561/2561 2968/2968 2966/2966
f 2970/2970 2969/2969 2967/2967
f 2970/2970 2967/2967 2968/2968
f 2563/2563 2565/2565 2970/2970
f 2563/2563 2970/2970 2968/2968
f 2972/2972 2971/2971 2969/2969
f 2972/2972 2969/2969 2970/2970
f 2565/2565 2567/2567 2972/2972
f 2565/2565 2972/2972 2970/2970
f 2974/2974 2973/2973 2971/2971
f 2974/2974 2971/2971 2972/2972
f 2567/2567 2569/2569 2974/2974
f 2567/2567 2974/2974 2972/2972
f 2976/2976 2975/2975 2973/2973
f 2976/2976 2973/2973 2974/2974
f 2569/2569 2571/2571 2976/2976
f 2569/2569 2976/2976 2974/2974
f 2978/2978 2977/2977 2975/2975
f 2978/2978 2975/2975 2976/2976
f 2571/2571 2573/2573 2978/2978
f 2571/2571 2978/2978 2976/2976
f 2980/2980 2979/2979 2977/2977
f 2980/2980 2977/2977 2978/2978
f 2573/2573 2575/2575 2980/2980
f 2573/2573 2980/2980 2978/2978
f 2982/2982 2981/2981 2979/2979
f 2982/2982 2979/2979 2980/2980
f 2575/2575 2577/2577 2982/2982
f 2575/2575 2982/2982 2980/2980
f 2984/2984 2983/2983 2981/2981
f 2984/2984 2981/2981 2982/2982
f 2577/2577 2985/2985 2984/2984
f 2577/2577 2984/2984 2982/2982
f 2987/2987 2986/2986 2984/2984
f 2987/2987 2984/2984 2985/2985
f 2580/2580 2586/2586 2987/2987
f 2580/2580 2987/2987 2985/2985
f 2577/2577 2578/2578 2580/2580
f 2577/2577 2580/2580 2985/2985
f 2589/2589 2988/2988 2986/2986
f 2589/2589 2986/2986 2987/2987
f 2586/2586 2587/2587 2589/2589
f 2586/2586 2589/2589 2987/2987
f 2990/2990 2989/2989 2986/2986
f 2990/2990 2986/2986 2988/2988
f 2592/2592 2991/2991 2990/2990
f 2592/2592 2990/2990 2988/2988
f 2589/2589 2590/2590 2592/2592
f 2589/2589 2592/2592 2988/2988
f 2993/2993 2992/2992 2990/2990
f 2993/2993 2990/2990 2991/2991
f 2595/2595 2994/2994 2993/2993
f 2595/2595 2993/2993 2991/2991
f 2592/2592 2593/2593 2595/2595
f 2592/2592 2595/2595 2991/2991
f 2996/2996 2995/2995 2993/2993
f 2996/2996 2993/2993 2994/2994
f 2598/2598 2997/2997 2996/2996
f 2598/2598 2996/2996 2994/2994
f 2595/2595 2596/2596 2598/2598
f 2595/2595 2598/2598 2994/2994
f 2999/2999 2998/2998 2996/2996
f 2999/2999 2996/2996 2997/2997
f 2601/2601 3000/3000 2999/2999
f 2601/2601 2999/2999 2997/2997
f 2598/2598 2599/2599 2601/2601
f 2598/2598 2601/2601 2997/2997
f 3002/3002 3001/3001 2999/2999
f 3002/3002 2999/2999 3000/3000
f 2604/2604 3003/3003 3002/3002
f 2604/2604 3002/3002 3000/3000
f 2601/2601 2602/2602 2604/2604
f 2601/2601 2604/2604 3000/3000
f 3005/3005 3004/3004 3002/3002
f 3005/3005 3002/3002 3003/3003
f 2607/2607 3006/3006 3005/3005
f 2607/2607 3005/3005 3003/3003
f 2604/2604 2605/2605 2607/2607
f 2604/2604 2607/2607 3003/3003
f 3008/3008 3007/3007 3005/3005
f 3008/3008 3005/3005 3006/3006
f 2610/2610 3009/3009 3008/3008
f 2610/2610 3008/3008 3006/3006
f 2607/2607 2608/2608 2610/2610
f 2607/2607 2610/2610 3006/3006
f 3011/3011 3010/3010 3008/3008
f 3011/3011 3008/3008 3009/3009
f 2613/2613 3012/3012 3011/3011
f 2613/2613 3011/3011 3009/3009
f 2610/2610 2611/2611 2613/2613
f 2610/2610 2613/2613 3009/3009
f 3014/3014 3013/3013 3011/3011
f 3014/3014 3011/3011 3012/3012
f 2616/2616 3015/3015 3014/3014
f 2616/2616 3014/3014 3012/3012
f 2613/2613 2614/2614 2616/2616
f 2613/2613 2616/2616 3012/3012
f 3017/3017 3016/3016 3014/3014
f 3017/3017 3014/3014 3015/3015
f 2619/2619 3018/3018 3017/3017
f 2619/2619 3017/3017 3015/3015
f 2616/2616 2617/2617 2619/2619
f 2616/2616 2619/2619 3015/3015
f 26/26 27/27 3017/3017
f 26/26 3017/3017 3018/3018
f 2622/2622 2624/2624 26/26
f 2622/2622 26/26 3018/3018
f 2619/2619 2620/2620 2622/2622
f 2619/2619 2622/2622 3018/3018
f 27/27 30/30 3016/3016
f 27/27 3016/3016 3017/3017
f 30/30 3020/3020 3019/3019
f 30/30 3019/3019 3016/3016
f 3019/3019 3013/3013 3014/3014
f 3019/3019 3014/3014 3016/3016
f 3023/3023 3022/3022 3021/3021
f 3023/3023 3021/3021 3020/3020
f 30/30 28/28 3023/3023
f 30/30 3023/3023 3020/3020
f 3021/3021 3024/3024 3019/3019
f 3021/3021 3019/3019 3020/3020
f 3021/3021 3026/3026 3025/3025
f 3021/3021 3025/3025 3024/3024
f 3027/3027 3013/3013 3019/3019
f 3027/3027 3019/3019 3024/3024
f 3025/3025 3028/3028 3027/3027
f 3025/3025 3027/3027 3024/3024
f 3025/3025 3030/3030 3029/3029
f 3025/3025 3029/3029 3028/3028
f 3031/3031 3010/3010 3027/3027
f 3031/3031 3027/3027 3028/3028
f 3029/3029 3032/3032 3031/3031
f 3029/3029 3031/3031 3028/3028
f 3029/3029 3034/3034 3033/3033
f 3029/3029 3033/3033 3032/3032
f 3035/3035 3007/3007 3031/3031
f 3035/3035 3031/3031 3032/3032
f 3033/3033 3036/3036 3035/3035
f 3033/3033 3035/3035 3032/3032
f 3033/3033 3038/3038 3037/3037
f 3033/3033 3037/3037 3036/3036
f 3039/3039 3004/3004 3035/3035
f 3039/3039 3035/3035 3036/3036
f 3037/3037 3040/3040 3039/3039
f 3037/3037 3039/3039 3036/3036
f 3037/3037 3042/3042 3041/3041
f 3037/3037 3041/3041 3040/3040
f 3043/3043 3001/3001 3039/3039
f 3043/3043 3039/3039 3040/3040
f 3041/3041 3044/3044 3043/3043
f 3041/3041 3043/3043 3040/3040
f 3041/3041 3046/3046 3045/3045
f 3041/3041 3045/3045 3044/3044
f 3047/3047 2998/2998 3043/3043
f 3047/3047 3043/3043 3044/3044
f 3045/3045 3048/3048 3047/3047
f 3045/3045 3047/3047 3044/3044
f 3045/3045 3050/3050 3049/3049
f 3045/3045 3049/3049 3048/3048
f 3051/3051 2995/2995 3047/3047
f 3051/3051 3047/3047 3048/3048
f 3049/3049 3052/3052 3051/3051
f 3049/3049 3051/3051 3048/3048
f 3049/3049 3054/3054 3053/3053
f 3049/3049 3053/3053 3052/3052
f 3055/3055 2992/2992 3051/3051
f 3055/3055 3051/3051 3052/3052
f 3053/3053 3056/3056 3055/3055
f 3053/3053 3055/3055 3052/3052
f 3053/3053 3058/3058 3057/3057
f 3053/3053 3057/3057 3056/3056
f 2983/2983 2989/2989 3055/3055
f 2983/2983 3055/3055 3056/3056
f 3057/3057 2981/2981 2983/2983
f 3057/3057 2983/2983 3056/3056
f 3061/3061 3060/3060 3059/3059
f 3061/3061 3059/3059 3058/3058
f 3053/3053 3054/3054 3061/3061
f 3053/3053 3061/3061 3058/3058
f 3059/3059 3062/3062 3057/3057
f 3059/3059 3057/3057 3058/3058
f 3059/3059 3064/3064 3063/3063
f 3059/3059 3063/3063 3062/3062
f 2979/2979 2981/2981 3057/3057
f 2979/2979 3057/3057 3062/3062
f 3063/3063 2977/2977 2979/2979
f 3063/3063 2979/2979 3062/3062
f 3067/3067 3066/3066 3065/3065
f 3067/3067 3065/3065 3064/3064
f 3059/3059 3060/3060 3067/3067
f 3059/3059 3067/3067 3064/3064
f 3065/3065 3068/3068 3063/3063
f 3065/3065 3063/3063 3064/3064
f 3065/3065 3070/3070 3069/3069
f 3065/3065 3069/3069 3068/3068
f 2975/2975 2977/2977 3063/3063
f 2975/2975 3063/3063 3068/3068
f 3069/3069 2973/2973 2975/2975
f 3069/3069 2975/2975 3068/3068
f 3073/3073 3072/3072 3071/3071
f 3073/3073 3071/3071 3070/3070
f 3065/3065 3066/3066 3073/3073
f 3065/3065 3073/3073 3070/3070
f 3071/3071 3074/3074 3069/3069
f 3071/3071 3069/3069 3070/3070
f 3071/3071 3076/3076 3075/3075
f 3071/3071 3075/3075 3074/3074
f 2971/2971 2973/2973 3069/3069
f 2971/2971 3069/3069 3074/3074
f 3075/3075 2969/2969 2971/2971
f 3075/3075 2971/2971 3074/3074
f 3079/3079 3078/3078 3077/3077
f 3079/3079 3077/3077 3076/3076
f 3071/3071 3072/3072 3079/3079
f 3071/3071 3079/3079 3076/3076
f 3077/3077 3080/3080 3075/3075
f 3077/3077 3075/3075 3076/3076
f 3077/3077 3082/3082 3081/3081
f 3077/3077 3081/3081 3080/3080
f 2967/2967 2969/2969 3075/3075
f 2967/2967 3075/3075 3080/3080
f 3081/3081 2965/2965 2967/2967
f 3081/3081 2967/2967 3080/3080
f 3085/3085 3084/3084 3083/3083
f 3085/3085 3083/3083 3082/3082
f 3077/3077 3078/3078 3085/3085
f 3077/3077 3085/3085 3082/3082
f 3083/3083 3086/3086 3081/3081
f 3083/3083 3081/3081 3082/3082
f 3083/3083 3088/3088 3087/3087
f 3083/3083 3087/3087 3086/3086
f 2963/2963 2965/2965 3081/3081
f 2963/2963 3081/3081 3086/3086
f 3087/3087 2961/2961 2963/2963
f 3087/3087 2963/2963 3086/3086
f 3091/3091 3090/3090 3089/3089
f 3091/3091 3089/3089 3088/3088
f 3083/3083 3084/3084 3091/3091
f 3083/3083 3091/3091 3088/3088
f 3089/3089 3092/3092 3087/3087
f 3089/3089 3087/3087 3088/3088
f 3089/3089 3094/3094 3093/3093
f 3089/3089 3093/3093 3092/3092
f 2959/2959 2961/2961 3087/3087
f 2959/2959 3087/3087 3092/3092
f 3093/3093 2957/2957 2959/2959
f 3093/3093 2959/2959 3092/3092
f 3097/3097 3096/3096 3095/3095
f 3097/3097 3095/3095 3094/3094
f 3089/3089 3090/3090 3097/3097
f 3089/3089 3097/3097 3094/3094
f 3095/3095 3098/3098 3093/3093
f 3095/3095 3093/3093 3094/3094
f 3095/3095 3100/3100 3099/3099
f 3095/3095 3099/3099 3098/3098
f 2955/2955 2957/2957 3093/3093
f 2955/2955 3093/3093 3098/3098
f 3099/3099 2953/2953 2955/2955
f 3099/3099 2955/2955 3098/3098
f 3103/3103 3102/3102 3101/3101
f 3103/3103 3101/3101 3100/3100
f 3095/3095 3096/3096 3103/3103
f 3095/3095 3103/3103 3100/3100
f 3101/3101 3104/3104 3099/3099
f 3101/3101 3099/3099 3100/3100
f 3101/3101 3106/3106 3105/3105
f 3101/3101 3105/3105 3104/3104
f 2951/2951 2953/2953 3099/3099
f 2951/2951 3099/3099 3104/3104
f 3105/3105 2949/2949 2951/2951
f 3105/3105 2951/2951 3104/3104
f 3109/3109 3108/3108 3107/3107
f 3109/3109 3107/3107 3106/3106
f 3101/3101 3102/3102 3109/3109
f 3101/3101 3109/3109 3106/3106
f 3107/3107 3110/3110 3105/3105
f 3107/3107 3105/3105 3106/3106
f 3107/3107 3112/3112 3111/3111
f 3107/3107 3111/3111 3110/3110
f 2947/2947 2949/2949 3105/3105
f 2947/2947 3105/3105 3110/3110
f 3111/3111 2945/2945 2947/2947
f 3111/3111 2947/2947 3110/3110
f 3115/3115 3114/3114 3113/3113
f 3115/3115 3113/3113 3112/3112
f 3107/3107 3108/3108 3115/3115
f 3107/3107 3115/3115 3112/3112
f 3113/3113 3116/3116 3111/3111
f 3113/3113 3111/3111 3112/3112
f 3113/3113 3118/3118 3117/3117
f 3113/3113 3117/3117 3116/3116
f 2944/2944 2945/2945 3111/3111
f 2944/2944 3111/3111 3116/3116
f 3117/3117 2944/2944 3116/3116
f 3121/3121 3120/3120 3119/3119
f 3121/3121 3119/3119 3118/3118
f 3113/3113 3114/3114 3121/3121
f 3113/3113 3121/3121 3118/3118
f 3119/3119 3117/3117 3118/3118
f 3119/3119 3120/3120 3122/3122
f 3123/3123 3127/3127 3126/3126
f 3123/3123 3126/3126 3125/3125
f 3126/3126 2941/2941 2943/2943
f 3126/3126 2943/2943 3125/3125
f 3130/3130 3129/3129 3128/3128
f 3130/3130 3128/3128 3127/3127
f 3123/3123 3124/3124 3130/3130
f 3123/3123 3130/3130 3127/3127
f 3128/3128 3131/3131 3126/3126
f 3128/3128 3126/3126 3127/3127
f 3128/3128 3133/3133 3132/3132
f 3128/3128 3132/3132 3131/3131
f 2939/2939 2941/2941 3126/3126
f 2939/2939 3126/3126 3131/3131
f 3132/3132 2937/2937 2939/2939
f 3132/3132 2939/2939 3131/3131
f 3136/3136 3135/3135 3134/3134
f 3136/3136 3134/3134 3133/3133
f 3128/3128 3129/3129 3136/3136
f 3128/3128 3136/3136 3133/3133
f 3134/3134 3137/3137 3132/3132
f 3134/3134 3132/3132 3133/3133
f 3134/3134 3139/3139 3138/3138
f 3134/3134 3138/3138 3137/3137
f 2935/2935 2937/2937 3132/3132
f 2935/2935 3132/3132 3137/3137
f 3138/3138 2933/2933 2935/2935
f 3138/3138 2935/2935 3137/3137
f 3142/3142 3141/3141 3140/3140
f 3142/3142 3140/3140 3139/3139
f 3134/3134 3135/3135 3142/3142
f 3134/3134 3142/3142 3139/3139
f 3140/3140 3143/3143 3138/3138
f 3140/3140 3138/3138 3139/3139
f 3140/3140 3145/3145 3144/3144
f 3140/3140 3144/3144 3143/3143
f 2931/2931 2933/2933 3138/3138
f 2931/2931 3138/3138 3143/3143
f 3144/3144 2929/2929 2931/2931
f 3144/3144 2931/2931 3143/3143
f 3148/3148 3147/3147 3146/3146
f 3148/3148 3146/3146 3145/3145
f 3140/3140 3141/3141 3148/3148
f 3140/3140 3148/3148 3145/3145
f 3146/3146 3149/3149 3144/3144
f 3146/3146 3144/3144 3145/3145
f 3146/3146 3151/3151 3150/3150
f 3146/3146 3150/3150 3149/3149
f 2928/2928 2929/2929 3144/3144
f 2928/2928 3144/3144 3149/3149
f 3150/3150 2927/2927 2928/2928
f 3150/3150 2928/2928 3149/3149
f 3154/3154 3153/3153 3152/3152
f 3154/3154 3152/3152 3151/3151
f 3146/3146 3147/3147 3154/3154
f 3146/3146 3154/3154 3151/3151
f 3152/3152 3155/3155 3150/3150
f 3152/3152 3150/3150 3151/3151
f 3152/3152 3157/3157 3156/3156
f 3152/3152 3156/3156 3155/3155
f 3158/3158 2927/2927 3150/3150
f 3158/3158 3150/3150 3155/3155
f 3156/3156 3159/3159 3158/3158
f 3156/3156 3158/3158 3155/3155
f 3156/3156 3161/3161 3160/3160
f 3156/3156 3160/3160 3159/3159
f 3162/3162 2924/2924 3158/3158
f 3162/3162 3158/3158 3159/3159
f 3160/3160 3163/3163 3162/3162
f 3160/3160 3162/3162 3159/3159
f 3160/3160 3165/3165 3164/3164
f 3160/3160 3164/3164 3163/3163
f 3166/3166 2921/2921 3162/3162
f 3166/3166 3162/3162 3163/3163
f 3164/3164 3167/3167 3166/3166
f 3164/3164 3166/3166 3163/3163
f 3164/3164 3169/3169 3168/3168
f 3164/3164 3168/3168 3167/3167
f 3170/3170 2918/2918 3166/3166
f 3170/3170 3166/3166 3167/3167
f 3168/3168 3171/3171 3170/3170
f 3168/3168 3170/3170 3167/3167
f 3168/3168 3173/3173 3172/3172
f 3168/3168 3172/3172 3171/3171
f 3174/3174 2915/2915 3170/3170
f 3174/3174 3170/3170 3171/3171
f 3172/3172 3175/3175 3174/3174
f 3172/3172 3174/3174 3171/3171
f 3172/3172 3177/3177 3176/3176
f 3172/3172 3176/3176 3175/3175
f 3178/3178 2912/2912 3174/3174
f 3178/3178 3174/3174 3175/3175
f 3176/3176 3179/3179 3178/3178
f 3176/3176 3178/3178 3175/3175
f 3176/3176 3181/3181 3180/3180
f 3176/3176 3180/3180 3179/3179
f 3182/3182 2909/2909 3178/3178
f 3182/3182 3178/3178 3179/3179
f 3180/3180 3183/3183 3182/3182
f 3180/3180 3182/3182 3179/3179
f 3180/3180 3185/3185 3184/3184
f 3180/3180 3184/3184 3183/3183
f 3186/3186 2906/2906 3182/3182
f 3186/3186 3182/3182 3183/3183
f 3184/3184 3187/3187 3186/3186
f 3184/3184 3186/3186 3183/3183
f 3184/3184 3189/3189 3188/3188
f 3184/3184 3188/3188 3187/3187
f 2899/2899 2901/2901 3186/3186
f 2899/2899 3186/3186 3187/3187
f 3188/3188 2897/2897 2899/2899
f 3188/3188 2899/2899 3187/3187
f 3192/3192 3191/3191 3190/3190
f 3192/3192 3190/3190 3189/3189
f 3184/3184 3185/3185 3192/3192
f 3184/3184 3192/3192 3189/3189
f 3190/3190 3193/3193 3188/3188
f 3190/3190 3188/3188 3189/3189
f 3190/3190 3195/3195 3194/3194
f 3190/3190 3194/3194 3193/3193
f 2895/2895 2897/2897 3188/3188
f 2895/2895 3188/3188 3193/3193
f 3194/3194 2894/2894 2895/2895
f 3194/3194 2895/2895 3193/3193
f 3198/3198 3197/3197 3196/3196
f 3198/3198 3196/3196 3195/3195
f 3190/3190 3191/3191 3198/3198
f 3190/3190 3198/3198 3195/3195
f 3196/3196 3199/3199 3194/3194
f 3196/3196 3194/3194 3195/3195
f 3196/3196 3201/3201 3200/3200
f 3196/3196 3200/3200 3199/3199
f 2893/2893 2894/2894 3194/3194
f 2893/2893 3194/3194 3199/3199
f 3200/3200 3202/3202 2893/2893
f 3200/3200 2893/2893 3199/3199
f 3200/3200 3204/3204 3203/3203
f 3200/3200 3203/3203 3202/3202
f 2890/2890 2891/2891 2893/2893
f 2890/2890 2893/2893 3202/3202
f 3203/3203 3205/3205 2890/2890
f 3203/3203 2890/2890 3202/3202
f 3203/3203 3207/3207 3206/3206
f 3203/3203 3206/3206 3205/3205
f 2885/2885 2887/2887 2890/2890
f 2885/2885 2890/2890 3205/3205
f 3206/3206 2883/2883 2885/2885
f 3206/3206 2885/2885 3205/3205
f 3210/3210 3209/3209 3208/3208
f 3210/3210 3208/3208 3207/3207
f 3203/3203 3204/3204 3210/3210
f 3203/3203 3210/3210 3207/3207
f 3208/3208 3211/3211 3206/3206
f 3208/3208 3206/3206 3207/3207
f 3208/3208 3213/3213 3212/3212
f 3208/3208 3212/3212 3211/3211
f 2881/2881 2883/2883 3206/3206
f 2881/2881 3206/3206 3211/3211
f 3212/3212 2879/2879 2881/2881
f 3212/3212 2881/2881 3211/3211
f 3216/3216 3215/3215 3214/3214
f 3216/3216 3214/3214 3213/3213
f 3208/3208 3209/3209 3216/3216
f 3208/3208 3216/3216 3213/3213
f 3214/3214 3217/3217 3212/3212
f 3214/3214 3212/3212 3213/3213
f 3214/3214 3219/3219 3218/3218
f 3214/3214 3218/3218 3217/3217
f 2877/2877 2879/2879 3212/3212
f 2877/2877 3212/3212 3217/3217
f 3218/3218 2875/2875 2877/2877
f 3218/3218 2877/2877 3217/3217
f 3222/3222 3221/3221 3220/3220
f 3222/3222 3220/3220 3219/3219
f 3214/3214 3215/3215 3222/3222
f 3214/3214 3222/3222 3219/3219
f 3220/3220 3223/3223 3218/3218
f 3220/3220 3218/3218 3219/3219
f 3220/3220 3225/3225 3224/3224
f 3220/3220 3224/3224 3223/3223
f 2873/2873 2875/2875 3218/3218
f 2873/2873 3218/3218 3223/3223
f 3224/3224 2871/2871 2873/2873
f 3224/3224 2873/2873 3223/3223
f 2845/2845 2846/2846 2850/2850
f 2845/2845 2850/2850 3225/3225
f 3220/3220 3221/3221 2845/2845
f 3220/3220 2845/2845 3225/3225
f 2850/2850 3226/3226 3224/3224
f 2850/2850 3224/3224 3225/3225
f 2850/2850 2851/2851 2855/2855
f 2850/2850 2855/2855 3226/3226
f 2869/2869 2871/2871 3224/3224
f 2869/2869 3224/3224 3226/3226
f 2855/2855 2867/2867 2869/2869
f 2855/2855 2869/2869 3226/3226
f 3227/3227 2840/2840 3221/3221
f 3227/3227 3221/3221 3222/3222
f 3215/3215 3228/3228 3227/3227
f 3215/3215 3227/3227 3222/3222
f 3229/3229 2835/2835 3227/3227
f 3229/3229 3227/3227 3228/3228
f 3231/3231 3230/3230 3229/3229
f 3231/3231 3229/3229 3228/3228
f 3215/3215 3216/3216 3231/3231
f 3215/3215 3231/3231 3228/3228
f 3233/3233 3232/3232 3230/3230
f 3233/3233 3230/3230 3231/3231
f 3216/3216 3209/3209 3233/3233
f 3216/3216 3233/3233 3231/3231
f 3235/3235 3234/3234 3232/3232
f 3235/3235 3232/3232 3233/3233
f 3209/3209 3210/3210 3235/3235
f 3209/3209 3235/3235 3233/3233
f 3237/3237 3236/3236 3234/3234
f 3237/3237 3234/3234 3235/3235
f 3210/3210 3204/3204 3237/3237
f 3210/3210 3237/3237 3235/3235
f 3201/3201 3238/3238 3236/3236
f 3201/3201 3236/3236 3237/3237
f 3204/3204 3200/3200 3201/3201
f 3204/3204 3201/3201 3237/3237
f 3240/3240 3239/3239 3236/3236
f 3240/3240 3236/3236 3238/3238
f 3197/3197 3241/3241 3240/3240
f 3197/3197 3240/3240 3238/3238
f 3201/3201 3196/3196 3197/3197
f 3201/3201 3197/3197 3238/3238
f 3243/3243 3242/3242 3240/3240
f 3243/3243 3240/3240 3241/3241
f 3245/3245 3244/3244 3243/3243
f 3245/3245 3243/3243 3241/3241
f 3197/3197 3198/3198 3245/3245
f 3197/3197 3245/3245 3241/3241
f 3247/3247 3246/3246 3244/3244
f 3247/3247 3244/3244 3245/3245
f 3198/3198 3191/3191 3247/3247
f 3198/3198 3247/3247 3245/3245
f 3249/3249 3248/3248 3246/3246
f 3249/3249 3246/3246 3247/3247
f 3191/3191 3192/3192 3249/3249
f 3191/3191 3249/3249 3247/3247
f 3251/3251 3250/3250 3248/3248
f 3251/3251 3248/3248 3249/3249
f 3192/3192 3185/3185 3251/3251
f 3192/3192 3251/3251 3249/3249
f 3181/3181 3252/3252 3250/3250
f 3181/3181 3250/3250 3251/3251
f 3185/3185 3180/3180 3181/3181
f 3185/3185 3181/3181 3251/3251
f 3254/3254 3253/3253 3250/3250
f 3254/3254 3250/3250 3252/3252
f 3177/3177 3255/3255 3254/3254
f 3177/3177 3254/3254 3252/3252
f 3181/3181 3176/3176 3177/3177
f 3181/3181 3177/3177 3252/3252
f 3257/3257 3256/3256 3254/3254
f 3257/3257 3254/3254 3255/3255
f 3173/3173 3258/3258 3257/3257
f 3173/3173 3257/3257 3255/3255
f 3177/3177 3172/3172 3173/3173
f 3177/3177 3173/3173 3255/3255
f 3260/3260 3259/3259 3257/3257
f 3260/3260 3257/3257 3258/3258
f 3169/3169 3261/3261 3260/3260
f 3169/3169 3260/3260 3258/3258
f 3173/3173 3168/3168 3169/3169
f 3173/3173 3169/3169 3258/3258
f 3263/3263 3262/3262 3260/3260
f 3263/3263 3260/3260 3261/3261
f 3165/3165 3264/3264 3263/3263
f 3165/3165 3263/3263 3261/3261
f 3169/3169 3164/3164 3165/3165
f 3169/3169 3165/3165 3261/3261
f 3266/3266 3265/3265 3263/3263
f 3266/3266 3263/3263 3264/3264
f 3161/3161 3267/3267 3266/3266
f 3161/3161 3266/3266 3264/3264
f 3165/3165 3160/3160 3161/3161
f 3165/3165 3161/3161 3264/3264
f 3269/3269 3268/3268 3266/3266
f 3269/3269 3266/3266 3267/3267
f 3157/3157 3270/3270 3269/3269
f 3157/3157 3269/3269 3267/3267
f 3161/3161 3156/3156 3157/3157
f 3161/3161 3157/3157 3267/3267
f 3272/3272 3271/3271 3269/3269
f 3272/3272 3269/3269 3270/3270
f 3153/3153 3273/3273 3272/3272
f 3153/3153 3272/3272 3270/3270
f 3157/3157 3152/3152 3153/3153
f 3157/3157 3153/3153 3270/3270
f 3275/3275 3274/3274 3272/3272
f 3275/3275 3272/3272 3273/3273
f 3277/3277 3276/3276 3275/3275
f 3277/3277 3275/3275 3273/3273
f 3153/3153 3154/3154 3277/3277
f 3153/3153 3277/3277 3273/3273
f 3279/3279 3278/3278 3276/3276
f 3279/3279 3276/3276 3277/3277
f 3154/3154 3147/3147 3279/3279
f 3154/3154 3279/3279 3277/3277
f 3281/3281 3280/3280 3278/3278
f 3281/3281 3278/3278 3279/3279
f 3147/3147 3148/3148 3281/3281
f 3147/3147 3281/3281 3279/3279
f 3283/3283 3282/3282 3280/3280
f 3283/3283 3280/3280 3281/3281
f 3148/3148 3141/3141 3283/3283
f 3148/3148 3283/3283 3281/3281
f 3285/3285 3284/3284 3282/3282
f 3285/3285 3282/3282 3283/3283
f 3141/3141 3142/3142 3285/3285
f 3141/3141 3285/3285 3283/3283
f 3287/3287 3286/3286 3284/3284
f 3287/3287 3284/3284 3285/3285
f 3142/3142 3135/3135 3287/3287
f 3142/3142 3287/3287 3285/3285
f 3289/3289 3288/3288 3286/3286
f 3289/3289 3286/3286 3287/3287
f 3135/3135 3136/3136 3289/3289
f 3135/3135 3289/3289 3287/3287
f 3291/3291 3290/3290 3288/3288
f 3291/3291 3288/3288 3289/3289
f 3136/3136 3129/3129 3291/3291
f 3136/3136 3291/3291 3289/3289
f 3293/3293 3292/3292 3290/3290
f 3293/3293 3290/3290 3291/3291
f 3129/3129 3130/3130 3293/3293
f 3129/3129 3293/3293 3291/3291
f 3295/3295 3294/3294 3292/3292
f 3295/3295 3292/3292 3293/3293
f 3130/3130 3124/3124 3295/3295
f 3130/3130 3295/3295 3293/3293
f 3297/3297 3296/3296 3294/3294
f 3297/3297 3294/3294 3295/3295
f 3124/3124 3297/3297 3295/3295
f 3301/3301 3300/3300 3299/3299
f 3303/3303 3302/3302 3300/3300
f 3303/3303 3300/3300 3301/3301
f 3305/3305 3304/3304 3302/3302
f 3305/3305 3302/3302 3303/3303
f 3122/3122 3120/3120 3305/3305
f 3122/3122 3305/3305 3303/3303
f 3307/3307 3306/3306 3304/3304
f 3307/3307 3304/3304 3305/3305
f 3120/3120 3121/3121 3307/3307
f 3120/3120 3307/3307 3305/3305
f 3309/3309 3308/3308 3306/3306
f 3309/3309 3306/3306 3307/3307
f 3121/3121 3114/3114 3309/3309
f 3121/3121 3309/3309 3307/3307
f 3311/3311 3310/3310 3308/3308
f 3311/3311 3308/3308 3309/3309
f 3114/3114 3115/3115 3311/3311
f 3114/3114 3311/3311 3309/3309
f 3313/3313 3312/3312 3310/3310
f 3313/3313 3310/3310 3311/3311
f 3115/3115 3108/3108 3313/3313
f 3115/3115 3313/3313 3311/3311
f 3315/3315 3314/3314 3312/3312
f 3315/3315 3312/3312 3313/3313
f 3108/3108 3109/3109 3315/3315
f 3108/3108 3315/3315 3313/3313
f 3317/3317 3316/3316 3314/3314
f 3317/3317 3314/3314 3315/3315
f 3109/3109 3102/3102 3317/3317
f 3109/3109 3317/3317 3315/3315
f 3319/3319 3318/3318 3316/3316
f 3319/3319 3316/3316 3317/3317
f 3102/3102 3103/3103 3319/3319
f 3102/3102 3319/3319 3317/3317
f 3321/3321 3320/3320 3318/3318
f 3321/3321 3318/3318 3319/3319
f 3103/3103 3096/3096 3321/3321
f 3103/3103 3321/3321 3319/3319
f 3323/3323 3322/3322 3320/3320
f 3323/3323 3320/3320 3321/3321
f 3096/3096 3097/3097 3323/3323
f 3096/3096 3323/3323 3321/3321
f 3325/3325 3324/3324 3322/3322
f 3325/3325 3322/3322 3323/3323
f 3097/3097 3090/3090 3325/3325
f 3097/3097 3325/3325 3323/3323
f 3327/3327 3326/3326 3324/3324
f 3327/3327 3324/3324 3325/3325
f 3090/3090 3091/3091 3327/3327
f 3090/3090 3327/3327 3325/3325
f 3329/3329 3328/3328 3326/3326
f 3329/3329 3326/3326 3327/3327
f 3091/3091 3084/3084 3329/3329
f 3091/3091 3329/3329 3327/3327
f 3331/3331 3330/3330 3328/3328
f 3331/3331 3328/3328 3329/3329
f 3084/3084 3085/3085 3331/3331
f 3084/3084 3331/3331 3329/3329
f 3333/3333 3332/3332 3330/3330
f 3333/3333 3330/3330 3331/3331
f 3085/3085 3078/3078 3333/3333
f 3085/3085 3333/3333 3331/3331
f 3335/3335 3334/3334 3332/3332
f 3335/3335 3332/3332 3333/3333
f 3078/3078 3079/3079 3335/3335
f 3078/3078 3335/3335 3333/3333
f 3337/3337 3336/3336 3334/3334
f 3337/3337 3334/3334 3335/3335
f 3079/3079 3072/3072 3337/3337
f 3079/3079 3337/3337 3335/3335
f 3339/3339 3338/3338 3336/3336
f 3339/3339 3336/3336 3337/3337
f 3072/3072 3073/3073 3339/3339
f 3072/3072 3339/3339 3337/3337
f 3341/3341 3340/3340 3338/3338
f 3341/3341 3338/3338 3339/3339
f 3073/3073 3066/3066 3341/3341
f 3073/3073 3341/3341 3339/3339
f 3343/3343 3342/3342 3340/3340
f 3343/3343 3340/3340 3341/3341
f 3066/3066 3067/3067 3343/3343
f 3066/3066 3343/3343 3341/3341
f 3345/3345 3344/3344 3342/3342
f 3345/3345 3342/3342 3343/3343
f 3067/3067 3060/3060 3345/3345
f 3067/3067 3345/3345 3343/3343
f 3347/3347 3346/3346 3344/3344
f 3347/3347 3344/3344 3345/3345
f 3060/3060 3061/3061 3347/3347
f 3060/3060 3347/3347 3345/3345
f 3349/3349 3348/3348 3346/3346
f 3349/3349 3346/3346 3347/3347
f 3061/3061 3054/3054 3349/3349
f 3061/3061 3349/3349 3347/3347
f 3050/3050 3350/3350 3348/3348
f 3050/3050 3348/3348 3349/3349
f 3054/3054 3049/3049 3050/3050
f 3054/3054 3050/3050 3349/3349
f 3352/3352 3351/3351 3348/3348
f 3352/3352 3348/3348 3350/3350
f 3046/3046 3353/3353 3352/3352
f 3046/3046 3352/3352 3350/3350
f 3050/3050 3045/3045 3046/3046
f 3050/3050 3046/3046 3350/3350
f 3355/3355 3354/3354 3352/3352
f 3355/3355 3352/3352 3353/3353
f 3042/3042 3356/3356 3355/3355
f 3042/3042 3355/3355 3353/3353
f 3046/3046 3041/3041 3042/3042
f 3046/3046 3042/3042 3353/3353
f 3358/3358 3357/3357 3355/3355
f 3358/3358 3355/3355 3356/3356
f 3038/3038 3359/3359 3358/3358
f 3038/3038 3358/3358 3356/3356
f 3042/3042 3037/3037 3038/3038
f 3042/3042 3038/3038 3356/3356
f 3361/3361 3360/3360 3358/3358
f 3361/3361 3358/3358 3359/3359
f 3034/3034 3362/3362 3361/3361
f 3034/3034 3361/3361 3359/3359
f 3038/3038 3033/3033 3034/3034
f 3038/3038 3034/3034 3359/3359
f 3364/3364 3363/3363 3361/3361
f 3364/3364 3361/3361 3362/3362
f 3030/3030 3365/3365 3364/3364
f 3030/3030 3364/3364 3362/3362
f 3034/3034 3029/3029 3030/3030
f 3034/3034 3030/3030 3362/3362
f 3367/3367 3366/3366 3364/3364
f 3367/3367 3364/3364 3365/3365
f 3026/3026 3368/3368 3367/3367
f 3026/3026 3367/3367 3365/3365
f 3030/3030 3025/3025 3026/3026
f 3030/3030 3026/3026 3365/3365
f 3370/3370 3369/3369 3367/3367
f 3370/3370 3367/3367 3368/3368
f 3022/3022 3371/3371 3370/3370
f 3022/3022 3370/3370 3368/3368
f 3026/3026 3021/3021 3022/3022
f 3026/3026 3022/3022 3368/3368
f 3373/3373 3372/3372 3370/3370
f 3373/3373 3370/3370 3371/3371
f 3375/3375 3374/3374 3373/3373
f 3375/3375 3373/3373 3371/3371
f 3022/3022 3023/3023 3375/3375
f 3022/3022 3375/3375 3371/3371
f 29/29 3376/3376 3374/3374
f 29/29 3374/3374 3375/3375
f 3023/3023 28/28 29/29
f 3023/3023 29/29 3375/3375
f 2629/2629 23/23 3374/3374
f 2629/2629 3374/3374 3376/3376
f 2626/2626 2627/2627 2629/2629
f 2626/2626 2629/2629 3376/3376
f 29/29 25/25 2626/2626
f 29/29 2626/2626 3376/3376
f 23/23 24/24 3373/3373
f 23/23 3373/3373 3374/3374
f 24/24 3377/3377 3372/3372
f 24/24 3372/3372 3373/3373
f 22/22 3379/3379 3378/3378
f 22/22 3378/3378 3377/3377
f 24/24 3/3 22/22
f 24/24 22/22 3377/3377
f 3378/3378 3380/3380 3372/3372
f 3378/3378 3372/3372 3377/3377
f 3369/3369 3370/3370 3372/3372
f 3369/3369 3372/3372 3380/3380
f 3382/3382 3381/3381 3369/3369
f 3382/3382 3369/3369 3380/3380
f 3378/3378 3383/3383 3382/3382
f 3378/3378 3382/3382 3380/3380
f 3378/3378 3379/3379 3384/3384
f 3378/3378 3384/3384 3383/3383
f 3386/3386 3385/3385 3382/3382
f 3386/3386 3382/3382 3383/3383
f 3384/3384 3387/3387 3386/3386
f 3384/3384 3386/3386 3383/3383
f 3384/3384 3389/3389 3388/3388
f 3384/3384 3388/3388 3387/3387
f 3391/3391 3390/3390 3386/3386
f 3391/3391 3386/3386 3387/3387
f 3388/3388 3392/3392 3391/3391
f 3388/3388 3391/3391 3387/3387
f 3388/3388 3394/3394 3393/3393
f 3388/3388 3393/3393 3392/3392
f 3396/3396 3395/3395 3391/3391
f 3396/3396 3391/3391 3392/3392
f 3393/3393 3397/3397 3396/3396
f 3393/3393 3396/3396 3392/3392
f 3393/3393 3399/3399 3398/3398
f 3393/3393 3398/3398 3397/3397
f 3401/3401 3400/3400 3396/3396
f 3401/3401 3396/3396 3397/3397
f 3398/3398 3402/3402 3401/3401
f 3398/3398 3401/3401 3397/3397
f 3398/3398 3404/3404 3403/3403
f 3398/3398 3403/3403 3402/3402
f 3406/3406 3405/3405 3401/3401
f 3406/3406 3401/3401 3402/3402
f 3403/3403 3407/3407 3406/3406
f 3403/3403 3406/3406 3402/3402
f 3403/3403 3409/3409 3408/3408
f 3403/3403 3408/3408 3407/3407
f 3411/3411 3410/3410 3406/3406
f 3411/3411 3406/3406 3407/3407
f 3408/3408 3412/3412 3411/3411
f 3408/3408 3411/3411 3407/3407
f 3408/3408 3414/3414 3413/3413
f 3408/3408 3413/3413 3412/3412
f 3416/3416 3415/3415 3411/3411
f 3416/3416 3411/3411 3412/3412
f 3413/3413 3417/3417 3416/3416
f 3413/3413 3416/3416 3412/3412
f 3413/3413 3419/3419 3418/3418
f 3413/3413 3418/3418 3417/3417
f 3421/3421 3420/3420 3416/3416
f 3421/3421 3416/3416 3417/3417
f 3418/3418 3422/3422 3421/3421
f 3418/3418 3421/3421 3417/3417
f 3418/3418 3424/3424 3423/3423
f 3418/3418 3423/3423 3422/3422
f 3426/3426 3425/3425 3421/3421
f 3426/3426 3421/3421 3422/3422
f 3423/3423 3427/3427 3426/3426
f 3423/3423 3426/3426 3422/3422
f 3423/3423 3429/3429 3428/3428
f 3423/3423 3428/3428 3427/3427
f 3431/3431 3430/3430 3426/3426
f 3431/3431 3426/3426 3427/3427
f 3428/3428 3432/3432 3431/3431
f 3428/3428 3431/3431 3427/3427
f 3428/3428 3434/3434 3433/3433
f 3428/3428 3433/3433 3432/3432
f 3436/3436 3435/3435 3431/3431
f 3436/3436 3431/3431 3432/3432
f 3433/3433 3437/3437 3436/3436
f 3433/3433 3436/3436 3432/3432
f 3433/3433 3439/3439 3438/3438
f 3433/3433 3438/3438 3437/3437
f 3441/3441 3440/3440 3436/3436
f 3441/3441 3436/3436 3437/3437
f 3438/3438 3442/3442 3441/3441
f 3438/3438 3441/3441 3437/3437
f 3438/3438 3444/3444 3443/3443
f 3438/3438 3443/3443 3442/3442
f 3446/3446 3445/3445 3441/3441
f 3446/3446 3441/3441 3442/3442
f 3443/3443 3447/3447 3446/3446
f 3443/3443 3446/3446 3442/3442
f 3443/3443 3449/3449 3448/3448
f 3443/3443 3448/3448 3447/3447
f 3451/3451 3450/3450 3446/3446
f 3451/3451 3446/3446 3447/3447
f 3448/3448 3452/3452 3451/3451
f 3448/3448 3451/3451 3447/3447
f 3448/3448 3454/3454 3453/3453
f 3448/3448 3453/3453 3452/3452
f 3456/3456 3455/3455 3451/3451
f 3456/3456 3451/3451 3452/3452
f 3453/3453 3457/3457 3456/3456
f 3453/3453 3456/3456 3452/3452
f 3453/3453 3459/3459 3458/3458
f 3453/3453 3458/3458 3457/3457
f 3461/3461 3460/3460 3456/3456
f 3461/3461 3456/3456 3457/3457
f 3458/3458 3462/3462 3461/3461
f 3458/3458 3461/3461 3457/3457
f 3458/3458 3464/3464 3463/3463
f 3458/3458 3463/3463 3462/3462
f 3466/3466 3465/3465 3461/3461
f 3466/3466 3461/3461 3462/3462
f 3463/3463 3467/3467 3466/3466
f 3463/3463 3466/3466 3462/3462
f 3463/3463 3469/3469 3468/3468
f 3463/3463 3468/3468 3467/3467
f 3471/3471 3470/3470 3466/3466
f 3471/3471 3466/3466 3467/3467
f 3468/3468 3472/3472 3471/3471
f 3468/3468 3471/3471 3467/3467
f 3468/3468 3474/3474 3473/3473
f 3468/3468 3473/3473 3472/3472
f 3476/3476 3475/3475 3471/3471
f 3476/3476 3471/3471 3472/3472
f 3473/3473 3477/3477 3476/3476
f 3473/3473 3476/3476 3472/3472
f 3473/3473 3479/3479 3478/3478
f 3473/3473 3478/3478 3477/3477
f 3482/3482 3480/3480 3476/3476
f 3482/3482 3476/3476 3477/3477
f 3478/3478 3483/3483 3482/3482
f 3478/3478 3482/3482 3477/3477
f 3478/3478 3485/3485 3484/3484
f 3478/3478 3484/3484 3483/3483
f 3487/3487 3486/3486 3482/3482
f 3487/3487 3482/3482 3483/3483
f 3484/3484 3488/3488 3487/3487
f 3484/3484 3487/3487 3483/3483
f 3484/3484 3490/3490 3489/3489
f 3484/3484 3489/3489 3488/3488
f 3492/3492 3491/3491 3487/3487
f 3492/3492 3487/3487 3488/3488
f 3489/3489 3493/3493 3492/3492
f 3489/3489 3492/3492 3488/3488
f 3489/3489 3495/3495 3494/3494
f 3489/3489 3494/3494 3493/3493
f 3497/3497 3496/3496 3492/3492
f 3497/3497 3492/3492 3493/3493
f 3494/3494 3498/3498 3497/3497
f 3494/3494 3497/3497 3493/3493
f 3494/3494 3500/3500 3499/3499
f 3494/3494 3499/3499 3498/3498
f 3502/3502 3501/3501 3497/3497
f 3502/3502 3497/3497 3498/3498
f 3499/3499 3503/3503 3502/3502
f 3499/3499 3502/3502 3498/3498
f 3499/3499 3505/3505 3504/3504
f 3499/3499 3504/3504 3503/3503
f 3507/3507 3506/3506 3502/3502
f 3507/3507 3502/3502 3503/3503
f 3504/3504 3508/3508 3507/3507
f 3504/3504 3507/3507 3503/3503
f 3504/3504 3510/3510 3509/3509
f 3504/3504 3509/3509 3508/3508
f 3512/3512 3511/3511 3507/3507
f 3512/3512 3507/3507 3508/3508
f 3509/3509 3513/3513 3512/3512
f 3509/3509 3512/3512 3508/3508
f 3509/3509 3515/3515 3514/3514
f 3509/3509 3514/3514 3513/3513
f 3517/3517 3516/3516 3512/3512
f 3517/3517 3512/3512 3513/3513
f 3514/3514 3518/3518 3517/3517
f 3514/3514 3517/3517 3513/3513
f 3514/3514 3520/3520 3519/3519
f 3514/3514 3519/3519 3518/3518
f 3522/3522 3521/3521 3517/3517
f 3522/3522 3517/3517 3518/3518
f 3519/3519 3523/3523 3522/3522
f 3519/3519 3522/3522 3518/3518
f 3519/3519 3525/3525 3524/3524
f 3519/3519 3524/3524 3523/3523
f 3527/3527 3526/3526 3522/3522
f 3527/3527 3522/3522 3523/3523
f 3524/3524 3528/3528 3527/3527
f 3524/3524 3527/3527 3523/3523
f 3524/3524 3530/3530 3529/3529
f 3524/3524 3529/3529 3528/3528
f 3532/3532 3531/3531 3527/3527
f 3532/3532 3527/3527 3528/3528
f 3529/3529 3533/3533 3532/3532
f 3529/3529 3532/3532 3528/3528
f 3529/3529 3535/3535 3534/3534
f 3529/3529 3534/3534 3533/3533
f 3537/3537 3536/3536 3532/3532
f 3537/3537 3532/3532 3533/3533
f 3534/3534 3538/3538 3537/3537
f 3534/3534 3537/3537 3533/3533
f 3534/3534 3540/3540 3539/3539
f 3534/3534 3539/3539 3538/3538
f 3542/3542 3541/3541 3537/3537
f 3542/3542 3537/3537 3538/3538
f 3539/3539 3543/3543 3542/3542
f 3539/3539 3542/3542 3538/3538
f 3539/3539 3545/3545 3544/3544
f 3539/3539 3544/3544 3543/3543
f 3547/3547 3546/3546 3542/3542
f 3547/3547 3542/3542 3543/3543
f 3544/3544 3548/3548 3547/3547
f 3544/3544 3547/3547 3543/3543
f 3544/3544 3550/3550 3549/3549
f 3544/3544 3549/3549 3548/3548
f 3552/3552 3551/3551 3547/3547
f 3552/3552 3547/3547 3548/3548
f 3549/3549 3553/3553 3552/3552
f 3549/3549 3552/3552 3548/3548
f 3549/3549 3555/3555 3554/3554
f 3549/3549 3554/3554 3553/3553
f 3557/3557 3556/3556 3552/3552
f 3557/3557 3552/3552 3553/3553
f 3554/3554 3558/3558 3557/3557
f 3554/3554 3557/3557 3553/3553
f 3560/3560 3559/3559 3557/3557
f 3560/3560 3557/3557 3558/3558
f 3276/3276 3278/3278 3560/3560
f 3276/3276 3560/3560 3558/3558
f 3554/3554 3275/3275 3276/3276
f 3554/3554 3276/3276 3558/3558
f 3562/3562 3561/3561 3559/3559
f 3562/3562 3559/3559 3560/3560
f 3278/3278 3280/3280 3562/3562
f 3278/3278 3562/3562 3560/3560
f 3564/3564 3563/3563 3561/3561
f 3564/3564 3561/3561 3562/3562
f 3280/3280 3282/3282 3564/3564
f 3280/3280 3564/3564 3562/3562
f 3566/3566 3565/3565 3563/3563
f 3566/3566 3563/3563 3564/3564
f 3282/3282 3284/3284 3566/3566
f 3282/3282 3566/3566 3564/3564
f 3568/3568 3567/3567 3565/3565
f 3568/3568 3565/3565 3566/3566
f 3284/3284 3286/3286 3568/3568
f 3284/3284 3568/3568 3566/3566
f 3570/3570 3569/3569 3567/3567
f 3570/3570 3567/3567 3568/3568
f 3286/3286 3288/3288 3570/3570
f 3286/3286 3570/3570 3568/3568
f 3572/3572 3571/3571 3569/3569
f 3572/3572 3569/3569 3570/3570
f 3288/3288 3290/3290 3572/3572
f 3288/3288 3572/3572 3570/3570
f 3574/3574 3573/3573 3571/3571
f 3574/3574 3571/3571 3572/3572
f 3290/3290 3292/3292 3574/3574
f 3290/3290 3574/3574 3572/3572
f 3576/3576 3575/3575 3573/3573
f 3576/3576 3573/3573 3574/3574
f 3292/3292 3294/3294 3576/3576
f 3292/3292 3576/3576 3574/3574
f 3577/3577 3575/3575 3576/3576
f 3294/3294 3296/3296 3577/3577
f 3294/3294 3577/3577 3576/3576
f 3581/3581 3580/3580 3579/3579
f 3583/3583 3582/3582 3580/3580
f 3583/3583 3580/3580 3581/3581
f 3585/3585 3584/3584 3582/3582
f 3585/3585 3582/3582 3583/3583
f 3587/3587 3586/3586 3584/3584
f 3587/3587 3584/3584 3585/3585
f 3298/3298 3299/3299 3587/3587
f 3298/3298 3587/3587 3585/3585
f 3589/3589 3588/3588 3586/3586
f 3589/3589 3586/3586 3587/3587
f 3299/3299 3300/3300 3589/3589
f 3299/3299 3589/3589 3587/3587
f 3591/3591 3590/3590 3588/3588
f 3591/3591 3588/3588 3589/3589
f 3300/3300 3302/3302 3591/3591
f 3300/3300 3591/3591 3589/3589
f 3593/3593 3592/3592 3590/3590
f 3593/3593 3590/3590 3591/3591
f 3302/3302 3304/3304 3593/3593
f 3302/3302 3593/3593 3591/3591
f 3595/3595 3594/3594 3592/3592
f 3595/3595 3592/3592 3593/3593
f 3304/3304 3306/3306 3595/3595
f 3304/3304 3595/3595 3593/3593
f 3597/3597 3596/3596 3594/3594
f 3597/3597 3594/3594 3595/3595
f 3306/3306 3308/3308 3597/3597
f 3306/3306 3597/3597 3595/3595
f 3599/3599 3598/3598 3596/3596
f 3599/3599 3596/3596 3597/3597
f 3308/3308 3310/3310 3599/3599
f 3308/3308 3599/3599 3597/3597
f 3601/3601 3600/3600 3598/3598
f 3601/3601 3598/3598 3599/3599
f 3310/3310 3312/3312 3601/3601
f 3310/3310 3601/3601 3599/3599
f 3603/3603 3602/3602 3600/3600
f 3603/3603 3600/3600 3601/3601
f 3312/3312 3314/3314 3603/3603
f 3312/3312 3603/3603 3601/3601
f 3605/3605 3604/3604 3602/3602
f 3605/3605 3602/3602 3603/3603
f 3314/3314 3316/3316 3605/3605
f 3314/3314 3605/3605 3603/3603
f 3607/3607 3606/3606 3604/3604
f 3607/3607 3604/3604 3605/3605
f 3316/3316 3318/3318 3607/3607
f 3316/3316 3607/3607 3605/3605
f 3609/3609 3608/3608 3606/3606
f 3609/3609 3606/3606 3607/3607
f 3318/3318 3320/3320 3609/3609
f 3318/3318 3609/3609 3607/3607
f 3611/3611 3610/3610 3608/3608
f 3611/3611 3608/3608 3609/3609
f 3320/3320 3322/3322 3611/3611
f 3320/3320 3611/3611 3609/3609
f 3613/3613 3612/3612 3610/3610
f 3613/3613 3610/3610 3611/3611
f 3322/3322 3324/3324 3613/3613
f 3322/3322 3613/3613 3611/3611
f 3615/3615 3614/3614 3612/3612
f 3615/3615 3612/3612 3613/3613
f 3324/3324 3326/3326 3615/3615
f 3324/3324 3615/3615 3613/3613
f 3617/3617 3616/3616 3614/3614
f 3617/3617 3614/3614 3615/3615
f 3326/3326 3328/3328 3617/3617
f 3326/3326 3617/3617 3615/3615
f 3619/3619 3618/3618 3616/3616
f 3619/3619 3616/3616 3617/3617
f 3328/3328 3330/3330 3619/3619
f 3328/3328 3619/3619 3617/3617
f 3621/3621 3620/3620 3618/3618
f 3621/3621 3618/3618 3619/3619
f 3330/3330 3332/3332 3621/3621
f 3330/3330 3621/3621 3619/3619
f 3623/3623 3622/3622 3620/3620
f 3623/3623 3620/3620 3621/3621
f 3332/3332 3334/3334 3623/3623
f 3332/3332 3623/3623 3621/3621
f 3625/3625 3624/3624 3622/3622
f 3625/3625 3622/3622 3623/3623
f 3334/3334 3336/3336 3625/3625
f 3334/3334 3625/3625 3623/3623
f 3627/3627 3626/3626 3624/3624
f 3627/3627 3624/3624 3625/3625
f 3336/3336 3338/3338 3627/3627
f 3336/3336 3627/3627 3625/3625
f 3629/3629 3628/3628 3626/3626
f 3629/3629 3626/3626 3627/3627
f 3338/3338 3340/3340 3629/3629
f 3338/3338 3629/3629 3627/3627
f 3631/3631 3630/3630 3628/3628
f 3631/3631 3628/3628 3629/3629
f 3340/3340 3342/3342 3631/3631
f 3340/3340 3631/3631 3629/3629
f 3633/3633 3632/3632 3630/3630
f 3633/3633 3630/3630 3631/3631
f 3342/3342 3344/3344 3633/3633
f 3342/3342 3633/3633 3631/3631
f 3635/3635 3634/3634 3632/3632
f 3635/3635 3632/3632 3633/3633
f 3344/3344 3346/3346 3635/3635
f 3344/3344 3635/3635 3633/3633
f 3351/3351 3636/3636 3634/3634
f 3351/3351 3634/3634 3635/3635
f 3346/3346 3348/3348 3351/3351
f 3346/3346 3351/3351 3635/3635
f 3638/3638 3637/3637 3634/3634
f 3638/3638 3634/3634 3636/3636
f 3354/3354 3639/3639 3638/3638
f 3354/3354 3638/3638 3636/3636
f 3351/3351 3352/3352 3354/3354
f 3351/3351 3354/3354 3636/3636
f 3641/3641 3640/3640 3638/3638
f 3641/3641 3638/3638 3639/3639
f 3357/3357 3642/3642 3641/3641
f 3357/3357 3641/3641 3639/3639
f 3354/3354 3355/3355 3357/3357
f 3354/3354 3357/3357 3639/3639
f 3644/3644 3643/3643 3641/3641
f 3644/3644 3641/3641 3642/3642
f 3360/3360 3645/3645 3644/3644
f 3360/3360 3644/3644 3642/3642
f 3357/3357 3358/3358 3360/3360
f 3357/3357 3360/3360 3642/3642
f 3647/3647 3646/3646 3644/3644
f 3647/3647 3644/3644 3645/3645
f 3363/3363 3648/3648 3647/3647
f 3363/3363 3647/3647 3645/3645
f 3360/3360 3361/3361 3363/3363
f 3360/3360 3363/3363 3645/3645
f 3650/3650 3649/3649 3647/3647
f 3650/3650 3647/3647 3648/3648
f 3366/3366 3381/3381 3650/3650
f 3366/3366 3650/3650 3648/3648
f 3363/3363 3364/3364 3366/3366
f 3363/3363 3366/3366 3648/3648
f 3381/3381 3382/3382 3385/3385
f 3381/3381 3385/3385 3650/3650
f 3385/3385 3651/3651 3649/3649
f 3385/3385 3649/3649 3650/3650
f 3385/3385 3386/3386 3390/3390
f 3385/3385 3390/3390 3651/3651
f 3653/3653 3652/3652 3649/3649
f 3653/3653 3649/3649 3651/3651
f 3390/3390 3654/3654 3653/3653
f 3390/3390 3653/3653 3651/3651
f 3390/3390 3391/3391 3395/3395
f 3390/3390 3395/3395 3654/3654
f 3656/3656 3655/3655 3653/3653
f 3656/3656 3653/3653 3654/3654
f 3395/3395 3657/3657 3656/3656
f 3395/3395 3656/3656 3654/3654
f 3395/3395 3396/3396 3400/3400
f 3395/3395 3400/3400 3657/3657
f 3659/3659 3658/3658 3656/3656
f 3659/3659 3656/3656 3657/3657
f 3400/3400 3660/3660 3659/3659
f 3400/3400 3659/3659 3657/3657
f 3400/3400 3401/3401 3405/3405
f 3400/3400 3405/3405 3660/3660
f 3662/3662 3661/3661 3659/3659
f 3662/3662 3659/3659 3660/3660
f 3405/3405 3663/3663 3662/3662
f 3405/3405 3662/3662 3660/3660
f 3405/3405 3406/3406 3410/3410
f 3405/3405 3410/3410 3663/3663
f 3665/3665 3664/3664 3662/3662
f 3665/3665 3662/3662 3663/3663
f 3410/3410 3666/3666 3665/3665
f 3410/3410 3665/3665 3663/3663
f 3410/3410 3411/3411 3415/3415
f 3410/3410 3415/3415 3666/3666
f 3668/3668 3667/3667 3665/3665
f 3668/3668 3665/3665 3666/3666
f 3415/3415 3669/3669 3668/3668
f 3415/3415 3668/3668 3666/3666
f 3415/3415 3416/3416 3420/3420
f 3415/3415 3420/3420 3669/3669
f 3671/3671 3670/3670 3668/3668
f 3671/3671 3668/3668 3669/3669
f 3420/3420 3672/3672 3671/3671
f 3420/3420 3671/3671 3669/3669
f 3420/3420 3421/3421 3425/3425
f 3420/3420 3425/3425 3672/3672
f 3674/3674 3673/3673 3671/3671
f 3674/3674 3671/3671 3672/3672
f 3425/3425 3675/3675 3674/3674
f 3425/3425 3674/3674 3672/3672
f 3425/3425 3426/3426 3430/3430
f 3425/3425 3430/3430 3675/3675
f 3677/3677 3676/3676 3674/3674
f 3677/3677 3674/3674 3675/3675
f 3430/3430 3678/3678 3677/3677
f 3430/3430 3677/3677 3675/3675
f 3430/3430 3431/3431 3435/3435
f 3430/3430 3435/3435 3678/3678
f 3680/3680 3679/3679 3677/3677
f 3680/3680 3677/3677 3678/3678
f 3435/3435 3681/3681 3680/3680
f 3435/3435 3680/3680 3678/3678
f 3435/3435 3436/3436 3440/3440
f 3435/3435 3440/3440 3681/3681
f 3683/3683 3682/3682 3680/3680
f 3683/3683 3680/3680 3681/3681
f 3440/3440 3684/3684 3683/3683
f 3440/3440 3683/3683 3681/3681
f 3440/3440 3441/3441 3445/3445
f 3440/3440 3445/3445 3684/3684
f 3686/3686 3685/3685 3683/3683
f 3686/3686 3683/3683 3684/3684
f 3445/3445 3687/3687 3686/3686
f 3445/3445 3686/3686 3684/3684
f 3445/3445 3446/3446 3450/3450
f 3445/3445 3450/3450 3687/3687
f 3689/3689 3688/3688 3686/3686
f 3689/3689 3686/3686 3687/3687
f 3450/3450 3690/3690 3689/3689
f 3450/3450 3689/3689 3687/3687
f 3450/3450 3451/3451 3455/3455
f 3450/3450 3455/3455 3690/3690
f 3692/3692 3691/3691 3689/3689
f 3692/3692 3689/3689 3690/3690
f 3455/3455 3693/3693 3692/3692
f 3455/3455 3692/3692 3690/3690
f 3455/3455 3456/3456 3460/3460
f 3455/3455 3460/3460 3693/3693
f 3695/3695 3694/3694 3692/3692
f 3695/3695 3692/3692 3693/3693
f 3460/3460 3696/3696 3695/3695
f 3460/3460 3695/3695 3693/3693
f 3460/3460 3461/3461 3465/3465
f 3460/3460 3465/3465 3696/3696
f 3698/3698 3697/3697 3695/3695
f 3698/3698 3695/3695 3696/3696
f 3465/3465 3699/3699 3698/3698
f 3465/3465 3698/3698 3696/3696
f 3465/3465 3466/3466 3470/3470
f 3465/3465 3470/3470 3699/3699
f 3701/3701 3700/3700 3698/3698
f 3701/3701 3698/3698 3699/3699
f 3470/3470 3702/3702 3701/3701
f 3470/3470 3701/3701 3699/3699
f 3470/3470 3471/3471 3475/3475
f 3470/3470 3475/3475 3702/3702
f 3704/3704 3703/3703 3701/3701
f 3704/3704 3701/3701 3702/3702
f 3475/3475 3705/3705 3704/3704
f 3475/3475 3704/3704 3702/3702
f 3475/3475 3476/3476 3481/3481
f 3475/3475 3481/3481 3705/3705
f 3707/3707 3706/3706 3704/3704
f 3707/3707 3704/3704 3705/3705
f 3481/3481 3708/3708 3707/3707
f 3481/3481 3707/3707 3705/3705
f 3480/3480 3482/3482 3486/3486
f 3480/3480 3486/3486 3709/3709
f 3712/3712 3710/3710 3707/3707
f 3712/3712 3707/3707 3708/3708
f 3486/3486 3713/3713 3711/3711
f 3486/3486 3711/3711 3709/3709
f 3486/3486 3487/3487 3491/3491
f 3486/3486 3491/3491 3713/3713
f 3716/3716 3714/3714 3711/3711
f 3716/3716 3711/3711 3713/3713
f 3491/3491 3717/3717 3716/3716
f 3491/3491 3716/3716 3713/3713
f 3491/3491 3492/3492 3496/3496
f 3491/3491 3496/3496 3717/3717
f 3719/3719 3718/3718 3716/3716
f 3719/3719 3716/3716 3717/3717
f 3496/3496 3720/3720 3719/3719
f 3496/3496 3719/3719 3717/3717
f 3496/3496 3497/3497 3501/3501
f 3496/3496 3501/3501 3720/3720
f 3722/3722 3721/3721 3719/3719
f 3722/3722 3719/3719 3720/3720
f 3501/3501 3723/3723 3722/3722
f 3501/3501 3722/3722 3720/3720
f 3501/3501 3502/3502 3506/3506
f 3501/3501 3506/3506 3723/3723
f 3725/3725 3724/3724 3722/3722
f 3725/3725 3722/3722 3723/3723
f 3506/3506 3726/3726 3725/3725
f 3506/3506 3725/3725 3723/3723
f 3506/3506 3507/3507 3511/3511
f 3506/3506 3511/3511 3726/3726
f 3728/3728 3727/3727 3725/3725
f 3728/3728 3725/3725 3726/3726
f 3511/3511 3729/3729 3728/3728
f 3511/3511 3728/3728 3726/3726
f 3511/3511 3512/3512 3516/3516
f 3511/3511 3516/3516 3729/3729
f 3731/3731 3730/3730 3728/3728
f 3731/3731 3728/3728 3729/3729
f 3516/3516 3732/3732 3731/3731
f 3516/3516 3731/3731 3729/3729
f 3516/3516 3517/3517 3521/3521
f 3516/3516 3521/3521 3732/3732
f 3734/3734 3733/3733 3731/3731
f 3734/3734 3731/3731 3732/3732
f 3521/3521 3735/3735 3734/3734
f 3521/3521 3734/3734 3732/3732
f 3521/3521 3522/3522 3526/3526
f 3521/3521 3526/3526 3735/3735
f 3737/3737 3736/3736 3734/3734
f 3737/3737 3734/3734 3735/3735
f 3526/3526 3738/3738 3737/3737
f 3526/3526 3737/3737 3735/3735
f 3526/3526 3527/3527 3531/3531
f 3526/3526 3531/3531 3738/3738
f 3740/3740 3739/3739 3737/3737
f 3740/3740 3737/3737 3738/3738
f 3531/3531 3741/3741 3740/3740
f 3531/3531 3740/3740 3738/3738
f 3531/3531 3532/3532 3536/3536
f 3531/3531 3536/3536 3741/3741
f 3743/3743 3742/3742 3740/3740
f 3743/3743 3740/3740 3741/3741
f 3536/3536 3744/3744 3743/3743
f 3536/3536 3743/3743 3741/3741
f 3536/3536 3537/3537 3541/3541
f 3536/3536 3541/3541 3744/3744
f 3746/3746 3745/3745 3743/3743
f 3746/3746 3743/3743 3744/3744
f 3541/3541 3747/3747 3746/3746
f 3541/3541 3746/3746 3744/3744
f 3541/3541 3542/3542 3546/3546
f 3541/3541 3546/3546 3747/3747
f 3749/3749 3748/3748 3746/3746
f 3749/3749 3746/3746 3747/3747
f 3546/3546 3750/3750 3749/3749
f 3546/3546 3749/3749 3747/3747
f 3546/3546 3547/3547 3551/3551
f 3546/3546 3551/3551 3750/3750
f 3752/3752 3751/3751 3749/3749
f 3752/3752 3749/3749 3750/3750
f 3551/3551 3753/3753 3752/3752
f 3551/3551 3752/3752 3750/3750
f 3551/3551 3552/3552 3556/3556
f 3551/3551 3556/3556 3753/3753
f 3755/3755 3754/3754 3752/3752
f 3755/3755 3752/3752 3753/3753
f 3556/3556 3756/3756 3755/3755
f 3556/3556 3755/3755 3753/3753
f 3556/3556 3557/3557 3559/3559
f 3556/3556 3559/3559 3756/3756
f 3758/3758 3757/3757 3755/3755
f 3758/3758 3755/3755 3756/3756
f 3559/3559 3561/3561 3758/3758
f 3559/3559 3758/3758 3756/3756
f 3760/3760 3759/3759 3757/3757
f 3760/3760 3757/3757 3758/3758
f 3561/3561 3563/3563 3760/3760
f 3561/3561 3760/3760 3758/3758
f 3762/3762 3761/3761 3759/3759
f 3762/3762 3759/3759 3760/3760
f 3563/3563 3565/3565 3762/3762
f 3563/3563 3762/3762 3760/3760
f 3764/3764 3763/3763 3761/3761
f 3764/3764 3761/3761 3762/3762
f 3565/3565 3567/3567 3764/3764
f 3565/3565 3764/3764 3762/3762
f 3766/3766 3765/3765 3763/3763
f 3766/3766 3763/3763 3764/3764
f 3567/3567 3569/3569 3766/3766
f 3567/3567 3766/3766 3764/3764
f 3768/3768 3767/3767 3765/3765
f 3768/3768 3765/3765 3766/3766
f 3569/3569 3571/3571 3768/3768
f 3569/3569 3768/3768 3766/3766
f 3770/3770 3769/3769 3767/3767
f 3770/3770 3767/3767 3768/3768
f 3571/3571 3573/3573 3770/3770
f 3571/3571 3770/3770 3768/3768
f 3771/3771 3769/3769 3770/3770
f 3573/3573 3575/3575 3771/3771
f 3573/3573 3771/3771 3770/3770
f 3775/3775 3774/3774 3772/3772
f 3775/3775 3772/3772 3773/3773
f 3777/3777 3776/3776 3774/3774
f 3777/3777 3774/3774 3775/3775
f 3779/3779 3778/3778 3776/3776
f 3779/3779 3776/3776 3777/3777
f 3781/3781 3780/3780 3778/3778
f 3781/3781 3778/3778 3779/3779
f 3578/3578 3579/3579 3781/3781
f 3578/3578 3781/3781 3779/3779
f 3783/3783 3782/3782 3780/3780
f 3783/3783 3780/3780 3781/3781
f 3579/3579 3580/3580 3783/3783
f 3579/3579 3783/3783 3781/3781
f 3785/3785 3784/3784 3782/3782
f 3785/3785 3782/3782 3783/3783
f 3580/3580 3582/3582 3785/3785
f 3580/3580 3785/3785 3783/3783
f 3787/3787 3786/3786 3784/3784
f 3787/3787 3784/3784 3785/3785
f 3582/3582 3584/3584 3787/3787
f 3582/3582 3787/3787 3785/3785
f 3789/3789 3788/3788 3786/3786
f 3789/3789 3786/3786 3787/3787
f 3584/3584 3586/3586 3789/3789
f 3584/3584 3789/3789 3787/3787
f 3791/3791 3790/3790 3788/3788
f 3791/3791 3788/3788 3789/3789
f 3586/3586 3588/3588 3791/3791
f 3586/3586 3791/3791 3789/3789
f 3793/3793 3792/3792 3790/3790
f 3793/3793 3790/3790 3791/3791
f 3588/3588 3590/3590 3793/3793
f 3588/3588 3793/3793 3791/3791
f 3795/3795 3794/3794 3792/3792
f 3795/3795 3792/3792 3793/3793
f 3590/3590 3592/3592 3795/3795
f 3590/3590 3795/3795 3793/3793
f 3797/3797 3796/3796 3794/3794
f 3797/3797 3794/3794 3795/3795
f 3592/3592 3594/3594 3797/3797
f 3592/3592 3797/3797 3795/3795
f 3799/3799 3798/3798 3796/3796
f 3799/3799 3796/3796 3797/3797
f 3594/3594 3596/3596 3799/3799
f 3594/3594 3799/3799 3797/3797
f 3801/3801 3800/3800 3798/3798
f 3801/3801 3798/3798 3799/3799
f 3596/3596 3598/3598 3801/3801
f 3596/3596 3801/3801 3799/3799
f 3803/3803 3802/3802 3800/3800
f 3803/3803 3800/3800 3801/3801
f 3598/3598 3600/3600 3803/3803
f 3598/3598 3803/3803 3801/3801
f 3805/3805 3804/3804 3802/3802
f 3805/3805 3802/3802 3803/3803
f 3600/3600 3602/3602 3805/3805
f 3600/3600 3805/3805 3803/3803
f 3807/3807 3806/3806 3804/3804
f 3807/3807 3804/3804 3805/3805
f 3602/3602 3604/3604 3807/3807
f 3602/3602 3807/3807 3805/3805
f 3809/3809 3808/3808 3806/3806
f 3809/3809 3806/3806 3807/3807
f 3604/3604 3606/3606 3809/3809
f 3604/3604 3809/3809 3807/3807
f 3811/3811 3810/3810 3808/3808
f 3811/3811 3808/3808 3809/3809
f 3606/3606 3608/3608 3811/3811
f 3606/3606 3811/3811 3809/3809
f 3813/3813 3812/3812 3810/3810
f 3813/3813 3810/3810 3811/3811
f 3608/3608 3610/3610 3813/3813
f 3608/3608 3813/3813 3811/3811
f 3815/3815 3814/3814 3812/3812
f 3815/3815 3812/3812 3813/3813
f 3610/3610 3612/3612 3815/3815
f 3610/3610 3815/3815 3813/3813
f 3817/3817 3816/3816 3814/3814
f 3817/3817 3814/3814 3815/3815
f 3612/3612 3614/3614 3817/3817
f 3612/3612 3817/3817 3815/3815
f 3819/3819 3818/3818 3816/3816
f 3819/3819 3816/3816 3817/3817
f 3614/3614 3616/3616 3819/3819
f 3614/3614 3819/3819 3817/3817
f 3821/3821 3820/3820 3818/3818
f 3821/3821 3818/3818 3819/3819
f 3616/3616 3618/3618 3821/3821
f 3616/3616 3821/3821 3819/3819
f 3823/3823 3822/3822 3820/3820
f 3823/3823 3820/3820 3821/3821
f 3618/3618 3620/3620 3823/3823
f 3618/3618 3823/3823 3821/3821
f 3825/3825 3824/3824 3822/3822
f 3825/3825 3822/3822 3823/3823
f 3620/3620 3622/3622 3825/3825
f 3620/3620 3825/3825 3823/3823
f 3827/3827 3826/3826 3824/3824
f 3827/3827 3824/3824 3825/3825
f 3622/3622 3624/3624 3827/3827
f 3622/3622 3827/3827 3825/3825
f 3829/3829 3828/3828 3826/3826
f 3829/3829 3826/3826 3827/3827
f 3624/3624 3626/3626 3829/3829
f 3624/3624 3829/3829 3827/3827
f 3831/3831 3830/3830 3828/3828
f 3831/3831 3828/3828 3829/3829
f 3626/3626 3628/3628 3831/3831
f 3626/3626 3831/3831 3829/3829
f 3833/3833 3832/3832 3830/3830
f 3833/3833 3830/3830 3831/3831
f 3628/3628 3630/3630 3833/3833
f 3628/3628 3833/3833 3831/3831
f 3835/3835 3834/3834 3832/3832
f 3835/3835 3832/3832 3833/3833
f 3630/3630 3632/3632 3835/3835
f 3630/3630 3835/3835 3833/3833
f 3637/3637 3836/3836 3834/3834
f 3637/3637 3834/3834 3835/3835
f 3632/3632 3634/3634 3637/3637
f 3632/3632 3637/3637 3835/3835
f 3838/3838 3837/3837 3834/3834
f 3838/3838 3834/3834 3836/3836
f 3640/3640 3839/3839 3838/3838
f 3640/3640 3838/3838 3836/3836
f 3637/3637 3638/3638 3640/3640
f 3637/3637 3640/3640 3836/3836
f 3841/3841 3840/3840 3838/3838
f 3841/3841 3838/3838 3839/3839
f 3643/3643 3842/3842 3841/3841
f 3643/3643 3841/3841 3839/3839
f 3640/3640 3641/3641 3643/3643
f 3640/3640 3643/3643 3839/3839
f 3844/3844 3843/3843 3841/3841
f 3844/3844 3841/3841 3842/3842
f 3646/3646 3652/3652 3844/3844
f 3646/3646 3844/3844 3842/3842
f 3643/3643 3644/3644 3646/3646
f 3643/3643 3646/3646 3842/3842
f 3652/3652 3653/3653 3655/3655
f 3652/3652 3655/3655 3844/3844
f 3655/3655 3845/3845 3843/3843
f 3655/3655 3843/3843 3844/3844
f 3655/3655 3656/3656 3658/3658
f 3655/3655 3658/3658 3845/3845
f 3847/3847 3846/3846 3843/3843
f 3847/3847 3843/3843 3845/3845
f 3658/3658 3848/3848 3847/3847
f 3658/3658 3847/3847 3845/3845
f 3658/3658 3659/3659 3661/3661
f 3658/3658 3661/3661 3848/3848
f 3850/3850 3849/3849 3847/3847
f 3850/3850 3847/3847 3848/3848
f 3661/3661 3851/3851 3850/3850
f 3661/3661 3850/3850 3848/3848
f 3661/3661 3662/3662 3664/3664
f 3661/3661 3664/3664 3851/3851
f 3853/3853 3852/3852 3850/3850
f 3853/3853 3850/3850 3851/3851
f 3664/3664 3854/3854 3853/3853
f 3664/3664 3853/3853 3851/3851
f 3664/3664 3665/3665 3667/3667
f 3664/3664 3667/3667 3854/3854
f 3856/3856 3855/3855 3853/3853
f 3856/3856 3853/3853 3854/3854
f 3667/3667 3857/3857 3856/3856
f 3667/3667 3856/3856 3854/3854
f 3667/3667 3668/3668 3670/3670
f 3667/3667 3670/3670 3857/3857
f 3859/3859 3858/3858 3856/3856
f 3859/3859 3856/3856 3857/3857
f 3670/3670 3860/3860 3859/3859
f 3670/3670 3859/3859 3857/3857
f 3670/3670 3671/3671 3673/3673
f 3670/3670 3673/3673 3860/3860
f 3862/3862 3861/3861 3859/3859
f 3862/3862 3859/3859 3860/3860
f 3673/3673 3863/3863 3862/3862
f 3673/3673 3862/3862 3860/3860
f 3673/3673 3674/3674 3676/3676
f 3673/3673 3676/3676 3863/3863
f 3865/3865 3864/3864 3862/3862
f 3865/3865 3862/3862 3863/3863
f 3676/3676 3866/3866 3865/3865
f 3676/3676 3865/3865 3863/3863
f 3676/3676 3677/3677 3679/3679
f 3676/3676 3679/3679 3866/3866
f 3868/3868 3867/3867 3865/3865
f 3868/3868 3865/3865 3866/3866
f 3679/3679 3869/3869 3868/3868
f 3679/3679 3868/3868 3866/3866
f 3679/3679 3680/3680 3682/3682
f 3679/3679 3682/3682 3869/3869
f 3871/3871 3870/3870 3868/3868
f 3871/3871 3868/3868 3869/3869
f 3682/3682 3872/3872 3871/3871
f 3682/3682 3871/3871 3869/3869
f 3682/3682 3683/3683 3685/3685
f 3682/3682 3685/3685 3872/3872
f 3874/3874 3873/3873 3871/3871
f 3874/3874 3871/3871 3872/3872
f 3685/3685 3875/3875 3874/3874
f 3685/3685 3874/3874 3872/3872
f 3685/3685 3686/3686 3688/3688
f 3685/3685 3688/3688 3875/3875
f 3877/3877 3876/3876 3874/3874
f 3877/3877 3874/3874 3875/3875
f 3688/3688 3878/3878 3877/3877
f 3688/3688 3877/3877 3875/3875
f 3688/3688 3689/3689 3691/3691
f 3688/3688 3691/3691 3878/3878
f 3880/3880 3879/3879 3877/3877
f 3880/3880 3877/3877 3878/3878
f 3691/3691 3881/3881 3880/3880
f 3691/3691 3880/3880 3878/3878
f 3691/3691 3692/3692 3694/3694
f 3691/3691 3694/3694 3881/3881
f 3883/3883 3882/3882 3880/3880
f 3883/3883 3880/3880 3881/3881
f 3694/3694 3884/3884 3883/3883
f 3694/3694 3883/3883 3881/3881
f 3694/3694 3695/3695 3697/3697
f 3694/3694 3697/3697 3884/3884
f 3886/3886 3885/3885 3883/3883
f 3886/3886 3883/3883 3884/3884
f 3697/3697 3887/3887 3886/3886
f 3697/3697 3886/3886 3884/3884
f 3697/3697 3698/3698 3700/3700
f 3697/3697 3700/3700 3887/3887
f 3889/3889 3888/3888 3886/3886
f 3889/3889 3886/3886 3887/3887
f 3700/3700 3890/3890 3889/3889
f 3700/3700 3889/3889 3887/3887
f 3700/3700 3701/3701 3703/3703
f 3700/3700 3703/3703 3890/3890
f 3892/3892 3891/3891 3889/3889
f 3892/3892 3889/3889 3890/3890
f 3703/3703 3893/3893 3892/3892
f 3703/3703 3892/3892 3890/3890
f 3703/3703 3704/3704 3706/3706
f 3703/3703 3706/3706 3893/3893
f 3895/3895 3894/3894 3892/3892
f 3895/3895 3892/3892 3893/3893
f 3706/3706 3896/3896 3895/3895
f 3706/3706 3895/3895 3893/3893
f 3706/3706 3707/3707 3710/3710
f 3706/3706 3710/3710 3896/3896
f 3898/3898 3897/3897 3895/3895
f 3898/3898 3895/3895 3896/3896
f 3710/3710 3899/3899 3898/3898
f 3710/3710 3898/3898 3896/3896
f 3710/3710 3712/3712 3715/3715
f 3710/3710 3715/3715 3899/3899
f 3901/3901 3900/3900 3898/3898
f 3901/3901 3898/3898 3899/3899
f 3715/3715 3903/3903 3901/3901
f 3715/3715 3901/3901 3899/3899
f 3714/3714 3716/3716 3718/3718
f 3714/3714 3718/3718 3902/3902
f 3905/3905 3904/3904 3901/3901
f 3905/3905 3901/3901 3903/3903
f 3718/3718 3907/3907 3906/3906
f 3718/3718 3906/3906 3902/3902
f 3718/3718 3719/3719 3721/3721
f 3718/3718 3721/3721 3907/3907
f 3910/3910 3909/3909 3906/3906
f 3910/3910 3906/3906 3907/3907
f 3721/3721 3911/3911 3910/3910
f 3721/3721 3910/3910 3907/3907
f 3721/3721 3722/3722 3724/3724
f 3721/3721 3724/3724 3911/3911
f 3913/3913 3912/3912 3910/3910
f 3913/3913 3910/3910 3911/3911
f 3724/3724 3914/3914 3913/3913
f 3724/3724 3913/3913 3911/3911
f 3724/3724 3725/3725 3727/3727
f 3724/3724 3727/3727 3914/3914
f 3916/3916 3915/3915 3913/3913
f 3916/3916 3913/3913 3914/3914
f 3727/3727 3917/3917 3916/3916
f 3727/3727 3916/3916 3914/3914
f 3727/3727 3728/3728 3730/3730
f 3727/3727 3730/3730 3917/3917
f 3919/3919 3918/3918 3916/3916
f 3919/3919 3916/3916 3917/3917
f 3730/3730 3920/3920 3919/3919
f 3730/3730 3919/3919 3917/3917
f 3730/3730 3731/3731 3733/3733
f 3730/3730 3733/3733 3920/3920
f 3922/3922 3921/3921 3919/3919
f 3922/3922 3919/3919 3920/3920
f 3733/3733 3923/3923 3922/3922
f 3733/3733 3922/3922 3920/3920
f 3733/3733 3734/3734 3736/3736
f 3733/3733 3736/3736 3923/3923
f 3925/3925 3924/3924 3922/3922
f 3925/3925 3922/3922 3923/3923
f 3736/3736 3926/3926 3925/3925
f 3736/3736 3925/3925 3923/3923
f 3736/3736 3737/3737 3739/3739
f 3736/3736 3739/3739 3926/3926
f 3928/3928 3927/3927 3925/3925
f 3928/3928 3925/3925 3926/3926
f 3739/3739 3929/3929 3928/3928
f 3739/3739 3928/3928 3926/3926
f 3739/3739 3740/3740 3742/3742
f 3739/3739 3742/3742 3929/3929
f 3931/3931 3930/3930 3928/3928
f 3931/3931 3928/3928 3929/3929
f 3742/3742 3932/3932 3931/3931
f 3742/3742 3931/3931 3929/3929
f 3742/3742 3743/3743 3745/3745
f 3742/3742 3745/3745 3932/3932
f 3934/3934 3933/3933 3931/3931
f 3934/3934 3931/3931 3932/3932
f 3745/3745 3935/3935 3934/3934
f 3745/3745 3934/3934 3932/3932
f 3745/3745 3746/3746 3748/3748
f 3745/3745 3748/3748 3935/3935
f 3937/3937 3936/3936 3934/3934
f 3937/3937 3934/3934 3935/3935
f 3748/3748 3938/3938 3937/3937
f 3748/3748 3937/3937 3935/3935
f 3748/3748 3749/3749 3751/3751
f 3748/3748 3751/3751 3938/3938
f 3940/3940 3939/3939 3937/3937
f 3940/3940 3937/3937 3938/3938
f 3751/3751 3941/3941 3940/3940
f 3751/3751 3940/3940 3938/3938
f 3751/3751 3752/3752 3754/3754
f 3751/3751 3754/3754 3941/3941
f 3943/3943 3942/3942 3940/3940
f 3943/3943 3940/3940 3941/3941
f 3754/3754 3944/3944 3943/3943
f 3754/3754 3943/3943 3941/3941
f 3754/3754 3755/3755 3757/3757
f 3754/3754 3757/3757 3944/3944
f 3946/3946 3945/3945 3943/3943
f 3946/3946 3943/3943 3944/3944
f 3757/3757 3759/3759 3946/3946
f 3757/3757 3946/3946 3944/3944
f 3948/3948 3947/3947 3945/3945
f 3948/3948 3945/3945 3946/3946
f 3759/3759 3761/3761 3948/3948
f 3759/3759 3948/3948 3946/3946
f 3950/3950 3949/3949 3947/3947
f 3950/3950 3947/3947 3948/3948
f 3761/3761 3763/3763 3950/3950
f 3761/3761 3950/3950 3948/3948
f 3952/3952 3951/3951 3949/3949
f 3952/3952 3949/3949 3950/3950
f 3763/3763 3765/3765 3952/3952
f 3763/3763 3952/3952 3950/3950
f 3954/3954 3953/3953 3951/3951
f 3954/3954 3951/3951 3952/3952
f 3765/3765 3767/3767 3954/3954
f 3765/3765 3954/3954 3952/3952
f 3955/3955 3953/3953 3954/3954
f 3767/3767 3769/3769 3955/3955
f 3767/3767 3955/3955 3954/3954
f 3772/3772 3774/3774 3960/3960
f 3772/3772 3960/3960 3958/3958
f 3962/3962 3961/3961 3959/3959
f 3962/3962 3959/3959 3960/3960
f 3774/3774 3776/3776 3962/3962
f 3774/3774 3962/3962 3960/3960
f 3964/3964 3963/3963 3961/3961
f 3964/3964 3961/3961 3962/3962
f 3776/3776 3778/3778 3964/3964
f 3776/3776 3964/3964 3962/3962
f 3966/3966 3965/3965 3963/3963
f 3966/3966 3963/3963 3964/3964
f 3778/3778 3780/3780 3966/3966
f 3778/3778 3966/3966 3964/3964
f 3968/3968 3967/3967 3965/3965
f 3968/3968 3965/3965 3966/3966
f 3780/3780 3782/3782 3968/3968
f 3780/3780 3968/3968 3966/3966
f 3970/3970 3969/3969 3967/3967
f 3970/3970 3967/3967 3968/3968
f 3782/3782 3784/3784 3970/3970
f 3782/3782 3970/3970 3968/3968
f 3972/3972 3971/3971 3969/3969
f 3972/3972 3969/3969 3970/3970
f 3784/3784 3786/3786 3972/3972
f 3784/3784 3972/3972 3970/3970
f 3974/3974 3973/3973 3971/3971
f 3974/3974 3971/3971 3972/3972
f 3786/3786 3788/3788 3974/3974
f 3786/3786 3974/3974 3972/3972
f 3976/3976 3975/3975 3973/3973
f 3976/3976 3973/3973 3974/3974
f 3788/3788 3790/3790 3976/3976
f 3788/3788 3976/3976 3974/3974
f 3978/3978 3977/3977 3975/3975
f 3978/3978 3975/3975 3976/3976
f 3790/3790 3792/3792 3978/3978
f 3790/3790 3978/3978 3976/3976
f 3980/3980 3979/3979 3977/3977
f 3980/3980 3977/3977 3978/3978
f 3792/3792 3794/3794 3980/3980
f 3792/3792 3980/3980 3978/3978
f 3982/3982 3981/3981 3979/3979
f 3982/3982 3979/3979 3980/3980
f 3794/3794 3796/3796 3982/3982
f 3794/3794 3982/3982 3980/3980
f 3984/3984 3983/3983 3981/3981
f 3984/3984 3981/3981 3982/3982
f 3796/3796 3798/3798 3984/3984
f 3796/3796 3984/3984 3982/3982
f 3986/3986 3985/3985 3983/3983
f 3986/3986 3983/3983 3984/3984
f 3798/3798 3800/3800 3986/3986
f 3798/3798 3986/3986 3984/3984
f 3988/3988 3987/3987 3985/3985
f 3988/3988 3985/3985 3986/3986
f 3800/3800 3802/3802 3988/3988
f 3800/3800 3988/3988 3986/3986
f 3990/3990 3989/3989 3987/3987
f 3990/3990 3987/3987 3988/3988
f 3802/3802 3804/3804 3990/3990
f 3802/3802 3990/3990 3988/3988
f 3992/3992 3991/3991 3989/3989
f 3992/3992 3989/3989 3990/3990
f 3804/3804 3806/3806 3992/3992
f 3804/3804 3992/3992 3990/3990
f 3994/3994 3993/3993 3991/3991
f 3994/3994 3991/3991 3992/3992
f 3806/3806 3808/3808 3994/3994
f 3806/3806 3994/3994 3992/3992
f 3996/3996 3995/3995 3993/3993
f 3996/3996 3993/3993 3994/3994
f 3808/3808 3810/3810 3996/3996
f 3808/3808 3996/3996 3994/3994
f 3998/3998 3997/3997 3995/3995
f 3998/3998 3995/3995 3996/3996
f 3810/3810 3812/3812 3998/3998
f 3810/3810 3998/3998 3996/3996
f 4000/4000 3999/3999 3997/3997
f 4000/4000 3997/3997 3998/3998
f 3812/3812 3814/3814 4000/4000
f 3812/3812 4000/4000 3998/3998
f 4002/4002 4001/4001 3999/3999
f 4002/4002 3999/3999 4000/4000
f 3814/3814 3816/3816 4002/4002
f 3814/3814 4002/4002 4000/4000
f 4004/4004 4003/4003 4001/4001
f 4004/4004 4001/4001 4002/4002
f 3816/3816 3818/3818 4004/4004
f 3816/3816 4004/4004 4002/4002
f 4006/4006 4005/4005 4003/4003
f 4006/4006 4003/4003 4004/4004
f 3818/3818 3820/3820 4006/4006
f 3818/3818 4006/4006 4004/4004
f 4008/4008 4007/4007 4005/4005
f 4008/4008 4005/4005 4006/4006
f 3820/3820 3822/3822 4008/4008
f 3820/3820 4008/4008 4006/4006
f 4010/4010 4009/4009 4007/4007
f 4010/4010 4007/4007 4008/4008
f 3822/3822 3824/3824 4010/4010
f 3822/3822 4010/4010 4008/4008
f 4012/4012 4011/4011 4009/4009
f 4012/4012 4009/4009 4010/4010
f 3824/3824 3826/3826 4012/4012
f 3824/3824 4012/4012 4010/4010
f 4014/4014 4013/4013 4011/4011
f 4014/4014 4011/4011 4012/4012
f 3826/3826 3828/3828 4014/4014
f 3826/3826 4014/4014 4012/4012
f 4016/4016 4015/4015 4013/4013
f 4016/4016 4013/4013 4014/4014
f 3828/3828 3830/3830 4016/4016
f 3828/3828 4016/4016 4014/4014
f 4018/4018 4017/4017 4015/4015
f 4018/4018 4015/4015 4016/4016
f 3830/3830 3832/3832 4018/4018
f 3830/3830 4018/4018 4016/4016
f 3837/3837 4019/4019 4017/4017
f 3837/3837 4017/4017 4018/4018
f 3832/3832 3834/3834 3837/3837
f 3832/3832 3837/3837 4018/4018
f 3840/3840 3846/3846 4020/4020
f 3840/3840 4020/4020 4019/4019
f 3837/3837 3838/3838 3840/3840
f 3837/3837 3840/3840 4019/4019
f 4020/4020 4021/4021 4017/4017
f 4020/4020 4017/4017 4019/4019
f 4020/4020 3849/3849 4022/4022
f 4020/4020 4022/4022 4021/4021
f 4023/4023 4015/4015 4017/4017
f 4023/4023 4017/4017 4021/4021
f 4022/4022 4024/4024 4023/4023
f 4022/4022 4023/4023 4021/4021
f 4022/4022 3852/3852 4025/4025
f 4022/4022 4025/4025 4024/4024
f 4027/4027 4026/4026 4023/4023
f 4027/4027 4023/4023 4024/4024
f 4025/4025 4028/4028 4027/4027
f 4025/4025 4027/4027 4024/4024
f 4025/4025 3855/3855 4029/4029
f 4025/4025 4029/4029 4028/4028
f 4031/4031 4030/4030 4027/4027
f 4031/4031 4027/4027 4028/4028
f 4029/4029 4032/4032 4031/4031
f 4029/4029 4031/4031 4028/4028
f 4029/4029 3858/3858 4033/4033
f 4029/4029 4033/4033 4032/4032
f 4035/4035 4034/4034 4031/4031
f 4035/4035 4031/4031 4032/4032
f 4033/4033 4036/4036 4035/4035
f 4033/4033 4035/4035 4032/4032
f 4033/4033 3861/3861 4037/4037
f 4033/4033 4037/4037 4036/4036
f 4039/4039 4038/4038 4035/4035
f 4039/4039 4035/4035 4036/4036
f 4037/4037 4040/4040 4039/4039
f 4037/4037 4039/4039 4036/4036
f 4037/4037 3864/3864 4041/4041
f 4037/4037 4041/4041 4040/4040
f 4043/4043 4042/4042 4039/4039
f 4043/4043 4039/4039 4040/4040
f 4041/4041 4044/4044 4043/4043
f 4041/4041 4043/4043 4040/4040
f 4041/4041 3867/3867 4045/4045
f 4041/4041 4045/4045 4044/4044
f 4047/4047 4046/4046 4043/4043
f 4047/4047 4043/4043 4044/4044
f 4045/4045 4048/4048 4047/4047
f 4045/4045 4047/4047 4044/4044
f 4045/4045 3870/3870 4049/4049
f 4045/4045 4049/4049 4048/4048
f 4051/4051 4050/4050 4047/4047
f 4051/4051 4047/4047 4048/4048
f 4049/4049 4052/4052 4051/4051
f 4049/4049 4051/4051 4048/4048
f 4049/4049 3873/3873 4053/4053
f 4049/4049 4053/4053 4052/4052
f 4055/4055 4054/4054 4051/4051
f 4055/4055 4051/4051 4052/4052
f 4053/4053 4056/4056 4055/4055
f 4053/4053 4055/4055 4052/4052
f 4053/4053 3876/3876 4057/4057
f 4053/4053 4057/4057 4056/4056
f 4059/4059 4058/4058 4055/4055
f 4059/4059 4055/4055 4056/4056
f 4057/4057 4060/4060 4059/4059
f 4057/4057 4059/4059 4056/4056
f 4057/4057 3879/3879 4061/4061
f 4057/4057 4061/4061 4060/4060
f 4063/4063 4062/4062 4059/4059
f 4063/4063 4059/4059 4060/4060
f 4061/4061 4064/4064 4063/4063
f 4061/4061 4063/4063 4060/4060
f 4061/4061 3882/3882 4065/4065
f 4061/4061 4065/4065 4064/4064
f 4067/4067 4066/4066 4063/4063
f 4067/4067 4063/4063 4064/4064
f 4065/4065 4068/4068 4067/4067
f 4065/4065 4067/4067 4064/4064
f 4065/4065 3885/3885 4069/4069
f 4065/4065 4069/4069 4068/4068
f 4071/4071 4070/4070 4067/4067
f 4071/4071 4067/4067 4068/4068
f 4069/4069 4072/4072 4071/4071
f 4069/4069 4071/4071 4068/4068
f 4069/4069 3888/3888 4073/4073
f 4069/4069 4073/4073 4072/4072
f 4075/4075 4074/4074 4071/4071
f 4075/4075 4071/4071 4072/4072
f 4073/4073 4076/4076 4075/4075
f 4073/4073 4075/4075 4072/4072
f 4073/4073 3891/3891 4077/4077
f 4073/4073 4077/4077 4076/4076
f 4079/4079 4078/4078 4075/4075
f 4079/4079 4075/4075 4076/4076
f 4077/4077 4080/4080 4079/4079
f 4077/4077 4079/4079 4076/4076
f 4077/4077 3894/3894 4081/4081
f 4077/4077 4081/4081 4080/4080
f 4083/4083 4082/4082 4079/4079
f 4083/4083 4079/4079 4080/4080
f 4081/4081 4084/4084 4083/4083
f 4081/4081 4083/4083 4080/4080
f 4081/4081 3897/3897 4085/4085
f 4081/4081 4085/4085 4084/4084
f 4087/4087 4086/4086 4083/4083
f 4087/4087 4083/4083 4084/4084
f 4085/4085 4088/4088 4087/4087
f 4085/4085 4087/4087 4084/4084
f 4085/4085 3900/3900 4089/4089
f 4085/4085 4089/4089 4088/4088
f 4091/4091 4090/4090 4087/4087
f 4091/4091 4087/4087 4088/4088
f 4089/4089 4092/4092 4091/4091
f 4089/4089 4091/4091 4088/4088
f 4089/4089 3904/3904 4093/4093
f 4089/4089 4093/4093 4092/4092
f 4095/4095 4094/4094 4091/4091
f 4095/4095 4091/4091 4092/4092
f 4093/4093 4096/4096 4095/4095
f 4093/4093 4095/4095 4092/4092
f 4093/4093 3908/3908 4097/4097
f 4093/4093 4097/4097 4096/4096
f 4100/4100 4099/4099 4095/4095
f 4100/4100 4095/4095 4096/4096
f 4097/4097 4102/4102 4100/4100
f 4097/4097 4100/4100 4096/4096
f 4098/4098 3912/3912 4103/4103
f 4098/4098 4103/4103 4101/4101
f 4106/4106 4104/4104 4100/4100
f 4106/4106 4100/4100 4102/4102
f 4103/4103 4107/4107 4105/4105
f 4103/4103 4105/4105 4101/4101
f 4103/4103 3915/3915 4108/4108
f 4103/4103 4108/4108 4107/4107
f 4111/4111 4110/4110 4105/4105
f 4111/4111 4105/4105 4107/4107
f 4108/4108 4112/4112 4111/4111
f 4108/4108 4111/4111 4107/4107
f 4108/4108 3918/3918 4113/4113
f 4108/4108 4113/4113 4112/4112
f 4115/4115 4114/4114 4111/4111
f 4115/4115 4111/4111 4112/4112
f 4113/4113 4116/4116 4115/4115
f 4113/4113 4115/4115 4112/4112
f 4113/4113 3921/3921 4117/4117
f 4113/4113 4117/4117 4116/4116
f 4119/4119 4118/4118 4115/4115
f 4119/4119 4115/4115 4116/4116
f 4117/4117 4120/4120 4119/4119
f 4117/4117 4119/4119 4116/4116
f 4117/4117 3924/3924 4121/4121
f 4117/4117 4121/4121 4120/4120
f 4123/4123 4122/4122 4119/4119
f 4123/4123 4119/4119 4120/4120
f 4121/4121 4124/4124 4123/4123
f 4121/4121 4123/4123 4120/4120
f 4121/4121 3927/3927 4125/4125
f 4121/4121 4125/4125 4124/4124
f 4127/4127 4126/4126 4123/4123
f 4127/4127 4123/4123 4124/4124
f 4125/4125 4128/4128 4127/4127
f 4125/4125 4127/4127 4124/4124
f 4125/4125 3930/3930 4129/4129
f 4125/4125 4129/4129 4128/4128
f 4131/4131 4130/4130 4127/4127
f 4131/4131 4127/4127 4128/4128
f 4129/4129 4132/4132 4131/4131
f 4129/4129 4131/4131 4128/4128
f 4129/4129 3933/3933 4133/4133
f 4129/4129 4133/4133 4132/4132
f 4135/4135 4134/4134 4131/4131
f 4135/4135 4131/4131 4132/4132
f 4133/4133 4136/4136 4135/4135
f 4133/4133 4135/4135 4132/4132
f 4133/4133 3936/3936 4137/4137
f 4133/4133 4137/4137 4136/4136
f 4139/4139 4138/4138 4135/4135
f 4139/4139 4135/4135 4136/4136
f 4137/4137 4140/4140 4139/4139
f 4137/4137 4139/4139 4136/4136
f 4137/4137 3939/3939 4141/4141
f 4137/4137 4141/4141 4140/4140
f 4143/4143 4142/4142 4139/4139
f 4143/4143 4139/4139 4140/4140
f 4141/4141 4144/4144 4143/4143
f 4141/4141 4143/4143 4140/4140
f 4141/4141 3942/3942 4145/4145
f 4141/4141 4145/4145 4144/4144
f 4147/4147 4146/4146 4143/4143
f 4147/4147 4143/4143 4144/4144
f 4145/4145 4148/4148 4147/4147
f 4145/4145 4147/4147 4144/4144
f 4145/4145 3945/3945 3947/3947
f 4145/4145 3947/3947 4148/4148
f 4150/4150 4149/4149 4147/4147
f 4150/4150 4147/4147 4148/4148
f 3947/3947 3949/3949 4150/4150
f 3947/3947 4150/4150 4148/4148
f 4152/4152 4151/4151 4149/4149
f 4152/4152 4149/4149 4150/4150
f 3949/3949 3951/3951 4152/4152
f 3949/3949 4152/4152 4150/4150
f 4156/4156 4155/4155 4154/4154
f 4159/4159 4158/4158 4156/4156
f 4159/4159 4156/4156 4157/4157
f 3956/3956 4160/4160 4159/4159
f 3956/3956 4159/4159 4157/4157
f 4162/4162 4161/4161 4159/4159
f 4162/4162 4159/4159 4160/4160
f 4164/4164 4163/4163 4162/4162
f 4164/4164 4162/4162 4160/4160
f 3956/3956 3957/3957 4164/4164
f 3956/3956 4164/4164 4160/4160
f 4166/4166 4165/4165 4163/4163
f 4166/4166 4163/4163 4164/4164
f 3957/3957 4166/4166 4164/4164
f 4168/4168 4167/4167 4165/4165
f 4168/4168 4165/4165 4166/4166
f 4176/4176 4175/4175 4173/4173
f 4176/4176 4173/4173 4174/4174
f 3959/3959 3961/3961 4176/4176
f 3959/3959 4176/4176 4174/4174
f 4178/4178 4177/4177 4175/4175
f 4178/4178 4175/4175 4176/4176
f 3961/3961 3963/3963 4178/4178
f 3961/3961 4178/4178 4176/4176
f 4180/4180 4179/4179 4177/4177
f 4180/4180 4177/4177 4178/4178
f 3963/3963 3965/3965 4180/4180
f 3963/3963 4180/4180 4178/4178
f 4182/4182 4181/4181 4179/4179
f 4182/4182 4179/4179 4180/4180
f 3965/3965 3967/3967 4182/4182
f 3965/3965 4182/4182 4180/4180
f 4184/4184 4183/4183 4181/4181
f 4184/4184 4181/4181 4182/4182
f 3967/3967 3969/3969 4184/4184
f 3967/3967 4184/4184 4182/4182
f 4186/4186 4185/4185 4183/4183
f 4186/4186 4183/4183 4184/4184
f 3969/3969 3971/3971 4186/4186
f 3969/3969 4186/4186 4184/4184
f 4188/4188 4187/4187 4185/4185
f 4188/4188 4185/4185 4186/4186
f 3971/3971 3973/3973 4188/4188
f 3971/3971 4188/4188 4186/4186
f 4190/4190 4189/4189 4187/4187
f 4190/4190 4187/4187 4188/4188
f 3973/3973 3975/3975 4190/4190
f 3973/3973 4190/4190 4188/4188
f 4192/4192 4191/4191 4189/4189
f 4192/4192 4189/4189 4190/4190
f 3975/3975 3977/3977 4192/4192
f 3975/3975 4192/4192 4190/4190
f 4194/4194 4193/4193 4191/4191
f 4194/4194 4191/4191 4192/4192
f 3977/3977 3979/3979 4194/4194
f 3977/3977 4194/4194 4192/4192
f 4196/4196 4195/4195 4193/4193
f 4196/4196 4193/4193 4194/4194
f 3979/3979 3981/3981 4196/4196
f 3979/3979 4196/4196 4194/4194
f 4198/4198 4197/4197 4195/4195
f 4198/4198 4195/4195 4196/4196
f 3981/3981 3983/3983 4198/4198
f 3981/3981 4198/4198 4196/4196
f 4200/4200 4199/4199 4197/4197
f 4200/4200 4197/4197 4198/4198
f 3983/3983 3985/3985 4200/4200
f 3983/3983 4200/4200 4198/4198
f 4202/4202 4201/4201 4199/4199
f 4202/4202 4199/4199 4200/4200
f 3985/3985 3987/3987 4202/4202
f 3985/3985 4202/4202 4200/4200
f 4204/4204 4203/4203 4201/4201
f 4204/4204 4201/4201 4202/4202
f 3987/3987 3989/3989 4204/4204
f 3987/3987 4204/4204 4202/4202
f 4206/4206 4205/4205 4203/4203
f 4206/4206 4203/4203 4204/4204
f 3989/3989 3991/3991 4206/4206
f 3989/3989 4206/4206 4204/4204
f 4208/4208 4207/4207 4205/4205
f 4208/4208 4205/4205 4206/4206
f 3991/3991 3993/3993 4208/4208
f 3991/3991 4208/4208 4206/4206
f 4210/4210 4209/4209 4207/4207
f 4210/4210 4207/4207 4208/4208
f 3993/3993 3995/3995 4210/4210
f 3993/3993 4210/4210 4208/4208
f 4212/4212 4211/4211 4209/4209
f 4212/4212 4209/4209 4210/4210
f 3995/3995 3997/3997 4212/4212
f 3995/3995 4212/4212 4210/4210
f 4214/4214 4213/4213 4211/4211
f 4214/4214 4211/4211 4212/4212
f 3997/3997 3999/3999 4214/4214
f 3997/3997 4214/4214 4212/4212
f 4216/4216 4215/4215 4213/4213
f 4216/4216 4213/4213 4214/4214
f 3999/3999 4001/4001 4216/4216
f 3999/3999 4216/4216 4214/4214
f 4218/4218 4217/4217 4215/4215
f 4218/4218 4215/4215 4216/4216
f 4001/4001 4003/4003 4218/4218
f 4001/4001 4218/4218 4216/4216
f 4220/4220 4219/4219 4217/4217
f 4220/4220 4217/4217 4218/4218
f 4003/4003 4005/4005 4220/4220
f 4003/4003 4220/4220 4218/4218
f 4222/4222 4221/4221 4219/4219
f 4222/4222 4219/4219 4220/4220
f 4005/4005 4007/4007 4222/4222
f 4005/4005 4222/4222 4220/4220
f 4224/4224 4223/4223 4221/4221
f 4224/4224 4221/4221 4222/4222
f 4007/4007 4009/4009 4224/4224
f 4007/4007 4224/4224 4222/4222
f 4225/4225 4030/4030 4223/4223
f 4225/4225 4223/4223 4224/4224
f 4009/4009 4011/4011 4225/4225
f 4009/4009 4225/4225 4224/4224
f 4026/4026 4027/4027 4030/4030
f 4026/4026 4030/4030 4225/4225
f 4011/4011 4013/4013 4026/4026
f 4011/4011 4026/4026 4225/4225
f 4030/4030 4031/4031 4034/4034
f 4030/4030 4034/4034 4223/4223
f 4034/4034 4226/4226 4221/4221
f 4034/4034 4221/4221 4223/4223
f 4034/4034 4035/4035 4038/4038
f 4034/4034 4038/4038 4226/4226
f 4227/4227 4219/4219 4221/4221
f 4227/4227 4221/4221 4226/4226
f 4038/4038 4228/4228 4227/4227
f 4038/4038 4227/4227 4226/4226
f 4038/4038 4039/4039 4042/4042
f 4038/4038 4042/4042 4228/4228
f 4230/4230 4229/4229 4227/4227
f 4230/4230 4227/4227 4228/4228
f 4042/4042 4231/4231 4230/4230
f 4042/4042 4230/4230 4228/4228
f 4042/4042 4043/4043 4046/4046
f 4042/4042 4046/4046 4231/4231
f 4233/4233 4232/4232 4230/4230
f 4233/4233 4230/4230 4231/4231
f 4046/4046 4234/4234 4233/4233
f 4046/4046 4233/4233 4231/4231
f 4046/4046 4047/4047 4050/4050
f 4046/4046 4050/4050 4234/4234
f 4236/4236 4235/4235 4233/4233
f 4236/4236 4233/4233 4234/4234
f 4050/4050 4237/4237 4236/4236
f 4050/4050 4236/4236 4234/4234
f 4050/4050 4051/4051 4054/4054
f 4050/4050 4054/4054 4237/4237
f 4239/4239 4238/4238 4236/4236
f 4239/4239 4236/4236 4237/4237
f 4054/4054 4240/4240 4239/4239
f 4054/4054 4239/4239 4237/4237
f 4054/4054 4055/4055 4058/4058
f 4054/4054 4058/4058 4240/4240
f 4242/4242 4241/4241 4239/4239
f 4242/4242 4239/4239 4240/4240
f 4058/4058 4243/4243 4242/4242
f 4058/4058 4242/4242 4240/4240
f 4058/4058 4059/4059 4062/4062
f 4058/4058 4062/4062 4243/4243
f 4245/4245 4244/4244 4242/4242
f 4245/4245 4242/4242 4243/4243
f 4062/4062 4246/4246 4245/4245
f 4062/4062 4245/4245 4243/4243
f 4062/4062 4063/4063 4066/4066
f 4062/4062 4066/4066 4246/4246
f 4248/4248 4247/4247 4245/4245
f 4248/4248 4245/4245 4246/4246
f 4066/4066 4249/4249 4248/4248
f 4066/4066 4248/4248 4246/4246
f 4066/4066 4067/4067 4070/4070
f 4066/4066 4070/4070 4249/4249
f 4251/4251 4250/4250 4248/4248
f 4251/4251 4248/4248 4249/4249
f 4070/4070 4252/4252 4251/4251
f 4070/4070 4251/4251 4249/4249
f 4070/4070 4071/4071 4074/4074
f 4070/4070 4074/4074 4252/4252
f 4254/4254 4253/4253 4251/4251
f 4254/4254 4251/4251 4252/4252
f 4074/4074 4255/4255 4254/4254
f 4074/4074 4254/4254 4252/4252
f 4074/4074 4075/4075 4078/4078
f 4074/4074 4078/4078 4255/4255
f 4257/4257 4256/4256 4254/4254
f 4257/4257 4254/4254 4255/4255
f 4078/4078 4258/4258 4257/4257
f 4078/4078 4257/4257 4255/4255
f 4078/4078 4079/4079 4082/4082
f 4078/4078 4082/4082 4258/4258
f 4260/4260 4259/4259 4257/4257
f 4260/4260 4257/4257 4258/4258
f 4082/4082 4261/4261 4260/4260
f 4082/4082 4260/4260 4258/4258
f 4082/4082 4083/4083 4086/4086
f 4082/4082 4086/4086 4261/4261
f 4263/4263 4262/4262 4260/4260
f 4263/4263 4260/4260 4261/4261
f 4086/4086 4264/4264 4263/4263
f 4086/4086 4263/4263 4261/4261
f 4086/4086 4087/4087 4090/4090
f 4086/4086 4090/4090 4264/4264
f 4266/4266 4265/4265 4263/4263
f 4266/4266 4263/4263 4264/4264
f 4090/4090 4267/4267 4266/4266
f 4090/4090 4266/4266 4264/4264
f 4090/4090 4091/4091 4094/4094
f 4090/4090 4094/4094 4267/4267
f 4269/4269 4268/4268 4266/4266
f 4269/4269 4266/4266 4267/4267
f 4094/4094 4270/4270 4269/4269
f 4094/4094 4269/4269 4267/4267
f 4094/4094 4095/4095 4099/4099
f 4094/4094 4099/4099 4270/4270
f 4272/4272 4271/4271 4269/4269
f 4272/4272 4269/4269 4270/4270
f 4099/4099 4273/4273 4272/4272
f 4099/4099 4272/4272 4270/4270
f 4099/4099 4100/4100 4104/4104
f 4099/4099 4104/4104 4273/4273
f 4275/4275 4274/4274 4272/4272
f 4275/4275 4272/4272 4273/4273
f 4104/4104 4276/4276 4275/4275
f 4104/4104 4275/4275 4273/4273
f 4104/4104 4106/4106 4109/4109
f 4104/4104 4109/4109 4276/4276
f 4278/4278 4277/4277 4275/4275
f 4278/4278 4275/4275 4276/4276
f 4109/4109 4279/4279 4278/4278
f 4109/4109 4278/4278 4276/4276
f 4110/4110 4111/4111 4114/4114
f 4110/4110 4114/4114 4280/4280
f 4282/4282 4281/4281 4278/4278
f 4282/4282 4278/4278 4279/4279
f 4114/4114 4284/4284 4283/4283
f 4114/4114 4283/4283 4280/4280
f 4114/4114 4115/4115 4118/4118
f 4114/4114 4118/4118 4284/4284
f 4287/4287 4285/4285 4283/4283
f 4287/4287 4283/4283 4284/4284
f 4118/4118 4288/4288 4287/4287
f 4118/4118 4287/4287 4284/4284
f 4118/4118 4119/4119 4122/4122
f 4118/4118 4122/4122 4288/4288
f 4290/4290 4289/4289 4287/4287
f 4290/4290 4287/4287 4288/4288
f 4122/4122 4291/4291 4290/4290
f 4122/4122 4290/4290 4288/4288
f 4122/4122 4123/4123 4126/4126
f 4122/4122 4126/4126 4291/4291
f 4293/4293 4292/4292 4290/4290
f 4293/4293 4290/4290 4291/4291
f 4126/4126 4294/4294 4293/4293
f 4126/4126 4293/4293 4291/4291
f 4126/4126 4127/4127 4130/4130
f 4126/4126 4130/4130 4294/4294
f 4296/4296 4295/4295 4293/4293
f 4296/4296 4293/4293 4294/4294
f 4130/4130 4297/4297 4296/4296
f 4130/4130 4296/4296 4294/4294
f 4130/4130 4131/4131 4134/4134
f 4130/4130 4134/4134 4297/4297
f 4299/4299 4298/4298 4296/4296
f 4299/4299 4296/4296 4297/4297
f 4134/4134 4300/4300 4299/4299
f 4134/4134 4299/4299 4297/4297
f 4134/4134 4135/4135 4138/4138
f 4134/4134 4138/4138 4300/4300
f 4302/4302 4301/4301 4299/4299
f 4302/4302 4299/4299 4300/4300
f 4138/4138 4303/4303 4302/4302
f 4138/4138 4302/4302 4300/4300
f 4138/4138 4139/4139 4142/4142
f 4138/4138 4142/4142 4303/4303
f 4305/4305 4304/4304 4302/4302
f 4305/4305 4302/4302 4303/4303
f 4142/4142 4306/4306 4305/4305
f 4142/4142 4305/4305 4303/4303
f 4142/4142 4143/4143 4146/4146
f 4142/4142 4146/4146 4306/4306
f 4308/4308 4307/4307 4305/4305
f 4308/4308 4305/4305 4306/4306
f 4146/4146 4309/4309 4308/4308
f 4146/4146 4308/4308 4306/4306
f 4146/4146 4147/4147 4149/4149
f 4146/4146 4149/4149 4309/4309
f 4310/4310 4308/4308 4309/4309
f 4149/4149 4151/4151 4310/4310
f 4149/4149 4310/4310 4309/4309
f 4322/4322 4321/4321 4319/4319
f 4322/4322 4319/4319 4320/4320
f 4153/4153 4323/4323 4322/4322
f 4153/4153 4322/4322 4320/4320
f 4325/4325 4324/4324 4322/4322
f 4325/4325 4322/4322 4323/4323
f 4155/4155 4326/4326 4325/4325
f 4155/4155 4325/4325 4323/4323
f 4153/4153 4154/4154 4155/4155
f 4153/4153 4155/4155 4323/4323
f 4328/4328 4327/4327 4325/4325
f 4328/4328 4325/4325 4326/4326
f 4158/4158 4329/4329 4328/4328
f 4158/4158 4328/4328 4326/4326
f 4155/4155 4156/4156 4158/4158
f 4155/4155 4158/4158 4326/4326
f 4331/4331 4330/4330 4328/4328
f 4331/4331 4328/4328 4329/4329
f 4161/4161 4332/4332 4331/4331
f 4161/4161 4331/4331 4329/4329
f 4158/4158 4159/4159 4161/4161
f 4158/4158 4161/4161 4329/4329
f 4334/4334 4333/4333 4331/4331
f 4334/4334 4331/4331 4332/4332
f 4336/4336 4335/4335 4334/4334
f 4336/4336 4334/4334 4332/4332
f 4161/4161 4162/4162 4336/4336
f 4161/4161 4336/4336 4332/4332
f 4338/4338 4337/4337 4335/4335
f 4338/4338 4335/4335 4336/4336
f 4162/4162 4163/4163 4338/4338
f 4162/4162 4338/4338 4336/4336
f 4340/4340 4339/4339 4337/4337
f 4340/4340 4337/4337 4338/4338
f 4163/4163 4165/4165 4340/4340
f 4163/4163 4340/4340 4338/4338
f 4342/4342 4341/4341 4339/4339
f 4342/4342 4339/4339 4340/4340
f 4165/4165 4167/4167 4342/4342
f 4165/4165 4342/4342 4340/4340
f 4344/4344 4343/4343 4341/4341
f 4344/4344 4341/4341 4342/4342
f 4167/4167 4169/4169 4344/4344
f 4167/4167 4344/4344 4342/4342
f 4346/4346 4345/4345 4343/4343
f 4346/4346 4343/4343 4344/4344
f 4169/4169 4170/4170 4346/4346
f 4169/4169 4346/4346 4344/4344
f 4348/4348 4347/4347 4345/4345
f 4348/4348 4345/4345 4346/4346
f 4170/4170 4171/4171 4348/4348
f 4170/4170 4348/4348 4346/4346
f 4350/4350 4349/4349 4347/4347
f 4350/4350 4347/4347 4348/4348
f 4171/4171 4172/4172 4350/4350
f 4171/4171 4350/4350 4348/4348
f 4352/4352 4351/4351 4349/4349
f 4352/4352 4349/4349 4350/4350
f 4172/4172 4352/4352 4350/4350
f 4354/4354 4353/4353 4351/4351
f 4354/4354 4351/4351 4352/4352
f 4356/4356 4355/4355 4353/4353
f 4356/4356 4353/4353 4354/4354
f 4358/4358 4357/4357 4355/4355
f 4358/4358 4355/4355 4356/4356
f 4175/4175 4177/4177 4357/4357
f 4175/4175 4357/4357 4358/4358
f 4360/4360 4359/4359 4355/4355
f 4360/4360 4355/4355 4357/4357
f 4177/4177 4179/4179 4360/4360
f 4177/4177 4360/4360 4357/4357
f 4362/4362 4361/4361 4359/4359
f 4362/4362 4359/4359 4360/4360
f 4179/4179 4181/4181 4362/4362
f 4179/4179 4362/4362 4360/4360
f 4364/4364 4363/4363 4361/4361
f 4364/4364 4361/4361 4362/4362
f 4181/4181 4183/4183 4364/4364
f 4181/4181 4364/4364 4362/4362
f 4366/4366 4365/4365 4363/4363
f 4366/4366 4363/4363 4364/4364
f 4183/4183 4185/4185 4366/4366
f 4183/4183 4366/4366 4364/4364
f 4368/4368 4367/4367 4365/4365
f 4368/4368 4365/4365 4366/4366
f 4185/4185 4187/4187 4368/4368
f 4185/4185 4368/4368 4366/4366
f 4370/4370 4369/4369 4367/4367
f 4370/4370 4367/4367 4368/4368
f 4187/4187 4189/4189 4370/4370
f 4187/4187 4370/4370 4368/4368
f 4372/4372 4371/4371 4369/4369
f 4372/4372 4369/4369 4370/4370
f 4189/4189 4191/4191 4372/4372
f 4189/4189 4372/4372 4370/4370
f 4374/4374 4373/4373 4371/4371
f 4374/4374 4371/4371 4372/4372
f 4191/4191 4193/4193 4374/4374
f 4191/4191 4374/4374 4372/4372
f 4376/4376 4375/4375 4373/4373
f 4376/4376 4373/4373 4374/4374
f 4193/4193 4195/4195 4376/4376
f 4193/4193 4376/4376 4374/4374
f 4378/4378 4377/4377 4375/4375
f 4378/4378 4375/4375 4376/4376
f 4195/4195 4197/4197 4378/4378
f 4195/4195 4378/4378 4376/4376
f 4380/4380 4379/4379 4377/4377
f 4380/4380 4377/4377 4378/4378
f 4197/4197 4199/4199 4380/4380
f 4197/4197 4380/4380 4378/4378
f 4382/4382 4381/4381 4379/4379
f 4382/4382 4379/4379 4380/4380
f 4199/4199 4201/4201 4382/4382
f 4199/4199 4382/4382 4380/4380
f 4384/4384 4383/4383 4381/4381
f 4384/4384 4381/4381 4382/4382
f 4201/4201 4203/4203 4384/4384
f 4201/4201 4384/4384 4382/4382
f 4386/4386 4385/4385 4383/4383
f 4386/4386 4383/4383 4384/4384
f 4203/4203 4205/4205 4386/4386
f 4203/4203 4386/4386 4384/4384
f 4388/4388 4387/4387 4385/4385
f 4388/4388 4385/4385 4386/4386
f 4205/4205 4207/4207 4388/4388
f 4205/4205 4388/4388 4386/4386
f 4390/4390 4389/4389 4387/4387
f 4390/4390 4387/4387 4388/4388
f 4207/4207 4209/4209 4390/4390
f 4207/4207 4390/4390 4388/4388
f 4392/4392 4391/4391 4389/4389
f 4392/4392 4389/4389 4390/4390
f 4209/4209 4211/4211 4392/4392
f 4209/4209 4392/4392 4390/4390
f 4394/4394 4393/4393 4391/4391
f 4394/4394 4391/4391 4392/4392
f 4211/4211 4213/4213 4394/4394
f 4211/4211 4394/4394 4392/4392
f 4395/4395 4232/4232 4393/4393
f 4395/4395 4393/4393 4394/4394
f 4213/4213 4215/4215 4395/4395
f 4213/4213 4395/4395 4394/4394
f 4229/4229 4230/4230 4232/4232
f 4229/4229 4232/4232 4395/4395
f 4215/4215 4217/4217 4229/4229
f 4215/4215 4229/4229 4395/4395
f 4232/4232 4233/4233 4235/4235
f 4232/4232 4235/4235 4393/4393
f 4235/4235 4396/4396 4391/4391
f 4235/4235 4391/4391 4393/4393
f 4235/4235 4236/4236 4238/4238
f 4235/4235 4238/4238 4396/4396
f 4397/4397 4389/4389 4391/4391
f 4397/4397 4391/4391 4396/4396
f 4238/4238 4398/4398 4397/4397
f 4238/4238 4397/4397 4396/4396
f 4238/4238 4239/4239 4241/4241
f 4238/4238 4241/4241 4398/4398
f 4400/4400 4399/4399 4397/4397
f 4400/4400 4397/4397 4398/4398
f 4241/4241 4401/4401 4400/4400
f 4241/4241 4400/4400 4398/4398
f 4241/4241 4242/4242 4244/4244
f 4241/4241 4244/4244 4401/4401
f 4403/4403 4402/4402 4400/4400
f 4403/4403 4400/4400 4401/4401
f 4244/4244 4404/4404 4403/4403
f 4244/4244 4403/4403 4401/4401
f 4244/4244 4245/4245 4247/4247
f 4244/4244 4247/4247 4404/4404
f 4406/4406 4405/4405 4403/4403
f 4406/4406 4403/4403 4404/4404
f 4247/4247 4407/4407 4406/4406
f 4247/4247 4406/4406 4404/4404
f 4247/4247 4248/4248 4250/4250
f 4247/4247 4250/4250 4407/4407
f 4409/4409 4408/4408 4406/4406
f 4409/4409 4406/4406 4407/4407
f 4250/4250 4410/4410 4409/4409
f 4250/4250 4409/4409 4407/4407
f 4250/4250 4251/4251 4253/4253
f 4250/4250 4253/4253 4410/4410
f 4412/4412 4411/4411 4409/4409
f 4412/4412 4409/4409 4410/4410
f 4253/4253 4413/4413 4412/4412
f 4253/4253 4412/4412 4410/4410
f 4253/4253 4254/4254 4256/4256
f 4253/4253 4256/4256 4413/4413
f 4415/4415 4414/4414 4412/4412
f 4415/4415 4412/4412 4413/4413
f 4256/4256 4416/4416 4415/4415
f 4256/4256 4415/4415 4413/4413
f 4256/4256 4257/4257 4259/4259
f 4256/4256 4259/4259 4416/4416
f 4418/4418 4417/4417 4415/4415
f 4418/4418 4415/4415 4416/4416
f 4259/4259 4419/4419 4418/4418
f 4259/4259 4418/4418 4416/4416
f 4259/4259 4260/4260 4262/4262
f 4259/4259 4262/4262 4419/4419
f 4421/4421 4420/4420 4418/4418
f 4421/4421 4418/4418 4419/4419
f 4262/4262 4422/4422 4421/4421
f 4262/4262 4421/4421 4419/4419
f 4262/4262 4263/4263 4265/4265
f 4262/4262 4265/4265 4422/4422
f 4424/4424 4423/4423 4421/4421
f 4424/4424 4421/4421 4422/4422
f 4265/4265 4425/4425 4424/4424
f 4265/4265 4424/4424 4422/4422
f 4265/4265 4266/4266 4268/4268
f 4265/4265 4268/4268 4425/4425
f 4427/4427 4426/4426 4424/4424
f 4427/4427 4424/4424 4425/4425
f 4268/4268 4428/4428 4427/4427
f 4268/4268 4427/4427 4425/4425
f 4268/4268 4269/4269 4271/4271
f 4268/4268 4271/4271 4428/4428
f 4430/4430 4429/4429 4427/4427
f 4430/4430 4427/4427 4428/4428
f 4271/4271 4431/4431 4430/4430
f 4271/4271 4430/4430 4428/4428
f 4271/4271 4272/4272 4274/4274
f 4271/4271 4274/4274 4431/4431
f 4433/4433 4432/4432 4430/4430
f 4433/4433 4430/4430 4431/4431
f 4274/4274 4434/4434 4433/4433
f 4274/4274 4433/4433 4431/4431
f 4274/4274 4275/4275 4277/4277
f 4274/4274 4277/4277 4434/4434
f 4436/4436 4435/4435 4433/4433
f 4436/4436 4433/4433 4434/4434
f 4277/4277 4437/4437 4436/4436
f 4277/4277 4436/4436 4434/4434
f 4277/4277 4278/4278 4281/4281
f 4277/4277 4281/4281 4437/4437
f 4439/4439 4438/4438 4436/4436
f 4439/4439 4436/4436 4437/4437
f 4281/4281 4440/4440 4439/4439
f 4281/4281 4439/4439 4437/4437
f 4281/4281 4282/4282 4286/4286
f 4281/4281 4286/4286 4440/4440
f 4442/4442 4441/4441 4439/4439
f 4442/4442 4439/4439 4440/4440
f 4286/4286 4444/4444 4442/4442
f 4286/4286 4442/4442 4440/4440
f 4285/4285 4287/4287 4289/4289
f 4285/4285 4289/4289 4443/4443
f 4447/4447 4445/4445 4442/4442
f 4447/4447 4442/4442 4444/4444
f 4289/4289 4448/4448 4446/4446
f 4289/4289 4446/4446 4443/4443
f 4289/4289 4290/4290 4292/4292
f 4289/4289 4292/4292 4448/4448
f 4451/4451 4450/4450 4446/4446
f 4451/4451 4446/4446 4448/4448
f 4292/4292 4452/4452 4451/4451
f 4292/4292 4451/4451 4448/4448
f 4292/4292 4293/4293 4295/4295
f 4292/4292 4295/4295 4452/4452
f 4454/4454 4453/4453 4451/4451
f 4454/4454 4451/4451 4452/4452
f 4295/4295 4455/4455 4454/4454
f 4295/4295 4454/4454 4452/4452
f 4295/4295 4296/4296 4298/4298
f 4295/4295 4298/4298 4455/4455
f 4457/4457 4456/4456 4454/4454
f 4457/4457 4454/4454 4455/4455
f 4298/4298 4458/4458 4457/4457
f 4298/4298 4457/4457 4455/4455
f 4298/4298 4299/4299 4301/4301
f 4298/4298 4301/4301 4458/4458
f 4460/4460 4459/4459 4457/4457
f 4460/4460 4457/4457 4458/4458
f 4301/4301 4461/4461 4460/4460
f 4301/4301 4460/4460 4458/4458
f 4301/4301 4302/4302 4304/4304
f 4301/4301 4304/4304 4461/4461
f 4312/4312 4313/4313 4460/4460
f 4312/4312 4460/4460 4461/4461
f 4304/4304 4311/4311 4312/4312
f 4304/4304 4312/4312 4461/4461
f 4313/4313 4314/4314 4459/4459
f 4313/4313 4459/4459 4460/4460
f 4462/4462 4456/4456 4457/4457
f 4462/4462 4457/4457 4459/4459
f 4314/4314 4315/4315 4462/4462
f 4314/4314 4462/4462 4459/4459
f 4464/4464 4463/4463 4456/4456
f 4464/4464 4456/4456 4462/4462
f 4315/4315 4316/4316 4464/4464
f 4315/4315 4464/4464 4462/4462
f 4467/4467 4466/4466 4463/4463
f 4467/4467 4463/4463 4464/4464
f 4316/4316 4317/4317 4467/4467
f 4316/4316 4467/4467 4464/4464
f 4321/4321 4469/4469 4465/4465
f 4321/4321 4465/4465 4468/4468
f 4318/4318 4319/4319 4321/4321
f 4318/4318 4321/4321 4468/4468
f 4472/4472 4470/4470 4465/4465
f 4472/4472 4465/4465 4469/4469
f 4324/4324 4473/4473 4472/4472
f 4324/4324 4472/4472 4469/4469
f 4321/4321 4322/4322 4324/4324
f 4321/4321 4324/4324 4469/4469
f 4475/4475 4474/4474 4472/4472
f 4475/4475 4472/4472 4473/4473
f 4327/4327 4476/4476 4475/4475
f 4327/4327 4475/4475 4473/4473
f 4324/4324 4325/4325 4327/4327
f 4324/4324 4327/4327 4473/4473
f 4478/4478 4477/4477 4475/4475
f 4478/4478 4475/4475 4476/4476
f 4330/4330 4479/4479 4478/4478
f 4330/4330 4478/4478 4476/4476
f 4327/4327 4328/4328 4330/4330
f 4327/4327 4330/4330 4476/4476
f 4481/4481 4480/4480 4478/4478
f 4481/4481 4478/4478 4479/4479
f 4333/4333 4482/4482 4481/4481
f 4333/4333 4481/4481 4479/4479
f 4330/4330 4331/4331 4333/4333
f 4330/4330 4333/4333 4479/4479
f 4484/4484 4483/4483 4481/4481
f 4484/4484 4481/4481 4482/4482
f 4486/4486 4485/4485 4484/4484
f 4486/4486 4484/4484 4482/4482
f 4333/4333 4334/4334 4486/4486
f 4333/4333 4486/4486 4482/4482
f 4488/4488 4487/4487 4485/4485
f 4488/4488 4485/4485 4486/4486
f 4334/4334 4335/4335 4488/4488
f 4334/4334 4488/4488 4486/4486
f 4490/4490 4489/4489 4487/4487
f 4490/4490 4487/4487 4488/4488
f 4335/4335 4337/4337 4490/4490
f 4335/4335 4490/4490 4488/4488
f 4492/4492 4491/4491 4489/4489
f 4492/4492 4489/4489 4490/4490
f 4337/4337 4339/4339 4492/4492
f 4337/4337 4492/4492 4490/4490
f 4494/4494 4493/4493 4491/4491
f 4494/4494 4491/4491 4492/4492
f 4339/4339 4341/4341 4494/4494
f 4339/4339 4494/4494 4492/4492
f 4496/4496 4495/4495 4493/4493
f 4496/4496 4493/4493 4494/4494
f 4341/4341 4343/4343 4496/4496
f 4341/4341 4496/4496 4494/4494
f 4498/4498 4497/4497 4495/4495
f 4498/4498 4495/4495 4496/4496
f 4343/4343 4345/4345 4498/4498
f 4343/4343 4498/4498 4496/4496
f 4500/4500 4499/4499 4497/4497
f 4500/4500 4497/4497 4498/4498
f 4345/4345 4347/4347 4500/4500
f 4345/4345 4500/4500 4498/4498
f 4502/4502 4501/4501 4499/4499
f 4502/4502 4499/4499 4500/4500
f 4347/4347 4349/4349 4502/4502
f 4347/4347 4502/4502 4500/4500
f 4504/4504 4503/4503 4501/4501
f 4504/4504 4501/4501 4502/4502
f 4349/4349 4351/4351 4504/4504
f 4349/4349 4504/4504 4502/4502
f 4506/4506 4505/4505 4503/4503
f 4506/4506 4503/4503 4504/4504
f 4351/4351 4353/4353 4506/4506
f 4351/4351 4506/4506 4504/4504
f 4359/4359 4361/4361 4505/4505
f 4359/4359 4505/4505 4506/4506
f 4353/4353 4355/4355 4359/4359
f 4353/4353 4359/4359 4506/4506
f 4508/4508 4507/4507 4503/4503
f 4508/4508 4503/4503 4505/4505
f 4361/4361 4363/4363 4508/4508
f 4361/4361 4508/4508 4505/4505
f 4510/4510 4509/4509 4507/4507
f 4510/4510 4507/4507 4508/4508
f 4363/4363 4365/4365 4510/4510
f 4363/4363 4510/4510 4508/4508
f 4512/4512 4511/4511 4509/4509
f 4512/4512 4509/4509 4510/4510
f 4365/4365 4367/4367 4512/4512
f 4365/4365 4512/4512 4510/4510
f 4514/4514 4513/4513 4511/4511
f 4514/4514 4511/4511 4512/4512
f 4367/4367 4369/4369 4514/4514
f 4367/4367 4514/4514 4512/4512
f 4516/4516 4515/4515 4513/4513
f 4516/4516 4513/4513 4514/4514
f 4369/4369 4371/4371 4516/4516
f 4369/4369 4516/4516 4514/4514
f 4518/4518 4517/4517 4515/4515
f 4518/4518 4515/4515 4516/4516
f 4371/4371 4373/4373 4518/4518
f 4371/4371 4518/4518 4516/4516
f 4520/4520 4519/4519 4517/4517
f 4520/4520 4517/4517 4518/4518
f 4373/4373 4375/4375 4520/4520
f 4373/4373 4520/4520 4518/4518
f 4522/4522 4521/4521 4519/4519
f 4522/4522 4519/4519 4520/4520
f 4375/4375 4377/4377 4522/4522
f 4375/4375 4522/4522 4520/4520
f 4524/4524 4523/4523 4521/4521
f 4524/4524 4521/4521 4522/4522
f 4377/4377 4379/4379 4524/4524
f 4377/4377 4524/4524 4522/4522
f 4526/4526 4525/4525 4523/4523
f 4526/4526 4523/4523 4524/4524
f 4379/4379 4381/4381 4526/4526
f 4379/4379 4526/4526 4524/4524
f 4528/4528 4527/4527 4525/4525
f 4528/4528 4525/4525 4526/4526
f 4381/4381 4383/4383 4528/4528
f 4381/4381 4528/4528 4526/4526
f 4529/4529 4402/4402 4527/4527
f 4529/4529 4527/4527 4528/4528
f 4383/4383 4385/4385 4529/4529
f 4383/4383 4529/4529 4528/4528
f 4399/4399 4400/4400 4402/4402
f 4399/4399 4402/4402 4529/4529
f 4385/4385 4387/4387 4399/4399
f 4385/4385 4399/4399 4529/4529
f 4402/4402 4403/4403 4405/4405
f 4402/4402 4405/4405 4527/4527
f 4405/4405 4530/4530 4525/4525
f 4405/4405 4525/4525 4527/4527
f 4405/4405 4406/4406 4408/4408
f 4405/4405 4408/4408 4530/4530
f 4531/4531 4523/4523 4525/4525
f 4531/4531 4525/4525 4530/4530
f 4408/4408 4532/4532 4531/4531
f 4408/4408 4531/4531 4530/4530
f 4408/4408 4409/4409 4411/4411
f 4408/4408 4411/4411 4532/4532
f 4534/4534 4533/4533 4531/4531
f 4534/4534 4531/4531 4532/4532
f 4411/4411 4535/4535 4534/4534
f 4411/4411 4534/4534 4532/4532
f 4411/4411 4412/4412 4414/4414
f 4411/4411 4414/4414 4535/4535
f 4537/4537 4536/4536 4534/4534
f 4537/4537 4534/4534 4535/4535
f 4414/4414 4538/4538 4537/4537
f 4414/4414 4537/4537 4535/4535
f 4414/4414 4415/4415 4417/4417
f 4414/4414 4417/4417 4538/4538
f 4540/4540 4539/4539 4537/4537
f 4540/4540 4537/4537 4538/4538
f 4417/4417 4541/4541 4540/4540
f 4417/4417 4540/4540 4538/4538
f 4417/4417 4418/4418 4420/4420
f 4417/4417 4420/4420 4541/4541
f 4543/4543 4542/4542 4540/4540
f 4543/4543 4540/4540 4541/4541
f 4420/4420 4544/4544 4543/4543
f 4420/4420 4543/4543 4541/4541
f 4420/4420 4421/4421 4423/4423
f 4420/4420 4423/4423 4544/4544
f 4546/4546 4545/4545 4543/4543
f 4546/4546 4543/4543 4544/4544
f 4423/4423 4547/4547 4546/4546
f 4423/4423 4546/4546 4544/4544
f 4423/4423 4424/4424 4426/4426
f 4423/4423 4426/4426 4547/4547
f 4549/4549 4548/4548 4546/4546
f 4549/4549 4546/4546 4547/4547
f 4426/4426 4550/4550 4549/4549
f 4426/4426 4549/4549 4547/4547
f 4426/4426 4427/4427 4429/4429
f 4426/4426 4429/4429 4550/4550
f 4552/4552 4551/4551 4549/4549
f 4552/4552 4549/4549 4550/4550
f 4429/4429 4553/4553 4552/4552
f 4429/4429 4552/4552 4550/4550
f 4429/4429 4430/4430 4432/4432
f 4429/4429 4432/4432 4553/4553
f 4555/4555 4554/4554 4552/4552
f 4555/4555 4552/4552 4553/4553
f 4432/4432 4556/4556 4555/4555
f 4432/4432 4555/4555 4553/4553
f 4432/4432 4433/4433 4435/4435
f 4432/4432 4435/4435 4556/4556
f 4484/4484 4485/4485 4555/4555
f 4484/4484 4555/4555 4556/4556
f 4435/4435 4483/4483 4484/4484
f 4435/4435 4484/4484 4556/4556
f 4485/4485 4487/4487 4554/4554
f 4485/4485 4554/4554 4555/4555
f 4557/4557 4551/4551 4552/4552
f 4557/4557 4552/4552 4554/4554
f 4487/4487 4489/4489 4557/4557
f 4487/4487 4557/4557 4554/4554
f 4559/4559 4558/4558 4551/4551
f 4559/4559 4551/4551 4557/4557
f 4489/4489 4491/4491 4559/4559
f 4489/4489 4559/4559 4557/4557
f 4561/4561 4560/4560 4558/4558
f 4561/4561 4558/4558 4559/4559
f 4491/4491 4493/4493 4561/4561
f 4491/4491 4561/4561 4559/4559
f 4563/4563 4562/4562 4560/4560
f 4563/4563 4560/4560 4561/4561
f 4493/4493 4495/4495 4563/4563
f 4493/4493 4563/4563 4561/4561
f 4565/4565 4564/4564 4562/4562
f 4565/4565 4562/4562 4563/4563
f 4495/4495 4497/4497 4565/4565
f 4495/4495 4565/4565 4563/4563
f 4567/4567 4566/4566 4564/4564
f 4567/4567 4564/4564 4565/4565
f 4497/4497 4499/4499 4567/4567
f 4497/4497 4567/4567 4565/4565
f 4569/4569 4568/4568 4566/4566
f 4569/4569 4566/4566 4567/4567
f 4499/4499 4501/4501 4569/4569
f 4499/4499 4569/4569 4567/4567
f 4507/4507 4509/4509 4568/4568
f 4507/4507 4568/4568 4569/4569
f 4501/4501 4503/4503 4507/4507
f 4501/4501 4507/4507 4569/4569
f 4571/4571 4570/4570 4566/4566
f 4571/4571 4566/4566 4568/4568
f 4509/4509 4511/4511 4571/4571
f 4509/4509 4571/4571 4568/4568
f 4573/4573 4572/4572 4570/4570
f 4573/4573 4570/4570 4571/4571
f 4511/4511 4513/4513 4573/4573
f 4511/4511 4573/4573 4571/4571
f 4575/4575 4574/4574 4572/4572
f 4575/4575 4572/4572 4573/4573
f 4513/4513 4515/4515 4575/4575
f 4513/4513 4575/4575 4573/4573
f 4577/4577 4576/4576 4574/4574
f 4577/4577 4574/4574 4575/4575
f 4515/4515 4517/4517 4577/4577
f 4515/4515 4577/4577 4575/4575
f 4578/4578 4536/4536 4576/4576
f 4578/4578 4576/4576 4577/4577
f 4517/4517 4519/4519 4578/4578
f 4517/4517 4578/4578 4577/4577
f 4533/4533 4534/4534 4536/4536
f 4533/4533 4536/4536 4578/4578
f 4519/4519 4521/4521 4533/4533
f 4519/4519 4533/4533 4578/4578
f 4536/4536 4537/4537 4539/4539
f 4536/4536 4539/4539 4576/4576
f 4539/4539 4579/4579 4574/4574
f 4539/4539 4574/4574 4576/4576
f 4539/4539 4540/4540 4542/4542
f 4539/4539 4542/4542 4579/4579
f 4580/4580 4572/4572 4574/4574
f 4580/4580 4574/4574 4579/4579
f 4542/4542 4581/4581 4580/4580
f 4542/4542 4580/4580 4579/4579
f 4542/4542 4543/4543 4545/4545
f 4542/4542 4545/4545 4581/4581
f 4583/4583 4582/4582 4580/4580
f 4583/4583 4580/4580 4581/4581
f 4545/4545 4584/4584 4583/4583
f 4545/4545 4583/4583 4581/4581
f 4545/4545 4546/4546 4548/4548
f 4545/4545 4548/4548 4584/4584
f 4560/4560 4562/4562 4583/4583
f 4560/4560 4583/4583 4584/4584
f 4548/4548 4558/4558 4560/4560
f 4548/4548 4560/4560 4584/4584
f 4562/4562 4564/4564 4582/4582
f 4562/4562 4582/4582 4583/4583
f 4570/4570 4572/4572 4580/4580
f 4570/4570 4580/4580 4582/4582
f 4564/4564 4566/4566 4570/4570
f 4564/4564 4570/4570 4582/4582
f 4548/4548 4549/4549 4551/4551
f 4548/4548 4551/4551 4558/4558
f 4521/4521 4523/4523 4531/4531
f 4521/4521 4531/4531 4533/4533
f 4435/4435 4436/4436 4438/4438
f 4435/4435 4438/4438 4483/4483
f 4438/4438 4480/4480 4481/4481
f 4438/4438 4481/4481 4483/4483
f 4438/4438 4439/4439 4441/4441
f 4438/4438 4441/4441 4480/4480
f 4441/4441 4477/4477 4478/4478
f 4441/4441 4478/4478 4480/4480
f 4441/4441 4442/4442 4445/4445
f 4441/4441 4445/4445 4477/4477
f 4445/4445 4474/4474 4475/4475
f 4445/4445 4475/4475 4477/4477
f 4445/4445 4447/4447 4449/4449
f 4445/4445 4449/4449 4474/4474
f 4449/4449 4470/4470 4472/4472
f 4449/4449 4472/4472 4474/4474
f 4450/4450 4451/4451 4453/4453
f 4450/4450 4453/4453 4471/4471
f 4453/4453 4463/4463 4466/4466
f 4453/4453 4466/4466 4471/4471
f 4453/4453 4454/4454 4456/4456
f 4453/4453 4456/4456 4463/4463
f 4387/4387 4389/4389 4397/4397
f 4387/4387 4397/4397 4399/4399
f 4304/4304 4305/4305 4307/4307
f 4304/4304 4307/4307 4311/4311
f 4217/4217 4219/4219 4227/4227
f 4217/4217 4227/4227 4229/4229
f 3942/3942 3943/3943 3945/3945
f 3942/3942 3945/3945 4145/4145
f 3939/3939 3940/3940 3942/3942
f 3939/3939 3942/3942 4141/4141
f 3936/3936 3937/3937 3939/3939
f 3936/3936 3939/3939 4137/4137
f 3933/3933 3934/3934 3936/3936
f 3933/3933 3936/3936 4133/4133
f 3930/3930 3931/3931 3933/3933
f 3930/3930 3933/3933 4129/4129
f 3927/3927 3928/3928 3930/3930
f 3927/3927 3930/3930 4125/4125
f 3924/3924 3925/3925 3927/3927
f 3924/3924 3927/3927 4121/4121
f 3921/3921 3922/3922 3924/3924
f 3921/3921 3924/3924 4117/4117
f 3918/3918 3919/3919 3921/3921
f 3918/3918 3921/3921 4113/4113
f 3915/3915 3916/3916 3918/3918
f 3915/3915 3918/3918 4108/4108
f 3912/3912 3913/3913 3915/3915
f 3912/3912 3915/3915 4103/4103
f 3909/3909 3910/3910 3912/3912
f 3909/3909 3912/3912 4098/4098
f 3904/3904 3905/3905 3908/3908
f 3904/3904 3908/3908 4093/4093
f 3900/3900 3901/3901 3904/3904
f 3900/3900 3904/3904 4089/4089
f 3897/3897 3898/3898 3900/3900
f 3897/3897 3900/3900 4085/4085
f 3894/3894 3895/3895 3897/3897
f 3894/3894 3897/3897 4081/4081
f 3891/3891 3892/3892 3894/3894
f 3891/3891 3894/3894 4077/4077
f 3888/3888 3889/3889 3891/3891
f 3888/3888 3891/3891 4073/4073
f 3885/3885 3886/3886 3888/3888
f 3885/3885 3888/3888 4069/4069
f 3882/3882 3883/3883 3885/3885
f 3882/3882 3885/3885 4065/4065
f 3879/3879 3880/3880 3882/3882
f 3879/3879 3882/3882 4061/4061
f 3876/3876 3877/3877 3879/3879
f 3876/3876 3879/3879 4057/4057
f 3873/3873 3874/3874 3876/3876
f 3873/3873 3876/3876 4053/4053
f 3870/3870 3871/3871 3873/3873
f 3870/3870 3873/3873 4049/4049
f 3867/3867 3868/3868 3870/3870
f 3867/3867 3870/3870 4045/4045
f 3864/3864 3865/3865 3867/3867
f 3864/3864 3867/3867 4041/4041
f 3861/3861 3862/3862 3864/3864
f 3861/3861 3864/3864 4037/4037
f 3858/3858 3859/3859 3861/3861
f 3858/3858 3861/3861 4033/4033
f 3855/3855 3856/3856 3858/3858
f 3855/3855 3858/3858 4029/4029
f 4013/4013 4015/4015 4023/4023
f 4013/4013 4023/4023 4026/4026
f 3852/3852 3853/3853 3855/3855
f 3852/3852 3855/3855 4025/4025
f 3849/3849 3850/3850 3852/3852
f 3849/3849 3852/3852 4022/4022
f 3846/3846 3847/3847 3849/3849
f 3846/3846 3849/3849 4020/4020
f 3840/3840 3841/3841 3843/3843
f 3840/3840 3843/3843 3846/3846
f 3646/3646 3647/3647 3649/3649
f 3646/3646 3649/3649 3652/3652
f 3549/3549 3550/3550 4585/4585
f 3549/3549 4585/4585 3555/3555
f 3274/3274 3275/3275 3554/3554
f 3274/3274 3554/3554 3555/3555
f 4585/4585 4586/4586 3274/3274
f 4585/4585 3274/3274 3555/3555
f 4585/4585 4588/4588 4587/4587
f 4585/4585 4587/4587 4586/4586
f 3271/3271 3272/3272 3274/3274
f 3271/3271 3274/3274 4586/4586
f 4587/4587 4589/4589 3271/3271
f 4587/4587 3271/3271 4586/4586
f 4587/4587 4591/4591 4590/4590
f 4587/4587 4590/4590 4589/4589
f 3268/3268 3269/3269 3271/3271
f 3268/3268 3271/3271 4589/4589
f 4590/4590 4592/4592 3268/3268
f 4590/4590 3268/3268 4589/4589
f 4590/4590 4594/4594 4593/4593
f 4590/4590 4593/4593 4592/4592
f 3265/3265 3266/3266 3268/3268
f 3265/3265 3268/3268 4592/4592
f 4593/4593 4595/4595 3265/3265
f 4593/4593 3265/3265 4592/4592
f 4593/4593 4597/4597 4596/4596
f 4593/4593 4596/4596 4595/4595
f 3262/3262 3263/3263 3265/3265
f 3262/3262 3265/3265 4595/4595
f 4596/4596 4598/4598 3262/3262
f 4596/4596 3262/3262 4595/4595
f 4596/4596 4600/4600 4599/4599
f 4596/4596 4599/4599 4598/4598
f 3259/3259 3260/3260 3262/3262
f 3259/3259 3262/3262 4598/4598
f 4599/4599 4601/4601 3259/3259
f 4599/4599 3259/3259 4598/4598
f 4599/4599 4603/4603 4602/4602
f 4599/4599 4602/4602 4601/4601
f 3256/3256 3257/3257 3259/3259
f 3256/3256 3259/3259 4601/4601
f 4602/4602 4604/4604 3256/3256
f 4602/4602 3256/3256 4601/4601
f 4602/4602 4606/4606 4605/4605
f 4602/4602 4605/4605 4604/4604
f 3253/3253 3254/3254 3256/3256
f 3253/3253 3256/3256 4604/4604
f 4605/4605 4607/4607 3253/3253
f 4605/4605 3253/3253 4604/4604
f 4605/4605 4609/4609 4608/4608
f 4605/4605 4608/4608 4607/4607
f 3248/3248 3250/3250 3253/3253
f 3248/3248 3253/3253 4607/4607
f 4608/4608 3246/3246 3248/3248
f 4608/4608 3248/3248 4607/4607
f 4612/4612 4611/4611 4610/4610
f 4612/4612 4610/4610 4609/4609
f 4605/4605 4606/4606 4612/4612
f 4605/4605 4612/4612 4609/4609
f 4610/4610 4613/4613 4608/4608
f 4610/4610 4608/4608 4609/4609
f 4610/4610 4615/4615 4614/4614
f 4610/4610 4614/4614 4613/4613
f 3244/3244 3246/3246 4608/4608
f 3244/3244 4608/4608 4613/4613
f 4614/4614 3243/3243 3244/3244
f 4614/4614 3244/3244 4613/4613
f 4618/4618 4617/4617 4616/4616
f 4618/4618 4616/4616 4615/4615
f 4610/4610 4611/4611 4618/4618
f 4610/4610 4618/4618 4615/4615
f 4616/4616 4619/4619 4614/4614
f 4616/4616 4614/4614 4615/4615
f 4616/4616 4621/4621 4620/4620
f 4616/4616 4620/4620 4619/4619
f 3242/3242 3243/3243 4614/4614
f 3242/3242 4614/4614 4619/4619
f 4620/4620 4622/4622 3242/3242
f 4620/4620 3242/3242 4619/4619
f 4620/4620 4624/4624 4623/4623
f 4620/4620 4623/4623 4622/4622
f 3239/3239 3240/3240 3242/3242
f 3239/3239 3242/3242 4622/4622
f 4623/4623 4625/4625 3239/3239
f 4623/4623 3239/3239 4622/4622
f 4623/4623 4627/4627 4626/4626
f 4623/4623 4626/4626 4625/4625
f 3234/3234 3236/3236 3239/3239
f 3234/3234 3239/3239 4625/4625
f 4626/4626 3232/3232 3234/3234
f 4626/4626 3234/3234 4625/4625
f 2820/2820 2821/2821 2825/2825
f 2820/2820 2825/2825 4627/4627
f 4623/4623 4624/4624 2820/2820
f 4623/4623 2820/2820 4627/4627
f 2825/2825 4628/4628 4626/4626
f 2825/2825 4626/4626 4627/4627
f 2825/2825 2826/2826 2830/2830
f 2825/2825 2830/2830 4628/4628
f 3230/3230 3232/3232 4626/4626
f 3230/3230 4626/4626 4628/4628
f 2830/2830 3229/3229 3230/3230
f 2830/2830 3230/3230 4628/4628
f 2815/2815 2816/2816 2820/2820
f 2815/2815 2820/2820 4624/4624
f 4620/4620 4621/4621 2815/2815
f 4620/4620 2815/2815 4624/4624
f 2810/2810 2811/2811 2815/2815
f 2810/2810 2815/2815 4621/4621
f 4616/4616 4617/4617 2810/2810
f 4616/4616 2810/2810 4621/4621
f 4629/4629 2805/2805 4617/4617
f 4629/4629 4617/4617 4618/4618
f 4611/4611 4630/4630 4629/4629
f 4611/4611 4629/4629 4618/4618
f 4631/4631 2800/2800 4629/4629
f 4631/4631 4629/4629 4630/4630
f 4633/4633 4632/4632 4631/4631
f 4633/4633 4631/4631 4630/4630
f 4611/4611 4612/4612 4633/4633
f 4611/4611 4633/4633 4630/4630
f 4635/4635 4634/4634 4632/4632
f 4635/4635 4632/4632 4633/4633
f 4612/4612 4606/4606 4635/4635
f 4612/4612 4635/4635 4633/4633
f 4603/4603 4636/4636 4634/4634
f 4603/4603 4634/4634 4635/4635
f 4606/4606 4602/4602 4603/4603
f 4606/4606 4603/4603 4635/4635
f 4638/4638 4637/4637 4634/4634
f 4638/4638 4634/4634 4636/4636
f 4600/4600 4639/4639 4638/4638
f 4600/4600 4638/4638 4636/4636
f 4603/4603 4599/4599 4600/4600
f 4603/4603 4600/4600 4636/4636
f 4641/4641 4640/4640 4638/4638
f 4641/4641 4638/4638 4639/4639
f 4597/4597 4642/4642 4641/4641
f 4597/4597 4641/4641 4639/4639
f 4600/4600 4596/4596 4597/4597
f 4600/4600 4597/4597 4639/4639
f 4644/4644 4643/4643 4641/4641
f 4644/4644 4641/4641 4642/4642
f 4594/4594 4645/4645 4644/4644
f 4594/4594 4644/4644 4642/4642
f 4597/4597 4593/4593 4594/4594
f 4597/4597 4594/4594 4642/4642
f 4647/4647 4646/4646 4644/4644
f 4647/4647 4644/4644 4645/4645
f 4591/4591 4648/4648 4647/4647
f 4591/4591 4647/4647 4645/4645
f 4594/4594 4590/4590 4591/4591
f 4594/4594 4591/4591 4645/4645
f 4650/4650 4649/4649 4647/4647
f 4650/4650 4647/4647 4648/4648
f 4588/4588 4651/4651 4650/4650
f 4588/4588 4650/4650 4648/4648
f 4591/4591 4587/4587 4588/4588
f 4591/4591 4588/4588 4648/4648
f 3545/3545 4652/4652 4650/4650
f 3545/3545 4650/4650 4651/4651
f 3550/3550 3544/3544 3545/3545
f 3550/3550 3545/3545 4651/4651
f 4588/4588 4585/4585 3550/3550
f 4588/4588 3550/3550 4651/4651
f 4653/4653 4649/4649 4650/4650
f 4653/4653 4650/4650 4652/4652
f 3540/3540 4654/4654 4653/4653
f 3540/3540 4653/4653 4652/4652
f 3545/3545 3539/3539 3540/3540
f 3545/3545 3540/3540 4652/4652
f 4656/4656 4655/4655 4653/4653
f 4656/4656 4653/4653 4654/4654
f 3535/3535 4657/4657 4656/4656
f 3535/3535 4656/4656 4654/4654
f 3540/3540 3534/3534 3535/3535
f 3540/3540 3535/3535 4654/4654
f 4658/4658 2774/2774 4656/4656
f 4658/4658 4656/4656 4657/4657
f 3530/3530 4659/4659 4658/4658
f 3530/3530 4658/4658 4657/4657
f 3535/3535 3529/3529 3530/3530
f 3535/3535 3530/3530 4657/4657
f 4660/4660 2771/2771 4658/4658
f 4660/4660 4658/4658 4659/4659
f 3525/3525 4661/4661 4660/4660
f 3525/3525 4660/4660 4659/4659
f 3530/3530 3524/3524 3525/3525
f 3530/3530 3525/3525 4659/4659
f 4662/4662 2766/2766 4660/4660
f 4662/4662 4660/4660 4661/4661
f 3520/3520 4663/4663 4662/4662
f 3520/3520 4662/4662 4661/4661
f 3525/3525 3519/3519 3520/3520
f 3525/3525 3520/3520 4661/4661
f 4664/4664 2761/2761 4662/4662
f 4664/4664 4662/4662 4663/4663
f 3515/3515 4665/4665 4664/4664
f 3515/3515 4664/4664 4663/4663
f 3520/3520 3514/3514 3515/3515
f 3520/3520 3515/3515 4663/4663
f 4666/4666 2756/2756 4664/4664
f 4666/4666 4664/4664 4665/4665
f 3510/3510 4667/4667 4666/4666
f 3510/3510 4666/4666 4665/4665
f 3515/3515 3509/3509 3510/3510
f 3515/3515 3510/3510 4665/4665
f 4668/4668 2751/2751 4666/4666
f 4668/4668 4666/4666 4667/4667
f 3505/3505 4669/4669 4668/4668
f 3505/3505 4668/4668 4667/4667
f 3510/3510 3504/3504 3505/3505
f 3510/3510 3505/3505 4667/4667
f 4670/4670 2746/2746 4668/4668
f 4670/4670 4668/4668 4669/4669
f 3500/3500 4671/4671 4670/4670
f 3500/3500 4670/4670 4669/4669
f 3505/3505 3499/3499 3500/3500
f 3505/3505 3500/3500 4669/4669
f 4672/4672 2741/2741 4670/4670
f 4672/4672 4670/4670 4671/4671
f 3495/3495 4673/4673 4672/4672
f 3495/3495 4672/4672 4671/4671
f 3500/3500 3494/3494 3495/3495
f 3500/3500 3495/3495 4671/4671
f 4674/4674 2736/2736 4672/4672
f 4674/4674 4672/4672 4673/4673
f 3490/3490 4675/4675 4674/4674
f 3490/3490 4674/4674 4673/4673
f 3495/3495 3489/3489 3490/3490
f 3495/3495 3490/3490 4673/4673
f 4676/4676 2731/2731 4674/4674
f 4676/4676 4674/4674 4675/4675
f 3485/3485 4677/4677 4676/4676
f 3485/3485 4676/4676 4675/4675
f 3490/3490 3484/3484 3485/3485
f 3490/3490 3485/3485 4675/4675
f 4678/4678 2726/2726 4676/4676
f 4678/4678 4676/4676 4677/4677
f 3479/3479 4679/4679 4678/4678
f 3479/3479 4678/4678 4677/4677
f 3485/3485 3478/3478 3479/3479
f 3485/3485 3479/3479 4677/4677
f 4680/4680 2721/2721 4678/4678
f 4680/4680 4678/4678 4679/4679
f 3474/3474 4681/4681 4680/4680
f 3474/3474 4680/4680 4679/4679
f 3479/3479 3473/3473 3474/3474
f 3479/3479 3474/3474 4679/4679
f 4682/4682 2716/2716 4680/4680
f 4682/4682 4680/4680 4681/4681
f 3469/3469 4683/4683 4682/4682
f 3469/3469 4682/4682 4681/4681
f 3474/3474 3468/3468 3469/3469
f 3474/3474 3469/3469 4681/4681
f 4684/4684 2711/2711 4682/4682
f 4684/4684 4682/4682 4683/4683
f 3464/3464 4685/4685 4684/4684
f 3464/3464 4684/4684 4683/4683
f 3469/3469 3463/3463 3464/3464
f 3469/3469 3464/3464 4683/4683
f 4686/4686 2706/2706 4684/4684
f 4686/4686 4684/4684 4685/4685
f 3459/3459 4687/4687 4686/4686
f 3459/3459 4686/4686 4685/4685
f 3464/3464 3458/3458 3459/3459
f 3464/3464 3459/3459 4685/4685
f 4688/4688 2701/2701 4686/4686
f 4688/4688 4686/4686 4687/4687
f 3454/3454 4689/4689 4688/4688
f 3454/3454 4688/4688 4687/4687
f 3459/3459 3453/3453 3454/3454
f 3459/3459 3454/3454 4687/4687
f 4690/4690 2696/2696 4688/4688
f 4690/4690 4688/4688 4689/4689
f 3449/3449 4691/4691 4690/4690
f 3449/3449 4690/4690 4689/4689
f 3454/3454 3448/3448 3449/3449
f 3454/3454 3449/3449 4689/4689
f 4692/4692 2691/2691 4690/4690
f 4692/4692 4690/4690 4691/4691
f 3444/3444 4693/4693 4692/4692
f 3444/3444 4692/4692 4691/4691
f 3449/3449 3443/3443 3444/3444
f 3449/3449 3444/3444 4691/4691
f 4694/4694 2686/2686 4692/4692
f 4694/4694 4692/4692 4693/4693
f 3439/3439 4695/4695 4694/4694
f 3439/3439 4694/4694 4693/4693
f 3444/3444 3438/3438 3439/3439
f 3444/3444 3439/3439 4693/4693
f 4696/4696 2681/2681 4694/4694
f 4696/4696 4694/4694 4695/4695
f 3434/3434 4697/4697 4696/4696
f 3434/3434 4696/4696 4695/4695
f 3439/3439 3433/3433 3434/3434
f 3439/3439 3434/3434 4695/4695
f 4698/4698 2676/2676 4696/4696
f 4698/4698 4696/4696 4697/4697
f 3429/3429 4699/4699 4698/4698
f 3429/3429 4698/4698 4697/4697
f 3434/3434 3428/3428 3429/3429
f 3434/3434 3429/3429 4697/4697
f 4700/4700 2671/2671 4698/4698
f 4700/4700 4698/4698 4699/4699
f 3424/3424 4701/4701 4700/4700
f 3424/3424 4700/4700 4699/4699
f 3429/3429 3423/3423 3424/3424
f 3429/3429 3424/3424 4699/4699
f 4702/4702 2666/2666 4700/4700
f 4702/4702 4700/4700 4701/4701
f 3419/3419 4703/4703 4702/4702
f 3419/3419 4702/4702 4701/4701
f 3424/3424 3418/3418 3419/3419
f 3424/3424 3419/3419 4701/4701
f 4704/4704 2661/2661 4702/4702
f 4704/4704 4702/4702 4703/4703
f 3414/3414 4705/4705 4704/4704
f 3414/3414 4704/4704 4703/4703
f 3419/3419 3413/3413 3414/3414
f 3419/3419 3414/3414 4703/4703
f 4706/4706 2656/2656 4704/4704
f 4706/4706 4704/4704 4705/4705
f 3409/3409 4707/4707 4706/4706
f 3409/3409 4706/4706 4705/4705
f 3414/3414 3408/3408 3409/3409
f 3414/3414 3409/3409 4705/4705
f 4708/4708 2651/2651 4706/4706
f 4708/4708 4706/4706 4707/4707
f 3404/3404 4709/4709 4708/4708
f 3404/3404 4708/4708 4707/4707
f 3409/3409 3403/3403 3404/3404
f 3409/3409 3404/3404 4707/4707
f 4710/4710 2646/2646 4708/4708
f 4710/4710 4708/4708 4709/4709
f 3399/3399 4711/4711 4710/4710
f 3399/3399 4710/4710 4709/4709
f 3404/3404 3398/3398 3399/3399
f 3404/3404 3399/3399 4709/4709
f 4712/4712 2641/2641 4710/4710
f 4712/4712 4710/4710 4711/4711
f 3394/3394 4713/4713 4712/4712
f 3394/3394 4712/4712 4711/4711
f 3399/3399 3393/3393 3394/3394
f 3399/3399 3394/3394 4711/4711
f 4714/4714 2636/2636 4712/4712
f 4714/4714 4712/4712 4713/4713
f 3389/3389 4715/4715 4714/4714
f 3389/3389 4714/4714 4713/4713
f 3394/3394 3388/3388 3389/3389
f 3394/3394 3389/3389 4713/4713
f 18/18 19/19 4714/4714
f 18/18 4714/4714 4715/4715
f 3379/3379 22/22 18/18
f 3379/3379 18/18 4715/4715
f 3389/3389 3384/3384 3379/3379
f 3389/3389 3379/3379 4715/4715
f 19/19 2633/2633 2636/2636
f 19/19 2636/2636 4714/4714
f 2636/2636 2637/2637 2641/2641
f 2636/2636 2641/2641 4712/4712
f 2641/2641 2642/2642 2646/2646
f 2641/2641 2646/2646 4710/4710
f 2646/2646 2647/2647 2651/2651
f 2646/2646 2651/2651 4708/4708
f 2651/2651 2652/2652 2656/2656
f 2651/2651 2656/2656 4706/4706
f 2656/2656 2657/2657 2661/2661
f 2656/2656 2661/2661 4704/4704
f 2661/2661 2662/2662 2666/2666
f 2661/2661 2666/2666 4702/4702
f 2666/2666 2667/2667 2671/2671
f 2666/2666 2671/2671 4700/4700
f 2671/2671 2672/2672 2676/2676
f 2671/2671 2676/2676 4698/4698
f 2676/2676 2677/2677 2681/2681
f 2676/2676 2681/2681 4696/4696
f 2681/2681 2682/2682 2686/2686
f 2681/2681 2686/2686 4694/4694
f 2686/2686 2687/2687 2691/2691
f 2686/2686 2691/2691 4692/4692
f 2691/2691 2692/2692 2696/2696
f 2691/2691 2696/2696 4690/4690
f 2696/2696 2697/2697 2701/2701
f 2696/2696 2701/2701 4688/4688
f 2701/2701 2702/2702 2706/2706
f 2701/2701 2706/2706 4686/4686
f 2706/2706 2707/2707 2711/2711
f 2706/2706 2711/2711 4684/4684
f 2711/2711 2712/2712 2716/2716
f 2711/2711 2716/2716 4682/4682
f 2716/2716 2717/2717 2721/2721
f 2716/2716 2721/2721 4680/4680
f 2721/2721 2722/2722 2726/2726
f 2721/2721 2726/2726 4678/4678
f 2726/2726 2727/2727 2731/2731
f 2726/2726 2731/2731 4676/4676
f 2731/2731 2732/2732 2736/2736
f 2731/2731 2736/2736 4674/4674
f 2736/2736 2737/2737 2741/2741
f 2736/2736 2741/2741 4672/4672
f 2741/2741 2742/2742 2746/2746
f 2741/2741 2746/2746 4670/4670
f 2746/2746 2747/2747 2751/2751
f 2746/2746 2751/2751 4668/4668
f 2751/2751 2752/2752 2756/2756
f 2751/2751 2756/2756 4666/4666
f 2756/2756 2757/2757 2761/2761
f 2756/2756 2761/2761 4664/4664
f 2761/2761 2762/2762 2766/2766
f 2761/2761 2766/2766 4662/4662
f 2766/2766 2767/2767 2771/2771
f 2766/2766 2771/2771 4660/4660
f 2771/2771 2772/2772 2774/2774
f 2771/2771 2774/2774 4658/4658
f 2774/2774 2775/2775 4655/4655
f 2774/2774 4655/4655 4656/4656
f 4716/4716 4649/4649 4653/4653
f 4716/4716 4653/4653 4655/4655
f 2775/2775 2776/2776 4716/4716
f 2775/2775 4716/4716 4655/4655
f 4646/4646 4647/4647 4649/4649
f 4646/4646 4649/4649 4716/4716
f 2776/2776 4717/4717 4646/4646
f 2776/2776 4646/4646 4716/4716
f 2776/2776 2777/2777 2780/2780
f 2776/2776 2780/2780 4717/4717
f 4643/4643 4644/4644 4646/4646
f 4643/4643 4646/4646 4717/4717
f 2780/2780 4718/4718 4643/4643
f 2780/2780 4643/4643 4717/4717
f 2780/2780 2781/2781 2785/2785
f 2780/2780 2785/2785 4718/4718
f 4640/4640 4641/4641 4643/4643
f 4640/4640 4643/4643 4718/4718
f 2785/2785 4719/4719 4640/4640
f 2785/2785 4640/4640 4718/4718
f 2785/2785 2786/2786 2790/2790
f 2785/2785 2790/2790 4719/4719
f 4637/4637 4638/4638 4640/4640
f 4637/4637 4640/4640 4719/4719
f 2790/2790 4720/4720 4637/4637
f 2790/2790 4637/4637 4719/4719
f 2790/2790 2791/2791 2795/2795
f 2790/2790 2795/2795 4720/4720
f 4632/4632 4634/4634 4637/4637
f 4632/4632 4637/4637 4720/4720
f 2795/2795 4631/4631 4632/4632
f 2795/2795 4632/4632 4720/4720
f 2795/2795 2796/2796 2800/2800
f 2795/2795 2800/2800 4631/4631
f 2800/2800 2801/2801 2805/2805
f 2800/2800 2805/2805 4629/4629
f 2805/2805 2806/2806 2810/2810
f 2805/2805 2810/2810 4617/4617
f 3366/3366 3367/3367 3369/3369
f 3366/3366 3369/3369 3381/3381
f 2830/2830 2831/2831 2835/2835
f 2830/2830 2835/2835 3229/3229
f 2835/2835 2836/2836 2840/2840
f 2835/2835 2840/2840 3227/3227
f 2840/2840 2841/2841 2845/2845
f 2840/2840 2845/2845 3221/3221
f 2901/2901 2903/2903 2906/2906
f 2901/2901 2906/2906 3186/3186
f 2906/2906 2907/2907 2909/2909
f 2906/2906 2909/2909 3182/3182
f 2909/2909 2910/2910 2912/2912
f 2909/2909 2912/2912 3178/3178
f 2912/2912 2913/2913 2915/2915
f 2912/2912 2915/2915 3174/3174
f 2915/2915 2916/2916 2918/2918
f 2915/2915 2918/2918 3170/3170
f 2918/2918 2919/2919 2921/2921
f 2918/2918 2921/2921 3166/3166
f 2921/2921 2922/2922 2924/2924
f 2921/2921 2924/2924 3162/3162
f 2924/2924 2925/2925 2927/2927
f 2924/2924 2927/2927 3158/3158
f 2989/2989 2990/2990 2992/2992
f 2989/2989 2992/2992 3055/3055
f 2992/2992 2993/2993 2995/2995
f 2992/2992 2995/2995 3051/3051
f 2995/2995 2996/2996 2998/2998
f 2995/2995 2998/2998 3047/3047
f 2998/2998 2999/2999 3001/3001
f 2998/2998 3001/3001 3043/3043
f 3001/3001 3002/3002 3004/3004
f 3001/3001 3004/3004 3039/3039
f 3004/3004 3005/3005 3007/3007
f 3004/3004 3007/3007 3035/3035
f 3007/3007 3008/3008 3010/3010
f 3007/3007 3010/3010 3031/3031
f 3010/3010 3011/3011 3013/3013
f 3010/3010 3013/3013 3027/3027
f 2983/2983 2984/2984 2986/2986
f 2983/2983 2986/2986 2989/2989
f 2855/2855 2856/2856 2860/2860
f 2855/2855 2860/2860 2867/2867
f 4722/4722 4721/4721 2455/2455
f 4722/4722 2455/2455 2863/2863
f 2858/2858 2859/2859 4722/4722
f 2858/2858 4722/4722 2863/2863
f 2455/2455 2456/2456 2458/2458
f 2455/2455 2458/2458 2863/2863
f 4724/4724 4723/4723 4721/4721
f 4724/4724 4721/4721 4722/4722
f 2859/2859 4725/4725 4724/4724
f 2859/2859 4724/4724 4722/4722
f 4727/4727 4726/4726 4724/4724
f 4727/4727 4724/4724 4725/4725
f 2854/2854 4728/4728 4727/4727
f 2854/2854 4727/4727 4725/4725
f 2859/2859 2853/2853 2854/2854
f 2859/2859 2854/2854 4725/4725
f 4730/4730 4729/4729 4727/4727
f 4730/4730 4727/4727 4728/4728
f 2849/2849 4731/4731 4730/4730
f 2849/2849 4730/4730 4728/4728
f 2854/2854 2848/2848 2849/2849
f 2854/2854 2849/2849 4728/4728
f 4733/4733 4732/4732 4730/4730
f 4733/4733 4730/4730 4731/4731
f 2844/2844 4734/4734 4733/4733
f 2844/2844 4733/4733 4731/4731
f 2849/2849 2843/2843 2844/2844
f 2849/2849 2844/2844 4731/4731
f 4736/4736 4735/4735 4733/4733
f 4736/4736 4733/4733 4734/4734
f 2839/2839 4737/4737 4736/4736
f 2839/2839 4736/4736 4734/4734
f 2844/2844 2838/2838 2839/2839
f 2844/2844 2839/2839 4734/4734
f 4739/4739 4738/4738 4736/4736
f 4739/4739 4736/4736 4737/4737
f 2834/2834 4740/4740 4739/4739
f 2834/2834 4739/4739 4737/4737
f 2839/2839 2833/2833 2834/2834
f 2839/2839 2834/2834 4737/4737
f 4742/4742 4741/4741 4739/4739
f 4742/4742 4739/4739 4740/4740
f 2829/2829 4743/4743 4742/4742
f 2829/2829 4742/4742 4740/4740
f 2834/2834 2828/2828 2829/2829
f 2834/2834 2829/2829 4740/4740
f 4745/4745 4744/4744 4742/4742
f 4745/4745 4742/4742 4743/4743
f 2824/2824 4746/4746 4745/4745
f 2824/2824 4745/4745 4743/4743
f 2829/2829 2823/2823 2824/2824
f 2829/2829 2824/2824 4743/4743
f 4748/4748 4747/4747 4745/4745
f 4748/4748 4745/4745 4746/4746
f 2819/2819 4749/4749 4748/4748
f 2819/2819 4748/4748 4746/4746
f 2824/2824 2818/2818 2819/2819
f 2824/2824 2819/2819 4746/4746
f 4751/4751 4750/4750 4748/4748
f 4751/4751 4748/4748 4749/4749
f 2814/2814 4752/4752 4751/4751
f 2814/2814 4751/4751 4749/4749
f 2819/2819 2813/2813 2814/2814
f 2819/2819 2814/2814 4749/4749
f 4754/4754 4753/4753 4751/4751
f 4754/4754 4751/4751 4752/4752
f 2809/2809 4755/4755 4754/4754
f 2809/2809 4754/4754 4752/4752
f 2814/2814 2808/2808 2809/2809
f 2814/2814 2809/2809 4752/4752
f 4757/4757 4756/4756 4754/4754
f 4757/4757 4754/4754 4755/4755
f 2804/2804 4758/4758 4757/4757
f 2804/2804 4757/4757 4755/4755
f 2809/2809 2803/2803 2804/2804
f 2809/2809 2804/2804 4755/4755
f 4760/4760 4759/4759 4757/4757
f 4760/4760 4757/4757 4758/4758
f 2799/2799 4761/4761 4760/4760
f 2799/2799 4760/4760 4758/4758
f 2804/2804 2798/2798 2799/2799
f 2804/2804 2799/2799 4758/4758
f 4763/4763 4762/4762 4760/4760
f 4763/4763 4760/4760 4761/4761
f 2794/2794 4764/4764 4763/4763
f 2794/2794 4763/4763 4761/4761
f 2799/2799 2793/2793 2794/2794
f 2799/2799 2794/2794 4761/4761
f 4766/4766 4765/4765 4763/4763
f 4766/4766 4763/4763 4764/4764
f 2789/2789 4767/4767 4766/4766
f 2789/2789 4766/4766 4764/4764
f 2794/2794 2788/2788 2789/2789
f 2794/2794 2789/2789 4764/4764
f 4769/4769 4768/4768 4766/4766
f 4769/4769 4766/4766 4767/4767
f 2784/2784 4770/4770 4769/4769
f 2784/2784 4769/4769 4767/4767
f 2789/2789 2783/2783 2784/2784
f 2789/2789 2784/2784 4767/4767
f 2765/2765 4771/4771 4769/4769
f 2765/2765 4769/4769 4770/4770
f 2770/2770 2764/2764 2765/2765
f 2770/2770 2765/2765 4770/4770
f 2784/2784 2779/2779 2770/2770
f 2784/2784 2770/2770 4770/4770
f 4772/4772 4768/4768 4769/4769
f 4772/4772 4769/4769 4771/4771
f 2760/2760 4773/4773 4772/4772
f 2760/2760 4772/4772 4771/4771
f 2765/2765 2759/2759 2760/2760
f 2765/2765 2760/2760 4771/4771
f 4775/4775 4774/4774 4772/4772
f 4775/4775 4772/4772 4773/4773
f 2755/2755 4776/4776 4775/4775
f 2755/2755 4775/4775 4773/4773
f 2760/2760 2754/2754 2755/2755
f 2760/2760 2755/2755 4773/4773
f 4778/4778 4777/4777 4775/4775
f 4778/4778 4775/4775 4776/4776
f 2750/2750 4779/4779 4778/4778
f 2750/2750 4778/4778 4776/4776
f 2755/2755 2749/2749 2750/2750
f 2755/2755 2750/2750 4776/4776
f 4781/4781 4780/4780 4778/4778
f 4781/4781 4778/4778 4779/4779
f 2745/2745 4782/4782 4781/4781
f 2745/2745 4781/4781 4779/4779
f 2750/2750 2744/2744 2745/2745
f 2750/2750 2745/2745 4779/4779
f 13/13 14/14 4781/4781
f 13/13 4781/4781 4782/4782
f 2740/2740 4783/4783 13/13
f 2740/2740 13/13 4782/4782
f 2745/2745 2739/2739 2740/2740
f 2745/2745 2740/2740 4782/4782
f 17/17 1/1 13/13
f 17/17 13/13 4783/4783
f 2735/2735 4784/4784 17/17
f 2735/2735 17/17 4783/4783
f 2740/2740 2734/2734 2735/2735
f 2740/2740 2735/2735 4783/4783
f 4785/4785 16/16 17/17
f 4785/4785 17/17 4784/4784
f 2730/2730 4786/4786 4785/4785
f 2730/2730 4785/4785 4784/4784
f 2735/2735 2729/2729 2730/2730
f 2735/2735 2730/2730 4784/4784
f 4788/4788 4787/4787 4785/4785
f 4788/4788 4785/4785 4786/4786
f 2725/2725 4789/4789 4788/4788
f 2725/2725 4788/4788 4786/4786
f 2730/2730 2724/2724 2725/2725
f 2730/2730 2725/2725 4786/4786
f 4791/4791 4790/4790 4788/4788
f 4791/4791 4788/4788 4789/4789
f 2720/2720 4792/4792 4791/4791
f 2720/2720 4791/4791 4789/4789
f 2725/2725 2719/2719 2720/2720
f 2725/2725 2720/2720 4789/4789
f 4794/4794 4793/4793 4791/4791
f 4794/4794 4791/4791 4792/4792
f 2715/2715 4795/4795 4794/4794
f 2715/2715 4794/4794 4792/4792
f 2720/2720 2714/2714 2715/2715
f 2720/2720 2715/2715 4792/4792
f 4797/4797 4796/4796 4794/4794
f 4797/4797 4794/4794 4795/4795
f 2710/2710 4798/4798 4797/4797
f 2710/2710 4797/4797 4795/4795
f 2715/2715 2709/2709 2710/2710
f 2715/2715 2710/2710 4795/4795
f 4800/4800 4799/4799 4797/4797
f 4800/4800 4797/4797 4798/4798
f 2705/2705 4801/4801 4800/4800
f 2705/2705 4800/4800 4798/4798
f 2710/2710 2704/2704 2705/2705
f 2710/2710 2705/2705 4798/4798
f 4803/4803 4802/4802 4800/4800
f 4803/4803 4800/4800 4801/4801
f 2700/2700 4804/4804 4803/4803
f 2700/2700 4803/4803 4801/4801
f 2705/2705 2699/2699 2700/2700
f 2705/2705 2700/2700 4801/4801
f 4806/4806 4805/4805 4803/4803
f 4806/4806 4803/4803 4804/4804
f 2695/2695 4807/4807 4806/4806
f 2695/2695 4806/4806 4804/4804
f 2700/2700 2694/2694 2695/2695
f 2700/2700 2695/2695 4804/4804
f 4809/4809 4808/4808 4806/4806
f 4809/4809 4806/4806 4807/4807
f 2690/2690 4810/4810 4809/4809
f 2690/2690 4809/4809 4807/4807
f 2695/2695 2689/2689 2690/2690
f 2695/2695 2690/2690 4807/4807
f 4812/4812 4811/4811 4809/4809
f 4812/4812 4809/4809 4810/4810
f 2685/2685 4813/4813 4812/4812
f 2685/2685 4812/4812 4810/4810
f 2690/2690 2684/2684 2685/2685
f 2690/2690 2685/2685 4810/4810
f 4815/4815 4814/4814 4812/4812
f 4815/4815 4812/4812 4813/4813
f 2680/2680 4816/4816 4815/4815
f 2680/2680 4815/4815 4813/4813
f 2685/2685 2679/2679 2680/2680
f 2685/2685 2680/2680 4813/4813
f 4818/4818 4817/4817 4815/4815
f 4818/4818 4815/4815 4816/4816
f 2675/2675 4819/4819 4818/4818
f 2675/2675 4818/4818 4816/4816
f 2680/2680 2674/2674 2675/2675
f 2680/2680 2675/2675 4816/4816
f 4821/4821 4820/4820 4818/4818
f 4821/4821 4818/4818 4819/4819
f 2670/2670 4822/4822 4821/4821
f 2670/2670 4821/4821 4819/4819
f 2675/2675 2669/2669 2670/2670
f 2675/2675 2670/2670 4819/4819
f 4824/4824 4823/4823 4821/4821
f 4824/4824 4821/4821 4822/4822
f 2665/2665 4825/4825 4824/4824
f 2665/2665 4824/4824 4822/4822
f 2670/2670 2664/2664 2665/2665
f 2670/2670 2665/2665 4822/4822
f 4827/4827 4826/4826 4824/4824
f 4827/4827 4824/4824 4825/4825
f 2660/2660 4828/4828 4827/4827
f 2660/2660 4827/4827 4825/4825
f 2665/2665 2659/2659 2660/2660
f 2665/2665 2660/2660 4825/4825
f 4830/4830 4829/4829 4827/4827
f 4830/4830 4827/4827 4828/4828
f 2655/2655 4831/4831 4830/4830
f 2655/2655 4830/4830 4828/4828
f 2660/2660 2654/2654 2655/2655
f 2660/2660 2655/2655 4828/4828
f 4833/4833 4832/4832 4830/4830
f 4833/4833 4830/4830 4831/4831
f 2650/2650 4834/4834 4833/4833
f 2650/2650 4833/4833 4831/4831
f 2655/2655 2649/2649 2650/2650
f 2655/2655 2650/2650 4831/4831
f 4836/4836 4835/4835 4833/4833
f 4836/4836 4833/4833 4834/4834
f 2645/2645 4837/4837 4836/4836
f 2645/2645 4836/4836 4834/4834
f 2650/2650 2644/2644 2645/2645
f 2650/2650 2645/2645 4834/4834
f 2432/2432 2434/2434 4836/4836
f 2432/2432 4836/4836 4837/4837
f 2640/2640 2430/2430 2432/2432
f 2640/2640 2432/2432 4837/4837
f 2645/2645 2639/2639 2640/2640
f 2645/2645 2640/2640 4837/4837
f 2434/2434 2436/2436 4835/4835
f 2434/2434 4835/4835 4836/4836
f 2436/2436 2438/2438 4838/4838
f 2436/2436 4838/4838 4835/4835
f 4838/4838 4832/4832 4833/4833
f 4838/4838 4833/4833 4835/4835
f 2438/2438 2440/2440 4839/4839
f 2438/2438 4839/4839 4838/4838
f 4839/4839 4840/4840 4832/4832
f 4839/4839 4832/4832 4838/4838
f 4839/4839 4842/4842 4841/4841
f 4839/4839 4841/4841 4840/4840
f 4829/4829 4830/4830 4832/4832
f 4829/4829 4832/4832 4840/4840
f 4841/4841 4843/4843 4829/4829
f 4841/4841 4829/4829 4840/4840
f 4841/4841 4845/4845 4844/4844
f 4841/4841 4844/4844 4843/4843
f 4826/4826 4827/4827 4829/4829
f 4826/4826 4829/4829 4843/4843
f 4844/4844 4846/4846 4826/4826
f 4844/4844 4826/4826 4843/4843
f 4844/4844 4848/4848 4847/4847
f 4844/4844 4847/4847 4846/4846
f 4823/4823 4824/4824 4826/4826
f 4823/4823 4826/4826 4846/4846
f 4847/4847 4849/4849 4823/4823
f 4847/4847 4823/4823 4846/4846
f 4847/4847 4851/4851 4850/4850
f 4847/4847 4850/4850 4849/4849
f 4820/4820 4821/4821 4823/4823
f 4820/4820 4823/4823 4849/4849
f 4850/4850 4852/4852 4820/4820
f 4850/4850 4820/4820 4849/4849
f 4850/4850 4854/4854 4853/4853
f 4850/4850 4853/4853 4852/4852
f 4817/4817 4818/4818 4820/4820
f 4817/4817 4820/4820 4852/4852
f 4853/4853 4855/4855 4817/4817
f 4853/4853 4817/4817 4852/4852
f 4853/4853 4857/4857 4856/4856
f 4853/4853 4856/4856 4855/4855
f 4814/4814 4815/4815 4817/4817
f 4814/4814 4817/4817 4855/4855
f 4856/4856 4858/4858 4814/4814
f 4856/4856 4814/4814 4855/4855
f 4856/4856 4860/4860 4859/4859
f 4856/4856 4859/4859 4858/4858
f 4811/4811 4812/4812 4814/4814
f 4811/4811 4814/4814 4858/4858
f 4859/4859 4861/4861 4811/4811
f 4859/4859 4811/4811 4858/4858
f 4859/4859 4863/4863 4862/4862
f 4859/4859 4862/4862 4861/4861
f 4808/4808 4809/4809 4811/4811
f 4808/4808 4811/4811 4861/4861
f 4862/4862 4864/4864 4808/4808
f 4862/4862 4808/4808 4861/4861
f 4862/4862 4866/4866 4865/4865
f 4862/4862 4865/4865 4864/4864
f 4805/4805 4806/4806 4808/4808
f 4805/4805 4808/4808 4864/4864
f 4865/4865 4867/4867 4805/4805
f 4865/4865 4805/4805 4864/4864
f 4865/4865 4869/4869 4868/4868
f 4865/4865 4868/4868 4867/4867
f 4802/4802 4803/4803 4805/4805
f 4802/4802 4805/4805 4867/4867
f 4868/4868 4870/4870 4802/4802
f 4868/4868 4802/4802 4867/4867
f 4868/4868 4872/4872 4871/4871
f 4868/4868 4871/4871 4870/4870
f 4799/4799 4800/4800 4802/4802
f 4799/4799 4802/4802 4870/4870
f 4871/4871 4873/4873 4799/4799
f 4871/4871 4799/4799 4870/4870
f 4871/4871 4875/4875 4874/4874
f 4871/4871 4874/4874 4873/4873
f 4796/4796 4797/4797 4799/4799
f 4796/4796 4799/4799 4873/4873
f 4874/4874 4876/4876 4796/4796
f 4874/4874 4796/4796 4873/4873
f 4874/4874 4878/4878 4877/4877
f 4874/4874 4877/4877 4876/4876
f 4793/4793 4794/4794 4796/4796
f 4793/4793 4796/4796 4876/4876
f 4877/4877 4879/4879 4793/4793
f 4877/4877 4793/4793 4876/4876
f 4877/4877 4881/4881 4880/4880
f 4877/4877 4880/4880 4879/4879
f 4790/4790 4791/4791 4793/4793
f 4790/4790 4793/4793 4879/4879
f 4880/4880 4882/4882 4790/4790
f 4880/4880 4790/4790 4879/4879
f 4880/4880 4884/4884 4883/4883
f 4880/4880 4883/4883 4882/4882
f 4787/4787 4788/4788 4790/4790
f 4787/4787 4790/4790 4882/4882
f 4883/4883 4885/4885 4787/4787
f 4883/4883 4787/4787 4882/4882
f 4883/4883 4887/4887 4886/4886
f 4883/4883 4886/4886 4885/4885
f 16/16 4785/4785 4787/4787
f 16/16 4787/4787 4885/4885
f 4886/4886 15/15 16/16
f 4886/4886 16/16 4885/4885
f 4889/4889 4888/4888 4886/4886
f 4889/4889 4886/4886 4887/4887
f 4891/4891 4890/4890 4889/4889
f 4891/4891 4889/4889 4887/4887
f 4883/4883 4884/4884 4891/4891
f 4883/4883 4891/4891 4887/4887
f 4893/4893 4892/4892 4890/4890
f 4893/4893 4890/4890 4891/4891
f 4884/4884 4894/4894 4893/4893
f 4884/4884 4893/4893 4891/4891
f 4884/4884 4880/4880 4881/4881
f 4884/4884 4881/4881 4894/4894
f 4896/4896 4895/4895 4893/4893
f 4896/4896 4893/4893 4894/4894
f 4881/4881 4897/4897 4896/4896
f 4881/4881 4896/4896 4894/4894
f 4881/4881 4877/4877 4878/4878
f 4881/4881 4878/4878 4897/4897
f 4899/4899 4898/4898 4896/4896
f 4899/4899 4896/4896 4897/4897
f 4878/4878 4900/4900 4899/4899
f 4878/4878 4899/4899 4897/4897
f 4878/4878 4874/4874 4875/4875
f 4878/4878 4875/4875 4900/4900
f 4902/4902 4901/4901 4899/4899
f 4902/4902 4899/4899 4900/4900
f 4875/4875 4903/4903 4902/4902
f 4875/4875 4902/4902 4900/4900
f 4875/4875 4871/4871 4872/4872
f 4875/4875 4872/4872 4903/4903
f 4905/4905 4904/4904 4902/4902
f 4905/4905 4902/4902 4903/4903
f 4872/4872 4906/4906 4905/4905
f 4872/4872 4905/4905 4903/4903
f 4908/4908 4907/4907 4905/4905
f 4908/4908 4905/4905 4906/4906
f 4869/4869 4909/4909 4908/4908
f 4869/4869 4908/4908 4906/4906
f 4872/4872 4868/4868 4869/4869
f 4872/4872 4869/4869 4906/4906
f 4911/4911 4910/4910 4908/4908
f 4911/4911 4908/4908 4909/4909
f 4866/4866 4912/4912 4911/4911
f 4866/4866 4911/4911 4909/4909
f 4869/4869 4865/4865 4866/4866
f 4869/4869 4866/4866 4909/4909
f 4914/4914 4913/4913 4911/4911
f 4914/4914 4911/4911 4912/4912
f 4863/4863 4915/4915 4914/4914
f 4863/4863 4914/4914 4912/4912
f 4866/4866 4862/4862 4863/4863
f 4866/4866 4863/4863 4912/4912
f 4917/4917 4916/4916 4914/4914
f 4917/4917 4914/4914 4915/4915
f 4860/4860 4918/4918 4917/4917
f 4860/4860 4917/4917 4915/4915
f 4863/4863 4859/4859 4860/4860
f 4863/4863 4860/4860 4915/4915
f 4920/4920 4919/4919 4917/4917
f 4920/4920 4917/4917 4918/4918
f 4857/4857 4921/4921 4920/4920
f 4857/4857 4920/4920 4918/4918
f 4860/4860 4856/4856 4857/4857
f 4860/4860 4857/4857 4918/4918
f 4857/4857 4853/4853 4854/4854
f 4857/4857 4854/4854 4921/4921
f 4923/4923 4922/4922 4920/4920
f 4923/4923 4920/4920 4921/4921
f 4854/4854 4924/4924 4923/4923
f 4854/4854 4923/4923 4921/4921
f 4854/4854 4850/4850 4851/4851
f 4854/4854 4851/4851 4924/4924
f 4926/4926 4925/4925 4923/4923
f 4926/4926 4923/4923 4924/4924
f 4851/4851 4927/4927 4926/4926
f 4851/4851 4926/4926 4924/4924
f 4851/4851 4847/4847 4848/4848
f 4851/4851 4848/4848 4927/4927
f 4929/4929 4928/4928 4926/4926
f 4929/4929 4926/4926 4927/4927
f 4848/4848 4930/4930 4929/4929
f 4848/4848 4929/4929 4927/4927
f 4848/4848 4844/4844 4845/4845
f 4848/4848 4845/4845 4930/4930
f 4932/4932 4931/4931 4929/4929
f 4932/4932 4929/4929 4930/4930
f 4845/4845 4933/4933 4932/4932
f 4845/4845 4932/4932 4930/4930
f 4845/4845 4841/4841 4842/4842
f 4845/4845 4842/4842 4933/4933
f 4935/4935 4934/4934 4932/4932
f 4935/4935 4932/4932 4933/4933
f 4842/4842 2442/2442 4935/4935
f 4842/4842 4935/4935 4933/4933
f 2445/2445 2447/2447 4934/4934
f 2445/2445 4934/4934 4935/4935
f 2442/2442 2443/2443 2445/2445
f 2442/2442 2445/2445 4935/4935
f 4936/4936 4931/4931 4932/4932
f 4936/4936 4932/4932 4934/4934
f 2447/2447 2449/2449 4936/4936
f 2447/2447 4936/4936 4934/4934
f 4938/4938 4937/4937 4931/4931
f 4938/4938 4931/4931 4936/4936
f 2449/2449 4939/4939 4938/4938
f 2449/2449 4938/4938 4936/4936
f 4723/4723 4940/4940 4938/4938
f 4723/4723 4938/4938 4939/4939
f 2452/2452 4721/4721 4723/4723
f 2452/2452 4723/4723 4939/4939
f 2449/2449 2450/2450 2452/2452
f 2449/2449 2452/2452 4939/4939
f 4941/4941 4937/4937 4938/4938
f 4941/4941 4938/4938 4940/4940
f 4726/4726 4942/4942 4941/4941
f 4726/4726 4941/4941 4940/4940
f 4723/4723 4724/4724 4726/4726
f 4723/4723 4726/4726 4940/4940
f 4944/4944 4943/4943 4941/4941
f 4944/4944 4941/4941 4942/4942
f 4729/4729 4945/4945 4944/4944
f 4729/4729 4944/4944 4942/4942
f 4726/4726 4727/4727 4729/4729
f 4726/4726 4729/4729 4942/4942
f 4947/4947 4946/4946 4944/4944
f 4947/4947 4944/4944 4945/4945
f 4732/4732 4948/4948 4947/4947
f 4732/4732 4947/4947 4945/4945
f 4729/4729 4730/4730 4732/4732
f 4729/4729 4732/4732 4945/4945
f 4950/4950 4949/4949 4947/4947
f 4950/4950 4947/4947 4948/4948
f 4735/4735 4951/4951 4950/4950
f 4735/4735 4950/4950 4948/4948
f 4732/4732 4733/4733 4735/4735
f 4732/4732 4735/4735 4948/4948
f 4953/4953 4952/4952 4950/4950
f 4953/4953 4950/4950 4951/4951
f 4738/4738 4954/4954 4953/4953
f 4738/4738 4953/4953 4951/4951
f 4735/4735 4736/4736 4738/4738
f 4735/4735 4738/4738 4951/4951
f 4956/4956 4955/4955 4953/4953
f 4956/4956 4953/4953 4954/4954
f 4741/4741 4957/4957 4956/4956
f 4741/4741 4956/4956 4954/4954
f 4738/4738 4739/4739 4741/4741
f 4738/4738 4741/4741 4954/4954
f 4959/4959 4958/4958 4956/4956
f 4959/4959 4956/4956 4957/4957
f 4744/4744 4960/4960 4959/4959
f 4744/4744 4959/4959 4957/4957
f 4741/4741 4742/4742 4744/4744
f 4741/4741 4744/4744 4957/4957
f 4962/4962 4961/4961 4959/4959
f 4962/4962 4959/4959 4960/4960
f 4747/4747 4963/4963 4962/4962
f 4747/4747 4962/4962 4960/4960
f 4744/4744 4745/4745 4747/4747
f 4744/4744 4747/4747 4960/4960
f 4965/4965 4964/4964 4962/4962
f 4965/4965 4962/4962 4963/4963
f 4750/4750 4966/4966 4965/4965
f 4750/4750 4965/4965 4963/4963
f 4747/4747 4748/4748 4750/4750
f 4747/4747 4750/4750 4963/4963
f 4968/4968 4967/4967 4965/4965
f 4968/4968 4965/4965 4966/4966
f 4753/4753 4969/4969 4968/4968
f 4753/4753 4968/4968 4966/4966
f 4750/4750 4751/4751 4753/4753
f 4750/4750 4753/4753 4966/4966
f 4971/4971 4970/4970 4968/4968
f 4971/4971 4968/4968 4969/4969
f 4756/4756 4972/4972 4971/4971
f 4756/4756 4971/4971 4969/4969
f 4753/4753 4754/4754 4756/4756
f 4753/4753 4756/4756 4969/4969
f 4974/4974 4973/4973 4971/4971
f 4974/4974 4971/4971 4972/4972
f 4759/4759 4975/4975 4974/4974
f 4759/4759 4974/4974 4972/4972
f 4756/4756 4757/4757 4759/4759
f 4756/4756 4759/4759 4972/4972
f 4977/4977 4976/4976 4974/4974
f 4977/4977 4974/4974 4975/4975
f 4762/4762 4978/4978 4977/4977
f 4762/4762 4977/4977 4975/4975
f 4759/4759 4760/4760 4762/4762
f 4759/4759 4762/4762 4975/4975
f 4980/4980 4979/4979 4977/4977
f 4980/4980 4977/4977 4978/4978
f 4765/4765 4981/4981 4980/4980
f 4765/4765 4980/4980 4978/4978
f 4762/4762 4763/4763 4765/4765
f 4762/4762 4765/4765 4978/4978
f 4774/4774 4982/4982 4980/4980
f 4774/4774 4980/4980 4981/4981
f 4768/4768 4772/4772 4774/4774
f 4768/4768 4774/4774 4981/4981
f 4765/4765 4766/4766 4768/4768
f 4765/4765 4768/4768 4981/4981
f 4777/4777 4984/4984 4983/4983
f 4777/4777 4983/4983 4982/4982
f 4774/4774 4775/4775 4777/4777
f 4774/4774 4777/4777 4982/4982
f 4983/4983 4979/4979 4980/4980
f 4983/4983 4980/4980 4982/4982
f 4889/4889 4890/4890 4983/4983
f 4889/4889 4983/4983 4984/4984
f 4780/4780 4888/4888 4889/4889
f 4780/4780 4889/4889 4984/4984
f 4777/4777 4778/4778 4780/4780
f 4777/4777 4780/4780 4984/4984
f 4890/4890 4892/4892 4979/4979
f 4890/4890 4979/4979 4983/4983
f 4892/4892 4976/4976 4977/4977
f 4892/4892 4977/4977 4979/4979
f 4892/4892 4893/4893 4895/4895
f 4892/4892 4895/4895 4976/4976
f 4895/4895 4973/4973 4974/4974
f 4895/4895 4974/4974 4976/4976
f 4895/4895 4896/4896 4898/4898
f 4895/4895 4898/4898 4973/4973
f 4898/4898 4970/4970 4971/4971
f 4898/4898 4971/4971 4973/4973
f 4898/4898 4899/4899 4901/4901
f 4898/4898 4901/4901 4970/4970
f 4901/4901 4967/4967 4968/4968
f 4901/4901 4968/4968 4970/4970
f 4901/4901 4902/4902 4904/4904
f 4901/4901 4904/4904 4967/4967
f 4904/4904 4964/4964 4965/4965
f 4904/4904 4965/4965 4967/4967
f 4904/4904 4905/4905 4907/4907
f 4904/4904 4907/4907 4964/4964
f 4907/4907 4961/4961 4962/4962
f 4907/4907 4962/4962 4964/4964
f 4907/4907 4908/4908 4910/4910
f 4907/4907 4910/4910 4961/4961
f 4910/4910 4958/4958 4959/4959
f 4910/4910 4959/4959 4961/4961
f 4910/4910 4911/4911 4913/4913
f 4910/4910 4913/4913 4958/4958
f 4913/4913 4955/4955 4956/4956
f 4913/4913 4956/4956 4958/4958
f 4913/4913 4914/4914 4916/4916
f 4913/4913 4916/4916 4955/4955
f 4916/4916 4952/4952 4953/4953
f 4916/4916 4953/4953 4955/4955
f 4916/4916 4917/4917 4919/4919
f 4916/4916 4919/4919 4952/4952
f 4919/4919 4949/4949 4950/4950
f 4919/4919 4950/4950 4952/4952
f 4919/4919 4920/4920 4922/4922
f 4919/4919 4922/4922 4949/4949
f 4922/4922 4946/4946 4947/4947
f 4922/4922 4947/4947 4949/4949
f 4922/4922 4923/4923 4925/4925
f 4922/4922 4925/4925 4946/4946
f 4925/4925 4943/4943 4944/4944
f 4925/4925 4944/4944 4946/4946
f 4925/4925 4926/4926 4928/4928
f 4925/4925 4928/4928 4943/4943
f 4928/4928 4937/4937 4941/4941
f 4928/4928 4941/4941 4943/4943
f 4928/4928 4929/4929 4931/4931
f 4928/4928 4931/4931 4937/4937
f 14/14 15/15 4886/4886
f 14/14 4886/4886 4888/4888
f 4780/4780 4781/4781 14/14
f 4780/4780 14/14 4888/4888
f 4839/4839 2440/2440 2442/2442
f 4839/4839 2442/2442 4842/4842
f 2452/2452 2453/2453 2455/2455
f 2452/2452 2455/2455 4721/4721
f 2635/2635 2429/2429 2430/2430
f 2635/2635 2430/2430 2640/2640
f 21/21 23/23 2629/2629
f 21/21 2629/2629 2630/2630
f 25/25 26/26 2624/2624
f 25/25 2624/2624 2626/2626
f 2580/2580 2581/2581 2583/2583
f 2580/2580 2583/2583 2586/2586
f 2367/2367 2368/2368 2370/2370
f 2367/2367 2370/2370 2373/2373
f 2155/2155 2156/2156 2158/2158
f 2155/2155 2158/2158 2162/2162
f 1628/1628 1629/1629 1631/1631
f 1628/1628 1631/1631 1947/1947
f 1631/1631 1632/1632 1634/1634
f 1631/1631 1634/1634 1759/1759
f 57/57 58/58 1697/1697
f 57/57 1697/1697 1701/1701
f 58/58 54/54 1692/1692
f 58/58 1692/1692 1693/1693
f 63/63 9/9 64/64
f 63/63 64/64 1505/1505
f 64/64 1502/1502 1503/1503
f 64/64 1503/1503 1505/1505
f 525/525 526/526 528/528
f 525/525 528/528 531/531
f 84/84 425/425 426/426
f 84/84 426/426 428/428
f 59/59 38/38 39/39
f 59/59 39/39 67/67
f 51/51 52/52 40/40
f 51/51 40/40 60/60
f 40/40 38/38 59/59
f 40/40 59/59 60/60
f 33/33 40/40 52/52
f 33/33 52/52 53/53
f 87/87 86/86 4985/4985
f 88/88 87/87 4987/4987
f 91/91 90/90 4989/4989
f 90/90 88/88 4991/4991
f 95/95 91/91 4993/4993
f 97/97 95/95 4995/4995
f 98/98 96/96 4997/4997
f 96/96 97/97 4999/4999
f 100/100 99/99 5001/5001
f 101/101 100/100 5003/5003
f 86/86 101/101 5005/5005
f 122/122 98/98 5007/5007
f 124/124 122/122 5009/5009
f 125/125 123/123 5011/5011
f 123/123 124/124 5013/5013
f 126/126 125/125 5015/5015
f 128/128 127/127 5017/5017
f 99/99 128/128 5019/5019
f 165/165 126/126 5021/5021
f 166/166 164/164 5023/5023
f 164/164 165/165 5025/5025
f 168/168 167/167 5027/5027
f 169/169 168/168 5029/5029
f 127/127 129/129 5031/5031
f 129/129 169/169 5033/5033
f 215/215 166/166 5035/5035
f 216/216 214/214 5037/5037
f 214/214 215/215 5039/5039
f 217/217 216/216 5041/5041
f 167/167 218/218 5043/5043
f 220/220 219/219 5045/5045
f 218/218 220/220 5047/5047
f 278/278 217/217 5049/5049
f 280/280 279/279 5051/5051
f 219/219 280/280 5053/5053
f 350/350 348/348 5055/5055
f 277/277 278/278 5057/5057
f 348/348 277/277 5059/5059
f 352/352 351/351 5061/5061
f 279/279 352/352 5063/5063
f 432/432 430/430 5065/5065
f 349/349 350/350 5067/5067
f 430/430 349/349 5069/5069
f 434/434 433/433 5071/5071
f 351/351 434/434 5073/5073
f 528/528 529/529 5075/5075
f 431/431 432/432 5077/5077
f 529/529 431/431 5079/5079
f 531/531 528/528 5081/5081
f 534/534 532/532 5083/5083
f 433/433 534/534 5085/5085
f 633/633 634/634 5087/5087
f 634/634 531/531 5089/5089
f 635/635 633/633 5091/5091
f 637/637 636/636 5093/5093
f 532/532 637/637 5095/5095
f 747/747 745/745 5097/5097
f 745/745 635/635 5099/5099
f 749/749 748/748 5101/5101
f 636/636 749/749 5103/5103
f 864/864 862/862 5105/5105
f 746/746 747/747 5107/5107
f 862/862 746/746 5109/5109
f 865/865 864/864 5111/5111
f 868/868 867/867 5113/5113
f 748/748 868/868 5115/5115
f 866/866 865/865 5117/5117
f 994/994 992/992 5119/5119
f 992/992 866/866 5121/5121
f 995/995 994/994 5123/5123
f 997/997 996/996 5125/5125
f 867/867 997/997 5127/5127
f 1129/1129 1127/1127 5129/5129
f 1127/1127 995/995 5131/5131
f 1130/1130 1129/1129 5133/5133
f 1132/1132 1131/1131 5135/5135
f 996/996 1132/1132 5137/5137
f 1272/1272 1270/1270 5139/5139
f 1270/1270 1130/1130 5141/5141
f 1273/1273 1272/1272 5143/5143
f 1275/1275 1274/1274 5145/5145
f 1131/1131 1275/1275 5147/5147
f 1424/1424 1423/1423 5149/5149
f 1423/1423 1421/1421 5151/5151
f 1421/1421 1273/1273 5153/5153
f 1426/1426 1424/1424 5155/5155
f 1427/1427 1426/1426 5157/5157
f 1429/1429 1428/1428 5159/5159
f 1274/1274 1429/1429 5161/5161
f 1590/1590 1427/1427 5163/5163
f 1589/1589 1590/1590 5165/5165
f 1592/1592 1591/1591 5167/5167
f 1428/1428 1592/1592 5169/5169
f 2119/2119 2117/2117 5171/5171
f 2117/2117 2118/2118 5173/5173
f 2118/2118 1589/1589 5175/5175
f 2121/2121 2120/2120 5177/5177
f 1591/1591 2123/2123 5179/5179
f 2123/2123 2121/2121 5181/5181
f 2331/2331 2332/2332 5183/5183
f 2332/2332 2119/2119 5185/5185
f 2334/2334 2333/2333 5187/5187
f 2120/2120 2334/2334 5189/5189
f 2543/2543 2541/2541 5191/5191
f 2541/2541 2542/2542 5193/5193
f 2542/2542 2331/2331 5195/5195
f 2546/2546 2544/2544 5197/5197
f 2333/2333 2548/2548 5199/5199
f 2548/2548 2546/2546 5201/5201
f 2943/2943 2941/2941 5203/5203
f 2941/2941 2942/2942 5205/5205
f 2942/2942 2543/2543 5207/5207
f 2946/2946 2944/2944 5209/5209
f 2544/2544 2948/2948 5211/5211
f 2948/2948 2946/2946 5213/5213
f 2944/2944 3117/3117 5215/5215
f 3117/3117 3119/3119 5217/5217
f 3119/3119 3122/3122 5219/5219
f 3124/3124 3123/3123 5221/5221
f 3123/3123 3125/3125 5223/5223
f 3125/3125 2943/2943 5225/5225
f 3297/3297 3124/3124 5227/5227
f 3296/3296 3297/3297 5229/5229
f 3299/3299 3298/3298 5231/5231
f 3301/3301 3299/3299 5233/5233
f 3122/3122 3303/3303 5235/5235
f 3303/3303 3301/3301 5237/5237
f 3575/3575 3577/3577 5239/5239
f 3577/3577 3296/3296 5241/5241
f 3579/3579 3578/3578 5243/5243
f 3581/3581 3579/3579 5245/5245
f 3583/3583 3581/3581 5247/5247
f 3298/3298 3585/3585 5249/5249
f 3585/3585 3583/3583 5251/5251
f 3769/3769 3771/3771 5253/5253
f 3771/3771 3575/3575 5255/5255
f 3773/3773 3772/3772 5257/5257
f 3775/3775 3773/3773 5259/5259
f 3777/3777 3775/3775 5261/5261
f 3578/3578 3779/3779 5263/5263
f 3779/3779 3777/3777 5265/5265
f 3953/3953 3955/3955 5267/5267
f 3955/3955 3769/3769 5269/5269
f 3957/3957 3956/3956 5271/5271
f 3960/3960 3959/3959 5273/5273
f 3958/3958 3960/3960 5275/5275
f 3772/3772 3958/3958 5277/5277
f 4151/4151 4152/4152 5279/5279
f 3951/3951 3953/3953 5281/5281
f 4152/4152 3951/3951 5283/5283
f 4154/4154 4153/4153 5285/5285
f 4156/4156 4154/4154 5287/5287
f 4157/4157 4156/4156 5289/5289
f 3956/3956 4157/4157 5291/5291
f 4166/4166 3957/3957 5293/5293
f 4168/4168 4166/4166 5295/5295
f 4169/4169 4167/4167 5297/5297
f 4167/4167 4168/4168 5299/5299
f 4170/4170 4169/4169 5301/5301
f 4171/4171 4170/4170 5303/5303
f 4172/4172 4171/4171 5305/5305
f 4174/4174 4173/4173 5307/5307
f 3959/3959 4174/4174 5309/5309
f 4308/4308 4310/4310 5311/5311
f 4310/4310 4151/4151 5313/5313
f 4307/4307 4308/4308 5315/5315
f 4311/4311 4307/4307 5317/5317
f 4312/4312 4311/4311 5319/5319
f 4313/4313 4312/4312 5321/5321
f 4314/4314 4313/4313 5323/5323
f 4315/4315 4314/4314 5325/5325
f 4316/4316 4315/4315 5327/5327
f 4317/4317 4316/4316 5329/5329
f 4319/4319 4318/4318 5331/5331
f 4320/4320 4319/4319 5333/5333
f 4153/4153 4320/4320 5335/5335
f 4352/4352 4172/4172 5337/5337
f 4354/4354 4352/4352 5339/5339
f 4356/4356 4354/4354 5341/5341
f 4358/4358 4356/4356 5343/5343
f 4173/4173 4175/4175 5345/5345
f 4175/4175 4358/4358 5347/5347
f 4985/4985 4986/4986 87/87
f 4987/4987 4988/4988 88/88
f 4989/4989 4990/4990 91/91
f 4991/4991 4992/4992 90/90
f 4993/4993 4994/4994 95/95
f 4995/4995 4996/4996 97/97
f 4997/4997 4998/4998 98/98
f 4999/4999 5000/5000 96/96
f 5001/5001 5002/5002 100/100
f 5003/5003 5004/5004 101/101
f 5005/5005 5006/5006 86/86
f 5007/5007 5008/5008 122/122
f 5009/5009 5010/5010 124/124
f 5011/5011 5012/5012 125/125
f 5013/5013 5014/5014 123/123
f 5015/5015 5016/5016 126/126
f 5017/5017 5018/5018 128/128
f 5019/5019 5020/5020 99/99
f 5021/5021 5022/5022 165/165
f 5023/5023 5024/5024 166/166
f 5025/5025 5026/5026 164/164
f 5027/5027 5028/5028 168/168
f 5029/5029 5030/5030 169/169
f 5031/5031 5032/5032 127/127
f 5033/5033 5034/5034 129/129
f 5035/5035 5036/5036 215/215
f 5037/5037 5038/5038 216/216
f 5039/5039 5040/5040 214/214
f 5041/5041 5042/5042 217/217
f 5043/5043 5044/5044 167/167
f 5045/5045 5046/5046 220/220
f 5047/5047 5048/5048 218/218
f 5049/5049 5050/5050 278/278
f 5051/5051 5052/5052 280/280
f 5053/5053 5054/5054 219/219
f 5055/5055 5056/5056 350/350
f 5057/5057 5058/5058 277/277
f 5059/5059 5060/5060 348/348
f 5061/5061 5062/5062 352/352
f 5063/5063 5064/5064 279/279
f 5065/5065 5066/5066 432/432
f 5067/5067 5068/5068 349/349
f 5069/5069 5070/5070 430/430
f 5071/5071 5072/5072 434/434
f 5073/5073 5074/5074 351/351
f 5075/5075 5076/5076 528/528
f 5077/5077 5078/5078 431/431
f 5079/5079 5080/5080 529/529
f 5081/5081 5082/5082 531/531
f 5083/5083 5084/5084 534/534
f 5085/5085 5086/5086 433/433
f 5087/5087 5088/5088 633/633
f 5089/5089 5090/5090 634/634
f 5091/5091 5092/5092 635/635
f 5093/5093 5094/5094 637/637
f 5095/5095 5096/5096 532/532
f 5097/5097 5098/5098 747/747
f 5099/5099 5100/5100 745/745
f 5101/5101 5102/5102 749/749
f 5103/5103 5104/5104 636/636
f 5105/5105 5106/5106 864/864
f 5107/5107 5108/5108 746/746
f 5109/5109 5110/5110 862/862
f 5111/5111 5112/5112 865/865
f 5113/5113 5114/5114 868/868
f 5115/5115 5116/5116 748/748
f 5117/5117 5118/5118 866/866
f 5119/5119 5120/5120 994/994
f 5121/5121 5122/5122 992/992
f 5123/5123 5124/5124 995/995
f 5125/5125 5126/5126 997/997
f 5127/5127 5128/5128 867/867
f 5129/5129 5130/5130 1129/1129
f 5131/5131 5132/5132 1127/1127
f 5133/5133 5134/5134 1130/1130
f 5135/5135 5136/5136 1132/1132
f 5137/5137 5138/5138 996/996
f 5139/5139 5140/5140 1272/1272
f 5141/5141 5142/5142 1270/1270
f 5143/5143 5144/5144 1273/1273
f 5145/5145 5146/5146 1275/1275
f 5147/5147 5148/5148 1131/1131
f 5149/5149 5150/5150 1424/1424
f 5151/5151 5152/5152 1423/1423
f 5153/5153 5154/5154 1421/1421
f 5155/5155 5156/5156 1426/1426
f 5157/5157 5158/5158 1427/1427
f 5159/5159 5160/5160 1429/1429
f 5161/5161 5162/5162 1274/1274
f 5163/5163 5164/5164 1590/1590
f 5165/5165 5166/5166 1589/1589
f 5167/5167 5168/5168 1592/1592
f 5169/5169 5170/5170 1428/1428
f 5171/5171 5172/5172 2119/2119
f 5173/5173 5174/5174 2117/2117
f 5175/5175 5176/5176 2118/2118
f 5177/5177 5178/5178 2121/2121
f 5179/5179 5180/5180 1591/1591
f 5181/5181 5182/5182 2123/2123
f 5183/5183 5184/5184 2331/2331
f 5185/5185 5186/5186 2332/2332
f 5187/5187 5188/5188 2334/2334
f 5189/5189 5190/5190 2120/2120
f 5191/5191 5192/5192 2543/2543
f 5193/5193 5194/5194 2541/2541
f 5195/5195 5196/5196 2542/2542
f 5197/5197 5198/5198 2546/2546
f 5199/5199 5200/5200 2333/2333
f 5201/5201 5202/5202 2548/2548
f 5203/5203 5204/5204 2943/2943
f 5205/5205 5206/5206 2941/2941
f 5207/5207 5208/5208 2942/2942
f 5209/5209 5210/5210 2946/2946
f 5211/5211 5212/5212 2544/2544
f 5213/5213 5214/5214 2948/2948
f 5215/5215 5216/5216 2944/2944
f 5217/5217 5218/5218 3117/3117
f 5219/5219 5220/5220 3119/3119
f 5221/5221 5222/5222 3124/3124
f 5223/5223 5224/5224 3123/3123
f 5225/5225 5226/5226 3125/3125
f 5227/5227 5228/5228 3297/3297
f 5229/5229 5230/5230 3296/3296
f 5231/5231 5232/5232 3299/3299
f 5233/5233 5234/5234 3301/3301
f 5235/5235 5236/5236 3122/3122
f 5237/5237 5238/5238 3303/3303
f 5239/5239 5240/5240 3575/3575
f 5241/5241 5242/5242 3577/3577
f 5243/5243 5244/5244 3579/3579
f 5245/5245 5246/5246 3581/3581
f 5247/5247 5248/5248 3583/3583
f 5249/5249 5250/5250 3298/3298
f 5251/5251 5252/5252 3585/3585
f 5253/5253 5254/5254 3769/3769
f 5255/5255 5256/5256 3771/3771
f 5257/5257 5258/5258 3773/3773
f 5259/5259 5260/5260 3775/3775
f 5261/5261 5262/5262 3777/3777
f 5263/5263 5264/5264 3578/3578
f 5265/5265 5266/5266 3779/3779
f 5267/5267 5268/5268 3953/3953
f 5269/5269 5270/5270 3955/3955
f 5271/5271 5272/5272 3957/3957
f 5273/5273 5274/5274 3960/3960
f 5275/5275 5276/5276 3958/3958
f 5277/5277 5278/5278 3772/3772
f 5279/5279 5280/5280 4151/4151
f 5281/5281 5282/5282 3951/3951
f 5283/5283 5284/5284 4152/4152
f 5285/5285 5286/5286 4154/4154
f 5287/5287 5288/5288 4156/4156
f 5289/5289 5290/5290 4157/4157
f 5291/5291 5292/5292 3956/3956
f 5293/5293 5294/5294 4166/4166
f 5295/5295 5296/5296 4168/4168
f 5297/5297 5298/5298 4169/4169
f 5299/5299 5300/5300 4167/4167
f 5301/5301 5302/5302 4170/4170
f 5303/5303 5304/5304 4171/4171
f 5305/5305 5306/5306 4172/4172
f 5307/5307 5308/5308 4174/4174
f 5309/5309 5310/5310 3959/3959
f 5311/5311 5312/5312 4308/4308
f 5313/5313 5314/5314 4310/4310
f 5315/5315 5316/5316 4307/4307
f 5317/5317 5318/5318 4311/4311
f 5319/5319 5320/5320 4312/4312
f 5321/5321 5322/5322 4313/4313
f 5323/5323 5324/5324 4314/4314
f 5325/5325 5326/5326 4315/4315
f 5327/5327 5328/5328 4316/4316
f 5329/5329 5330/5330 4317/4317
f 5331/5331 5332/5332 4319/4319
f 5333/5333 5334/5334 4320/4320
f 5335/5335 5336/5336 4153/4153
f 5337/5337 5338/5338 4352/4352
f 5339/5339 5340/5340 4354/4354
f 5341/5341 5342/5342 4356/4356
f 5343/5343 5344/5344 4358/4358
f 5345/5345 5346/5346 4173/4173
f 5347/5347 5348/5348 4175/4175
f 87/87 5349/5349 5350/5350
f 87/87 5351/5351 5352/5352
f 88/88 5353/5353 5354/5354
f 95/95 5355/5355 5356/5356
f 97/97 5357/5357 5358/5358
f 97/97 5359/5359 5360/5360
f 98/98 5361/5361 5362/5362
f 98/98 5363/5363 5364/5364
f 100/100 5365/5365 5366/5366
f 100/100 5367/5367 5368/5368
f 86/86 5369/5369 5370/5370
f 124/124 5371/5371 5372/5372
f 124/124 5373/5373 5374/5374
f 125/125 5375/5375 5376/5376
f 126/126 5377/5377 5378/5378
f 126/126 5379/5379 5380/5380
f 127/127 5381/5381 5382/5382
f 127/127 5383/5383 5384/5384
f 127/127 5385/5385 5386/5386
f 99/99 5387/5387 5388/5388
f 165/165 5389/5389 5390/5390
f 166/166 5391/5391 5392/5392
f 166/166 5393/5393 5394/5394
f 168/168 5395/5395 5396/5396
f 168/168 5397/5397 5398/5398
f 215/215 5399/5399 5400/5400
f 216/216 5401/5401 5402/5402
f 218/218 5403/5403 5404/5404
f 218/218 5405/5405 5406/5406
f 218/218 5407/5407 5408/5408
f 278/278 5409/5409 5410/5410
f 278/278 5411/5411 5412/5412
f 217/217 5413/5413 5414/5414
f 217/217 5415/5415 5416/5416
f 280/280 5417/5417 5418/5418
f 280/280 5419/5419 5420/5420
f 350/350 5421/5421 5422/5422
f 350/350 5423/5423 5424/5424
f 350/350 5425/5425 5426/5426
f 279/279 5427/5427 5428/5428
f 352/352 5429/5429 5430/5430
f 432/432 5431/5431 5432/5432
f 432/432 5433/5433 5434/5434
f 432/432 5435/5435 5436/5436
f 434/434 5437/5437 5438/5438
f 434/434 5439/5439 5440/5440
f 528/528 5441/5441 5442/5442
f 528/528 5443/5443 5444/5444
f 532/532 5445/5445 5446/5446
f 534/534 5447/5447 5448/5448
f 633/633 5449/5449 5450/5450
f 531/531 5451/5451 5452/5452
f 633/633 5453/5453 5454/5454
f 637/637 5455/5455 5456/5456
f 637/637 5457/5457 5458/5458
f 747/747 5459/5459 5460/5460
f 635/635 5461/5461 5462/5462
f 747/747 5463/5463 5464/5464
f 747/747 5465/5465 5466/5466
f 749/749 5467/5467 5468/5468
f 749/749 5469/5469 5470/5470
f 864/864 5471/5471 5472/5472
f 864/864 5473/5473 5474/5474
f 866/866 5475/5475 5476/5476
f 868/868 5477/5477 5478/5478
f 868/868 5479/5479 5480/5480
f 994/994 5481/5481 5482/5482
f 866/866 5483/5483 5484/5484
f 994/994 5485/5485 5486/5486
f 867/867 5487/5487 5488/5488
f 997/997 5489/5489 5490/5490
f 1129/1129 5491/5491 5492/5492
f 995/995 5493/5493 5494/5494
f 1129/1129 5495/5495 5496/5496
f 1132/1132 5497/5497 5498/5498
f 1132/1132 5499/5499 5500/5500
f 1272/1272 5501/5501 5502/5502
f 1130/1130 5503/5503 5504/5504
f 1272/1272 5505/5505 5506/5506
f 1275/1275 5507/5507 5508/5508
f 1275/1275 5509/5509 5510/5510
f 1273/1273 5511/5511 5512/5512
f 1426/1426 5513/5513 5514/5514
f 1424/1424 5515/5515 5516/5516
f 1426/1426 5517/5517 5518/5518
f 1429/1429 5519/5519 5520/5520
f 1429/1429 5521/5521 5522/5522
f 1589/1589 5523/5523 5524/5524
f 1590/1590 5525/5525 5526/5526
f 1592/1592 5527/5527 5528/5528
f 1592/1592 5529/5529 5530/5530
f 1589/1589 5531/5531 5532/5532
f 2119/2119 5533/5533 5534/5534
f 2119/2119 5535/5535 5536/5536
f 2121/2121 5537/5537 5538/5538
f 2121/2121 5539/5539 5540/5540
f 2121/2121 5541/5541 5542/5542
f 2331/2331 5543/5543 5544/5544
f 2119/2119 5545/5545 5546/5546
f 2334/2334 5547/5547 5548/5548
f 2334/2334 5549/5549 5550/5550
f 2331/2331 5551/5551 5552/5552
f 2543/2543 5553/5553 5554/5554
f 2543/2543 5555/5555 5556/5556
f 2544/2544 5557/5557 5558/5558
f 2546/2546 5559/5559 5560/5560
f 2546/2546 5561/5561 5562/5562
f 2543/2543 5563/5563 5564/5564
f 2943/2943 5565/5565 5566/5566
f 2943/2943 5567/5567 5568/5568
f 2944/2944 5569/5569 5570/5570
f 2946/2946 5571/5571 5572/5572
f 2946/2946 5573/5573 5574/5574
f 3119/3119 5575/5575 5576/5576
f 3119/3119 5577/5577 5578/5578
f 3117/3117 5579/5579 5580/5580
f 3117/3117 5581/5581 5582/5582
f 3122/3122 5583/5583 5584/5584
f 3122/3122 5585/5585 5586/5586
f 3123/3123 5587/5587 5588/5588
f 3123/3123 5589/5589 5590/5590
f 2943/2943 5591/5591 5592/5592
f 3296/3296 5593/5593 5594/5594
f 3297/3297 5595/5595 5596/5596
f 3298/3298 5597/5597 5598/5598
f 3298/3298 5599/5599 5600/5600
f 3301/3301 5601/5601 5602/5602
f 3301/3301 5603/5603 5604/5604
f 3577/3577 5605/5605 5606/5606
f 3296/3296 5607/5607 5608/5608
f 3578/3578 5609/5609 5610/5610
f 3578/3578 5611/5611 5612/5612
f 3581/3581 5613/5613 5614/5614
f 3581/3581 5615/5615 5616/5616
f 3583/3583 5617/5617 5618/5618
f 3771/3771 5619/5619 5620/5620
f 3575/3575 5621/5621 5622/5622
f 3773/3773 5623/5623 5624/5624
f 3773/3773 5625/5625 5626/5626
f 3773/3773 5627/5627 5628/5628
f 3775/3775 5629/5629 5630/5630
f 3777/3777 5631/5631 5632/5632
f 3955/3955 5633/5633 5634/5634
f 3769/3769 5635/5635 5636/5636
f 3957/3957 5637/5637 5638/5638
f 3957/3957 5639/5639 5640/5640
f 3957/3957 5641/5641 5642/5642
f 3958/3958 5643/5643 5644/5644
f 3772/3772 5645/5645 5646/5646
f 4151/4151 5647/5647 5648/5648
f 3953/3953 5649/5649 5650/5650
f 3953/3953 5651/5651 5652/5652
f 4154/4154 5653/5653 5654/5654
f 4154/4154 5655/5655 5656/5656
f 4154/4154 5657/5657 5658/5658
f 4156/4156 5659/5659 5660/5660
f 3956/3956 5661/5661 5662/5662
f 4168/4168 5663/5663 5664/5664
f 4168/4168 5665/5665 5666/5666
f 4169/4169 5667/5667 5668/5668
f 4170/4170 5669/5669 5670/5670
f 4171/4171 5671/5671 5672/5672
f 4172/4172 5673/5673 5674/5674
f 4172/4172 5675/5675 5676/5676
f 4173/4173 5677/5677 5678/5678
f 4173/4173 5679/5679 5680/5680
f 3959/3959 5681/5681 5682/5682
f 4310/4310 5683/5683 5684/5684
f 4151/4151 5685/5685 5686/5686
f 4308/4308 5687/5687 5688/5688
f 4307/4307 5689/5689 5690/5690
f 4311/4311 5691/5691 5692/5692
f 4312/4312 5693/5693 5694/5694
f 4313/4313 5695/5695 5696/5696
f 4314/4314 5697/5697 5698/5698
f 4315/4315 5699/5699 5700/5700
f 4316/4316 5701/5701 5702/5702
f 4318/4318 5703/5703 5704/5704
f 4319/4319 5705/5705 5706/5706
f 4153/4153 5707/5707 5708/5708
f 4354/4354 5709/5709 5710/5710
f 4356/4356 5711/5711 5712/5712
f 4358/4358 5713/5713 5714/5714
usemtl plum_cut
f 5944/5944 5715/5715 6003/6003
f 5743/5743 5840/5840 5991/5991
f 5991/5991 6071/6071 5882/5882
f 5882/5882 5900/5900 5892/5892
f 5892/5892 6012/6012 5779/5779
f 5779/5779 5869/5869 5822/5822
f 5822/5822 5803/5803 6027/6027
f 6027/6027 6010/6010 5737/5737
f 5893/5893 6044/6044 5886/5886
f 5886/5886 5878/5878 5915/5915
f 5915/5915 5820/5820 6011/6011
f 5920/5920 5774/5774 5841/5841
f 5841/5841 5751/5751 5918/5918
f 5918/5918 5932/5932 5792/5792
f 5792/5792 5732/5732 6047/6047
f 6047/6047 6002/6002 5744/5744
f 5744/5744 5921/5921 5717/5717
f 5717/5717 5769/5769 5922/5922
f 5922/5922 5959/5959 5911/5911
f 5911/5911 5868/5868 5891/5891
f 5891/5891 5762/5762 5854/5854
f 5916/5916 5815/5815 5812/5812
f 5816/5816 6052/6052 5831/5831
f 5831/5831 5745/5745 5962/5962
f 5962/5962 6028/6028 5989/5989
f 5989/5989 6032/6032 5833/5833
f 5833/5833 5986/5986 6060/6060
f 6060/6060 6006/6006 5863/5863
f 5863/5863 6037/6037 5903/5903
f 5903/5903 5719/5719 5763/5763
f 5763/5763 5754/5754 5804/5804
f 5804/5804 5936/5936 5927/5927
f 5927/5927 5825/5825 5993/5993
f 5993/5993 5817/5817 5772/5772
f 5772/5772 5848/5848 5960/5960
f 5960/5960 5954/5954 5897/5897
f 5897/5897 6064/6064 5935/5935
f 5935/5935 6072/6072 6017/6017
f 6017/6017 5797/5797 5729/5729
f 5729/5729 5924/5924 5950/5950
f 5950/5950 5765/5765 5875/5875
f 5906/5906 5964/5964 5978/5978
f 5978/5978 6059/6059 5764/5764
f 5764/5764 5982/5982 6001/6001
f 6001/6001 6075/6075 5871/5871
f 5871/5871 5966/5966 5987/5987
f 5987/5987 5780/5780 5919/5919
f 5919/5919 6030/6030 5809/5809
f 5809/5809 6039/6039 5996/5996
f 5880/5880 6055/6055 6066/6066
f 6066/6066 5756/5756 6073/6073
f 5988/5988 6019/6019 5826/5826
f 5826/5826 6049/6049 5855/5855
f 5855/5855 5857/5857 5795/5795
f 5786/5786 6014/6014 5977/5977
f 5977/5977 5953/5953 6056/6056
f 5937/5937 6074/6074 5856/5856
f 5856/5856 5976/5976 5870/5870
f 5998/5998 5934/5934 5819/5819
f 5974/5974 5799/5799 5983/5983
f 5983/5983 5733/5733 5874/5874
f 5874/5874 5752/5752 5970/5970
f 5970/5970 6069/6069 5917/5917
f 6070/6070 5961/5961 5980/5980
f 5980/5980 5942/5942 5853/5853
f 5853/5853 5728/5728 5775/5775
f 5775/5775 5722/5722 6008/6008
f 6008/6008 5907/5907 5781/5781
f 5895/5895 5889/5889 5866/5866
f 5975/5975 5867/5867 5731/5731
f 5958/5958 5720/5720 5849/5849
f 5782/5782 5914/5914 5884/5884
f 5884/5884 5946/5946 5789/5789
f 5956/5956 5750/5750 5997/5997
f 5997/5997 6062/6062 5926/5926
f 5852/5852 5972/5972 6061/6061
f 6061/6061 5771/5771 5725/5725
f 5947/5947 6029/6029 6023/6023
f 6023/6023 5898/5898 5805/5805
f 5758/5758 5808/5808 5827/5827
f 5827/5827 5838/5838 5957/5957
f 5957/5957 5742/5742 6051/6051
f 5858/5858 5793/5793 5908/5908
f 5851/5851 6004/6004 5862/5862
f 5862/5862 5931/5931 5928/5928
f 5928/5928 5829/5829 5784/5784
f 5784/5784 5824/5824 6005/6005
f 6005/6005 5814/5814 5801/5801
f 5794/5794 6026/6026 5979/5979
f 5979/5979 5876/5876 5724/5724
f 5724/5724 6054/6054 5796/5796
f 5785/5785 5968/5968 5842/5842
f 5842/5842 5748/5748 5726/5726
f 5726/5726 5753/5753 6050/6050
f 6046/6046 6079/6079 5933/5933
f 5910/5910 5938/5938 5951/5951
f 5951/5951 5747/5747 5818/5818
f 5818/5818 6016/6016 5963/5963
f 5963/5963 5973/5973 5759/5759
f 6058/6058 5760/5760 6077/6077
f 6077/6077 6025/6025 5945/5945
f 5945/5945 5734/5734 5839/5839
f 5839/5839 5811/5811 5768/5768
f 5768/5768 5718/5718 5890/5890
f 5883/5883 5985/5985 5810/5810
f 5810/5810 5791/5791 6042/6042
f 6042/6042 6036/6036 6022/6022
f 6022/6022 5716/5716 6015/6015
f 6015/6015 5821/5821 6040/6040
f 6040/6040 6018/6018 5861/5861
f 5861/5861 5859/5859 5992/5992
f 5992/5992 5736/5736 5864/5864
f 5864/5864 5776/5776 5887/5887
f 5777/5777 5823/5823 5913/5913
f 5723/5723 5952/5952 6034/6034
f 6034/6034 5940/5940 5755/5755
f 5755/5755 5846/5846 6007/6007
f 6007/6007 5990/5990 5845/5845
f 5845/5845 6043/6043 5813/5813
f 5813/5813 6020/6020 5773/5773
f 5773/5773 5830/5830 5739/5739
f 5739/5739 5971/5971 5981/5981
f 5981/5981 5735/5735 5766/5766
f 5766/5766 5746/5746 6033/6033
f 5834/5834 5806/5806 6067/6067
f 6067/6067 5965/5965 5787/5787
f 5749/5749 5925/5925 5923/5923
f 5923/5923 6035/6035 5757/5757
f 5757/5757 5885/5885 6068/6068
f 6068/6068 5761/5761 5881/5881
f 5837/5837 5721/5721 5930/5930
f 5930/5930 5995/5995 6031/6031
f 6031/6031 5788/5788 5844/5844
f 5844/5844 6021/6021 5969/5969
f 5969/5969 5943/5943 5999/5999
f 5999/5999 5778/5778 5896/5896
f 5896/5896 5783/5783 5740/5740
f 5740/5740 5727/5727 5828/5828
f 5888/5888 5949/5949 5877/5877
f 5877/5877 6013/6013 5912/5912
f 5912/5912 5905/5905 6065/6065
f 6065/6065 5948/5948 5929/5929
f 5929/5929 6063/6063 6076/6076
f 5984/5984 6038/6038 6041/6041
f 6041/6041 5832/5832 6024/6024
f 5894/5894 5879/5879 5939/5939
f 5939/5939 5872/5872 5798/5798
f 5798/5798 5902/5902 5802/5802
f 5873/5873 5899/5899 5904/5904
f 5941/5941 5909/5909 5741/5741
f 5741/5741 5865/5865 5847/5847
f 6078/6078 6009/6009 6045/6045
f 5738/5738 5944/5944 6003/6003
f 6003/6003 5743/5743 5991/5991
f 5991/5991 5882/5882 5892/5892
f 5892/5892 5779/5779 5822/5822
f 5822/5822 6027/6027 5737/5737
f 5737/5737 5893/5893 5886/5886
f 5915/5915 6011/6011 5920/5920
f 5920/5920 5841/5841 5918/5918
f 5918/5918 5792/5792 6047/6047
f 6047/6047 5744/5744 5717/5717
f 5717/5717 5922/5922 5911/5911
f 5911/5911 5891/5891 5854/5854
f 5807/5807 5916/5916 5812/5812
f 5831/5831 5962/5962 5989/5989
f 5989/5989 5833/5833 6060/6060
f 6060/6060 5863/5863 5903/5903
f 5903/5903 5763/5763 5804/5804
f 5804/5804 5927/5927 5993/5993
f 5993/5993 5772/5772 5960/5960
f 5960/5960 5897/5897 5935/5935
f 5935/5935 6017/6017 5729/5729
f 5729/5729 5950/5950 5875/5875
f 6000/6000 5906/5906 5978/5978
f 5764/5764 6001/6001 5871/5871
f 5871/5871 5987/5987 5919/5919
f 5919/5919 5809/5809 5996/5996
f 5955/5955 5880/5880 6066/6066
f 6066/6066 6073/6073 5843/5843
f 5843/5843 5988/5988 5826/5826
f 5855/5855 5795/5795 5786/5786
f 5786/5786 5977/5977 6056/6056
f 5937/5937 5856/5856 5870/5870
f 5998/5998 5819/5819 5974/5974
f 5974/5974 5983/5983 5874/5874
f 5874/5874 5970/5970 5917/5917
f 5917/5917 6070/6070 5980/5980
f 5980/5980 5853/5853 5775/5775
f 6008/6008 5781/5781 6053/6053
f 6053/6053 5895/5895 5866/5866
f 5975/5975 5731/5731 5958/5958
f 5958/5958 5849/5849 5782/5782
f 5782/5782 5884/5884 5789/5789
f 5956/5956 5997/5997 5926/5926
f 5926/5926 5852/5852 6061/6061
f 6061/6061 5725/5725 5994/5994
f 5994/5994 5947/5947 6023/6023
f 6023/6023 5805/5805 5860/5860
f 5860/5860 5758/5758 5827/5827
f 5827/5827 5957/5957 6051/6051
f 6051/6051 5858/5858 5908/5908
f 5835/5835 5851/5851 5862/5862
f 5862/5862 5928/5928 5784/5784
f 5784/5784 6005/6005 5801/5801
f 5850/5850 5794/5794 5979/5979
f 5979/5979 5724/5724 5796/5796
f 5785/5785 5842/5842 5726/5726
f 5726/5726 6050/6050 6046/6046
f 6046/6046 5933/5933 5910/5910
f 5910/5910 5951/5951 5818/5818
f 5818/5818 5963/5963 5759/5759
f 5759/5759 6058/6058 6077/6077
f 6077/6077 5945/5945 5839/5839
f 5768/5768 5890/5890 6048/6048
f 6048/6048 5883/5883 5810/5810
f 5810/5810 6042/6042 6022/6022
f 6022/6022 6015/6015 6040/6040
f 6040/6040 5861/5861 5992/5992
f 5864/5864 5887/5887 5777/5777
f 5777/5777 5913/5913 5723/5723
f 5723/5723 6034/6034 5755/5755
f 5755/5755 6007/6007 5845/5845
f 5845/5845 5813/5813 5773/5773
f 5773/5773 5739/5739 5981/5981
f 5981/5981 5766/5766 6033/6033
f 5834/5834 6067/6067 5787/5787
f 5749/5749 5923/5923 5757/5757
f 5757/5757 6068/6068 5881/5881
f 5967/5967 5837/5837 5930/5930
f 5930/5930 6031/6031 5844/5844
f 5844/5844 5969/5969 5999/5999
f 5999/5999 5896/5896 5740/5740
f 5740/5740 5828/5828 6057/6057
f 5877/5877 5912/5912 6065/6065
f 6065/6065 5929/5929 6076/6076
f 6076/6076 5984/5984 6041/6041
f 6041/6041 6024/6024 5894/5894
f 5939/5939 5798/5798 5802/5802
f 5873/5873 5904/5904 5901/5901
f 5741/5741 5847/5847 6078/6078
f 6078/6078 6045/6045 5738/5738
f 5738/5738 6003/6003 5991/5991
f 5991/5991 5892/5892 5822/5822
f 5822/5822 5737/5737 5886/5886
f 5915/5915 5920/5920 5918/5918
f 5918/5918 6047/6047 5717/5717
f 5717/5717 5911/5911 5854/5854
f 5807/5807 5812/5812 5816/5816
f 5816/5816 5831/5831 5989/5989
f 5989/5989 6060/6060 5903/5903
f 5903/5903 5804/5804 5993/5993
f 5993/5993 5960/5960 5935/5935
f 5729/5729 5875/5875 6000/6000
f 6000/6000 5978/5978 5764/5764
f 5764/5764 5871/5871 5919/5919
f 5919/5919 5996/5996 5955/5955
f 5955/5955 6066/6066 5843/5843
f 5843/5843 5826/5826 5855/5855
f 5855/5855 5786/5786 6056/6056
f 5937/5937 5870/5870 5998/5998
f 5998/5998 5974/5974 5874/5874
f 5874/5874 5917/5917 5980/5980
f 5980/5980 5775/5775 6008/6008
f 6008/6008 6053/6053 5866/5866
f 5975/5975 5958/5958 5782/5782
f 5782/5782 5789/5789 5767/5767
f 5956/5956 5926/5926 6061/6061
f 6061/6061 5994/5994 6023/6023
f 5860/5860 5827/5827 6051/6051
f 6051/6051 5908/5908 5835/5835
f 5835/5835 5862/5862 5784/5784
f 5784/5784 5801/5801 5850/5850
f 5850/5850 5979/5979 5796/5796
f 5796/5796 5785/5785 5726/5726
f 5726/5726 6046/6046 5910/5910
f 5910/5910 5818/5818 5759/5759
f 5759/5759 6077/6077 5839/5839
f 5768/5768 6048/6048 5810/5810
f 5810/5810 6022/6022 6040/6040
f 6040/6040 5992/5992 5864/5864
f 5864/5864 5777/5777 5723/5723
f 5723/5723 5755/5755 5845/5845
f 5845/5845 5773/5773 5981/5981
f 5981/5981 6033/6033 5834/5834
f 5834/5834 5787/5787 5749/5749
f 5749/5749 5757/5757 5881/5881
f 5881/5881 5967/5967 5930/5930
f 5930/5930 5844/5844 5999/5999
f 5999/5999 5740/5740 6057/6057
f 5888/5888 5877/5877 6065/6065
f 6065/6065 6076/6076 6041/6041
f 5894/5894 5939/5939 5802/5802
f 5802/5802 5873/5873 5901/5901
f 5741/5741 6078/6078 5738/5738
f 5738/5738 5991/5991 5822/5822
f 5822/5822 5886/5886 5915/5915
f 5915/5915 5918/5918 5717/5717
f 5717/5717 5854/5854 5807/5807
f 5807/5807 5816/5816 5989/5989
f 5989/5989 5903/5903 5993/5993
f 5993/5993 5935/5935 5729/5729
f 5729/5729 6000/6000 5764/5764
f 5764/5764 5919/5919 5955/5955
f 5955/5955 5843/5843 5855/5855
f 5855/5855 6056/6056 5790/5790
f 5790/5790 5937/5937 5998/5998
f 5998/5998 5874/5874 5980/5980
f 5980/5980 6008/6008 5866/5866
f 5975/5975 5782/5782 5767/5767
f 5767/5767 5956/5956 6061/6061
f 6061/6061 6023/6023 5860/5860
f 5860/5860 6051/6051 5835/5835
f 5835/5835 5784/5784 5850/5850
f 5850/5850 5796/5796 5726/5726
f 5726/5726 5910/5910 5759/5759
f 5759/5759 5839/5839 5768/5768
f 5768/5768 5810/5810 6040/6040
f 6040/6040 5864/5864 5723/5723
f 5723/5723 5845/5845 5981/5981
f 5981/5981 5834/5834 5749/5749
f 5749/5749 5881/5881 5930/5930
f 5930/5930 5999/5999 6057/6057
f 5800/5800 5888/5888 6065/6065
f 6065/6065 6041/6041 5894/5894
f 5894/5894 5802/5802 5901/5901
f 5941/5941 5741/5741 5738/5738
f 5738/5738 5822/5822 5915/5915
f 5915/5915 5717/5717 5807/5807
f 5807/5807 5989/5989 5993/5993
f 5993/5993 5729/5729 5764/5764
f 5764/5764 5955/5955 5855/5855
f 5855/5855 5790/5790 5998/5998
f 5998/5998 5980/5980 5866/5866
f 5975/5975 5767/5767 6061/6061
f 6061/6061 5860/5860 5835/5835
f 5835/5835 5850/5850 5726/5726
f 5726/5726 5759/5759 5768/5768
f 5768/5768 6040/6040 5723/5723
f 5723/5723 5981/5981 5749/5749
f 5749/5749 5930/5930 6057/6057
f 5800/5800 6065/6065 5894/5894
f 5894/5894 5901/5901 5941/5941
f 5941/5941 5738/5738 5915/5915
f 5915/5915 5807/5807 5993/5993
f 5993/5993 5764/5764 5855/5855
f 5855/5855 5998/5998 5866/5866
f 5975/5975 6061/6061 5835/5835
f 5835/5835 5726/5726 5768/5768
f 5768/5768 5723/5723 5749/5749
f 5749/5749 6057/6057 5730/5730
f 5836/5836 5800/5800 5894/5894
f 5894/5894 5941/5941 5915/5915
f 5915/5915 5993/5993 5855/5855
f 5855/5855 5866/5866 5975/5975
f 5975/5975 5835/5835 5768/5768
f 5768/5768 5749/5749 5730/5730
f 5836/5836 5894/5894 5915/5915
f 5915/5915 5855/5855 5975/5975
f 5975/5975 5768/5768 5730/5730
f 5770/5770 5836/5836 5915/5915
f 5915/5915 5975/5975 5730/5730
f 5730/5730 5770/5770 5915/5915
