# generated
mtllib shine_muscat.mtl
o fruit_half
v 0.141282 -0.596757 1.270941
v 0.305619 -0.085815 1.231798
v 0.307990 -0.079304 1.226523
v 0.271219 -0.038100 1.193307
v 0.120493 -0.040672 1.244738
v 0.116126 -0.007061 1.248820
v 0.076410 -0.064345 1.237837
v 0.126578 0.005993 1.211957
v 0.078335 -0.022888 1.287048
v 0.161281 0.067208 1.234024
v 0.111366 0.010446 1.226547
v -0.663814 0.158208 1.172224
v -0.493919 0.576718 0.992690
v 0.136680 -0.609781 1.256965
v 0.120930 -0.605227 1.265934
v 0.133370 -0.589859 1.280445
v 0.151768 -0.582584 1.282929
v 0.155941 -0.595790 1.267991
v 0.330824 -0.092321 1.234492
v 0.319451 -0.097727 1.240365
v 0.285430 -0.084373 1.236526
v 0.281659 -0.073734 1.226267
v 0.337992 -0.083351 1.229331
v 0.286723 -0.066603 1.217342
v 0.314016 -0.070789 1.218972
v 0.261076 -0.043648 1.194491
v 0.255779 -0.033731 1.189178
v 0.272837 -0.030835 1.189560
v 0.287856 -0.041126 1.195216
v 0.279058 -0.050211 1.198312
v 0.294002 -0.030017 1.195363
v 0.129227 -0.053083 1.243139
v 0.118006 -0.062349 1.244617
v 0.108786 -0.052129 1.244893
v 0.134346 -0.036338 1.238042
v 0.139747 -0.045864 1.239150
v 0.121139 -0.028787 1.244356
v 0.131086 -0.028393 1.236779
v 0.106315 -0.034458 1.254251
v 0.111405 -0.024752 1.255351
v 0.098211 -0.044832 1.250940
v 0.112515 0.003572 1.248841
v 0.110316 -0.000336 1.243357
v 0.110892 -0.008707 1.241894
v 0.107724 0.001550 1.261334
v 0.111449 0.011644 1.258051
v 0.115615 -0.014175 1.236369
v 0.118299 -0.016504 1.239469
v 0.084089 -0.075808 1.231928
v 0.074450 -0.084001 1.247660
v 0.070647 -0.070390 1.249945
v 0.077870 -0.056636 1.255873
v 0.085175 -0.050768 1.239627
v 0.097087 -0.062365 1.240146
v 0.125889 0.002647 1.214137
v 0.118203 -0.001975 1.217749
v 0.122532 0.005222 1.213035
v 0.135347 0.012994 1.206550
v 0.136983 0.010764 1.207791
v 0.094411 -0.030394 1.268766
v 0.085188 -0.042661 1.262033
v 0.070273 -0.044613 1.275416
v 0.054950 -0.054282 1.289281
v 0.060156 -0.035267 1.302448
v 0.078132 -0.002526 1.311799
v 0.090194 0.010144 1.305616
v 0.090901 -0.005506 1.284101
v 0.103400 -0.018847 1.271290
v 0.154521 0.063758 1.234947
v 0.161635 0.076475 1.247163
v 0.167937 0.078880 1.242239
v 0.172550 0.081731 1.236037
v 0.162905 0.065379 1.228833
v 0.150512 0.059275 1.225907
v 0.111003 0.009811 1.229599
v 0.119454 0.018609 1.222624
v 0.117886 0.017534 1.220357
v 0.116095 0.015950 1.218431
v 0.108665 0.007086 1.226777
v 0.106102 0.002707 1.232998
v -0.656119 0.160763 1.182934
v -0.659765 0.139961 1.186178
v -0.669220 0.142931 1.169718
v -0.668305 0.165146 1.160191
v -0.657471 0.175403 1.170983
v -0.676609 0.147271 1.150916
v -0.494628 0.570677 1.004405
v -0.512903 0.562260 0.991418
v -0.507115 0.572077 0.978777
v -0.485724 0.584268 0.990155
v -0.481059 0.580597 1.009269
v -0.499939 0.581948 0.968329
v -0.527488 0.565649 0.959004
v -0.519712 0.576336 0.945477
v -0.510511 0.586409 0.932736
v -0.491827 0.591716 0.958540
v -0.477009 0.593555 0.984391
v -0.482239 0.601613 0.948232
v -0.467607 0.603496 0.976808
v -0.458752 0.600215 1.003989
v -0.469518 0.590386 1.008179
v -0.455980 0.593193 1.028688
v -0.468330 0.582145 1.028945
v -0.482401 0.571351 1.026038
v -0.470522 0.570842 1.047805
v -0.486739 0.560049 1.042396
v -0.504422 0.549243 1.033409
v -0.499041 0.560741 1.018376
v -0.523711 0.539245 1.020279
v -0.518870 0.551392 1.005536
v -0.544414 0.530788 1.004324
v -0.539823 0.543054 0.988662
v -0.534162 0.554729 0.973527
v -0.561355 0.535712 0.969522
v -0.555522 0.547633 0.952965
v -0.548073 0.558575 0.936944
v -0.574487 0.538028 0.929807
v -0.566999 0.550031 0.912812
v -0.558267 0.562158 0.896730
v -0.539666 0.569692 0.921888
v -0.548638 0.574738 0.881658
v -0.530155 0.580885 0.907694
v -0.537446 0.587368 0.867336
v -0.519218 0.591799 0.894207
v -0.500713 0.597220 0.920910
v -0.506924 0.602689 0.881711
v -0.489345 0.607239 0.909527
v -0.472298 0.612186 0.938540
v -0.477494 0.618312 0.899132
v -0.461478 0.622669 0.929394
v -0.446742 0.624488 0.961040
v -0.457309 0.614395 0.968898
v -0.437592 0.622035 0.992921
v -0.448473 0.611301 0.998802
v -0.431407 0.614824 1.022584
v -0.443700 0.603845 1.026228
v -0.428769 0.605473 1.050136
v -0.442372 0.593755 1.051243
v -0.456291 0.582470 1.050728
v -0.442955 0.581951 1.074726
v -0.458396 0.570403 1.071856
v -0.474337 0.558886 1.066702
v -0.461168 0.557433 1.092078
v -0.477606 0.545579 1.085202
v -0.494735 0.534268 1.076485
v -0.490856 0.547242 1.058980
v -0.512763 0.523750 1.065826
v -0.508931 0.536663 1.049003
v -0.531535 0.513963 1.052917
v -0.527843 0.526661 1.035868
v -0.550758 0.504445 1.037790
v -0.548147 0.518026 1.020700
v -0.570677 0.495295 1.021128
v -0.568841 0.509500 1.003537
v -0.565553 0.522777 0.986278
v -0.588979 0.500067 0.984611
v -0.585317 0.513145 0.965971
v -0.580904 0.526157 0.947780
v -0.603753 0.502266 0.943870
v -0.598427 0.515012 0.924139
v -0.592129 0.527842 0.905095
v -0.614789 0.503901 0.898889
v -0.607974 0.517435 0.878609
v -0.600001 0.531495 0.859484
v -0.584322 0.540721 0.886974
v -0.590306 0.545540 0.841548
v -0.575203 0.554033 0.870005
v -0.578786 0.559154 0.824577
v -0.564831 0.567570 0.853975
v -0.564775 0.571704 0.808813
v -0.552732 0.580849 0.838803
v -0.549117 0.583915 0.794275
v -0.537609 0.592265 0.824513
v -0.523662 0.598521 0.853738
v -0.520543 0.602755 0.811502
v -0.507805 0.608410 0.841197
v -0.493050 0.613139 0.870083
v -0.491013 0.619546 0.830291
v -0.477921 0.624320 0.859864
v -0.463828 0.629118 0.889790
v -0.461625 0.636237 0.851030
v -0.449233 0.640800 0.881538
v -0.436131 0.644348 0.913142
v -0.449030 0.632832 0.920847
v -0.422776 0.645526 0.946208
v -0.435478 0.634955 0.953539
v -0.412094 0.644093 0.980235
v -0.425639 0.632956 0.986687
v -0.404862 0.638648 1.013293
v -0.418702 0.626523 1.018235
v -0.399642 0.629906 1.044653
v -0.414772 0.617777 1.048067
v -0.396896 0.618897 1.073667
v -0.413125 0.607093 1.076030
v -0.428113 0.594122 1.075829
v -0.412666 0.594235 1.101571
v -0.428756 0.581538 1.099970
v -0.444722 0.569162 1.096742
v -0.429382 0.567876 1.122927
v -0.446054 0.555467 1.118172
v -0.462872 0.543324 1.111943
v -0.446371 0.540509 1.139166
v -0.464005 0.528850 1.132160
v -0.481237 0.516954 1.123306
v -0.480003 0.531676 1.104140
v -0.499495 0.506458 1.113751
v -0.497365 0.520399 1.094678
v -0.517740 0.496209 1.102543
v -0.515584 0.510149 1.083772
v -0.536444 0.486750 1.089583
v -0.534060 0.500329 1.070773
v -0.554749 0.476893 1.074607
v -0.553125 0.490967 1.055970
v -0.573505 0.467172 1.058626
v -0.572076 0.481121 1.039484
v -0.591835 0.456575 1.041334
v -0.591398 0.471123 1.022063
v -0.590744 0.485831 1.003243
v -0.610683 0.460540 1.003514
v -0.609713 0.474986 0.983676
v -0.607360 0.488835 0.963680
v -0.626628 0.462510 0.961686
v -0.624246 0.476683 0.940723
v -0.620146 0.490343 0.919714
v -0.638740 0.463774 0.915162
v -0.634743 0.478366 0.893351
v -0.629731 0.493154 0.871783
v -0.649438 0.466703 0.865986
v -0.643420 0.481603 0.843330
v -0.635758 0.496287 0.821112
v -0.622587 0.507448 0.850587
v -0.626125 0.510376 0.799791
v -0.613937 0.521694 0.830377
v -0.614598 0.524033 0.780331
v -0.602945 0.535290 0.811535
v -0.601063 0.537264 0.762672
v -0.590255 0.548613 0.794070
v -0.586525 0.551233 0.746547
v -0.575877 0.561767 0.778021
v -0.559882 0.574829 0.763364
v -0.542642 0.588029 0.749877
v -0.531854 0.595798 0.780995
v -0.512731 0.606753 0.769220
v -0.502391 0.613771 0.800079
v -0.493680 0.619754 0.758930
v -0.483803 0.626069 0.790196
v -0.473684 0.632193 0.820911
v -0.464898 0.639656 0.781637
v -0.455376 0.645159 0.812662
v -0.444930 0.649597 0.843294
v -0.436820 0.659362 0.805397
v -0.427088 0.663040 0.836424
v -0.416731 0.665943 0.867740
v -0.433891 0.653708 0.874274
v -0.405912 0.667924 0.899860
v -0.421616 0.655892 0.906150
v -0.394182 0.667440 0.932762
v -0.409169 0.656583 0.939349
v -0.383939 0.666191 0.967014
v -0.398469 0.655410 0.973665
v -0.375449 0.661723 1.001269
v -0.390131 0.650257 1.007516
v -0.369568 0.654827 1.034484
v -0.384811 0.642429 1.039918
v -0.365104 0.644623 1.065758
v -0.381162 0.631630 1.070146
v -0.362268 0.632536 1.095605
v -0.379555 0.619787 1.099252
v -0.396091 0.606742 1.101192
v -0.378242 0.605900 1.126916
v -0.395796 0.593224 1.127657
v -0.412606 0.580361 1.126104
v -0.394645 0.577677 1.152763
v -0.412219 0.565216 1.149933
v -0.429229 0.552689 1.145125
v -0.411075 0.548371 1.172759
v -0.429399 0.537138 1.167619
v -0.446455 0.524859 1.160155
v -0.428764 0.519537 1.188850
v -0.446852 0.508438 1.181017
v -0.465187 0.497680 1.172540
v -0.464636 0.513696 1.152332
v -0.483363 0.486821 1.163032
v -0.482650 0.502466 1.143254
v -0.502251 0.476980 1.152981
v -0.501058 0.492015 1.133225
v -0.519890 0.466286 1.140751
v -0.519284 0.481718 1.121679
v -0.538732 0.457254 1.128060
v -0.537743 0.472133 1.108513
v -0.557362 0.448350 1.114088
v -0.556673 0.463180 1.094303
v -0.575314 0.438740 1.098636
v -0.573752 0.452370 1.077897
v -0.591959 0.427659 1.081243
v -0.592260 0.442302 1.061240
v -0.608689 0.415985 1.062366
v -0.609327 0.430490 1.042445
v -0.610591 0.445704 1.023136
v -0.626798 0.418178 1.022194
v -0.627784 0.433154 1.002543
v -0.628173 0.448220 0.982559
v -0.643807 0.419568 0.979534
v -0.643243 0.434367 0.958746
v -0.641651 0.449193 0.937050
v -0.657821 0.420304 0.933237
v -0.656038 0.435663 0.911045
v -0.653590 0.451348 0.888647
v -0.669943 0.421941 0.884507
v -0.667141 0.438183 0.861425
v -0.662137 0.453671 0.837873
v -0.679107 0.424116 0.834218
v -0.673740 0.439633 0.809911
v -0.665648 0.453938 0.785186
v -0.655249 0.468560 0.814170
v -0.656739 0.468155 0.760722
v -0.646887 0.483150 0.790795
v -0.636719 0.497134 0.768427
v -0.624704 0.510639 0.748472
v -0.473626 0.633109 0.750118
v -0.445350 0.653916 0.774128
v -0.424068 0.667440 0.767576
v -0.416400 0.672358 0.798876
v -0.401559 0.680924 0.761862
v -0.394835 0.685516 0.793063
v -0.387339 0.688784 0.824298
v -0.407843 0.676006 0.830160
v -0.378989 0.690525 0.855721
v -0.398607 0.678500 0.861678
v -0.370161 0.691279 0.887544
v -0.388533 0.679329 0.893672
v -0.360726 0.690392 0.919965
v -0.378026 0.678698 0.926414
v -0.351360 0.687984 0.953238
v -0.368092 0.676677 0.960247
v -0.342716 0.683609 0.986880
v -0.359775 0.672873 0.994543
v -0.335598 0.677359 1.020501
v -0.352724 0.665542 1.027835
v -0.329268 0.667655 1.052768
v -0.347634 0.656405 1.059942
v -0.324623 0.656638 1.083799
v -0.344127 0.645222 1.090588
v -0.321266 0.644793 1.113732
v -0.341521 0.632565 1.120107
v -0.360463 0.619404 1.124537
v -0.338685 0.617910 1.148389
v -0.357896 0.603743 1.151819
v -0.376749 0.590749 1.153541
v -0.355761 0.587650 1.178628
v -0.374693 0.573709 1.178719
v -0.393601 0.561289 1.177195
v -0.373059 0.555783 1.203201
v -0.391775 0.542671 1.200023
v -0.410221 0.530616 1.195108
v -0.391013 0.523750 1.222815
v -0.409920 0.512147 1.217072
v -0.428599 0.501262 1.209889
v -0.409791 0.492868 1.238635
v -0.429328 0.483034 1.231532
v -0.447669 0.472623 1.222625
v -0.447278 0.490999 1.201831
v -0.466016 0.462705 1.213178
v -0.465342 0.480354 1.192566
v -0.484177 0.452867 1.203003
v -0.483629 0.470067 1.182719
v -0.502210 0.443162 1.192048
v -0.502236 0.460322 1.172238
v -0.520376 0.433918 1.180403
v -0.520875 0.450961 1.160763
v -0.538446 0.425025 1.167889
v -0.538612 0.441268 1.147616
v -0.555501 0.415677 1.153667
v -0.556228 0.431937 1.133441
v -0.572629 0.406498 1.138256
v -0.573930 0.422697 1.118243
v -0.589301 0.396814 1.120965
v -0.591268 0.412768 1.101383
v -0.606833 0.386855 1.102380
v -0.607967 0.401603 1.082426
v -0.624260 0.375654 1.082070
v -0.625024 0.389578 1.061921
v -0.625500 0.403468 1.041808
v -0.641742 0.376301 1.039857
v -0.642423 0.390201 1.019683
v -0.642897 0.404513 0.999525
v -0.658663 0.375927 0.995949
v -0.658941 0.390414 0.975402
v -0.658525 0.405151 0.954536
v -0.675512 0.376303 0.951139
v -0.673920 0.391002 0.929380
v -0.671779 0.406043 0.907129
v -0.687553 0.375872 0.904496
v -0.685258 0.391631 0.881583
v -0.682866 0.407900 0.858196
v -0.697329 0.376290 0.856961
v -0.693069 0.392192 0.832708
v -0.688684 0.408220 0.808021
v -0.702330 0.375036 0.808487
v -0.697448 0.390616 0.783262
v -0.690567 0.404914 0.757328
v -0.682596 0.423290 0.782787
v -0.675295 0.437691 0.757306
v -0.378215 0.694998 0.756742
v -0.353137 0.708154 0.751951
v -0.347884 0.711957 0.782418
v -0.372147 0.699025 0.787699
v -0.342664 0.715119 0.812878
v -0.365558 0.701684 0.818647
v -0.335987 0.715474 0.843397
v -0.358184 0.702910 0.849738
v -0.329319 0.715738 0.874260
v -0.350452 0.703425 0.881129
v -0.321810 0.714193 0.905590
v -0.341933 0.702097 0.913030
v -0.313976 0.711518 0.937473
v -0.333167 0.699189 0.945540
v -0.305782 0.706713 0.969644
v -0.324666 0.694533 0.978493
v -0.298386 0.700952 1.002340
v -0.317671 0.689378 1.011996
v -0.291071 0.692132 1.034543
v -0.310613 0.679928 1.044345
v -0.284777 0.682373 1.066310
v -0.305052 0.669571 1.075992
v -0.279092 0.670441 1.096361
v -0.300589 0.657874 1.106179
v -0.274332 0.658396 1.126093
v -0.296731 0.645081 1.135301
v -0.318122 0.631386 1.142596
v -0.292679 0.630435 1.163219
v -0.314945 0.616606 1.170747
v -0.335512 0.601437 1.175519
v -0.311880 0.600234 1.197446
v -0.332903 0.584107 1.201721
v -0.353444 0.569578 1.203871
v -0.330861 0.565876 1.226799
v -0.351907 0.550731 1.228414
v -0.371773 0.536492 1.226668
v -0.350259 0.530090 1.251483
v -0.370726 0.516212 1.249398
v -0.390401 0.503872 1.244879
v -0.369886 0.495634 1.271842
v -0.390118 0.483734 1.266916
v -0.410071 0.473328 1.260449
v -0.389726 0.463224 1.288665
v -0.409594 0.452499 1.281504
v -0.428520 0.442213 1.273071
v -0.428847 0.462813 1.252042
v -0.447085 0.432624 1.264145
v -0.447454 0.452954 1.243119
v -0.465020 0.423250 1.254237
v -0.465786 0.443485 1.233532
v -0.483663 0.415133 1.244535
v -0.483986 0.434330 1.223400
v -0.501307 0.406391 1.233378
v -0.501744 0.425090 1.212312
v -0.518811 0.397893 1.221448
v -0.519923 0.416512 1.200879
v -0.535674 0.389188 1.208352
v -0.537244 0.407553 1.188021
v -0.552412 0.380813 1.194159
v -0.553901 0.398470 1.173705
v -0.569199 0.372741 1.178594
v -0.571267 0.390071 1.158591
v -0.585989 0.364467 1.161137
v -0.587717 0.380815 1.141070
v -0.602391 0.355252 1.141747
v -0.604939 0.371242 1.122059
v -0.619125 0.345452 1.121586
v -0.622744 0.361038 1.102129
v -0.636607 0.334821 1.101125
v -0.640171 0.349376 1.081062
v -0.641293 0.362953 1.060361
v -0.656759 0.335984 1.059054
v -0.658360 0.349214 1.037880
v -0.659116 0.362595 1.016977
v -0.676686 0.335392 1.015888
v -0.676666 0.348357 0.993997
v -0.676545 0.362099 0.972584
v -0.693762 0.333239 0.971802
v -0.692182 0.346620 0.949324
v -0.690834 0.361306 0.927221
v -0.706344 0.330189 0.927093
v -0.703898 0.345077 0.903977
v -0.700675 0.360422 0.880668
v -0.714979 0.327784 0.881599
v -0.711161 0.343387 0.857550
v -0.707155 0.359297 0.833240
v -0.720010 0.324974 0.835438
v -0.715336 0.340595 0.810607
v -0.710108 0.355976 0.785420
v -0.721860 0.320101 0.789197
v -0.715823 0.334799 0.763559
v -0.704062 0.370601 0.759667
v -0.327466 0.722836 0.747095
v -0.295549 0.740016 0.771632
v -0.322563 0.725831 0.777051
v -0.291186 0.741584 0.800887
v -0.317801 0.728015 0.806891
v -0.286639 0.741832 0.830123
v -0.312292 0.728399 0.836782
v -0.281624 0.740770 0.859568
v -0.306285 0.727770 0.866964
v -0.276456 0.739472 0.889556
v -0.300129 0.726728 0.897702
v -0.269994 0.735916 0.919755
v -0.292881 0.723518 0.928748
v -0.263361 0.731623 0.950471
v -0.285791 0.719852 0.960471
v -0.256363 0.725577 0.981609
v -0.278166 0.713353 0.992252
v -0.249328 0.718156 1.012987
v -0.270921 0.705333 1.024153
v -0.242250 0.708778 1.044103
v -0.263605 0.694600 1.055221
v -0.235174 0.697796 1.074735
v -0.257515 0.684354 1.086189
v -0.228287 0.685731 1.104821
v -0.251435 0.672035 1.116194
v -0.222208 0.673796 1.134430
v -0.246288 0.659666 1.145342
v -0.269807 0.644919 1.154715
v -0.241657 0.646733 1.173606
v -0.266046 0.631675 1.182906
v -0.289097 0.615208 1.190429
v -0.262303 0.616272 1.210091
v -0.286533 0.599896 1.217926
v -0.309281 0.582679 1.223413
v -0.283004 0.580968 1.243064
v -0.306406 0.563008 1.247955
v -0.329204 0.546364 1.251363
v -0.304019 0.542931 1.272250
v -0.327233 0.525036 1.274947
v -0.349325 0.509661 1.275013
v -0.325423 0.504254 1.298269
v -0.347451 0.487987 1.297030
v -0.369087 0.474883 1.294131
v -0.345765 0.466821 1.319229
v -0.367799 0.453553 1.315716
v -0.388676 0.441845 1.309784
v -0.365619 0.431645 1.336495
v -0.386422 0.419322 1.330166
v -0.406767 0.408484 1.323417
v -0.408481 0.430779 1.302308
v -0.426205 0.398344 1.315630
v -0.427771 0.420745 1.294340
v -0.444757 0.388766 1.306667
v -0.446780 0.411773 1.285981
v -0.462736 0.380013 1.296698
v -0.465411 0.403487 1.276800
v -0.480998 0.372502 1.286502
v -0.483193 0.395071 1.266209
v -0.498226 0.364673 1.274634
v -0.500539 0.386656 1.254662
v -0.515497 0.357213 1.262290
v -0.517871 0.378577 1.242535
v -0.532747 0.350096 1.249318
v -0.534392 0.370243 1.229088
v -0.548883 0.342742 1.234502
v -0.550848 0.362421 1.214585
v -0.565001 0.335801 1.218322
v -0.566907 0.354617 1.198387
v -0.580606 0.328572 1.199918
v -0.583618 0.347049 1.180719
v -0.596231 0.321309 1.180807
v -0.599378 0.338640 1.161324
v -0.611371 0.313281 1.160833
v -0.615040 0.329528 1.141073
v -0.626308 0.304122 1.140278
v -0.631681 0.319704 1.120752
v -0.642280 0.293870 1.120099
v -0.648627 0.308474 1.100295
v -0.653727 0.322571 1.080040
v -0.666064 0.295772 1.080362
v -0.671288 0.309064 1.059335
v -0.674588 0.322095 1.037619
v -0.688805 0.294241 1.039230
v -0.692114 0.306989 1.016661
v -0.693656 0.320012 0.994229
v -0.705808 0.289234 0.995935
v -0.707811 0.302524 0.973219
v -0.707388 0.315868 0.950089
v -0.720225 0.283884 0.953163
v -0.719668 0.297764 0.929295
v -0.718454 0.312710 0.905552
v -0.730948 0.279097 0.909655
v -0.728245 0.294032 0.884896
v -0.724941 0.309598 0.860256
v -0.737715 0.274617 0.865742
v -0.733263 0.289998 0.840232
v -0.728046 0.305233 0.814698
v -0.741783 0.269593 0.821581
v -0.735376 0.284203 0.795332
v -0.728891 0.298583 0.769107
v -0.744037 0.262682 0.776713
v -0.737435 0.276403 0.749950
v -0.234837 0.765671 0.760624
v -0.266133 0.753142 0.766173
v -0.231149 0.768117 0.789171
v -0.262157 0.754741 0.794956
v -0.227824 0.768700 0.817410
v -0.258408 0.755107 0.823578
v -0.224772 0.767749 0.845515
v -0.254673 0.754267 0.852314
v -0.221315 0.764724 0.873528
v -0.250519 0.752495 0.881413
v -0.217349 0.761111 0.901889
v -0.244795 0.747974 0.910573
v -0.212790 0.756920 0.930858
v -0.239222 0.744172 0.940546
v -0.207404 0.750818 0.960154
v -0.232868 0.737999 0.970779
v -0.201549 0.743929 0.989952
v -0.226453 0.731374 1.001620
v -0.194919 0.735232 1.019719
v -0.219436 0.722363 1.032180
v -0.187686 0.724343 1.049058
v -0.211975 0.710976 1.062061
v -0.180518 0.713435 1.078804
v -0.205030 0.700325 1.092487
v -0.173548 0.702999 1.109007
v -0.197976 0.688071 1.122158
v -0.166200 0.690378 1.137994
v -0.191629 0.675760 1.151392
v -0.216455 0.660337 1.162681
v -0.185991 0.662894 1.179727
v -0.211802 0.647508 1.190975
v -0.237429 0.632324 1.201137
v -0.207453 0.632952 1.218145
v -0.233368 0.616228 1.227790
v -0.258497 0.598731 1.236058
v -0.229540 0.599179 1.253829
v -0.254762 0.579891 1.260973
v -0.279672 0.561161 1.267314
v -0.251022 0.560479 1.285147
v -0.276442 0.541158 1.291095
v -0.301129 0.521949 1.295255
v -0.272588 0.520064 1.313579
v -0.298075 0.500922 1.317916
v -0.322526 0.482421 1.319886
v -0.294245 0.478984 1.339600
v -0.319450 0.461220 1.341668
v -0.343497 0.445689 1.340952
v -0.315531 0.439462 1.362169
v -0.339503 0.423112 1.360258
v -0.362392 0.409094 1.356514
v -0.335754 0.401110 1.380271
v -0.358321 0.385858 1.375633
v -0.380151 0.372611 1.370267
v -0.383825 0.396623 1.350917
v -0.401260 0.361211 1.364157
v -0.404415 0.385487 1.344365
v -0.421064 0.350469 1.356313
v -0.424120 0.375148 1.336692
v -0.439910 0.340636 1.347078
v -0.443069 0.365642 1.327948
v -0.458995 0.332579 1.337728
v -0.460977 0.356754 1.317581
v -0.476993 0.325003 1.326569
v -0.478458 0.348771 1.306223
v -0.494297 0.318038 1.314111
v -0.496140 0.341791 1.294512
v -0.511291 0.311491 1.300885
v -0.513357 0.334901 1.281901
v -0.528334 0.305561 1.287159
v -0.530639 0.328514 1.268763
v -0.544747 0.299859 1.272154
v -0.546612 0.321771 1.253667
v -0.560503 0.294395 1.255575
v -0.562316 0.315466 1.237073
v -0.575011 0.288717 1.237013
v -0.577702 0.309199 1.218747
v -0.589147 0.283261 1.218041
v -0.592623 0.302859 1.199682
v -0.603060 0.277586 1.198859
v -0.607272 0.296030 1.180130
v -0.616310 0.271026 1.179223
v -0.621524 0.288152 1.160073
v -0.629596 0.263326 1.159582
v -0.635856 0.278929 1.139925
v -0.644207 0.254319 1.140778
v -0.651418 0.268292 1.120624
v -0.658982 0.282081 1.100569
v -0.668297 0.256021 1.102817
v -0.676648 0.268805 1.082428
v -0.683286 0.281400 1.061101
v -0.692315 0.253007 1.064388
v -0.698937 0.264897 1.042249
v -0.703655 0.277016 1.019174
v -0.712309 0.246411 1.024105
v -0.716549 0.258172 1.000527
v -0.719241 0.270724 0.976929
v -0.728310 0.238333 0.983233
v -0.730555 0.251021 0.958867
v -0.731658 0.264679 0.934335
v -0.741228 0.230732 0.941900
v -0.741032 0.244371 0.916522
v -0.739775 0.259102 0.891119
v -0.750603 0.223668 0.899705
v -0.748872 0.238602 0.873726
v -0.746146 0.254130 0.847701
v -0.756851 0.217286 0.856609
v -0.753898 0.232835 0.830096
v -0.749298 0.248051 0.803498
v -0.761569 0.210960 0.812544
v -0.756471 0.225630 0.785500
v -0.751696 0.239735 0.758366
v -0.763836 0.202164 0.767744
v -0.167665 0.787776 0.749045
v -0.202070 0.777824 0.755021
v -0.162910 0.789902 0.777607
v -0.197729 0.779365 0.783553
v -0.158626 0.791007 0.805537
v -0.194168 0.780230 0.811576
v -0.155358 0.791609 0.832949
v -0.191407 0.779986 0.839199
v -0.152991 0.789734 0.859887
v -0.188839 0.777275 0.866466
v -0.151618 0.787190 0.886757
v -0.186577 0.774626 0.893972
v -0.150048 0.782780 0.913660
v -0.183509 0.770219 0.921844
v -0.147398 0.775544 0.940406
v -0.179350 0.763755 0.950022
v -0.143985 0.768655 0.967816
v -0.174583 0.757180 0.978825
v -0.139354 0.760807 0.995480
v -0.168533 0.748113 1.007399
v -0.133862 0.751873 1.023227
v -0.162222 0.738919 1.036483
v -0.127568 0.741639 1.050950
v -0.155358 0.728444 1.065545
v -0.120628 0.731104 1.079052
v -0.147755 0.716445 1.094170
v -0.113231 0.720790 1.107662
v -0.140323 0.705500 1.123425
v -0.105234 0.708914 1.135707
v -0.132741 0.692615 1.151295
v -0.159368 0.676741 1.165676
v -0.126148 0.679986 1.179549
v -0.153545 0.663701 1.193529
v -0.180858 0.648935 1.206938
v -0.147965 0.649035 1.220569
v -0.176091 0.634292 1.233922
v -0.203206 0.617172 1.244629
v -0.170794 0.616716 1.258893
v -0.198396 0.599119 1.269397
v -0.225088 0.580070 1.278008
v -0.193052 0.579071 1.292344
v -0.220300 0.559994 1.301129
v -0.246798 0.540102 1.308180
v -0.215362 0.539653 1.323913
v -0.242194 0.519191 1.330530
v -0.268378 0.498550 1.335600
v -0.237129 0.497540 1.352124
v -0.263977 0.477029 1.357520
v -0.289972 0.457186 1.360661
v -0.258888 0.454835 1.377892
v -0.285755 0.435767 1.381542
v -0.311459 0.417587 1.382283
v -0.280730 0.412947 1.400472
v -0.306657 0.394529 1.400886
v -0.330866 0.377413 1.398291
v -0.300967 0.370077 1.417407
v -0.325230 0.352485 1.414697
v -0.348464 0.336699 1.410862
v -0.353552 0.361655 1.393528
v -0.370671 0.322341 1.405683
v -0.375673 0.347842 1.388347
v -0.391742 0.309269 1.398762
v -0.397006 0.335686 1.382260
v -0.412222 0.297825 1.390952
v -0.416951 0.324503 1.374216
v -0.431876 0.287831 1.381810
v -0.436358 0.314716 1.365215
v -0.451160 0.279380 1.371851
v -0.455844 0.306699 1.355923
v -0.470061 0.272319 1.360822
v -0.474301 0.299413 1.344834
v -0.487853 0.265907 1.347977
v -0.491727 0.292763 1.332027
v -0.505443 0.260435 1.334588
v -0.509582 0.287141 1.319242
v -0.522373 0.255427 1.320157
v -0.525898 0.281293 1.304490
v -0.538573 0.250853 1.304606
v -0.541749 0.275999 1.288818
v -0.553637 0.246688 1.287690
v -0.557623 0.271423 1.272494
v -0.568497 0.242961 1.270133
v -0.571958 0.266663 1.254216
v -0.581837 0.239353 1.251612
v -0.585483 0.262129 1.235414
v -0.595068 0.236085 1.233504
v -0.598870 0.257671 1.216720
v -0.607636 0.232603 1.215447
v -0.611618 0.252657 1.197823
v -0.619510 0.228534 1.197442
v -0.624126 0.246748 1.178952
v -0.632088 0.223764 1.180174
v -0.637481 0.239647 1.160676
v -0.644970 0.217206 1.163317
v -0.651402 0.230464 1.143008
v -0.659252 0.243156 1.122690
v -0.666128 0.218687 1.126716
v -0.675397 0.229855 1.106419
v -0.683899 0.241191 1.085446
v -0.689849 0.213707 1.090678
v -0.698576 0.224298 1.069079
v -0.706296 0.235220 1.047043
v -0.711736 0.205265 1.053777
v -0.718477 0.215501 1.030756
v -0.724309 0.226566 1.007295
v -0.730200 0.194738 1.015816
v -0.735339 0.205749 0.991593
v -0.739185 0.217766 0.966916
v -0.745253 0.184083 0.976703
v -0.748574 0.196259 0.951258
v -0.750377 0.209470 0.925573
v -0.756007 0.173883 0.936063
v -0.757741 0.187376 0.909678
v -0.758314 0.202016 0.883178
v -0.765814 0.165230 0.894440
v -0.765413 0.179939 0.867010
v -0.764292 0.195408 0.839672
v -0.772765 0.157569 0.851481
v -0.770785 0.172830 0.823218
v -0.768345 0.188048 0.795291
v -0.775469 0.149090 0.807647
v -0.773294 0.163572 0.779036
v -0.769480 0.176854 0.750814
v -0.777613 0.137880 0.763918
v -0.091567 0.806347 0.760443
v -0.127320 0.799456 0.770177
v -0.084929 0.807372 0.789056
v -0.121901 0.800406 0.798281
v -0.079130 0.807100 0.816981
v -0.117397 0.800420 0.825776
v -0.074894 0.806438 0.844494
v -0.114425 0.799705 0.852846
v -0.072429 0.803663 0.871569
v -0.112822 0.796583 0.879522
v -0.071638 0.801705 0.898468
v -0.112375 0.794253 0.906304
v -0.071139 0.797038 0.924788
v -0.111206 0.787640 0.932450
v -0.070200 0.790580 0.950425
v -0.109468 0.780934 0.958706
v -0.068143 0.782983 0.975351
v -0.106262 0.772774 0.984678
v -0.065099 0.777030 1.000550
v -0.101864 0.764475 1.010805
v -0.060607 0.767943 1.024665
v -0.096747 0.755936 1.037133
v -0.056016 0.759675 1.049349
v -0.090801 0.746256 1.063592
v -0.050339 0.748943 1.074222
v -0.083910 0.736181 1.090923
v -0.043420 0.737113 1.101303
v -0.075483 0.722495 1.117779
v -0.037074 0.724231 1.129232
v -0.068427 0.710983 1.146528
v -0.097968 0.696160 1.163955
v -0.061778 0.696827 1.174588
v -0.091281 0.681718 1.191763
v -0.119827 0.665208 1.206787
v -0.084712 0.665077 1.218457
v -0.113743 0.649003 1.233210
v -0.142403 0.632653 1.246497
v -0.107602 0.630454 1.257678
v -0.136706 0.614650 1.270852
v -0.165232 0.597468 1.282345
v -0.130649 0.594155 1.292820
v -0.159643 0.577923 1.305493
v -0.187791 0.559220 1.315396
v -0.153482 0.556189 1.326323
v -0.182043 0.537992 1.336964
v -0.209862 0.518130 1.345448
v -0.175816 0.515723 1.357364
v -0.203966 0.495951 1.366092
v -0.231458 0.474887 1.372309
v -0.197877 0.472636 1.385050
v -0.225856 0.452151 1.391892
v -0.253574 0.432128 1.397138
v -0.220286 0.428986 1.410729
v -0.248125 0.408740 1.415367
v -0.275518 0.389523 1.418584
v -0.242197 0.384274 1.431941
v -0.269161 0.364341 1.433937
v -0.294660 0.344873 1.433037
v -0.261562 0.337904 1.446939
v -0.286593 0.318168 1.445797
v -0.310735 0.300002 1.443392
v -0.318444 0.326469 1.429463
v -0.333881 0.283254 1.439030
v -0.341775 0.310283 1.425856
v -0.356510 0.268176 1.433632
v -0.363864 0.295296 1.420048
v -0.378717 0.254722 1.427246
v -0.385724 0.282247 1.413978
v -0.400557 0.242718 1.420032
v -0.406677 0.270435 1.406223
v -0.421521 0.232129 1.411195
v -0.427155 0.260342 1.397707
v -0.441900 0.223458 1.401175
v -0.446526 0.251618 1.387239
v -0.461449 0.216282 1.389586
v -0.465683 0.244574 1.375885
v -0.479987 0.210184 1.376521
v -0.484166 0.238501 1.363366
v -0.497749 0.205092 1.362199
v -0.501599 0.233125 1.349235
v -0.514927 0.200783 1.347081
v -0.518296 0.228408 1.334073
v -0.531590 0.197103 1.331452
v -0.534587 0.224307 1.318386
v -0.547275 0.193868 1.314967
v -0.550176 0.220786 1.301986
v -0.562188 0.191327 1.297895
v -0.564602 0.217689 1.284447
v -0.576260 0.189322 1.280545
v -0.578439 0.214980 1.266545
v -0.588821 0.187462 1.262802
v -0.591377 0.212563 1.248723
v -0.601242 0.185826 1.245593
v -0.603686 0.210208 1.231184
v -0.613675 0.184786 1.229600
v -0.615545 0.207862 1.214221
v -0.625225 0.183963 1.213990
v -0.627604 0.205375 1.198060
v -0.636875 0.183262 1.199000
v -0.639945 0.201975 1.182513
v -0.647401 0.180934 1.184401
v -0.651663 0.195874 1.167208
v -0.658527 0.207953 1.147527
v -0.663958 0.186159 1.153493
v -0.671867 0.194989 1.133021
v -0.680665 0.203905 1.111855
v -0.684395 0.178373 1.119971
v -0.693891 0.186280 1.098036
v -0.703133 0.195353 1.076033
v -0.704499 0.166516 1.085276
v -0.713748 0.175114 1.062333
v -0.722302 0.184477 1.039103
v -0.723384 0.153766 1.050050
v -0.731326 0.162608 1.025555
v -0.738675 0.172645 1.001176
v -0.739246 0.139984 1.012857
v -0.746479 0.150000 0.987467
v -0.753236 0.161578 0.962276
v -0.755138 0.127235 0.974996
v -0.760596 0.138728 0.948403
v -0.763635 0.151299 0.921499
v -0.767358 0.115517 0.934864
v -0.770421 0.128241 0.907256
v -0.771179 0.142235 0.879400
v -0.775516 0.104481 0.893353
v -0.776777 0.118856 0.865066
v -0.777106 0.134053 0.836504
v -0.781395 0.094673 0.851307
v -0.781767 0.109786 0.822373
v -0.780799 0.124423 0.793139
v -0.785211 0.084595 0.808655
v -0.783417 0.098562 0.779069
v -0.781419 0.111548 0.749333
v -0.785926 0.072232 0.765064
v -0.056377 0.809651 0.748279
v -0.013612 0.814372 0.763395
v -0.048614 0.811423 0.777504
v -0.005267 0.814700 0.792979
v -0.041569 0.811721 0.806179
v 0.001797 0.814371 0.821923
v -0.035996 0.811853 0.834439
v 0.007165 0.814175 0.850428
v -0.032254 0.810005 0.862226
v 0.010786 0.811895 0.878257
v -0.030368 0.808146 0.889580
v 0.013211 0.807146 0.905059
v -0.029235 0.804103 0.916207
v 0.014978 0.803044 0.931463
v -0.028058 0.798329 0.941909
v 0.016883 0.797489 0.957124
v -0.026284 0.792240 0.966959
v 0.019259 0.790986 0.982241
v -0.023571 0.785781 0.991529
v 0.021983 0.784129 1.007210
v -0.020052 0.778274 1.015678
v 0.024832 0.774771 1.031472
v -0.016228 0.769237 1.039350
v 0.027518 0.765319 1.055944
v -0.012378 0.759964 1.063310
v 0.029900 0.754706 1.080537
v -0.008080 0.748269 1.087888
v 0.031992 0.742185 1.105275
v -0.003644 0.735159 1.114915
v 0.033948 0.728824 1.129667
v 0.000620 0.721306 1.141482
v -0.031182 0.710272 1.156980
v 0.005549 0.706324 1.167713
v -0.025110 0.694715 1.184437
v -0.055260 0.680747 1.202052
v -0.018789 0.677073 1.211168
v -0.048846 0.662691 1.228375
v -0.078364 0.646885 1.243970
v -0.042585 0.642044 1.252650
v -0.072269 0.626750 1.267639
v -0.101608 0.610745 1.280737
v -0.066412 0.606103 1.290953
v -0.095647 0.590374 1.303351
v -0.124674 0.574190 1.315418
v -0.089734 0.568966 1.325297
v -0.118496 0.552124 1.336203
v -0.147377 0.534871 1.347706
v -0.112467 0.529512 1.356906
v -0.141394 0.512998 1.369193
v -0.169756 0.493092 1.377540
v -0.135175 0.488321 1.387252
v -0.163717 0.469278 1.396275
v -0.191919 0.448844 1.403337
v -0.157615 0.444079 1.413122
v -0.185960 0.424468 1.420842
v -0.214207 0.404226 1.427083
v -0.179698 0.399045 1.436831
v -0.207683 0.378636 1.441966
v -0.235221 0.358347 1.445920
v -0.200272 0.351746 1.454398
v -0.227014 0.331213 1.457617
v -0.252591 0.310577 1.458178
v -0.217503 0.303194 1.468064
v -0.242403 0.282667 1.468443
v -0.266923 0.263436 1.468054
v -0.277125 0.290783 1.456784
v -0.291000 0.245629 1.465611
v -0.301381 0.272875 1.455033
v -0.314872 0.229133 1.461627
v -0.324959 0.256204 1.451128
v -0.339212 0.214489 1.458139
v -0.348333 0.241173 1.446275
v -0.362477 0.200526 1.451074
v -0.370885 0.227284 1.439199
v -0.385831 0.187901 1.443815
v -0.393733 0.215112 1.432522
v -0.408035 0.176452 1.434131
v -0.415177 0.203985 1.422976
v -0.429718 0.166790 1.423608
v -0.436396 0.194979 1.413065
v -0.450270 0.158812 1.411530
v -0.456322 0.187510 1.401091
v -0.469864 0.152463 1.398268
v -0.475353 0.181420 1.387949
v -0.489263 0.147683 1.384738
v -0.493634 0.176497 1.373684
v -0.507982 0.143840 1.370257
v -0.511822 0.172592 1.359185
v -0.525971 0.140753 1.354896
v -0.528561 0.169091 1.343146
v -0.542640 0.138151 1.338237
v -0.546260 0.166645 1.328157
v -0.558989 0.136234 1.321436
v -0.561228 0.164238 1.310770
v -0.574254 0.134813 1.303990
v -0.575597 0.162497 1.293453
v -0.588659 0.133864 1.286341
v -0.588438 0.160983 1.275686
v -0.601857 0.133289 1.268529
v -0.600948 0.159935 1.258597
v -0.614872 0.133342 1.251262
v -0.613913 0.159660 1.242884
v -0.627458 0.134023 1.234312
v -0.625089 0.159607 1.226722
v -0.639760 0.135572 1.218043
v -0.636926 0.160686 1.211261
v -0.649699 0.137524 1.201542
v -0.646935 0.161374 1.196369
v -0.643305 0.110750 1.220603
v -0.654635 0.113329 1.202064
v -0.664625 0.116686 1.183099
v -0.658468 0.089803 1.200239
v -0.669696 0.093883 1.179108
v -0.680370 0.098700 1.157557
v -0.674936 0.120960 1.163719
v -0.690895 0.104138 1.135142
v -0.684292 0.125895 1.142731
v -0.699672 0.109961 1.111173
v -0.693789 0.131550 1.120470
v -0.686173 0.152601 1.130391
v -0.704031 0.138193 1.097579
v -0.695387 0.158979 1.108268
v -0.676258 0.171785 1.141514
v -0.713501 0.145565 1.073801
v -0.709844 0.116465 1.087109
v -0.718974 0.123515 1.062190
v -0.729659 0.131277 1.037745
v -0.723307 0.100836 1.051107
v -0.736236 0.108295 1.026607
v -0.745856 0.116927 1.000670
v -0.741466 0.085023 1.015357
v -0.751737 0.093687 0.988699
v -0.761505 0.103981 0.962215
v -0.757703 0.070193 0.976843
v -0.766369 0.080187 0.949271
v -0.771754 0.091523 0.921319
v -0.770883 0.055666 0.936797
v -0.775114 0.066866 0.908202
v -0.780339 0.080130 0.880038
v -0.779516 0.041733 0.895870
v -0.783694 0.055104 0.867020
v -0.782976 0.069583 0.837797
v -0.784804 0.029628 0.853946
v -0.786786 0.044190 0.824522
v -0.786951 0.058711 0.794958
v -0.787078 0.018254 0.810950
v -0.786854 0.032284 0.781097
v -0.785793 0.045270 0.751002
v -0.786633 0.005417 0.767139
v 0.020356 0.814259 0.746880
v 0.063657 0.813540 0.758707
v 0.029683 0.815067 0.777079
v 0.073500 0.815329 0.788889
v 0.038314 0.815848 0.806744
v 0.082189 0.814536 0.818728
v 0.045430 0.815248 0.835864
v 0.089205 0.812523 0.848113
v 0.050886 0.813304 0.864315
v 0.094294 0.807375 0.876784
v 0.054739 0.809974 0.892101
v 0.097809 0.803448 0.905167
v 0.057252 0.805359 0.919311
v 0.100271 0.798044 0.932892
v 0.059258 0.798570 0.945602
v 0.102325 0.791110 0.959904
v 0.061431 0.792596 0.971728
v 0.104129 0.783597 0.986513
v 0.063536 0.785181 0.997399
v 0.105622 0.775539 1.012818
v 0.065493 0.776708 1.022819
v 0.106647 0.766268 1.038723
v 0.067131 0.766265 1.047709
v 0.107185 0.755564 1.064193
v 0.068518 0.756332 1.073114
v 0.107363 0.743891 1.089353
v 0.069460 0.744375 1.097940
v 0.107442 0.730765 1.113821
v 0.070345 0.731704 1.122494
v 0.108011 0.717084 1.137973
v 0.071880 0.717713 1.146420
v 0.037075 0.715660 1.154566
v 0.074713 0.701734 1.169994
v 0.042263 0.699413 1.179348
v 0.011521 0.689564 1.194027
v 0.047486 0.680632 1.204461
v 0.017505 0.670511 1.220008
v -0.012562 0.656646 1.236289
v 0.023409 0.650206 1.245326
v -0.006644 0.636118 1.261218
v -0.036645 0.620794 1.276255
v -0.000983 0.615940 1.286310
v -0.030963 0.599300 1.299413
v -0.060623 0.584139 1.312919
v -0.025523 0.577073 1.321846
v -0.054944 0.561404 1.334162
v -0.083815 0.545976 1.345853
v -0.049311 0.537581 1.354093
v -0.078054 0.522879 1.366586
v -0.106546 0.505737 1.376503
v -0.072440 0.498369 1.385738
v -0.100832 0.480940 1.395071
v -0.129202 0.462725 1.404093
v -0.095093 0.454244 1.410654
v -0.123369 0.437298 1.421297
v -0.151398 0.417774 1.428101
v -0.117138 0.409597 1.434359
v -0.144967 0.391228 1.442486
v -0.172737 0.371748 1.448922
v -0.137990 0.363410 1.454160
v -0.165056 0.343994 1.460105
v -0.191705 0.323943 1.465384
v -0.156241 0.315245 1.469542
v -0.181702 0.294591 1.472703
v -0.206748 0.274209 1.476434
v -0.171000 0.265142 1.481312
v -0.195334 0.244586 1.483104
v -0.219618 0.225199 1.484282
v -0.231163 0.254059 1.476797
v -0.243946 0.207170 1.483639
v -0.255615 0.235499 1.477018
v -0.268692 0.190721 1.483079
v -0.279788 0.218133 1.474347
v -0.293433 0.175121 1.480044
v -0.304341 0.202228 1.471547
v -0.317822 0.160398 1.474499
v -0.329234 0.187750 1.468522
v -0.342356 0.146625 1.469003
v -0.352672 0.173610 1.460543
v -0.365954 0.133580 1.460608
v -0.376515 0.160806 1.453369
v -0.389413 0.121739 1.451975
v -0.399227 0.149091 1.443647
v -0.412174 0.111225 1.441919
v -0.421654 0.139016 1.433537
v -0.434417 0.102364 1.430801
v -0.442652 0.130418 1.421209
v -0.455653 0.095274 1.417654
v -0.463358 0.123721 1.408593
v -0.476664 0.089941 1.403834
v -0.483739 0.118690 1.395280
v -0.496130 0.085938 1.387669
v -0.502892 0.114787 1.380179
v -0.515540 0.083109 1.371448
v -0.521124 0.111775 1.364078
v -0.533738 0.081221 1.353839
v -0.538783 0.109615 1.347361
v -0.552047 0.080147 1.336394
v -0.555508 0.108041 1.329734
v -0.569677 0.079751 1.318345
v -0.572099 0.107110 1.312137
v -0.587151 0.080065 1.300290
v -0.588182 0.106776 1.294425
v -0.603469 0.080985 1.281117
v -0.603041 0.106960 1.275999
v -0.617975 0.082382 1.260756
v -0.617608 0.107778 1.257807
v -0.632276 0.084231 1.240762
v -0.630185 0.108855 1.238662
v -0.645343 0.086555 1.220369
v -0.633074 0.060040 1.240452
v -0.646989 0.063035 1.218597
v -0.660356 0.066795 1.196534
v -0.647895 0.039871 1.215303
v -0.661895 0.044048 1.192085
v -0.674143 0.048912 1.168044
v -0.672656 0.071329 1.174026
v -0.686855 0.054071 1.144167
v -0.684974 0.076469 1.151389
v -0.696027 0.059681 1.118545
v -0.693822 0.082029 1.126785
v -0.706108 0.065409 1.092832
v -0.704344 0.087864 1.102342
v -0.716844 0.071378 1.066918
v -0.713663 0.094139 1.076880
v -0.728711 0.077743 1.041036
v -0.720574 0.048273 1.057281
v -0.733709 0.054417 1.030863
v -0.746608 0.061630 1.004091
v -0.737924 0.030948 1.020487
v -0.751441 0.037859 0.993057
v -0.762614 0.046078 0.965082
v -0.754943 0.013545 0.982238
v -0.765694 0.021197 0.953520
v -0.773496 0.030405 0.924639
v -0.767286 -0.004338 0.942324
v -0.775026 0.004656 0.912790
v -0.780894 0.016118 0.883345
v -0.774703 -0.021107 0.900950
v -0.780067 -0.009448 0.870717
v -0.784368 0.004013 0.840767
v -0.779318 -0.035123 0.858216
v -0.783654 -0.021875 0.827656
v -0.786915 -0.008061 0.797386
v -0.783170 -0.048127 0.815016
v -0.786686 -0.034765 0.784106
v -0.787626 -0.021859 0.753302
v -0.785161 -0.061904 0.771632
v 0.107541 0.811062 0.768356
v 0.150847 0.805044 0.776942
v 0.117248 0.810271 0.799001
v 0.159862 0.803198 0.808900
v 0.125364 0.808172 0.829474
v 0.167192 0.799899 0.840574
v 0.131808 0.804923 0.859730
v 0.172721 0.794917 0.871686
v 0.136330 0.800009 0.889440
v 0.176885 0.789850 0.902016
v 0.139594 0.795704 0.918642
v 0.179612 0.782911 0.931293
v 0.141676 0.787933 0.946678
v 0.181672 0.775244 0.959923
v 0.143654 0.781023 0.974531
v 0.183400 0.767253 0.988055
v 0.145184 0.772986 1.001760
v 0.184425 0.757534 1.015251
v 0.145912 0.762993 1.027997
v 0.185064 0.748196 1.042212
v 0.146239 0.753136 1.054105
v 0.185141 0.738629 1.068686
v 0.145993 0.741980 1.079567
v 0.184398 0.726604 1.093688
v 0.145602 0.729895 1.104481
v 0.183664 0.713945 1.118116
v 0.145282 0.715779 1.128227
v 0.183180 0.699755 1.141634
v 0.145752 0.701642 1.151960
v 0.109389 0.702119 1.161575
v 0.146903 0.685218 1.174339
v 0.111620 0.685226 1.184169
v 0.078365 0.684434 1.193784
v 0.114999 0.667900 1.206867
v 0.083084 0.666602 1.217775
v 0.053119 0.661439 1.229890
v 0.088615 0.646628 1.240847
v 0.059221 0.640290 1.254448
v 0.029289 0.629091 1.270082
v 0.064980 0.618119 1.277718
v 0.034832 0.606330 1.292949
v 0.004514 0.593148 1.308831
v 0.040178 0.582667 1.314574
v 0.009909 0.568518 1.328883
v -0.020072 0.553141 1.342035
v 0.015090 0.543945 1.348614
v -0.014690 0.528916 1.361644
v -0.043807 0.513345 1.373409
v -0.009496 0.503418 1.379478
v -0.038445 0.487995 1.391249
v -0.066881 0.471264 1.400916
v -0.033153 0.460880 1.406062
v -0.061303 0.444573 1.416415
v -0.089251 0.427540 1.426021
v -0.055553 0.416867 1.429921
v -0.083257 0.400061 1.439816
v -0.110738 0.381940 1.447241
v -0.076937 0.370996 1.449969
v -0.103699 0.353458 1.458207
v -0.130149 0.334757 1.464092
v -0.095776 0.323831 1.465958
v -0.121216 0.305520 1.473239
v -0.146393 0.286123 1.479439
v -0.111321 0.275333 1.480197
v -0.135627 0.255842 1.486519
v -0.159719 0.234938 1.487215
v -0.124618 0.224875 1.489561
v -0.148517 0.204779 1.492467
v -0.172638 0.185330 1.493964
v -0.183913 0.215004 1.489851
v -0.197008 0.167059 1.493697
v -0.208108 0.196062 1.489665
v -0.221690 0.150184 1.493097
v -0.232574 0.178671 1.488830
v -0.246311 0.134371 1.490124
v -0.257245 0.162569 1.486991
v -0.271082 0.119352 1.487573
v -0.281824 0.147267 1.483067
v -0.295242 0.105054 1.481518
v -0.306811 0.132911 1.480195
v -0.319258 0.091494 1.474776
v -0.330669 0.119160 1.472393
v -0.343217 0.078555 1.467707
v -0.354916 0.106149 1.465988
v -0.368051 0.066389 1.462812
v -0.378554 0.094152 1.457547
v -0.391232 0.055627 1.452057
v -0.401288 0.083413 1.446849
v -0.414179 0.046649 1.440548
v -0.424296 0.074426 1.436444
v -0.437399 0.039638 1.428419
v -0.446630 0.067255 1.423876
v -0.459917 0.034351 1.413744
v -0.468097 0.061756 1.409350
v -0.481590 0.030706 1.396983
v -0.489310 0.057838 1.393904
v -0.503776 0.028172 1.380777
v -0.509392 0.055215 1.376730
v -0.524338 0.026818 1.362431
v -0.528833 0.053615 1.358791
v -0.543845 0.026443 1.342874
v -0.548031 0.052848 1.340669
v -0.562780 0.027027 1.322794
v -0.566640 0.052923 1.321993
v -0.581959 0.028530 1.302826
v -0.584733 0.053881 1.302720
v -0.600737 0.030593 1.282443
v -0.602306 0.055470 1.282865
v -0.617683 0.033195 1.260760
v -0.618121 0.057566 1.261830
v -0.633876 0.036208 1.238697
v -0.615997 0.009475 1.257275
v -0.631819 0.013142 1.233648
v -0.648284 0.016928 1.210575
v -0.630758 -0.009814 1.228074
v -0.647443 -0.005717 1.204102
v -0.662912 -0.001229 1.179487
v -0.663365 0.021318 1.186673
v -0.674630 0.003944 1.153190
v -0.675004 0.026443 1.161189
v -0.687189 0.009040 1.127376
v -0.687057 0.031661 1.136044
v -0.699233 0.014241 1.101142
v -0.697704 0.037109 1.110066
v -0.710875 0.019499 1.074249
v -0.707923 0.042645 1.083395
v -0.724560 0.024912 1.047744
v -0.714543 -0.004071 1.065499
v -0.726447 0.001315 1.037478
v -0.741606 0.007080 1.010431
v -0.731059 -0.022867 1.028945
v -0.744317 -0.017317 1.000559
v -0.757120 -0.011397 0.971798
v -0.746294 -0.042398 0.991201
v -0.757613 -0.036915 0.961577
v -0.767487 -0.030196 0.931419
v -0.757303 -0.062802 0.951665
v -0.765930 -0.055898 0.920520
v -0.773338 -0.046694 0.889191
v -0.762885 -0.081361 0.909890
v -0.770090 -0.072045 0.877868
v -0.777112 -0.060854 0.846160
v -0.767160 -0.097692 0.867602
v -0.774225 -0.086772 0.835121
v -0.780859 -0.074593 0.803210
v -0.770235 -0.112744 0.825193
v -0.776474 -0.101066 0.792485
v -0.780018 -0.088946 0.760142
v -0.771637 -0.127733 0.782902
v -0.775481 -0.116283 0.749836
v 0.182986 0.797706 0.752826
v 0.223893 0.787320 0.762041
v 0.192467 0.795578 0.786228
v 0.233025 0.785097 0.796350
v 0.200640 0.792441 0.819370
v 0.240911 0.781008 0.829844
v 0.207535 0.788672 0.851841
v 0.247295 0.775359 0.862311
v 0.212862 0.783256 0.883251
v 0.252456 0.770057 0.894094
v 0.216671 0.777131 0.913733
v 0.255874 0.763580 0.925063
v 0.219352 0.770665 0.943591
v 0.257518 0.754378 0.954763
v 0.221494 0.763483 0.972952
v 0.259078 0.745629 0.984079
v 0.222515 0.753117 1.000985
v 0.260388 0.736559 1.012942
v 0.223076 0.742331 1.028450
v 0.261343 0.726688 1.040990
v 0.223794 0.733249 1.055893
v 0.261999 0.716802 1.068411
v 0.223708 0.722890 1.082224
v 0.261306 0.704665 1.094162
v 0.222533 0.710062 1.106892
v 0.260163 0.692072 1.118988
v 0.221344 0.696407 1.130768
v 0.259023 0.678424 1.142856
v 0.220810 0.682349 1.154359
v 0.183306 0.684140 1.164319
v 0.220643 0.665416 1.176031
v 0.184308 0.667234 1.186296
v 0.149017 0.668067 1.196431
v 0.186344 0.649863 1.208170
v 0.152034 0.649629 1.217841
v 0.119517 0.649435 1.229244
v 0.155967 0.630535 1.239417
v 0.124457 0.628705 1.250420
v 0.094430 0.625245 1.263324
v 0.129080 0.606750 1.270994
v 0.099738 0.602841 1.285025
v 0.070320 0.594987 1.299847
v 0.104462 0.578910 1.305306
v 0.075018 0.569889 1.319639
v 0.045254 0.558489 1.335408
v 0.079333 0.544422 1.339232
v 0.049698 0.532101 1.353233
v 0.019957 0.518026 1.366358
v 0.053862 0.505338 1.370133
v 0.024604 0.491381 1.382775
v -0.004381 0.477144 1.396019
v 0.029111 0.463905 1.397550
v 0.000569 0.449031 1.409094
v -0.027692 0.433238 1.419694
v 0.005545 0.420784 1.421570
v -0.022225 0.404952 1.431738
v -0.049538 0.388833 1.442605
v -0.016604 0.376477 1.442873
v -0.043341 0.359782 1.452490
v -0.069757 0.342402 1.461216
v -0.036260 0.330047 1.460142
v -0.061784 0.312227 1.467429
v -0.086841 0.293872 1.473173
v -0.052961 0.281651 1.472004
v -0.077089 0.263365 1.478497
v -0.100808 0.244624 1.485282
v -0.066770 0.232700 1.483088
v -0.090127 0.213715 1.488210
v -0.113661 0.194215 1.491985
v -0.079649 0.182973 1.487570
v -0.102838 0.164090 1.491779
v -0.126494 0.145324 1.495562
v -0.137413 0.174860 1.496401
v -0.150801 0.127222 1.496270
v -0.161723 0.156049 1.496969
v -0.175341 0.109834 1.496566
v -0.186288 0.138353 1.496074
v -0.199898 0.093496 1.494348
v -0.211023 0.121749 1.496157
v -0.224253 0.078298 1.489441
v -0.235725 0.106036 1.493713
v -0.248582 0.063375 1.485631
v -0.259799 0.091272 1.487280
v -0.272965 0.049088 1.481590
v -0.283758 0.077162 1.480864
v -0.297111 0.035922 1.474453
v -0.307933 0.063710 1.474974
v -0.321383 0.023522 1.466784
v -0.332155 0.050888 1.468763
v -0.346268 0.011637 1.460426
v -0.356546 0.038891 1.461978
v -0.371495 0.000656 1.453108
v -0.380138 0.028307 1.451485
v -0.395064 -0.007481 1.439659
v -0.404686 0.019130 1.442669
v -0.420057 -0.013957 1.428489
v -0.428106 0.012610 1.429657
v -0.444162 -0.018024 1.413721
v -0.451621 0.007842 1.415114
v -0.468298 -0.021100 1.397820
v -0.475257 0.004279 1.399629
v -0.491622 -0.023111 1.380269
v -0.497717 0.002036 1.382094
v -0.514682 -0.024072 1.362051
v -0.519215 0.000985 1.363234
v -0.536428 -0.023750 1.341845
v -0.539793 0.001012 1.343169
v -0.556677 -0.022282 1.320040
v -0.559826 0.001991 1.322485
v -0.576517 -0.020029 1.297855
v -0.579028 0.003978 1.301018
v -0.595731 -0.017105 1.275305
v -0.597890 0.006539 1.279397
v -0.614295 -0.013776 1.252363
v -0.595601 -0.040804 1.270792
v -0.612861 -0.036837 1.246072
v -0.630006 -0.032725 1.221498
v -0.613645 -0.060383 1.239809
v -0.630849 -0.056046 1.214718
v -0.648751 -0.051672 1.190209
v -0.646012 -0.028255 1.196326
v -0.664650 -0.047131 1.164528
v -0.662349 -0.023833 1.171554
v -0.679033 -0.042472 1.138226
v -0.675998 -0.019017 1.145457
v -0.693246 -0.037751 1.111915
v -0.689579 -0.014096 1.119366
v -0.705317 -0.032958 1.084453
v -0.702371 -0.009108 1.092768
v -0.718332 -0.028077 1.057057
v -0.708332 -0.057348 1.076308
v -0.720308 -0.052510 1.048098
v -0.734045 -0.047603 1.020200
v -0.720270 -0.077290 1.038663
v -0.733984 -0.072781 1.010737
v -0.746313 -0.068053 0.981746
v -0.730834 -0.098152 1.000647
v -0.743486 -0.093790 0.971839
v -0.753565 -0.088307 0.941304
v -0.740485 -0.119919 0.962551
v -0.750730 -0.114219 0.931889
v -0.759549 -0.106957 0.900021
v -0.748932 -0.140666 0.923555
v -0.756060 -0.132857 0.891097
v -0.763187 -0.123430 0.858211
v -0.751808 -0.158866 0.882514
v -0.758327 -0.149243 0.849360
v -0.765312 -0.138802 0.816095
v -0.750986 -0.174731 0.840458
v -0.759670 -0.165150 0.807526
v -0.765624 -0.154529 0.774189
v -0.752926 -0.191737 0.799088
v -0.758768 -0.181444 0.765827
v 0.293970 0.764025 0.748144
v 0.264002 0.775503 0.772275
v 0.303381 0.760402 0.782631
v 0.272815 0.771687 0.806462
v 0.311503 0.755066 0.816504
v 0.280261 0.766451 0.839823
v 0.318287 0.749158 0.849787
v 0.285926 0.759810 0.872424
v 0.322944 0.741368 0.882335
v 0.290087 0.752841 0.904377
v 0.326987 0.734971 0.914632
v 0.292324 0.743967 0.935233
v 0.329544 0.727307 0.946116
v 0.294497 0.736471 0.965749
v 0.331004 0.717845 0.976507
v 0.295904 0.727237 0.995286
v 0.332459 0.707862 1.005948
v 0.297420 0.718021 1.024234
v 0.333411 0.696454 1.034046
v 0.298402 0.707631 1.052143
v 0.335464 0.687313 1.062092
v 0.299335 0.697808 1.079465
v 0.335480 0.675273 1.088321
v 0.298849 0.685798 1.105199
v 0.334127 0.661652 1.113091
v 0.297081 0.671337 1.128942
v 0.331835 0.646681 1.136573
v 0.295289 0.655888 1.151659
v 0.257971 0.662293 1.164990
v 0.293799 0.639499 1.173836
v 0.257660 0.645298 1.186723
v 0.221623 0.648516 1.197983
v 0.257425 0.626553 1.207427
v 0.222705 0.629340 1.218501
v 0.188743 0.630576 1.228919
v 0.223806 0.609006 1.238514
v 0.191093 0.609639 1.248783
v 0.159555 0.609078 1.259556
v 0.193293 0.587742 1.268291
v 0.162778 0.586430 1.279058
v 0.133252 0.583515 1.290887
v 0.165435 0.562156 1.297239
v 0.136750 0.558871 1.309705
v 0.108204 0.553119 1.323611
v 0.139514 0.533204 1.327404
v 0.111453 0.526959 1.341269
v 0.082941 0.517407 1.356176
v 0.114462 0.500141 1.358104
v 0.086135 0.489501 1.371335
v 0.057564 0.477182 1.384369
v 0.088634 0.460237 1.383919
v 0.061246 0.448893 1.398107
v 0.033245 0.435139 1.409487
v 0.064668 0.419705 1.409619
v 0.037483 0.406295 1.420701
v 0.010455 0.391847 1.432009
v 0.041514 0.376921 1.429576
v 0.015748 0.362481 1.441090
v -0.010077 0.347434 1.453024
v 0.020935 0.331887 1.446358
v -0.003107 0.316756 1.458934
v -0.028237 0.299729 1.466403
v 0.003303 0.285428 1.460286
v -0.020177 0.268570 1.468672
v -0.043431 0.250986 1.476687
v -0.011918 0.237107 1.468902
v -0.034288 0.219704 1.476359
v -0.056472 0.201681 1.484188
v -0.024691 0.188391 1.475003
v -0.046730 0.170827 1.480538
v -0.068770 0.152779 1.486611
v -0.037517 0.140662 1.473606
v -0.058553 0.123404 1.480272
v -0.081170 0.106082 1.483935
v -0.091998 0.134661 1.489347
v -0.104035 0.088257 1.489179
v -0.115409 0.116486 1.493444
v -0.128343 0.071472 1.487451
v -0.139773 0.099509 1.489646
v -0.152758 0.055708 1.482621
v -0.164109 0.082526 1.489719
v -0.176917 0.039470 1.482621
v -0.188394 0.066169 1.488804
v -0.201320 0.023975 1.481462
v -0.212748 0.050801 1.485919
v -0.226148 0.009595 1.477495
v -0.237158 0.036139 1.481685
v -0.251438 -0.004100 1.472960
v -0.261775 0.022108 1.477120
v -0.276985 -0.016803 1.466092
v -0.286556 0.009124 1.470442
v -0.302778 -0.028780 1.458014
v -0.311487 -0.003003 1.462443
v -0.329047 -0.040460 1.450659
v -0.337168 -0.015014 1.456839
v -0.355148 -0.050453 1.440510
v -0.362239 -0.025162 1.446665
v -0.381342 -0.058251 1.428387
v -0.387949 -0.033938 1.436790
v -0.408371 -0.064364 1.416629
v -0.413628 -0.039836 1.424433
v -0.434616 -0.068213 1.402485
v -0.438900 -0.043591 1.410065
v -0.459732 -0.070645 1.386230
v -0.462935 -0.045876 1.392936
v -0.483907 -0.071907 1.368164
v -0.487490 -0.047871 1.376192
v -0.508043 -0.072377 1.349698
v -0.510273 -0.048116 1.356501
v -0.531861 -0.072072 1.330554
v -0.533659 -0.047930 1.337315
v -0.553819 -0.070406 1.309311
v -0.554540 -0.046226 1.315413
v -0.574497 -0.067671 1.286749
v -0.575925 -0.044007 1.293859
v -0.594757 -0.064314 1.263795
v -0.573920 -0.091665 1.278308
v -0.594589 -0.088185 1.255587
v -0.614426 -0.084220 1.232166
v -0.595565 -0.112728 1.247051
v -0.616313 -0.108745 1.224278
v -0.634962 -0.104214 1.199788
v -0.633775 -0.080002 1.208291
v -0.652228 -0.099611 1.174469
v -0.651262 -0.075466 1.183102
v -0.668162 -0.095245 1.148529
v -0.667570 -0.070997 1.157304
v -0.683168 -0.091052 1.122176
v -0.681423 -0.066454 1.130447
v -0.694982 -0.086391 1.094358
v -0.694971 -0.061905 1.103547
v -0.706866 -0.081724 1.066370
v -0.694138 -0.111433 1.084784
v -0.705909 -0.106919 1.056865
v -0.718214 -0.102513 1.028863
v -0.703169 -0.132660 1.046973
v -0.714896 -0.128416 1.019116
v -0.727692 -0.124321 0.991252
v -0.713414 -0.155803 1.010698
v -0.726247 -0.151606 0.983182
v -0.738301 -0.146693 0.954250
v -0.724633 -0.179499 0.975266
v -0.735617 -0.173813 0.946023
v -0.744745 -0.167050 0.914973
v -0.730553 -0.200713 0.936734
v -0.739981 -0.193599 0.905967
v -0.745496 -0.184602 0.873525
v -0.732375 -0.219647 0.896067
v -0.737819 -0.210413 0.864176
v -0.744875 -0.201142 0.831795
v -0.730645 -0.237003 0.854591
v -0.736014 -0.227209 0.822562
v -0.744241 -0.218132 0.790298
v -0.727838 -0.254141 0.813193
v -0.735552 -0.245035 0.781310
v -0.741623 -0.235157 0.748627
v -0.750793 -0.208325 0.757345
v 0.333283 0.747938 0.759141
v 0.370791 0.727276 0.770421
v 0.342218 0.743215 0.793179
v 0.378908 0.721279 0.803837
v 0.349526 0.736829 0.826691
v 0.385913 0.715456 0.836983
v 0.355536 0.730402 0.859792
v 0.390855 0.708867 0.869991
v 0.359368 0.722448 0.892384
v 0.394302 0.701314 0.902687
v 0.362708 0.715206 0.924673
v 0.397499 0.693857 0.934851
v 0.364121 0.705137 0.955615
v 0.399232 0.683587 0.965514
v 0.366171 0.695810 0.985836
v 0.400376 0.671592 0.994811
v 0.367929 0.685094 1.014813
v 0.402883 0.661463 1.024023
v 0.369909 0.674668 1.043081
v 0.403460 0.648963 1.051747
v 0.369848 0.661839 1.069624
v 0.401622 0.634545 1.077779
v 0.368909 0.648806 1.095416
v 0.399222 0.620729 1.103538
v 0.366584 0.634634 1.120076
v 0.395661 0.606189 1.128491
v 0.363676 0.619890 1.144193
v 0.329316 0.630828 1.159401
v 0.359954 0.603533 1.167303
v 0.326680 0.613782 1.181594
v 0.292167 0.621266 1.194921
v 0.323732 0.595137 1.202952
v 0.290550 0.601854 1.215553
v 0.257200 0.606617 1.227652
v 0.288749 0.580946 1.235403
v 0.256631 0.585043 1.246818
v 0.224704 0.587359 1.257807
v 0.255966 0.562339 1.265330
v 0.225092 0.563789 1.275509
v 0.194777 0.563605 1.285812
v 0.224848 0.538993 1.292186
v 0.195747 0.538460 1.302579
v 0.167278 0.536466 1.314010
v 0.195907 0.512189 1.318074
v 0.168320 0.509709 1.329361
v 0.141507 0.506218 1.343224
v 0.168863 0.482336 1.344095
v 0.142762 0.478086 1.357461
v 0.116081 0.470762 1.370839
v 0.143330 0.448732 1.369814
v 0.118210 0.441496 1.384624
v 0.091621 0.431252 1.397203
v 0.118982 0.411045 1.394101
v 0.094653 0.402095 1.409403
v 0.067761 0.390072 1.418771
v 0.095548 0.370930 1.414575
v 0.070488 0.359469 1.425101
v 0.045523 0.346495 1.435685
v 0.072864 0.327967 1.427824
v 0.049906 0.315399 1.439675
v 0.027003 0.301188 1.451322
v 0.053640 0.283408 1.439425
v 0.031737 0.269221 1.449613
v 0.010379 0.253761 1.460669
v 0.038218 0.237099 1.449467
v 0.017078 0.221826 1.457656
v -0.003675 0.205478 1.466589
v 0.023801 0.189923 1.452673
v 0.003645 0.174060 1.460185
v -0.017008 0.157643 1.466645
v 0.008157 0.143774 1.447321
v -0.008281 0.126742 1.459096
v -0.028688 0.110883 1.464748
v -0.001814 0.096564 1.447134
v -0.022381 0.082246 1.451291
v -0.044010 0.068628 1.454217
v -0.049163 0.094941 1.470934
v -0.061311 0.051159 1.465450
v -0.070305 0.078170 1.477067
v -0.084479 0.035543 1.466765
v -0.093525 0.061374 1.479340
v -0.109837 0.022417 1.460725
v -0.117374 0.044820 1.479285
v -0.131739 0.004222 1.466549
v -0.141190 0.028378 1.479463
v -0.155318 -0.012271 1.469364
v -0.165666 0.013055 1.477249
v -0.180959 -0.025466 1.464523
v -0.190405 -0.002236 1.476546
v -0.206739 -0.039702 1.462975
v -0.215898 -0.015593 1.470866
v -0.233431 -0.051169 1.455290
v -0.241826 -0.028336 1.464829
v -0.260722 -0.064472 1.451516
v -0.268403 -0.041842 1.461175
v -0.288261 -0.075933 1.442901
v -0.295052 -0.053267 1.451924
v -0.316136 -0.086829 1.433031
v -0.322053 -0.064572 1.443063
v -0.344711 -0.096973 1.423025
v -0.349117 -0.074085 1.431852
v -0.373620 -0.105411 1.411737
v -0.376981 -0.082396 1.420923
v -0.401939 -0.111635 1.398441
v -0.404358 -0.087942 1.407291
v -0.428713 -0.115588 1.382372
v -0.430920 -0.091818 1.392284
v -0.454905 -0.118539 1.365857
v -0.456885 -0.094672 1.376504
v -0.480588 -0.120447 1.348731
v -0.482583 -0.096599 1.359996
v -0.505332 -0.121033 1.330415
v -0.506813 -0.096868 1.341258
v -0.529758 -0.120738 1.311689
v -0.530129 -0.096092 1.321332
v -0.552610 -0.119038 1.291115
v -0.552249 -0.094284 1.300089
v -0.574636 -0.116336 1.269619
v -0.553131 -0.144189 1.281397
v -0.575579 -0.141494 1.260359
v -0.596141 -0.137572 1.237445
v -0.575599 -0.166780 1.249807
v -0.596499 -0.162831 1.227298
v -0.615983 -0.158355 1.203713
v -0.616336 -0.133318 1.214238
v -0.634603 -0.153978 1.179745
v -0.635213 -0.128835 1.190125
v -0.651796 -0.149707 1.155048
v -0.652558 -0.124357 1.165190
v -0.666439 -0.145415 1.128970
v -0.667657 -0.119986 1.139045
v -0.679285 -0.141173 1.101955
v -0.681980 -0.115915 1.112407
v -0.691215 -0.136861 1.074508
v -0.676515 -0.167393 1.091651
v -0.689111 -0.163572 1.064885
v -0.701030 -0.159720 1.037809
v -0.688204 -0.191722 1.056591
v -0.699556 -0.188055 1.029574
v -0.712062 -0.184136 1.002749
v -0.697737 -0.217001 1.021662
v -0.710388 -0.212939 0.994636
v -0.721023 -0.207359 0.966254
v -0.704274 -0.240638 0.984924
v -0.715719 -0.235006 0.956472
v -0.723668 -0.227364 0.926620
v -0.705989 -0.261056 0.945708
v -0.715419 -0.253872 0.916127
v -0.723245 -0.245651 0.885762
v -0.705908 -0.280095 0.905612
v -0.711750 -0.271073 0.875076
v -0.720207 -0.262936 0.844449
v -0.702261 -0.297973 0.865234
v -0.710998 -0.290132 0.834960
v -0.719000 -0.281570 0.804117
v -0.702240 -0.318318 0.826392
v -0.710286 -0.309793 0.795754
v -0.717774 -0.300400 0.764197
v -0.726889 -0.272500 0.772529
v 0.400788 0.713740 0.748776
v 0.438352 0.692663 0.762201
v 0.408792 0.706945 0.782271
v 0.444348 0.684576 0.796396
v 0.415863 0.700567 0.815735
v 0.449591 0.677606 0.830572
v 0.420578 0.693177 0.849101
v 0.453503 0.669888 0.863861
v 0.423582 0.684732 0.881902
v 0.455993 0.660764 0.895885
v 0.427788 0.678465 0.914450
v 0.459600 0.653091 0.927479
v 0.430637 0.669803 0.945897
v 0.461843 0.642833 0.957898
v 0.432977 0.659624 0.976300
v 0.462743 0.630559 0.987274
v 0.434103 0.647207 1.005337
v 0.462949 0.617693 1.016301
v 0.433973 0.633538 1.033317
v 0.460993 0.603371 1.044417
v 0.432597 0.619614 1.060675
v 0.458222 0.589581 1.072338
v 0.429736 0.605532 1.087368
v 0.453918 0.575305 1.099282
v 0.425696 0.591134 1.113301
v 0.448304 0.560226 1.124996
v 0.420649 0.575975 1.138309
v 0.391008 0.590346 1.152377
v 0.414616 0.559340 1.161853
v 0.386105 0.573509 1.175571
v 0.355817 0.585707 1.189499
v 0.381018 0.555267 1.197763
v 0.351517 0.566346 1.210641
v 0.320698 0.575089 1.223573
v 0.347141 0.545586 1.230981
v 0.317667 0.553677 1.243448
v 0.286964 0.559041 1.254769
v 0.313605 0.530109 1.261087
v 0.283958 0.534728 1.271474
v 0.254477 0.537955 1.282240
v 0.280766 0.509825 1.287767
v 0.252329 0.512418 1.297969
v 0.223995 0.513171 1.307961
v 0.249757 0.485919 1.312439
v 0.222526 0.486398 1.322478
v 0.195240 0.484864 1.332130
v 0.220086 0.458454 1.334707
v 0.194196 0.456947 1.345378
v 0.168607 0.453738 1.356915
v 0.192220 0.427758 1.356174
v 0.167966 0.424348 1.368287
v 0.143773 0.419041 1.381255
v 0.166436 0.393814 1.376550
v 0.143097 0.388098 1.388838
v 0.119457 0.380411 1.401553
v 0.141905 0.356491 1.393826
v 0.119146 0.348650 1.405358
v 0.096479 0.339127 1.417589
v 0.119829 0.316521 1.409081
v 0.097936 0.306949 1.419788
v 0.075505 0.295986 1.429011
v 0.098320 0.274464 1.417564
v 0.078124 0.263520 1.428020
v 0.057545 0.251116 1.437559
v 0.080484 0.230943 1.424396
v 0.061601 0.218783 1.433755
v 0.043159 0.204955 1.443845
v 0.065761 0.186406 1.427586
v 0.048067 0.173001 1.435975
v 0.028789 0.158653 1.442640
v 0.049472 0.142288 1.421813
v 0.033770 0.127430 1.431539
v 0.015849 0.112350 1.438795
v 0.039414 0.095993 1.420814
v 0.020350 0.082448 1.425201
v 0.003030 0.067545 1.432830
v 0.023554 0.054635 1.409108
v 0.008622 0.039197 1.419280
v -0.010087 0.025461 1.425430
v -0.016468 0.053840 1.437908
v -0.029527 0.012026 1.430916
v -0.034317 0.039092 1.446519
v -0.049329 -0.002180 1.436329
v -0.054910 0.024755 1.450696
v -0.070642 -0.016382 1.439530
v -0.077975 0.011230 1.449708
v -0.092334 -0.031188 1.443079
v -0.100219 -0.004448 1.452280
v -0.116198 -0.044462 1.443270
v -0.122237 -0.021136 1.457680
v -0.141163 -0.057316 1.442497
v -0.147412 -0.034690 1.455383
v -0.166743 -0.071163 1.442888
v -0.172747 -0.049106 1.455096
v -0.193813 -0.083206 1.439954
v -0.199341 -0.061239 1.450545
v -0.221686 -0.095501 1.436743
v -0.226561 -0.073930 1.447075
v -0.250359 -0.106766 1.429504
v -0.254627 -0.086449 1.441800
v -0.279530 -0.118256 1.421198
v -0.283035 -0.097444 1.432518
v -0.309276 -0.130240 1.413080
v -0.312166 -0.109084 1.424106
v -0.338925 -0.140110 1.401462
v -0.341326 -0.118608 1.412305
v -0.368402 -0.149003 1.389164
v -0.370800 -0.127456 1.400853
v -0.396915 -0.155935 1.374624
v -0.398991 -0.133569 1.386088
v -0.424843 -0.161683 1.359522
v -0.426692 -0.138759 1.371125
v -0.451710 -0.165605 1.342713
v -0.453329 -0.142211 1.354536
v -0.478234 -0.168529 1.325697
v -0.479698 -0.144788 1.337854
v -0.504130 -0.170269 1.308156
v -0.504779 -0.145649 1.319540
v -0.528123 -0.170073 1.288699
v -0.528994 -0.145293 1.300451
v -0.552552 -0.169256 1.270143
v -0.527447 -0.195351 1.277741
v -0.551044 -0.194253 1.258170
v -0.574351 -0.192022 1.238255
v -0.548433 -0.219157 1.246281
v -0.571679 -0.217144 1.226444
v -0.593596 -0.213950 1.205280
v -0.594644 -0.187851 1.215475
v -0.611916 -0.209493 1.181470
v -0.613817 -0.183471 1.192039
v -0.630255 -0.205717 1.158135
v -0.632689 -0.179490 1.168672
v -0.647404 -0.202135 1.134165
v -0.649678 -0.175485 1.144228
v -0.661818 -0.198503 1.108764
v -0.664587 -0.171581 1.118671
v -0.675327 -0.195109 1.082899
v -0.658881 -0.226506 1.100277
v -0.672897 -0.223587 1.074804
v -0.685130 -0.220341 1.048276
v -0.666790 -0.251589 1.066277
v -0.680422 -0.248881 1.040086
v -0.693648 -0.245636 1.013216
v -0.671314 -0.275628 1.030678
v -0.685243 -0.272639 1.003632
v -0.696806 -0.267762 0.975135
v -0.673873 -0.297981 0.993426
v -0.685944 -0.293278 0.964854
v -0.695703 -0.286840 0.935274
v -0.673758 -0.318186 0.954720
v -0.684809 -0.312519 0.925364
v -0.694908 -0.305955 0.895581
v -0.673056 -0.338186 0.916333
v -0.684006 -0.332347 0.886671
v -0.693439 -0.325710 0.856521
v -0.672255 -0.358958 0.879098
v -0.682576 -0.353273 0.848945
v -0.692812 -0.346879 0.818883
v -0.674548 -0.382349 0.844260
v -0.684202 -0.375971 0.813339
v -0.695739 -0.368229 0.782524
v -0.702056 -0.338632 0.788341
v -0.704512 -0.358473 0.750491
v -0.709884 -0.329023 0.756694
v 0.497325 0.649499 0.759631
v 0.471997 0.668229 0.777889
v 0.501318 0.640415 0.794969
v 0.477542 0.661253 0.812864
v 0.505949 0.632047 0.829137
v 0.481134 0.652281 0.846439
v 0.509934 0.623623 0.862247
v 0.484271 0.643544 0.878883
v 0.513266 0.615252 0.894533
v 0.486491 0.633980 0.910267
v 0.514602 0.604800 0.925720
v 0.489788 0.625265 0.941304
v 0.515658 0.594306 0.956737
v 0.490134 0.613125 0.971222
v 0.513993 0.581222 0.986819
v 0.490011 0.600672 1.001042
v 0.512180 0.568352 1.016950
v 0.487797 0.586722 1.030103
v 0.508246 0.554203 1.046004
v 0.484264 0.572428 1.058533
v 0.503898 0.540250 1.074492
v 0.479923 0.558327 1.086422
v 0.498546 0.525889 1.101742
v 0.474343 0.543619 1.112967
v 0.491387 0.510215 1.126998
v 0.468031 0.528299 1.138335
v 0.442119 0.544421 1.149619
v 0.461066 0.512100 1.162594
v 0.434970 0.527112 1.172616
v 0.408671 0.541893 1.184779
v 0.426939 0.508232 1.193999
v 0.401309 0.522045 1.205375
v 0.374758 0.534613 1.217792
v 0.393828 0.500876 1.224905
v 0.368865 0.513007 1.237379
v 0.341605 0.522409 1.248777
v 0.361351 0.489235 1.254363
v 0.336073 0.498584 1.266190
v 0.309020 0.505457 1.277488
v 0.329873 0.473587 1.282393
v 0.303772 0.479590 1.292257
v 0.276773 0.483484 1.301914
v 0.297937 0.453107 1.306434
v 0.272068 0.456505 1.315252
v 0.246161 0.458382 1.324925
v 0.266022 0.428405 1.326081
v 0.241818 0.430126 1.336201
v 0.216861 0.429757 1.345364
v 0.236257 0.400604 1.344901
v 0.212901 0.400051 1.354130
v 0.189359 0.397625 1.364224
v 0.207199 0.369192 1.358723
v 0.185889 0.366703 1.370347
v 0.164018 0.362458 1.381858
v 0.181339 0.335130 1.372960
v 0.160760 0.330621 1.384156
v 0.140399 0.324434 1.396437
v 0.157776 0.298440 1.385000
v 0.138998 0.291948 1.397199
v 0.118565 0.284015 1.407051
v 0.136680 0.259423 1.394398
v 0.117676 0.251452 1.403907
v 0.099198 0.241813 1.414441
v 0.117895 0.218485 1.400316
v 0.100101 0.209006 1.409360
v 0.080418 0.199187 1.415116
v 0.096269 0.178758 1.395705
v 0.081926 0.167157 1.406351
v 0.067562 0.154623 1.416583
v 0.083418 0.135925 1.394918
v 0.069191 0.123690 1.403637
v 0.053631 0.110929 1.410970
v 0.070101 0.095134 1.387440
v 0.055204 0.082622 1.394587
v 0.039188 0.069313 1.401125
v 0.059441 0.055031 1.379079
v 0.045008 0.041505 1.387026
v 0.031091 0.026678 1.396822
v 0.048471 0.016244 1.369605
v 0.034373 0.001787 1.379249
v 0.017372 -0.011964 1.387311
v 0.012996 0.013089 1.403203
v -0.001413 -0.025301 1.394032
v -0.004855 -0.001035 1.410768
v -0.020582 -0.039231 1.400472
v -0.023730 -0.015043 1.417530
v -0.041541 -0.052452 1.404568
v -0.044059 -0.028834 1.422266
v -0.061398 -0.067259 1.411478
v -0.065459 -0.042386 1.425666
v -0.084183 -0.079682 1.415399
v -0.088757 -0.054276 1.425922
v -0.108881 -0.090497 1.416620
v -0.111731 -0.067895 1.429791
v -0.133927 -0.102529 1.418821
v -0.136678 -0.080271 1.430697
v -0.160854 -0.113178 1.417305
v -0.163040 -0.092259 1.429661
v -0.188595 -0.124133 1.415153
v -0.190462 -0.104056 1.427828
v -0.217005 -0.135511 1.411474
v -0.218682 -0.116259 1.425035
v -0.246022 -0.147600 1.406250
v -0.247727 -0.126819 1.417015
v -0.275533 -0.160020 1.399503
v -0.277203 -0.138292 1.408597
v -0.305131 -0.171507 1.389844
v -0.307124 -0.150786 1.401080
v -0.334752 -0.182639 1.379468
v -0.336971 -0.161597 1.390632
v -0.363739 -0.191918 1.366485
v -0.366156 -0.170456 1.377528
v -0.392282 -0.200097 1.352366
v -0.394922 -0.178288 1.363549
v -0.419877 -0.206251 1.336029
v -0.422659 -0.184148 1.347533
v -0.447159 -0.211331 1.319320
v -0.449854 -0.188742 1.330887
v -0.474244 -0.215749 1.302656
v -0.476832 -0.192439 1.314202
v -0.499811 -0.218338 1.284320
v -0.502590 -0.194565 1.296215
v -0.524076 -0.219263 1.265014
v -0.495372 -0.241438 1.272972
v -0.519878 -0.243261 1.254090
v -0.542904 -0.242723 1.233748
v -0.512630 -0.265739 1.242939
v -0.535819 -0.266158 1.222955
v -0.558948 -0.265691 1.203510
v -0.566311 -0.241497 1.214418
v -0.580038 -0.263411 1.182570
v -0.587639 -0.238578 1.193244
v -0.600427 -0.261403 1.161520
v -0.607083 -0.235273 1.170868
v -0.619404 -0.259026 1.139430
v -0.625428 -0.232044 1.147953
v -0.636801 -0.256566 1.116260
v -0.643798 -0.229481 1.125152
v -0.652361 -0.254099 1.091713
v -0.627750 -0.283367 1.107248
v -0.643018 -0.280807 1.082642
v -0.658278 -0.278787 1.057507
v -0.631913 -0.306867 1.072971
v -0.646918 -0.304584 1.047681
v -0.659934 -0.301127 1.020721
v -0.632667 -0.328703 1.036972
v -0.646824 -0.325711 1.010435
v -0.660899 -0.322445 0.983080
v -0.634398 -0.350813 1.001360
v -0.648553 -0.347485 0.973923
v -0.661906 -0.343572 0.945675
v -0.637916 -0.373778 0.966827
v -0.651420 -0.370043 0.938561
v -0.662947 -0.365096 0.909260
v -0.642885 -0.398081 0.933887
v -0.654432 -0.393432 0.904576
v -0.663848 -0.387663 0.874442
v -0.645321 -0.422462 0.901614
v -0.655302 -0.417059 0.871565
v -0.665305 -0.411274 0.840949
v -0.645396 -0.446227 0.869345
v -0.655348 -0.439930 0.838414
v -0.668439 -0.434138 0.807310
v -0.678839 -0.406014 0.810456
v -0.681348 -0.426885 0.775101
v -0.689857 -0.398034 0.778359
v 0.551112 0.603285 0.765422
v 0.526626 0.622119 0.779065
v 0.554987 0.593759 0.800095
v 0.530458 0.612497 0.813393
v 0.559189 0.585248 0.834434
v 0.535667 0.605107 0.847424
v 0.560980 0.574704 0.867777
v 0.537413 0.594705 0.880143
v 0.561437 0.563782 0.900172
v 0.539159 0.585009 0.912260
v 0.562611 0.554595 0.932631
v 0.539767 0.574715 0.943933
v 0.559991 0.542279 0.963826
v 0.536796 0.561338 0.974281
v 0.557524 0.530093 0.994966
v 0.534250 0.548492 1.004848
v 0.553546 0.516452 1.024877
v 0.530404 0.534792 1.034471
v 0.548557 0.502143 1.053501
v 0.526014 0.520966 1.063204
v 0.543242 0.488128 1.081321
v 0.521162 0.507171 1.091093
v 0.536043 0.473058 1.107383
v 0.514530 0.492209 1.117224
v 0.527597 0.457503 1.132178
v 0.506649 0.476532 1.141929
v 0.484266 0.494620 1.151732
v 0.496790 0.459436 1.164491
v 0.475638 0.477515 1.174625
v 0.452012 0.493587 1.184125
v 0.465635 0.458754 1.195651
v 0.442543 0.473917 1.204404
v 0.418299 0.487752 1.213799
v 0.432554 0.453091 1.223706
v 0.409267 0.466099 1.232610
v 0.385454 0.478171 1.242833
v 0.400157 0.443612 1.250921
v 0.377121 0.454705 1.260323
v 0.354088 0.464970 1.271376
v 0.367946 0.430034 1.276043
v 0.346141 0.439636 1.286960
v 0.322552 0.447323 1.296686
v 0.336656 0.413236 1.299913
v 0.314275 0.420327 1.309324
v 0.290872 0.425592 1.318616
v 0.304493 0.392320 1.318663
v 0.282068 0.396827 1.326811
v 0.259325 0.399560 1.335768
v 0.272512 0.367489 1.332479
v 0.250886 0.369581 1.340721
v 0.228334 0.370051 1.347649
v 0.241860 0.339215 1.342770
v 0.222150 0.339182 1.353012
v 0.201854 0.337879 1.362687
v 0.215071 0.308101 1.354406
v 0.195503 0.306561 1.362748
v 0.176641 0.303350 1.373444
v 0.190079 0.275049 1.362632
v 0.173056 0.271235 1.373775
v 0.154630 0.266108 1.383535
v 0.167688 0.239768 1.368861
v 0.150992 0.234152 1.378887
v 0.134424 0.227122 1.389487
v 0.147862 0.202667 1.372556
v 0.130166 0.196586 1.379174
v 0.111753 0.189169 1.385437
v 0.128017 0.165657 1.369408
v 0.113502 0.156747 1.378617
v 0.097516 0.147236 1.385785
v 0.113039 0.127110 1.365357
v 0.099886 0.116852 1.374027
v 0.084003 0.107019 1.379494
v 0.100270 0.089621 1.357385
v 0.087945 0.078509 1.365479
v 0.072795 0.067848 1.371041
v 0.088151 0.053839 1.346104
v 0.076131 0.041938 1.353756
v 0.063395 0.029150 1.361952
v 0.077754 0.018559 1.333706
v 0.065506 0.005328 1.342415
v 0.050998 -0.007915 1.351330
v 0.064908 -0.016325 1.321741
v 0.049289 -0.029556 1.331948
v 0.032982 -0.042399 1.342018
v 0.035812 -0.021734 1.360961
v 0.015331 -0.054602 1.350847
v 0.017592 -0.034157 1.368657
v -0.000676 -0.069215 1.360575
v -0.001105 -0.047209 1.375707
v -0.019650 -0.083065 1.367518
v -0.018779 -0.062327 1.383802
v -0.039860 -0.096545 1.373461
v -0.038909 -0.076349 1.389786
v -0.061716 -0.108183 1.378258
v -0.060538 -0.089059 1.394931
v -0.083972 -0.119751 1.383938
v -0.084227 -0.099551 1.397967
v -0.107886 -0.130099 1.387918
v -0.108147 -0.110825 1.401800
v -0.131670 -0.142548 1.393463
v -0.132706 -0.122949 1.405639
v -0.158673 -0.151593 1.392251
v -0.159663 -0.132987 1.404687
v -0.185685 -0.163203 1.392463
v -0.187459 -0.143151 1.401951
v -0.213584 -0.174874 1.389778
v -0.215531 -0.155264 1.399860
v -0.241957 -0.187323 1.385170
v -0.244339 -0.166867 1.393851
v -0.270563 -0.199856 1.377864
v -0.273428 -0.180037 1.388137
v -0.299108 -0.211248 1.367623
v -0.302639 -0.191979 1.379114
v -0.327575 -0.222489 1.356728
v -0.331783 -0.203159 1.368430
v -0.355762 -0.232601 1.344341
v -0.360358 -0.212606 1.355238
v -0.383419 -0.241096 1.329655
v -0.388673 -0.221355 1.341480
v -0.410721 -0.248315 1.314069
v -0.416090 -0.227819 1.325222
v -0.437446 -0.254336 1.297553
v -0.443014 -0.233081 1.308061
v -0.463587 -0.259550 1.280528
v -0.469683 -0.237860 1.290951
v -0.488254 -0.263136 1.261734
v -0.455091 -0.280130 1.269494
v -0.479303 -0.284369 1.251163
v -0.502977 -0.287212 1.231982
v -0.468506 -0.305082 1.240834
v -0.491426 -0.308144 1.221516
v -0.514256 -0.310242 1.201967
v -0.525537 -0.288064 1.211640
v -0.535896 -0.310740 1.181320
v -0.548080 -0.288236 1.191730
v -0.557267 -0.310860 1.160989
v -0.569856 -0.287565 1.171737
v -0.577952 -0.310716 1.140590
v -0.590780 -0.286789 1.151541
v -0.597420 -0.309953 1.119280
v -0.609775 -0.285060 1.129793
v -0.615599 -0.308776 1.096917
v -0.582841 -0.333566 1.108629
v -0.600937 -0.332683 1.086079
v -0.617584 -0.331096 1.062261
v -0.587806 -0.357747 1.077793
v -0.604496 -0.356183 1.053527
v -0.619860 -0.353786 1.027996
v -0.594154 -0.382854 1.047765
v -0.609640 -0.380354 1.021627
v -0.624041 -0.377214 0.994528
v -0.600727 -0.407886 1.017483
v -0.615206 -0.404853 0.990025
v -0.629260 -0.401634 0.962198
v -0.605779 -0.432926 0.987170
v -0.620225 -0.430150 0.959346
v -0.634018 -0.426943 0.931003
v -0.606771 -0.457239 0.956375
v -0.621782 -0.455110 0.928470
v -0.633161 -0.450676 0.898952
v -0.604026 -0.480159 0.924677
v -0.618022 -0.477399 0.895999
v -0.631189 -0.473423 0.866448
v -0.601268 -0.502943 0.892777
v -0.614349 -0.498736 0.862979
v -0.626346 -0.492698 0.832132
v -0.641812 -0.466948 0.835426
v -0.640241 -0.486840 0.800861
v -0.655882 -0.461386 0.804341
v -0.654213 -0.480108 0.768519
v -0.669548 -0.454446 0.771983
v 0.572201 0.580871 0.753401
v 0.599867 0.552172 0.777839
v 0.578011 0.573589 0.788346
v 0.601920 0.542301 0.812189
v 0.581358 0.564506 0.822792
v 0.606065 0.534499 0.846615
v 0.583746 0.554668 0.856765
v 0.607088 0.524214 0.880305
v 0.583627 0.543105 0.889669
v 0.606323 0.513339 0.913012
v 0.585171 0.534564 0.922711
v 0.606025 0.504049 0.945539
v 0.582623 0.522860 0.954284
v 0.602389 0.491682 0.976506
v 0.579920 0.510914 0.985545
v 0.597743 0.477927 1.006537
v 0.575909 0.497429 1.015671
v 0.594051 0.464830 1.036550
v 0.571715 0.483862 1.045042
v 0.587497 0.450038 1.064402
v 0.565374 0.469099 1.072511
v 0.579125 0.434926 1.090839
v 0.558199 0.454444 1.099091
v 0.568396 0.419092 1.115606
v 0.548562 0.438599 1.123726
v 0.556990 0.403432 1.140032
v 0.537501 0.422306 1.147209
v 0.517402 0.440993 1.155344
v 0.525653 0.405647 1.169897
v 0.505897 0.423573 1.177064
v 0.486122 0.441461 1.185899
v 0.492933 0.404961 1.196864
v 0.473846 0.421995 1.205208
v 0.454018 0.438268 1.214484
v 0.460572 0.401357 1.222847
v 0.441601 0.416668 1.231694
v 0.421315 0.430691 1.240861
v 0.427643 0.393768 1.246252
v 0.409494 0.407312 1.256785
v 0.389626 0.419508 1.266832
v 0.396411 0.382900 1.270478
v 0.377659 0.394286 1.280190
v 0.357721 0.404443 1.290027
v 0.364936 0.368478 1.291403
v 0.345680 0.377906 1.300282
v 0.325742 0.385919 1.309854
v 0.333246 0.350773 1.308417
v 0.313871 0.357950 1.316576
v 0.293618 0.363615 1.324561
v 0.301878 0.329530 1.321494
v 0.282544 0.334453 1.328532
v 0.262266 0.337651 1.335075
v 0.270561 0.305062 1.328426
v 0.252109 0.307495 1.335966
v 0.233517 0.308496 1.344517
v 0.242122 0.277235 1.335458
v 0.225306 0.277653 1.344655
v 0.207526 0.277127 1.352997
v 0.215681 0.247807 1.339970
v 0.200851 0.246032 1.350759
v 0.183643 0.244034 1.358444
v 0.191435 0.216768 1.342198
v 0.177837 0.213184 1.352972
v 0.163838 0.208263 1.363688
v 0.171955 0.182972 1.344805
v 0.157504 0.178626 1.352838
v 0.144157 0.172063 1.362766
v 0.153883 0.148711 1.342030
v 0.139424 0.143583 1.348617
v 0.126554 0.135879 1.357221
v 0.136131 0.116125 1.333460
v 0.125234 0.107935 1.342197
v 0.111202 0.100358 1.348342
v 0.122870 0.082786 1.324465
v 0.111340 0.074362 1.331500
v 0.100067 0.064499 1.338925
v 0.110630 0.050838 1.313233
v 0.099408 0.041688 1.319229
v 0.088459 0.031023 1.325861
v 0.102295 0.019182 1.301645
v 0.109626 0.029760 1.294923
v 0.107687 0.013058 1.276800
v 0.099724 0.004049 1.281132
v 0.103246 -0.008416 1.264914
v 0.113152 -0.016218 1.253005
v 0.120260 -0.021313 1.242432
v 0.128173 -0.022096 1.235065
v 0.125052 -0.017831 1.233119
v 0.131658 -0.015673 1.227894
v 0.135342 -0.019852 1.229468
v 0.121623 -0.014757 1.231319
v 0.128163 -0.012322 1.226363
v 0.135879 -0.007747 1.220550
v 0.139586 -0.011200 1.222016
v 0.118331 -0.012425 1.229594
v 0.124746 -0.009801 1.224890
v 0.132556 -0.004797 1.219100
v 0.143321 0.002982 1.211944
v 0.146508 -0.000715 1.213592
v 0.121691 -0.007543 1.223347
v 0.130009 -0.002048 1.217473
v 0.140931 0.005963 1.210420
v 0.155828 0.014519 1.203700
v 0.158181 0.011073 1.205134
v 0.127541 0.000213 1.215984
v 0.138798 0.008487 1.209050
v 0.153583 0.017783 1.202318
v 0.172797 0.026583 1.196305
v 0.174730 0.022932 1.197402
v 0.151577 0.020664 1.201085
v 0.171150 0.029891 1.195442
v 0.195318 0.038256 1.190005
v 0.196176 0.034209 1.189888
v 0.149714 0.023172 1.199926
v 0.169646 0.033013 1.194710
v 0.194529 0.042100 1.190359
v 0.219655 0.048722 1.187515
v 0.219816 0.044533 1.184945
v 0.168150 0.036014 1.194231
v 0.193654 0.045787 1.191384
v 0.219065 0.052940 1.190419
v 0.239821 0.062553 1.190898
v 0.240965 0.058072 1.186161
v 0.192439 0.049758 1.192127
v 0.217916 0.057262 1.193641
v 0.238425 0.066664 1.195576
v 0.259567 0.074824 1.209135
v 0.261587 0.069609 1.204789
v 0.216498 0.061060 1.197179
v 0.236881 0.071648 1.199125
v 0.257275 0.081616 1.212001
v 0.279354 0.096275 1.222497
v 0.282656 0.088824 1.219355
v 0.235140 0.078584 1.201225
v 0.255076 0.089655 1.212795
v 0.275316 0.103089 1.226302
v 0.297226 0.119802 1.238649
v 0.302296 0.112346 1.234129
v 0.251109 0.095192 1.217054
v 0.270259 0.109435 1.229984
v 0.291249 0.126955 1.243291
v 0.313284 0.144831 1.255326
v 0.320067 0.137038 1.249576
v 0.264472 0.116269 1.233619
v 0.284524 0.133351 1.248805
v 0.305697 0.152874 1.260100
v 0.327396 0.172953 1.269337
v 0.335727 0.164270 1.263468
v 0.276951 0.140321 1.253156
v 0.297181 0.160418 1.264830
v 0.317881 0.181841 1.273553
v 0.338504 0.204119 1.279146
v 0.348786 0.194777 1.273253
v 0.288017 0.167206 1.270006
v 0.307761 0.189727 1.278654
v 0.327031 0.213509 1.283147
v 0.346362 0.237069 1.286803
v 0.358922 0.227096 1.282000
v 0.297416 0.196176 1.285427
v 0.315418 0.221210 1.289934
v 0.333522 0.245995 1.293089
v 0.350512 0.271389 1.291248
v 0.364204 0.261652 1.283871
v 0.302748 0.228467 1.295721
v 0.320326 0.253818 1.300616
v 0.335999 0.280470 1.298334
v 0.352575 0.306345 1.296679
v 0.367504 0.296480 1.288125
v 0.305989 0.261166 1.307021
v 0.321685 0.288257 1.307738
v 0.336237 0.315461 1.303954
v 0.351321 0.342116 1.299821
v 0.368247 0.332214 1.291252
v 0.304935 0.295627 1.313085
v 0.319826 0.323138 1.313214
v 0.288583 0.300939 1.321815
v 0.291132 0.267191 1.314079
v 0.275235 0.272007 1.320495
v 0.258925 0.275328 1.327675
v 0.261812 0.243246 1.316891
v 0.246818 0.245943 1.324048
v 0.231285 0.247604 1.331428
v 0.235005 0.217040 1.318844
v 0.220630 0.218507 1.325698
v 0.206601 0.218122 1.334281
v 0.210822 0.189677 1.318819
v 0.198940 0.188224 1.328179
v 0.186091 0.185916 1.337103
v 0.190317 0.160027 1.317660
v 0.177518 0.158463 1.324463
v 0.165634 0.154320 1.332902
v 0.170235 0.131674 1.310406
v 0.159528 0.127393 1.318328
v 0.148106 0.122262 1.325999
v 0.153882 0.102659 1.301920
v 0.143192 0.097662 1.308934
v 0.134564 0.089905 1.317685
v 0.139053 0.075102 1.291498
v 0.131225 0.066977 1.299701
v 0.121883 0.058751 1.307185
v 0.125219 0.048146 1.281280
v 0.116859 0.039416 1.288100
v 0.119509 0.033072 1.265689
v 0.112893 0.023130 1.271197
v 0.117205 0.020814 1.254417
v 0.126763 0.041429 1.259012
v 0.124858 0.028305 1.249185
v 0.118911 0.022531 1.241769
v 0.113664 0.013367 1.246598
v 0.116266 0.017578 1.237344
v 0.110515 0.008755 1.242140
v 0.114464 0.013947 1.234290
v 0.108692 0.005637 1.238937
v 0.108527 -0.002311 1.239652
v 0.107534 -0.009638 1.238565
v 0.107086 0.003536 1.236033
v 0.106675 -0.003093 1.236331
v 0.105528 -0.008957 1.234610
v 0.110931 -0.010295 1.231033
v 0.113051 -0.012367 1.233723
v 0.105004 -0.001915 1.232218
v 0.104356 -0.006624 1.230122
v 0.108150 -0.008922 1.226493
v 0.113411 -0.007424 1.224972
v 0.115454 -0.010188 1.227693
v 0.103924 -0.000941 1.222925
v 0.110518 -0.002116 1.222342
v 0.113673 -0.002556 1.220393
v 0.119053 -0.005305 1.221335
v 0.116593 0.008043 1.214060
v 0.118765 0.006219 1.213628
v 0.130651 0.017329 1.204943
v 0.133096 0.014914 1.205757
v 0.128760 0.019803 1.204597
v 0.143640 0.030208 1.195228
v 0.145780 0.027611 1.196619
v 0.113546 0.010592 1.213896
v 0.124407 0.022889 1.201262
v 0.141076 0.033615 1.194316
v 0.162963 0.044590 1.193200
v 0.164534 0.042070 1.190677
v 0.124463 0.026193 1.205110
v 0.139083 0.037770 1.196171
v 0.161598 0.046995 1.195609
v 0.188066 0.057847 1.199060
v 0.189789 0.055490 1.196681
v 0.139002 0.040975 1.200026
v 0.161223 0.049712 1.198738
v 0.186287 0.060170 1.201486
v 0.210499 0.071611 1.207820
v 0.213033 0.068150 1.204629
v 0.160252 0.051283 1.202066
v 0.184092 0.062009 1.204295
v 0.207195 0.075333 1.210468
v 0.224085 0.094411 1.211307
v 0.229161 0.089148 1.207716
v 0.181213 0.063993 1.207956
v 0.203352 0.078628 1.213598
v 0.217626 0.098780 1.216219
v 0.234125 0.108919 1.232153
v 0.240717 0.103273 1.227992
v 0.198193 0.080969 1.217000
v 0.212269 0.098284 1.224404
v 0.227073 0.112550 1.237663
v 0.242802 0.130371 1.251812
v 0.250691 0.125419 1.246437
v 0.206735 0.097528 1.231653
v 0.219561 0.115083 1.243710
v 0.234863 0.133239 1.258732
v 0.251305 0.154579 1.272122
v 0.260305 0.150376 1.265723
v 0.211784 0.116573 1.250269
v 0.226316 0.136081 1.265126
v 0.241918 0.157917 1.278840
v 0.257982 0.181722 1.289981
v 0.268690 0.177337 1.283527
v 0.217631 0.137444 1.272181
v 0.231925 0.160542 1.285531
v 0.246491 0.185629 1.295955
v 0.261446 0.211816 1.304328
v 0.274171 0.207323 1.298157
v 0.221676 0.162211 1.292629
v 0.234752 0.188203 1.302927
v 0.248437 0.215003 1.311367
v 0.276093 0.239519 1.309519
v 0.222764 0.189675 1.310387
v 0.211448 0.162544 1.300544
v 0.200636 0.162209 1.308457
v 0.200100 0.137202 1.287608
v 0.190411 0.136471 1.295000
v 0.180276 0.134870 1.302431
v 0.181160 0.112607 1.279866
v 0.172156 0.110670 1.286865
v 0.163722 0.106824 1.294710
v 0.164134 0.089801 1.269853
v 0.155234 0.087063 1.276168
v 0.147683 0.081407 1.283897
v 0.148925 0.068335 1.259222
v 0.141299 0.062891 1.266277
v 0.133073 0.056271 1.273789
v 0.135864 0.046821 1.251842
v 0.142837 0.053042 1.244785
v 0.134292 0.045922 1.234555
v 0.130499 0.036384 1.241677
v 0.133352 0.039246 1.228280
v 0.128747 0.029002 1.235679
v 0.131029 0.036187 1.223620
v 0.126117 0.024732 1.231130
v 0.129279 0.034103 1.220070
v 0.123524 0.022058 1.227697
v 0.128264 0.032398 1.217153
v 0.121446 0.020032 1.224994
v 0.112522 0.011497 1.231793
v 0.127214 0.031096 1.214307
v 0.141000 0.041230 1.208251
v 0.140225 0.041261 1.204591
v 0.126214 0.029826 1.211489
v 0.140855 0.042146 1.211264
v 0.156884 0.053348 1.208558
v 0.158712 0.052400 1.205440
v 0.139796 0.044180 1.213895
v 0.154777 0.054402 1.211712
v 0.173981 0.066043 1.215145
v 0.177842 0.065215 1.211551
v 0.138367 0.047006 1.216964
v 0.152460 0.055697 1.215223
v 0.169883 0.066258 1.219178
v 0.185568 0.083572 1.225132
v 0.192220 0.082506 1.220973
v 0.150520 0.057259 1.219672
v 0.165927 0.065959 1.223644
v 0.178767 0.083608 1.229990
v 0.193911 0.095659 1.244903
v 0.201320 0.095511 1.239181
v 0.185866 0.096197 1.250296
v 0.197592 0.114819 1.265635
v 0.205170 0.115465 1.258333
v 0.178366 0.095378 1.256358
v 0.189299 0.114309 1.272492
v 0.208920 0.137823 1.279716
v 0.170923 0.093492 1.262652
v 0.154465 0.073823 1.252361
v 0.147557 0.060022 1.239010
v 0.140809 0.053864 1.228915
v 0.138594 0.049684 1.221932
v 0.125375 0.028247 1.208642
v 0.114383 0.013816 1.216044
v 0.106211 0.003722 1.225269
v 0.289647 0.234580 1.302343
v 0.286019 0.202365 1.291386
v 0.278595 0.172667 1.276532
v 0.268791 0.145788 1.259138
v 0.257797 0.121326 1.239643
v 0.246482 0.098591 1.222864
v 0.232451 0.083938 1.205010
v 0.214931 0.064719 1.200915
v 0.191266 0.052791 1.194483
v 0.166622 0.038720 1.194300
v 0.147809 0.025488 1.198612
v 0.382717 0.357792 1.282152
v 0.399461 0.346150 1.272875
v 0.384426 0.321366 1.283035
v 0.415473 0.333601 1.264095
v 0.399685 0.309743 1.274839
v 0.382569 0.285652 1.281730
v 0.414999 0.297378 1.268561
v 0.397555 0.274074 1.277355
v 0.377341 0.251219 1.276567
v 0.412011 0.261688 1.273504
v 0.391100 0.239261 1.275354
v 0.369805 0.217175 1.274294
v 0.402531 0.227539 1.268465
v 0.381419 0.205148 1.272634
v 0.358357 0.184637 1.268164
v 0.390275 0.194751 1.263334
v 0.366823 0.174815 1.261288
v 0.343503 0.155095 1.257923
v 0.375070 0.163547 1.257798
v 0.350535 0.145290 1.253465
v 0.326141 0.128716 1.244502
v 0.356780 0.135021 1.249436
v 0.331415 0.119375 1.241094
v 0.306876 0.104801 1.229534
v 0.335829 0.110061 1.237432
v 0.310452 0.096502 1.226875
v 0.285412 0.082267 1.216127
v 0.313371 0.088366 1.223919
v 0.287435 0.075392 1.213313
v 0.262993 0.064277 1.200414
v 0.289077 0.068697 1.209891
v 0.263954 0.058678 1.195952
v 0.241821 0.052779 1.182036
v 0.265239 0.053244 1.192992
v 0.242610 0.047192 1.179519
v 0.219696 0.040156 1.182321
v 0.243557 0.042460 1.178520
v 0.219630 0.035241 1.180251
v 0.197348 0.029938 1.190270
v 0.220889 0.029844 1.182203
v 0.198738 0.025588 1.191075
v 0.176749 0.019076 1.198579
v 0.200374 0.021214 1.192351
v 0.178860 0.015114 1.199865
v 0.160741 0.007376 1.206633
v 0.181244 0.010814 1.201335
v 0.163642 0.003216 1.208239
v 0.150020 -0.004710 1.215292
v 0.167169 -0.001736 1.210014
v 0.153910 -0.009192 1.217054
v 0.143616 -0.015433 1.223616
v 0.158464 -0.014623 1.218854
v 0.148094 -0.020979 1.225377
v 0.139231 -0.025580 1.231220
v 0.153090 -0.027144 1.227109
v 0.143638 -0.032410 1.232815
v 0.158942 -0.034304 1.228881
v 0.149210 -0.040226 1.234453
v 0.166173 -0.042912 1.231242
v 0.156947 -0.049783 1.236689
v 0.147770 -0.056620 1.241233
v 0.167586 -0.061176 1.240443
v 0.158932 -0.068819 1.245291
v 0.149906 -0.076827 1.249636
v 0.138175 -0.064303 1.245028
v 0.140310 -0.085575 1.253535
v 0.127816 -0.073177 1.247629
v 0.129935 -0.095052 1.256874
v 0.116781 -0.083082 1.249055
v 0.106229 -0.072373 1.243479
v 0.105497 -0.093860 1.250772
v 0.094610 -0.083340 1.243948
v 0.093531 -0.107068 1.253065
v 0.083493 -0.093562 1.251605
v 0.081818 -0.111642 1.267760
v 0.070831 -0.103871 1.259744
v 0.062645 -0.092234 1.257558
v 0.058663 -0.112202 1.270887
v 0.050518 -0.100649 1.268523
v 0.048581 -0.086587 1.272975
v 0.063713 -0.078632 1.263799
v 0.051946 -0.072035 1.280831
v 0.067426 -0.063446 1.269817
v 0.036697 -0.097199 1.285164
v 0.039002 -0.084076 1.293127
v 0.042684 -0.068570 1.303214
v 0.024279 -0.094226 1.303177
v 0.027488 -0.079830 1.314376
v 0.029403 -0.061575 1.326148
v 0.045086 -0.049187 1.315026
v 0.011476 -0.090670 1.324252
v 0.013843 -0.074195 1.336803
v -0.005463 -0.102256 1.332866
v -0.003682 -0.086708 1.345249
v -0.023259 -0.115201 1.340320
v -0.021207 -0.100907 1.353364
v -0.042741 -0.127763 1.346129
v -0.041458 -0.113652 1.358936
v -0.062124 -0.140902 1.353108
v -0.060632 -0.127677 1.366933
v -0.083668 -0.152263 1.358757
v -0.083815 -0.137554 1.370926
v -0.106048 -0.163344 1.364295
v -0.107420 -0.147499 1.375017
v -0.129956 -0.174099 1.367871
v -0.131400 -0.158664 1.379405
v -0.154920 -0.185383 1.370030
v -0.157283 -0.168923 1.380409
v -0.180730 -0.197395 1.370503
v -0.183689 -0.180847 1.381104
v -0.207299 -0.209691 1.367838
v -0.210940 -0.193066 1.379114
v -0.234198 -0.222453 1.362387
v -0.238604 -0.205827 1.374615
v -0.261377 -0.236018 1.355858
v -0.266581 -0.218453 1.367032
v -0.288630 -0.247962 1.345232
v -0.294534 -0.230139 1.356710
v -0.315910 -0.259808 1.334244
v -0.322326 -0.241428 1.345382
v -0.343181 -0.270829 1.322441
v -0.349890 -0.251596 1.332695
v -0.369948 -0.280278 1.308428
v -0.377278 -0.260803 1.318736
v -0.396005 -0.288422 1.293243
v -0.404115 -0.268571 1.303551
v -0.421176 -0.295252 1.277076
v -0.430043 -0.274875 1.286982
v -0.445069 -0.300619 1.259220
v -0.411604 -0.316346 1.269253
v -0.434894 -0.322155 1.251426
v -0.457824 -0.326997 1.233064
v -0.425135 -0.345101 1.246722
v -0.448197 -0.350831 1.229070
v -0.470350 -0.354830 1.209870
v -0.480018 -0.330295 1.213545
v -0.491822 -0.357439 1.189619
v -0.501740 -0.332375 1.193322
v -0.512384 -0.358782 1.168246
v -0.523153 -0.333649 1.172802
v -0.531998 -0.359149 1.146007
v -0.543537 -0.333916 1.151525
v -0.551688 -0.359346 1.124044
v -0.564110 -0.334367 1.130779
v -0.570350 -0.358868 1.101348
v -0.541668 -0.386169 1.120855
v -0.559352 -0.385229 1.096658
v -0.577491 -0.384544 1.072852
v -0.549075 -0.412131 1.093832
v -0.567547 -0.411628 1.069511
v -0.584493 -0.410017 1.043827
v -0.555500 -0.437727 1.066139
v -0.573734 -0.436973 1.040896
v -0.590367 -0.435243 1.014421
v -0.559350 -0.462576 1.037437
v -0.574948 -0.460520 1.010466
v -0.591925 -0.459543 0.984109
v -0.559047 -0.486095 1.007380
v -0.574745 -0.484484 0.980409
v -0.590173 -0.482845 0.953052
v -0.557601 -0.509787 0.977403
v -0.572566 -0.507858 0.949787
v -0.587443 -0.505927 0.921748
v -0.553228 -0.531434 0.946076
v -0.568659 -0.529807 0.918101
v -0.582954 -0.526952 0.889067
v -0.548170 -0.551737 0.913874
v -0.563652 -0.549717 0.885137
v -0.577479 -0.545628 0.855112
v -0.596139 -0.522551 0.859071
v -0.589825 -0.539295 0.824224
v -0.609461 -0.517260 0.828494
v -0.604133 -0.533792 0.793199
v -0.622834 -0.510889 0.797108
v -0.617886 -0.527167 0.761190
v -0.636587 -0.504081 0.764847
v 0.640885 0.505244 0.760439
v 0.621658 0.530141 0.768571
v 0.642269 0.496325 0.794254
v 0.625772 0.522678 0.802957
v 0.646830 0.489669 0.828176
v 0.628187 0.513804 0.837043
v 0.648442 0.480743 0.861509
v 0.628161 0.503083 0.870517
v 0.649390 0.471545 0.894448
v 0.629702 0.494282 0.903994
v 0.649009 0.462159 0.926878
v 0.628609 0.484145 0.936373
v 0.645634 0.451043 0.958331
v 0.625088 0.472375 0.967625
v 0.640325 0.438007 0.988746
v 0.619643 0.458484 0.997657
v 0.633476 0.423226 1.018044
v 0.613854 0.443947 1.027005
v 0.627631 0.409377 1.047768
v 0.607725 0.429659 1.055721
v 0.617982 0.394533 1.075551
v 0.599459 0.415140 1.083191
v 0.606870 0.380079 1.102658
v 0.588328 0.399873 1.108928
v 0.592762 0.364506 1.127335
v 0.575144 0.384015 1.133161
v 0.578348 0.348789 1.151340
v 0.561337 0.367887 1.156635
v 0.544125 0.387040 1.163146
v 0.547278 0.351416 1.179320
v 0.529965 0.369716 1.184506
v 0.511985 0.387667 1.190376
v 0.515332 0.351852 1.204719
v 0.497530 0.368886 1.209475
v 0.478960 0.385252 1.215068
v 0.482169 0.349115 1.226798
v 0.464556 0.364774 1.232315
v 0.445838 0.379445 1.237872
v 0.448611 0.342999 1.246362
v 0.431036 0.356976 1.252125
v 0.414055 0.370442 1.260813
v 0.432041 0.320457 1.258385
v 0.466174 0.328562 1.242556
v 0.448685 0.306753 1.254705
v 0.430319 0.284369 1.264162
v 0.464242 0.292089 1.250290
v 0.445117 0.270651 1.260549
v 0.423718 0.249260 1.264369
v 0.458723 0.256123 1.256076
v 0.436041 0.235714 1.259568
v 0.413834 0.214824 1.264196
v 0.447526 0.221603 1.254992
v 0.423337 0.202355 1.256544
v 0.399000 0.183194 1.256537
v 0.432764 0.188844 1.252142
v 0.407882 0.170120 1.255262
v 0.382323 0.152234 1.253391
v 0.415419 0.157082 1.251995
v 0.388713 0.140285 1.250003
v 0.362105 0.124798 1.244574
v 0.394045 0.128401 1.245598
v 0.366620 0.114359 1.240012
v 0.339634 0.100621 1.233854
v 0.370289 0.103557 1.235847
v 0.342770 0.091432 1.229240
v 0.315836 0.080426 1.220192
v 0.345337 0.083199 1.222854
v 0.317760 0.072701 1.216196
v 0.290713 0.062489 1.206333
v 0.318975 0.064376 1.213381
v 0.291896 0.055799 1.204180
v 0.266727 0.048059 1.191357
v 0.292724 0.048986 1.202008
v 0.267434 0.042093 1.189940
v 0.244254 0.036764 1.175885
v 0.266670 0.035235 1.190602
v 0.244922 0.028258 1.171464
v 0.222102 0.024348 1.183060
v 0.246647 0.018047 1.169736
v 0.223819 0.019404 1.185199
v 0.202267 0.016635 1.193961
v 0.225650 0.014936 1.188267
v 0.204313 0.011696 1.195874
v 0.183922 0.005882 1.202940
v 0.206460 0.006354 1.197946
v 0.186993 0.000405 1.204694
v 0.171044 -0.007124 1.211854
v 0.190359 -0.005857 1.206674
v 0.175226 -0.013031 1.213802
v 0.163402 -0.020506 1.220690
v 0.180467 -0.020464 1.216144
v 0.169136 -0.027583 1.222742
v 0.186634 -0.028897 1.218899
v 0.175836 -0.035870 1.225301
v 0.194778 -0.039130 1.222851
v 0.185195 -0.046304 1.229194
v 0.176236 -0.053685 1.235039
v 0.198501 -0.058381 1.235438
v 0.190596 -0.066289 1.241218
v 0.182787 -0.074606 1.246596
v 0.212386 -0.081320 1.249954
v 0.205105 -0.090489 1.254326
v 0.197501 -0.099873 1.258306
v 0.174804 -0.083079 1.251677
v 0.189178 -0.109175 1.262238
v 0.166301 -0.091566 1.256535
v 0.179861 -0.118300 1.266572
v 0.156990 -0.100123 1.261448
v 0.169432 -0.127176 1.271579
v 0.146787 -0.108787 1.266554
v 0.157908 -0.135870 1.277290
v 0.135709 -0.117505 1.272184
v 0.118953 -0.105044 1.260437
v 0.123569 -0.124392 1.281321
v 0.107138 -0.114680 1.266191
v 0.110671 -0.135179 1.285372
v 0.094519 -0.124888 1.272662
v 0.096848 -0.145745 1.291115
v 0.081158 -0.134280 1.281490
v 0.068542 -0.123134 1.274756
v 0.067601 -0.142395 1.292467
v 0.055960 -0.131487 1.286211
v 0.046267 -0.121794 1.281392
v 0.042126 -0.141224 1.295419
v 0.035190 -0.129275 1.295310
v 0.029220 -0.119226 1.294313
v 0.038449 -0.110373 1.280001
v 0.026708 -0.108116 1.298192
v 0.013443 -0.129081 1.300665
v 0.008979 -0.116747 1.303319
v 0.009163 -0.104439 1.312741
v -0.006767 -0.127428 1.312171
v -0.006684 -0.115651 1.321855
v -0.023000 -0.139578 1.320686
v -0.023851 -0.127955 1.329493
v -0.041230 -0.152057 1.327350
v -0.042265 -0.140704 1.336170
v -0.059876 -0.165101 1.334755
v -0.061635 -0.153440 1.342811
v -0.079821 -0.178117 1.341343
v -0.082640 -0.165446 1.348417
v -0.101138 -0.190827 1.346664
v -0.103999 -0.177670 1.354903
v -0.124083 -0.202932 1.349102
v -0.127631 -0.188706 1.357724
v -0.147464 -0.215715 1.351404
v -0.151830 -0.200599 1.360001
v -0.171147 -0.229334 1.353210
v -0.176483 -0.213595 1.361425
v -0.195859 -0.242671 1.349687
v -0.202232 -0.226175 1.357946
v -0.221249 -0.256394 1.344271
v -0.228390 -0.238841 1.351101
v -0.247359 -0.270458 1.337748
v -0.254936 -0.253179 1.345658
v -0.273753 -0.284228 1.329386
v -0.281815 -0.266343 1.336696
v -0.300173 -0.297143 1.318820
v -0.308757 -0.278899 1.326343
v -0.326541 -0.309135 1.306824
v -0.335159 -0.289545 1.312744
v -0.352600 -0.320355 1.294315
v -0.361436 -0.299784 1.299445
v -0.377451 -0.329831 1.279202
v -0.387345 -0.309181 1.285758
v -0.401840 -0.338344 1.263937
v -0.368263 -0.352233 1.278034
v -0.391914 -0.361187 1.261561
v -0.415979 -0.369449 1.245810
v -0.381383 -0.384216 1.261287
v -0.404626 -0.392900 1.244171
v -0.427290 -0.400013 1.226151
v -0.438631 -0.375719 1.227705
v -0.448807 -0.404965 1.206178
v -0.460359 -0.380106 1.208013
v -0.469814 -0.408233 1.185247
v -0.482535 -0.383678 1.188489
v -0.491159 -0.410797 1.164167
v -0.502309 -0.384985 1.166073
v -0.510536 -0.411592 1.140859
v -0.522226 -0.385881 1.143673
v -0.529965 -0.412089 1.117520
v -0.497569 -0.436601 1.137809
v -0.517638 -0.437758 1.114778
v -0.536975 -0.438123 1.090889
v -0.503594 -0.462711 1.111668
v -0.523005 -0.463397 1.087732
v -0.541318 -0.463098 1.062754
v -0.506353 -0.487302 1.083532
v -0.525143 -0.487815 1.059172
v -0.543335 -0.487886 1.034151
v -0.506645 -0.511465 1.054901
v -0.523760 -0.510834 1.029447
v -0.541020 -0.510542 1.003809
v -0.503056 -0.533275 1.024789
v -0.520859 -0.533607 0.999682
v -0.537217 -0.532566 0.973219
v -0.498306 -0.554380 0.994548
v -0.515633 -0.554121 0.968668
v -0.532168 -0.553131 0.941709
v -0.492854 -0.573913 0.963363
v -0.509670 -0.572724 0.936473
v -0.526769 -0.572198 0.909171
v -0.487469 -0.592227 0.931203
v -0.504548 -0.591282 0.903955
v -0.520482 -0.589260 0.875614
v -0.542514 -0.570184 0.880532
v -0.535083 -0.585789 0.846155
v -0.556493 -0.566097 0.850613
v -0.548420 -0.580562 0.815788
v -0.569235 -0.560148 0.819918
v -0.561851 -0.574519 0.784946
v -0.583617 -0.554904 0.789058
v -0.574568 -0.567722 0.753681
v -0.596666 -0.547899 0.757320
v 0.678450 0.453646 0.750885
v 0.660754 0.480357 0.754255
v 0.681134 0.446682 0.784522
v 0.664011 0.473513 0.788114
v 0.682902 0.438734 0.817377
v 0.666348 0.465632 0.821581
v 0.684139 0.430376 0.849633
v 0.667525 0.456774 0.854415
v 0.685227 0.422293 0.881715
v 0.669481 0.448680 0.887117
v 0.685071 0.413751 0.913562
v 0.669531 0.439936 0.919530
v 0.681180 0.403381 0.944065
v 0.664842 0.428422 0.950380
v 0.675650 0.392116 0.973953
v 0.659004 0.415896 0.980439
v 0.668187 0.379087 1.003741
v 0.649774 0.400631 1.008900
v 0.657199 0.364024 1.032073
v 0.642993 0.386901 1.038973
v 0.650525 0.351934 1.062967
v 0.634724 0.373405 1.068548
v 0.638637 0.338144 1.091052
v 0.623271 0.359349 1.096378
v 0.622941 0.323007 1.115736
v 0.608927 0.344310 1.121809
v 0.609955 0.309083 1.141935
v 0.594015 0.328932 1.145996
v 0.593794 0.293129 1.164174
v 0.578501 0.312834 1.168453
v 0.562636 0.332049 1.173079
v 0.563003 0.296565 1.189957
v 0.547357 0.315305 1.194151
v 0.531672 0.333814 1.199321
v 0.530787 0.297786 1.212817
v 0.515270 0.315564 1.217354
v 0.499650 0.333025 1.222862
v 0.498101 0.296641 1.233616
v 0.482571 0.313041 1.238061
v 0.478322 0.276499 1.244577
v 0.512307 0.279395 1.228119
v 0.492523 0.260462 1.240963
v 0.470825 0.241020 1.249905
v 0.505360 0.243670 1.236471
v 0.481512 0.225517 1.242713
v 0.457607 0.207187 1.249041
v 0.491966 0.209132 1.238556
v 0.467440 0.191847 1.246553
v 0.441393 0.174764 1.248922
v 0.475709 0.176080 1.242924
v 0.448709 0.160274 1.245512
v 0.421409 0.144272 1.246336
v 0.454599 0.145575 1.241080
v 0.426455 0.130959 1.241651
v 0.398301 0.116641 1.240323
v 0.430545 0.117429 1.237196
v 0.401620 0.105043 1.234382
v 0.373088 0.092756 1.231551
v 0.404200 0.092568 1.230485
v 0.375191 0.081998 1.226847
v 0.346823 0.072964 1.220470
v 0.376272 0.070402 1.224567
v 0.347630 0.062814 1.217692
v 0.319744 0.056015 1.210358
v 0.347645 0.052532 1.215081
v 0.319773 0.047188 1.207894
v 0.292513 0.041538 1.201558
v 0.319002 0.038156 1.206136
v 0.291639 0.033951 1.202245
v 0.267237 0.028961 1.190196
v 0.291349 0.026329 1.199312
v 0.267433 0.022485 1.190969
v 0.246654 0.014309 1.178240
v 0.267943 0.015457 1.189890
v 0.247012 0.010885 1.184412
v 0.227307 0.010143 1.191616
v 0.247156 0.004908 1.187475
v 0.228549 0.003987 1.194750
v 0.208650 0.000042 1.200157
v 0.229066 -0.003838 1.196899
v 0.210920 -0.007326 1.202375
v 0.194363 -0.013372 1.209057
v 0.213884 -0.016363 1.205011
v 0.199332 -0.022096 1.211976
v 0.217957 -0.026728 1.208726
v 0.205782 -0.032369 1.215953
v 0.224331 -0.038288 1.214612
v 0.214754 -0.043905 1.221965
v 0.206266 -0.050809 1.228988
v 0.231461 -0.055842 1.230357
v 0.225827 -0.063506 1.238331
v 0.219451 -0.072399 1.244820
v 0.248846 -0.077503 1.245175
v 0.243747 -0.087196 1.253507
v 0.237457 -0.097176 1.258416
v 0.272500 -0.103441 1.255325
v 0.266045 -0.113725 1.261509
v 0.258895 -0.123104 1.266455
v 0.230263 -0.107043 1.261535
v 0.251041 -0.132272 1.271186
v 0.222650 -0.116468 1.265133
v 0.242224 -0.141125 1.276407
v 0.214267 -0.126039 1.268785
v 0.232025 -0.150468 1.280513
v 0.204712 -0.135428 1.272868
v 0.220692 -0.159383 1.285343
v 0.193788 -0.144647 1.277264
v 0.207786 -0.168159 1.290390
v 0.181746 -0.153203 1.283031
v 0.194469 -0.174656 1.299485
v 0.169409 -0.159642 1.292677
v 0.145451 -0.143217 1.285605
v 0.155694 -0.165910 1.302428
v 0.132910 -0.150337 1.294987
v 0.141215 -0.173064 1.311491
v 0.117961 -0.158915 1.302543
v 0.124869 -0.181832 1.318651
v 0.101423 -0.168349 1.309117
v 0.082741 -0.153353 1.302032
v 0.085805 -0.176207 1.319971
v 0.067498 -0.163651 1.310431
v 0.053383 -0.150740 1.303492
v 0.051437 -0.174202 1.318655
v 0.037967 -0.161420 1.311732
v 0.027552 -0.150539 1.305298
v 0.021764 -0.172041 1.320356
v 0.011604 -0.162064 1.312221
v 0.004247 -0.150217 1.310863
v 0.020004 -0.139516 1.302850
v -0.002356 -0.139547 1.308725
v -0.012790 -0.162207 1.317312
v -0.019392 -0.151139 1.315594
v -0.030643 -0.174931 1.324244
v -0.037194 -0.163733 1.323000
v -0.049177 -0.188300 1.331234
v -0.055837 -0.176863 1.330230
v -0.068409 -0.202351 1.338102
v -0.075062 -0.190419 1.337797
v -0.088670 -0.216985 1.343158
v -0.095492 -0.204196 1.344450
v -0.109931 -0.231813 1.346604
v -0.117824 -0.217721 1.346201
v -0.132122 -0.246565 1.348541
v -0.140846 -0.231344 1.346189
v -0.155158 -0.261553 1.349614
v -0.163874 -0.245485 1.348971
v -0.178750 -0.276367 1.343421
v -0.187943 -0.259474 1.344509
v -0.203521 -0.291212 1.339717
v -0.213120 -0.274139 1.341908
v -0.228817 -0.306120 1.333830
v -0.238589 -0.288274 1.333958
v -0.254652 -0.320921 1.325729
v -0.264871 -0.302767 1.326920
v -0.281179 -0.335473 1.316538
v -0.291224 -0.316411 1.316627
v -0.307462 -0.349484 1.305303
v -0.317758 -0.329574 1.305521
v -0.332688 -0.362321 1.291501
v -0.342941 -0.341155 1.291241
v -0.357583 -0.374237 1.277616
v -0.320486 -0.382460 1.291581
v -0.344755 -0.394974 1.276165
v -0.368970 -0.406269 1.260616
v -0.330332 -0.414530 1.274750
v -0.353903 -0.426465 1.257827
v -0.377065 -0.437144 1.240321
v -0.391915 -0.415740 1.242924
v -0.399662 -0.445889 1.221340
v -0.414229 -0.423480 1.224129
v -0.420759 -0.451670 1.200033
v -0.435916 -0.429142 1.204058
v -0.441601 -0.455765 1.178389
v -0.456492 -0.432500 1.182292
v -0.462924 -0.459130 1.157020
v -0.477044 -0.434792 1.160190
v -0.483434 -0.461236 1.134637
v -0.445896 -0.481405 1.151799
v -0.466900 -0.484508 1.130072
v -0.487041 -0.486349 1.107280
v -0.448210 -0.506265 1.124442
v -0.467982 -0.508367 1.101650
v -0.487607 -0.510181 1.078631
v -0.446590 -0.528736 1.095457
v -0.466085 -0.531092 1.072695
v -0.484787 -0.532463 1.049112
v -0.443247 -0.551480 1.067324
v -0.461555 -0.552566 1.043431
v -0.480482 -0.554217 1.019621
v -0.438768 -0.573340 1.038659
v -0.456781 -0.573627 1.013980
v -0.474962 -0.573904 0.989008
v -0.435210 -0.594938 1.009288
v -0.453507 -0.595127 0.984298
v -0.470649 -0.593821 0.958089
v -0.432546 -0.615964 0.978641
v -0.449831 -0.614583 0.952602
v -0.466548 -0.612710 0.925896
v -0.428983 -0.634618 0.945699
v -0.445721 -0.632648 0.919312
v -0.462487 -0.631121 0.892678
v -0.483518 -0.611440 0.898915
v -0.478113 -0.628502 0.865093
v -0.499173 -0.608942 0.870782
v -0.492239 -0.624137 0.836455
v -0.513553 -0.605073 0.841591
v -0.505720 -0.619095 0.807007
v -0.527428 -0.600461 0.811657
v -0.518909 -0.613813 0.777169
v -0.540424 -0.594328 0.781120
v -0.530587 -0.607522 0.747131
v -0.552466 -0.587564 0.750372
v 0.706841 0.391427 0.755393
v 0.693544 0.424290 0.751364
v 0.712582 0.386777 0.786058
v 0.697601 0.418270 0.783895
v 0.712715 0.379272 0.816699
v 0.699287 0.410626 0.815865
v 0.714578 0.372425 0.847260
v 0.702003 0.403594 0.847601
v 0.713398 0.364541 0.877399
v 0.700886 0.394903 0.878758
v 0.712844 0.356898 0.907570
v 0.697808 0.385381 0.909321
v 0.710576 0.348732 0.937567
v 0.698309 0.377787 0.940406
v 0.702301 0.338887 0.966023
v 0.690427 0.366598 0.969429
v 0.693088 0.327973 0.994307
v 0.681404 0.354208 0.998320
v 0.684076 0.316428 1.023309
v 0.672391 0.341344 1.027734
v 0.675308 0.304841 1.052715
v 0.662870 0.328623 1.057150
v 0.663887 0.292416 1.080811
v 0.653049 0.316225 1.086463
v 0.650837 0.279427 1.107365
v 0.638275 0.302070 1.112105
v 0.635841 0.265440 1.131733
v 0.623455 0.287655 1.136763
v 0.619109 0.250647 1.153768
v 0.608382 0.272739 1.160311
v 0.600634 0.235392 1.173654
v 0.590325 0.256625 1.180135
v 0.578106 0.277282 1.186091
v 0.571639 0.240677 1.198958
v 0.558936 0.260310 1.203191
v 0.545527 0.279434 1.208277
v 0.539103 0.243466 1.219383
v 0.526377 0.261798 1.223953
v 0.516620 0.226220 1.231338
v 0.549749 0.224503 1.213727
v 0.526319 0.208298 1.226064
v 0.501241 0.192253 1.235052
v 0.534782 0.189930 1.221385
v 0.508891 0.175018 1.230757
v 0.482669 0.159915 1.239095
v 0.515166 0.157528 1.226234
v 0.487351 0.144280 1.232024
v 0.458960 0.131180 1.234824
v 0.491141 0.128377 1.226156
v 0.462733 0.116037 1.231083
v 0.433610 0.103875 1.232663
v 0.465500 0.100805 1.227769
v 0.435697 0.090130 1.228595
v 0.405795 0.079829 1.227456
v 0.436844 0.075996 1.225824
v 0.406522 0.066627 1.226599
v 0.376541 0.058778 1.222389
v 0.406345 0.053922 1.223020
v 0.376124 0.047323 1.219168
v 0.347068 0.042300 1.212024
v 0.374833 0.035689 1.216984
v 0.345622 0.031839 1.209762
v 0.317279 0.028886 1.205506
v 0.343264 0.021272 1.208507
v 0.315292 0.019652 1.203677
v 0.290189 0.018120 1.197917
v 0.312908 0.010072 1.202831
v 0.289023 0.009257 1.195229
v 0.268052 0.007689 1.186573
v 0.286815 -0.000176 1.192070
v 0.266223 -0.001115 1.184474
v 0.246670 -0.002513 1.190760
v 0.262544 -0.011320 1.183358
v 0.244857 -0.011732 1.192073
v 0.229438 -0.013090 1.198681
v 0.243463 -0.022206 1.195009
v 0.230751 -0.023803 1.201982
v 0.244793 -0.032864 1.199924
v 0.234602 -0.035012 1.207478
v 0.252467 -0.042411 1.205835
v 0.243525 -0.045619 1.214152
v 0.235636 -0.049785 1.222118
v 0.263039 -0.058122 1.215564
v 0.256403 -0.062962 1.225140
v 0.253604 -0.068861 1.236007
v 0.278453 -0.093186 1.247491
v 0.311495 -0.107253 1.247392
v 0.304458 -0.117778 1.255300
v 0.296805 -0.128049 1.261600
v 0.346747 -0.119386 1.249521
v 0.337491 -0.130459 1.253939
v 0.327991 -0.140842 1.260156
v 0.318198 -0.151196 1.266094
v 0.288436 -0.137840 1.266737
v 0.371117 -0.141977 1.256230
v 0.360875 -0.153015 1.262013
v 0.349810 -0.164689 1.265488
v 0.338367 -0.174734 1.272990
v 0.309140 -0.160246 1.275918
v 0.392009 -0.166187 1.259890
v 0.380293 -0.178199 1.264554
v 0.368581 -0.188467 1.273710
v 0.355430 -0.199942 1.279324
v 0.325976 -0.185260 1.279411
v 0.409642 -0.191523 1.263094
v 0.396686 -0.203627 1.269616
v 0.383246 -0.215340 1.276610
v 0.368905 -0.226811 1.283370
v 0.341504 -0.211110 1.284443
v 0.423853 -0.218471 1.264033
v 0.409945 -0.230829 1.271896
v 0.395317 -0.242779 1.280082
v 0.379546 -0.254382 1.287552
v 0.353634 -0.237640 1.290404
v 0.435924 -0.246267 1.265415
v 0.420447 -0.259143 1.273172
v 0.403759 -0.271493 1.280293
v 0.386292 -0.282949 1.288777
v 0.362120 -0.265340 1.294021
v 0.444131 -0.275448 1.263521
v 0.427180 -0.288540 1.271836
v 0.408866 -0.300893 1.279740
v 0.389776 -0.312370 1.288880
v 0.367813 -0.293869 1.297193
v 0.449186 -0.305455 1.260853
v 0.430434 -0.318543 1.269569
v 0.410764 -0.330718 1.279004
v 0.390990 -0.342048 1.290401
v 0.369710 -0.323205 1.297726
v 0.449929 -0.335939 1.256427
v 0.430043 -0.348819 1.266795
v 0.409298 -0.360832 1.277818
v 0.387992 -0.372047 1.290047
v 0.369272 -0.352687 1.299905
v 0.447636 -0.366698 1.252534
v 0.425825 -0.379131 1.263340
v 0.404548 -0.391081 1.277033
v 0.381408 -0.401997 1.289646
v 0.365095 -0.382369 1.301187
v 0.441250 -0.397334 1.248004
v 0.418324 -0.409432 1.260481
v 0.395445 -0.421099 1.274784
v 0.369533 -0.430712 1.286493
v 0.356407 -0.411557 1.300655
v 0.430815 -0.427620 1.243692
v 0.406724 -0.439252 1.257706
v 0.381974 -0.450071 1.272852
v 0.354873 -0.459103 1.286124
v 0.343884 -0.440138 1.300144
v 0.417144 -0.457633 1.240746
v 0.391938 -0.468765 1.256677
v 0.364301 -0.477768 1.270842
v 0.335539 -0.485355 1.283415
v 0.326665 -0.466929 1.297946
v 0.398909 -0.486250 1.237960
v 0.371361 -0.495614 1.253429
v 0.342702 -0.503395 1.267378
v 0.313879 -0.510165 1.279737
v 0.306327 -0.491765 1.294178
v 0.376657 -0.513110 1.234954
v 0.348015 -0.520870 1.249672
v 0.318641 -0.526365 1.261427
v 0.290337 -0.531649 1.271903
v 0.284594 -0.514501 1.288232
v 0.350613 -0.536530 1.229414
v 0.322033 -0.542619 1.242453
v 0.293957 -0.547390 1.253059
v 0.267318 -0.552151 1.262689
v 0.262888 -0.535758 1.280216
v 0.324721 -0.560166 1.223828
v 0.296602 -0.564075 1.234089
v 0.270086 -0.568300 1.243687
v 0.244856 -0.572141 1.252430
v 0.241786 -0.556255 1.271144
v 0.297747 -0.580694 1.214079
v 0.270936 -0.583627 1.222911
v 0.246271 -0.588268 1.232562
v 0.222126 -0.591326 1.241058
v 0.220831 -0.575885 1.261209
v 0.270853 -0.599879 1.201936
v 0.245998 -0.604246 1.211466
v 0.222018 -0.608013 1.220566
v 0.199088 -0.611468 1.229995
v 0.199336 -0.594677 1.250637
v 0.244724 -0.620780 1.190029
v 0.220371 -0.624595 1.199190
v 0.196671 -0.627569 1.208174
v 0.173811 -0.629656 1.217182
v 0.176689 -0.613059 1.239220
v 0.217269 -0.639953 1.176517
v 0.193550 -0.644316 1.186445
v 0.169973 -0.646777 1.195550
v 0.146754 -0.646880 1.203757
v 0.151751 -0.629947 1.226141
v 0.189059 -0.658962 1.162956
v 0.165268 -0.662712 1.172792
v 0.141237 -0.662844 1.180910
v 0.118402 -0.663408 1.190008
v 0.124942 -0.646724 1.212970
v 0.159236 -0.675516 1.147862
v 0.135434 -0.678842 1.157653
v 0.111391 -0.678428 1.165979
v 0.088526 -0.678436 1.175560
v 0.096466 -0.661881 1.199198
v 0.128420 -0.691414 1.132116
v 0.104074 -0.692410 1.141063
v 0.080256 -0.692529 1.150332
v 0.057151 -0.690908 1.160152
v 0.066529 -0.675816 1.185278
v 0.096086 -0.705405 1.115230
v 0.071728 -0.706041 1.124648
v 0.047690 -0.704323 1.134230
v 0.024577 -0.702159 1.145715
v 0.035194 -0.688477 1.171802
v 0.062428 -0.718278 1.098030
v 0.037779 -0.717457 1.108139
v 0.013727 -0.714983 1.119599
v -0.009549 -0.710584 1.132409
v 0.002329 -0.697127 1.158252
v 0.027207 -0.728839 1.081356
v 0.002423 -0.726540 1.092960
v -0.021610 -0.721813 1.105691
v -0.044824 -0.715777 1.119869
v -0.031832 -0.704003 1.146259
v -0.009125 -0.735633 1.065315
v -0.033830 -0.731655 1.078424
v -0.057665 -0.724908 1.092473
v -0.045965 -0.739305 1.050455
v -0.070458 -0.732659 1.064718
v -0.094155 -0.725381 1.080284
v -0.080526 -0.716049 1.107286
v -0.066911 -0.706095 1.134150
v -0.053214 -0.695058 1.160692
v -0.101939 -0.703386 1.121656
v -0.087798 -0.694026 1.148618
v -0.073400 -0.682965 1.174775
v -0.058402 -0.668284 1.198934
v -0.039253 -0.680854 1.185716
v -0.107774 -0.680940 1.163064
v -0.092559 -0.669286 1.188629
v -0.076528 -0.654434 1.212100
v -0.060145 -0.639159 1.235576
v -0.043111 -0.652652 1.222821
v -0.110760 -0.654785 1.201691
v -0.093992 -0.640743 1.225379
v -0.076576 -0.625350 1.248029
v -0.058268 -0.608318 1.269381
v -0.043049 -0.622244 1.257919
v -0.110731 -0.626069 1.237146
v -0.092023 -0.609492 1.257944
v -0.072942 -0.593291 1.279282
v -0.052378 -0.574041 1.297166
v -0.038666 -0.587958 1.287148
v -0.107300 -0.594160 1.267463
v -0.087062 -0.577382 1.287202
v -0.065712 -0.558820 1.304678
v -0.043778 -0.540066 1.322172
v -0.031118 -0.554697 1.314828
v -0.101098 -0.561382 1.293940
v -0.079035 -0.543222 1.310704
v -0.056107 -0.524081 1.326050
v -0.032755 -0.504809 1.340903
v -0.020726 -0.520483 1.337836
v -0.092446 -0.527182 1.314590
v -0.069086 -0.508460 1.328880
v -0.045654 -0.489642 1.343211
v -0.021468 -0.470416 1.355724
v -0.008361 -0.484867 1.352816
v -0.082908 -0.493068 1.330328
v -0.059524 -0.474745 1.344164
v -0.035652 -0.456172 1.357206
v -0.010554 -0.436898 1.366565
v 0.003737 -0.450887 1.365268
v -0.074439 -0.460134 1.344247
v -0.050580 -0.441837 1.356740
v -0.025931 -0.423111 1.367007
v -0.000444 -0.404121 1.372713
v 0.015392 -0.417685 1.372023
v -0.066308 -0.427585 1.355349
v -0.042129 -0.409253 1.365858
v -0.017352 -0.390570 1.372177
v 0.007419 -0.372420 1.376346
v 0.025234 -0.385958 1.377120
v -0.059191 -0.395500 1.364098
v -0.035312 -0.377095 1.371689
v -0.011416 -0.358867 1.375036
v 0.011862 -0.341443 1.376930
v 0.031911 -0.355178 1.378199
v -0.053512 -0.363500 1.368686
v -0.030551 -0.345271 1.372462
v -0.008239 -0.327613 1.374389
v 0.013432 -0.310686 1.376693
v 0.034501 -0.325002 1.376200
v -0.049670 -0.331651 1.371625
v -0.027879 -0.313749 1.371668
v -0.006914 -0.296451 1.372897
v 0.013832 -0.280426 1.370399
v 0.034828 -0.294852 1.374296
v -0.046521 -0.299765 1.369185
v -0.026076 -0.282044 1.369729
v -0.005782 -0.265856 1.365892
v 0.013991 -0.250298 1.362659
v 0.034289 -0.264960 1.368111
v -0.043189 -0.268125 1.364233
v -0.023435 -0.251653 1.360297
v -0.004202 -0.236129 1.355788
v 0.014653 -0.222332 1.349284
v 0.033493 -0.236992 1.355524
v -0.038195 -0.238859 1.352384
v -0.019548 -0.222420 1.349454
v -0.000974 -0.209197 1.341266
v 0.017068 -0.196615 1.334008
v 0.033151 -0.209143 1.343524
v -0.031540 -0.210742 1.341473
v -0.013213 -0.196974 1.334242
v 0.004644 -0.183000 1.329250
v 0.034641 -0.185366 1.326213
v -0.022766 -0.185845 1.328195
v -0.004862 -0.171821 1.323549
v -0.041172 -0.199079 1.336028
v -0.050224 -0.226216 1.346615
v -0.060145 -0.213875 1.342178
v -0.069678 -0.242351 1.350607
v -0.079990 -0.229528 1.346254
v -0.089888 -0.259102 1.352640
v -0.100643 -0.245491 1.349074
v -0.111172 -0.275920 1.353063
v -0.122261 -0.261537 1.349281
v -0.133268 -0.292604 1.350934
v -0.144751 -0.277345 1.347213
v -0.156499 -0.308721 1.348424
v -0.168353 -0.292839 1.345068
v -0.180526 -0.324622 1.343957
v -0.192737 -0.308174 1.340856
v -0.205498 -0.340545 1.338585
v -0.218037 -0.323679 1.336473
v -0.230355 -0.355974 1.328262
v -0.243504 -0.338948 1.327709
v -0.255993 -0.371358 1.317625
v -0.269481 -0.353850 1.317130
v -0.281401 -0.386465 1.305254
v -0.295331 -0.368490 1.305302
v -0.306225 -0.401102 1.290883
v -0.266252 -0.403898 1.306184
v -0.290380 -0.418695 1.290471
v -0.314232 -0.432815 1.273637
v -0.272897 -0.435081 1.289530
v -0.296528 -0.449699 1.272342
v -0.319418 -0.462779 1.253073
v -0.337626 -0.445636 1.255851
v -0.342573 -0.475317 1.234173
v -0.360528 -0.456936 1.237090
v -0.364726 -0.485108 1.213216
v -0.382769 -0.466075 1.216946
v -0.386237 -0.492930 1.191363
v -0.404373 -0.473192 1.195836
v -0.406960 -0.498553 1.168777
v -0.425591 -0.478406 1.174320
v -0.427597 -0.502822 1.146481
v -0.387770 -0.518389 1.164758
v -0.408148 -0.523562 1.141965
v -0.428053 -0.527211 1.119150
v -0.387992 -0.543968 1.138592
v -0.406693 -0.547626 1.114767
v -0.425049 -0.550079 1.091103
v -0.385729 -0.568637 1.111569
v -0.403303 -0.571297 1.087281
v -0.421327 -0.573182 1.063365
v -0.382141 -0.592295 1.083281
v -0.399914 -0.594547 1.059008
v -0.417142 -0.594642 1.034021
v -0.378208 -0.614015 1.052876
v -0.396345 -0.615665 1.028501
v -0.414510 -0.616183 1.003804
v -0.374208 -0.633539 1.020389
v -0.391904 -0.633542 0.995356
v -0.410729 -0.634641 0.970879
v -0.370006 -0.650712 0.985852
v -0.388109 -0.650927 0.961006
v -0.406313 -0.651224 0.936155
v -0.365359 -0.665919 0.949528
v -0.383144 -0.666023 0.924722
v -0.400169 -0.665075 0.899606
v -0.423684 -0.650392 0.910659
v -0.416776 -0.664124 0.874368
v -0.440488 -0.649086 0.884633
v -0.432637 -0.662610 0.848705
v -0.456782 -0.647535 0.858052
v -0.446671 -0.658285 0.822220
v -0.470465 -0.642453 0.830119
v -0.460126 -0.653717 0.795142
v -0.483864 -0.637491 0.801680
v -0.472071 -0.647913 0.767348
v -0.495807 -0.631308 0.772654
v 0.735021 0.320537 0.765467
v 0.722087 0.356817 0.760865
v 0.736160 0.316031 0.793398
v 0.724277 0.351731 0.789946
v 0.734957 0.310290 0.821360
v 0.724566 0.345469 0.819138
v 0.735970 0.305035 0.849600
v 0.726468 0.339570 0.848445
v 0.735157 0.299154 0.877905
v 0.725827 0.332792 0.877680
v 0.730532 0.292234 0.905824
v 0.723031 0.325234 0.906680
v 0.727039 0.285681 0.934236
v 0.719239 0.317545 0.935592
v 0.719955 0.278489 0.962006
v 0.712114 0.309274 0.963746
v 0.713631 0.271268 0.990267
v 0.702729 0.299926 0.991331
v 0.703913 0.262400 1.017536
v 0.693276 0.289761 1.019444
v 0.693294 0.252379 1.044475
v 0.685235 0.279394 1.048497
v 0.683772 0.242069 1.071979
v 0.672711 0.267420 1.075212
v 0.668306 0.230024 1.095706
v 0.659569 0.255067 1.100968
v 0.652183 0.217436 1.118547
v 0.644083 0.241699 1.124483
v 0.635204 0.204460 1.140621
v 0.628123 0.227852 1.147147
v 0.616701 0.191596 1.161750
v 0.610258 0.213768 1.168299
v 0.594116 0.178863 1.178991
v 0.589187 0.199612 1.186560
v 0.580579 0.220241 1.191791
v 0.565632 0.185577 1.201855
v 0.559280 0.205113 1.208982
v 0.540779 0.171570 1.214753
v 0.571147 0.165903 1.195929
v 0.545452 0.153150 1.208498
v 0.519102 0.140501 1.219480
v 0.549486 0.134425 1.203670
v 0.522874 0.122941 1.215317
v 0.494302 0.111997 1.221854
v 0.525683 0.105152 1.212126
v 0.496969 0.095192 1.220628
v 0.467164 0.085416 1.224997
v 0.498213 0.078542 1.218282
v 0.467850 0.070049 1.222456
v 0.437124 0.061742 1.223857
v 0.467682 0.054591 1.221357
v 0.436439 0.047463 1.222905
v 0.405281 0.041057 1.220536
v 0.434779 0.033375 1.221918
v 0.403266 0.028135 1.220124
v 0.372665 0.024072 1.215232
v 0.400472 0.015705 1.218466
v 0.369636 0.012868 1.214067
v 0.340507 0.011014 1.206942
v 0.365406 0.001629 1.214717
v 0.336350 0.000589 1.206946
v 0.309405 0.000316 1.201320
v 0.331051 -0.009663 1.207634
v 0.304391 -0.009534 1.201106
v 0.281510 -0.009638 1.193942
v 0.298962 -0.019411 1.199289
v 0.277541 -0.019888 1.190102
v 0.258330 -0.021605 1.187620
v 0.325333 -0.019805 1.206637
v 0.318936 -0.029690 1.206182
v 0.348358 -0.030820 1.213514
v 0.341103 -0.040562 1.214300
v 0.311417 -0.038545 1.208076
v 0.354797 -0.020443 1.213811
v 0.386357 -0.021001 1.218079
v 0.380094 -0.032575 1.217889
v 0.360548 -0.009606 1.214007
v 0.391910 -0.009014 1.218108
v 0.424097 -0.007661 1.221707
v 0.418766 -0.020855 1.221958
v 0.396680 0.003279 1.217907
v 0.428636 0.005803 1.222051
v 0.461180 0.008954 1.220736
v 0.456805 -0.005818 1.219810
v 0.432183 0.019454 1.221894
v 0.464273 0.024038 1.220354
v 0.495687 0.028800 1.214790
v 0.493161 0.012412 1.216026
v 0.466447 0.039277 1.220329
v 0.497242 0.045377 1.214031
v 0.527487 0.051476 1.206432
v 0.526134 0.033689 1.206324
v 0.498313 0.061930 1.216121
v 0.528270 0.069271 1.208538
v 0.557064 0.077006 1.197627
v 0.557012 0.057849 1.196480
v 0.527498 0.087239 1.209907
v 0.555897 0.096216 1.199339
v 0.582358 0.105436 1.184951
v 0.583960 0.084986 1.183193
v 0.553326 0.115370 1.201204
v 0.579648 0.125795 1.187570
v 0.603410 0.136238 1.170046
v 0.607177 0.114687 1.168145
v 0.575442 0.146027 1.190524
v 0.599648 0.157632 1.174473
v 0.622535 0.169179 1.156749
v 0.627284 0.146567 1.152780
v 0.647749 0.157057 1.131918
v 0.651874 0.133030 1.128895
v 0.629796 0.123885 1.148624
v 0.642305 0.180908 1.135973
v 0.659588 0.192674 1.113664
v 0.666139 0.167487 1.109910
v 0.683278 0.177749 1.087446
v 0.688189 0.151043 1.083664
v 0.671277 0.142081 1.106951
v 0.675432 0.204010 1.090590
v 0.690873 0.214912 1.067182
v 0.697487 0.187309 1.063105
v 0.709038 0.196005 1.037431
v 0.715795 0.167379 1.034057
v 0.702858 0.159550 1.059281
v 0.702327 0.224670 1.041369
v 0.711476 0.233340 1.014554
v 0.720122 0.204098 1.011702
v 0.726697 0.210509 0.984308
v 0.737176 0.180752 0.982204
v 0.726935 0.174425 1.008187
v 0.719380 0.240842 0.987317
v 0.726937 0.247499 0.959994
v 0.737078 0.217145 0.958373
v 0.741699 0.221992 0.930625
v 0.751696 0.190515 0.928827
v 0.744277 0.185762 0.955315
v 0.732240 0.253335 0.932084
v 0.739312 0.259639 0.904928
v 0.748036 0.227192 0.903616
v 0.750281 0.231296 0.876052
v 0.763423 0.198915 0.875676
v 0.757684 0.194737 0.902164
v 0.743796 0.265406 0.877385
v 0.745144 0.270407 0.849678
v 0.755975 0.236439 0.849395
v 0.755667 0.239845 0.822270
v 0.765079 0.204472 0.822096
v 0.765349 0.202075 0.848744
v 0.746858 0.275460 0.822324
v 0.747044 0.279908 0.795083
v 0.758610 0.244004 0.795818
v 0.758301 0.247075 0.769404
v 0.768960 0.209974 0.770271
v 0.767047 0.207315 0.796013
v 0.748872 0.284542 0.768178
v -0.423429 -0.680442 0.751993
v -0.447525 -0.663496 0.760598
v -0.435781 -0.669510 0.786925
v -0.410366 -0.684067 0.776521
v -0.395975 -0.686593 0.800694
v -0.370348 -0.701011 0.787599
v -0.384214 -0.698002 0.764226
v -0.421537 -0.672489 0.812358
v -0.407702 -0.676855 0.837618
v -0.381701 -0.689527 0.824929
v -0.367002 -0.691341 0.849147
v -0.341594 -0.705152 0.834977
v -0.356072 -0.703478 0.811176
v -0.392302 -0.678140 0.862339
v -0.376701 -0.679840 0.887233
v -0.352116 -0.693153 0.873638
v -0.336688 -0.694978 0.898452
v -0.313402 -0.710586 0.884489
v -0.327757 -0.708110 0.859479
v -0.360153 -0.680762 0.912101
v -0.343097 -0.681254 0.937102
v -0.320363 -0.695533 0.923564
v -0.304667 -0.696471 0.949959
v -0.282887 -0.711415 0.936741
v -0.298091 -0.711369 0.910046
v -0.325969 -0.680957 0.962622
v -0.310460 -0.682517 0.990018
v -0.288750 -0.695566 0.977205
v -0.348370 -0.667172 0.975087
v -0.331032 -0.666575 1.000975
v -0.313839 -0.663726 1.027368
v -0.293388 -0.678825 1.017075
v -0.352150 -0.650060 1.010951
v -0.334965 -0.648317 1.036748
v -0.317505 -0.643265 1.062591
v -0.297169 -0.658904 1.054507
v -0.356209 -0.631368 1.045034
v -0.338800 -0.627739 1.070315
v -0.321539 -0.622259 1.096196
v -0.300816 -0.637612 1.089593
v -0.360476 -0.610979 1.077475
v -0.342724 -0.605966 1.102233
v -0.324744 -0.598812 1.127091
v -0.303806 -0.614368 1.121852
v -0.364034 -0.587840 1.107214
v -0.346079 -0.582055 1.131709
v -0.326984 -0.573556 1.155559
v -0.306294 -0.589808 1.151883
v -0.367437 -0.563907 1.135610
v -0.347525 -0.556019 1.158556
v -0.327724 -0.547501 1.182459
v -0.307131 -0.563370 1.179165
v -0.368005 -0.537755 1.161700
v -0.347964 -0.530422 1.185382
v -0.326459 -0.520422 1.207757
v -0.306571 -0.536532 1.205160
v -0.367673 -0.512352 1.188414
v -0.345910 -0.503281 1.210365
v -0.323176 -0.491751 1.230740
v -0.304196 -0.508486 1.229222
v -0.281805 -0.495333 1.250136
v -0.262542 -0.510356 1.248105
v -0.284817 -0.524174 1.227269
v -0.300737 -0.479344 1.251430
v -0.278062 -0.465826 1.271309
v -0.259179 -0.481222 1.270010
v -0.236419 -0.466520 1.288752
v -0.217850 -0.481412 1.287503
v -0.240444 -0.496373 1.268785
v -0.254860 -0.451094 1.289348
v -0.231334 -0.435675 1.305598
v -0.213345 -0.451153 1.305647
v -0.248996 -0.419857 1.305302
v -0.224873 -0.404401 1.319983
v -0.207407 -0.419775 1.319885
v -0.240953 -0.388059 1.318191
v -0.216118 -0.372567 1.330736
v -0.200231 -0.388476 1.332324
v -0.175652 -0.372349 1.342592
v -0.159609 -0.388014 1.345137
v -0.183478 -0.403992 1.333281
v -0.191091 -0.356588 1.340164
v -0.166805 -0.340522 1.348017
v -0.151868 -0.356111 1.351817
v -0.128319 -0.339231 1.357173
v -0.112635 -0.354068 1.362680
v -0.135645 -0.371251 1.353798
v -0.143220 -0.324120 1.353316
v -0.120624 -0.307135 1.357745
v -0.105674 -0.321804 1.360879
v -0.084057 -0.303926 1.363607
v -0.067788 -0.317769 1.369118
v -0.089729 -0.335997 1.366393
v -0.098403 -0.290111 1.357346
v -0.077609 -0.272401 1.358473
v -0.063274 -0.285917 1.364648
v -0.057616 -0.255079 1.356915
v -0.072037 -0.349980 1.368278
v -0.094964 -0.368136 1.362222
v -0.077140 -0.382017 1.363665
v -0.101047 -0.400153 1.355634
v -0.118753 -0.386088 1.355552
v -0.124947 -0.417636 1.345587
v -0.142552 -0.403128 1.345760
v -0.148747 -0.434373 1.333985
v -0.166190 -0.419227 1.333568
v -0.172057 -0.450342 1.320076
v -0.189611 -0.434914 1.319555
v -0.194872 -0.465779 1.304100
v -0.154215 -0.465009 1.318748
v -0.177103 -0.480843 1.303304
v -0.199889 -0.496568 1.286616
v -0.159921 -0.496014 1.302268
v -0.182311 -0.511485 1.284805
v -0.204587 -0.526825 1.266123
v -0.222005 -0.511266 1.267154
v -0.225744 -0.540883 1.244702
v -0.243942 -0.525686 1.246644
v -0.246877 -0.554931 1.223155
v -0.265583 -0.539515 1.225250
v -0.267255 -0.567533 1.199950
v -0.286907 -0.552414 1.202957
v -0.287220 -0.579434 1.176380
v -0.248195 -0.582721 1.196539
v -0.267434 -0.594663 1.172563
v -0.285862 -0.605092 1.147431
v -0.248461 -0.610166 1.168153
v -0.266214 -0.620447 1.142471
v -0.283711 -0.629899 1.116338
v -0.248239 -0.637481 1.137498
v -0.264596 -0.645778 1.110003
v -0.280990 -0.653113 1.082352
v -0.246481 -0.662660 1.102480
v -0.262268 -0.669644 1.074181
v -0.278017 -0.675464 1.045739
v -0.243407 -0.685736 1.064075
v -0.258512 -0.690950 1.034948
v -0.273608 -0.694371 1.005810
v -0.239224 -0.707002 1.023469
v -0.253674 -0.709802 0.993743
v -0.268092 -0.710991 0.964687
v -0.231975 -0.722609 0.980809
v -0.246239 -0.725027 0.951849
v -0.260856 -0.726748 0.923758
v -0.223028 -0.737253 0.938657
v -0.236733 -0.738221 0.910031
v -0.250478 -0.738105 0.882167
v -0.274634 -0.725324 0.896140
v -0.264141 -0.736992 0.855204
v -0.288973 -0.724237 0.869852
v -0.278035 -0.736441 0.829347
v -0.302583 -0.721668 0.844343
v -0.291361 -0.734227 0.804201
v -0.316880 -0.720612 0.819941
v -0.305198 -0.733066 0.780042
v -0.330318 -0.717484 0.795910
v -0.317385 -0.727695 0.756445
v -0.344522 -0.715664 0.772826
v -0.357762 -0.712137 0.750060
v 0.790312 0.134789 0.748934
v 0.777812 0.173230 0.746289
v 0.787587 0.134348 0.772895
v 0.776715 0.171983 0.771103
v 0.785264 0.133756 0.797200
v 0.778484 0.171375 0.796423
v 0.782684 0.132786 0.821907
v 0.774899 0.169121 0.821832
v 0.782245 0.132023 0.847246
v 0.775975 0.167776 0.848067
v 0.777036 0.129882 0.872499
v 0.769259 0.164282 0.873726
v 0.772135 0.127675 0.898384
v 0.765656 0.161437 0.900176
v 0.767469 0.125694 0.924896
v 0.761066 0.158452 0.926847
v 0.760495 0.123284 0.951492
v 0.753270 0.154670 0.953129
v 0.749870 0.119854 0.977416
v 0.744305 0.150282 0.979415
v 0.737516 0.115529 1.003019
v 0.732162 0.144769 1.004775
v 0.725531 0.110535 1.029250
v 0.720880 0.138786 1.030922
v 0.710468 0.104610 1.054160
v 0.707458 0.131975 1.056263
v 0.693792 0.098275 1.078359
v 0.691700 0.124509 1.080524
v 0.676293 0.091838 1.102452
v 0.673476 0.116817 1.103553
v 0.655414 0.085175 1.124218
v 0.653713 0.109036 1.125727
v 0.633047 0.078378 1.144764
v 0.632431 0.101060 1.146836
v 0.608906 0.071546 1.163570
v 0.608841 0.093066 1.165758
v 0.584075 0.064613 1.181624
v 0.609103 0.050157 1.163737
v 0.583155 0.044376 1.180754
v 0.555447 0.038879 1.195058
v 0.582198 0.024287 1.182126
v 0.553996 0.020048 1.196579
v 0.523848 0.016103 1.206846
v 0.551216 0.001442 1.197548
v 0.520645 -0.001280 1.207683
v 0.489384 -0.003747 1.216425
v 0.516612 -0.018398 1.209097
v 0.484707 -0.019540 1.216491
v 0.451820 -0.020313 1.220484
v 0.479206 -0.034950 1.218301
v 0.446001 -0.034442 1.220847
v 0.412730 -0.033645 1.221908
v 0.439460 -0.047988 1.222623
v 0.405885 -0.045784 1.223598
v 0.372962 -0.043408 1.219456
v 0.398541 -0.057555 1.224549
v 0.365295 -0.053668 1.221250
v 0.333406 -0.050341 1.214595
v 0.356819 -0.063674 1.223166
v 0.324507 -0.059992 1.216676
v 0.295186 -0.058678 1.209944
v 0.303758 -0.047658 1.208928
v 0.269310 -0.057175 1.204600
v 0.347301 -0.073200 1.226563
v 0.381801 -0.078977 1.231275
v 0.373022 -0.089239 1.234934
v 0.390513 -0.068252 1.228307
v 0.432338 -0.060852 1.225622
v 0.424563 -0.073346 1.228620
v 0.416333 -0.085266 1.232774
v 0.407747 -0.096960 1.236659
v 0.458197 -0.077898 1.226153
v 0.450313 -0.091172 1.231315
v 0.441894 -0.104437 1.235950
v 0.433021 -0.117552 1.240395
v 0.399118 -0.108498 1.240786
v 0.483364 -0.097053 1.225789
v 0.474884 -0.111917 1.230752
v 0.465816 -0.126055 1.236590
v 0.456127 -0.139561 1.242507
v 0.423474 -0.130272 1.244432
v 0.506226 -0.118873 1.221797
v 0.496861 -0.134274 1.228345
v 0.486975 -0.149145 1.235388
v 0.475994 -0.163744 1.241636
v 0.445508 -0.152990 1.247782
v 0.526026 -0.142253 1.217014
v 0.515112 -0.158751 1.223184
v 0.504746 -0.174326 1.232135
v 0.492730 -0.189650 1.239758
v 0.464085 -0.177970 1.247652
v 0.542355 -0.167778 1.210667
v 0.531036 -0.184867 1.218927
v 0.519102 -0.201399 1.227706
v 0.505796 -0.217421 1.235210
v 0.479455 -0.204618 1.246105
v 0.555251 -0.195146 1.203479
v 0.543291 -0.212925 1.212709
v 0.529728 -0.230046 1.220601
v 0.515687 -0.246536 1.229031
v 0.491090 -0.232829 1.241275
v 0.564432 -0.224020 1.194303
v 0.552429 -0.242409 1.204887
v 0.538016 -0.260024 1.213609
v 0.521724 -0.276705 1.220834
v 0.499748 -0.262291 1.235634
v 0.571982 -0.254281 1.185660
v 0.558608 -0.273117 1.196199
v 0.542865 -0.290965 1.205182
v 0.525723 -0.307913 1.213901
v 0.504960 -0.292635 1.228880
v 0.576426 -0.285641 1.175985
v 0.561577 -0.304676 1.186631
v 0.544019 -0.322565 1.196020
v 0.524785 -0.339310 1.205097
v 0.506574 -0.323612 1.221716
v 0.578567 -0.318202 1.166846
v 0.560582 -0.336992 1.176992
v 0.540061 -0.354273 1.185755
v 0.519962 -0.371109 1.196258
v 0.504725 -0.355087 1.214630
v 0.575817 -0.351372 1.157092
v 0.554919 -0.369408 1.166576
v 0.533802 -0.386753 1.176863
v 0.512755 -0.403476 1.188702
v 0.499587 -0.387111 1.207882
v 0.568035 -0.384068 1.145883
v 0.546295 -0.402043 1.156517
v 0.523667 -0.418927 1.167761
v 0.501243 -0.435364 1.181030
v 0.489697 -0.418480 1.200037
v 0.556627 -0.416568 1.134706
v 0.534121 -0.434608 1.147068
v 0.510347 -0.451301 1.160241
v 0.486591 -0.467568 1.175480
v 0.477090 -0.450136 1.194355
v 0.543254 -0.449979 1.125885
v 0.518623 -0.467345 1.139601
v 0.493058 -0.483521 1.154583
v 0.466062 -0.497909 1.169693
v 0.460049 -0.481231 1.189620
v 0.524683 -0.482447 1.117863
v 0.498300 -0.499217 1.133521
v 0.470604 -0.514244 1.149418
v 0.441334 -0.526726 1.164564
v 0.437959 -0.510448 1.184716
v 0.501813 -0.514356 1.112111
v 0.472394 -0.528889 1.127725
v 0.443736 -0.543000 1.144345
v 0.414011 -0.554429 1.160226
v 0.412721 -0.538662 1.180953
v 0.474596 -0.544952 1.107322
v 0.444270 -0.558044 1.123048
v 0.414503 -0.570061 1.139266
v 0.384470 -0.579799 1.155213
v 0.383444 -0.562865 1.175202
v 0.443274 -0.572113 1.101009
v 0.413570 -0.584717 1.117464
v 0.384029 -0.595509 1.133964
v 0.354177 -0.603449 1.148657
v 0.354679 -0.587454 1.169908
v 0.411662 -0.598938 1.095144
v 0.382143 -0.610096 1.111636
v 0.352121 -0.617840 1.126051
v 0.322413 -0.622828 1.137830
v 0.324391 -0.607954 1.160283
v 0.378789 -0.623746 1.088522
v 0.378789 -0.623746 1.088522
v 0.349024 -0.632066 1.103082
v 0.319522 -0.637589 1.114876
v 0.291732 -0.643257 1.125631
v 0.294278 -0.627353 1.148238
v 0.345062 -0.646403 1.079686
v 0.315688 -0.651941 1.091161
v 0.287587 -0.657018 1.101298
v 0.260681 -0.662032 1.110881
v 0.264703 -0.647341 1.134890
v 0.310126 -0.663909 1.065800
v 0.282480 -0.670141 1.076121
v 0.255647 -0.675870 1.085815
v 0.229349 -0.680711 1.095238
v 0.234432 -0.666091 1.119978
v 0.276570 -0.682788 1.050112
v 0.249501 -0.688320 1.059622
v 0.222914 -0.693193 1.069045
v 0.196504 -0.696118 1.078081
v 0.203222 -0.683607 1.104194
v 0.242464 -0.700360 1.032869
v 0.215800 -0.705968 1.042606
v 0.189112 -0.709084 1.051716
v 0.163062 -0.711917 1.060902
v 0.170896 -0.699471 1.087580
v 0.207390 -0.716705 1.015055
v 0.180766 -0.721009 1.024454
v 0.154181 -0.722427 1.033028
v 0.128470 -0.725186 1.042247
v 0.137498 -0.714173 1.070053
v 0.171266 -0.730201 0.995780
v 0.144801 -0.732660 1.004533
v 0.118756 -0.734607 1.013437
v 0.093054 -0.736329 1.022759
v 0.102933 -0.726545 1.051357
v 0.134577 -0.741282 0.974920
v 0.108498 -0.742930 0.983807
v 0.082787 -0.745372 0.993482
v 0.057070 -0.747065 1.003693
v 0.067650 -0.738624 1.032770
v 0.097564 -0.750987 0.953449
v 0.071802 -0.752878 0.963366
v 0.045898 -0.753519 0.973825
v 0.019974 -0.753907 0.984893
v 0.031195 -0.747177 1.014275
v 0.059850 -0.759019 0.932550
v 0.034149 -0.760680 0.943697
v 0.008211 -0.760475 0.955153
v -0.017867 -0.758792 0.967219
v -0.006082 -0.753075 0.996527
v 0.021501 -0.764908 0.912616
v -0.004268 -0.764799 0.924682
v -0.030244 -0.764088 0.937594
v -0.056394 -0.760498 0.951120
v -0.044056 -0.755438 0.980077
v -0.017244 -0.769062 0.893891
v -0.043116 -0.768548 0.907556
v -0.069181 -0.764867 0.921872
v -0.095345 -0.760521 0.936895
v -0.082655 -0.756665 0.965694
v -0.056255 -0.769615 0.877004
v -0.082259 -0.767858 0.892235
v -0.108296 -0.763410 0.907760
v -0.134385 -0.758892 0.923571
v -0.121482 -0.755885 0.952475
v -0.095326 -0.769203 0.862222
v -0.121320 -0.764869 0.878275
v -0.147511 -0.761682 0.894510
v -0.173076 -0.754118 0.909876
v -0.159922 -0.751572 0.938836
v -0.134320 -0.766829 0.848802
v -0.160444 -0.762205 0.865240
v -0.186366 -0.756044 0.881016
v -0.211986 -0.748490 0.895957
v -0.198332 -0.746247 0.924580
v -0.173213 -0.762015 0.836217
v -0.199489 -0.756378 0.852398
v -0.225131 -0.747760 0.867588
v -0.212213 -0.754840 0.824358
v -0.238664 -0.747868 0.840222
v -0.225204 -0.754868 0.797272
v -0.251870 -0.746871 0.813650
v -0.238027 -0.754017 0.771020
v -0.265208 -0.746087 0.788043
v -0.277840 -0.742908 0.763161
v 0.807978 0.053231 0.761268
v 0.799188 0.094617 0.754039
v 0.807570 0.055028 0.783472
v 0.798389 0.095655 0.777051
v 0.808334 0.057020 0.806363
v 0.796352 0.096052 0.800450
v 0.801952 0.057484 0.829082
v 0.791789 0.095627 0.824036
v 0.799858 0.059118 0.853116
v 0.790407 0.095978 0.848573
v 0.790787 0.059145 0.876373
v 0.784354 0.094958 0.872999
v 0.784963 0.060050 0.901473
v 0.777559 0.093723 0.898125
v 0.777736 0.060587 0.927117
v 0.771775 0.092877 0.924277
v 0.767170 0.060377 0.952431
v 0.765187 0.091852 0.950996
v 0.758671 0.059992 0.979315
v 0.755702 0.089980 0.977640
v 0.745863 0.057935 1.005126
v 0.742956 0.086780 1.003474
v 0.731493 0.054879 1.030583
v 0.728745 0.082585 1.028913
v 0.715259 0.050925 1.055500
v 0.712818 0.077623 1.053741
v 0.696984 0.046619 1.079410
v 0.695232 0.072304 1.077731
v 0.677250 0.042428 1.102538
v 0.676146 0.067025 1.100893
v 0.656439 0.038098 1.125240
v 0.655660 0.061516 1.123408
v 0.632981 0.033461 1.145560
v 0.632723 0.055840 1.143806
v 0.608963 0.028947 1.165568
v 0.632922 0.011312 1.148863
v 0.607983 0.007854 1.168181
v 0.580468 0.004430 1.184213
v 0.605719 -0.013131 1.170968
v 0.576840 -0.015179 1.185279
v 0.547372 -0.016933 1.198687
v 0.572136 -0.034465 1.186879
v 0.542689 -0.035007 1.200749
v 0.511350 -0.035226 1.210418
v 0.536823 -0.052646 1.202895
v 0.505211 -0.051513 1.212290
v 0.472728 -0.049851 1.219312
v 0.498415 -0.067136 1.215791
v 0.465688 -0.064133 1.222077
v 0.490861 -0.082501 1.219280
v 0.530480 -0.069822 1.206854
v 0.523295 -0.086554 1.211569
v 0.514757 -0.103050 1.215372
v 0.553787 -0.090198 1.199644
v 0.545568 -0.107984 1.205059
v 0.536200 -0.125345 1.210761
v 0.573625 -0.112996 1.190521
v 0.564420 -0.131723 1.197586
v 0.553558 -0.150051 1.203717
v 0.590394 -0.138128 1.181829
v 0.579749 -0.157783 1.189325
v 0.567779 -0.176774 1.196208
v 0.602300 -0.165455 1.170843
v 0.590320 -0.185662 1.178508
v 0.577854 -0.205179 1.186452
v 0.610919 -0.194495 1.159262
v 0.599771 -0.215312 1.169134
v 0.585284 -0.234946 1.176182
v 0.617755 -0.224968 1.147879
v 0.604349 -0.245807 1.156482
v 0.590399 -0.265962 1.165673
v 0.621741 -0.256497 1.135476
v 0.607025 -0.277393 1.144350
v 0.593739 -0.298204 1.155728
v 0.622854 -0.288877 1.122841
v 0.608458 -0.310417 1.133718
v 0.592610 -0.331185 1.144951
v 0.622213 -0.322331 1.111148
v 0.606729 -0.344208 1.123338
v 0.589288 -0.365249 1.135700
v 0.617765 -0.356180 1.099656
v 0.599994 -0.378013 1.112385
v 0.579544 -0.398275 1.124113
v 0.609459 -0.390361 1.088588
v 0.588354 -0.411169 1.100632
v 0.566013 -0.430892 1.112651
v 0.597230 -0.424461 1.077527
v 0.573858 -0.444658 1.089879
v 0.550451 -0.464607 1.103755
v 0.580896 -0.458194 1.066958
v 0.556158 -0.478592 1.081137
v 0.529956 -0.497594 1.096349
v 0.560362 -0.491981 1.058309
v 0.534003 -0.512431 1.074750
v 0.504950 -0.530033 1.091333
v 0.535856 -0.526405 1.052699
v 0.506030 -0.544882 1.069916
v 0.474693 -0.559738 1.085839
v 0.505071 -0.558756 1.047878
v 0.473016 -0.573474 1.063562
v 0.441945 -0.586838 1.079163
v 0.470231 -0.587081 1.041045
v 0.439362 -0.601084 1.056713
v 0.409173 -0.613666 1.072742
v 0.435196 -0.614475 1.033513
v 0.404343 -0.626360 1.049069
v 0.374228 -0.636957 1.064922
v 0.374228 -0.636957 1.064922
v 0.399225 -0.640316 1.025646
v 0.368906 -0.650477 1.041027
v 0.368906 -0.650477 1.041027
v 0.339190 -0.658303 1.054639
v 0.361911 -0.662319 1.015847
v 0.361911 -0.662319 1.015847
v 0.332896 -0.670781 1.029163
v 0.304378 -0.677225 1.040277
v 0.325119 -0.681655 1.002272
v 0.297148 -0.688422 1.013207
v 0.269494 -0.694187 1.023069
v 0.289266 -0.700487 0.985641
v 0.261665 -0.706123 0.995672
v 0.234359 -0.711597 1.005450
v 0.252236 -0.716914 0.967336
v 0.225062 -0.722175 0.977298
v 0.198285 -0.727702 0.987012
v 0.213933 -0.730815 0.947862
v 0.186963 -0.733588 0.957039
v 0.161045 -0.739687 0.966349
v 0.174767 -0.740064 0.926158
v 0.148990 -0.744644 0.935129
v 0.123329 -0.748578 0.944150
v 0.136312 -0.751615 0.903229
v 0.110830 -0.754628 0.912298
v 0.085342 -0.756693 0.921999
v 0.097433 -0.760469 0.879574
v 0.072195 -0.761809 0.889815
v 0.046998 -0.763839 0.900990
v 0.058446 -0.765612 0.856932
v 0.033476 -0.767367 0.868691
v 0.008377 -0.769874 0.881107
v 0.019906 -0.770308 0.835891
v -0.005164 -0.770988 0.848932
v -0.030534 -0.771800 0.862632
v -0.018326 -0.771225 0.816498
v -0.043674 -0.772938 0.831060
v -0.069433 -0.772676 0.846401
v -0.056281 -0.773073 0.799351
v -0.082025 -0.771210 0.815542
v -0.108136 -0.770010 0.832129
v -0.094277 -0.770809 0.784656
v -0.120402 -0.768407 0.801982
v -0.146869 -0.766570 0.819304
v -0.132460 -0.768474 0.772078
v -0.158948 -0.764618 0.790160
v -0.185818 -0.761679 0.807725
v -0.171220 -0.765196 0.761668
v -0.198139 -0.760285 0.779929
v -0.210481 -0.758541 0.753019
v 0.820682 -0.033034 0.751027
v 0.816640 0.009298 0.746071
v 0.819301 -0.030372 0.773424
v 0.817095 0.011551 0.767932
v 0.816371 -0.027465 0.796044
v 0.814676 0.013571 0.790127
v 0.812189 -0.024255 0.818919
v 0.812143 0.015839 0.812737
v 0.812768 -0.020583 0.842844
v 0.810517 0.018494 0.836035
v 0.807710 -0.016367 0.866791
v 0.804889 0.021026 0.859436
v 0.800188 -0.012088 0.890794
v 0.797300 0.023385 0.883079
v 0.790668 -0.008303 0.914827
v 0.789890 0.025865 0.907644
v 0.780641 -0.005161 0.939285
v 0.781261 0.027832 0.932675
v 0.772600 -0.002511 0.965038
v 0.772060 0.029306 0.958338
v 0.761677 -0.000884 0.990247
v 0.761021 0.029847 0.983959
v 0.747923 -0.000673 1.014818
v 0.747721 0.028870 1.009133
v 0.733316 -0.001324 1.039647
v 0.732979 0.026901 1.034157
v 0.715853 -0.002800 1.063405
v 0.716384 0.024186 1.058754
v 0.697312 -0.004593 1.087090
v 0.698040 0.021108 1.082809
v 0.675571 -0.006600 1.108452
v 0.677618 0.017995 1.105619
v 0.655754 -0.008514 1.132282
v 0.655817 0.014690 1.127528
v 0.630833 -0.010844 1.151456
v 0.652267 -0.031831 1.135368
v 0.627133 -0.032857 1.154054
v 0.600911 -0.033757 1.172132
v 0.623196 -0.054541 1.158939
v 0.595844 -0.054066 1.175369
v 0.566868 -0.053435 1.189950
v 0.589391 -0.074080 1.179299
v 0.560967 -0.072018 1.194578
v 0.581955 -0.093761 1.184468
v 0.616441 -0.076049 1.162780
v 0.609201 -0.097207 1.168907
v 0.599790 -0.117898 1.174199
v 0.632612 -0.100700 1.149360
v 0.623113 -0.122863 1.155407
v 0.613308 -0.144503 1.163082
v 0.645082 -0.127968 1.136232
v 0.634387 -0.150917 1.143436
v 0.623328 -0.173151 1.151550
v 0.654437 -0.157369 1.123613
v 0.643426 -0.180923 1.132106
v 0.630427 -0.203330 1.139428
v 0.662250 -0.188646 1.112104
v 0.649814 -0.212369 1.120070
v 0.635679 -0.234776 1.127153
v 0.665429 -0.220631 1.097896
v 0.652011 -0.244368 1.105638
v 0.637292 -0.266883 1.113406
v 0.666756 -0.253492 1.083314
v 0.651934 -0.277034 1.091024
v 0.637278 -0.299978 1.100412
v 0.666040 -0.287107 1.068643
v 0.650234 -0.310684 1.077184
v 0.635521 -0.334144 1.088445
v 0.662110 -0.321166 1.053675
v 0.646332 -0.345256 1.064402
v 0.628659 -0.368294 1.076175
v 0.655791 -0.355881 1.039807
v 0.637599 -0.379626 1.051629
v 0.618590 -0.402769 1.064733
v 0.644971 -0.390112 1.026347
v 0.625299 -0.413881 1.039612
v 0.603878 -0.436551 1.053221
v 0.631492 -0.424880 1.014479
v 0.609502 -0.448263 1.028703
v 0.585942 -0.470744 1.043284
v 0.614329 -0.460124 1.004283
v 0.589077 -0.482695 1.019312
v 0.563729 -0.505494 1.035813
v 0.591021 -0.495308 0.995738
v 0.564613 -0.518565 1.012930
v 0.535738 -0.539933 1.030512
v 0.562870 -0.531145 0.989765
v 0.533298 -0.552740 1.007916
v 0.502330 -0.571857 1.025384
v 0.529288 -0.565798 0.985201
v 0.498218 -0.584845 1.002543
v 0.466556 -0.600798 1.018290
v 0.492330 -0.597498 0.978996
v 0.460992 -0.613578 0.994708
v 0.429545 -0.627316 1.009805
v 0.453896 -0.626443 0.970700
v 0.422865 -0.640592 0.985895
v 0.392053 -0.652488 1.001070
v 0.414711 -0.653292 0.961300
v 0.383776 -0.664330 0.975861
v 0.353953 -0.673893 0.989828
v 0.353953 -0.673893 0.989828
v 0.374807 -0.676605 0.950009
v 0.345021 -0.685080 0.962831
v 0.345021 -0.685080 0.962831
v 0.316827 -0.693339 0.974733
v 0.334912 -0.695218 0.934673
v 0.334912 -0.695218 0.934673
v 0.307003 -0.703724 0.946090
v 0.279657 -0.711218 0.957017
v 0.295602 -0.712711 0.916667
v 0.268255 -0.720360 0.927543
v 0.241017 -0.726266 0.937981
v 0.255577 -0.728273 0.897518
v 0.227709 -0.730793 0.907254
v 0.200978 -0.735454 0.916961
v 0.215017 -0.740413 0.876588
v 0.187941 -0.743225 0.885579
v 0.161495 -0.745713 0.894239
v 0.174068 -0.747600 0.853100
v 0.147809 -0.751683 0.861488
v 0.122816 -0.758232 0.870321
v 0.134660 -0.759205 0.828103
v 0.108581 -0.760205 0.836418
v 0.083482 -0.764085 0.846066
v 0.095484 -0.765597 0.802510
v 0.069877 -0.767886 0.812302
v 0.044820 -0.769295 0.823571
v 0.056739 -0.768502 0.778203
v 0.031666 -0.771075 0.789687
v 0.006744 -0.771726 0.802656
v 0.018865 -0.770562 0.755457
v -0.005937 -0.771539 0.769065
v -0.030889 -0.772553 0.783819
v -0.043392 -0.771793 0.750900
v -0.068531 -0.771240 0.767557
v -0.106291 -0.770205 0.753740
v 0.811098 -0.113801 0.762089
v 0.817145 -0.074154 0.755857
v 0.809246 -0.109345 0.785466
v 0.816650 -0.070817 0.778752
v 0.808443 -0.104695 0.809314
v 0.814800 -0.066994 0.801970
v 0.807187 -0.099525 0.833596
v 0.812133 -0.062728 0.825622
v 0.804025 -0.093728 0.858139
v 0.809056 -0.058001 0.849765
v 0.798782 -0.087579 0.882626
v 0.805048 -0.052647 0.874304
v 0.792730 -0.081390 0.907142
v 0.796905 -0.047014 0.898247
v 0.785130 -0.075590 0.931546
v 0.789851 -0.042037 0.923037
v 0.774227 -0.070461 0.955077
v 0.778619 -0.037893 0.946776
v 0.764494 -0.066240 0.979607
v 0.767363 -0.034441 0.971008
v 0.756919 -0.063026 1.005727
v 0.759197 -0.031885 0.996961
v 0.742239 -0.060368 1.029025
v 0.745506 -0.030439 1.021124
v 0.727468 -0.058558 1.052829
v 0.731385 -0.029841 1.045798
v 0.709923 -0.057265 1.075546
v 0.713494 -0.029988 1.068843
v 0.691993 -0.056414 1.098870
v 0.695329 -0.030473 1.092415
v 0.670645 -0.055708 1.119781
v 0.674145 -0.031080 1.113875
v 0.648202 -0.055033 1.140269
v 0.642281 -0.078175 1.145815
v 0.664288 -0.080312 1.125322
v 0.655147 -0.104410 1.130178
v 0.686188 -0.082486 1.105532
v 0.676032 -0.108067 1.110266
v 0.666907 -0.133288 1.117894
v 0.703878 -0.084623 1.082708
v 0.695259 -0.111730 1.089606
v 0.684730 -0.138183 1.096360
v 0.675130 -0.164098 1.105178
v 0.712397 -0.115507 1.067777
v 0.701256 -0.143021 1.074588
v 0.690038 -0.169873 1.082264
v 0.677209 -0.195546 1.089448
v 0.715495 -0.147982 1.051840
v 0.704239 -0.175748 1.059623
v 0.692036 -0.202558 1.067322
v 0.679870 -0.228582 1.075405
v 0.716436 -0.181698 1.036181
v 0.704957 -0.209507 1.044308
v 0.691740 -0.236015 1.051630
v 0.679831 -0.262176 1.060190
v 0.715081 -0.216398 1.020090
v 0.703702 -0.244069 1.028308
v 0.690741 -0.270623 1.036141
v 0.678384 -0.296833 1.045334
v 0.712892 -0.252032 1.003721
v 0.700345 -0.279226 1.011638
v 0.687426 -0.305831 1.020347
v 0.674147 -0.332029 1.030422
v 0.708054 -0.287798 0.986253
v 0.695264 -0.314816 0.994850
v 0.680876 -0.340927 1.004306
v 0.664337 -0.366184 1.014808
v 0.702963 -0.324226 0.969061
v 0.687596 -0.350263 0.978171
v 0.671132 -0.375924 0.988898
v 0.651731 -0.400491 1.000879
v 0.692246 -0.359486 0.951097
v 0.675493 -0.385272 0.962029
v 0.657090 -0.410836 0.974944
v 0.636852 -0.435931 0.989255
v 0.678555 -0.395503 0.935034
v 0.660455 -0.421646 0.948632
v 0.638935 -0.446478 0.963336
v 0.616439 -0.471646 0.979479
v 0.660944 -0.432656 0.921857
v 0.639605 -0.458330 0.937741
v 0.615412 -0.482904 0.954380
v 0.590612 -0.507963 0.971986
v 0.637076 -0.470267 0.911831
v 0.614095 -0.496303 0.929871
v 0.586851 -0.520056 0.947829
v 0.559190 -0.544057 0.966657
v 0.608409 -0.508764 0.904806
v 0.582627 -0.534293 0.924218
v 0.554103 -0.558005 0.943551
v 0.523260 -0.578753 0.961887
v 0.575243 -0.547939 0.900157
v 0.546306 -0.571092 0.919766
v 0.515198 -0.590975 0.937847
v 0.484700 -0.609880 0.954842
v 0.537615 -0.584660 0.895517
v 0.506592 -0.603793 0.913470
v 0.476230 -0.622502 0.930367
v 0.445357 -0.638755 0.946092
v 0.497033 -0.616467 0.888536
v 0.466489 -0.634546 0.905382
v 0.435992 -0.651311 0.921104
v 0.405063 -0.664969 0.935846
v 0.455169 -0.645450 0.879815
v 0.424439 -0.661312 0.895115
v 0.394286 -0.675647 0.909437
v 0.364113 -0.686391 0.922634
v 0.412904 -0.671853 0.868585
v 0.382985 -0.685894 0.882140
v 0.352543 -0.695127 0.894259
v 0.323635 -0.704343 0.905684
v 0.323635 -0.704343 0.905684
v 0.370562 -0.693446 0.853764
v 0.341220 -0.704991 0.865486
v 0.312183 -0.714369 0.876490
v 0.312183 -0.714369 0.876490
v 0.283429 -0.721443 0.887016
v 0.328700 -0.712334 0.836031
v 0.299176 -0.720625 0.846564
v 0.299176 -0.720625 0.846564
v 0.270492 -0.728318 0.856847
v 0.242308 -0.734542 0.866858
v 0.285746 -0.725972 0.816168
v 0.285746 -0.725972 0.816168
v 0.257030 -0.733518 0.826015
v 0.229022 -0.740529 0.835670
v 0.201580 -0.746657 0.844812
v 0.243876 -0.739148 0.794620
v 0.215667 -0.745254 0.803749
v 0.187785 -0.749161 0.812148
v 0.160781 -0.753773 0.820111
v 0.202881 -0.748451 0.770841
v 0.174723 -0.750261 0.778699
v 0.148050 -0.757299 0.786251
v 0.121372 -0.760858 0.793966
v 0.135546 -0.759441 0.751945
v 0.108595 -0.762433 0.759716
v 0.082367 -0.765773 0.768336
v 0.788134 -0.190661 0.751000
v 0.788664 -0.185783 0.775626
v 0.799798 -0.150666 0.769195
v 0.790904 -0.181320 0.800547
v 0.801370 -0.146324 0.793421
v 0.790375 -0.175701 0.825606
v 0.800392 -0.140916 0.817851
v 0.788796 -0.169577 0.850665
v 0.797729 -0.134811 0.842284
v 0.786942 -0.163124 0.875845
v 0.794466 -0.128429 0.866864
v 0.781959 -0.155809 0.900492
v 0.791798 -0.122127 0.891828
v 0.776170 -0.148392 0.924969
v 0.783688 -0.114944 0.915555
v 0.769699 -0.141432 0.949470
v 0.777533 -0.108720 0.940239
v 0.760189 -0.134792 0.973200
v 0.768516 -0.102871 0.964340
v 0.750149 -0.129082 0.997028
v 0.757934 -0.097778 0.988127
v 0.737726 -0.123872 1.020149
v 0.746030 -0.093471 1.011750
v 0.725136 -0.119320 1.043640
v 0.733747 -0.090018 1.035699
v 0.719917 -0.087142 1.059565
v 0.730651 -0.153822 1.030093
v 0.742898 -0.159993 1.006748
v 0.729872 -0.189007 1.013877
v 0.751147 -0.166130 0.982027
v 0.738802 -0.195900 0.989466
v 0.724296 -0.223891 0.995730
v 0.747148 -0.203531 0.965148
v 0.735031 -0.232788 0.972250
v 0.722156 -0.260819 0.979205
v 0.740036 -0.240494 0.946343
v 0.729335 -0.269641 0.953651
v 0.716453 -0.297264 0.960928
v 0.733956 -0.278077 0.927051
v 0.719798 -0.305494 0.933590
v 0.707047 -0.332973 0.941762
v 0.724031 -0.314682 0.906421
v 0.710286 -0.342279 0.914239
v 0.695307 -0.369245 0.923635
v 0.710972 -0.351402 0.886349
v 0.696396 -0.379289 0.895931
v 0.679345 -0.406083 0.907691
v 0.695705 -0.389635 0.868315
v 0.678986 -0.417689 0.880533
v 0.658868 -0.444116 0.895060
v 0.676066 -0.429548 0.853472
v 0.656989 -0.457760 0.868944
v 0.634162 -0.484053 0.886391
v 0.651080 -0.470644 0.842562
v 0.627428 -0.497196 0.860610
v 0.602656 -0.523475 0.880225
v 0.620141 -0.511657 0.835116
v 0.594098 -0.537513 0.855309
v 0.565860 -0.561282 0.875693
v 0.584178 -0.551242 0.830197
v 0.555252 -0.573988 0.850701
v 0.526771 -0.596391 0.870347
v 0.543961 -0.586223 0.825080
v 0.515447 -0.608194 0.844777
v 0.485738 -0.627860 0.862997
v 0.503573 -0.620183 0.818886
v 0.472584 -0.637594 0.836967
v 0.442206 -0.654625 0.853611
v 0.459585 -0.647731 0.810533
v 0.429438 -0.664012 0.826681
v 0.400038 -0.679655 0.840933
v 0.416611 -0.672167 0.798717
v 0.386746 -0.685966 0.812405
v 0.358161 -0.700954 0.824752
v 0.373922 -0.693302 0.783337
v 0.344397 -0.706055 0.795244
v 0.314996 -0.717122 0.806051
v 0.330552 -0.710488 0.765273
v 0.300858 -0.720194 0.775582
v 0.272299 -0.730703 0.785222
v 0.272299 -0.730703 0.785222
v 0.258945 -0.733857 0.753557
v 0.258945 -0.733857 0.753557
v 0.230426 -0.740564 0.762378
v 0.764813 -0.259357 0.758812
v 0.777005 -0.225310 0.755474
v 0.766594 -0.253424 0.784482
v 0.777979 -0.219960 0.780647
v 0.767416 -0.247604 0.810485
v 0.778863 -0.214753 0.806146
v 0.766620 -0.241164 0.836627
v 0.779508 -0.209251 0.831870
v 0.765328 -0.234451 0.862869
v 0.778607 -0.203048 0.857606
v 0.762561 -0.227003 0.888951
v 0.777007 -0.196399 0.883397
v 0.759971 -0.219702 0.915142
v 0.773824 -0.189085 0.909071
v 0.753506 -0.211285 0.940122
v 0.766655 -0.180843 0.933506
v 0.759921 -0.173322 0.958046
v 0.745783 -0.248929 0.920659
v 0.749321 -0.256960 0.894245
v 0.735636 -0.285784 0.899651
v 0.751942 -0.264788 0.867591
v 0.738946 -0.294454 0.872678
v 0.726398 -0.323735 0.878877
v 0.740331 -0.302553 0.845509
v 0.726816 -0.332381 0.851349
v 0.711499 -0.361135 0.858826
v 0.725857 -0.340785 0.824033
v 0.710561 -0.370913 0.831568
v 0.693880 -0.400571 0.841191
v 0.707871 -0.380950 0.804740
v 0.690325 -0.411748 0.814465
v 0.673861 -0.443312 0.827044
v 0.685708 -0.423245 0.788063
v 0.665253 -0.454002 0.800628
v 0.643502 -0.483725 0.816499
v 0.659981 -0.467680 0.774794
v 0.635539 -0.497083 0.790682
v 0.611052 -0.525556 0.809624
v 0.627910 -0.511182 0.765039
v 0.600449 -0.538390 0.784045
v 0.572559 -0.563429 0.804559
v 0.589036 -0.550648 0.758271
v 0.560479 -0.575164 0.778537
v 0.531525 -0.597611 0.799057
v 0.548446 -0.586590 0.752127
v 0.519426 -0.609102 0.772784
v 0.490707 -0.630907 0.792552
v 0.506358 -0.618861 0.746052
v 0.476300 -0.638367 0.765732
v 0.447057 -0.657444 0.783280
v 0.432810 -0.662956 0.755144
v 0.402924 -0.677959 0.770063
v 0.360512 -0.699015 0.753769
v 0.737334 -0.326168 0.765550
v 0.750008 -0.292201 0.761782
v 0.739082 -0.317855 0.791782
v 0.752886 -0.285709 0.787830
v 0.740508 -0.310326 0.818506
v 0.753494 -0.278961 0.814188
v 0.753293 -0.272088 0.840829
v 0.724746 -0.349914 0.797284
v 0.721916 -0.359366 0.770927
v 0.704603 -0.391786 0.778313
v 0.699171 -0.402426 0.751970
v 0.680351 -0.435375 0.761785
v 0.651490 -0.479867 0.748769
v -0.184737 -0.742584 0.953367
v -0.209174 -0.734267 0.967606
v -0.195362 -0.730404 0.996884
v -0.171530 -0.739332 0.982487
v -0.217992 -0.719823 1.010570
v -0.203879 -0.715732 1.040463
v -0.181393 -0.725237 1.026068
v -0.224153 -0.701349 1.052764
v -0.209182 -0.694876 1.081967
v -0.188638 -0.707580 1.068972
v -0.227866 -0.678662 1.092663
v -0.212937 -0.671781 1.121644
v -0.194009 -0.687166 1.110667
v -0.230356 -0.654236 1.130174
v -0.213924 -0.644603 1.157174
v -0.196679 -0.661802 1.148871
v -0.230957 -0.627164 1.163606
v -0.213919 -0.616623 1.189817
v -0.196792 -0.633140 1.182979
v -0.230699 -0.599459 1.193797
v -0.211746 -0.586816 1.217746
v -0.195784 -0.604259 1.214456
v -0.228951 -0.570676 1.220767
v -0.208501 -0.556686 1.242830
v -0.192065 -0.572958 1.240348
v -0.171772 -0.558626 1.261900
v -0.156991 -0.576029 1.259156
v -0.176993 -0.590743 1.237915
v -0.187606 -0.542261 1.263999
v -0.165983 -0.527239 1.283481
v -0.150702 -0.543676 1.281818
v -0.128819 -0.527838 1.299861
v -0.114867 -0.544666 1.298107
v -0.136269 -0.560710 1.279184
v -0.143853 -0.511711 1.301345
v -0.120897 -0.495030 1.316442
v -0.106118 -0.510852 1.315794
v -0.136964 -0.479742 1.317304
v -0.114117 -0.463531 1.332383
v -0.097920 -0.478079 1.331112
v -0.131041 -0.448847 1.332925
v -0.107460 -0.431908 1.345450
v -0.090343 -0.445776 1.344242
v -0.083183 -0.413642 1.354527
v -0.122203 -0.578146 1.275140
v -0.142477 -0.593961 1.254915
v -0.126900 -0.610512 1.247133
v -0.145096 -0.624387 1.224003
v -0.161316 -0.607905 1.232269
v -0.162923 -0.638047 1.200327
v -0.179745 -0.621653 1.208855
v -0.179868 -0.650150 1.174917
v -0.145245 -0.653012 1.189319
v -0.162096 -0.666270 1.164765
v -0.177902 -0.676502 1.137692
v -0.143137 -0.680614 1.152171
v -0.158327 -0.690079 1.124891
v -0.173787 -0.700105 1.097631
v -0.137866 -0.702566 1.110644
v -0.152741 -0.711935 1.083353
v -0.166866 -0.717894 1.054484
v -0.130737 -0.722907 1.068217
v -0.144883 -0.730628 1.040402
v -0.157893 -0.733490 1.011034
v -0.120830 -0.738303 1.024535
v -0.133974 -0.743899 0.996331
v -0.146957 -0.748378 0.967737
v -0.108649 -0.751029 0.980875
v -0.095982 -0.745966 1.009084
v -0.070208 -0.751166 0.994021
v -0.083332 -0.740490 1.037181
v -0.058068 -0.745619 1.022314
v -0.032226 -0.750121 1.008873
v -0.020607 -0.743665 1.037264
v 0.005243 -0.746021 1.025323
v 0.016277 -0.738183 1.053709
v 0.041972 -0.738818 1.042918
v 0.052421 -0.729017 1.070758
v 0.077692 -0.728133 1.060885
v 0.087453 -0.718322 1.088812
v 0.112193 -0.715478 1.079058
v 0.120869 -0.704455 1.106269
v 0.145815 -0.702563 1.097109
v 0.153191 -0.690051 1.123266
v 0.177660 -0.685951 1.113261
v 0.183813 -0.672858 1.138566
v 0.208932 -0.669999 1.129349
v 0.213616 -0.655535 1.153534
v 0.238918 -0.651978 1.144372
v 0.242202 -0.636469 1.167473
v 0.267954 -0.632602 1.158401
v 0.270338 -0.617469 1.181294
v 0.296363 -0.612245 1.170858
v 0.297377 -0.596298 1.192557
v 0.325636 -0.593084 1.182542
v 0.325623 -0.576747 1.203529
v 0.354574 -0.571386 1.190821
v 0.353802 -0.555048 1.211364
v 0.382730 -0.547271 1.196082
v 0.379520 -0.529339 1.214737
v 0.409240 -0.521223 1.200063
v 0.404789 -0.503850 1.219211
v 0.431893 -0.492553 1.203140
v 0.425857 -0.475704 1.222880
v 0.451752 -0.463495 1.208146
v 0.442452 -0.445987 1.226830
v 0.467131 -0.433189 1.213765
v 0.455230 -0.415561 1.231797
v 0.477327 -0.401600 1.218824
v 0.463201 -0.384216 1.236153
v 0.484491 -0.370179 1.225279
v 0.467947 -0.353118 1.241579
v 0.488281 -0.338992 1.232418
v 0.469177 -0.322239 1.247019
v 0.487123 -0.307703 1.237196
v 0.466116 -0.291599 1.250908
v 0.483200 -0.277284 1.242896
v 0.460416 -0.261795 1.255579
v 0.475555 -0.247614 1.247044
v 0.450866 -0.232899 1.258322
v 0.465110 -0.219091 1.251302
v 0.437759 -0.205378 1.258249
v 0.451199 -0.191921 1.252759
v 0.421930 -0.179188 1.256709
v 0.433900 -0.166366 1.251581
v 0.403074 -0.154199 1.254891
v 0.413491 -0.142332 1.249601
v 0.380722 -0.131170 1.250206
v 0.390069 -0.120075 1.245019
v 0.355887 -0.108444 1.245973
v 0.364743 -0.098597 1.240563
v -0.107552 -0.732321 1.052535
v -0.116539 -0.714454 1.095563
v -0.122940 -0.692437 1.137305
v -0.126884 -0.667149 1.176708
v -0.128469 -0.640587 1.214202
v 0.069075 -0.185402 1.329985
v 0.051365 -0.197157 1.336841
v 0.089255 -0.202211 1.333539
v 0.071768 -0.210533 1.346083
v 0.052730 -0.224442 1.348718
v 0.093369 -0.227065 1.347609
v 0.074204 -0.238844 1.354756
v 0.054400 -0.251552 1.361245
v 0.096514 -0.253586 1.357772
v 0.076409 -0.266341 1.364234
v 0.055807 -0.280111 1.369686
v 0.098570 -0.281213 1.364703
v 0.077510 -0.295231 1.367982
v 0.056476 -0.309349 1.375236
v 0.099408 -0.309645 1.369503
v 0.077783 -0.323927 1.373795
v 0.055512 -0.339016 1.377802
v 0.098469 -0.338439 1.374733
v 0.075558 -0.353307 1.376034
v 0.050934 -0.368950 1.377639
v 0.093760 -0.368135 1.376906
v 0.068083 -0.383275 1.377204
v 0.041538 -0.399707 1.376155
v 0.082891 -0.398600 1.376177
v 0.056138 -0.414289 1.375602
v 0.029778 -0.431961 1.372098
v 0.069181 -0.429919 1.373117
v 0.042892 -0.446661 1.368798
v 0.016831 -0.465391 1.363064
v 0.054963 -0.461868 1.364790
v 0.028923 -0.480120 1.358810
v 0.003750 -0.499750 1.349145
v 0.040349 -0.494944 1.353834
v 0.015281 -0.514544 1.344091
v -0.008627 -0.534481 1.330262
v 0.026409 -0.528795 1.337480
v 0.002851 -0.550079 1.324978
v -0.018382 -0.568225 1.305428
v 0.014715 -0.562649 1.314835
v -0.005606 -0.581798 1.295707
v -0.024959 -0.603283 1.278442
v 0.007275 -0.596225 1.287222
v -0.010584 -0.617448 1.268356
v -0.027198 -0.635529 1.245898
v 0.004733 -0.629042 1.256193
v -0.010507 -0.647244 1.233260
v -0.025136 -0.664753 1.209839
v 0.007160 -0.658406 1.221358
v -0.006060 -0.675310 1.197123
v -0.018917 -0.689967 1.171718
v 0.014039 -0.682047 1.183510
v 0.025900 -0.665582 1.208031
v 0.045749 -0.672111 1.196457
v 0.038245 -0.648623 1.232432
v 0.056588 -0.655026 1.220786
v 0.075700 -0.658153 1.208815
v 0.067758 -0.635704 1.243359
v 0.085520 -0.640938 1.232705
v 0.104496 -0.644663 1.222524
v 0.094981 -0.620549 1.254537
v 0.112334 -0.625182 1.244768
v 0.131200 -0.628575 1.235384
v 0.155165 -0.611678 1.248128
v 0.176759 -0.595734 1.259829
v 0.173985 -0.580308 1.277799
v 0.197442 -0.579148 1.270193
v 0.169092 -0.567333 1.293240
v 0.193385 -0.564118 1.287118
v 0.217802 -0.560966 1.280091
v 0.187568 -0.549611 1.301752
v 0.212621 -0.545603 1.296396
v 0.237435 -0.540988 1.289002
v 0.206138 -0.530603 1.311257
v 0.231368 -0.525235 1.304848
v 0.257298 -0.519778 1.297017
v 0.224587 -0.510368 1.320775
v 0.250676 -0.504053 1.313276
v 0.277765 -0.497737 1.303989
v 0.242520 -0.487220 1.327464
v 0.269470 -0.480280 1.318019
v 0.297946 -0.473865 1.308376
v 0.260617 -0.462302 1.331147
v 0.288200 -0.455053 1.320472
v 0.317122 -0.448741 1.312584
v 0.278850 -0.436837 1.334576
v 0.305358 -0.429090 1.323962
v 0.330831 -0.420482 1.311989
v 0.291074 -0.408783 1.332226
v 0.316447 -0.400565 1.322507
v 0.341197 -0.391834 1.311977
v 0.300276 -0.380357 1.330583
v 0.324340 -0.371808 1.321051
v 0.347617 -0.362582 1.311322
v 0.305303 -0.351624 1.326429
v 0.328339 -0.342620 1.318880
v 0.349235 -0.333299 1.307752
v 0.307663 -0.322568 1.324254
v 0.328117 -0.313805 1.313990
v 0.348536 -0.304164 1.305779
v 0.306242 -0.294058 1.319369
v 0.325920 -0.285032 1.311159
v 0.344478 -0.275478 1.302553
v 0.302066 -0.266172 1.313912
v 0.319799 -0.257640 1.304596
v 0.337307 -0.247636 1.298092
v 0.294698 -0.239681 1.306158
v 0.311429 -0.229835 1.300402
v 0.326876 -0.220714 1.292136
v 0.285781 -0.212188 1.302417
v 0.299975 -0.203609 1.293381
v 0.313162 -0.195554 1.284302
v 0.274231 -0.188061 1.295032
v 0.287201 -0.178815 1.289754
v 0.298717 -0.169644 1.283273
v 0.259739 -0.164126 1.287509
v 0.270462 -0.155305 1.280836
v 0.279925 -0.146423 1.274218
v 0.248144 -0.172677 1.294432
v 0.234282 -0.181986 1.298280
v 0.260662 -0.196091 1.302885
v 0.246339 -0.202113 1.313758
v 0.220345 -0.187816 1.307943
v 0.270636 -0.220139 1.311017
v 0.253915 -0.227902 1.319073
v 0.230435 -0.208792 1.322163
v 0.277486 -0.247641 1.314768
v 0.259242 -0.255208 1.323728
v 0.236894 -0.234460 1.328811
v 0.283378 -0.274171 1.323318
v 0.263489 -0.282260 1.331188
v 0.240306 -0.262474 1.332868
v 0.285920 -0.302501 1.327926
v 0.265772 -0.310237 1.338326
v 0.244078 -0.289449 1.341745
v 0.285871 -0.331126 1.332459
v 0.264157 -0.339275 1.342167
v 0.244530 -0.318452 1.346522
v 0.282402 -0.359979 1.336048
v 0.259539 -0.368068 1.346484
v 0.241856 -0.347535 1.350847
v 0.275773 -0.388510 1.339744
v 0.251376 -0.396591 1.349477
v 0.235711 -0.376409 1.354456
v 0.266126 -0.416781 1.343525
v 0.239268 -0.424453 1.351663
v 0.225955 -0.404987 1.357838
v 0.250299 -0.443091 1.341126
v 0.223141 -0.451124 1.349422
v 0.212413 -0.433078 1.358919
v 0.233051 -0.469181 1.338962
v 0.207093 -0.477855 1.346558
v 0.196690 -0.460385 1.355665
v 0.215893 -0.493641 1.333262
v 0.189847 -0.501084 1.337354
v 0.180291 -0.485886 1.348543
v 0.198588 -0.516126 1.325171
v 0.172678 -0.522535 1.327966
v 0.163589 -0.509322 1.339416
v 0.180726 -0.535740 1.315407
v 0.154842 -0.543746 1.318538
v 0.146423 -0.531884 1.330260
v 0.162709 -0.555897 1.307010
v 0.136801 -0.563018 1.306344
v 0.127504 -0.552835 1.316005
v 0.145110 -0.572793 1.295883
v 0.123011 -0.582134 1.289428
v 0.112462 -0.575318 1.299456
v 0.105785 -0.599249 1.274710
v 0.092634 -0.593170 1.283967
v 0.080400 -0.585629 1.293478
v 0.101142 -0.565997 1.308667
v 0.069038 -0.575747 1.301608
v 0.091385 -0.556570 1.316250
v 0.118371 -0.542202 1.324973
v 0.081956 -0.546543 1.324807
v 0.108737 -0.530247 1.333094
v 0.136581 -0.518766 1.338624
v 0.098606 -0.517922 1.340063
v 0.126174 -0.505517 1.346319
v 0.153524 -0.495234 1.349148
v 0.115378 -0.491372 1.352666
v 0.142715 -0.480031 1.356403
v 0.169854 -0.469934 1.357666
v 0.131551 -0.464129 1.362258
v 0.158717 -0.453042 1.364093
v 0.185739 -0.442841 1.363727
v 0.147180 -0.435868 1.369310
v 0.173924 -0.424734 1.369277
v 0.200385 -0.414446 1.365968
v 0.161431 -0.406577 1.373407
v 0.187248 -0.395489 1.370725
v 0.212281 -0.385361 1.364531
v 0.172936 -0.376524 1.373328
v 0.196980 -0.365701 1.368363
v 0.219701 -0.356105 1.360046
v 0.180502 -0.346270 1.370513
v 0.202600 -0.335733 1.364651
v 0.223590 -0.326747 1.355427
v 0.183220 -0.316202 1.365723
v 0.203315 -0.306387 1.357471
v 0.223599 -0.297749 1.349698
v 0.182363 -0.286771 1.360373
v 0.202174 -0.277550 1.352674
v 0.221011 -0.270181 1.341760
v 0.179783 -0.260089 1.351342
v 0.199126 -0.250752 1.343572
v 0.217950 -0.243232 1.335498
v 0.176881 -0.234155 1.343067
v 0.195675 -0.224748 1.336915
v 0.213322 -0.217288 1.328525
v 0.172145 -0.210023 1.332215
v 0.189709 -0.201003 1.325698
v 0.205573 -0.194262 1.316911
v 0.165453 -0.186830 1.319391
v 0.181029 -0.179778 1.311152
v 0.148457 -0.195897 1.326108
v 0.154376 -0.218872 1.339161
v 0.130590 -0.205439 1.332862
v 0.107210 -0.191163 1.326806
v 0.111983 -0.215837 1.340699
v 0.135129 -0.229611 1.346382
v 0.115854 -0.242006 1.350171
v 0.157732 -0.244109 1.349641
v 0.138339 -0.255842 1.354252
v 0.118857 -0.268034 1.360044
v 0.160319 -0.270454 1.357525
v 0.140687 -0.282977 1.360897
v 0.120493 -0.295880 1.365898
v 0.162272 -0.298470 1.364497
v 0.141767 -0.311095 1.368092
v 0.120445 -0.324378 1.371513
v 0.161951 -0.327865 1.369633
v 0.140046 -0.340292 1.373477
v 0.117353 -0.353935 1.373336
v 0.157485 -0.357894 1.373622
v 0.133727 -0.370547 1.374190
v 0.109033 -0.384139 1.375418
v 0.148046 -0.388356 1.375466
v 0.122463 -0.401084 1.373954
v 0.095954 -0.414877 1.374269
v 0.135090 -0.418323 1.371319
v 0.108266 -0.431423 1.371218
v 0.081364 -0.445618 1.368566
v 0.120108 -0.447872 1.367178
v 0.093030 -0.461175 1.363517
v 0.066400 -0.477036 1.360037
v 0.104285 -0.476287 1.357718
v 0.077442 -0.491735 1.354526
v 0.051327 -0.509102 1.347359
v 0.088227 -0.505779 1.348396
v 0.061941 -0.522936 1.341037
v 0.037247 -0.542412 1.329935
v 0.072161 -0.535096 1.332781
v 0.047916 -0.554704 1.320924
v 0.026422 -0.576106 1.306268
v 0.058446 -0.566217 1.311846
v 0.038516 -0.588035 1.296314
v 0.020975 -0.608823 1.277020
v 0.051164 -0.598323 1.285467
v 0.035456 -0.619212 1.265395
v 0.020924 -0.639615 1.244199
v 0.051086 -0.628745 1.254504
v 0.064734 -0.607685 1.275067
v 0.079100 -0.614179 1.263907
v -0.565485 0.569333 0.745974
v -0.585884 0.551763 0.745974
v -0.548565 0.583022 0.745974
v -0.565485 0.569333 0.745974
v -0.520152 0.601203 0.745974
v -0.536139 0.591702 0.745974
v -0.643357 0.485730 0.745974
v -0.649749 0.476700 0.745974
v -0.629585 0.503904 0.745974
v -0.643357 0.485730 0.745974
v -0.606424 0.530627 0.745974
v -0.612288 0.524444 0.745974
v -0.612288 0.524444 0.745974
v -0.622798 0.512624 0.745974
v -0.586711 0.551023 0.745974
v -0.599582 0.538085 0.745974
v -0.474705 0.632200 0.745974
v -0.489924 0.621788 0.745974
v -0.511590 0.607128 0.745974
v -0.520152 0.601203 0.745974
v -0.452171 0.648145 0.745974
v -0.454044 0.646760 0.745974
v -0.454044 0.646760 0.745974
v -0.462337 0.640955 0.745974
v -0.449039 0.650181 0.745974
v -0.452171 0.648145 0.745974
v -0.679112 0.429690 0.745974
v -0.687749 0.411155 0.745974
v -0.661698 0.459483 0.745974
v -0.666122 0.452098 0.745974
v -0.666122 0.452098 0.745974
v -0.671209 0.443936 0.745974
v -0.380082 0.693108 0.745974
v -0.393695 0.684697 0.745974
v -0.419712 0.669049 0.745974
v -0.428842 0.663466 0.745974
v -0.360050 0.703930 0.745974
v -0.380082 0.693108 0.745974
v -0.707460 0.357271 0.745974
v -0.711672 0.344168 0.745974
v -0.693927 0.395292 0.745974
v -0.697612 0.386107 0.745974
v -0.697612 0.386107 0.745974
v -0.700737 0.377869 0.745974
v -0.328804 0.722010 0.745974
v -0.354156 0.707298 0.745974
v -0.299030 0.736650 0.745974
v -0.302023 0.735043 0.745974
v -0.302023 0.735043 0.745974
v -0.321048 0.725897 0.745974
v -0.722902 0.310791 0.745974
v -0.728815 0.296652 0.745974
v -0.721160 0.315775 0.745974
v -0.722084 0.312938 0.745974
v -0.722084 0.312938 0.745974
v -0.722902 0.310791 0.745974
v -0.237007 0.763814 0.745974
v -0.250264 0.758352 0.745974
v -0.294301 0.738821 0.745974
v -0.299030 0.736650 0.745974
v -0.758711 0.216739 0.745974
v -0.760012 0.212754 0.745974
v -0.756745 0.223031 0.745974
v -0.758711 0.216739 0.745974
v -0.739099 0.271407 0.745974
v -0.744861 0.256082 0.745974
v -0.744861 0.256082 0.745974
v -0.748751 0.245765 0.745974
v -0.168250 0.787441 0.745974
v -0.194614 0.779575 0.745974
v -0.216487 0.771670 0.745974
v -0.237007 0.763814 0.745974
v -0.774362 0.153876 0.745974
v -0.775827 0.145749 0.745974
v -0.771071 0.168891 0.745974
v -0.774362 0.153876 0.745974
v -0.764384 0.196059 0.745974
v -0.768695 0.179069 0.745974
v -0.095001 0.804965 0.745974
v -0.109401 0.802006 0.745974
v -0.132149 0.797403 0.745974
v -0.153698 0.791506 0.745974
v -0.783286 0.088124 0.745974
v -0.784225 0.080097 0.745974
v -0.781844 0.105269 0.745974
v -0.783286 0.088124 0.745974
v -0.778203 0.132233 0.745974
v -0.781155 0.112941 0.745974
v -0.062076 0.808827 0.745974
v -0.095001 0.804965 0.745974
v -0.018764 0.812701 0.745974
v -0.029901 0.811477 0.745974
v -0.029901 0.811477 0.745974
v -0.051106 0.809938 0.745974
v -0.785994 0.020867 0.745974
v -0.786030 0.014099 0.745974
v -0.785784 0.035593 0.745974
v -0.785994 0.020867 0.745974
v -0.784798 0.065804 0.745974
v -0.785380 0.047252 0.745974
v 0.017467 0.814073 0.745974
v -0.018764 0.812701 0.745974
v 0.059498 0.813212 0.745974
v 0.044829 0.813598 0.745974
v 0.044829 0.813598 0.745974
v 0.021947 0.814187 0.745974
v -0.786313 -0.047679 0.745974
v -0.786056 -0.051881 0.745974
v -0.786860 -0.037407 0.745974
v -0.786313 -0.047679 0.745974
v -0.786952 -0.001841 0.745974
v -0.787550 -0.019013 0.745974
v 0.099879 0.811063 0.745974
v 0.083644 0.812055 0.745974
v 0.140848 0.805667 0.745974
v 0.140107 0.805770 0.745974
v 0.140107 0.805770 0.745974
v 0.139143 0.805913 0.745974
v -0.780985 -0.083818 0.745974
v -0.776670 -0.109398 0.745974
v -0.783429 -0.070951 0.745974
v -0.780985 -0.083818 0.745974
v 0.145858 0.804686 0.745974
v 0.140848 0.805667 0.745974
v 0.219308 0.788081 0.745974
v 0.207214 0.791049 0.745974
v 0.207214 0.791049 0.745974
v 0.191353 0.795348 0.745974
v -0.769319 -0.145292 0.745974
v -0.767657 -0.151492 0.745974
v -0.773161 -0.127851 0.745974
v -0.770210 -0.141602 0.745974
v -0.770210 -0.141602 0.745974
v -0.769319 -0.145292 0.745974
v 0.293389 0.764235 0.745974
v 0.273145 0.771912 0.745974
v 0.256842 0.777490 0.745974
v 0.243794 0.781351 0.745974
v -0.751686 -0.204576 0.745974
v -0.742883 -0.231113 0.745974
v -0.756249 -0.188905 0.745974
v -0.751686 -0.204576 0.745974
v 0.329556 0.749187 0.745974
v 0.296717 0.762834 0.745974
v 0.364920 0.732058 0.745974
v 0.359285 0.735434 0.745974
v 0.359285 0.735434 0.745974
v 0.350457 0.739728 0.745974
v -0.731600 -0.264295 0.745974
v -0.728976 -0.271843 0.745974
v -0.738876 -0.243522 0.745974
v -0.733083 -0.259914 0.745974
v -0.733083 -0.259914 0.745974
v -0.731600 -0.264295 0.745974
v 0.392009 0.718381 0.745974
v 0.364920 0.732058 0.745974
v 0.434289 0.695340 0.745974
v 0.422781 0.701194 0.745974
v 0.422781 0.701194 0.745974
v 0.404672 0.711674 0.745974
v -0.712483 -0.325727 0.745974
v -0.706785 -0.351711 0.745974
v -0.717776 -0.308863 0.745974
v -0.712483 -0.325727 0.745974
v 0.494632 0.651733 0.745974
v 0.482692 0.660695 0.745974
v 0.465201 0.673358 0.745974
v 0.459831 0.677242 0.745974
v -0.698818 -0.388253 0.745974
v -0.698684 -0.388677 0.745974
v -0.699409 -0.385603 0.745974
v -0.698898 -0.387900 0.745974
v -0.698898 -0.387900 0.745974
v -0.698818 -0.388253 0.745974
v 0.547658 0.606953 0.745974
v 0.538764 0.614029 0.745974
v 0.521861 0.629491 0.745974
v 0.517618 0.633181 0.745974
v -0.677756 -0.447194 0.745974
v -0.673504 -0.454086 0.745974
v -0.680476 -0.441145 0.745974
v -0.677756 -0.447194 0.745974
v 0.563624 0.589985 0.745974
v 0.547658 0.606953 0.745974
v 0.596821 0.560733 0.745974
v 0.595412 0.562226 0.745974
v 0.595412 0.562226 0.745974
v 0.589918 0.566764 0.745974
v -0.642911 -0.499068 0.745974
v -0.633126 -0.510881 0.745974
v -0.650347 -0.489230 0.745974
v -0.642911 -0.499068 0.745974
v 0.639623 0.508655 0.745974
v 0.630398 0.521064 0.745974
v 0.599307 0.558045 0.745974
v 0.596821 0.560733 0.745974
v -0.600645 -0.545094 0.745974
v -0.583558 -0.560243 0.745974
v -0.613722 -0.532532 0.745974
v -0.600645 -0.545094 0.745974
v 0.677799 0.454402 0.745974
v 0.663676 0.475599 0.745974
v 0.653940 0.490173 0.745974
v 0.639623 0.508655 0.745974
v -0.554023 -0.586620 0.745974
v -0.531961 -0.606408 0.745974
v -0.572047 -0.570704 0.745974
v -0.554023 -0.586620 0.745974
v 0.706253 0.392972 0.745974
v 0.695836 0.418687 0.745974
v 0.690480 0.429697 0.745974
v 0.677799 0.454402 0.745974
v -0.506878 -0.626786 0.745974
v -0.504290 -0.628533 0.745974
v -0.523132 -0.613710 0.745974
v -0.508642 -0.625496 0.745974
v -0.508642 -0.625496 0.745974
v -0.506878 -0.626786 0.745974
v 0.733678 0.323135 0.745974
v 0.729164 0.335895 0.745974
v 0.715037 0.373105 0.745974
v 0.706253 0.392972 0.745974
v 0.748524 0.280706 0.745974
v 0.746968 0.286938 0.745974
v 0.746968 0.286938 0.745974
v 0.744324 0.293868 0.745974
v 0.767953 0.211669 0.745974
v 0.767414 0.213549 0.745974
v -0.454013 -0.661273 0.745974
v -0.435469 -0.673400 0.745974
v -0.463870 -0.655329 0.745974
v -0.454013 -0.661273 0.745974
v -0.409383 -0.689438 0.745974
v -0.395210 -0.696935 0.745974
v -0.350939 -0.715632 0.745974
v -0.323674 -0.726860 0.745974
v -0.377307 -0.703334 0.745974
v -0.360062 -0.711508 0.745974
v 0.790142 0.134681 0.745974
v 0.777980 0.172637 0.745974
v 0.768320 0.209867 0.745974
v 0.767953 0.211669 0.745974
v 0.775821 0.180970 0.745974
v 0.768320 0.209867 0.745974
v -0.251274 -0.752126 0.745974
v -0.250580 -0.752331 0.745974
v -0.301163 -0.735722 0.745974
v -0.293205 -0.739552 0.745974
v -0.293205 -0.739552 0.745974
v -0.287232 -0.741401 0.745974
v 0.807965 0.051801 0.745974
v 0.804044 0.070579 0.745974
v 0.796307 0.105691 0.745974
v 0.790142 0.134681 0.745974
v -0.200478 -0.760126 0.745974
v -0.178083 -0.763864 0.745974
v -0.229488 -0.755647 0.745974
v -0.213865 -0.758094 0.745974
v 0.820257 -0.033592 0.745974
v 0.816653 0.009041 0.745974
v 0.810048 0.042134 0.745974
v 0.807965 0.051801 0.745974
v 0.816512 0.009914 0.745974
v 0.810048 0.042134 0.745974
v -0.035645 -0.771433 0.745974
v -0.014646 -0.770929 0.745974
v -0.076794 -0.770646 0.745974
v -0.055348 -0.771334 0.745974
v -0.095453 -0.770270 0.745974
v -0.083684 -0.770453 0.745974
v -0.083684 -0.770453 0.745974
v -0.076794 -0.770646 0.745974
v -0.125055 -0.768673 0.745974
v -0.109371 -0.769863 0.745974
v -0.149213 -0.766882 0.745974
v -0.143076 -0.767388 0.745974
v 0.808785 -0.116034 0.745974
v 0.811629 -0.099439 0.745974
v 0.817774 -0.059822 0.745974
v 0.820257 -0.033592 0.745974
v 0.157539 -0.755062 0.745974
v 0.163112 -0.753897 0.745974
v 0.103369 -0.762073 0.745974
v 0.126593 -0.759907 0.745974
v 0.089166 -0.763571 0.745974
v 0.103369 -0.762073 0.745974
v 0.044667 -0.767907 0.745974
v 0.047437 -0.767667 0.745974
v 0.797685 -0.158962 0.745974
v 0.798919 -0.154830 0.745974
v 0.805976 -0.124663 0.745974
v 0.808785 -0.116034 0.745974
v 0.282596 -0.725999 0.745974
v 0.288213 -0.724147 0.745974
v 0.224188 -0.741398 0.745974
v 0.246231 -0.736449 0.745974
v 0.211696 -0.744775 0.745974
v 0.224188 -0.741398 0.745974
v 0.163112 -0.753897 0.745974
v 0.164739 -0.753756 0.745974
v 0.762951 -0.262599 0.745974
v 0.770166 -0.242740 0.745974
v 0.779804 -0.215525 0.745974
v 0.787584 -0.191703 0.745974
v 0.449097 -0.654420 0.745974
v 0.466925 -0.644563 0.745974
v 0.391444 -0.682222 0.745974
v 0.404512 -0.675990 0.745974
v 0.377891 -0.689330 0.745974
v 0.387268 -0.684313 0.745974
v 0.387268 -0.684313 0.745974
v 0.391444 -0.682222 0.745974
v 0.337701 -0.706273 0.745974
v 0.356709 -0.699646 0.745974
v 0.288213 -0.724147 0.745974
v 0.290800 -0.723306 0.745974
v 0.733857 -0.332471 0.745974
v 0.737722 -0.322283 0.745974
v 0.756208 -0.277467 0.745974
v 0.762951 -0.262599 0.745974
v 0.714433 -0.375017 0.745974
v 0.717849 -0.368777 0.745974
v 0.675750 -0.442338 0.745974
v 0.689546 -0.418616 0.745974
v 0.655949 -0.472948 0.745974
v 0.669300 -0.452494 0.745974
v 0.669300 -0.452494 0.745974
v 0.675750 -0.442338 0.745974
v 0.633560 -0.502100 0.745974
v 0.650295 -0.481077 0.745974
v 0.605800 -0.531453 0.745974
v 0.618020 -0.518743 0.745974
v 0.557126 -0.579108 0.745974
v 0.583366 -0.555981 0.745974
v 0.506467 -0.618778 0.745974
v 0.545468 -0.588896 0.745974
v 0.466925 -0.644563 0.745974
v 0.505937 -0.619136 0.745974
v 0.730497 -0.339640 0.745974
v 0.733857 -0.332471 0.745974
v -0.014646 -0.770929 0.745974
v 0.001272 -0.770601 0.745974
v 0.038874 -0.768396 0.745974
v 0.044667 -0.767907 0.745974
v -0.543817 0.586841 0.745974
v -0.548565 0.583022 0.745974
v -0.625530 0.509505 0.745974
v -0.629585 0.503904 0.745974
v -0.622798 0.512624 0.745974
v -0.625530 0.509505 0.745974
v -0.599582 0.538085 0.745974
v -0.606424 0.530627 0.745974
v -0.585884 0.551763 0.745974
v -0.586440 0.551262 0.745974
v -0.586440 0.551262 0.745974
v -0.586711 0.551023 0.745974
v -0.536139 0.591702 0.745974
v -0.543817 0.586841 0.745974
v -0.489924 0.621788 0.745974
v -0.497497 0.616870 0.745974
v -0.497497 0.616870 0.745974
v -0.511590 0.607128 0.745974
v -0.462337 0.640955 0.745974
v -0.474705 0.632200 0.745974
v -0.428842 0.663466 0.745974
v -0.449039 0.650181 0.745974
v -0.671209 0.443936 0.745974
v -0.679112 0.429690 0.745974
v -0.649749 0.476700 0.745974
v -0.656567 0.467384 0.745974
v -0.656567 0.467384 0.745974
v -0.661698 0.459483 0.745974
v -0.393695 0.684697 0.745974
v -0.404856 0.678390 0.745974
v -0.404856 0.678390 0.745974
v -0.419712 0.669049 0.745974
v -0.354156 0.707298 0.745974
v -0.360050 0.703930 0.745974
v -0.700737 0.377869 0.745974
v -0.707460 0.357271 0.745974
v -0.687749 0.411155 0.745974
v -0.690676 0.403493 0.745974
v -0.690676 0.403493 0.745974
v -0.693927 0.395292 0.745974
v -0.321048 0.725897 0.745974
v -0.326701 0.723109 0.745974
v -0.326701 0.723109 0.745974
v -0.327631 0.722651 0.745974
v -0.327631 0.722651 0.745974
v -0.328804 0.722010 0.745974
v -0.728815 0.296652 0.745974
v -0.736438 0.278390 0.745974
v -0.711672 0.344168 0.745974
v -0.715954 0.331596 0.745974
v -0.715954 0.331596 0.745974
v -0.721160 0.315775 0.745974
v -0.250264 0.758352 0.745974
v -0.269076 0.750944 0.745974
v -0.269076 0.750944 0.745974
v -0.294301 0.738821 0.745974
v -0.748751 0.245765 0.745974
v -0.756745 0.223031 0.745974
v -0.736438 0.278390 0.745974
v -0.737540 0.275510 0.745974
v -0.737540 0.275510 0.745974
v -0.739099 0.271407 0.745974
v -0.194614 0.779575 0.745974
v -0.203511 0.776603 0.745974
v -0.203511 0.776603 0.745974
v -0.216487 0.771670 0.745974
v -0.768695 0.179069 0.745974
v -0.771071 0.168891 0.745974
v -0.760012 0.212754 0.745974
v -0.764384 0.196059 0.745974
v -0.153698 0.791506 0.745974
v -0.168250 0.787441 0.745974
v -0.109401 0.802006 0.745974
v -0.132149 0.797403 0.745974
v -0.781155 0.112941 0.745974
v -0.781844 0.105269 0.745974
v -0.775827 0.145749 0.745974
v -0.778203 0.132233 0.745974
v -0.051106 0.809938 0.745974
v -0.055108 0.809569 0.745974
v -0.055108 0.809569 0.745974
v -0.057014 0.809527 0.745974
v -0.057014 0.809527 0.745974
v -0.062076 0.808827 0.745974
v -0.785380 0.047252 0.745974
v -0.785784 0.035593 0.745974
v -0.784225 0.080097 0.745974
v -0.784798 0.065804 0.745974
v 0.021947 0.814187 0.745974
v 0.020773 0.814170 0.745974
v 0.020773 0.814170 0.745974
v 0.020067 0.814185 0.745974
v 0.020067 0.814185 0.745974
v 0.017467 0.814073 0.745974
v -0.787550 -0.019013 0.745974
v -0.786860 -0.037407 0.745974
v -0.786030 0.014099 0.745974
v -0.786952 -0.001841 0.745974
v 0.083644 0.812055 0.745974
v 0.059498 0.813212 0.745974
v 0.139143 0.805913 0.745974
v 0.116435 0.808606 0.745974
v 0.116435 0.808606 0.745974
v 0.099879 0.811063 0.745974
v -0.776670 -0.109398 0.745974
v -0.775656 -0.114929 0.745974
v -0.786056 -0.051881 0.745974
v -0.783429 -0.070951 0.745974
v 0.191353 0.795348 0.745974
v 0.185313 0.796606 0.745974
v 0.185313 0.796606 0.745974
v 0.180790 0.797740 0.745974
v 0.180790 0.797740 0.745974
v 0.145858 0.804686 0.745974
v -0.767657 -0.151492 0.745974
v -0.760635 -0.174921 0.745974
v -0.775656 -0.114929 0.745974
v -0.775066 -0.117690 0.745974
v -0.775066 -0.117690 0.745974
v -0.773161 -0.127851 0.745974
v 0.243794 0.781351 0.745974
v 0.219308 0.788081 0.745974
v 0.273145 0.771912 0.745974
v 0.256842 0.777490 0.745974
v -0.742883 -0.231113 0.745974
v -0.741847 -0.234284 0.745974
v -0.760635 -0.174921 0.745974
v -0.756249 -0.188905 0.745974
v 0.296717 0.762834 0.745974
v 0.293389 0.764235 0.745974
v 0.350457 0.739728 0.745974
v 0.337856 0.745359 0.745974
v 0.337856 0.745359 0.745974
v 0.329556 0.749187 0.745974
v -0.728976 -0.271843 0.745974
v -0.721827 -0.294853 0.745974
v -0.741847 -0.234284 0.745974
v -0.741350 -0.236217 0.745974
v -0.741350 -0.236217 0.745974
v -0.738876 -0.243522 0.745974
v 0.404672 0.711674 0.745974
v 0.401810 0.713212 0.745974
v 0.401810 0.713212 0.745974
v 0.400076 0.714203 0.745974
v 0.400076 0.714203 0.745974
v 0.392009 0.718381 0.745974
v -0.706785 -0.351711 0.745974
v -0.705612 -0.357059 0.745974
v -0.721827 -0.294853 0.745974
v -0.717776 -0.308863 0.745974
v 0.459831 0.677242 0.745974
v 0.434289 0.695340 0.745974
v 0.482692 0.660695 0.745974
v 0.465201 0.673358 0.745974
v -0.698684 -0.388677 0.745974
v -0.691089 -0.418801 0.745974
v -0.705612 -0.357059 0.745974
v -0.704793 -0.360703 0.745974
v -0.704793 -0.360703 0.745974
v -0.699409 -0.385603 0.745974
v 0.517618 0.633181 0.745974
v 0.494632 0.651733 0.745974
v 0.538764 0.614029 0.745974
v 0.521861 0.629491 0.745974
v -0.673504 -0.454086 0.745974
v -0.661326 -0.473846 0.745974
v -0.691089 -0.418801 0.745974
v -0.680476 -0.441145 0.745974
v 0.589918 0.566764 0.745974
v 0.575112 0.578761 0.745974
v 0.575112 0.578761 0.745974
v 0.571259 0.582704 0.745974
v 0.571259 0.582704 0.745974
v 0.563624 0.589985 0.745974
v -0.633126 -0.510881 0.745974
v -0.622705 -0.522882 0.745974
v -0.661326 -0.473846 0.745974
v -0.650347 -0.489230 0.745974
v 0.630398 0.521064 0.745974
v 0.618034 0.534501 0.745974
v 0.618034 0.534501 0.745974
v 0.599307 0.558045 0.745974
v -0.583558 -0.560243 0.745974
v -0.577246 -0.565896 0.745974
v -0.622705 -0.522882 0.745974
v -0.613722 -0.532532 0.745974
v 0.663676 0.475599 0.745974
v 0.659898 0.481986 0.745974
v 0.659898 0.481986 0.745974
v 0.653940 0.490173 0.745974
v -0.531961 -0.606408 0.745974
v -0.530982 -0.607270 0.745974
v -0.577246 -0.565896 0.745974
v -0.572047 -0.570704 0.745974
v 0.695836 0.418687 0.745974
v 0.692936 0.425117 0.745974
v 0.692936 0.425117 0.745974
v 0.690480 0.429697 0.745974
v -0.504290 -0.628533 0.745974
v -0.480821 -0.644052 0.745974
v -0.530982 -0.607270 0.745974
v -0.530133 -0.607955 0.745974
v -0.530133 -0.607955 0.745974
v -0.523132 -0.613710 0.745974
v 0.729164 0.335895 0.745974
v 0.720481 0.358818 0.745974
v 0.720481 0.358818 0.745974
v 0.715037 0.373105 0.745974
v 0.758417 0.249720 0.745974
v 0.748524 0.280706 0.745974
v 0.744324 0.293868 0.745974
v 0.733678 0.323135 0.745974
v 0.767414 0.213549 0.745974
v 0.758417 0.249720 0.745974
v -0.420961 -0.682445 0.745974
v -0.409383 -0.689438 0.745974
v -0.426208 -0.679439 0.745974
v -0.420961 -0.682445 0.745974
v -0.435469 -0.673400 0.745974
v -0.426208 -0.679439 0.745974
v -0.480821 -0.644052 0.745974
v -0.463870 -0.655329 0.745974
v -0.360062 -0.711508 0.745974
v -0.350939 -0.715632 0.745974
v -0.395210 -0.696935 0.745974
v -0.377307 -0.703334 0.745974
v 0.777980 0.172637 0.745974
v 0.777794 0.173237 0.745974
v 0.777671 0.173699 0.745974
v 0.775821 0.180970 0.745974
v 0.777794 0.173237 0.745974
v 0.777671 0.173699 0.745974
v -0.287232 -0.741401 0.745974
v -0.251274 -0.752126 0.745974
v -0.323674 -0.726860 0.745974
v -0.313679 -0.730131 0.745974
v -0.313679 -0.730131 0.745974
v -0.301163 -0.735722 0.745974
v 0.804044 0.070579 0.745974
v 0.799748 0.094121 0.745974
v 0.799748 0.094121 0.745974
v 0.796307 0.105691 0.745974
v -0.213865 -0.758094 0.745974
v -0.200478 -0.760126 0.745974
v -0.250580 -0.752331 0.745974
v -0.229488 -0.755647 0.745974
v 0.816653 0.009041 0.745974
v 0.816628 0.009287 0.745974
v 0.816605 0.009435 0.745974
v 0.816512 0.009914 0.745974
v 0.816628 0.009287 0.745974
v 0.816605 0.009435 0.745974
v -0.055348 -0.771334 0.745974
v -0.045271 -0.771507 0.745974
v -0.109371 -0.769863 0.745974
v -0.095453 -0.770270 0.745974
v -0.143076 -0.767388 0.745974
v -0.125055 -0.768673 0.745974
v -0.178083 -0.763864 0.745974
v -0.166523 -0.765405 0.745974
v -0.166523 -0.765405 0.745974
v -0.149213 -0.766882 0.745974
v 0.811629 -0.099439 0.745974
v 0.816863 -0.075501 0.745974
v 0.816863 -0.075501 0.745974
v 0.817774 -0.059822 0.745974
v 0.126593 -0.759907 0.745974
v 0.133248 -0.759098 0.745974
v 0.073987 -0.765926 0.745974
v 0.089166 -0.763571 0.745974
v 0.047437 -0.767667 0.745974
v 0.073987 -0.765926 0.745974
v 0.015291 -0.770185 0.745974
v 0.038874 -0.768396 0.745974
v 0.787584 -0.191703 0.745974
v 0.797685 -0.158962 0.745974
v 0.798919 -0.154830 0.745974
v 0.805976 -0.124663 0.745974
v 0.246231 -0.736449 0.745974
v 0.255923 -0.734146 0.745974
v 0.193478 -0.748789 0.745974
v 0.211696 -0.744775 0.745974
v 0.164739 -0.753756 0.745974
v 0.193478 -0.748789 0.745974
v 0.133248 -0.759098 0.745974
v 0.157539 -0.755062 0.745974
v 0.770166 -0.242740 0.745974
v 0.775860 -0.227537 0.745974
v 0.775860 -0.227537 0.745974
v 0.779804 -0.215525 0.745974
v 0.404512 -0.675990 0.745974
v 0.428229 -0.664508 0.745974
v 0.356709 -0.699646 0.745974
v 0.377891 -0.689330 0.745974
v 0.321404 -0.711569 0.745974
v 0.337701 -0.706273 0.745974
v 0.290800 -0.723306 0.745974
v 0.321404 -0.711569 0.745974
v 0.255923 -0.734146 0.745974
v 0.282596 -0.725999 0.745974
v 0.737722 -0.322283 0.745974
v 0.748517 -0.297109 0.745974
v 0.748517 -0.297109 0.745974
v 0.756208 -0.277467 0.745974
v 0.689546 -0.418616 0.745974
v 0.697483 -0.404821 0.745974
v 0.650295 -0.481077 0.745974
v 0.655949 -0.472948 0.745974
v 0.618020 -0.518743 0.745974
v 0.633560 -0.502100 0.745974
v 0.583366 -0.555981 0.745974
v 0.593102 -0.546164 0.745974
v 0.593102 -0.546164 0.745974
v 0.605800 -0.531453 0.745974
v 0.545468 -0.588896 0.745974
v 0.550430 -0.584701 0.745974
v 0.550430 -0.584701 0.745974
v 0.557126 -0.579108 0.745974
v 0.506315 -0.618881 0.745974
v 0.506383 -0.618840 0.745974
v 0.506383 -0.618840 0.745974
v 0.506467 -0.618778 0.745974
v 0.505937 -0.619136 0.745974
v 0.506315 -0.618881 0.745974
v 0.428229 -0.664508 0.745974
v 0.449097 -0.654420 0.745974
v 0.697483 -0.404821 0.745974
v 0.714433 -0.375017 0.745974
v 0.717849 -0.368777 0.745974
v 0.730497 -0.339640 0.745974
v -0.045271 -0.771507 0.745974
v -0.035645 -0.771433 0.745974
v 0.001272 -0.770601 0.745974
v 0.015291 -0.770185 0.745974
v 0.816640 0.009298 0.746071
v -0.404856 0.678390 0.745974
v 0.595412 0.562226 0.745974
v -0.783286 0.088124 0.745974
v 0.401810 0.713212 0.745974
v 0.038874 -0.768396 0.745974
v -0.775066 -0.117690 0.745974
v 0.073987 -0.765926 0.745974
v -0.711672 0.344168 0.745974
v -0.454013 -0.661273 0.745974
v 0.689546 -0.418616 0.745974
v -0.781844 0.105269 0.745974
v -0.784225 0.080097 0.745974
v -0.767657 -0.151492 0.745974
v 0.630398 0.521064 0.745974
v 0.547658 0.606953 0.745974
v -0.328804 0.722010 0.745974
v -0.741847 -0.234284 0.745974
v 0.733857 -0.332471 0.745974
v 0.775821 0.180970 0.745974
v -0.785784 0.035593 0.745974
v -0.454044 0.646760 0.745974
v 0.164739 -0.753756 0.745974
v 0.816863 -0.075501 0.745974
v 0.021947 0.814187 0.745974
v 0.296717 0.762834 0.745974
v -0.194614 0.779575 0.745974
v -0.671209 0.443936 0.745974
v -0.698898 -0.387900 0.745974
v -0.035645 -0.771433 0.745974
v 0.243794 0.781351 0.745974
v -0.666122 0.452098 0.745974
v 0.790142 0.134681 0.745974
v 0.434289 0.695340 0.745974
v -0.166523 -0.765405 0.745974
v -0.585884 0.551763 0.745974
v -0.029901 0.811477 0.745974
v 0.506358 -0.618861 0.746052
v -0.251274 -0.752126 0.745974
v -0.109401 0.802006 0.745974
v -0.200478 -0.760126 0.745974
v 0.733678 0.323135 0.745974
v -0.395210 -0.696935 0.745974
v -0.687749 0.411155 0.745974
v -0.773161 -0.127851 0.745974
v -0.706785 -0.351711 0.745974
v -0.419712 0.669049 0.745974
v -0.237007 0.763814 0.745974
v -0.650347 -0.489230 0.745974
v 0.618020 -0.518743 0.745974
v -0.213865 -0.758094 0.745974
v 0.015291 -0.770185 0.745974
v 0.692936 0.425117 0.745974
v -0.313679 -0.730131 0.745974
v 0.207214 0.791049 0.745974
v 0.677799 0.454402 0.745974
v 0.099879 0.811063 0.745974
v -0.250580 -0.752331 0.745974
v -0.680476 -0.441145 0.745974
v 0.770166 -0.242740 0.745974
v -0.748751 0.245765 0.745974
v -0.420961 -0.682445 0.745974
v -0.497497 0.616870 0.745974
v 0.715037 0.373105 0.745974
v -0.132149 0.797403 0.745974
v -0.625530 0.509505 0.745974
v -0.756249 -0.188905 0.745974
v 0.816512 0.009914 0.745974
v -0.577246 -0.565896 0.745974
v 0.596821 0.560733 0.745974
v 0.706253 0.392972 0.745974
v -0.018764 0.812701 0.745974
v -0.229488 -0.755647 0.745974
v -0.178083 -0.763864 0.745974
v 0.599307 0.558045 0.745974
v -0.076794 -0.770646 0.745974
v -0.599582 0.538085 0.745974
v -0.302023 0.735043 0.745974
v 0.633560 -0.502100 0.745974
v 0.059498 0.813212 0.745974
v 0.465201 0.673358 0.745974
v 0.044667 -0.767907 0.745974
v 0.273145 0.771912 0.745974
v -0.787550 -0.019013 0.745974
v 0.748524 0.280706 0.745974
v 0.746968 0.286938 0.745974
v 0.282596 -0.725999 0.745974
v -0.776670 -0.109398 0.745974
v 0.775860 -0.227537 0.745974
v -0.721827 -0.294853 0.745974
v -0.301163 -0.735722 0.745974
v 0.191353 0.795348 0.745974
v -0.327631 0.722651 0.745974
v 0.180790 0.797740 0.745974
v -0.055108 0.809569 0.745974
v -0.785994 0.020867 0.745974
v -0.530982 -0.607270 0.745974
v 0.219308 0.788081 0.745974
v -0.572047 -0.570704 0.745974
v -0.360050 0.703930 0.745974
v -0.698818 -0.388253 0.745974
v -0.760012 0.212754 0.745974
v -0.299030 0.736650 0.745974
v -0.705612 -0.357059 0.745974
v -0.661698 0.459483 0.745974
v 0.796307 0.105691 0.745974
v -0.326701 0.723109 0.745974
v 0.653940 0.490173 0.745974
v -0.741350 -0.236217 0.745974
v 0.404512 -0.675990 0.745974
v -0.656567 0.467384 0.745974
v -0.756745 0.223031 0.745974
v 0.350457 0.739728 0.745974
v 0.618034 0.534501 0.745974
v 0.044829 0.813598 0.745974
v 0.083644 0.812055 0.745974
v -0.786313 -0.047679 0.745974
v -0.707460 0.357271 0.745974
v 0.193478 -0.748789 0.745974
v -0.733083 -0.259914 0.745974
v -0.737540 0.275510 0.745974
v -0.764384 0.196059 0.745974
v -0.742883 -0.231113 0.745974
v -0.377307 -0.703334 0.745974
v 0.663676 0.475599 0.745974
v 0.288213 -0.724147 0.745974
v 0.697483 -0.404821 0.745974
v 0.730497 -0.339640 0.745974
v 0.140107 0.805770 0.745974
v -0.768695 0.179069 0.745974
v 0.557126 -0.579108 0.745974
v -0.704793 -0.360703 0.745974
v -0.661326 -0.473846 0.745974
v -0.095001 0.804965 0.745974
v -0.629585 0.503904 0.745974
v 0.466925 -0.644563 0.745974
v -0.715954 0.331596 0.745974
v -0.565485 0.569333 0.745974
v 0.545468 -0.588896 0.745974
v 0.459831 0.677242 0.745974
v -0.203511 0.776603 0.745974
v 0.816628 0.009287 0.745974
v 0.799748 0.094121 0.745974
v -0.480821 -0.644052 0.745974
v -0.691089 -0.418801 0.745974
v 0.494632 0.651733 0.745974
v 0.669300 -0.452494 0.745974
v -0.784798 0.065804 0.745974
v 0.089166 -0.763571 0.745974
v 0.337701 -0.706273 0.745974
v 0.321404 -0.711569 0.745974
v 0.737722 -0.322283 0.745974
v 0.103369 -0.762073 0.745974
v -0.523132 -0.613710 0.745974
v -0.474705 0.632200 0.745974
v -0.168250 0.787441 0.745974
v -0.321048 0.725897 0.745974
v -0.489924 0.621788 0.745974
v 0.506315 -0.618881 0.745974
v 0.816605 0.009435 0.745974
v 0.807965 0.051801 0.745974
v 0.748517 -0.297109 0.745974
v -0.739099 0.271407 0.745974
v -0.722902 0.310791 0.745974
v 0.777980 0.172637 0.745974
v -0.771071 0.168891 0.745974
v 0.714433 -0.375017 0.745974
v -0.543817 0.586841 0.745974
v -0.697612 0.386107 0.745974
v 0.163112 -0.753897 0.745974
v -0.125055 -0.768673 0.745974
v -0.738876 -0.243522 0.745974
v 0.593102 -0.546164 0.745974
v 0.811629 -0.099439 0.745974
v -0.428842 0.663466 0.745974
v 0.805976 -0.124663 0.745974
v -0.536139 0.591702 0.745974
v -0.712483 -0.325727 0.745974
v -0.062076 0.808827 0.745974
v -0.781155 0.112941 0.745974
v 0.583366 -0.555981 0.745974
v 0.797685 -0.158962 0.745974
v 0.482692 0.660695 0.745974
v -0.583558 -0.560243 0.745974
v -0.426208 -0.679439 0.745974
v -0.778203 0.132233 0.745974
v -0.606424 0.530627 0.745974
v -0.699409 -0.385603 0.745974
v 0.126593 -0.759907 0.745974
v 0.356709 -0.699646 0.745974
v -0.698684 -0.388677 0.745974
v 0.659898 0.481986 0.745974
v -0.775656 -0.114929 0.745974
v 0.392009 0.718381 0.745974
v -0.769319 -0.145292 0.745974
v -0.751686 -0.204576 0.745974
v -0.520152 0.601203 0.745974
v 0.505937 -0.619136 0.745974
v -0.506878 -0.626786 0.745974
v 0.224188 -0.741398 0.745974
v 0.717849 -0.368777 0.745974
v 0.449097 -0.654420 0.745974
v 0.145858 0.804686 0.745974
v 0.517618 0.633181 0.745974
v -0.350939 -0.715632 0.745974
v 0.116435 0.808606 0.745974
v -0.380082 0.693108 0.745974
v 0.767953 0.211669 0.745974
v 0.777794 0.173237 0.745974
v 0.387268 -0.684313 0.745974
v -0.531961 -0.606408 0.745974
v 0.650295 -0.481077 0.745974
v -0.153698 0.791506 0.745974
v -0.622798 0.512624 0.745974
v 0.020773 0.814170 0.745974
v 0.290800 -0.723306 0.745974
v -0.462337 0.640955 0.745974
v 0.744324 0.293868 0.745974
v 0.804044 0.070579 0.745974
v -0.786952 -0.001841 0.745974
v 0.211696 -0.744775 0.745974
v 0.400076 0.714203 0.745974
v -0.758711 0.216739 0.745974
v -0.055348 -0.771334 0.745974
v 0.157539 -0.755062 0.745974
v -0.673504 -0.454086 0.745974
v -0.360062 -0.711508 0.745974
v 0.391444 -0.682222 0.745974
v -0.700737 0.377869 0.745974
v 0.690480 0.429697 0.745974
v -0.530133 -0.607955 0.745974
v -0.679112 0.429690 0.745974
v -0.250264 0.758352 0.745974
v -0.508642 -0.625496 0.745974
v 0.605800 -0.531453 0.745974
v -0.613722 -0.532532 0.745974
v 0.563624 0.589985 0.745974
v 0.538764 0.614029 0.745974
v -0.775827 0.145749 0.745974
v -0.780985 -0.083818 0.745974
v 0.808785 -0.116034 0.745974
v -0.393695 0.684697 0.745974
v 0.255923 -0.734146 0.745974
v -0.677756 -0.447194 0.745974
v 0.639623 0.508655 0.745974
v -0.294301 0.738821 0.745974
v -0.143076 -0.767388 0.745974
v -0.643357 0.485730 0.745974
v 0.139143 0.805913 0.745974
v -0.744861 0.256082 0.745974
v -0.057014 0.809527 0.745974
v 0.185313 0.796606 0.745974
v -0.051106 0.809938 0.745974
v -0.774362 0.153876 0.745974
v -0.770210 -0.141602 0.745974
v 0.798919 -0.154830 0.745974
v 0.779804 -0.215525 0.745974
v 0.758417 0.249720 0.745974
v 0.695836 0.418687 0.745974
v -0.728815 0.296652 0.745974
v -0.554023 -0.586620 0.745974
v -0.785380 0.047252 0.745974
v 0.506467 -0.618778 0.745974
v 0.810048 0.042134 0.745974
v -0.452171 0.648145 0.745974
v -0.463870 -0.655329 0.745974
v 0.762951 -0.262599 0.745974
v -0.287232 -0.741401 0.745974
v -0.293205 -0.739552 0.745974
v 0.364920 0.732058 0.745974
v 0.428229 -0.664508 0.745974
v 0.787584 -0.191703 0.745974
v -0.717776 -0.308863 0.745974
v 0.675750 -0.442338 0.745974
v 0.377891 -0.689330 0.745974
v 0.329556 0.749187 0.745974
v 0.506383 -0.618840 0.745974
v -0.586711 0.551023 0.745974
v 0.720481 0.358818 0.745974
v 0.337856 0.745359 0.745974
v -0.109371 -0.769863 0.745974
v 0.777671 0.173699 0.745974
v -0.728976 -0.271843 0.745974
v 0.756208 -0.277467 0.745974
v 0.404672 0.711674 0.745974
v 0.359285 0.735434 0.745974
v -0.736438 0.278390 0.745974
v -0.149213 -0.766882 0.745974
v 0.550430 -0.584701 0.745974
v -0.690676 0.403493 0.745974
v -0.095453 -0.770270 0.745974
v 0.768320 0.209867 0.745974
v -0.721160 0.315775 0.745974
v -0.786056 -0.051881 0.745974
v 0.020067 0.814185 0.745974
v -0.323674 -0.726860 0.745974
v -0.586440 0.551262 0.745974
v -0.045271 -0.771507 0.745974
v 0.589918 0.566764 0.745974
v 0.729164 0.335895 0.745974
v -0.731600 -0.264295 0.745974
v 0.521861 0.629491 0.745974
v -0.642911 -0.499068 0.745974
v -0.612288 0.524444 0.745974
v -0.216487 0.771670 0.745974
v 0.140848 0.805667 0.745974
v -0.504290 -0.628533 0.745974
v 0.133248 -0.759098 0.745974
v 0.256842 0.777490 0.745974
v -0.409383 -0.689438 0.745974
v -0.014646 -0.770929 0.745974
v -0.435469 -0.673400 0.745974
v 0.655949 -0.472948 0.745974
v -0.548565 0.583022 0.745974
v -0.693927 0.395292 0.745974
v 0.571259 0.582704 0.745974
v 0.816653 0.009041 0.745974
v -0.783429 -0.070951 0.745974
v 0.575112 0.578761 0.745974
v 0.047437 -0.767667 0.745974
v -0.786030 0.014099 0.745974
v -0.722084 0.312938 0.745974
v -0.083684 -0.770453 0.745974
v -0.600645 -0.545094 0.745974
v 0.820257 -0.033592 0.745974
v -0.449039 0.650181 0.745974
v 0.767414 0.213549 0.745974
v -0.511590 0.607128 0.745974
v -0.622705 -0.522882 0.745974
v 0.422781 0.701194 0.745974
v -0.649749 0.476700 0.745974
v -0.760635 -0.174921 0.745974
v 0.017467 0.814073 0.745974
v 0.246231 -0.736449 0.745974
v -0.786860 -0.037407 0.745974
v -0.633126 -0.510881 0.745974
v -0.269076 0.750944 0.745974
v -0.354156 0.707298 0.745974
v 0.293389 0.764235 0.745974
v 0.817774 -0.059822 0.745974
v 0.001272 -0.770601 0.745974
vt 0.764630 0.455220
vt 0.626580 0.423570
vt 0.624150 0.423700
vt 0.614230 0.435570
vt 0.622510 0.476040
vt 0.614520 0.481000
vt 0.628620 0.484510
vt 0.611700 0.471480
vt 0.616740 0.493770
vt 0.594020 0.473960
vt 0.609650 0.477330
vt 0.506520 0.717210
vt 0.373700 0.690090
vt 0.769270 0.457730
vt 0.766660 0.463520
vt 0.761750 0.458000
vt 0.760150 0.450660
vt 0.765010 0.449400
vt 0.625890 0.416420
vt 0.628550 0.418540
vt 0.628050 0.428840
vt 0.625220 0.430820
vt 0.622890 0.415150
vt 0.622170 0.429560
vt 0.620750 0.422310
vt 0.616140 0.437450
vt 0.614200 0.439370
vt 0.612390 0.435940
vt 0.613880 0.431580
vt 0.616470 0.432940
vt 0.611070 0.431000
vt 0.625560 0.472530
vt 0.627540 0.474770
vt 0.624940 0.478030
vt 0.622010 0.471880
vt 0.624200 0.469900
vt 0.619910 0.476770
vt 0.620250 0.473120
vt 0.620520 0.481480
vt 0.618320 0.481330
vt 0.622970 0.482050
vt 0.611370 0.481890
vt 0.612400 0.480550
vt 0.614500 0.479280
vt 0.611500 0.484900
vt 0.609060 0.484250
vt 0.616350 0.477120
vt 0.617070 0.477320
vt 0.630500 0.482040
vt 0.632920 0.485410
vt 0.629930 0.487190
vt 0.626060 0.487800
vt 0.625830 0.483440
vt 0.627470 0.479650
vt 0.612500 0.471710
vt 0.613190 0.473450
vt 0.611680 0.472380
vt 0.610340 0.469410
vt 0.610910 0.469070
vt 0.618880 0.486990
vt 0.622250 0.487280
vt 0.622670 0.492430
vt 0.624730 0.497540
vt 0.619280 0.499570
vt 0.610290 0.499260
vt 0.607280 0.496570
vt 0.612540 0.491690
vt 0.615940 0.486500
vt 0.595180 0.475160
vt 0.591270 0.476520
vt 0.590710 0.474630
vt 0.590490 0.472670
vt 0.594650 0.472660
vt 0.597160 0.473900
vt 0.609740 0.478010
vt 0.607580 0.476380
vt 0.608080 0.475900
vt 0.608670 0.475490
vt 0.610460 0.477320
vt 0.611500 0.478520
vt 0.507260 0.714330
vt 0.513150 0.714450
vt 0.510250 0.718490
vt 0.503110 0.719790
vt 0.501820 0.716400
vt 0.506690 0.722750
vt 0.377520 0.689750
vt 0.376090 0.695140
vt 0.371260 0.694250
vt 0.371790 0.688020
vt 0.376980 0.685830
vt 0.366940 0.692830
vt 0.367930 0.700490
vt 0.362570 0.699100
vt 0.357450 0.697320
vt 0.362840 0.691050
vt 0.368830 0.685940
vt 0.358580 0.688950
vt 0.365390 0.683710
vt 0.372540 0.680180
vt 0.375100 0.682820
vt 0.379570 0.678230
vt 0.381360 0.681570
vt 0.382460 0.685460
vt 0.387600 0.681270
vt 0.388230 0.685700
vt 0.388150 0.690750
vt 0.382580 0.690200
vt 0.387140 0.696450
vt 0.381460 0.695920
vt 0.385410 0.702560
vt 0.379390 0.702170
vt 0.373540 0.701500
vt 0.376800 0.708710
vt 0.370440 0.708120
vt 0.364250 0.707160
vt 0.367090 0.714930
vt 0.360340 0.713890
vt 0.353730 0.712330
vt 0.358260 0.705690
vt 0.347310 0.710240
vt 0.352440 0.703780
vt 0.341050 0.707570
vt 0.346830 0.701370
vt 0.352510 0.695150
vt 0.341480 0.698480
vt 0.347800 0.692530
vt 0.354430 0.686600
vt 0.343320 0.689520
vt 0.350550 0.683860
vt 0.358370 0.678600
vt 0.361790 0.681180
vt 0.366720 0.674760
vt 0.369660 0.677510
vt 0.374960 0.672010
vt 0.377390 0.675110
vt 0.382880 0.670130
vt 0.384830 0.673660
vt 0.386410 0.677340
vt 0.392090 0.672690
vt 0.393240 0.676780
vt 0.393960 0.681190
vt 0.399960 0.676360
vt 0.400420 0.680980
vt 0.400510 0.685880
vt 0.394250 0.685930
vt 0.400170 0.691060
vt 0.394010 0.691080
vt 0.399350 0.696560
vt 0.393080 0.696680
vt 0.398130 0.702380
vt 0.391640 0.702630
vt 0.396680 0.708490
vt 0.389890 0.708880
vt 0.383280 0.708980
vt 0.388030 0.715370
vt 0.380990 0.715590
vt 0.373990 0.715490
vt 0.378600 0.722410
vt 0.371060 0.722370
vt 0.363550 0.721890
vt 0.367830 0.729350
vt 0.359620 0.728770
vt 0.351500 0.727520
vt 0.356140 0.720740
vt 0.343560 0.725540
vt 0.348860 0.718960
vt 0.335810 0.722900
vt 0.341770 0.716580
vt 0.328380 0.719510
vt 0.334900 0.713560
vt 0.321310 0.715400
vt 0.328350 0.709860
vt 0.335060 0.704330
vt 0.322240 0.705520
vt 0.329500 0.700440
vt 0.336410 0.695140
vt 0.324410 0.695950
vt 0.331820 0.691110
vt 0.339170 0.686030
vt 0.327680 0.686550
vt 0.335450 0.681970
vt 0.343450 0.677220
vt 0.346880 0.680750
vt 0.351910 0.672490
vt 0.355080 0.675740
vt 0.360780 0.668370
vt 0.363750 0.671760
vt 0.369690 0.665240
vt 0.372370 0.668760
vt 0.378410 0.662740
vt 0.380750 0.666500
vt 0.386730 0.660900
vt 0.388830 0.664800
vt 0.390530 0.668800
vt 0.396540 0.663550
vt 0.397980 0.667720
vt 0.399110 0.671990
vt 0.405250 0.666700
vt 0.406110 0.671160
vt 0.406720 0.675770
vt 0.413160 0.670160
vt 0.413610 0.674880
vt 0.413790 0.679760
vt 0.407030 0.680530
vt 0.413720 0.684770
vt 0.407030 0.685490
vt 0.413370 0.689950
vt 0.406670 0.690660
vt 0.412640 0.695350
vt 0.405910 0.696100
vt 0.411650 0.700970
vt 0.404820 0.701810
vt 0.410580 0.706800
vt 0.403580 0.707780
vt 0.409540 0.712830
vt 0.402340 0.713940
vt 0.395150 0.714830
vt 0.401110 0.720330
vt 0.393640 0.721340
vt 0.386130 0.722070
vt 0.391990 0.728110
vt 0.384050 0.728940
vt 0.376000 0.729400
vt 0.381570 0.736030
vt 0.372950 0.736460
vt 0.364190 0.736430
vt 0.369830 0.743730
vt 0.360410 0.743620
vt 0.350890 0.742910
vt 0.355320 0.735740
vt 0.341390 0.741470
vt 0.346520 0.734380
vt 0.332180 0.739160
vt 0.337920 0.732230
vt 0.323270 0.735910
vt 0.329580 0.729290
vt 0.314680 0.731710
vt 0.321590 0.725520
vt 0.314010 0.720920
vt 0.306920 0.715540
vt 0.314670 0.710630
vt 0.308720 0.705060
vt 0.316650 0.700610
vt 0.303430 0.698970
vt 0.311800 0.695000
vt 0.319830 0.690930
vt 0.307530 0.688970
vt 0.315880 0.685360
vt 0.323930 0.681570
vt 0.312400 0.679430
vt 0.320730 0.676110
vt 0.329020 0.672570
vt 0.332030 0.677480
vt 0.337460 0.668810
vt 0.340310 0.673230
vt 0.346140 0.664940
vt 0.348920 0.668890
vt 0.355120 0.661190
vt 0.357880 0.664880
vt 0.364250 0.657930
vt 0.366950 0.661590
vt 0.373210 0.655270
vt 0.375830 0.659040
vt 0.381920 0.653100
vt 0.384380 0.657040
vt 0.390410 0.651320
vt 0.392720 0.655400
vt 0.394760 0.659480
vt 0.400910 0.653900
vt 0.402710 0.658100
vt 0.404110 0.662370
vt 0.410560 0.656680
vt 0.411700 0.661080
vt 0.412520 0.665590
vt 0.419280 0.659730
vt 0.419900 0.664320
vt 0.420290 0.669040
vt 0.427300 0.663060
vt 0.427500 0.667830
vt 0.427620 0.672680
vt 0.420550 0.673840
vt 0.427640 0.677620
vt 0.420660 0.678770
vt 0.427490 0.682650
vt 0.420550 0.683810
vt 0.427140 0.687810
vt 0.420210 0.688990
vt 0.426530 0.693100
vt 0.419520 0.694350
vt 0.425740 0.698500
vt 0.418630 0.699870
vt 0.424890 0.704050
vt 0.417690 0.705560
vt 0.424020 0.709810
vt 0.416770 0.711440
vt 0.423120 0.715870
vt 0.415850 0.717580
vt 0.408520 0.719090
vt 0.414910 0.724060
vt 0.407450 0.725630
vt 0.399820 0.727010
vt 0.406240 0.732540
vt 0.398320 0.733960
vt 0.390050 0.735200
vt 0.396710 0.741220
vt 0.388020 0.742450
vt 0.379060 0.743330
vt 0.386180 0.749860
vt 0.376690 0.750720
vt 0.366960 0.751190
vt 0.374770 0.758200
vt 0.364550 0.758740
vt 0.353980 0.758820
vt 0.356920 0.751120
vt 0.343140 0.758280
vt 0.346680 0.750430
vt 0.336430 0.748970
vt 0.326540 0.746500
vt 0.298830 0.692430
vt 0.303820 0.682580
vt 0.300820 0.675710
vt 0.309380 0.673210
vt 0.298360 0.668550
vt 0.306960 0.666550
vt 0.315440 0.664270
vt 0.317890 0.670360
vt 0.323900 0.661720
vt 0.326330 0.667310
vt 0.332400 0.658930
vt 0.334850 0.664050
vt 0.341020 0.655960
vt 0.343530 0.660630
vt 0.349860 0.652890
vt 0.352480 0.657210
vt 0.358820 0.649930
vt 0.361570 0.654060
vt 0.367820 0.647240
vt 0.370580 0.651340
vt 0.376690 0.644850
vt 0.379370 0.649040
vt 0.385310 0.642790
vt 0.387930 0.647110
vt 0.393670 0.640930
vt 0.396320 0.645370
vt 0.398730 0.649710
vt 0.404610 0.643620
vt 0.407000 0.648010
vt 0.408970 0.652360
vt 0.415160 0.646300
vt 0.416980 0.650750
vt 0.418330 0.655240
vt 0.424930 0.649190
vt 0.426120 0.653760
vt 0.426870 0.658390
vt 0.433900 0.652330
vt 0.434480 0.657030
vt 0.434740 0.661800
vt 0.442110 0.655640
vt 0.442280 0.660420
vt 0.442300 0.665220
vt 0.434830 0.666580
vt 0.442210 0.670050
vt 0.434840 0.671420
vt 0.442050 0.674920
vt 0.434760 0.676340
vt 0.441820 0.679840
vt 0.434570 0.681340
vt 0.441470 0.684840
vt 0.434220 0.686440
vt 0.440980 0.689900
vt 0.433680 0.691620
vt 0.440330 0.695070
vt 0.432990 0.696890
vt 0.439520 0.700400
vt 0.432170 0.702320
vt 0.438540 0.705970
vt 0.431270 0.707970
vt 0.437510 0.711880
vt 0.430320 0.713940
vt 0.436550 0.718120
vt 0.429420 0.720280
vt 0.422230 0.722290
vt 0.428660 0.726940
vt 0.421370 0.729020
vt 0.413920 0.730910
vt 0.420620 0.736070
vt 0.412930 0.738020
vt 0.404980 0.739760
vt 0.412240 0.745260
vt 0.403920 0.747050
vt 0.395260 0.748620
vt 0.403380 0.754310
vt 0.394250 0.755930
vt 0.384730 0.757280
vt 0.393970 0.763170
vt 0.384030 0.764610
vt 0.373730 0.765730
vt 0.384410 0.771990
vt 0.373930 0.773360
vt 0.363130 0.774500
vt 0.363120 0.766500
vt 0.352200 0.766860
vt 0.296360 0.661140
vt 0.294930 0.653380
vt 0.303220 0.652320
vt 0.304900 0.659600
vt 0.311430 0.651020
vt 0.313310 0.657820
vt 0.319630 0.649440
vt 0.321690 0.655770
vt 0.327840 0.647600
vt 0.330070 0.653460
vt 0.336170 0.645500
vt 0.338570 0.650920
vt 0.344630 0.643200
vt 0.347230 0.648240
vt 0.353210 0.640780
vt 0.356030 0.645540
vt 0.361910 0.638360
vt 0.364910 0.642940
vt 0.370650 0.636010
vt 0.373750 0.640530
vt 0.379290 0.633760
vt 0.382440 0.638330
vt 0.387670 0.631680
vt 0.390830 0.636340
vt 0.395920 0.629660
vt 0.399050 0.634460
vt 0.401900 0.639150
vt 0.407150 0.632550
vt 0.410130 0.637250
vt 0.412840 0.641830
vt 0.418190 0.635430
vt 0.420990 0.640060
vt 0.423230 0.644650
vt 0.428970 0.638380
vt 0.431250 0.643040
vt 0.432830 0.647710
vt 0.439230 0.641480
vt 0.440750 0.646190
vt 0.441650 0.650910
vt 0.448630 0.644600
vt 0.449440 0.649370
vt 0.449800 0.654170
vt 0.457210 0.647710
vt 0.457570 0.652510
vt 0.457710 0.657280
vt 0.449920 0.658950
vt 0.457700 0.661990
vt 0.449900 0.663720
vt 0.457550 0.666690
vt 0.449770 0.668490
vt 0.457310 0.671420
vt 0.449570 0.673280
vt 0.456980 0.676180
vt 0.449290 0.678120
vt 0.456550 0.681000
vt 0.448910 0.683020
vt 0.456020 0.685880
vt 0.448420 0.687980
vt 0.455310 0.690880
vt 0.447760 0.693060
vt 0.454370 0.696060
vt 0.446920 0.698300
vt 0.453210 0.701530
vt 0.445880 0.703820
vt 0.451990 0.707300
vt 0.444750 0.709680
vt 0.450890 0.713260
vt 0.443720 0.715800
vt 0.450050 0.719420
vt 0.442960 0.722150
vt 0.435820 0.724670
vt 0.442580 0.728680
vt 0.435380 0.731400
vt 0.428080 0.733860
vt 0.435370 0.738230
vt 0.427880 0.740870
vt 0.420200 0.743220
vt 0.428360 0.747770
vt 0.420400 0.750270
vt 0.412080 0.752440
vt 0.421310 0.757100
vt 0.412590 0.759420
vt 0.403480 0.761440
vt 0.413800 0.766240
vt 0.404360 0.768440
vt 0.394550 0.770360
vt 0.406140 0.775360
vt 0.396200 0.777540
vt 0.385940 0.779470
vt 0.399040 0.784710
vt 0.388880 0.787030
vt 0.375460 0.781220
vt 0.293780 0.645340
vt 0.300850 0.636610
vt 0.301850 0.644680
vt 0.308550 0.636100
vt 0.309830 0.643810
vt 0.316220 0.635400
vt 0.317780 0.642690
vt 0.323940 0.634470
vt 0.325780 0.641290
vt 0.331770 0.633270
vt 0.333880 0.639650
vt 0.339720 0.631750
vt 0.342100 0.637730
vt 0.347800 0.630020
vt 0.350450 0.635630
vt 0.356050 0.628120
vt 0.358940 0.633440
vt 0.364400 0.626090
vt 0.367510 0.631220
vt 0.372800 0.624000
vt 0.376060 0.629010
vt 0.381190 0.621840
vt 0.384460 0.626840
vt 0.389500 0.619620
vt 0.392800 0.624670
vt 0.397630 0.617440
vt 0.400890 0.622600
vt 0.404010 0.627710
vt 0.408780 0.620560
vt 0.411970 0.625690
vt 0.415130 0.630680
vt 0.419900 0.623730
vt 0.423150 0.628770
vt 0.426200 0.633680
vt 0.431150 0.626890
vt 0.434250 0.631870
vt 0.436990 0.636760
vt 0.442250 0.630060
vt 0.445120 0.635010
vt 0.447210 0.639860
vt 0.453050 0.633170
vt 0.455130 0.638060
vt 0.456460 0.642900
vt 0.462960 0.636130
vt 0.464270 0.641030
vt 0.464990 0.645910
vt 0.472020 0.638980
vt 0.472860 0.643830
vt 0.473430 0.648580
vt 0.465430 0.650700
vt 0.473790 0.653240
vt 0.465670 0.655400
vt 0.473920 0.657860
vt 0.465720 0.660040
vt 0.473790 0.662470
vt 0.465570 0.664680
vt 0.473430 0.667110
vt 0.465270 0.669340
vt 0.472920 0.671800
vt 0.464870 0.674050
vt 0.472320 0.676530
vt 0.464380 0.678820
vt 0.471610 0.681330
vt 0.463770 0.683650
vt 0.470690 0.686220
vt 0.462950 0.688590
vt 0.469520 0.691300
vt 0.461890 0.693720
vt 0.468110 0.696670
vt 0.460610 0.699150
vt 0.466640 0.702140
vt 0.459280 0.704770
vt 0.465280 0.707740
vt 0.458060 0.710550
vt 0.464190 0.713470
vt 0.457110 0.716500
vt 0.463540 0.719310
vt 0.456600 0.722590
vt 0.449640 0.725740
vt 0.456730 0.728720
vt 0.449810 0.732100
vt 0.442680 0.735290
vt 0.450630 0.738430
vt 0.443450 0.741860
vt 0.436020 0.744960
vt 0.445020 0.748180
vt 0.437480 0.751440
vt 0.429590 0.754440
vt 0.439650 0.757670
vt 0.431480 0.760870
vt 0.422840 0.763730
vt 0.434030 0.767040
vt 0.425110 0.770130
vt 0.415770 0.772900
vt 0.428240 0.776280
vt 0.418750 0.779350
vt 0.408970 0.782170
vt 0.422690 0.785610
vt 0.412970 0.788820
vt 0.403040 0.791820
vt 0.417960 0.795380
vt 0.408430 0.798850
vt 0.300000 0.619290
vt 0.300230 0.628130
vt 0.307270 0.619190
vt 0.307690 0.627880
vt 0.314420 0.619080
vt 0.315070 0.627530
vt 0.321520 0.618930
vt 0.322480 0.627040
vt 0.328650 0.618630
vt 0.329980 0.626310
vt 0.335900 0.618040
vt 0.337620 0.625230
vt 0.343340 0.617140
vt 0.345400 0.623880
vt 0.350960 0.615990
vt 0.353350 0.622330
vt 0.358750 0.614570
vt 0.361460 0.620570
vt 0.366660 0.612900
vt 0.369640 0.618650
vt 0.374650 0.611050
vt 0.377860 0.616610
vt 0.382710 0.609020
vt 0.386090 0.614440
vt 0.390790 0.606830
vt 0.394270 0.612200
vt 0.398790 0.604570
vt 0.402300 0.609980
vt 0.405560 0.615360
vt 0.410110 0.607840
vt 0.413400 0.613240
vt 0.416620 0.618590
vt 0.421130 0.611230
vt 0.424480 0.616570
vt 0.427820 0.621820
vt 0.432280 0.614580
vt 0.435710 0.619840
vt 0.439060 0.625030
vt 0.443490 0.617820
vt 0.446910 0.623020
vt 0.450120 0.628170
vt 0.454670 0.620920
vt 0.457940 0.626090
vt 0.460840 0.631190
vt 0.465720 0.623860
vt 0.468550 0.628970
vt 0.470660 0.634030
vt 0.476120 0.626630
vt 0.478240 0.631730
vt 0.479750 0.636720
vt 0.485790 0.629280
vt 0.487470 0.634240
vt 0.488750 0.639070
vt 0.480800 0.641530
vt 0.489630 0.643790
vt 0.481520 0.646250
vt 0.490210 0.648450
vt 0.481980 0.650900
vt 0.490480 0.653070
vt 0.482190 0.655510
vt 0.490390 0.657700
vt 0.482080 0.660130
vt 0.490010 0.662360
vt 0.481690 0.664770
vt 0.489360 0.667060
vt 0.481100 0.669460
vt 0.488550 0.671800
vt 0.480390 0.674180
vt 0.487580 0.676600
vt 0.479560 0.678960
vt 0.486420 0.681470
vt 0.478540 0.683830
vt 0.485000 0.686470
vt 0.477230 0.688880
vt 0.483370 0.691640
vt 0.475690 0.694140
vt 0.481670 0.696810
vt 0.474090 0.699470
vt 0.480020 0.701990
vt 0.472590 0.704860
vt 0.478580 0.707220
vt 0.471330 0.710340
vt 0.477470 0.712490
vt 0.470470 0.715910
vt 0.476910 0.717830
vt 0.470210 0.721540
vt 0.463510 0.725190
vt 0.470740 0.727140
vt 0.464250 0.731030
vt 0.457560 0.734800
vt 0.465820 0.736700
vt 0.459210 0.740720
vt 0.452230 0.744610
vt 0.461650 0.746360
vt 0.454710 0.750410
vt 0.447360 0.754180
vt 0.457900 0.755870
vt 0.450420 0.759860
vt 0.442450 0.763610
vt 0.454080 0.765270
vt 0.445980 0.769240
vt 0.437310 0.772930
vt 0.450130 0.774650
vt 0.441390 0.778570
vt 0.432170 0.782240
vt 0.446020 0.784100
vt 0.436860 0.788040
vt 0.427400 0.791790
vt 0.442110 0.793810
vt 0.432960 0.797920
vt 0.423800 0.801960
vt 0.439370 0.803980
vt 0.300660 0.600880
vt 0.300180 0.610180
vt 0.307710 0.600880
vt 0.307320 0.610170
vt 0.314580 0.600800
vt 0.314300 0.610130
vt 0.321280 0.600770
vt 0.321160 0.610140
vt 0.327830 0.600910
vt 0.327940 0.610160
vt 0.334340 0.601130
vt 0.334780 0.610040
vt 0.340940 0.601240
vt 0.341800 0.609660
vt 0.347690 0.601100
vt 0.349030 0.608980
vt 0.354630 0.600570
vt 0.356430 0.607960
vt 0.361760 0.599650
vt 0.364000 0.606620
vt 0.369020 0.598410
vt 0.371690 0.605040
vt 0.376410 0.596900
vt 0.379490 0.603230
vt 0.383940 0.595100
vt 0.387340 0.601190
vt 0.391560 0.593020
vt 0.395210 0.598950
vt 0.399200 0.590770
vt 0.402950 0.596690
vt 0.406560 0.602400
vt 0.410670 0.594480
vt 0.414270 0.600190
vt 0.417750 0.605790
vt 0.421930 0.598040
vt 0.425400 0.603660
vt 0.428820 0.609220
vt 0.432990 0.601540
vt 0.436470 0.607080
vt 0.439980 0.612540
vt 0.444060 0.604900
vt 0.447640 0.610340
vt 0.451190 0.615710
vt 0.455240 0.608050
vt 0.458850 0.613400
vt 0.462390 0.618690
vt 0.466490 0.610990
vt 0.470080 0.616260
vt 0.473340 0.621500
vt 0.477620 0.613760
vt 0.480840 0.619010
vt 0.483600 0.624220
vt 0.488270 0.616490
vt 0.491080 0.621690
vt 0.493360 0.626770
vt 0.498540 0.619090
vt 0.500960 0.624100
vt 0.502960 0.628980
vt 0.495200 0.631680
vt 0.504590 0.633770
vt 0.496660 0.636490
vt 0.505820 0.638510
vt 0.497740 0.641220
vt 0.506640 0.643210
vt 0.498450 0.645890
vt 0.507060 0.647910
vt 0.498780 0.650540
vt 0.507080 0.652610
vt 0.498740 0.655220
vt 0.506700 0.657370
vt 0.498360 0.659920
vt 0.506010 0.662170
vt 0.497660 0.664660
vt 0.505070 0.666990
vt 0.496760 0.669440
vt 0.503920 0.671850
vt 0.495700 0.674250
vt 0.502560 0.676740
vt 0.494420 0.679130
vt 0.500970 0.681680
vt 0.492910 0.684080
vt 0.499190 0.686670
vt 0.491200 0.689140
vt 0.497290 0.691630
vt 0.489400 0.694180
vt 0.495380 0.696480
vt 0.487610 0.699170
vt 0.493550 0.701250
vt 0.485960 0.704140
vt 0.491910 0.705940
vt 0.484590 0.709120
vt 0.490590 0.710600
vt 0.483650 0.714130
vt 0.489830 0.715280
vt 0.483430 0.719170
vt 0.477110 0.723170
vt 0.484190 0.724160
vt 0.478290 0.728410
vt 0.472160 0.732600
vt 0.480430 0.733420
vt 0.474430 0.737840
vt 0.468190 0.742150
vt 0.477600 0.742760
vt 0.471440 0.747260
vt 0.464860 0.751650
vt 0.475370 0.752060
vt 0.468770 0.756630
vt 0.461660 0.761070
vt 0.473230 0.761330
vt 0.466050 0.766000
vt 0.458320 0.770460
vt 0.470930 0.770680
vt 0.463150 0.775400
vt 0.454790 0.779910
vt 0.468380 0.780160
vt 0.459990 0.784970
vt 0.451140 0.789550
vt 0.465660 0.789830
vt 0.456940 0.794760
vt 0.448040 0.799500
vt 0.463410 0.799720
vt 0.454980 0.804860
vt 0.446730 0.809900
vt 0.462740 0.809900
vt 0.308340 0.582060
vt 0.308130 0.591460
vt 0.315290 0.581750
vt 0.314990 0.591270
vt 0.322040 0.581480
vt 0.321650 0.591140
vt 0.328600 0.581410
vt 0.328140 0.591210
vt 0.334980 0.581660
vt 0.334500 0.591540
vt 0.341230 0.582100
vt 0.340840 0.591930
vt 0.347430 0.582560
vt 0.347220 0.592210
vt 0.353580 0.582820
vt 0.353690 0.592180
vt 0.359730 0.582730
vt 0.360280 0.591740
vt 0.365930 0.582210
vt 0.366990 0.590890
vt 0.372180 0.581370
vt 0.373810 0.589730
vt 0.378510 0.580340
vt 0.380780 0.588290
vt 0.385150 0.579020
vt 0.388020 0.586500
vt 0.392430 0.577290
vt 0.395580 0.584360
vt 0.399950 0.575580
vt 0.403240 0.582290
vt 0.406920 0.588600
vt 0.410960 0.580290
vt 0.414700 0.586400
vt 0.418360 0.592330
vt 0.422470 0.584220
vt 0.426060 0.590100
vt 0.429550 0.595890
vt 0.433660 0.587900
vt 0.437070 0.593680
vt 0.440520 0.599370
vt 0.444510 0.591430
vt 0.448030 0.597070
vt 0.451600 0.602640
vt 0.455490 0.594710
vt 0.459120 0.600220
vt 0.462810 0.605660
vt 0.466610 0.597720
vt 0.470350 0.603110
vt 0.474050 0.608480
vt 0.477810 0.600560
vt 0.481520 0.605900
vt 0.485040 0.611240
vt 0.488920 0.603330
vt 0.492430 0.608650
vt 0.495660 0.613950
vt 0.499780 0.606040
vt 0.503060 0.611250
vt 0.506030 0.616370
vt 0.510490 0.608400
vt 0.513570 0.613360
vt 0.516250 0.618230
vt 0.508610 0.621290
vt 0.518520 0.623060
vt 0.510770 0.626120
vt 0.520350 0.627880
vt 0.512520 0.630900
vt 0.521790 0.632710
vt 0.513850 0.635660
vt 0.522850 0.637550
vt 0.514810 0.640420
vt 0.523500 0.642400
vt 0.515340 0.645160
vt 0.523640 0.647280
vt 0.515420 0.649930
vt 0.523320 0.652200
vt 0.515050 0.654770
vt 0.522650 0.657140
vt 0.514370 0.659630
vt 0.521650 0.662120
vt 0.513390 0.664530
vt 0.520390 0.667120
vt 0.512170 0.669460
vt 0.518950 0.672110
vt 0.510760 0.674390
vt 0.517340 0.677080
vt 0.509140 0.679320
vt 0.515500 0.682020
vt 0.507310 0.684270
vt 0.513530 0.686880
vt 0.505350 0.689170
vt 0.511490 0.691590
vt 0.503350 0.693940
vt 0.509480 0.696190
vt 0.501390 0.698570
vt 0.507480 0.700560
vt 0.499530 0.703040
vt 0.505510 0.704740
vt 0.497830 0.707390
vt 0.503610 0.708820
vt 0.496500 0.711700
vt 0.502200 0.712710
vt 0.495930 0.715950
vt 0.490000 0.719930
vt 0.496610 0.720060
vt 0.491430 0.724420
vt 0.486070 0.728940
vt 0.494140 0.728630
vt 0.489010 0.733440
vt 0.483460 0.738160
vt 0.492810 0.737480
vt 0.487320 0.742450
vt 0.481500 0.747340
vt 0.491810 0.746350
vt 0.486070 0.751520
vt 0.479880 0.756530
vt 0.491120 0.755380
vt 0.484910 0.760670
vt 0.478150 0.765780
vt 0.490280 0.764560
vt 0.483510 0.769950
vt 0.476200 0.775180
vt 0.489190 0.773940
vt 0.481930 0.779420
vt 0.474020 0.784740
vt 0.488080 0.783460
vt 0.480220 0.789000
vt 0.471870 0.794460
vt 0.486920 0.793040
vt 0.478810 0.798730
vt 0.470620 0.804400
vt 0.486240 0.802810
vt 0.478530 0.808750
vt 0.471020 0.814720
vt 0.486820 0.812940
vt 0.308250 0.572820
vt 0.315030 0.563270
vt 0.315340 0.572400
vt 0.322160 0.562740
vt 0.322250 0.571990
vt 0.329070 0.562330
vt 0.328970 0.571760
vt 0.335760 0.562150
vt 0.335480 0.571830
vt 0.342200 0.562240
vt 0.341800 0.572160
vt 0.348420 0.562470
vt 0.347960 0.572560
vt 0.354500 0.562710
vt 0.354010 0.572850
vt 0.360500 0.562800
vt 0.359990 0.572870
vt 0.366490 0.562680
vt 0.365960 0.572560
vt 0.372500 0.562380
vt 0.371970 0.571990
vt 0.378560 0.561960
vt 0.378010 0.571270
vt 0.384680 0.561470
vt 0.384150 0.570440
vt 0.390920 0.560970
vt 0.390670 0.569440
vt 0.397370 0.560420
vt 0.397860 0.568280
vt 0.403840 0.559810
vt 0.405030 0.567040
vt 0.407510 0.573890
vt 0.412300 0.565580
vt 0.415220 0.572000
vt 0.418770 0.578240
vt 0.423030 0.570000
vt 0.426600 0.576090
vt 0.430190 0.582060
vt 0.434390 0.573940
vt 0.437830 0.579860
vt 0.441150 0.585710
vt 0.445460 0.577650
vt 0.448650 0.583410
vt 0.451960 0.589100
vt 0.456170 0.581090
vt 0.459440 0.586680
vt 0.462940 0.592260
vt 0.466970 0.584230
vt 0.470480 0.589710
vt 0.474090 0.595200
vt 0.477980 0.587210
vt 0.481560 0.592620
vt 0.485230 0.598010
vt 0.489010 0.590070
vt 0.492630 0.595410
vt 0.496270 0.600750
vt 0.500030 0.592790
vt 0.503620 0.598070
vt 0.507140 0.603310
vt 0.510990 0.595260
vt 0.514560 0.600340
vt 0.517990 0.605290
vt 0.522100 0.597080
vt 0.525570 0.601850
vt 0.528720 0.606600
vt 0.521140 0.610120
vt 0.531420 0.611410
vt 0.523860 0.614940
vt 0.533730 0.616300
vt 0.526180 0.619780
vt 0.535640 0.621270
vt 0.528070 0.624680
vt 0.537180 0.626320
vt 0.529570 0.629610
vt 0.538410 0.631410
vt 0.530730 0.634580
vt 0.539240 0.636530
vt 0.531470 0.639570
vt 0.539610 0.641680
vt 0.531710 0.644580
vt 0.539520 0.646820
vt 0.531470 0.649610
vt 0.538980 0.651970
vt 0.530840 0.654640
vt 0.538060 0.657130
vt 0.529860 0.659710
vt 0.536850 0.662300
vt 0.528610 0.664780
vt 0.535410 0.667480
vt 0.527160 0.669850
vt 0.533780 0.672640
vt 0.525550 0.674900
vt 0.531960 0.677780
vt 0.523740 0.679900
vt 0.529970 0.682840
vt 0.521790 0.684800
vt 0.527850 0.687820
vt 0.519750 0.689570
vt 0.525650 0.692650
vt 0.517690 0.694160
vt 0.523360 0.697360
vt 0.515610 0.698560
vt 0.520970 0.701940
vt 0.513430 0.702800
vt 0.518420 0.706360
vt 0.511070 0.706990
vt 0.515790 0.710510
vt 0.508890 0.710830
vt 0.525200 0.706410
vt 0.522210 0.711130
vt 0.518970 0.715790
vt 0.528250 0.711950
vt 0.524630 0.717170
vt 0.520740 0.722410
vt 0.515410 0.720510
vt 0.516540 0.727760
vt 0.511460 0.725410
vt 0.512050 0.733220
vt 0.507130 0.730530
vt 0.502560 0.727500
vt 0.502370 0.735780
vt 0.497930 0.732440
vt 0.498840 0.723950
vt 0.497230 0.741100
vt 0.507250 0.738780
vt 0.502190 0.744350
vt 0.496820 0.749920
vt 0.507540 0.747320
vt 0.502250 0.753190
vt 0.496510 0.758980
vt 0.507900 0.756280
vt 0.502180 0.762350
vt 0.495910 0.768270
vt 0.508040 0.765630
vt 0.501910 0.771790
vt 0.495280 0.777760
vt 0.508330 0.775110
vt 0.501870 0.781270
vt 0.494670 0.787280
vt 0.508830 0.784550
vt 0.501740 0.790770
vt 0.494080 0.796900
vt 0.509110 0.794130
vt 0.501670 0.800470
vt 0.494090 0.806760
vt 0.509540 0.803940
vt 0.502360 0.810460
vt 0.495450 0.817020
vt 0.510950 0.814040
vt 0.314410 0.554260
vt 0.320880 0.544680
vt 0.321680 0.553680
vt 0.328160 0.544000
vt 0.328800 0.553090
vt 0.335270 0.543410
vt 0.335690 0.552680
vt 0.342160 0.543040
vt 0.342330 0.552490
vt 0.348860 0.542900
vt 0.348740 0.552520
vt 0.355330 0.543040
vt 0.354980 0.552730
vt 0.361660 0.543260
vt 0.361110 0.552900
vt 0.367920 0.543420
vt 0.367200 0.552940
vt 0.374140 0.543530
vt 0.373290 0.552870
vt 0.380330 0.543600
vt 0.379410 0.552740
vt 0.386510 0.543660
vt 0.385570 0.552560
vt 0.392720 0.543690
vt 0.391810 0.552360
vt 0.398960 0.543700
vt 0.398100 0.552130
vt 0.405240 0.543610
vt 0.404430 0.551820
vt 0.411570 0.543310
vt 0.410840 0.551250
vt 0.410480 0.558860
vt 0.417520 0.550280
vt 0.417610 0.557300
vt 0.419850 0.563780
vt 0.425130 0.555620
vt 0.427660 0.561810
vt 0.430910 0.567940
vt 0.435500 0.559790
vt 0.438760 0.565810
vt 0.442140 0.571800
vt 0.446540 0.563680
vt 0.449840 0.569590
vt 0.453050 0.575410
vt 0.457500 0.567370
vt 0.460640 0.573100
vt 0.463710 0.578720
vt 0.468190 0.570750
vt 0.471280 0.576290
vt 0.474510 0.581780
vt 0.478830 0.573900
vt 0.482080 0.579310
vt 0.485480 0.584710
vt 0.489590 0.576830
vt 0.492960 0.582170
vt 0.496450 0.587500
vt 0.500430 0.579600
vt 0.503860 0.584840
vt 0.507400 0.590080
vt 0.511270 0.582100
vt 0.514800 0.587200
vt 0.518450 0.592210
vt 0.522320 0.584060
vt 0.526050 0.588850
vt 0.529750 0.593550
vt 0.533760 0.585260
vt 0.537460 0.589830
vt 0.540850 0.594460
vt 0.533220 0.598210
vt 0.543820 0.599190
vt 0.536290 0.602920
vt 0.546370 0.604050
vt 0.538920 0.607750
vt 0.548590 0.609040
vt 0.541190 0.612690
vt 0.550490 0.614130
vt 0.543100 0.617750
vt 0.552120 0.619290
vt 0.544680 0.622870
vt 0.553460 0.624490
vt 0.545970 0.628030
vt 0.554470 0.629730
vt 0.546890 0.633240
vt 0.555120 0.635020
vt 0.547400 0.638470
vt 0.555320 0.640350
vt 0.547470 0.643710
vt 0.555040 0.645770
vt 0.547090 0.648970
vt 0.554280 0.651270
vt 0.546260 0.654280
vt 0.553120 0.656840
vt 0.545080 0.659630
vt 0.551620 0.662440
vt 0.543630 0.664980
vt 0.549840 0.668060
vt 0.541920 0.670330
vt 0.547810 0.673670
vt 0.540000 0.675670
vt 0.545560 0.679260
vt 0.537900 0.680990
vt 0.543110 0.684830
vt 0.535640 0.686250
vt 0.540450 0.690400
vt 0.533220 0.691450
vt 0.537610 0.695930
vt 0.530670 0.696550
vt 0.534670 0.701360
vt 0.528000 0.701550
vt 0.531600 0.706700
vt 0.541060 0.701290
vt 0.537700 0.707060
vt 0.534100 0.712820
vt 0.543660 0.707530
vt 0.539870 0.713630
vt 0.535860 0.719690
vt 0.530230 0.718470
vt 0.531670 0.725710
vt 0.526130 0.724140
vt 0.527320 0.731740
vt 0.521820 0.729850
vt 0.522800 0.737810
vt 0.517290 0.735620
vt 0.518090 0.743940
vt 0.512540 0.741450
vt 0.513160 0.750130
vt 0.523850 0.746300
vt 0.518970 0.752790
vt 0.513690 0.759300
vt 0.524910 0.755350
vt 0.519770 0.762110
vt 0.514230 0.768750
vt 0.526160 0.764710
vt 0.520900 0.771540
vt 0.515180 0.778190
vt 0.527950 0.774070
vt 0.522420 0.780940
vt 0.516100 0.787670
vt 0.529850 0.783500
vt 0.523600 0.790500
vt 0.516700 0.797360
vt 0.531260 0.793190
vt 0.524600 0.800300
vt 0.517690 0.807280
vt 0.532750 0.803020
vt 0.526200 0.810270
vt 0.519830 0.817450
vt 0.535030 0.812920
vt 0.327170 0.534940
vt 0.333350 0.525320
vt 0.334490 0.534300
vt 0.340850 0.524910
vt 0.341660 0.533870
vt 0.348190 0.524690
vt 0.348680 0.533650
vt 0.355330 0.524660
vt 0.355490 0.533690
vt 0.362220 0.524810
vt 0.362090 0.533920
vt 0.368900 0.525070
vt 0.368550 0.534160
vt 0.375460 0.525330
vt 0.374940 0.534360
vt 0.381940 0.525560
vt 0.381260 0.534530
vt 0.388340 0.525760
vt 0.387510 0.534700
vt 0.394640 0.525990
vt 0.393710 0.534880
vt 0.400850 0.526250
vt 0.399890 0.535070
vt 0.406990 0.526490
vt 0.406070 0.535170
vt 0.413110 0.526620
vt 0.412300 0.535090
vt 0.419280 0.526550
vt 0.418600 0.534780
vt 0.418020 0.542730
vt 0.425010 0.534150
vt 0.424630 0.541810
vt 0.424480 0.549020
vt 0.431390 0.540560
vt 0.431640 0.547430
vt 0.432790 0.553750
vt 0.438990 0.545530
vt 0.440630 0.551630
vt 0.443360 0.557680
vt 0.448360 0.549500
vt 0.451140 0.555520
vt 0.454270 0.561520
vt 0.458850 0.553340
vt 0.461930 0.559270
vt 0.465080 0.565110
vt 0.469510 0.557010
vt 0.472610 0.562770
vt 0.475710 0.568390
vt 0.480100 0.560450
vt 0.483200 0.566010
vt 0.486350 0.571450
vt 0.490650 0.563600
vt 0.493810 0.568980
vt 0.497070 0.574310
vt 0.501250 0.566450
vt 0.504520 0.571730
vt 0.507870 0.576950
vt 0.511970 0.569070
vt 0.515320 0.574150
vt 0.518740 0.579150
vt 0.522810 0.571120
vt 0.526290 0.575930
vt 0.529960 0.580650
vt 0.533940 0.572460
vt 0.537690 0.577010
vt 0.541510 0.581540
vt 0.545410 0.573300
vt 0.549160 0.577780
vt 0.552710 0.582370
vt 0.545150 0.586090
vt 0.555880 0.587080
vt 0.548430 0.590730
vt 0.558660 0.591920
vt 0.551280 0.595510
vt 0.561090 0.596880
vt 0.553760 0.600430
vt 0.563310 0.601890
vt 0.555960 0.605440
vt 0.565240 0.606960
vt 0.557860 0.610550
vt 0.566910 0.612090
vt 0.559520 0.615690
vt 0.568360 0.617280
vt 0.560920 0.620890
vt 0.569480 0.622610
vt 0.562000 0.626180
vt 0.570260 0.628050
vt 0.562740 0.631530
vt 0.570550 0.633600
vt 0.563000 0.636960
vt 0.570270 0.639360
vt 0.562750 0.642550
vt 0.569500 0.645320
vt 0.562040 0.648260
vt 0.568250 0.651450
vt 0.560860 0.654080
vt 0.566630 0.657630
vt 0.559300 0.659970
vt 0.564680 0.663860
vt 0.557430 0.665890
vt 0.562440 0.670120
vt 0.555300 0.671810
vt 0.559890 0.676390
vt 0.552910 0.677720
vt 0.557010 0.682680
vt 0.550230 0.683650
vt 0.553910 0.688970
vt 0.547320 0.689590
vt 0.550660 0.695210
vt 0.544260 0.695470
vt 0.547260 0.701410
vt 0.556850 0.695090
vt 0.553270 0.701630
vt 0.549520 0.708130
vt 0.559150 0.701990
vt 0.555300 0.708770
vt 0.551320 0.715510
vt 0.545590 0.714550
vt 0.547220 0.722140
vt 0.541510 0.720920
vt 0.543020 0.728720
vt 0.537300 0.727220
vt 0.538720 0.735280
vt 0.532960 0.733520
vt 0.534310 0.741900
vt 0.528480 0.739890
vt 0.529730 0.748610
vt 0.540330 0.743810
vt 0.535850 0.750720
vt 0.531110 0.757730
vt 0.542180 0.752680
vt 0.537620 0.759850
vt 0.532920 0.767040
vt 0.544470 0.761710
vt 0.540060 0.769030
vt 0.535280 0.776360
vt 0.547440 0.770790
vt 0.542780 0.778340
vt 0.537380 0.785900
vt 0.550400 0.780090
vt 0.545100 0.787890
vt 0.539150 0.795620
vt 0.553030 0.789540
vt 0.547320 0.797540
vt 0.541200 0.805400
vt 0.555690 0.799070
vt 0.549910 0.807190
vt 0.544150 0.815190
vt 0.558820 0.808590
vt 0.553460 0.816830
vt 0.331940 0.516390
vt 0.338420 0.507340
vt 0.339740 0.516080
vt 0.346340 0.507180
vt 0.347410 0.515880
vt 0.354050 0.507030
vt 0.354860 0.515800
vt 0.361510 0.506970
vt 0.362030 0.515830
vt 0.368710 0.507080
vt 0.368940 0.516030
vt 0.375660 0.507370
vt 0.375670 0.516330
vt 0.382460 0.507730
vt 0.382320 0.516630
vt 0.389150 0.508080
vt 0.388880 0.516890
vt 0.395770 0.508390
vt 0.395360 0.517150
vt 0.402290 0.508640
vt 0.401720 0.517400
vt 0.408690 0.508880
vt 0.407950 0.517660
vt 0.414930 0.509160
vt 0.414060 0.517940
vt 0.421040 0.509420
vt 0.420160 0.518090
vt 0.427120 0.509550
vt 0.426320 0.518010
vt 0.425550 0.526220
vt 0.432570 0.517620
vt 0.431960 0.525550
vt 0.431540 0.533210
vt 0.438490 0.524580
vt 0.438230 0.531950
vt 0.438340 0.538970
vt 0.445110 0.530410
vt 0.445470 0.537110
vt 0.446480 0.543440
vt 0.452710 0.535200
vt 0.453980 0.541370
vt 0.456050 0.547370
vt 0.461500 0.539300
vt 0.463700 0.545230
vt 0.466500 0.551150
vt 0.471350 0.543140
vt 0.474100 0.548960
vt 0.477040 0.554750
vt 0.481630 0.546790
vt 0.484530 0.552460
vt 0.487560 0.558090
vt 0.491970 0.550160
vt 0.494980 0.555680
vt 0.498070 0.561110
vt 0.502360 0.553250
vt 0.505440 0.558590
vt 0.508680 0.563850
vt 0.512770 0.556040
vt 0.516060 0.561180
vt 0.519430 0.566210
vt 0.523480 0.558260
vt 0.526910 0.563100
vt 0.530380 0.567830
vt 0.534430 0.559770
vt 0.537980 0.564340
vt 0.541650 0.568820
vt 0.545580 0.560720
vt 0.549290 0.565120
vt 0.553040 0.569550
vt 0.556820 0.561380
vt 0.560480 0.565800
vt 0.564040 0.570360
vt 0.556700 0.574080
vt 0.567370 0.575060
vt 0.560120 0.578720
vt 0.570430 0.579870
vt 0.563190 0.583510
vt 0.573210 0.584730
vt 0.565960 0.588380
vt 0.575700 0.589680
vt 0.568430 0.593330
vt 0.577940 0.594700
vt 0.570660 0.598320
vt 0.579930 0.599790
vt 0.572610 0.603390
vt 0.581630 0.605030
vt 0.574300 0.608530
vt 0.583040 0.610400
vt 0.575740 0.613780
vt 0.584110 0.615950
vt 0.576880 0.619190
vt 0.584850 0.621690
vt 0.577630 0.624760
vt 0.585050 0.627650
vt 0.577900 0.630480
vt 0.584560 0.633850
vt 0.577540 0.636420
vt 0.583500 0.640300
vt 0.576630 0.642630
vt 0.582070 0.646940
vt 0.575320 0.649020
vt 0.580320 0.653680
vt 0.573630 0.655500
vt 0.578180 0.660500
vt 0.571590 0.662040
vt 0.575690 0.667400
vt 0.569210 0.668630
vt 0.572880 0.674360
vt 0.566520 0.675260
vt 0.569760 0.681320
vt 0.563500 0.681910
vt 0.566400 0.688260
vt 0.560260 0.688530
vt 0.562870 0.695180
vt 0.572370 0.688250
vt 0.568750 0.695410
vt 0.564980 0.702520
vt 0.574590 0.695850
vt 0.570790 0.703130
vt 0.566870 0.710380
vt 0.561060 0.709550
vt 0.562900 0.717540
vt 0.557070 0.716500
vt 0.558900 0.724600
vt 0.553000 0.723380
vt 0.554860 0.731600
vt 0.548850 0.730200
vt 0.550750 0.738580
vt 0.544630 0.736990
vt 0.546550 0.745610
vt 0.557100 0.740020
vt 0.553030 0.747190
vt 0.548790 0.754450
vt 0.559740 0.748610
vt 0.555720 0.755930
vt 0.551660 0.763340
vt 0.562990 0.757180
vt 0.559120 0.764660
vt 0.555010 0.772340
vt 0.566800 0.765710
vt 0.562730 0.773510
vt 0.558190 0.781540
vt 0.570640 0.774400
vt 0.566190 0.782550
vt 0.561170 0.790860
vt 0.574340 0.783310
vt 0.569470 0.791740
vt 0.564250 0.800260
vt 0.577930 0.792450
vt 0.572990 0.801010
vt 0.567950 0.809620
vt 0.581940 0.801540
vt 0.577190 0.810200
vt 0.344190 0.489900
vt 0.345210 0.498520
vt 0.352160 0.489750
vt 0.353100 0.498350
vt 0.359990 0.489610
vt 0.360780 0.498240
vt 0.367610 0.489600
vt 0.368230 0.498280
vt 0.375030 0.489770
vt 0.375460 0.498510
vt 0.382260 0.490120
vt 0.382470 0.498900
vt 0.389300 0.490580
vt 0.389320 0.499320
vt 0.396220 0.491010
vt 0.396060 0.499690
vt 0.403010 0.491310
vt 0.402720 0.499960
vt 0.409680 0.491500
vt 0.409260 0.500180
vt 0.416190 0.491650
vt 0.415640 0.500380
vt 0.422540 0.491850
vt 0.421870 0.500630
vt 0.428750 0.492110
vt 0.427970 0.500850
vt 0.434870 0.492360
vt 0.434050 0.500940
vt 0.433260 0.509410
vt 0.440210 0.500860
vt 0.439530 0.509010
vt 0.438940 0.516940
vt 0.445910 0.508410
vt 0.445470 0.516020
vt 0.445160 0.523380
vt 0.452120 0.514980
vt 0.451980 0.522020
vt 0.452130 0.528770
vt 0.458910 0.520590
vt 0.459260 0.527060
vt 0.460040 0.533270
vt 0.466480 0.525330
vt 0.467450 0.531360
vt 0.469040 0.537260
vt 0.474860 0.529500
vt 0.476530 0.535300
vt 0.478920 0.541050
vt 0.484020 0.533340
vt 0.486440 0.538960
vt 0.489130 0.544570
vt 0.493950 0.536860
vt 0.496570 0.542370
vt 0.499390 0.547830
vt 0.503990 0.540150
vt 0.506740 0.545480
vt 0.509700 0.550750
vt 0.514030 0.543090
vt 0.517030 0.548170
vt 0.520150 0.553270
vt 0.524420 0.545410
vt 0.527620 0.550280
vt 0.530970 0.555080
vt 0.535070 0.547210
vt 0.538470 0.551770
vt 0.541990 0.556260
vt 0.546010 0.548330
vt 0.549530 0.552680
vt 0.553160 0.557010
vt 0.557090 0.549000
vt 0.560660 0.553230
vt 0.564230 0.557550
vt 0.568070 0.549380
vt 0.571480 0.553650
vt 0.574880 0.558080
vt 0.567760 0.562000
vt 0.578250 0.562680
vt 0.571210 0.566600
vt 0.581530 0.567380
vt 0.574510 0.571290
vt 0.584560 0.572210
vt 0.577560 0.576100
vt 0.587360 0.577110
vt 0.580360 0.580960
vt 0.589870 0.582140
vt 0.582870 0.585930
vt 0.592100 0.587370
vt 0.585120 0.591010
vt 0.594010 0.592810
vt 0.587110 0.596240
vt 0.595610 0.598480
vt 0.588770 0.601660
vt 0.596920 0.604390
vt 0.590120 0.607270
vt 0.597910 0.610480
vt 0.591150 0.613070
vt 0.598480 0.616800
vt 0.591830 0.619060
vt 0.598440 0.623420
vt 0.591920 0.625300
vt 0.597690 0.630360
vt 0.591280 0.631840
vt 0.596420 0.637430
vt 0.590080 0.638590
vt 0.594810 0.644550
vt 0.588540 0.645470
vt 0.592870 0.651750
vt 0.586690 0.652450
vt 0.590560 0.659050
vt 0.584460 0.659540
vt 0.587930 0.666400
vt 0.581880 0.666690
vt 0.585010 0.673750
vt 0.579000 0.673870
vt 0.581780 0.681130
vt 0.575820 0.681070
vt 0.578290 0.688530
vt 0.587710 0.681460
vt 0.584180 0.688980
vt 0.580480 0.696480
vt 0.590150 0.689610
vt 0.586440 0.697200
vt 0.582640 0.704760
vt 0.576650 0.703910
vt 0.578800 0.712230
vt 0.572760 0.711300
vt 0.575030 0.719590
vt 0.568860 0.718590
vt 0.571300 0.726860
vt 0.564990 0.725780
vt 0.567510 0.734100
vt 0.561080 0.732900
vt 0.563670 0.741360
vt 0.574200 0.735160
vt 0.570520 0.742460
vt 0.566780 0.749820
vt 0.577690 0.743380
vt 0.574160 0.750720
vt 0.570560 0.758160
vt 0.581910 0.751350
vt 0.578420 0.758790
vt 0.574690 0.766490
vt 0.586500 0.759240
vt 0.582750 0.767000
vt 0.578730 0.775080
vt 0.590930 0.767470
vt 0.586930 0.775570
vt 0.582610 0.783980
vt 0.595240 0.776030
vt 0.591050 0.784400
vt 0.586610 0.792970
vt 0.599700 0.784710
vt 0.595450 0.793240
vt 0.591060 0.801960
vt 0.604490 0.793390
vt 0.600310 0.802070
vt 0.596030 0.810920
vt 0.586550 0.810680
vt 0.351440 0.481160
vt 0.358910 0.472460
vt 0.359320 0.481020
vt 0.366670 0.472340
vt 0.367040 0.480950
vt 0.374260 0.472410
vt 0.374580 0.481070
vt 0.381680 0.472750
vt 0.381940 0.481410
vt 0.388990 0.473230
vt 0.389160 0.481860
vt 0.396190 0.473730
vt 0.396220 0.482330
vt 0.403250 0.474120
vt 0.403150 0.482670
vt 0.410230 0.474360
vt 0.409970 0.482850
vt 0.417100 0.474500
vt 0.416660 0.482960
vt 0.423830 0.474690
vt 0.423180 0.483140
vt 0.430390 0.475040
vt 0.429530 0.483440
vt 0.436780 0.475550
vt 0.435760 0.483840
vt 0.443080 0.476170
vt 0.441950 0.484280
vt 0.441020 0.492560
vt 0.448180 0.484670
vt 0.447250 0.492640
vt 0.446500 0.500600
vt 0.453600 0.492600
vt 0.452930 0.500210
vt 0.452450 0.507690
vt 0.459520 0.499690
vt 0.459110 0.506850
vt 0.458900 0.513850
vt 0.465910 0.505910
vt 0.465810 0.512600
vt 0.465970 0.519090
vt 0.472820 0.511340
vt 0.473110 0.517560
vt 0.473770 0.523600
vt 0.480320 0.516060
vt 0.481080 0.521910
vt 0.482280 0.527640
vt 0.488430 0.520250
vt 0.489720 0.525830
vt 0.491570 0.531330
vt 0.497220 0.524000
vt 0.499170 0.529350
vt 0.501470 0.534720
vt 0.506650 0.527380
vt 0.508890 0.532590
vt 0.511320 0.537900
vt 0.516250 0.530520
vt 0.518680 0.535570
vt 0.521400 0.540530
vt 0.526120 0.533090
vt 0.528820 0.537870
vt 0.531850 0.542530
vt 0.536370 0.535020
vt 0.539370 0.539500
vt 0.542610 0.543940
vt 0.546970 0.536360
vt 0.550200 0.540570
vt 0.553600 0.544760
vt 0.557830 0.537090
vt 0.561180 0.541150
vt 0.564640 0.545220
vt 0.568810 0.537480
vt 0.572230 0.541430
vt 0.575520 0.545500
vt 0.579810 0.537600
vt 0.582930 0.541610
vt 0.585850 0.545800
vt 0.578660 0.549750
vt 0.588930 0.550210
vt 0.581900 0.554150
vt 0.592080 0.554730
vt 0.585230 0.558740
vt 0.595310 0.559460
vt 0.588430 0.563480
vt 0.598250 0.564400
vt 0.591500 0.568260
vt 0.600920 0.569500
vt 0.594230 0.573250
vt 0.603290 0.574890
vt 0.596690 0.578440
vt 0.605290 0.580560
vt 0.598820 0.583880
vt 0.606980 0.586560
vt 0.600640 0.589560
vt 0.608410 0.592840
vt 0.602160 0.595540
vt 0.609590 0.599400
vt 0.603410 0.601740
vt 0.610440 0.606220
vt 0.604340 0.608180
vt 0.610790 0.613400
vt 0.604790 0.614920
vt 0.610560 0.620880
vt 0.604630 0.621990
vt 0.609770 0.628490
vt 0.603820 0.629290
vt 0.608560 0.636120
vt 0.602570 0.636650
vt 0.606960 0.643750
vt 0.600940 0.644020
vt 0.604980 0.651390
vt 0.598950 0.651460
vt 0.602640 0.659030
vt 0.596600 0.658930
vt 0.599950 0.666680
vt 0.593940 0.666430
vt 0.596970 0.674330
vt 0.590980 0.673940
vt 0.593700 0.681990
vt 0.603030 0.674830
vt 0.599750 0.682570
vt 0.596220 0.690330
vt 0.605920 0.683200
vt 0.602410 0.691020
vt 0.598780 0.698790
vt 0.592530 0.698020
vt 0.595150 0.706430
vt 0.588780 0.705630
vt 0.591560 0.713940
vt 0.585060 0.713120
vt 0.588080 0.721360
vt 0.581430 0.720510
vt 0.584630 0.728730
vt 0.577840 0.727860
vt 0.581170 0.736090
vt 0.591750 0.729410
vt 0.588500 0.736740
vt 0.585250 0.744060
vt 0.596230 0.737080
vt 0.593190 0.744380
vt 0.589980 0.751760
vt 0.601360 0.744460
vt 0.598210 0.751960
vt 0.594720 0.759650
vt 0.606470 0.752050
vt 0.603000 0.759890
vt 0.599240 0.767900
vt 0.611340 0.759990
vt 0.607650 0.768100
vt 0.603770 0.776370
vt 0.616160 0.768110
vt 0.612430 0.776440
vt 0.608550 0.784910
vt 0.621290 0.776200
vt 0.617610 0.784650
vt 0.613780 0.793260
vt 0.626940 0.783980
vt 0.623250 0.792600
vt 0.619340 0.801480
vt 0.609750 0.801980
vt 0.358840 0.463920
vt 0.366910 0.455460
vt 0.366630 0.463830
vt 0.374740 0.455660
vt 0.374310 0.463900
vt 0.382420 0.456100
vt 0.381830 0.464280
vt 0.389890 0.456620
vt 0.389200 0.464810
vt 0.397150 0.457140
vt 0.396450 0.465320
vt 0.404290 0.457610
vt 0.403590 0.465760
vt 0.411380 0.457960
vt 0.410670 0.466060
vt 0.418440 0.458260
vt 0.417660 0.466270
vt 0.425470 0.458610
vt 0.424570 0.466500
vt 0.432430 0.459130
vt 0.431330 0.466900
vt 0.439220 0.459860
vt 0.437920 0.467530
vt 0.445850 0.460770
vt 0.444380 0.468310
vt 0.452350 0.461760
vt 0.450750 0.469160
vt 0.449370 0.476800
vt 0.457100 0.469950
vt 0.455680 0.477380
vt 0.454510 0.484950
vt 0.462080 0.477810
vt 0.460940 0.485080
vt 0.460100 0.492410
vt 0.467500 0.485070
vt 0.466750 0.492070
vt 0.466240 0.499050
vt 0.473500 0.491640
vt 0.473050 0.498340
vt 0.472820 0.504920
vt 0.479940 0.497580
vt 0.479800 0.503900
vt 0.479930 0.510070
vt 0.486860 0.502840
vt 0.487080 0.508780
vt 0.487590 0.514580
vt 0.494260 0.507510
vt 0.494870 0.513110
vt 0.495850 0.518590
vt 0.502220 0.511630
vt 0.503260 0.516940
vt 0.504720 0.522160
vt 0.510720 0.515250
vt 0.512200 0.520330
vt 0.514080 0.525380
vt 0.519720 0.518450
vt 0.521550 0.523360
vt 0.523730 0.528240
vt 0.529120 0.521210
vt 0.531270 0.525880
vt 0.533670 0.530470
vt 0.538880 0.523410
vt 0.541290 0.527790
vt 0.544010 0.532060
vt 0.548990 0.524990
vt 0.551650 0.529040
vt 0.554630 0.533050
vt 0.559390 0.525920
vt 0.562330 0.529660
vt 0.565510 0.533510
vt 0.570160 0.526250
vt 0.573260 0.529940
vt 0.576550 0.533710
vt 0.581000 0.526430
vt 0.584270 0.530070
vt 0.587430 0.533890
vt 0.591690 0.526350
vt 0.594800 0.530260
vt 0.597730 0.534340
vt 0.590380 0.537950
vt 0.600530 0.538580
vt 0.593220 0.542210
vt 0.603360 0.542970
vt 0.596120 0.546520
vt 0.606210 0.547530
vt 0.599140 0.551080
vt 0.608990 0.552280
vt 0.602160 0.555770
vt 0.611510 0.557450
vt 0.604910 0.560790
vt 0.613790 0.562940
vt 0.607440 0.566070
vt 0.615840 0.568800
vt 0.609660 0.571670
vt 0.617520 0.575060
vt 0.611520 0.577610
vt 0.618920 0.581670
vt 0.613060 0.583890
vt 0.620180 0.588630
vt 0.614400 0.590520
vt 0.621190 0.595900
vt 0.615500 0.597430
vt 0.621890 0.603480
vt 0.616250 0.604680
vt 0.622170 0.611340
vt 0.616550 0.612250
vt 0.621970 0.619360
vt 0.616320 0.620040
vt 0.621340 0.627420
vt 0.615600 0.627910
vt 0.620270 0.635490
vt 0.614450 0.635770
vt 0.618800 0.643560
vt 0.612900 0.643630
vt 0.616920 0.651620
vt 0.610960 0.651480
vt 0.614680 0.659620
vt 0.608650 0.659310
vt 0.612120 0.667520
vt 0.606000 0.667090
vt 0.609210 0.675370
vt 0.618300 0.667890
vt 0.615450 0.675830
vt 0.612240 0.683780
vt 0.621810 0.676070
vt 0.618680 0.684080
vt 0.615320 0.692030
vt 0.608760 0.691670
vt 0.611950 0.699850
vt 0.605250 0.699450
vt 0.608620 0.707490
vt 0.601750 0.707100
vt 0.605370 0.715020
vt 0.598320 0.714630
vt 0.602260 0.722430
vt 0.595000 0.722050
vt 0.599250 0.729780
vt 0.609890 0.722320
vt 0.607090 0.729690
vt 0.604280 0.737090
vt 0.615130 0.729210
vt 0.612450 0.736720
vt 0.609620 0.744360
vt 0.620620 0.736120
vt 0.617820 0.743960
vt 0.614750 0.751960
vt 0.626020 0.743370
vt 0.623000 0.751550
vt 0.619730 0.759840
vt 0.631290 0.750880
vt 0.628140 0.759310
vt 0.624810 0.767790
vt 0.636680 0.758380
vt 0.633550 0.766930
vt 0.630360 0.775510
vt 0.642470 0.765580
vt 0.639560 0.774200
vt 0.636460 0.782860
vt 0.648920 0.772240
vt 0.646010 0.781040
vt 0.642530 0.790110
vt 0.632860 0.791600
vt 0.638740 0.799340
vt 0.629020 0.800610
vt 0.376000 0.439640
vt 0.375340 0.447580
vt 0.384000 0.440180
vt 0.383200 0.448080
vt 0.391790 0.440650
vt 0.390810 0.448560
vt 0.399330 0.441170
vt 0.398160 0.449090
vt 0.406670 0.441750
vt 0.405360 0.449600
vt 0.413890 0.442340
vt 0.412490 0.450040
vt 0.421090 0.443000
vt 0.419610 0.450500
vt 0.428300 0.443730
vt 0.426730 0.451040
vt 0.435480 0.444560
vt 0.433810 0.451710
vt 0.442550 0.445530
vt 0.440770 0.452550
vt 0.449470 0.446600
vt 0.447560 0.453550
vt 0.456190 0.447730
vt 0.454170 0.454630
vt 0.462760 0.448900
vt 0.460650 0.455720
vt 0.458770 0.462720
vt 0.467080 0.456790
vt 0.465160 0.463640
vt 0.463510 0.470630
vt 0.471610 0.464440
vt 0.469970 0.471210
vt 0.468610 0.478080
vt 0.476560 0.471630
vt 0.475230 0.478230
vt 0.474220 0.484900
vt 0.481980 0.478310
vt 0.480980 0.484700
vt 0.480330 0.491150
vt 0.487860 0.484450
vt 0.487230 0.490610
vt 0.486920 0.496760
vt 0.494210 0.490100
vt 0.493940 0.495980
vt 0.493970 0.501790
vt 0.501030 0.495240
vt 0.501110 0.500770
vt 0.501500 0.506240
vt 0.508370 0.499760
vt 0.508810 0.504960
vt 0.509620 0.510100
vt 0.516230 0.503690
vt 0.517060 0.508620
vt 0.518250 0.513510
vt 0.524580 0.507060
vt 0.525760 0.511790
vt 0.527290 0.516480
vt 0.533350 0.509960
vt 0.534890 0.514460
vt 0.536770 0.518930
vt 0.542540 0.512350
vt 0.544380 0.516630
vt 0.546570 0.520860
vt 0.552080 0.514220
vt 0.554310 0.518160
vt 0.556770 0.522070
vt 0.562120 0.515510
vt 0.564570 0.519150
vt 0.567250 0.522680
vt 0.572350 0.516020
vt 0.575050 0.519420
vt 0.577940 0.522810
vt 0.582640 0.515910
vt 0.585510 0.519240
vt 0.588590 0.522670
vt 0.592800 0.515410
vt 0.595790 0.518840
vt 0.598860 0.522540
vt 0.602760 0.514860
vt 0.605750 0.518660
vt 0.608730 0.522720
vt 0.601900 0.526500
vt 0.611650 0.526970
vt 0.604820 0.530660
vt 0.614560 0.531380
vt 0.607670 0.534990
vt 0.617410 0.535960
vt 0.610510 0.539450
vt 0.620030 0.540870
vt 0.613240 0.544130
vt 0.622310 0.546170
vt 0.615770 0.549140
vt 0.624280 0.551900
vt 0.618020 0.554510
vt 0.626070 0.557940
vt 0.620030 0.560250
vt 0.627650 0.564410
vt 0.621850 0.566400
vt 0.628980 0.571260
vt 0.623340 0.572970
vt 0.630190 0.578410
vt 0.624630 0.579900
vt 0.631270 0.585880
vt 0.625790 0.587140
vt 0.632210 0.593620
vt 0.626750 0.594690
vt 0.632870 0.601610
vt 0.627420 0.602530
vt 0.633190 0.609780
vt 0.627710 0.610580
vt 0.633110 0.618060
vt 0.627560 0.618740
vt 0.632650 0.626400
vt 0.627020 0.626970
vt 0.631760 0.634800
vt 0.626040 0.635230
vt 0.630460 0.643220
vt 0.624650 0.643480
vt 0.628810 0.651610
vt 0.622860 0.651720
vt 0.626850 0.659870
vt 0.620750 0.659870
vt 0.624570 0.668010
vt 0.632970 0.659490
vt 0.630850 0.667710
vt 0.628300 0.675910
vt 0.637210 0.666870
vt 0.634850 0.675120
vt 0.632130 0.683260
vt 0.625300 0.683980
vt 0.629170 0.691240
vt 0.622110 0.691950
vt 0.626230 0.699020
vt 0.618940 0.699740
vt 0.623310 0.706680
vt 0.615810 0.707380
vt 0.620480 0.714230
vt 0.612760 0.714920
vt 0.617800 0.721750
vt 0.628370 0.713190
vt 0.625790 0.720770
vt 0.623270 0.728430
vt 0.633870 0.719640
vt 0.631370 0.727420
vt 0.628810 0.735350
vt 0.639500 0.726210
vt 0.636930 0.734310
vt 0.634220 0.742580
vt 0.645080 0.732990
vt 0.642430 0.741390
vt 0.639660 0.749890
vt 0.650740 0.739800
vt 0.648120 0.748360
vt 0.645380 0.757000
vt 0.656760 0.746300
vt 0.654230 0.754920
vt 0.651630 0.763600
vt 0.663330 0.752250
vt 0.660900 0.760920
vt 0.658370 0.769770
vt 0.670220 0.757910
vt 0.667710 0.766870
vt 0.664900 0.776140
vt 0.655500 0.778810
vt 0.661690 0.785700
vt 0.652150 0.788140
vt 0.386610 0.425070
vt 0.385100 0.432510
vt 0.394560 0.425600
vt 0.392980 0.432990
vt 0.402390 0.426240
vt 0.400720 0.433540
vt 0.410090 0.426920
vt 0.408250 0.434180
vt 0.417580 0.427730
vt 0.415610 0.434910
vt 0.424930 0.428720
vt 0.422900 0.435740
vt 0.432240 0.429820
vt 0.430160 0.436670
vt 0.439540 0.430940
vt 0.437420 0.437660
vt 0.446760 0.432060
vt 0.444570 0.438730
vt 0.453820 0.433200
vt 0.451570 0.439840
vt 0.460680 0.434420
vt 0.458370 0.441020
vt 0.467370 0.435710
vt 0.465010 0.442250
vt 0.473910 0.437090
vt 0.471510 0.443530
vt 0.469220 0.450080
vt 0.477920 0.444850
vt 0.475600 0.451260
vt 0.473510 0.457790
vt 0.482030 0.452380
vt 0.479970 0.458700
vt 0.478150 0.465110
vt 0.486530 0.459540
vt 0.484770 0.465720
vt 0.483270 0.471970
vt 0.491480 0.466260
vt 0.490030 0.472280
vt 0.488840 0.478320
vt 0.496870 0.472520
vt 0.495730 0.478330
vt 0.494830 0.484200
vt 0.502640 0.478370
vt 0.501790 0.483990
vt 0.501270 0.489630
vt 0.508800 0.483790
vt 0.508350 0.489160
vt 0.508230 0.494490
vt 0.515510 0.488630
vt 0.515490 0.493690
vt 0.515760 0.498710
vt 0.522830 0.492820
vt 0.523170 0.497590
vt 0.523760 0.502320
vt 0.530590 0.496370
vt 0.531220 0.500900
vt 0.532140 0.505420
vt 0.538700 0.499410
vt 0.539670 0.503730
vt 0.540990 0.508040
vt 0.547210 0.501950
vt 0.548570 0.506060
vt 0.550220 0.510130
vt 0.556120 0.503950
vt 0.557830 0.507810
vt 0.559890 0.511660
vt 0.565450 0.505360
vt 0.567540 0.508980
vt 0.569850 0.512550
vt 0.575030 0.506020
vt 0.577370 0.509330
vt 0.579940 0.512640
vt 0.584660 0.505930
vt 0.587210 0.509010
vt 0.589950 0.512160
vt 0.594270 0.505180
vt 0.596980 0.508160
vt 0.599830 0.511360
vt 0.603790 0.503890
vt 0.606660 0.507170
vt 0.609610 0.510860
vt 0.613240 0.502990
vt 0.616160 0.507210
vt 0.619000 0.511550
vt 0.612520 0.514900
vt 0.621730 0.515980
vt 0.615390 0.519140
vt 0.624530 0.520490
vt 0.618270 0.523500
vt 0.627420 0.525130
vt 0.621220 0.528010
vt 0.630160 0.530070
vt 0.624040 0.532800
vt 0.632460 0.535440
vt 0.626490 0.537990
vt 0.634340 0.541290
vt 0.628540 0.543620
vt 0.635890 0.547480
vt 0.630260 0.549590
vt 0.637260 0.554040
vt 0.631820 0.555930
vt 0.638500 0.560970
vt 0.633220 0.562650
vt 0.639650 0.568180
vt 0.634430 0.569720
vt 0.640730 0.575660
vt 0.635560 0.577060
vt 0.641790 0.583370
vt 0.636600 0.584680
vt 0.642780 0.591290
vt 0.637550 0.592540
vt 0.643520 0.599420
vt 0.638230 0.600620
vt 0.643960 0.607680
vt 0.638600 0.608860
vt 0.644030 0.616060
vt 0.638600 0.617210
vt 0.643760 0.624570
vt 0.638230 0.625630
vt 0.643070 0.633130
vt 0.637430 0.634130
vt 0.642020 0.641690
vt 0.636240 0.642660
vt 0.640700 0.650180
vt 0.634750 0.651140
vt 0.639160 0.658560
vt 0.646740 0.648790
vt 0.645370 0.657140
vt 0.643680 0.665520
vt 0.651720 0.655290
vt 0.650200 0.663650
vt 0.648340 0.672020
vt 0.641550 0.673830
vt 0.646200 0.680300
vt 0.639110 0.682050
vt 0.643840 0.688420
vt 0.636450 0.690070
vt 0.641400 0.696360
vt 0.633750 0.697880
vt 0.638890 0.704190
vt 0.631040 0.705590
vt 0.636400 0.711950
vt 0.646740 0.702400
vt 0.644370 0.710330
vt 0.642000 0.718270
vt 0.652350 0.708380
vt 0.650030 0.716510
vt 0.647640 0.724730
vt 0.658060 0.714430
vt 0.655720 0.722840
vt 0.653300 0.731330
vt 0.663850 0.720550
vt 0.661560 0.729120
vt 0.659230 0.737730
vt 0.669990 0.726380
vt 0.667840 0.735000
vt 0.665640 0.743670
vt 0.676610 0.731750
vt 0.674610 0.740430
vt 0.672560 0.749170
vt 0.683600 0.736910
vt 0.681630 0.745730
vt 0.679510 0.754710
vt 0.690640 0.742160
vt 0.688570 0.751260
vt 0.686180 0.760610
vt 0.677010 0.763820
vt 0.683440 0.770190
vt 0.674220 0.773250
vt 0.680430 0.780050
vt 0.671110 0.782980
vt 0.388520 0.417770
vt 0.398650 0.411240
vt 0.396470 0.418380
vt 0.406480 0.412090
vt 0.404320 0.419110
vt 0.414280 0.412950
vt 0.412110 0.419880
vt 0.421990 0.413910
vt 0.419760 0.420760
vt 0.429490 0.415050
vt 0.427180 0.421860
vt 0.436810 0.416340
vt 0.434500 0.423070
vt 0.444080 0.417640
vt 0.441790 0.424290
vt 0.451360 0.418870
vt 0.449050 0.425450
vt 0.458560 0.420070
vt 0.456180 0.426620
vt 0.465560 0.421370
vt 0.463090 0.427880
vt 0.472340 0.422850
vt 0.469820 0.429240
vt 0.478980 0.424520
vt 0.476400 0.430750
vt 0.485520 0.426340
vt 0.482880 0.432380
vt 0.480370 0.438550
vt 0.489300 0.434100
vt 0.486750 0.440080
vt 0.484340 0.446170
vt 0.493150 0.441610
vt 0.490760 0.447490
vt 0.488560 0.453460
vt 0.497260 0.448770
vt 0.495110 0.454500
vt 0.493200 0.460320
vt 0.501750 0.455510
vt 0.499900 0.461090
vt 0.498290 0.466760
vt 0.506670 0.461850
vt 0.505100 0.467280
vt 0.503780 0.472790
vt 0.511930 0.467770
vt 0.510610 0.473080
vt 0.509600 0.478410
vt 0.517500 0.473280
vt 0.516530 0.478400
vt 0.515880 0.483520
vt 0.523540 0.478290
vt 0.523000 0.483150
vt 0.522800 0.488000
vt 0.530220 0.482660
vt 0.530100 0.487230
vt 0.530250 0.491790
vt 0.537450 0.486380
vt 0.537620 0.490720
vt 0.538050 0.495070
vt 0.544960 0.489580
vt 0.545430 0.493700
vt 0.546190 0.497830
vt 0.552780 0.492320
vt 0.553600 0.496210
vt 0.554730 0.500060
vt 0.561000 0.494440
vt 0.562190 0.498070
vt 0.563690 0.501730
vt 0.569590 0.495900
vt 0.571130 0.499300
vt 0.572940 0.502670
vt 0.578350 0.496600
vt 0.580200 0.499710
vt 0.582320 0.502840
vt 0.587200 0.496650
vt 0.589340 0.499490
vt 0.591720 0.502320
vt 0.596060 0.496000
vt 0.598440 0.498470
vt 0.601030 0.501060
vt 0.604700 0.494430
vt 0.602320 0.492360
vt 0.607770 0.488660
vt 0.610120 0.490150
vt 0.613800 0.485540
vt 0.616520 0.481150
vt 0.618250 0.477160
vt 0.618830 0.473860
vt 0.617770 0.474430
vt 0.617510 0.472000
vt 0.618530 0.471280
vt 0.616850 0.474840
vt 0.616630 0.472560
vt 0.615620 0.470130
vt 0.616520 0.469440
vt 0.616050 0.475140
vt 0.615820 0.473040
vt 0.614790 0.470690
vt 0.612960 0.467860
vt 0.613880 0.467240
vt 0.615060 0.473400
vt 0.613970 0.471080
vt 0.612190 0.468300
vt 0.609840 0.465110
vt 0.610670 0.464570
vt 0.613250 0.471480
vt 0.611520 0.468720
vt 0.609050 0.465620
vt 0.606130 0.462190
vt 0.606980 0.461610
vt 0.608370 0.466110
vt 0.605360 0.462700
vt 0.602020 0.458810
vt 0.602960 0.458270
vt 0.607770 0.466550
vt 0.604660 0.463200
vt 0.601140 0.459330
vt 0.598020 0.455080
vt 0.599090 0.454520
vt 0.604010 0.463700
vt 0.600290 0.459910
vt 0.596950 0.455770
vt 0.593500 0.452270
vt 0.594730 0.451420
vt 0.599430 0.460590
vt 0.595860 0.456570
vt 0.592340 0.453210
vt 0.588160 0.449920
vt 0.589520 0.448690
vt 0.594870 0.457450
vt 0.591210 0.454210
vt 0.586730 0.451340
vt 0.581670 0.449030
vt 0.583240 0.447160
vt 0.589840 0.455390
vt 0.585300 0.453040
vt 0.580210 0.451010
vt 0.574500 0.449210
vt 0.576110 0.446840
vt 0.584060 0.454790
vt 0.578940 0.453160
vt 0.573010 0.451760
vt 0.567010 0.450100
vt 0.568700 0.447200
vt 0.577660 0.455550
vt 0.571620 0.454470
vt 0.565470 0.453120
vt 0.559280 0.451620
vt 0.561020 0.448300
vt 0.570360 0.457330
vt 0.564090 0.456260
vt 0.557740 0.455070
vt 0.551370 0.453810
vt 0.553070 0.450080
vt 0.562870 0.459490
vt 0.556340 0.458580
vt 0.549840 0.457640
vt 0.543270 0.456710
vt 0.544930 0.452640
vt 0.555130 0.462130
vt 0.548450 0.461500
vt 0.541810 0.460820
vt 0.535130 0.460050
vt 0.536740 0.455670
vt 0.547280 0.465420
vt 0.540470 0.465010
vt 0.533710 0.464480
vt 0.526930 0.463910
vt 0.528510 0.459210
vt 0.539340 0.469250
vt 0.532420 0.469000
vt 0.525580 0.468650
vt 0.518730 0.468230
vt 0.520240 0.463240
vt 0.531370 0.473540
vt 0.524400 0.473440
vt 0.530670 0.478100
vt 0.538450 0.473500
vt 0.537850 0.477780
vt 0.537540 0.482070
vt 0.545070 0.477380
vt 0.544810 0.481410
vt 0.544790 0.485480
vt 0.552020 0.480730
vt 0.552010 0.484560
vt 0.552280 0.488410
vt 0.559170 0.483590
vt 0.559490 0.487190
vt 0.560120 0.490820
vt 0.566640 0.485810
vt 0.567340 0.489170
vt 0.568340 0.492520
vt 0.574440 0.487280
vt 0.575470 0.490380
vt 0.576800 0.493490
vt 0.582280 0.488030
vt 0.583660 0.490900
vt 0.585300 0.493790
vt 0.590070 0.488250
vt 0.591860 0.490900
vt 0.593870 0.493520
vt 0.597880 0.488090
vt 0.600080 0.490300
vt 0.602860 0.485610
vt 0.605420 0.487180
vt 0.606510 0.483520
vt 0.600670 0.483640
vt 0.604150 0.481940
vt 0.606370 0.480730
vt 0.608800 0.481750
vt 0.607690 0.479820
vt 0.610090 0.480640
vt 0.608580 0.479110
vt 0.610840 0.479850
vt 0.612770 0.479670
vt 0.614300 0.478530
vt 0.611350 0.479180
vt 0.612820 0.478870
vt 0.614000 0.477930
vt 0.615000 0.476650
vt 0.615710 0.476920
vt 0.612470 0.478110
vt 0.613390 0.477370
vt 0.614140 0.476250
vt 0.614380 0.475130
vt 0.615300 0.475290
vt 0.612290 0.476340
vt 0.612960 0.475120
vt 0.613200 0.474430
vt 0.614280 0.473620
vt 0.610830 0.473720
vt 0.611310 0.473210
vt 0.609260 0.470410
vt 0.609860 0.469890
vt 0.608730 0.470860
vt 0.605990 0.468100
vt 0.606600 0.467550
vt 0.610140 0.474410
vt 0.607640 0.471800
vt 0.605290 0.468800
vt 0.601890 0.465820
vt 0.602540 0.465130
vt 0.606790 0.472580
vt 0.604480 0.469610
vt 0.601270 0.466490
vt 0.597370 0.462790
vt 0.597970 0.462020
vt 0.603610 0.470320
vt 0.600500 0.467140
vt 0.596780 0.463590
vt 0.592290 0.460590
vt 0.593040 0.459460
vt 0.599930 0.467890
vt 0.596270 0.464510
vt 0.591600 0.461850
vt 0.586860 0.459890
vt 0.587770 0.458100
vt 0.595690 0.465690
vt 0.590940 0.463240
vt 0.586070 0.462020
vt 0.581080 0.461350
vt 0.581940 0.458900
vt 0.590520 0.464850
vt 0.585590 0.464300
vt 0.580400 0.463840
vt 0.574610 0.463680
vt 0.575470 0.460900
vt 0.585220 0.466480
vt 0.579900 0.466390
vt 0.573910 0.466530
vt 0.567490 0.466430
vt 0.568290 0.463350
vt 0.579530 0.469030
vt 0.573390 0.469390
vt 0.566850 0.469570
vt 0.560150 0.469540
vt 0.560890 0.466130
vt 0.573080 0.472300
vt 0.566420 0.472740
vt 0.559610 0.473010
vt 0.552650 0.473180
vt 0.553290 0.469450
vt 0.566160 0.475940
vt 0.559240 0.476510
vt 0.552240 0.476940
vt 0.545590 0.473360
vt 0.559100 0.480040
vt 0.566100 0.479180
vt 0.566260 0.482470
vt 0.572980 0.478200
vt 0.573220 0.481200
vt 0.573700 0.484240
vt 0.579860 0.479700
vt 0.580400 0.482440
vt 0.581210 0.485230
vt 0.586560 0.480490
vt 0.587440 0.483000
vt 0.588600 0.485630
vt 0.592980 0.480820
vt 0.594260 0.483220
vt 0.595890 0.485770
vt 0.598970 0.481310
vt 0.597450 0.479000
vt 0.600430 0.477790
vt 0.602230 0.479910
vt 0.602150 0.476790
vt 0.604120 0.478870
vt 0.603180 0.475960
vt 0.605380 0.478070
vt 0.603920 0.475320
vt 0.606290 0.477420
vt 0.604500 0.474800
vt 0.606990 0.476880
vt 0.609250 0.478530
vt 0.605020 0.474300
vt 0.602410 0.471750
vt 0.602890 0.471080
vt 0.605540 0.473780
vt 0.602020 0.472330
vt 0.599160 0.469580
vt 0.599470 0.468730
vt 0.601600 0.472980
vt 0.598830 0.470490
vt 0.595070 0.468240
vt 0.595300 0.466920
vt 0.601040 0.473770
vt 0.598520 0.471510
vt 0.594920 0.469660
vt 0.590210 0.468560
vt 0.590270 0.466640
vt 0.598060 0.472660
vt 0.594840 0.471150
vt 0.590290 0.470560
vt 0.585110 0.471030
vt 0.585070 0.468760
vt 0.585240 0.473390
vt 0.579380 0.474340
vt 0.579350 0.471700
vt 0.585500 0.475710
vt 0.579520 0.477010
vt 0.572930 0.475240
vt 0.585930 0.478060
vt 0.592010 0.478580
vt 0.596170 0.476990
vt 0.598790 0.475750
vt 0.600220 0.474670
vt 0.606100 0.473260
vt 0.609350 0.474970
vt 0.611280 0.476970
vt 0.546330 0.469380
vt 0.554120 0.465770
vt 0.561810 0.462780
vt 0.569250 0.460310
vt 0.576480 0.458160
vt 0.582940 0.456680
vt 0.588690 0.456700
vt 0.593920 0.458410
vt 0.598660 0.461300
vt 0.603460 0.464210
vt 0.607200 0.467010
vt 0.513460 0.462570
vt 0.515150 0.457440
vt 0.521870 0.458330
vt 0.517050 0.452360
vt 0.523660 0.453480
vt 0.530240 0.454580
vt 0.525620 0.448680
vt 0.532070 0.450000
vt 0.538530 0.451310
vt 0.534120 0.445460
vt 0.540460 0.446960
vt 0.546760 0.448610
vt 0.542540 0.442750
vt 0.548770 0.444580
vt 0.554980 0.446460
vt 0.550970 0.440710
vt 0.556970 0.442900
vt 0.562880 0.445060
vt 0.559090 0.439470
vt 0.564830 0.441980
vt 0.570490 0.444460
vt 0.566910 0.439020
vt 0.572370 0.441860
vt 0.577810 0.444580
vt 0.574350 0.439450
vt 0.579530 0.442540
vt 0.584700 0.445560
vt 0.581310 0.440680
vt 0.586260 0.444120
vt 0.590930 0.447580
vt 0.587870 0.442800
vt 0.592460 0.446620
vt 0.596000 0.450590
vt 0.593770 0.445640
vt 0.597170 0.449880
vt 0.600220 0.454000
vt 0.598080 0.449270
vt 0.601380 0.453430
vt 0.603950 0.457690
vt 0.602670 0.452810
vt 0.604990 0.457080
vt 0.607880 0.461000
vt 0.606040 0.456430
vt 0.608810 0.460400
vt 0.611550 0.463970
vt 0.609830 0.459710
vt 0.612520 0.463310
vt 0.614860 0.466520
vt 0.613650 0.462470
vt 0.615910 0.465690
vt 0.617550 0.468620
vt 0.617110 0.464630
vt 0.618790 0.467570
vt 0.619830 0.470390
vt 0.620130 0.466250
vt 0.621340 0.469070
vt 0.621650 0.464560
vt 0.623060 0.467290
vt 0.623480 0.462350
vt 0.625150 0.464760
vt 0.626720 0.467100
vt 0.627740 0.461370
vt 0.629610 0.463440
vt 0.631550 0.465540
vt 0.628350 0.469330
vt 0.633680 0.467690
vt 0.630340 0.471540
vt 0.635990 0.470070
vt 0.632710 0.473900
vt 0.629910 0.476880
vt 0.635130 0.476550
vt 0.632820 0.479630
vt 0.637680 0.479750
vt 0.635140 0.482900
vt 0.640120 0.483460
vt 0.637340 0.486450
vt 0.634580 0.488900
vt 0.639460 0.490150
vt 0.636560 0.492500
vt 0.633330 0.494480
vt 0.631220 0.490800
vt 0.629430 0.496150
vt 0.627260 0.491910
vt 0.635640 0.498360
vt 0.632090 0.500280
vt 0.627610 0.502180
vt 0.634520 0.504370
vt 0.630110 0.506530
vt 0.624900 0.508820
vt 0.622230 0.504290
vt 0.632360 0.511030
vt 0.627430 0.513340
vt 0.634730 0.515650
vt 0.630060 0.517920
vt 0.637330 0.520440
vt 0.632790 0.522670
vt 0.639890 0.525510
vt 0.635450 0.527700
vt 0.642180 0.531040
vt 0.637740 0.533200
vt 0.644030 0.537070
vt 0.639560 0.539140
vt 0.645520 0.543510
vt 0.641020 0.545470
vt 0.646800 0.550310
vt 0.642280 0.552190
vt 0.648030 0.557420
vt 0.643440 0.559240
vt 0.649280 0.564770
vt 0.644600 0.566550
vt 0.650490 0.572330
vt 0.645710 0.574110
vt 0.651730 0.580070
vt 0.646830 0.581860
vt 0.652900 0.588060
vt 0.647900 0.589810
vt 0.653850 0.596240
vt 0.648720 0.597980
vt 0.654510 0.604580
vt 0.649260 0.606280
vt 0.654810 0.613070
vt 0.649430 0.614710
vt 0.654790 0.621630
vt 0.649270 0.623260
vt 0.654440 0.630160
vt 0.648730 0.631840
vt 0.653790 0.638610
vt 0.647860 0.640360
vt 0.652920 0.646970
vt 0.659810 0.636420
vt 0.659130 0.644740
vt 0.658190 0.653080
vt 0.665460 0.642160
vt 0.664710 0.650450
vt 0.663640 0.658780
vt 0.656870 0.661420
vt 0.662240 0.667120
vt 0.655250 0.669770
vt 0.660600 0.675480
vt 0.653370 0.678090
vt 0.658750 0.683800
vt 0.651290 0.686310
vt 0.656720 0.692060
vt 0.649070 0.694410
vt 0.654600 0.700270
vt 0.664370 0.689350
vt 0.662380 0.697720
vt 0.660310 0.706090
vt 0.670150 0.694880
vt 0.668180 0.703400
vt 0.666100 0.712000
vt 0.676090 0.700390
vt 0.674130 0.709070
vt 0.672120 0.717780
vt 0.682300 0.705700
vt 0.680470 0.714390
vt 0.678610 0.723110
vt 0.688920 0.710690
vt 0.687200 0.719420
vt 0.685470 0.728190
vt 0.695820 0.715500
vt 0.694190 0.724320
vt 0.692530 0.733240
vt 0.702880 0.720310
vt 0.701250 0.729360
vt 0.699540 0.738560
vt 0.709870 0.725400
vt 0.708180 0.734740
vt 0.706310 0.744240
vt 0.697520 0.747830
vt 0.704120 0.753870
vt 0.695210 0.757300
vt 0.701580 0.763690
vt 0.692560 0.767010
vt 0.698810 0.773710
vt 0.689660 0.776970
vt 0.403970 0.397000
vt 0.401150 0.404120
vt 0.411600 0.398030
vt 0.408890 0.405050
vt 0.419220 0.399110
vt 0.416600 0.406020
vt 0.426770 0.400240
vt 0.424260 0.407080
vt 0.434230 0.401440
vt 0.431810 0.408250
vt 0.441550 0.402810
vt 0.439150 0.409570
vt 0.448790 0.404300
vt 0.446400 0.410960
vt 0.456060 0.405750
vt 0.453690 0.412290
vt 0.463370 0.407120
vt 0.460950 0.413560
vt 0.470580 0.408600
vt 0.468060 0.414940
vt 0.477590 0.410380
vt 0.474930 0.416540
vt 0.484390 0.412440
vt 0.481640 0.418400
vt 0.491050 0.414670
vt 0.488230 0.420440
vt 0.497610 0.416940
vt 0.494750 0.422530
vt 0.492000 0.428250
vt 0.501200 0.424630
vt 0.498400 0.430180
vt 0.495720 0.435830
vt 0.504770 0.432080
vt 0.502090 0.437550
vt 0.499610 0.443120
vt 0.508500 0.439220
vt 0.506080 0.444580
vt 0.503840 0.450010
vt 0.512580 0.446010
vt 0.510410 0.451230
vt 0.508460 0.456490
vt 0.519140 0.447370
vt 0.514930 0.440860
vt 0.521350 0.442400
vt 0.527790 0.443920
vt 0.523730 0.437460
vt 0.530040 0.439190
vt 0.536330 0.440950
vt 0.532480 0.434540
vt 0.538650 0.436570
vt 0.544830 0.438640
vt 0.541130 0.432260
vt 0.547210 0.434590
vt 0.553230 0.436980
vt 0.549670 0.430670
vt 0.555590 0.433330
vt 0.561340 0.436190
vt 0.558090 0.429880
vt 0.563710 0.433020
vt 0.569130 0.436210
vt 0.566200 0.430040
vt 0.571430 0.433570
vt 0.576400 0.437160
vt 0.573850 0.431090
vt 0.578570 0.435040
vt 0.583180 0.438930
vt 0.580840 0.433070
vt 0.585090 0.437360
vt 0.589430 0.441550
vt 0.587060 0.435910
vt 0.590980 0.440410
vt 0.594890 0.444680
vt 0.592590 0.439350
vt 0.596240 0.443860
vt 0.599270 0.448600
vt 0.597790 0.443020
vt 0.601060 0.447740
vt 0.603920 0.452180
vt 0.603030 0.446770
vt 0.605130 0.451390
vt 0.607170 0.455710
vt 0.606290 0.450590
vt 0.608360 0.454940
vt 0.610970 0.458930
vt 0.609630 0.454120
vt 0.612210 0.458050
vt 0.614850 0.461500
vt 0.613600 0.457030
vt 0.616140 0.460410
vt 0.618390 0.463390
vt 0.617710 0.458970
vt 0.619870 0.461810
vt 0.619480 0.457170
vt 0.621590 0.459850
vt 0.621640 0.454720
vt 0.623800 0.457030
vt 0.625840 0.459250
vt 0.626490 0.453010
vt 0.628680 0.454820
vt 0.630870 0.456600
vt 0.631920 0.448750
vt 0.634270 0.450220
vt 0.636610 0.451830
vt 0.633020 0.458420
vt 0.638920 0.453640
vt 0.635180 0.460390
vt 0.641220 0.455820
vt 0.637400 0.462580
vt 0.643590 0.458380
vt 0.639720 0.465040
vt 0.646040 0.461300
vt 0.642130 0.467810
vt 0.638420 0.472780
vt 0.644530 0.471100
vt 0.640870 0.476070
vt 0.646900 0.474710
vt 0.643240 0.479620
vt 0.649090 0.478810
vt 0.645470 0.483530
vt 0.642340 0.487290
vt 0.647640 0.487670
vt 0.644450 0.491210
vt 0.641620 0.494000
vt 0.646380 0.495470
vt 0.643470 0.498160
vt 0.640850 0.500290
vt 0.638750 0.496310
vt 0.638060 0.502250
vt 0.643010 0.504540
vt 0.640100 0.506680
vt 0.636580 0.508750
vt 0.642190 0.511320
vt 0.638740 0.513470
vt 0.644470 0.516230
vt 0.641170 0.518300
vt 0.646860 0.521450
vt 0.643630 0.523460
vt 0.649150 0.527100
vt 0.645910 0.529050
vt 0.651330 0.533110
vt 0.647930 0.535070
vt 0.653240 0.539530
vt 0.649560 0.541540
vt 0.654910 0.546300
vt 0.650980 0.548380
vt 0.656460 0.553340
vt 0.652340 0.555480
vt 0.658040 0.560560
vt 0.653740 0.562760
vt 0.659620 0.567940
vt 0.655110 0.570270
vt 0.661190 0.575600
vt 0.656510 0.578000
vt 0.662590 0.583600
vt 0.657790 0.585990
vt 0.663850 0.591790
vt 0.658880 0.594200
vt 0.664840 0.600170
vt 0.659700 0.602580
vt 0.665530 0.608660
vt 0.660170 0.611090
vt 0.665940 0.617130
vt 0.660350 0.619600
vt 0.666080 0.625540
vt 0.660230 0.628070
vt 0.665940 0.633870
vt 0.671980 0.622600
vt 0.672080 0.630900
vt 0.671910 0.639190
vt 0.678280 0.627530
vt 0.678370 0.635800
vt 0.678130 0.644060
vt 0.671390 0.647440
vt 0.677510 0.652380
vt 0.670530 0.655760
vt 0.676510 0.660790
vt 0.669340 0.664130
vt 0.675210 0.669280
vt 0.667890 0.672540
vt 0.673700 0.677830
vt 0.666230 0.680960
vt 0.672030 0.686380
vt 0.681170 0.674450
vt 0.679630 0.683080
vt 0.677960 0.691760
vt 0.687290 0.679550
vt 0.685750 0.688260
vt 0.684120 0.697020
vt 0.693640 0.684510
vt 0.692150 0.693240
vt 0.690630 0.702000
vt 0.700320 0.689180
vt 0.698910 0.697920
vt 0.697450 0.706740
vt 0.707280 0.693590
vt 0.705880 0.702450
vt 0.704480 0.711390
vt 0.714350 0.697970
vt 0.712940 0.707030
vt 0.711510 0.716210
vt 0.721340 0.702640
vt 0.719880 0.711980
vt 0.718400 0.721440
vt 0.728180 0.707770
vt 0.726680 0.717330
vt 0.725130 0.726990
vt 0.716720 0.730930
vt 0.723450 0.736720
vt 0.714940 0.740560
vt 0.721550 0.746570
vt 0.712900 0.750300
vt 0.719330 0.756570
vt 0.710510 0.760230
vt 0.716950 0.766620
vt 0.707910 0.770290
vt 0.411080 0.383150
vt 0.407220 0.389970
vt 0.418620 0.384390
vt 0.414800 0.391120
vt 0.426070 0.385600
vt 0.422320 0.392300
vt 0.433390 0.386850
vt 0.429770 0.393480
vt 0.440630 0.388210
vt 0.437130 0.394750
vt 0.447790 0.389720
vt 0.444400 0.396200
vt 0.454810 0.391340
vt 0.451550 0.397750
vt 0.461800 0.393040
vt 0.458690 0.399310
vt 0.468990 0.394760
vt 0.465980 0.400840
vt 0.476260 0.396610
vt 0.473270 0.402490
vt 0.483390 0.398700
vt 0.480380 0.404440
vt 0.490310 0.401040
vt 0.487270 0.406670
vt 0.497040 0.403510
vt 0.493980 0.409050
vt 0.503630 0.405960
vt 0.500570 0.411430
vt 0.510120 0.408330
vt 0.507050 0.413720
vt 0.504100 0.419150
vt 0.513410 0.415970
vt 0.510440 0.421300
vt 0.507580 0.426670
vt 0.516680 0.423420
vt 0.513840 0.428660
vt 0.511120 0.433930
vt 0.520070 0.430620
vt 0.517420 0.435720
vt 0.526310 0.432560
vt 0.522850 0.425560
vt 0.528960 0.427710
vt 0.535080 0.429950
vt 0.531770 0.422940
vt 0.537770 0.425440
vt 0.543750 0.428050
vt 0.540650 0.421060
vt 0.546490 0.423950
vt 0.552320 0.426890
vt 0.549420 0.420020
vt 0.555090 0.423270
vt 0.560760 0.426580
vt 0.558050 0.419820
vt 0.563550 0.423450
vt 0.568830 0.427240
vt 0.566460 0.420500
vt 0.571560 0.424610
vt 0.576360 0.428800
vt 0.574390 0.422160
vt 0.578970 0.426680
vt 0.583170 0.431250
vt 0.581670 0.424740
vt 0.585580 0.429650
vt 0.589100 0.434590
vt 0.588090 0.428230
vt 0.591250 0.433410
vt 0.594310 0.438380
vt 0.593470 0.432400
vt 0.596120 0.437530
vt 0.599220 0.442200
vt 0.598070 0.436800
vt 0.600740 0.441550
vt 0.604440 0.445820
vt 0.602420 0.440960
vt 0.605660 0.445200
vt 0.607530 0.449820
vt 0.607040 0.444790
vt 0.608970 0.449070
vt 0.611100 0.453230
vt 0.610710 0.448350
vt 0.612740 0.452260
vt 0.615240 0.455770
vt 0.614720 0.451020
vt 0.617120 0.454220
vt 0.617020 0.449430
vt 0.619330 0.452170
vt 0.619690 0.447230
vt 0.621930 0.449360
vt 0.624240 0.451270
vt 0.624720 0.445060
vt 0.627200 0.446020
vt 0.629660 0.447180
vt 0.630090 0.438850
vt 0.632910 0.439430
vt 0.635390 0.440700
vt 0.635390 0.430170
vt 0.638140 0.430990
vt 0.640680 0.432330
vt 0.637740 0.441970
vt 0.643010 0.434290
vt 0.640070 0.443550
vt 0.645330 0.436580
vt 0.642410 0.445420
vt 0.647710 0.439120
vt 0.644760 0.447680
vt 0.650180 0.441860
vt 0.647130 0.450310
vt 0.652470 0.445120
vt 0.649580 0.453330
vt 0.654960 0.448860
vt 0.652090 0.456670
vt 0.648580 0.464540
vt 0.655370 0.460650
vt 0.651220 0.468330
vt 0.657420 0.465070
vt 0.653220 0.472620
vt 0.659600 0.469950
vt 0.655400 0.477120
vt 0.651370 0.483070
vt 0.657610 0.481780
vt 0.653510 0.487580
vt 0.649740 0.492060
vt 0.655680 0.492320
vt 0.651880 0.496580
vt 0.648530 0.499830
vt 0.654130 0.501320
vt 0.650780 0.504450
vt 0.647860 0.507020
vt 0.645680 0.502370
vt 0.645130 0.509190
vt 0.650180 0.511980
vt 0.647360 0.514160
vt 0.652570 0.517270
vt 0.649750 0.519450
vt 0.655010 0.522860
vt 0.652100 0.525090
vt 0.657460 0.528720
vt 0.654420 0.531020
vt 0.659880 0.534840
vt 0.656610 0.537310
vt 0.662250 0.541220
vt 0.658630 0.543950
vt 0.664450 0.547910
vt 0.660470 0.550870
vt 0.666450 0.554930
vt 0.662260 0.557930
vt 0.668480 0.562150
vt 0.664060 0.565240
vt 0.670330 0.569710
vt 0.665780 0.572870
vt 0.672070 0.577520
vt 0.667350 0.580790
vt 0.673650 0.585650
vt 0.668760 0.588940
vt 0.675020 0.594050
vt 0.669940 0.597330
vt 0.676210 0.602520
vt 0.670880 0.605830
vt 0.677200 0.610920
vt 0.671560 0.614270
vt 0.677930 0.619230
vt 0.682800 0.607100
vt 0.683820 0.615440
vt 0.684500 0.623780
vt 0.689640 0.611260
vt 0.690620 0.619650
vt 0.691300 0.628030
vt 0.684860 0.632070
vt 0.691580 0.636490
vt 0.684890 0.640380
vt 0.691430 0.645010
vt 0.684490 0.648780
vt 0.690840 0.653590
vt 0.683680 0.657280
vt 0.689880 0.662230
vt 0.682530 0.665850
vt 0.688710 0.670900
vt 0.697240 0.658370
vt 0.696230 0.667070
vt 0.695060 0.675820
vt 0.703820 0.663000
vt 0.702810 0.671740
vt 0.701680 0.680500
vt 0.710670 0.667290
vt 0.709690 0.676040
vt 0.708620 0.684830
vt 0.717790 0.671160
vt 0.716820 0.680030
vt 0.715730 0.689020
vt 0.725000 0.675090
vt 0.723950 0.684200
vt 0.722770 0.693420
vt 0.732070 0.679510
vt 0.730920 0.688850
vt 0.729660 0.698310
vt 0.738980 0.684570
vt 0.737730 0.694110
vt 0.736430 0.703730
vt 0.745790 0.690240
vt 0.744510 0.699880
vt 0.743140 0.709540
vt 0.734940 0.713340
vt 0.741680 0.719230
vt 0.733440 0.723030
vt 0.740140 0.729010
vt 0.731840 0.732820
vt 0.738470 0.738900
vt 0.730070 0.742730
vt 0.736660 0.748850
vt 0.728040 0.752760
vt 0.734800 0.758680
vt 0.725920 0.762730
vt 0.421670 0.369660
vt 0.415840 0.376480
vt 0.428670 0.370970
vt 0.423210 0.377740
vt 0.435690 0.372300
vt 0.430490 0.378970
vt 0.442630 0.373710
vt 0.437680 0.380300
vt 0.449490 0.375280
vt 0.444750 0.381760
vt 0.456290 0.376960
vt 0.451760 0.383330
vt 0.463020 0.378800
vt 0.458680 0.385050
vt 0.469670 0.380900
vt 0.465500 0.386940
vt 0.476410 0.383030
vt 0.472500 0.388860
vt 0.483320 0.385230
vt 0.479620 0.390880
vt 0.490230 0.387570
vt 0.486670 0.393100
vt 0.497060 0.390060
vt 0.493590 0.395520
vt 0.503730 0.392630
vt 0.500300 0.398050
vt 0.510270 0.395170
vt 0.506870 0.400540
vt 0.516710 0.397700
vt 0.513350 0.402990
vt 0.523050 0.400320
vt 0.519700 0.405430
vt 0.516500 0.410670
vt 0.525870 0.408030
vt 0.522680 0.413090
vt 0.519640 0.418230
vt 0.528750 0.415620
vt 0.525740 0.420550
vt 0.534770 0.418280
vt 0.531920 0.410820
vt 0.537860 0.413760
vt 0.543710 0.416840
vt 0.541130 0.409420
vt 0.546870 0.412780
vt 0.552530 0.416250
vt 0.550210 0.408900
vt 0.555730 0.412660
vt 0.561160 0.416530
vt 0.559040 0.409300
vt 0.564330 0.413450
vt 0.569480 0.417740
vt 0.567620 0.410580
vt 0.572600 0.415190
vt 0.577330 0.419920
vt 0.575850 0.412850
vt 0.580370 0.417870
vt 0.584460 0.423010
vt 0.583510 0.416060
vt 0.587340 0.421510
vt 0.590670 0.426980
vt 0.590280 0.420200
vt 0.593320 0.425950
vt 0.595780 0.431570
vt 0.596030 0.425130
vt 0.598140 0.430940
vt 0.600090 0.436180
vt 0.600560 0.430370
vt 0.602290 0.435670
vt 0.604360 0.440390
vt 0.604660 0.435390
vt 0.606450 0.440040
vt 0.608790 0.444410
vt 0.608880 0.440070
vt 0.610950 0.444050
vt 0.612750 0.447560
vt 0.613390 0.443520
vt 0.615140 0.446510
vt 0.615900 0.442510
vt 0.617750 0.444900
vt 0.618110 0.440090
vt 0.620180 0.442080
vt 0.622410 0.443690
vt 0.621580 0.436310
vt 0.624520 0.438160
vt 0.627240 0.438490
vt 0.631540 0.429630
vt 0.631640 0.419840
vt 0.635350 0.420620
vt 0.638520 0.421820
vt 0.632390 0.409420
vt 0.635980 0.410790
vt 0.639630 0.412280
vt 0.643080 0.414100
vt 0.641540 0.423220
vt 0.636300 0.401160
vt 0.640160 0.402740
vt 0.644060 0.404540
vt 0.647850 0.406780
vt 0.646870 0.416070
vt 0.640480 0.393430
vt 0.644660 0.395280
vt 0.648890 0.397460
vt 0.652980 0.400010
vt 0.651720 0.409230
vt 0.645110 0.386240
vt 0.649650 0.388420
vt 0.654180 0.390910
vt 0.658510 0.393880
vt 0.657020 0.402880
vt 0.650140 0.379460
vt 0.655000 0.381990
vt 0.659850 0.384890
vt 0.664430 0.388350
vt 0.662760 0.397290
vt 0.655540 0.373030
vt 0.660760 0.375970
vt 0.665930 0.379370
vt 0.670740 0.383520
vt 0.668900 0.392390
vt 0.661410 0.367030
vt 0.666980 0.370490
vt 0.672480 0.374520
vt 0.677540 0.379360
vt 0.675460 0.388160
vt 0.667780 0.361550
vt 0.673710 0.365660
vt 0.679520 0.370460
vt 0.684780 0.376050
vt 0.682430 0.384700
vt 0.674740 0.356760
vt 0.680980 0.361670
vt 0.687090 0.367290
vt 0.692520 0.373790
vt 0.689850 0.382210
vt 0.682280 0.352770
vt 0.688850 0.358610
vt 0.695210 0.365300
vt 0.700750 0.372820
vt 0.697680 0.380900
vt 0.690530 0.349810
vt 0.697390 0.356750
vt 0.703920 0.364620
vt 0.709390 0.373400
vt 0.705880 0.381010
vt 0.699570 0.348210
vt 0.706600 0.356510
vt 0.713100 0.365900
vt 0.718350 0.376020
vt 0.714370 0.382850
vt 0.709400 0.348350
vt 0.716410 0.358350
vt 0.722640 0.369300
vt 0.727380 0.380600
vt 0.722960 0.386600
vt 0.719990 0.350830
vt 0.726650 0.362560
vt 0.732230 0.374820
vt 0.736220 0.386860
vt 0.731350 0.392020
vt 0.731080 0.355950
vt 0.736940 0.369070
vt 0.741580 0.382020
vt 0.744670 0.394220
vt 0.739410 0.398550
vt 0.742210 0.363630
vt 0.746950 0.377410
vt 0.750480 0.390410
vt 0.752690 0.402350
vt 0.747040 0.405730
vt 0.753020 0.373420
vt 0.756510 0.387110
vt 0.758940 0.399730
vt 0.760290 0.411230
vt 0.754240 0.413500
vt 0.763280 0.384780
vt 0.765570 0.397990
vt 0.766950 0.410030
vt 0.767440 0.421080
vt 0.760980 0.421980
vt 0.772910 0.397560
vt 0.774080 0.410080
vt 0.774470 0.421530
vt 0.774120 0.432070
vt 0.767240 0.431350
vt 0.781800 0.411700
vt 0.781910 0.423500
vt 0.781340 0.434320
vt 0.780210 0.444340
vt 0.773100 0.441760
vt 0.789720 0.427030
vt 0.788810 0.438050
vt 0.787400 0.448200
vt 0.785560 0.457680
vt 0.778500 0.453420
vt 0.796490 0.443080
vt 0.794720 0.453320
vt 0.792580 0.462810
vt 0.790090 0.471700
vt 0.783230 0.466190
vt 0.802150 0.459540
vt 0.799660 0.469060
vt 0.796880 0.477930
vt 0.793720 0.486230
vt 0.787140 0.479660
vt 0.806760 0.476250
vt 0.803630 0.485110
vt 0.800230 0.493350
vt 0.796420 0.501060
vt 0.790150 0.493630
vt 0.810330 0.493130
vt 0.806580 0.501350
vt 0.802510 0.508940
vt 0.797930 0.515980
vt 0.792130 0.507860
vt 0.812790 0.510140
vt 0.808330 0.517690
vt 0.803450 0.524500
vt 0.798100 0.530780
vt 0.792890 0.522130
vt 0.813880 0.527010
vt 0.808640 0.533780
vt 0.803050 0.539790
vt 0.797060 0.545340
vt 0.792430 0.536260
vt 0.813600 0.543430
vt 0.807660 0.549380
vt 0.801450 0.554640
vt 0.812050 0.559210
vt 0.805500 0.564390
vt 0.798770 0.569000
vt 0.794930 0.559470
vt 0.790850 0.550160
vt 0.786490 0.541220
vt 0.788280 0.563780
vt 0.784410 0.554610
vt 0.780360 0.545670
vt 0.776010 0.537100
vt 0.781860 0.532580
vt 0.777950 0.558700
vt 0.774110 0.549870
vt 0.770080 0.541210
vt 0.765790 0.532780
vt 0.771420 0.528690
vt 0.767960 0.553810
vt 0.764160 0.545190
vt 0.760210 0.536670
vt 0.756050 0.528300
vt 0.761320 0.524460
vt 0.758400 0.549050
vt 0.754690 0.540540
vt 0.750850 0.532050
vt 0.746820 0.523650
vt 0.751710 0.519960
vt 0.749320 0.544350
vt 0.745740 0.535850
vt 0.742020 0.527350
vt 0.738140 0.518900
vt 0.742690 0.515240
vt 0.740730 0.539690
vt 0.737270 0.531200
vt 0.733650 0.522700
vt 0.729920 0.514260
vt 0.734200 0.510430
vt 0.732600 0.535220
vt 0.729220 0.526770
vt 0.725740 0.518410
vt 0.722200 0.510070
vt 0.726230 0.505820
vt 0.724870 0.531200
vt 0.721570 0.522940
vt 0.718230 0.514710
vt 0.714840 0.506470
vt 0.718690 0.501720
vt 0.717410 0.527830
vt 0.714210 0.519680
vt 0.711000 0.511560
vt 0.707780 0.503510
vt 0.711550 0.498220
vt 0.710160 0.524930
vt 0.707050 0.516960
vt 0.703990 0.509140
vt 0.700940 0.501460
vt 0.704710 0.495500
vt 0.703060 0.522630
vt 0.700030 0.515050
vt 0.697090 0.507720
vt 0.694160 0.500670
vt 0.698040 0.493990
vt 0.696010 0.521090
vt 0.693060 0.514060
vt 0.690190 0.507340
vt 0.687330 0.500840
vt 0.691360 0.493890
vt 0.688970 0.520280
vt 0.686040 0.513790
vt 0.683210 0.507560
vt 0.680460 0.501470
vt 0.684620 0.494540
vt 0.681870 0.519890
vt 0.678970 0.513830
vt 0.676210 0.507920
vt 0.673540 0.502140
vt 0.677850 0.495480
vt 0.674780 0.519480
vt 0.671940 0.513730
vt 0.669240 0.508110
vt 0.666700 0.502590
vt 0.671060 0.496440
vt 0.667890 0.518690
vt 0.665150 0.513140
vt 0.662560 0.507700
vt 0.660160 0.502380
vt 0.664360 0.497160
vt 0.661430 0.517130
vt 0.658850 0.511690
vt 0.656400 0.506430
vt 0.657940 0.497220
vt 0.655560 0.514780
vt 0.653130 0.509470
vt 0.658070 0.520290
vt 0.664160 0.522700
vt 0.660670 0.525990
vt 0.666930 0.528460
vt 0.663300 0.531920
vt 0.669730 0.534480
vt 0.665940 0.538100
vt 0.672420 0.540850
vt 0.668430 0.544620
vt 0.674930 0.547560
vt 0.670710 0.551480
vt 0.677260 0.554590
vt 0.672880 0.558620
vt 0.679440 0.561980
vt 0.674890 0.566090
vt 0.681460 0.569700
vt 0.676780 0.573840
vt 0.683370 0.577760
vt 0.678520 0.581930
vt 0.685100 0.586060
vt 0.680070 0.590290
vt 0.686740 0.594430
vt 0.681510 0.598720
vt 0.688340 0.602840
vt 0.691930 0.589720
vt 0.693720 0.598130
vt 0.695360 0.606630
vt 0.699030 0.593020
vt 0.700870 0.601570
vt 0.702460 0.610220
vt 0.696640 0.615150
vt 0.703750 0.618940
vt 0.697610 0.623700
vt 0.704570 0.627740
vt 0.698160 0.632320
vt 0.705010 0.636590
vt 0.698300 0.640990
vt 0.705030 0.645440
vt 0.697980 0.649680
vt 0.704640 0.654270
vt 0.711930 0.640750
vt 0.711860 0.649670
vt 0.711470 0.658550
vt 0.719020 0.644670
vt 0.718950 0.653540
vt 0.718600 0.662380
vt 0.726380 0.648330
vt 0.726300 0.657170
vt 0.725880 0.666110
vt 0.733870 0.652090
vt 0.733650 0.661110
vt 0.733070 0.670290
vt 0.741280 0.656460
vt 0.740850 0.665730
vt 0.740100 0.675140
vt 0.748540 0.661520
vt 0.747910 0.671030
vt 0.747010 0.680660
vt 0.755670 0.667310
vt 0.754870 0.677010
vt 0.753870 0.686740
vt 0.762780 0.673730
vt 0.761860 0.683490
vt 0.760810 0.693200
vt 0.752630 0.696380
vt 0.759580 0.702780
vt 0.751320 0.706030
vt 0.758310 0.712320
vt 0.749940 0.715680
vt 0.756850 0.721820
vt 0.748440 0.725370
vt 0.755350 0.731400
vt 0.746860 0.735120
vt 0.753810 0.740960
vt 0.745240 0.744890
vt 0.434770 0.355400
vt 0.428240 0.362590
vt 0.441100 0.356990
vt 0.434850 0.364030
vt 0.447480 0.358650
vt 0.441500 0.365510
vt 0.453880 0.360360
vt 0.448160 0.367080
vt 0.460270 0.362240
vt 0.454780 0.368790
vt 0.466660 0.364240
vt 0.461380 0.370610
vt 0.472990 0.366490
vt 0.467910 0.372640
vt 0.479280 0.368880
vt 0.474330 0.374870
vt 0.485530 0.371440
vt 0.480780 0.377240
vt 0.491900 0.373990
vt 0.487410 0.379620
vt 0.498350 0.376570
vt 0.494140 0.382090
vt 0.504850 0.379180
vt 0.500830 0.384640
vt 0.511270 0.381890
vt 0.507390 0.387240
vt 0.517680 0.384600
vt 0.513870 0.389840
vt 0.524020 0.387460
vt 0.520260 0.392510
vt 0.530240 0.390560
vt 0.526550 0.395340
vt 0.536300 0.393960
vt 0.532680 0.398460
vt 0.529230 0.403130
vt 0.538690 0.401780
vt 0.535240 0.406210
vt 0.544560 0.405250
vt 0.542260 0.397560
vt 0.548040 0.401320
vt 0.553660 0.405220
vt 0.551660 0.397570
vt 0.557160 0.401760
vt 0.562490 0.406110
vt 0.560840 0.398490
vt 0.566040 0.403140
vt 0.571060 0.407940
vt 0.569710 0.400410
vt 0.574570 0.405510
vt 0.579210 0.410700
vt 0.578190 0.403300
vt 0.582650 0.408820
vt 0.586730 0.414470
vt 0.586150 0.407180
vt 0.589990 0.413130
vt 0.593290 0.419120
vt 0.593260 0.412080
vt 0.596250 0.418360
vt 0.598710 0.424480
vt 0.599320 0.417810
vt 0.601510 0.424160
vt 0.603110 0.430070
vt 0.604360 0.424100
vt 0.605710 0.430140
vt 0.607200 0.435340
vt 0.608340 0.430430
vt 0.609790 0.435650
vt 0.611530 0.439990
vt 0.607170 0.424380
vt 0.609980 0.424810
vt 0.608520 0.417940
vt 0.611450 0.418560
vt 0.612710 0.425550
vt 0.605520 0.417570
vt 0.603390 0.410530
vt 0.606740 0.410600
vt 0.602430 0.417560
vt 0.600000 0.410740
vt 0.597010 0.403920
vt 0.600720 0.403380
vt 0.596590 0.411290
vt 0.593340 0.404710
vt 0.589590 0.398230
vt 0.593550 0.397110
vt 0.589720 0.405810
vt 0.585710 0.399660
vt 0.581420 0.393640
vt 0.585530 0.391900
vt 0.581890 0.401350
vt 0.577410 0.395650
vt 0.572690 0.390110
vt 0.576880 0.387810
vt 0.573490 0.397920
vt 0.568620 0.392660
vt 0.563450 0.387590
vt 0.567680 0.384750
vt 0.564650 0.395460
vt 0.559390 0.390690
vt 0.553870 0.386110
vt 0.558080 0.382730
vt 0.555440 0.394010
vt 0.549850 0.389710
vt 0.544060 0.385580
vt 0.548210 0.381710
vt 0.545960 0.393540
vt 0.540120 0.389670
vt 0.534090 0.386000
vt 0.538160 0.381630
vt 0.532060 0.377940
vt 0.536410 0.373510
vt 0.542360 0.377500
vt 0.527960 0.382590
vt 0.521680 0.379500
vt 0.525940 0.374510
vt 0.519740 0.371340
vt 0.524230 0.366260
vt 0.530340 0.369760
vt 0.515430 0.376550
vt 0.509110 0.373720
vt 0.513560 0.368280
vt 0.507360 0.365360
vt 0.511970 0.359790
vt 0.518090 0.362980
vt 0.502820 0.370950
vt 0.496540 0.368300
vt 0.501230 0.362490
vt 0.495110 0.359710
vt 0.499840 0.353720
vt 0.505860 0.356730
vt 0.490370 0.365590
vt 0.484220 0.362940
vt 0.489100 0.356890
vt 0.483030 0.354200
vt 0.487960 0.347940
vt 0.493880 0.350790
vt 0.478070 0.360330
vt 0.471870 0.357940
vt 0.477000 0.351590
vt 0.470920 0.349190
vt 0.476140 0.342600
vt 0.482050 0.345220
vt 0.465660 0.355670
vt 0.459430 0.353630
vt 0.464850 0.346860
vt 0.458810 0.344740
vt 0.464330 0.337800
vt 0.470200 0.340170
vt 0.453240 0.351670
vt 0.447070 0.349890
vt 0.452830 0.342690
vt 0.446890 0.340790
vt 0.452760 0.333430
vt 0.458520 0.335580
vt 0.440970 0.348100
vt 0.771350 0.733830
vt 0.762510 0.737250
vt 0.763960 0.727880
vt 0.772880 0.724760
vt 0.774320 0.715500
vt 0.783400 0.712780
vt 0.781980 0.721890
vt 0.765510 0.718540
vt 0.766840 0.709170
vt 0.775670 0.706240
vt 0.776670 0.696900
vt 0.785550 0.694170
vt 0.784600 0.703510
vt 0.768070 0.699800
vt 0.769050 0.690280
vt 0.777560 0.687460
vt 0.778220 0.677790
vt 0.786670 0.675010
vt 0.786200 0.684690
vt 0.770010 0.680590
vt 0.770700 0.670740
vt 0.778750 0.667910
vt 0.778760 0.657850
vt 0.786520 0.654920
vt 0.786820 0.665060
vt 0.771110 0.660800
vt 0.770920 0.650710
vt 0.778280 0.647660
vt 0.763390 0.663910
vt 0.763620 0.654030
vt 0.763130 0.644140
vt 0.770150 0.640610
vt 0.756140 0.657620
vt 0.756070 0.648020
vt 0.755250 0.638430
vt 0.761990 0.634350
vt 0.748750 0.652110
vt 0.748410 0.642790
vt 0.747380 0.633450
vt 0.753900 0.628900
vt 0.741230 0.647310
vt 0.740700 0.638220
vt 0.739540 0.629110
vt 0.745910 0.624170
vt 0.733640 0.643170
vt 0.732980 0.634260
vt 0.731780 0.625240
vt 0.738000 0.620010
vt 0.726070 0.639480
vt 0.725400 0.630540
vt 0.724230 0.621480
vt 0.730270 0.616150
vt 0.718720 0.635730
vt 0.718040 0.626750
vt 0.716880 0.617660
vt 0.722780 0.612360
vt 0.711580 0.631800
vt 0.710860 0.622820
vt 0.709660 0.613860
vt 0.715440 0.608590
vt 0.713590 0.599640
vt 0.718960 0.594240
vt 0.721000 0.603240
vt 0.708130 0.605000
vt 0.706260 0.596250
vt 0.711570 0.590830
vt 0.709340 0.582200
vt 0.714360 0.576740
vt 0.716710 0.585390
vt 0.704260 0.587660
vt 0.702090 0.579230
vt 0.707050 0.573770
vt 0.697080 0.584610
vt 0.695010 0.576270
vt 0.699900 0.570950
vt 0.690100 0.581370
vt 0.688150 0.573100
vt 0.692940 0.568050
vt 0.690770 0.560060
vt 0.695430 0.554840
vt 0.697680 0.562790
vt 0.686130 0.565070
vt 0.683980 0.557360
vt 0.688530 0.552390
vt 0.686060 0.545110
vt 0.690460 0.539800
vt 0.693050 0.547160
vt 0.681670 0.550070
vt 0.679170 0.543120
vt 0.683440 0.538190
vt 0.680620 0.531650
vt 0.684810 0.526200
vt 0.687710 0.532810
vt 0.676480 0.536540
vt 0.673650 0.530280
vt 0.677730 0.525440
vt 0.670750 0.524380
vt 0.691910 0.527080
vt 0.694820 0.534200
vt 0.698990 0.528430
vt 0.701830 0.536080
vt 0.697510 0.541710
vt 0.704550 0.543930
vt 0.700040 0.549450
vt 0.707070 0.551920
vt 0.702410 0.557410
vt 0.709530 0.560040
vt 0.704740 0.565520
vt 0.711990 0.568300
vt 0.714240 0.554610
vt 0.716790 0.562900
vt 0.719340 0.571370
vt 0.721560 0.557660
vt 0.724200 0.566170
vt 0.726800 0.574880
vt 0.721790 0.580060
vt 0.729380 0.583730
vt 0.724210 0.588920
vt 0.731830 0.592680
vt 0.726460 0.597910
vt 0.734110 0.601760
vt 0.728510 0.607020
vt 0.736210 0.610890
vt 0.739650 0.596680
vt 0.741960 0.605770
vt 0.744100 0.614950
vt 0.747720 0.600930
vt 0.750040 0.610120
vt 0.752180 0.619450
vt 0.756040 0.605660
vt 0.758340 0.615070
vt 0.760380 0.624650
vt 0.764660 0.611110
vt 0.766870 0.620790
vt 0.768770 0.630630
vt 0.773530 0.617260
vt 0.775600 0.627250
vt 0.777260 0.637420
vt 0.782560 0.624010
vt 0.784390 0.634310
vt 0.785750 0.644650
vt 0.791610 0.631030
vt 0.793210 0.641440
vt 0.794370 0.651830
vt 0.800760 0.638010
vt 0.802170 0.648540
vt 0.803100 0.659020
vt 0.794970 0.662120
vt 0.803620 0.669340
vt 0.795150 0.672220
vt 0.803770 0.679420
vt 0.794990 0.682060
vt 0.803560 0.689280
vt 0.794530 0.691700
vt 0.803040 0.698920
vt 0.793760 0.701150
vt 0.802160 0.708320
vt 0.792680 0.710420
vt 0.791390 0.719460
vt 0.459630 0.316430
vt 0.453180 0.323910
vt 0.464840 0.318890
vt 0.458670 0.326140
vt 0.470130 0.321410
vt 0.464230 0.328490
vt 0.475530 0.323990
vt 0.469850 0.330900
vt 0.481030 0.326650
vt 0.475570 0.333420
vt 0.486620 0.329410
vt 0.481390 0.336020
vt 0.492290 0.332310
vt 0.487140 0.338750
vt 0.497960 0.335430
vt 0.492920 0.341650
vt 0.503670 0.338730
vt 0.498720 0.344690
vt 0.509480 0.342170
vt 0.504590 0.347840
vt 0.515400 0.345690
vt 0.510570 0.351090
vt 0.521430 0.349290
vt 0.516630 0.354410
vt 0.527510 0.353010
vt 0.522720 0.357860
vt 0.533580 0.356890
vt 0.528840 0.361440
vt 0.539570 0.361010
vt 0.534900 0.365270
vt 0.545500 0.365350
vt 0.540890 0.369320
vt 0.551300 0.369900
vt 0.546760 0.373590
vt 0.556970 0.374660
vt 0.552510 0.378070
vt 0.562450 0.379600
vt 0.561550 0.371510
vt 0.566920 0.376730
vt 0.572050 0.382160
vt 0.571530 0.374090
vt 0.576500 0.379820
vt 0.581170 0.385770
vt 0.581050 0.377720
vt 0.585540 0.383970
vt 0.589730 0.390420
vt 0.589980 0.382410
vt 0.593950 0.389210
vt 0.597540 0.396230
vt 0.598220 0.388320
vt 0.601520 0.395670
vt 0.604410 0.403110
vt 0.605480 0.395400
vt 0.608030 0.403190
vt 0.610040 0.410940
vt 0.611600 0.403510
vt 0.613220 0.411590
vt 0.614400 0.419370
vt 0.616410 0.412530
vt 0.617400 0.420630
vt 0.618510 0.427870
vt 0.615410 0.426550
vt 0.619240 0.434320
vt 0.619670 0.413760
vt 0.618620 0.404980
vt 0.622080 0.405960
vt 0.615130 0.404070
vt 0.609400 0.395400
vt 0.613310 0.395670
vt 0.617200 0.396150
vt 0.621020 0.396870
vt 0.610970 0.387410
vt 0.615240 0.387590
vt 0.619530 0.387930
vt 0.623790 0.388530
vt 0.624840 0.397650
vt 0.612850 0.379200
vt 0.617540 0.379290
vt 0.622220 0.379670
vt 0.626790 0.380420
vt 0.628000 0.389390
vt 0.615040 0.370940
vt 0.620110 0.371190
vt 0.625180 0.371690
vt 0.630210 0.372610
vt 0.631410 0.381430
vt 0.617620 0.362970
vt 0.623120 0.363310
vt 0.628630 0.363980
vt 0.634090 0.365120
vt 0.635260 0.373830
vt 0.620750 0.355160
vt 0.626660 0.355670
vt 0.632620 0.356530
vt 0.638450 0.357840
vt 0.639560 0.366550
vt 0.624410 0.347550
vt 0.630720 0.348210
vt 0.637050 0.349200
vt 0.643260 0.350740
vt 0.644290 0.359490
vt 0.628520 0.340000
vt 0.635190 0.340820
vt 0.641930 0.342030
vt 0.648550 0.343850
vt 0.649500 0.352650
vt 0.633000 0.332500
vt 0.640080 0.333550
vt 0.647260 0.335020
vt 0.654320 0.337230
vt 0.655200 0.346130
vt 0.637870 0.325090
vt 0.645390 0.326420
vt 0.653120 0.328300
vt 0.660730 0.331080
vt 0.661490 0.340050
vt 0.643230 0.317830
vt 0.651370 0.319650
vt 0.659740 0.322090
vt 0.667890 0.325460
vt 0.668420 0.334510
vt 0.649320 0.310950
vt 0.658080 0.313280
vt 0.667020 0.316290
vt 0.675760 0.320440
vt 0.676110 0.329630
vt 0.656010 0.304360
vt 0.665380 0.307240
vt 0.675050 0.311060
vt 0.684540 0.316310
vt 0.684620 0.325590
vt 0.663330 0.298070
vt 0.673510 0.301800
vt 0.684130 0.306780
vt 0.694550 0.313530
vt 0.694150 0.322820
vt 0.671530 0.292380
vt 0.682820 0.297340
vt 0.694650 0.303970
vt 0.706070 0.312660
vt 0.705000 0.321820
vt 0.681030 0.287670
vt 0.693690 0.294370
vt 0.706870 0.303100
vt 0.719310 0.314300
vt 0.717280 0.323190
vt 0.692250 0.284440
vt 0.706470 0.293300
vt 0.721120 0.304760
vt 0.734450 0.319380
vt 0.731070 0.327750
vt 0.705330 0.282840
vt 0.721250 0.294490
vt 0.737820 0.310060
vt 0.751610 0.329670
vt 0.746100 0.336430
vt 0.720110 0.282750
vt 0.738700 0.299070
vt 0.758520 0.322720
vt 0.769160 0.347020
vt 0.761280 0.349920
vt 0.737230 0.284570
vt 0.765000 0.314750
vt 0.779210 0.347140
vt 0.785210 0.369650
vt 0.775570 0.367350
vt 0.794340 0.342790
vt 0.745490 0.274560
vt 0.794980 0.359910
vt 0.796630 0.376800
vt 0.798250 0.393180
vt 0.788100 0.387040
vt 0.810840 0.374670
vt 0.809580 0.388360
vt 0.809100 0.401800
vt 0.808610 0.415180
vt 0.798810 0.407390
vt 0.822430 0.401050
vt 0.820420 0.412980
vt 0.818720 0.424590
vt 0.816890 0.436170
vt 0.807640 0.427380
vt 0.831640 0.425080
vt 0.828870 0.435780
vt 0.826190 0.446150
vt 0.823310 0.456440
vt 0.814740 0.446950
vt 0.838810 0.447790
vt 0.835270 0.457520
vt 0.831800 0.466920
vt 0.828200 0.476250
vt 0.820290 0.466150
vt 0.844090 0.469590
vt 0.839980 0.478520
vt 0.835970 0.487170
vt 0.831820 0.495720
vt 0.824560 0.485140
vt 0.847920 0.490770
vt 0.843400 0.499000
vt 0.838920 0.506950
vt 0.834220 0.514790
vt 0.827620 0.503900
vt 0.850610 0.511480
vt 0.845640 0.518990
vt 0.840610 0.526230
vt 0.835310 0.533390
vt 0.829430 0.522340
vt 0.852090 0.531660
vt 0.846570 0.538410
vt 0.840940 0.544940
vt 0.835060 0.551440
vt 0.829880 0.540300
vt 0.852160 0.551210
vt 0.846080 0.557210
vt 0.839930 0.563060
vt 0.833490 0.568860
vt 0.829030 0.557700
vt 0.850870 0.570000
vt 0.844330 0.575320
vt 0.837630 0.580440
vt 0.830610 0.585490
vt 0.826850 0.574380
vt 0.848370 0.587970
vt 0.841300 0.592540
vt 0.834070 0.596920
vt 0.826560 0.601270
vt 0.823410 0.590270
vt 0.844640 0.604920
vt 0.837080 0.608770
vt 0.829450 0.612520
vt 0.821650 0.616340
vt 0.819000 0.605440
vt 0.839830 0.620790
vt 0.831920 0.624120
vt 0.824050 0.627440
vt 0.816130 0.630940
vt 0.813950 0.620090
vt 0.834160 0.635770
vt 0.826030 0.638760
vt 0.818020 0.641880
vt 0.810020 0.645200
vt 0.808430 0.634460
vt 0.827740 0.650050
vt 0.819450 0.652880
vt 0.811290 0.655900
vt 0.820550 0.663740
vt 0.812080 0.666480
vt 0.821300 0.674400
vt 0.812530 0.676840
vt 0.821670 0.684850
vt 0.812600 0.686980
vt 0.812330 0.696890
vt 0.474420 0.301810
vt 0.466720 0.309110
vt 0.479090 0.304510
vt 0.471620 0.311710
vt 0.483860 0.307340
vt 0.476640 0.314370
vt 0.488730 0.310330
vt 0.481760 0.317120
vt 0.493650 0.313460
vt 0.486970 0.319990
vt 0.498710 0.316750
vt 0.492310 0.322970
vt 0.503870 0.320250
vt 0.497770 0.326110
vt 0.509140 0.323930
vt 0.503290 0.329480
vt 0.514520 0.327810
vt 0.508870 0.333080
vt 0.520070 0.331820
vt 0.514580 0.336810
vt 0.525820 0.335870
vt 0.520450 0.340620
vt 0.531700 0.339980
vt 0.526440 0.344490
vt 0.537680 0.344220
vt 0.532490 0.348480
vt 0.543640 0.348640
vt 0.538520 0.352640
vt 0.549460 0.353320
vt 0.544420 0.357030
vt 0.555200 0.358210
vt 0.550260 0.361650
vt 0.560830 0.363290
vt 0.555990 0.366480
vt 0.566280 0.368590
vt 0.565820 0.360330
vt 0.571130 0.365880
vt 0.576250 0.371660
vt 0.576120 0.363400
vt 0.581060 0.369500
vt 0.585700 0.375840
vt 0.585980 0.367610
vt 0.590420 0.374260
vt 0.594520 0.381150
vt 0.595210 0.373000
vt 0.599060 0.380240
vt 0.602490 0.387710
vt 0.603620 0.379650
vt 0.606730 0.387430
vt 0.608220 0.379280
vt 0.600080 0.372030
vt 0.605010 0.371370
vt 0.610010 0.370980
vt 0.601370 0.363780
vt 0.606710 0.363160
vt 0.612160 0.362860
vt 0.603170 0.355630
vt 0.608980 0.355140
vt 0.614890 0.354950
vt 0.605590 0.347650
vt 0.611840 0.347280
vt 0.618150 0.347190
vt 0.608620 0.339800
vt 0.615240 0.339530
vt 0.621900 0.339530
vt 0.612120 0.331980
vt 0.619050 0.331760
vt 0.626040 0.331870
vt 0.615950 0.324060
vt 0.623160 0.323950
vt 0.630510 0.324220
vt 0.620000 0.316080
vt 0.627580 0.316140
vt 0.635370 0.316640
vt 0.624380 0.308110
vt 0.632440 0.308410
vt 0.640810 0.309250
vt 0.629110 0.300210
vt 0.637780 0.300870
vt 0.646870 0.302170
vt 0.634360 0.292490
vt 0.643750 0.293600
vt 0.653520 0.295330
vt 0.640210 0.285020
vt 0.650290 0.286540
vt 0.660810 0.288800
vt 0.646580 0.277680
vt 0.657480 0.279720
vt 0.669060 0.282810
vt 0.653620 0.270560
vt 0.665670 0.273410
vt 0.678700 0.277790
vt 0.661790 0.263950
vt 0.675350 0.268000
vt 0.690130 0.274120
vt 0.671520 0.258070
vt 0.686820 0.263660
vt 0.703130 0.271500
vt 0.682680 0.252770
vt 0.699000 0.259460
vt 0.716900 0.269060
vt 0.693350 0.246490
vt 0.709890 0.253420
vt 0.727980 0.262750
vt 0.701430 0.236960
vt 0.716690 0.241760
vt 0.731180 0.244580
vt 0.815510 0.363000
vt 0.705390 0.221710
vt 0.832230 0.380900
vt 0.717630 0.220760
vt 0.825780 0.389500
vt 0.846570 0.397040
vt 0.704500 0.199660
vt 0.839410 0.404860
vt 0.834940 0.414370
vt 0.852120 0.420080
vt 0.846740 0.428640
vt 0.842580 0.437910
vt 0.857960 0.443290
vt 0.852890 0.451720
vt 0.848420 0.460490
vt 0.862650 0.466130
vt 0.857410 0.474140
vt 0.852630 0.482370
vt 0.865980 0.488560
vt 0.860650 0.496130
vt 0.855640 0.503760
vt 0.868300 0.510680
vt 0.862850 0.517730
vt 0.857550 0.524710
vt 0.869640 0.532480
vt 0.863920 0.538880
vt 0.858160 0.545080
vt 0.869830 0.553720
vt 0.863630 0.559260
vt 0.857350 0.564600
vt 0.868660 0.573870
vt 0.862000 0.578610
vt 0.855300 0.583260
vt 0.866300 0.592870
vt 0.859230 0.596940
vt 0.852070 0.600930
vt 0.862880 0.610690
vt 0.855350 0.614120
vt 0.847710 0.617440
vt 0.858420 0.627280
vt 0.850420 0.630080
vt 0.842360 0.632840
vt 0.852930 0.642700
vt 0.844540 0.645000
vt 0.836170 0.647390
vt 0.846500 0.657050
vt 0.837790 0.659000
vt 0.829170 0.661210
vt 0.839090 0.670460
vt 0.830160 0.672240
vt 0.830780 0.683070
vt 0.484670 0.284260
vt 0.477470 0.291740
vt 0.489450 0.287260
vt 0.482120 0.294500
vt 0.494210 0.290430
vt 0.486790 0.297390
vt 0.498920 0.293800
vt 0.491480 0.300450
vt 0.503640 0.297420
vt 0.496190 0.303730
vt 0.508290 0.301320
vt 0.500920 0.307220
vt 0.512950 0.305430
vt 0.505720 0.310900
vt 0.517710 0.309660
vt 0.510620 0.314770
vt 0.522590 0.313970
vt 0.515650 0.318790
vt 0.527560 0.318370
vt 0.520820 0.322950
vt 0.532660 0.322810
vt 0.526130 0.327200
vt 0.538000 0.327280
vt 0.531680 0.331450
vt 0.543480 0.331830
vt 0.537380 0.335770
vt 0.549070 0.336550
vt 0.543190 0.340250
vt 0.554680 0.341460
vt 0.549010 0.344930
vt 0.560180 0.346610
vt 0.554710 0.349860
vt 0.565630 0.351960
vt 0.560320 0.354990
vt 0.570970 0.357550
vt 0.571120 0.349190
vt 0.576250 0.355050
vt 0.581240 0.361180
vt 0.581730 0.352860
vt 0.586480 0.359280
vt 0.591010 0.366000
vt 0.591890 0.357710
vt 0.596140 0.364700
vt 0.597490 0.356470
vt 0.587440 0.351000
vt 0.593350 0.349500
vt 0.599420 0.348350
vt 0.589110 0.342820
vt 0.595500 0.341440
vt 0.602050 0.340380
vt 0.591480 0.334770
vt 0.598310 0.333470
vt 0.605240 0.332480
vt 0.594440 0.326740
vt 0.601600 0.325470
vt 0.608810 0.324540
vt 0.597790 0.318620
vt 0.605170 0.317380
vt 0.612580 0.316450
vt 0.601310 0.310390
vt 0.608880 0.309140
vt 0.616580 0.308300
vt 0.604900 0.302000
vt 0.612730 0.300830
vt 0.620820 0.300150
vt 0.608580 0.293490
vt 0.616790 0.292460
vt 0.625410 0.292040
vt 0.612460 0.284910
vt 0.621210 0.284150
vt 0.630550 0.284120
vt 0.616640 0.276340
vt 0.626120 0.276010
vt 0.636210 0.276390
vt 0.621220 0.267980
vt 0.631490 0.268040
vt 0.642380 0.268790
vt 0.626320 0.259740
vt 0.637430 0.260190
vt 0.649290 0.261390
vt 0.632150 0.251610
vt 0.644310 0.252510
vt 0.657480 0.254460
vt 0.639170 0.243600
vt 0.652590 0.245130
vt 0.667260 0.248020
vt 0.647480 0.235690
vt 0.662150 0.237930
vt 0.677710 0.241480
vt 0.656580 0.227550
vt 0.671410 0.229850
vt 0.686570 0.232920
vt 0.664380 0.217780
vt 0.678210 0.219060
vt 0.692210 0.220440
vt 0.669310 0.205000
vt 0.681740 0.204330
vt 0.693870 0.202850
vt 0.670900 0.188520
vt 0.681590 0.185210
vt 0.859470 0.412730
vt 0.691280 0.180160
vt 0.668850 0.168300
vt 0.677290 0.162090
vt 0.871280 0.428510
vt 0.863990 0.435460
vt 0.662640 0.145010
vt 0.882290 0.444490
vt 0.874870 0.451270
vt 0.868490 0.458440
vt 0.884900 0.467420
vt 0.878020 0.474200
vt 0.871820 0.481210
vt 0.886750 0.490300
vt 0.880120 0.496930
vt 0.874070 0.503690
vt 0.887840 0.512960
vt 0.881440 0.519420
vt 0.875490 0.525940
vt 0.888260 0.535470
vt 0.881980 0.541730
vt 0.875970 0.547870
vt 0.888030 0.557750
vt 0.881660 0.563600
vt 0.875280 0.568930
vt 0.886890 0.579230
vt 0.880130 0.584260
vt 0.873300 0.588680
vt 0.884650 0.599480
vt 0.877540 0.603580
vt 0.870310 0.607180
vt 0.881480 0.618540
vt 0.873970 0.621630
vt 0.866320 0.624430
vt 0.869340 0.638450
vt 0.861260 0.640470
vt 0.855210 0.655310
vt 0.498950 0.270380
vt 0.491720 0.277100
vt 0.504020 0.274000
vt 0.496630 0.280370
vt 0.508980 0.277860
vt 0.501480 0.283870
vt 0.513850 0.281970
vt 0.506290 0.287610
vt 0.518640 0.286330
vt 0.511060 0.291590
vt 0.523340 0.290870
vt 0.515720 0.295870
vt 0.527940 0.295560
vt 0.520310 0.300330
vt 0.532530 0.300310
vt 0.524970 0.304850
vt 0.537180 0.305080
vt 0.529730 0.309390
vt 0.541910 0.309880
vt 0.534590 0.313990
vt 0.546750 0.314770
vt 0.539530 0.318670
vt 0.551690 0.319700
vt 0.544660 0.323360
vt 0.556710 0.324700
vt 0.549910 0.328140
vt 0.561780 0.329890
vt 0.555270 0.333090
vt 0.566900 0.335270
vt 0.560640 0.338230
vt 0.571940 0.340870
vt 0.565910 0.343600
vt 0.576870 0.346700
vt 0.582880 0.344580
vt 0.578270 0.338430
vt 0.584770 0.336410
vt 0.573480 0.332630
vt 0.580350 0.330230
vt 0.587330 0.328320
vt 0.568650 0.327000
vt 0.575780 0.324410
vt 0.583090 0.322070
vt 0.590410 0.320190
vt 0.571170 0.318750
vt 0.578650 0.316180
vt 0.586220 0.313850
vt 0.593760 0.311980
vt 0.574180 0.310430
vt 0.581840 0.307850
vt 0.589560 0.305530
vt 0.597210 0.303610
vt 0.577420 0.301900
vt 0.585150 0.299310
vt 0.592910 0.296960
vt 0.600640 0.295030
vt 0.580670 0.293120
vt 0.588390 0.290510
vt 0.596210 0.288150
vt 0.604160 0.286290
vt 0.583750 0.284070
vt 0.591490 0.281440
vt 0.599500 0.279140
vt 0.607800 0.277450
vt 0.586560 0.274730
vt 0.594450 0.272170
vt 0.602790 0.270040
vt 0.611620 0.268650
vt 0.589080 0.265190
vt 0.597310 0.262830
vt 0.606240 0.260990
vt 0.615880 0.260030
vt 0.591530 0.255550
vt 0.600400 0.253510
vt 0.610230 0.252080
vt 0.620760 0.251510
vt 0.594430 0.245930
vt 0.604270 0.244290
vt 0.615100 0.243250
vt 0.626690 0.243080
vt 0.598230 0.236370
vt 0.609220 0.235120
vt 0.621190 0.234470
vt 0.633830 0.234640
vt 0.603300 0.226810
vt 0.615340 0.225880
vt 0.628370 0.225530
vt 0.642050 0.226090
vt 0.609450 0.217060
vt 0.622470 0.216320
vt 0.636350 0.216210
vt 0.650320 0.216750
vt 0.616300 0.206840
vt 0.629770 0.206090
vt 0.643420 0.205610
vt 0.656440 0.205320
vt 0.622550 0.195670
vt 0.635290 0.194270
vt 0.647850 0.192730
vt 0.659540 0.190910
vt 0.626480 0.182780
vt 0.638080 0.180180
vt 0.649200 0.176960
vt 0.659320 0.173110
vt 0.627730 0.167690
vt 0.637750 0.163350
vt 0.647070 0.158160
vt 0.655300 0.152170
vt 0.625630 0.150080
vt 0.633730 0.143900
vt 0.641040 0.136840
vt 0.647320 0.128930
vt 0.892450 0.460780
vt 0.619690 0.130380
vt 0.625950 0.122580
vt 0.901790 0.477280
vt 0.631600 0.113960
vt 0.893930 0.483770
vt 0.610410 0.109340
vt 0.910150 0.493990
vt 0.615290 0.100270
vt 0.902210 0.500240
vt 0.894700 0.506560
vt 0.598480 0.087710
vt 0.917870 0.510950
vt 0.909660 0.516910
vt 0.902050 0.522940
vt 0.894870 0.529140
vt 0.916460 0.533720
vt 0.908610 0.539460
vt 0.901390 0.545480
vt 0.894520 0.551650
vt 0.914820 0.555950
vt 0.907390 0.561770
vt 0.900420 0.567740
vt 0.893590 0.573650
vt 0.905700 0.583800
vt 0.898670 0.589450
vt 0.891640 0.594730
vt 0.507580 0.254230
vt 0.513240 0.258260
vt 0.506260 0.264170
vt 0.518780 0.262510
vt 0.511540 0.268130
vt 0.524150 0.266990
vt 0.516680 0.272330
vt 0.529330 0.271660
vt 0.521650 0.276750
vt 0.534300 0.276540
vt 0.526490 0.281370
vt 0.539070 0.281600
vt 0.531190 0.286150
vt 0.543690 0.286760
vt 0.535770 0.291070
vt 0.548220 0.291980
vt 0.540330 0.296040
vt 0.552760 0.297230
vt 0.544910 0.301050
vt 0.557330 0.302480
vt 0.549540 0.306080
vt 0.561930 0.307810
vt 0.554280 0.311150
vt 0.566560 0.313190
vt 0.559030 0.316290
vt 0.563830 0.321580
vt 0.569700 0.304720
vt 0.565130 0.299130
vt 0.572980 0.295950
vt 0.560600 0.293570
vt 0.568410 0.290150
vt 0.576140 0.286940
vt 0.563830 0.284350
vt 0.571380 0.280850
vt 0.578950 0.277600
vt 0.566480 0.274750
vt 0.573850 0.271220
vt 0.581370 0.267980
vt 0.568500 0.264840
vt 0.575790 0.261300
vt 0.583440 0.258140
vt 0.569960 0.254650
vt 0.577470 0.251200
vt 0.585600 0.248200
vt 0.571330 0.244290
vt 0.579370 0.240980
vt 0.588360 0.238270
vt 0.573040 0.233770
vt 0.582030 0.230720
vt 0.592180 0.228340
vt 0.575680 0.223110
vt 0.585880 0.220360
vt 0.597300 0.218340
vt 0.579490 0.212250
vt 0.590900 0.209820
vt 0.603370 0.208010
vt 0.584270 0.201160
vt 0.596640 0.198890
vt 0.609670 0.197090
vt 0.589440 0.189660
vt 0.601980 0.187280
vt 0.614540 0.185040
vt 0.593520 0.177390
vt 0.605420 0.174450
vt 0.617000 0.171240
vt 0.595700 0.163850
vt 0.606500 0.159860
vt 0.616700 0.155330
vt 0.595330 0.148700
vt 0.604500 0.143410
vt 0.612650 0.137290
vt 0.591400 0.131970
vt 0.598600 0.125250
vt 0.604970 0.117660
vt 0.583950 0.113850
vt 0.589510 0.105800
vt 0.594330 0.097030
vt 0.573500 0.094820
vt 0.577550 0.085780
vt 0.581220 0.076260
vt 0.924930 0.528120
vt 0.563280 0.066020
vt 0.931240 0.545380
vt 0.922840 0.550530
vt 0.519850 0.241880
vt 0.513860 0.248080
vt 0.525940 0.246570
vt 0.519750 0.252420
vt 0.531980 0.251400
vt 0.525570 0.256950
vt 0.537870 0.256450
vt 0.531210 0.261700
vt 0.543570 0.261720
vt 0.536630 0.266650
vt 0.549020 0.267190
vt 0.541820 0.271810
vt 0.554160 0.272840
vt 0.546780 0.277170
vt 0.559110 0.278570
vt 0.551510 0.282600
vt 0.556090 0.288070
vt 0.561380 0.268680
vt 0.555920 0.262750
vt 0.562900 0.258500
vt 0.550260 0.256920
vt 0.556960 0.252350
vt 0.563950 0.248060
vt 0.550850 0.246360
vt 0.557650 0.241720
vt 0.565060 0.237480
vt 0.551230 0.235550
vt 0.558560 0.230890
vt 0.566700 0.226640
vt 0.552080 0.224380
vt 0.560160 0.219660
vt 0.569280 0.215480
vt 0.553530 0.212730
vt 0.562570 0.208030
vt 0.572950 0.204110
vt 0.555680 0.200650
vt 0.565870 0.196150
vt 0.577310 0.192470
vt 0.558480 0.188270
vt 0.569600 0.183960
vt 0.581570 0.180390
vt 0.561380 0.175530
vt 0.572730 0.171320
vt 0.584420 0.167480
vt 0.563230 0.162400
vt 0.574360 0.157960
vt 0.585310 0.153420
vt 0.563660 0.148680
vt 0.573890 0.143540
vt 0.583270 0.137930
vt 0.570110 0.127850
vt 0.577550 0.121110
vt 0.568710 0.103250
vt 0.531790 0.229520
vt 0.525680 0.235650
vt 0.538130 0.235010
vt 0.531960 0.240720
vt 0.544560 0.240580
vt 0.538210 0.245900
vt 0.544320 0.251300
vt 0.544820 0.229490
vt 0.538260 0.223580
vt 0.545580 0.217900
vt 0.538780 0.211530
vt 0.546750 0.205800
vt 0.548510 0.193290
vt 0.806370 0.623830
vt 0.798960 0.627500
vt 0.796710 0.617090
vt 0.803980 0.613350
vt 0.789620 0.620630
vt 0.787180 0.610390
vt 0.794160 0.606820
vt 0.780340 0.613840
vt 0.777780 0.603890
vt 0.784500 0.600330
vt 0.771190 0.607440
vt 0.768530 0.597830
vt 0.774990 0.594170
vt 0.762220 0.601610
vt 0.759520 0.592310
vt 0.765670 0.588450
vt 0.753550 0.596420
vt 0.750820 0.587350
vt 0.756630 0.583210
vt 0.745220 0.591850
vt 0.742500 0.582880
vt 0.747960 0.578400
vt 0.737180 0.587660
vt 0.734500 0.578750
vt 0.739680 0.574020
vt 0.736800 0.565260
vt 0.741970 0.560920
vt 0.744960 0.569600
vt 0.731800 0.569930
vt 0.729040 0.561230
vt 0.733960 0.556590
vt 0.731030 0.548040
vt 0.735830 0.543710
vt 0.738940 0.552290
vt 0.726310 0.552680
vt 0.723470 0.544290
vt 0.728030 0.539570
vt 0.718910 0.549330
vt 0.716130 0.541110
vt 0.720540 0.536010
vt 0.711670 0.546450
vt 0.708920 0.538390
vt 0.713230 0.532990
vt 0.706070 0.530440
vt 0.744060 0.548240
vt 0.747310 0.556820
vt 0.752790 0.552900
vt 0.756140 0.561550
vt 0.750460 0.565480
vt 0.759430 0.570310
vt 0.753590 0.574260
vt 0.762620 0.579260
vt 0.765430 0.566470
vt 0.768760 0.575430
vt 0.771990 0.584650
vt 0.775100 0.571650
vt 0.778440 0.580920
vt 0.781610 0.590460
vt 0.785080 0.577120
vt 0.788330 0.586770
vt 0.791400 0.596660
vt 0.795240 0.582930
vt 0.798410 0.592860
vt 0.801350 0.603010
vt 0.805610 0.588810
vt 0.808630 0.599050
vt 0.811480 0.609420
vt 0.816080 0.594750
vt 0.812800 0.584450
vt 0.819980 0.579550
vt 0.809320 0.574290
vt 0.816150 0.569250
vt 0.822780 0.563630
vt 0.818320 0.553390
vt 0.824280 0.546950
vt 0.819160 0.536790
vt 0.824460 0.529620
vt 0.818720 0.519610
vt 0.823320 0.511780
vt 0.816890 0.502080
vt 0.820840 0.493650
vt 0.813820 0.484470
vt 0.817150 0.475380
vt 0.809630 0.466920
vt 0.812300 0.457050
vt 0.804330 0.449450
vt 0.806170 0.438630
vt 0.797820 0.432110
vt 0.798590 0.420130
vt 0.790000 0.415040
vt 0.789490 0.401760
vt 0.780890 0.398730
vt 0.779030 0.384190
vt 0.770770 0.383690
vt 0.767430 0.368080
vt 0.759790 0.370210
vt 0.754710 0.354100
vt 0.748070 0.358600
vt 0.741260 0.343070
vt 0.735900 0.349470
vt 0.727800 0.335650
vt 0.723740 0.343280
vt 0.715190 0.331730
vt 0.712240 0.340120
vt 0.703750 0.330690
vt 0.701680 0.339530
vt 0.693550 0.331870
vt 0.692100 0.340920
vt 0.684390 0.334660
vt 0.683410 0.343780
vt 0.676140 0.338640
vt 0.675530 0.347770
vt 0.668700 0.343480
vt 0.668350 0.352560
vt 0.661910 0.348960
vt 0.661780 0.358030
vt 0.655760 0.355010
vt 0.655780 0.364040
vt 0.650140 0.361470
vt 0.650290 0.370480
vt 0.645030 0.368280
vt 0.645230 0.377260
vt 0.640330 0.375330
vt 0.640570 0.384340
vt 0.636050 0.382700
vt 0.636310 0.391840
vt 0.632200 0.390460
vt 0.632490 0.399800
vt 0.628710 0.398580
vt 0.628890 0.408130
vt 0.625460 0.406910
vt 0.802300 0.578810
vt 0.791930 0.573170
vt 0.781650 0.567730
vt 0.771630 0.562590
vt 0.761990 0.557650
vt 0.659820 0.486710
vt 0.662120 0.491830
vt 0.664080 0.480030
vt 0.666430 0.485300
vt 0.668790 0.490820
vt 0.670590 0.478150
vt 0.672950 0.483780
vt 0.675390 0.489580
vt 0.676900 0.476400
vt 0.679410 0.482310
vt 0.682030 0.488370
vt 0.683250 0.474870
vt 0.685900 0.481030
vt 0.688680 0.487370
vt 0.689700 0.473720
vt 0.692450 0.480170
vt 0.695290 0.486880
vt 0.696230 0.473190
vt 0.699030 0.480090
vt 0.701860 0.487610
vt 0.702850 0.473880
vt 0.705590 0.481770
vt 0.708480 0.490020
vt 0.709490 0.476630
vt 0.712250 0.485010
vt 0.715380 0.493340
vt 0.716270 0.480500
vt 0.719290 0.488900
vt 0.722640 0.497360
vt 0.723330 0.484780
vt 0.726640 0.493360
vt 0.730340 0.501880
vt 0.730690 0.489580
vt 0.734460 0.498200
vt 0.738530 0.506770
vt 0.738590 0.494680
vt 0.742870 0.503210
vt 0.747290 0.511610
vt 0.747210 0.499770
vt 0.751910 0.508040
vt 0.756670 0.516180
vt 0.756510 0.504350
vt 0.761600 0.512340
vt 0.766610 0.520380
vt 0.766490 0.508210
vt 0.771800 0.516130
vt 0.776960 0.524200
vt 0.776850 0.511390
vt 0.782300 0.519370
vt 0.787520 0.527530
vt 0.787400 0.513820
vt 0.781680 0.506130
vt 0.786130 0.500130
vt 0.775760 0.498690
vt 0.779930 0.493060
vt 0.783730 0.486670
vt 0.773630 0.486270
vt 0.777190 0.480360
vt 0.780410 0.473660
vt 0.770470 0.474560
vt 0.773510 0.468420
vt 0.776220 0.461390
vt 0.771320 0.450460
vt 0.766300 0.440940
vt 0.760440 0.441780
vt 0.761030 0.432190
vt 0.755600 0.443750
vt 0.755480 0.434010
vt 0.755170 0.423990
vt 0.750590 0.436590
vt 0.749790 0.426690
vt 0.748780 0.416550
vt 0.744910 0.429940
vt 0.743570 0.420020
vt 0.741900 0.409660
vt 0.738730 0.423930
vt 0.736840 0.413870
vt 0.734590 0.403260
vt 0.732070 0.418380
vt 0.729730 0.408100
vt 0.726890 0.397430
vt 0.725050 0.413050
vt 0.722230 0.402810
vt 0.718810 0.392750
vt 0.717660 0.408310
vt 0.714360 0.398910
vt 0.710560 0.389810
vt 0.710110 0.405380
vt 0.706500 0.396830
vt 0.702500 0.388600
vt 0.702590 0.403980
vt 0.698800 0.396220
vt 0.694660 0.388940
vt 0.695190 0.403940
vt 0.691310 0.397040
vt 0.687150 0.390580
vt 0.687990 0.405200
vt 0.684130 0.399000
vt 0.680030 0.393270
vt 0.681090 0.407440
vt 0.677280 0.401920
vt 0.673280 0.396880
vt 0.674510 0.410540
vt 0.670800 0.405630
vt 0.666920 0.401220
vt 0.668290 0.414360
vt 0.664600 0.410220
vt 0.660940 0.406290
vt 0.662300 0.419070
vt 0.658820 0.415320
vt 0.655410 0.411900
vt 0.656770 0.423660
vt 0.653600 0.420610
vt 0.650450 0.417990
vt 0.651640 0.428580
vt 0.649060 0.426500
vt 0.645810 0.424700
vt 0.653670 0.432030
vt 0.655840 0.437520
vt 0.659870 0.427810
vt 0.663080 0.432050
vt 0.657630 0.441380
vt 0.665640 0.422960
vt 0.668640 0.427540
vt 0.665300 0.436400
vt 0.671700 0.419100
vt 0.674900 0.424350
vt 0.672060 0.432430
vt 0.678060 0.415920
vt 0.681160 0.421770
vt 0.677790 0.430130
vt 0.684690 0.413420
vt 0.687800 0.419770
vt 0.684060 0.427930
vt 0.691620 0.411780
vt 0.694720 0.418700
vt 0.690740 0.426330
vt 0.698770 0.411270
vt 0.701790 0.418860
vt 0.697630 0.425820
vt 0.706030 0.412050
vt 0.708900 0.420300
vt 0.704610 0.426580
vt 0.713330 0.414210
vt 0.715970 0.423300
vt 0.711610 0.428800
vt 0.720510 0.418050
vt 0.722880 0.427620
vt 0.718490 0.432420
vt 0.727480 0.423000
vt 0.729610 0.432420
vt 0.725230 0.436820
vt 0.734170 0.428120
vt 0.735980 0.437500
vt 0.731740 0.441620
vt 0.740430 0.433620
vt 0.741830 0.443100
vt 0.737810 0.446860
vt 0.746110 0.439660
vt 0.747440 0.449470
vt 0.743530 0.452770
vt 0.751440 0.446440
vt 0.752800 0.456180
vt 0.749410 0.459530
vt 0.756300 0.453170
vt 0.758780 0.461680
vt 0.755780 0.465420
vt 0.763800 0.468860
vt 0.760840 0.473490
vt 0.757600 0.477580
vt 0.752430 0.469320
vt 0.754180 0.481210
vt 0.749310 0.472630
vt 0.746030 0.462790
vt 0.745950 0.475800
vt 0.742410 0.466170
vt 0.739860 0.456400
vt 0.738870 0.469710
vt 0.736110 0.460210
vt 0.733900 0.450850
vt 0.732330 0.464110
vt 0.729870 0.454920
vt 0.727610 0.445870
vt 0.725830 0.459070
vt 0.723390 0.450170
vt 0.721000 0.441350
vt 0.719210 0.454550
vt 0.716680 0.445980
vt 0.714230 0.437430
vt 0.712460 0.450730
vt 0.709870 0.442570
vt 0.707330 0.434510
vt 0.705610 0.447960
vt 0.702980 0.440420
vt 0.700410 0.433060
vt 0.698740 0.446580
vt 0.696090 0.439760
vt 0.693540 0.433000
vt 0.691920 0.446810
vt 0.689320 0.440530
vt 0.686890 0.434220
vt 0.685320 0.448260
vt 0.682880 0.442220
vt 0.680560 0.436110
vt 0.679160 0.450040
vt 0.676750 0.444200
vt 0.674780 0.438280
vt 0.673250 0.452060
vt 0.670590 0.446610
vt 0.667310 0.441140
vt 0.667050 0.454970
vt 0.664450 0.450090
vt 0.662720 0.445750
vt 0.661190 0.457440
vt 0.658920 0.453280
vt 0.663430 0.462180
vt 0.669630 0.459710
vt 0.665800 0.467410
vt 0.661870 0.474900
vt 0.668240 0.472770
vt 0.672020 0.465210
vt 0.674490 0.470720
vt 0.675640 0.457640
vt 0.678070 0.463250
vt 0.680690 0.468940
vt 0.681660 0.455820
vt 0.684270 0.461540
vt 0.687030 0.467480
vt 0.688050 0.454160
vt 0.690720 0.460230
vt 0.693510 0.466590
vt 0.694670 0.453200
vt 0.697320 0.459810
vt 0.700130 0.466660
vt 0.701440 0.453610
vt 0.704070 0.460880
vt 0.706850 0.468500
vt 0.708290 0.455710
vt 0.710920 0.463660
vt 0.713580 0.472020
vt 0.715110 0.459050
vt 0.717670 0.467590
vt 0.720390 0.476220
vt 0.721800 0.463290
vt 0.724430 0.472090
vt 0.727390 0.480860
vt 0.728450 0.468080
vt 0.731340 0.477070
vt 0.734730 0.485940
vt 0.735220 0.473340
vt 0.738620 0.482450
vt 0.742690 0.491240
vt 0.742410 0.479030
vt 0.746670 0.487940
vt 0.751480 0.496260
vt 0.750530 0.484580
vt 0.755670 0.492740
vt 0.761070 0.500400
vt 0.759740 0.488860
vt 0.765500 0.496250
vt 0.771240 0.503630
vt 0.769720 0.491450
vt 0.763630 0.484640
vt 0.767190 0.479840
vt 0.309876 0.724040
vt 0.314362 0.731510
vt 0.306831 0.717926
vt 0.309876 0.724040
vt 0.302593 0.708335
vt 0.304814 0.713558
vt 0.333415 0.754752
vt 0.336205 0.757391
vt 0.327872 0.748902
vt 0.333415 0.754752
vt 0.319988 0.739570
vt 0.321649 0.741744
vt 0.321649 0.741744
vt 0.325189 0.745986
vt 0.314555 0.731827
vt 0.317860 0.736693
vt 0.297676 0.692829
vt 0.299136 0.697860
vt 0.301605 0.705445
vt 0.302593 0.708335
vt 0.296037 0.685032
vt 0.296181 0.685649
vt 0.296181 0.685649
vt 0.296783 0.688544
vt 0.295875 0.684013
vt 0.296037 0.685032
vt 0.352109 0.770491
vt 0.358287 0.774813
vt 0.342023 0.762580
vt 0.344344 0.764561
vt 0.344344 0.764561
vt 0.347115 0.766724
vt 0.293376 0.661541
vt 0.293702 0.665811
vt 0.294443 0.674315
vt 0.294773 0.677218
vt 0.293297 0.655403
vt 0.293376 0.661541
vt 0.377319 0.786137
vt 0.381935 0.788522
vt 0.363873 0.778413
vt 0.367037 0.780388
vt 0.367037 0.780388
vt 0.369865 0.782026
vt 0.293463 0.645721
vt 0.293282 0.653528
vt 0.294046 0.636924
vt 0.293999 0.637802
vt 0.293999 0.637802
vt 0.293612 0.643417
vt 0.394291 0.794298
vt 0.399824 0.796478
vt 0.392485 0.793492
vt 0.393516 0.793967
vt 0.393516 0.793967
vt 0.394291 0.794298
vt 0.296237 0.619315
vt 0.295743 0.622968
vt 0.294176 0.635584
vt 0.294046 0.636924
vt 0.431086 0.807099
vt 0.432570 0.807495
vt 0.428634 0.806395
vt 0.431086 0.807099
vt 0.409768 0.800342
vt 0.415769 0.802468
vt 0.415769 0.802468
vt 0.419648 0.803743
vt 0.299895 0.600879
vt 0.298434 0.607776
vt 0.297226 0.613745
vt 0.296237 0.619315
vt 0.455055 0.812727
vt 0.458008 0.813279
vt 0.449264 0.811560
vt 0.455055 0.812727
vt 0.439039 0.809210
vt 0.445333 0.810741
vt 0.304812 0.582169
vt 0.303834 0.585753
vt 0.302210 0.591544
vt 0.300838 0.597119
vt 0.479512 0.816579
vt 0.482397 0.816901
vt 0.473078 0.815763
vt 0.479512 0.816579
vt 0.463168 0.814229
vt 0.470206 0.815384
vt 0.307299 0.574100
vt 0.304812 0.582169
vt 0.310800 0.563555
vt 0.309915 0.566216
vt 0.309915 0.566216
vt 0.308174 0.571412
vt 0.504087 0.818661
vt 0.506483 0.818758
vt 0.498661 0.818359
vt 0.504087 0.818661
vt 0.487726 0.817494
vt 0.494372 0.818100
vt 0.313961 0.554901
vt 0.310800 0.563555
vt 0.317817 0.544912
vt 0.316489 0.548337
vt 0.316489 0.548337
vt 0.314366 0.553828
vt 0.528772 0.819027
vt 0.530236 0.818988
vt 0.525054 0.819074
vt 0.528772 0.819027
vt 0.512334 0.818994
vt 0.518412 0.819124
vt 0.321783 0.535426
vt 0.320196 0.539239
vt 0.325984 0.525843
vt 0.325909 0.526014
vt 0.325909 0.526014
vt 0.325810 0.526242
vt 0.541715 0.818607
vt 0.550839 0.817911
vt 0.537140 0.818814
vt 0.541715 0.818607
vt 0.326527 0.524672
vt 0.325984 0.525843
vt 0.334698 0.507410
vt 0.333347 0.510200
vt 0.333347 0.510200
vt 0.331525 0.513990
vt 0.563675 0.816753
vt 0.565872 0.816432
vt 0.557453 0.817360
vt 0.562375 0.816899
vt 0.562375 0.816899
vt 0.563675 0.816753
vt 0.343691 0.489901
vt 0.341176 0.494694
vt 0.339150 0.498595
vt 0.337600 0.501668
vt 0.585016 0.813673
vt 0.594535 0.811838
vt 0.579470 0.814599
vt 0.585016 0.813673
vt 0.348394 0.481194
vt 0.344125 0.489097
vt 0.353227 0.472540
vt 0.352419 0.473969
vt 0.352419 0.473969
vt 0.351212 0.476140
vt 0.606389 0.809264
vt 0.609026 0.808574
vt 0.598973 0.810917
vt 0.604858 0.809627
vt 0.604858 0.809627
vt 0.606389 0.809264
vt 0.357046 0.465912
vt 0.353227 0.472540
vt 0.363171 0.455446
vt 0.361539 0.458225
vt 0.361539 0.458225
vt 0.358861 0.462782
vt 0.627733 0.803645
vt 0.636405 0.801137
vt 0.621964 0.805278
vt 0.627733 0.803645
vt 0.372927 0.439455
vt 0.370959 0.442629
vt 0.368112 0.447274
vt 0.367247 0.448697
vt 0.648527 0.797508
vt 0.648668 0.797460
vt 0.647651 0.797775
vt 0.648412 0.797545
vt 0.648412 0.797545
vt 0.648527 0.797508
vt 0.382219 0.424744
vt 0.380702 0.427128
vt 0.377619 0.431982
vt 0.376865 0.433173
vt 0.668538 0.790610
vt 0.671039 0.789589
vt 0.666468 0.791384
vt 0.668538 0.790610
vt 0.385398 0.419864
vt 0.382219 0.424744
vt 0.391375 0.410587
vt 0.391093 0.411014
vt 0.391093 0.411014
vt 0.390135 0.412503
vt 0.687956 0.782662
vt 0.692611 0.780520
vt 0.684185 0.784314
vt 0.687956 0.782662
vt 0.400704 0.396603
vt 0.398550 0.399795
vt 0.391881 0.409827
vt 0.391375 0.410587
vt 0.706993 0.773814
vt 0.713816 0.770305
vt 0.701541 0.776491
vt 0.706993 0.773814
vt 0.409988 0.382964
vt 0.406400 0.388173
vt 0.403964 0.391791
vt 0.400704 0.396603
vt 0.725631 0.764128
vt 0.734343 0.759261
vt 0.718515 0.767955
vt 0.725631 0.764128
vt 0.419571 0.369226
vt 0.415633 0.374820
vt 0.413914 0.377321
vt 0.409988 0.382964
vt 0.743743 0.753762
vt 0.744628 0.753193
vt 0.737690 0.757325
vt 0.743119 0.754148
vt 0.743119 0.754148
vt 0.743743 0.753762
vt 0.430379 0.354278
vt 0.428413 0.356945
vt 0.422724 0.364910
vt 0.419571 0.369226
vt 0.436902 0.345480
vt 0.435959 0.346713
vt 0.435959 0.346713
vt 0.434875 0.348163
vt 0.447321 0.331519
vt 0.447032 0.331896
vt 0.761733 0.742314
vt 0.767910 0.738063
vt 0.758491 0.744479
vt 0.761733 0.742314
vt 0.776467 0.732160
vt 0.780865 0.728952
vt 0.793842 0.718947
vt 0.801643 0.712568
vt 0.786008 0.725064
vt 0.791146 0.721063
vt 0.458988 0.316133
vt 0.453200 0.323762
vt 0.447592 0.331169
vt 0.447321 0.331519
vt 0.451947 0.325419
vt 0.447592 0.331169
vt 0.821460 0.695115
vt 0.821640 0.694943
vt 0.808002 0.707219
vt 0.810295 0.705279
vt 0.810295 0.705279
vt 0.811883 0.703834
vt 0.471200 0.299958
vt 0.468442 0.303607
vt 0.463287 0.310507
vt 0.458988 0.316133
vt 0.834169 0.682591
vt 0.839588 0.676856
vt 0.826961 0.689891
vt 0.830834 0.685948
vt 0.483568 0.283613
vt 0.477484 0.291681
vt 0.472638 0.298103
vt 0.471200 0.299958
vt 0.477358 0.291849
vt 0.472638 0.298103
vt 0.871829 0.637772
vt 0.876220 0.631627
vt 0.862895 0.649541
vt 0.867535 0.643403
vt 0.858817 0.654732
vt 0.861394 0.651550
vt 0.861394 0.651550
vt 0.862895 0.649541
vt 0.852071 0.662960
vt 0.855659 0.658553
vt 0.846515 0.669276
vt 0.847934 0.667643
vt 0.495365 0.267995
vt 0.492972 0.271126
vt 0.487344 0.278714
vt 0.483568 0.283613
vt 0.911597 0.579162
vt 0.912735 0.577430
vt 0.900443 0.595796
vt 0.905124 0.588621
vt 0.897594 0.600254
vt 0.900443 0.595796
vt 0.888511 0.613813
vt 0.889059 0.612950
vt 0.501634 0.259741
vt 0.501024 0.260540
vt 0.496672 0.266339
vt 0.495365 0.267995
vt 0.560699 0.073912
vt 0.561043 0.076079
vt 0.925683 0.558853
vt 0.930435 0.552196
vt 0.923022 0.562798
vt 0.925683 0.558853
vt 0.912735 0.577430
vt 0.913058 0.576926
vt 0.516781 0.239503
vt 0.513826 0.243384
vt 0.509928 0.248794
vt 0.506417 0.253404
vt 0.565603 0.131144
vt 0.565196 0.136723
vt 0.565438 0.112806
vt 0.565460 0.117004
vt 0.565185 0.108017
vt 0.565406 0.111407
vt 0.565406 0.111407
vt 0.565438 0.112806
vt 0.563819 0.094229
vt 0.564545 0.100725
vt 0.561043 0.076079
vt 0.561172 0.077021
vt 0.526937 0.225397
vt 0.525438 0.227402
vt 0.519047 0.236503
vt 0.516781 0.239503
vt 0.532955 0.216578
vt 0.532044 0.217926
vt 0.542411 0.201695
vt 0.539053 0.206964
vt 0.546622 0.194484
vt 0.543842 0.199419
vt 0.543842 0.199419
vt 0.542411 0.201695
vt 0.550509 0.187249
vt 0.547683 0.192505
vt 0.554436 0.178711
vt 0.552729 0.182392
vt 0.559963 0.163855
vt 0.557240 0.171624
vt 0.563620 0.148699
vt 0.560910 0.160398
vt 0.565196 0.136723
vt 0.563641 0.148537
vt 0.527992 0.223946
vt 0.526937 0.225397
vt 0.876220 0.631627
vt 0.879509 0.626851
vt 0.887347 0.615578
vt 0.888511 0.613813
vt 0.305925 0.716167
vt 0.306831 0.717926
vt 0.326152 0.747119
vt 0.327872 0.748902
vt 0.325189 0.745986
vt 0.326152 0.747119
vt 0.317860 0.736693
vt 0.319988 0.739570
vt 0.314362 0.731510
vt 0.314485 0.731718
vt 0.314485 0.731718
vt 0.314555 0.731827
vt 0.304814 0.713558
vt 0.305925 0.716167
vt 0.299136 0.697860
vt 0.299857 0.700558
vt 0.299857 0.700558
vt 0.301605 0.705445
vt 0.296783 0.688544
vt 0.297676 0.692829
vt 0.294773 0.677218
vt 0.295875 0.684013
vt 0.347115 0.766724
vt 0.352109 0.770491
vt 0.336205 0.757391
vt 0.339288 0.760264
vt 0.339288 0.760264
vt 0.342023 0.762580
vt 0.293702 0.665811
vt 0.293881 0.669420
vt 0.293881 0.669420
vt 0.294443 0.674315
vt 0.293282 0.653528
vt 0.293297 0.655403
vt 0.369865 0.782026
vt 0.377319 0.786137
vt 0.358287 0.774813
vt 0.360963 0.776616
vt 0.360963 0.776616
vt 0.363873 0.778413
vt 0.293612 0.643417
vt 0.293499 0.645075
vt 0.293499 0.645075
vt 0.293474 0.645357
vt 0.293474 0.645357
vt 0.293463 0.645721
vt 0.399824 0.796478
vt 0.406997 0.799344
vt 0.381935 0.788522
vt 0.386691 0.790856
vt 0.386691 0.790856
vt 0.392485 0.793492
vt 0.295743 0.622968
vt 0.294960 0.628241
vt 0.294960 0.628241
vt 0.294176 0.635584
vt 0.419648 0.803743
vt 0.428634 0.806395
vt 0.406997 0.799344
vt 0.408170 0.799785
vt 0.408170 0.799785
vt 0.409768 0.800342
vt 0.298434 0.607776
vt 0.297893 0.610174
vt 0.297893 0.610174
vt 0.297226 0.613745
vt 0.445333 0.810741
vt 0.449264 0.811560
vt 0.432570 0.807495
vt 0.439039 0.809210
vt 0.300838 0.597119
vt 0.299895 0.600879
vt 0.303834 0.585753
vt 0.302210 0.591544
vt 0.470206 0.815384
vt 0.473078 0.815763
vt 0.458008 0.813279
vt 0.463168 0.814229
vt 0.308174 0.571412
vt 0.307848 0.572374
vt 0.307848 0.572374
vt 0.307691 0.572844
vt 0.307691 0.572844
vt 0.307299 0.574100
vt 0.494372 0.818100
vt 0.498661 0.818359
vt 0.482397 0.816901
vt 0.487726 0.817494
vt 0.314366 0.553828
vt 0.314257 0.554103
vt 0.314257 0.554103
vt 0.314190 0.554275
vt 0.314190 0.554275
vt 0.313961 0.554901
vt 0.518412 0.819124
vt 0.525054 0.819074
vt 0.506483 0.818758
vt 0.512334 0.818994
vt 0.320196 0.539239
vt 0.317817 0.544912
vt 0.325810 0.526242
vt 0.323507 0.531476
vt 0.323507 0.531476
vt 0.321783 0.535426
vt 0.550839 0.817911
vt 0.552846 0.817789
vt 0.530236 0.818988
vt 0.537140 0.818814
vt 0.331525 0.513990
vt 0.330847 0.515379
vt 0.330847 0.515379
vt 0.330326 0.516462
vt 0.330326 0.516462
vt 0.326527 0.524672
vt 0.565872 0.816432
vt 0.574374 0.815349
vt 0.552846 0.817789
vt 0.553855 0.817711
vt 0.553855 0.817711
vt 0.557453 0.817360
vt 0.337600 0.501668
vt 0.334698 0.507410
vt 0.341176 0.494694
vt 0.339150 0.498595
vt 0.594535 0.811838
vt 0.595687 0.811632
vt 0.574374 0.815349
vt 0.579470 0.814599
vt 0.344125 0.489097
vt 0.343691 0.489901
vt 0.351212 0.476140
vt 0.349524 0.479160
vt 0.349524 0.479160
vt 0.348394 0.481194
vt 0.609026 0.808574
vt 0.617094 0.806573
vt 0.595687 0.811632
vt 0.596375 0.811494
vt 0.596375 0.811494
vt 0.598973 0.810917
vt 0.358861 0.462782
vt 0.358449 0.463484
vt 0.358449 0.463484
vt 0.358193 0.463922
vt 0.358193 0.463922
vt 0.357046 0.465912
vt 0.636405 0.801137
vt 0.638218 0.800629
vt 0.617094 0.806573
vt 0.621964 0.805278
vt 0.367247 0.448697
vt 0.363171 0.455446
vt 0.370959 0.442629
vt 0.368112 0.447274
vt 0.648668 0.797460
vt 0.658610 0.794215
vt 0.638218 0.800629
vt 0.639446 0.800265
vt 0.639446 0.800265
vt 0.647651 0.797775
vt 0.376865 0.433173
vt 0.372927 0.439455
vt 0.380702 0.427128
vt 0.377619 0.431982
vt 0.671039 0.789589
vt 0.678303 0.786743
vt 0.658610 0.794215
vt 0.666468 0.791384
vt 0.390135 0.412503
vt 0.387578 0.416481
vt 0.387578 0.416481
vt 0.386829 0.417640
vt 0.386829 0.417640
vt 0.385398 0.419864
vt 0.692611 0.780520
vt 0.697505 0.778355
vt 0.678303 0.786743
vt 0.684185 0.784314
vt 0.398550 0.399795
vt 0.396048 0.403588
vt 0.396048 0.403588
vt 0.391881 0.409827
vt 0.713816 0.770305
vt 0.716383 0.769045
vt 0.697505 0.778355
vt 0.701541 0.776491
vt 0.406400 0.388173
vt 0.405372 0.389700
vt 0.405372 0.389700
vt 0.403964 0.391791
vt 0.734343 0.759261
vt 0.734731 0.759052
vt 0.716383 0.769045
vt 0.718515 0.767955
vt 0.415633 0.374820
vt 0.414640 0.376256
vt 0.414640 0.376256
vt 0.413914 0.377321
vt 0.744628 0.753193
vt 0.752711 0.748198
vt 0.734731 0.759052
vt 0.735054 0.758871
vt 0.735054 0.758871
vt 0.737690 0.757325
vt 0.428413 0.356945
vt 0.424891 0.361823
vt 0.424891 0.361823
vt 0.422724 0.364910
vt 0.441627 0.339098
vt 0.436902 0.345480
vt 0.434875 0.348163
vt 0.430379 0.354278
vt 0.447032 0.331896
vt 0.441627 0.339098
vt 0.772726 0.734822
vt 0.776467 0.732160
vt 0.771039 0.735989
vt 0.772726 0.734822
vt 0.767910 0.738063
vt 0.771039 0.735989
vt 0.752711 0.748198
vt 0.758491 0.744479
vt 0.791146 0.721063
vt 0.793842 0.718947
vt 0.780865 0.728952
vt 0.786008 0.725064
vt 0.453200 0.323762
vt 0.453110 0.323883
vt 0.453041 0.323975
vt 0.451947 0.325419
vt 0.453110 0.323883
vt 0.453041 0.323975
vt 0.811883 0.703834
vt 0.821460 0.695115
vt 0.801643 0.712568
vt 0.804417 0.710285
vt 0.804417 0.710285
vt 0.808002 0.707219
vt 0.468442 0.303607
vt 0.465016 0.308186
vt 0.465016 0.308186
vt 0.463287 0.310507
vt 0.830834 0.685948
vt 0.834169 0.682591
vt 0.821640 0.694943
vt 0.826961 0.689891
vt 0.477484 0.291681
vt 0.477449 0.291728
vt 0.477428 0.291757
vt 0.477358 0.291849
vt 0.477449 0.291728
vt 0.477428 0.291757
vt 0.867535 0.643403
vt 0.869740 0.640563
vt 0.855659 0.658553
vt 0.858817 0.654732
vt 0.847934 0.667643
vt 0.852071 0.662960
vt 0.839588 0.676856
vt 0.842387 0.673933
vt 0.842387 0.673933
vt 0.846515 0.669276
vt 0.492972 0.271126
vt 0.489549 0.275738
vt 0.489549 0.275738
vt 0.487344 0.278714
vt 0.905124 0.588621
vt 0.906515 0.586608
vt 0.894444 0.604845
vt 0.897594 0.600254
vt 0.889059 0.612950
vt 0.894444 0.604845
vt 0.882445 0.622714
vt 0.887347 0.615578
vt 0.506417 0.253404
vt 0.501634 0.259741
vt 0.501024 0.260540
vt 0.496672 0.266339
vt 0.930435 0.552196
vt 0.932619 0.549390
vt 0.919074 0.568169
vt 0.923022 0.562798
vt 0.913058 0.576926
vt 0.919074 0.568169
vt 0.906515 0.586608
vt 0.911597 0.579162
vt 0.513826 0.243384
vt 0.511630 0.246416
vt 0.511630 0.246416
vt 0.509928 0.248794
vt 0.565460 0.117004
vt 0.565695 0.124789
vt 0.564545 0.100725
vt 0.565185 0.108017
vt 0.562937 0.088456
vt 0.563819 0.094229
vt 0.561172 0.077021
vt 0.562937 0.088456
vt 0.558899 0.063911
vt 0.560699 0.073912
vt 0.525438 0.227402
vt 0.521833 0.232538
vt 0.521833 0.232538
vt 0.519047 0.236503
vt 0.539053 0.206964
vt 0.537201 0.210074
vt 0.547683 0.192505
vt 0.546622 0.194484
vt 0.552729 0.182392
vt 0.550509 0.187249
vt 0.557240 0.171624
vt 0.556144 0.174740
vt 0.556144 0.174740
vt 0.554436 0.178711
vt 0.560910 0.160398
vt 0.560545 0.161970
vt 0.560545 0.161970
vt 0.559963 0.163855
vt 0.563627 0.148654
vt 0.563625 0.148675
vt 0.563625 0.148675
vt 0.563620 0.148699
vt 0.563641 0.148537
vt 0.563627 0.148654
vt 0.565695 0.124789
vt 0.565603 0.131144
vt 0.537201 0.210074
vt 0.532955 0.216578
vt 0.532044 0.217926
vt 0.527992 0.223946
vt 0.869740 0.640563
vt 0.871829 0.637772
vt 0.879509 0.626851
vt 0.882445 0.622714
vt 0.997750 0.492406
vt 0.238022 0.914361
vt 0.860154 0.841104
vt 0.002652 0.542116
vt 0.739740 0.936321
vt 0.514007 0.001961
vt 0.007765 0.412322
vt 0.535846 0.003520
vt 0.047193 0.703588
vt 0.207448 0.069517
vt 0.918702 0.222547
vt 0.003549 0.552929
vt 0.002068 0.537054
vt 0.012373 0.391005
vt 0.881914 0.815145
vt 0.830453 0.869310
vt 0.285324 0.941870
vt 0.028426 0.338793
vt 0.946262 0.276873
vt 0.972362 0.600669
vt 0.001098 0.508988
vt 0.207429 0.894414
vt 0.592290 0.011194
vt 0.997889 0.438928
vt 0.503479 1.000000
vt 0.674376 0.967615
vt 0.368786 0.978173
vt 0.072360 0.766505
vt 0.055139 0.241917
vt 0.467659 0.000047
vt 0.641460 0.979293
vt 0.075524 0.771653
vt 0.981269 0.571478
vt 0.759941 0.925051
vt 0.386257 0.003848
vt 0.125429 0.834505
vt 0.471232 0.998291
vt 0.804766 0.096264
vt 0.333545 0.012222
vt 0.421785 0.992318
vt 0.365138 0.007177
vt 0.946151 0.690324
vt 0.244022 0.047028
vt 0.062073 0.745832
vt 0.008950 0.405914
vt 0.050233 0.264739
vt 0.228783 0.908470
vt 0.342419 0.968233
vt 0.085335 0.178015
vt 0.874216 0.159403
vt 0.356812 0.008459
vt 0.499339 0.000834
vt 0.920811 0.754638
vt 0.294731 0.026093
vt 0.618709 0.985408
vt 0.911396 0.773106
vt 0.551950 0.998030
vt 0.333977 0.012093
vt 0.066597 0.208339
vt 0.968845 0.333461
vt 0.024132 0.641531
vt 0.228006 0.056166
vt 0.180403 0.875564
vt 0.934556 0.721837
vt 0.407636 0.989416
vt 0.100771 0.807856
vt 0.019468 0.367411
vt 0.997671 0.492794
vt 0.130802 0.129666
vt 0.861030 0.840162
vt 0.929094 0.734365
vt 0.478158 0.999063
vt 0.347095 0.010001
vt 0.379067 0.004820
vt 0.862577 0.838467
vt 0.442065 0.000543
vt 0.116909 0.825880
vt 0.301981 0.950089
vt 0.883881 0.169898
vt 0.526834 0.999385
vt 0.779168 0.911188
vt 0.517610 0.002270
vt 0.659715 0.973340
vt 0.000000 0.474552
vt 0.955384 0.663566
vt 0.954416 0.667497
vt 0.665594 0.028699
vt 0.006767 0.417551
vt 0.972386 0.343049
vt 0.040877 0.300596
vt 0.302516 0.022567
vt 0.608844 0.988119
vt 0.286054 0.942274
vt 0.602274 0.989628
vt 0.455553 0.997088
vt 0.000968 0.499702
vt 0.159577 0.103574
vt 0.626231 0.983537
vt 0.134036 0.126634
vt 0.265890 0.930468
vt 0.055188 0.241695
vt 0.017128 0.620713
vt 0.303842 0.951102
vt 0.050963 0.261367
vt 0.078276 0.776310
vt 0.985104 0.553195
vt 0.286632 0.942563
vt 0.896556 0.795665
vt 0.028735 0.337574
vt 0.741421 0.060237
vt 0.081467 0.781293
vt 0.019160 0.627194
vt 0.707801 0.953044
vt 0.874224 0.823620
vt 0.517711 0.999629
vt 0.541852 0.998655
vt 0.000769 0.456474
vt 0.049813 0.711851
vt 0.610165 0.014327
vt 0.033877 0.322630
vt 0.031104 0.660290
vt 0.014408 0.610184
vt 0.027782 0.340793
vt 0.255157 0.042992
vt 0.902612 0.786473
vt 0.669087 0.029867
vt 0.923639 0.231246
vt 0.944172 0.272352
vt 0.576970 0.994692
vt 0.011727 0.599470
vt 0.836342 0.121334
vt 0.051472 0.259069
vt 0.078507 0.187716
vt 0.430742 0.994184
vt 0.098249 0.804324
vt 0.780239 0.080056
vt 0.044530 0.695660
vt 0.138117 0.845586
vt 0.829091 0.115161
vt 0.775827 0.913637
vt 0.363252 0.976298
vt 0.997743 0.492399
vt 0.987244 0.545899
vt 0.190775 0.080378
vt 0.059996 0.222430
vt 0.797472 0.897550
vt 0.906110 0.201182
vt 0.001712 0.528041
vt 0.545287 0.005004
vt 0.699867 0.041139
vt 0.689731 0.037799
vt 0.948666 0.283298
vt 0.554120 0.005950
vt 0.164459 0.099513
vt 0.194579 0.885232
vt 0.385183 0.983133
vt 0.290148 0.944321
vt 0.185113 0.878666
vt 0.804739 0.096252
vt 0.997729 0.492492
vt 0.992355 0.519210
vt 0.955380 0.299173
vt 0.030135 0.657702
vt 0.040209 0.682539
vt 0.973705 0.595414
vt 0.010250 0.593051
vt 0.934181 0.250042
vt 0.151594 0.856627
vt 0.055939 0.730037
vt 0.591278 0.011106
vt 0.412049 0.001787
vt 0.030274 0.332968
vt 0.858717 0.142110
vt 0.994633 0.423832
vt 0.223104 0.904950
vt 0.991118 0.407925
vt 0.156369 0.859692
vt 0.046689 0.281126
vt 0.451219 0.996620
vt 0.003978 0.557767
vt 0.852662 0.135919
vt 0.985961 0.386295
vt 0.790046 0.903202
vt 0.126876 0.133231
vt 0.224742 0.058062
vt 0.005814 0.569933
vt 0.112654 0.821176
vt 0.054821 0.243366
vt 0.568565 0.007315
vt 0.711689 0.045318
vt 0.055272 0.241427
vt 0.900262 0.790501
vt 0.007398 0.414063
vt 0.733645 0.939581
vt 0.011339 0.394916
vt 0.022306 0.357529
vt 0.166312 0.865684
vt 0.804504 0.096091
vt 0.174568 0.091267
vt 0.629266 0.018988
vt 0.936305 0.253977
vt 0.769151 0.073839
vt 0.580547 0.994008
vt 0.811769 0.885851
vt 0.271557 0.035237
vt 0.562247 0.996480
vt 0.253431 0.923643
vt 0.967469 0.620029
vt 0.973589 0.595792
vt 0.730696 0.054988
vt 0.158967 0.104117
vt 0.894290 0.183157
vt 0.394234 0.985696
vt 0.102470 0.809823
vt 0.502749 0.999989
vt 0.670696 0.030397
vt 0.202271 0.890753
vt 0.952772 0.671867
vt 0.989916 0.531052
vt 0.000372 0.485381
vt 0.621496 0.016858
vt 0.738662 0.936946
vt 0.017937 0.623226
vt 0.455404 0.000109
vt 0.587812 0.010371
vt 0.070933 0.200178
vt 0.265883 0.037838
vt 0.733293 0.056307
vt 0.053995 0.724841
vt 0.919283 0.757526
vt 0.160104 0.103142
vt 0.067444 0.757521
vt 0.334173 0.964788
vt 0.173471 0.092080
vt 0.866615 0.151387
vt 0.108115 0.150707
vt 0.840383 0.858610
vt 0.824921 0.873773
vt 0.007292 0.578457
vt 0.004083 0.433684
vt 0.992865 0.413367
vt 0.244964 0.918339
vt 0.649004 0.023561
vt 0.068288 0.204524
vt 0.887652 0.807320
vt 0.306784 0.952471
vt 0.400840 0.002597
vt 0.089683 0.792862
vt 0.576371 0.994782
vt 0.026551 0.648037
vt 0.454368 0.997061
vt 0.605087 0.988913
vt 0.458043 0.997321
vt 0.008202 0.583582
vt 0.010785 0.397243
vt 0.986728 0.388900
vt 0.974839 0.350624
vt 0.961538 0.644025
vt 0.922614 0.750583
vt 0.036531 0.673623
vt 0.145246 0.116597
vt 0.001350 0.516341
vt 0.804834 0.096317
vt 0.993650 0.513114
vt 0.208594 0.895288
vt 0.201318 0.073266
vt 0.964358 0.320937
vt 0.311180 0.018986
vt 0.307465 0.020152
vt 0.716796 0.948207
vt 0.756172 0.067478
vt 0.979678 0.365647
vt 0.043397 0.291761
vt 0.910122 0.207586
vt 0.724864 0.051824
vt 0.694801 0.959009
vt 0.804781 0.096277
vt 0.124915 0.834038
vt 0.937943 0.712827
vt 0.699963 0.956594
vt 0.421804 0.001037
vt 0.973513 0.596084
vt 0.036431 0.315107
vt 0.960164 0.311561
vt 0.741520 0.935351
vt 0.713292 0.950335
vt 0.031790 0.662106
vt 0.397024 0.002916
vt 0.832177 0.117807
vt 0.060253 0.741000
vt 0.430461 0.000780
vt 0.967697 0.618892
vt 0.041292 0.685682
vt 0.000929 0.453824
vt 0.502310 0.999999
vt 0.288515 0.028156
vt 0.125084 0.834189
vt 0.461671 0.000000
vt 0.856737 0.843966
vt 0.943343 0.698371
vt 0.034799 0.319867
vt 0.814408 0.883524
vt 0.089960 0.171810
vt 0.109007 0.817277
vt 0.355182 0.973188
vt 0.577431 0.994627
vt 0.176178 0.090165
vt 0.572704 0.007826
vt 0.649575 0.976858
vt 0.235207 0.051756
vt 0.480719 0.000364
vt 0.218982 0.061870
vt 0.897806 0.188282
vt 0.148641 0.854218
vt 0.058231 0.735829
vt 0.845132 0.854018
vt 0.997758 0.492244
vt 0.002563 0.441798
vt 0.847528 0.851531
vt 0.519333 0.002422
vt 0.000945 0.495433
vt 0.040718 0.683893
vt 0.437780 0.000664
vt 0.116248 0.142785
vt 1.000000 0.465358
vt 0.210542 0.896572
vt 0.967133 0.621214
vt 0.171637 0.869421
vt 0.102528 0.156792
vt 0.752784 0.928742
vt 0.085708 0.787168
vt 0.016740 0.376230
vt 0.500692 0.999928
vt 0.642976 0.022109
vt 0.000430 0.462952
vt 0.096046 0.164361
vt 0.322472 0.960117
vt 0.269556 0.932592
vt 0.672306 0.968499
vt 0.998456 0.448816
vt 0.490620 0.000571
usemtl shine_muscat_skin
f 16/16 15/15 14/14
f 16/16 14/14 1/1
f 18/18 17/17 16/16
f 18/18 16/16 1/1
f 21/21 20/20 19/19
f 21/21 19/19 2/2
f 3/3 22/22 21/21
f 3/3 21/21 2/2
f 19/19 23/23 3/3
f 19/19 3/3 2/2
f 25/25 24/24 22/22
f 25/25 22/22 3/3
f 28/28 27/27 26/26
f 28/28 26/26 4/4
f 26/26 30/30 29/29
f 26/26 29/29 4/4
f 29/29 31/31 28/28
f 29/29 28/28 4/4
f 34/34 33/33 32/32
f 34/34 32/32 5/5
f 32/32 36/36 35/35
f 32/32 35/35 5/5
f 35/35 38/38 37/37
f 35/35 37/37 5/5
f 37/37 40/40 39/39
f 37/37 39/39 5/5
f 39/39 41/41 34/34
f 39/39 34/34 5/5
f 44/44 43/43 42/42
f 44/44 42/42 6/6
f 42/42 46/46 45/45
f 42/42 45/45 6/6
f 48/48 47/47 44/44
f 48/48 44/44 6/6
f 51/51 50/50 49/49
f 51/51 49/49 7/7
f 53/53 52/52 51/51
f 53/53 51/51 7/7
f 49/49 54/54 53/53
f 49/49 53/53 7/7
f 57/57 56/56 55/55
f 57/57 55/55 8/8
f 55/55 59/59 58/58
f 55/55 58/58 8/8
f 62/62 61/61 60/60
f 62/62 60/60 9/9
f 64/64 63/63 62/62
f 64/64 62/62 9/9
f 67/67 66/66 65/65
f 67/67 65/65 9/9
f 60/60 68/68 67/67
f 60/60 67/67 9/9
f 71/71 70/70 69/69
f 71/71 69/69 10/10
f 73/73 72/72 71/71
f 73/73 71/71 10/10
f 69/69 74/74 73/73
f 69/69 73/73 10/10
f 77/77 76/76 75/75
f 77/77 75/75 11/11
f 79/79 78/78 77/77
f 79/79 77/77 11/11
f 75/75 80/80 79/79
f 75/75 79/79 11/11
f 83/83 82/82 81/81
f 83/83 81/81 12/12
f 81/81 85/85 84/84
f 81/81 84/84 12/12
f 84/84 86/86 83/83
f 84/84 83/83 12/12
f 89/89 88/88 87/87
f 89/89 87/87 13/13
f 87/87 91/91 90/90
f 87/87 90/90 13/13
f 90/90 92/92 89/89
f 90/90 89/89 13/13
f 94/94 93/93 89/89
f 94/94 89/89 92/92
f 96/96 95/95 94/94
f 96/96 94/94 92/92
f 90/90 97/97 96/96
f 90/90 96/96 92/92
f 99/99 98/98 96/96
f 99/99 96/96 97/97
f 101/101 100/100 99/99
f 101/101 99/99 97/97
f 90/90 91/91 101/101
f 90/90 101/101 97/97
f 103/103 102/102 100/100
f 103/103 100/100 101/101
f 91/91 104/104 103/103
f 91/91 103/103 101/101
f 106/106 105/105 103/103
f 106/106 103/103 104/104
f 108/108 107/107 106/106
f 108/108 106/106 104/104
f 91/91 87/87 108/108
f 91/91 108/108 104/104
f 110/110 109/109 107/107
f 110/110 107/107 108/108
f 87/87 88/88 110/110
f 87/87 110/110 108/108
f 112/112 111/111 109/109
f 112/112 109/109 110/110
f 88/88 113/113 112/112
f 88/88 112/112 110/110
f 115/115 114/114 112/112
f 115/115 112/112 113/113
f 93/93 116/116 115/115
f 93/93 115/115 113/113
f 88/88 89/89 93/93
f 88/88 93/93 113/113
f 118/118 117/117 115/115
f 118/118 115/115 116/116
f 120/120 119/119 118/118
f 120/120 118/118 116/116
f 93/93 94/94 120/120
f 93/93 120/120 116/116
f 122/122 121/121 119/119
f 122/122 119/119 120/120
f 94/94 95/95 122/122
f 94/94 122/122 120/120
f 124/124 123/123 121/121
f 124/124 121/121 122/122
f 95/95 125/125 124/124
f 95/95 124/124 122/122
f 127/127 126/126 124/124
f 127/127 124/124 125/125
f 98/98 128/128 127/127
f 98/98 127/127 125/125
f 95/95 96/96 98/98
f 95/95 98/98 125/125
f 130/130 129/129 127/127
f 130/130 127/127 128/128
f 132/132 131/131 130/130
f 132/132 130/130 128/128
f 98/98 99/99 132/132
f 98/98 132/132 128/128
f 134/134 133/133 131/131
f 134/134 131/131 132/132
f 99/99 100/100 134/134
f 99/99 134/134 132/132
f 136/136 135/135 133/133
f 136/136 133/133 134/134
f 100/100 102/102 136/136
f 100/100 136/136 134/134
f 138/138 137/137 135/135
f 138/138 135/135 136/136
f 102/102 139/139 138/138
f 102/102 138/138 136/136
f 141/141 140/140 138/138
f 141/141 138/138 139/139
f 105/105 142/142 141/141
f 105/105 141/141 139/139
f 102/102 103/103 105/105
f 102/102 105/105 139/139
f 144/144 143/143 141/141
f 144/144 141/141 142/142
f 146/146 145/145 144/144
f 146/146 144/144 142/142
f 105/105 106/106 146/146
f 105/105 146/146 142/142
f 148/148 147/147 145/145
f 148/148 145/145 146/146
f 106/106 107/107 148/148
f 106/106 148/148 146/146
f 150/150 149/149 147/147
f 150/150 147/147 148/148
f 107/107 109/109 150/150
f 107/107 150/150 148/148
f 152/152 151/151 149/149
f 152/152 149/149 150/150
f 109/109 111/111 152/152
f 109/109 152/152 150/150
f 154/154 153/153 151/151
f 154/154 151/151 152/152
f 111/111 155/155 154/154
f 111/111 154/154 152/152
f 157/157 156/156 154/154
f 157/157 154/154 155/155
f 114/114 158/158 157/157
f 114/114 157/157 155/155
f 111/111 112/112 114/114
f 111/111 114/114 155/155
f 160/160 159/159 157/157
f 160/160 157/157 158/158
f 117/117 161/161 160/160
f 117/117 160/160 158/158
f 114/114 115/115 117/117
f 114/114 117/117 158/158
f 163/163 162/162 160/160
f 163/163 160/160 161/161
f 165/165 164/164 163/163
f 165/165 163/163 161/161
f 117/117 118/118 165/165
f 117/117 165/165 161/161
f 167/167 166/166 164/164
f 167/167 164/164 165/165
f 118/118 119/119 167/167
f 118/118 167/167 165/165
f 169/169 168/168 166/166
f 169/169 166/166 167/167
f 119/119 121/121 169/169
f 119/119 169/169 167/167
f 171/171 170/170 168/168
f 171/171 168/168 169/169
f 121/121 123/123 171/171
f 121/121 171/171 169/169
f 173/173 172/172 170/170
f 173/173 170/170 171/171
f 123/123 174/174 173/173
f 123/123 173/173 171/171
f 176/176 175/175 173/173
f 176/176 173/173 174/174
f 126/126 177/177 176/176
f 126/126 176/176 174/174
f 123/123 124/124 126/126
f 123/123 126/126 174/174
f 179/179 178/178 176/176
f 179/179 176/176 177/177
f 129/129 180/180 179/179
f 129/129 179/179 177/177
f 126/126 127/127 129/129
f 126/126 129/129 177/177
f 182/182 181/181 179/179
f 182/182 179/179 180/180
f 184/184 183/183 182/182
f 184/184 182/182 180/180
f 129/129 130/130 184/184
f 129/129 184/184 180/180
f 186/186 185/185 183/183
f 186/186 183/183 184/184
f 130/130 131/131 186/186
f 130/130 186/186 184/184
f 188/188 187/187 185/185
f 188/188 185/185 186/186
f 131/131 133/133 188/188
f 131/131 188/188 186/186
f 190/190 189/189 187/187
f 190/190 187/187 188/188
f 133/133 135/135 190/190
f 133/133 190/190 188/188
f 192/192 191/191 189/189
f 192/192 189/189 190/190
f 135/135 137/137 192/192
f 135/135 192/192 190/190
f 194/194 193/193 191/191
f 194/194 191/191 192/192
f 137/137 195/195 194/194
f 137/137 194/194 192/192
f 197/197 196/196 194/194
f 197/197 194/194 195/195
f 140/140 198/198 197/197
f 140/140 197/197 195/195
f 137/137 138/138 140/140
f 137/137 140/140 195/195
f 200/200 199/199 197/197
f 200/200 197/197 198/198
f 143/143 201/201 200/200
f 143/143 200/200 198/198
f 140/140 141/141 143/143
f 140/140 143/143 198/198
f 203/203 202/202 200/200
f 203/203 200/200 201/201
f 205/205 204/204 203/203
f 205/205 203/203 201/201
f 143/143 144/144 205/205
f 143/143 205/205 201/201
f 207/207 206/206 204/204
f 207/207 204/204 205/205
f 144/144 145/145 207/207
f 144/144 207/207 205/205
f 209/209 208/208 206/206
f 209/209 206/206 207/207
f 145/145 147/147 209/209
f 145/145 209/209 207/207
f 211/211 210/210 208/208
f 211/211 208/208 209/209
f 147/147 149/149 211/211
f 147/147 211/211 209/209
f 213/213 212/212 210/210
f 213/213 210/210 211/211
f 149/149 151/151 213/213
f 149/149 213/213 211/211
f 215/215 214/214 212/212
f 215/215 212/212 213/213
f 151/151 153/153 215/215
f 151/151 215/215 213/213
f 217/217 216/216 214/214
f 217/217 214/214 215/215
f 153/153 218/218 217/217
f 153/153 217/217 215/215
f 220/220 219/219 217/217
f 220/220 217/217 218/218
f 156/156 221/221 220/220
f 156/156 220/220 218/218
f 153/153 154/154 156/156
f 153/153 156/156 218/218
f 223/223 222/222 220/220
f 223/223 220/220 221/221
f 159/159 224/224 223/223
f 159/159 223/223 221/221
f 156/156 157/157 159/159
f 156/156 159/159 221/221
f 226/226 225/225 223/223
f 226/226 223/223 224/224
f 162/162 227/227 226/226
f 162/162 226/226 224/224
f 159/159 160/160 162/162
f 159/159 162/162 224/224
f 229/229 228/228 226/226
f 229/229 226/226 227/227
f 231/231 230/230 229/229
f 231/231 229/229 227/227
f 162/162 163/163 231/231
f 162/162 231/231 227/227
f 233/233 232/232 230/230
f 233/233 230/230 231/231
f 163/163 164/164 233/233
f 163/163 233/233 231/231
f 235/235 234/234 232/232
f 235/235 232/232 233/233
f 164/164 166/166 235/235
f 164/164 235/235 233/233
f 237/237 236/236 234/234
f 237/237 234/234 235/235
f 166/166 168/168 237/237
f 166/166 237/237 235/235
f 239/239 238/238 236/236
f 239/239 236/236 237/237
f 168/168 170/170 239/239
f 168/168 239/239 237/237
f 240/240 238/238 239/239
f 170/170 172/172 240/240
f 170/170 240/240 239/239
f 172/172 242/242 241/241
f 172/172 241/241 240/240
f 243/243 241/241 242/242
f 175/175 244/244 243/243
f 175/175 243/243 242/242
f 172/172 173/173 175/175
f 172/172 175/175 242/242
f 246/246 245/245 243/243
f 246/246 243/243 244/244
f 178/178 247/247 246/246
f 178/178 246/246 244/244
f 175/175 176/176 178/178
f 175/175 178/178 244/244
f 249/249 248/248 246/246
f 249/249 246/246 247/247
f 181/181 250/250 249/249
f 181/181 249/249 247/247
f 178/178 179/179 181/181
f 178/178 181/181 247/247
f 252/252 251/251 249/249
f 252/252 249/249 250/250
f 254/254 253/253 252/252
f 254/254 252/252 250/250
f 181/181 182/182 254/254
f 181/181 254/254 250/250
f 256/256 255/255 253/253
f 256/256 253/253 254/254
f 182/182 183/183 256/256
f 182/182 256/256 254/254
f 258/258 257/257 255/255
f 258/258 255/255 256/256
f 183/183 185/185 258/258
f 183/183 258/258 256/256
f 260/260 259/259 257/257
f 260/260 257/257 258/258
f 185/185 187/187 260/260
f 185/185 260/260 258/258
f 262/262 261/261 259/259
f 262/262 259/259 260/260
f 187/187 189/189 262/262
f 187/187 262/262 260/260
f 264/264 263/263 261/261
f 264/264 261/261 262/262
f 189/189 191/191 264/264
f 189/189 264/264 262/262
f 266/266 265/265 263/263
f 266/266 263/263 264/264
f 191/191 193/193 266/266
f 191/191 266/266 264/264
f 268/268 267/267 265/265
f 268/268 265/265 266/266
f 193/193 269/269 268/268
f 193/193 268/268 266/266
f 271/271 270/270 268/268
f 271/271 268/268 269/269
f 196/196 272/272 271/271
f 196/196 271/271 269/269
f 193/193 194/194 196/196
f 193/193 196/196 269/269
f 274/274 273/273 271/271
f 274/274 271/271 272/272
f 199/199 275/275 274/274
f 199/199 274/274 272/272
f 196/196 197/197 199/199
f 196/196 199/199 272/272
f 277/277 276/276 274/274
f 277/277 274/274 275/275
f 202/202 278/278 277/277
f 202/202 277/277 275/275
f 199/199 200/200 202/202
f 199/199 202/202 275/275
f 280/280 279/279 277/277
f 280/280 277/277 278/278
f 282/282 281/281 280/280
f 282/282 280/280 278/278
f 202/202 203/203 282/282
f 202/202 282/282 278/278
f 284/284 283/283 281/281
f 284/284 281/281 282/282
f 203/203 204/204 284/284
f 203/203 284/284 282/282
f 286/286 285/285 283/283
f 286/286 283/283 284/284
f 204/204 206/206 286/286
f 204/204 286/286 284/284
f 288/288 287/287 285/285
f 288/288 285/285 286/286
f 206/206 208/208 288/288
f 206/206 288/288 286/286
f 290/290 289/289 287/287
f 290/290 287/287 288/288
f 208/208 210/210 290/290
f 208/208 290/290 288/288
f 292/292 291/291 289/289
f 292/292 289/289 290/290
f 210/210 212/212 292/292
f 210/210 292/292 290/290
f 294/294 293/293 291/291
f 294/294 291/291 292/292
f 212/212 214/214 294/294
f 212/212 294/294 292/292
f 296/296 295/295 293/293
f 296/296 293/293 294/294
f 214/214 216/216 296/296
f 214/214 296/296 294/294
f 298/298 297/297 295/295
f 298/298 295/295 296/296
f 216/216 299/299 298/298
f 216/216 298/298 296/296
f 301/301 300/300 298/298
f 301/301 298/298 299/299
f 219/219 302/302 301/301
f 219/219 301/301 299/299
f 216/216 217/217 219/219
f 216/216 219/219 299/299
f 304/304 303/303 301/301
f 304/304 301/301 302/302
f 222/222 305/305 304/304
f 222/222 304/304 302/302
f 219/219 220/220 222/222
f 219/219 222/222 302/302
f 307/307 306/306 304/304
f 307/307 304/304 305/305
f 225/225 308/308 307/307
f 225/225 307/307 305/305
f 222/222 223/223 225/225
f 222/222 225/225 305/305
f 310/310 309/309 307/307
f 310/310 307/307 308/308
f 228/228 311/311 310/310
f 228/228 310/310 308/308
f 225/225 226/226 228/228
f 225/225 228/228 308/308
f 313/313 312/312 310/310
f 313/313 310/310 311/311
f 315/315 314/314 313/313
f 315/315 313/313 311/311
f 228/228 229/229 315/315
f 228/228 315/315 311/311
f 317/317 316/316 314/314
f 317/317 314/314 315/315
f 229/229 230/230 317/317
f 229/229 317/317 315/315
f 318/318 316/316 317/317
f 230/230 232/232 318/318
f 230/230 318/318 317/317
f 232/232 234/234 319/319
f 232/232 319/319 318/318
f 245/245 246/246 248/248
f 245/245 248/248 320/320
f 251/251 323/323 322/322
f 251/251 322/322 321/321
f 248/248 249/249 251/251
f 248/248 251/251 321/321
f 325/325 324/324 322/322
f 325/325 322/322 323/323
f 327/327 326/326 325/325
f 327/327 325/325 323/323
f 251/251 252/252 327/327
f 251/251 327/327 323/323
f 329/329 328/328 326/326
f 329/329 326/326 327/327
f 252/252 253/253 329/329
f 252/252 329/329 327/327
f 331/331 330/330 328/328
f 331/331 328/328 329/329
f 253/253 255/255 331/331
f 253/253 331/331 329/329
f 333/333 332/332 330/330
f 333/333 330/330 331/331
f 255/255 257/257 333/333
f 255/255 333/333 331/331
f 335/335 334/334 332/332
f 335/335 332/332 333/333
f 257/257 259/259 335/335
f 257/257 335/335 333/333
f 337/337 336/336 334/334
f 337/337 334/334 335/335
f 259/259 261/261 337/337
f 259/259 337/337 335/335
f 339/339 338/338 336/336
f 339/339 336/336 337/337
f 261/261 263/263 339/339
f 261/261 339/339 337/337
f 341/341 340/340 338/338
f 341/341 338/338 339/339
f 263/263 265/265 341/341
f 263/263 341/341 339/339
f 343/343 342/342 340/340
f 343/343 340/340 341/341
f 265/265 267/267 343/343
f 265/265 343/343 341/341
f 345/345 344/344 342/342
f 345/345 342/342 343/343
f 267/267 346/346 345/345
f 267/267 345/345 343/343
f 348/348 347/347 345/345
f 348/348 345/345 346/346
f 270/270 349/349 348/348
f 270/270 348/348 346/346
f 267/267 268/268 270/270
f 267/267 270/270 346/346
f 351/351 350/350 348/348
f 351/351 348/348 349/349
f 273/273 352/352 351/351
f 273/273 351/351 349/349
f 270/270 271/271 273/273
f 270/270 273/273 349/349
f 354/354 353/353 351/351
f 354/354 351/351 352/352
f 276/276 355/355 354/354
f 276/276 354/354 352/352
f 273/273 274/274 276/276
f 273/273 276/276 352/352
f 357/357 356/356 354/354
f 357/357 354/354 355/355
f 279/279 358/358 357/357
f 279/279 357/357 355/355
f 276/276 277/277 279/279
f 276/276 279/279 355/355
f 360/360 359/359 357/357
f 360/360 357/357 358/358
f 362/362 361/361 360/360
f 362/362 360/360 358/358
f 279/279 280/280 362/362
f 279/279 362/362 358/358
f 364/364 363/363 361/361
f 364/364 361/361 362/362
f 280/280 281/281 364/364
f 280/280 364/364 362/362
f 366/366 365/365 363/363
f 366/366 363/363 364/364
f 281/281 283/283 366/366
f 281/281 366/366 364/364
f 368/368 367/367 365/365
f 368/368 365/365 366/366
f 283/283 285/285 368/368
f 283/283 368/368 366/366
f 370/370 369/369 367/367
f 370/370 367/367 368/368
f 285/285 287/287 370/370
f 285/285 370/370 368/368
f 372/372 371/371 369/369
f 372/372 369/369 370/370
f 287/287 289/289 372/372
f 287/287 372/372 370/370
f 374/374 373/373 371/371
f 374/374 371/371 372/372
f 289/289 291/291 374/374
f 289/289 374/374 372/372
f 376/376 375/375 373/373
f 376/376 373/373 374/374
f 291/291 293/293 376/376
f 291/291 376/376 374/374
f 378/378 377/377 375/375
f 378/378 375/375 376/376
f 293/293 295/295 378/378
f 293/293 378/378 376/376
f 380/380 379/379 377/377
f 380/380 377/377 378/378
f 295/295 297/297 380/380
f 295/295 380/380 378/378
f 382/382 381/381 379/379
f 382/382 379/379 380/380
f 297/297 383/383 382/382
f 297/297 382/382 380/380
f 385/385 384/384 382/382
f 385/385 382/382 383/383
f 300/300 386/386 385/385
f 300/300 385/385 383/383
f 297/297 298/298 300/300
f 297/297 300/300 383/383
f 388/388 387/387 385/385
f 388/388 385/385 386/386
f 303/303 389/389 388/388
f 303/303 388/388 386/386
f 300/300 301/301 303/303
f 300/300 303/303 386/386
f 391/391 390/390 388/388
f 391/391 388/388 389/389
f 306/306 392/392 391/391
f 306/306 391/391 389/389
f 303/303 304/304 306/306
f 303/303 306/306 389/389
f 394/394 393/393 391/391
f 394/394 391/391 392/392
f 309/309 395/395 394/394
f 309/309 394/394 392/392
f 306/306 307/307 309/309
f 306/306 309/309 392/392
f 397/397 396/396 394/394
f 397/397 394/394 395/395
f 312/312 398/398 397/397
f 312/312 397/397 395/395
f 309/309 310/310 312/312
f 309/309 312/312 395/395
f 400/400 399/399 397/397
f 400/400 397/397 398/398
f 402/402 401/401 400/400
f 402/402 400/400 398/398
f 312/312 313/313 402/402
f 312/312 402/402 398/398
f 403/403 401/401 402/402
f 313/313 314/314 403/403
f 313/313 403/403 402/402
f 407/407 406/406 405/405
f 407/407 405/405 404/404
f 324/324 325/325 407/407
f 324/324 407/407 404/404
f 409/409 408/408 406/406
f 409/409 406/406 407/407
f 325/325 326/326 409/409
f 325/325 409/409 407/407
f 411/411 410/410 408/408
f 411/411 408/408 409/409
f 326/326 328/328 411/411
f 326/326 411/411 409/409
f 413/413 412/412 410/410
f 413/413 410/410 411/411
f 328/328 330/330 413/413
f 328/328 413/413 411/411
f 415/415 414/414 412/412
f 415/415 412/412 413/413
f 330/330 332/332 415/415
f 330/330 415/415 413/413
f 417/417 416/416 414/414
f 417/417 414/414 415/415
f 332/332 334/334 417/417
f 332/332 417/417 415/415
f 419/419 418/418 416/416
f 419/419 416/416 417/417
f 334/334 336/336 419/419
f 334/334 419/419 417/417
f 421/421 420/420 418/418
f 421/421 418/418 419/419
f 336/336 338/338 421/421
f 336/336 421/421 419/419
f 423/423 422/422 420/420
f 423/423 420/420 421/421
f 338/338 340/340 423/423
f 338/338 423/423 421/421
f 425/425 424/424 422/422
f 425/425 422/422 423/423
f 340/340 342/342 425/425
f 340/340 425/425 423/423
f 427/427 426/426 424/424
f 427/427 424/424 425/425
f 342/342 344/344 427/427
f 342/342 427/427 425/425
f 429/429 428/428 426/426
f 429/429 426/426 427/427
f 344/344 430/430 429/429
f 344/344 429/429 427/427
f 432/432 431/431 429/429
f 432/432 429/429 430/430
f 347/347 433/433 432/432
f 347/347 432/432 430/430
f 344/344 345/345 347/347
f 344/344 347/347 430/430
f 435/435 434/434 432/432
f 435/435 432/432 433/433
f 350/350 436/436 435/435
f 350/350 435/435 433/433
f 347/347 348/348 350/350
f 347/347 350/350 433/433
f 438/438 437/437 435/435
f 438/438 435/435 436/436
f 353/353 439/439 438/438
f 353/353 438/438 436/436
f 350/350 351/351 353/353
f 350/350 353/353 436/436
f 441/441 440/440 438/438
f 441/441 438/438 439/439
f 356/356 442/442 441/441
f 356/356 441/441 439/439
f 353/353 354/354 356/356
f 353/353 356/356 439/439
f 444/444 443/443 441/441
f 444/444 441/441 442/442
f 359/359 445/445 444/444
f 359/359 444/444 442/442
f 356/356 357/357 359/359
f 356/356 359/359 442/442
f 447/447 446/446 444/444
f 447/447 444/444 445/445
f 449/449 448/448 447/447
f 449/449 447/447 445/445
f 359/359 360/360 449/449
f 359/359 449/449 445/445
f 451/451 450/450 448/448
f 451/451 448/448 449/449
f 360/360 361/361 451/451
f 360/360 451/451 449/449
f 453/453 452/452 450/450
f 453/453 450/450 451/451
f 361/361 363/363 453/453
f 361/361 453/453 451/451
f 455/455 454/454 452/452
f 455/455 452/452 453/453
f 363/363 365/365 455/455
f 363/363 455/455 453/453
f 457/457 456/456 454/454
f 457/457 454/454 455/455
f 365/365 367/367 457/457
f 365/365 457/457 455/455
f 459/459 458/458 456/456
f 459/459 456/456 457/457
f 367/367 369/369 459/459
f 367/367 459/459 457/457
f 461/461 460/460 458/458
f 461/461 458/458 459/459
f 369/369 371/371 461/461
f 369/369 461/461 459/459
f 463/463 462/462 460/460
f 463/463 460/460 461/461
f 371/371 373/373 463/463
f 371/371 463/463 461/461
f 465/465 464/464 462/462
f 465/465 462/462 463/463
f 373/373 375/375 465/465
f 373/373 465/465 463/463
f 467/467 466/466 464/464
f 467/467 464/464 465/465
f 375/375 377/377 467/467
f 375/375 467/467 465/465
f 469/469 468/468 466/466
f 469/469 466/466 467/467
f 377/377 379/379 469/469
f 377/377 469/469 467/467
f 471/471 470/470 468/468
f 471/471 468/468 469/469
f 379/379 381/381 471/471
f 379/379 471/471 469/469
f 473/473 472/472 470/470
f 473/473 470/470 471/471
f 381/381 474/474 473/473
f 381/381 473/473 471/471
f 476/476 475/475 473/473
f 476/476 473/473 474/474
f 384/384 477/477 476/476
f 384/384 476/476 474/474
f 381/381 382/382 384/384
f 381/381 384/384 474/474
f 479/479 478/478 476/476
f 479/479 476/476 477/477
f 387/387 480/480 479/479
f 387/387 479/479 477/477
f 384/384 385/385 387/387
f 384/384 387/387 477/477
f 482/482 481/481 479/479
f 482/482 479/479 480/480
f 390/390 483/483 482/482
f 390/390 482/482 480/480
f 387/387 388/388 390/390
f 387/387 390/390 480/480
f 485/485 484/484 482/482
f 485/485 482/482 483/483
f 393/393 486/486 485/485
f 393/393 485/485 483/483
f 390/390 391/391 393/393
f 390/390 393/393 483/483
f 488/488 487/487 485/485
f 488/488 485/485 486/486
f 396/396 489/489 488/488
f 396/396 488/488 486/486
f 393/393 394/394 396/396
f 393/393 396/396 486/486
f 491/491 490/490 488/488
f 491/491 488/488 489/489
f 399/399 492/492 491/491
f 399/399 491/491 489/489
f 396/396 397/397 399/399
f 396/396 399/399 489/489
f 494/494 493/493 491/491
f 494/494 491/491 492/492
f 495/495 494/494 492/492
f 399/399 400/400 495/495
f 399/399 495/495 492/492
f 405/405 406/406 498/498
f 405/405 498/498 496/496
f 500/500 499/499 497/497
f 500/500 497/497 498/498
f 406/406 408/408 500/500
f 406/406 500/500 498/498
f 502/502 501/501 499/499
f 502/502 499/499 500/500
f 408/408 410/410 502/502
f 408/408 502/502 500/500
f 504/504 503/503 501/501
f 504/504 501/501 502/502
f 410/410 412/412 504/504
f 410/410 504/504 502/502
f 506/506 505/505 503/503
f 506/506 503/503 504/504
f 412/412 414/414 506/506
f 412/412 506/506 504/504
f 508/508 507/507 505/505
f 508/508 505/505 506/506
f 414/414 416/416 508/508
f 414/414 508/508 506/506
f 510/510 509/509 507/507
f 510/510 507/507 508/508
f 416/416 418/418 510/510
f 416/416 510/510 508/508
f 512/512 511/511 509/509
f 512/512 509/509 510/510
f 418/418 420/420 512/512
f 418/418 512/512 510/510
f 514/514 513/513 511/511
f 514/514 511/511 512/512
f 420/420 422/422 514/514
f 420/420 514/514 512/512
f 516/516 515/515 513/513
f 516/516 513/513 514/514
f 422/422 424/424 516/516
f 422/422 516/516 514/514
f 518/518 517/517 515/515
f 518/518 515/515 516/516
f 424/424 426/426 518/518
f 424/424 518/518 516/516
f 520/520 519/519 517/517
f 520/520 517/517 518/518
f 426/426 428/428 520/520
f 426/426 520/520 518/518
f 522/522 521/521 519/519
f 522/522 519/519 520/520
f 428/428 523/523 522/522
f 428/428 522/522 520/520
f 525/525 524/524 522/522
f 525/525 522/522 523/523
f 431/431 526/526 525/525
f 431/431 525/525 523/523
f 428/428 429/429 431/431
f 428/428 431/431 523/523
f 528/528 527/527 525/525
f 528/528 525/525 526/526
f 434/434 529/529 528/528
f 434/434 528/528 526/526
f 431/431 432/432 434/434
f 431/431 434/434 526/526
f 531/531 530/530 528/528
f 531/531 528/528 529/529
f 437/437 532/532 531/531
f 437/437 531/531 529/529
f 434/434 435/435 437/437
f 434/434 437/437 529/529
f 534/534 533/533 531/531
f 534/534 531/531 532/532
f 440/440 535/535 534/534
f 440/440 534/534 532/532
f 437/437 438/438 440/440
f 437/437 440/440 532/532
f 537/537 536/536 534/534
f 537/537 534/534 535/535
f 443/443 538/538 537/537
f 443/443 537/537 535/535
f 440/440 441/441 443/443
f 440/440 443/443 535/535
f 540/540 539/539 537/537
f 540/540 537/537 538/538
f 446/446 541/541 540/540
f 446/446 540/540 538/538
f 443/443 444/444 446/446
f 443/443 446/446 538/538
f 543/543 542/542 540/540
f 543/543 540/540 541/541
f 545/545 544/544 543/543
f 545/545 543/543 541/541
f 446/446 447/447 545/545
f 446/446 545/545 541/541
f 547/547 546/546 544/544
f 547/547 544/544 545/545
f 447/447 448/448 547/547
f 447/447 547/547 545/545
f 549/549 548/548 546/546
f 549/549 546/546 547/547
f 448/448 450/450 549/549
f 448/448 549/549 547/547
f 551/551 550/550 548/548
f 551/551 548/548 549/549
f 450/450 452/452 551/551
f 450/450 551/551 549/549
f 553/553 552/552 550/550
f 553/553 550/550 551/551
f 452/452 454/454 553/553
f 452/452 553/553 551/551
f 555/555 554/554 552/552
f 555/555 552/552 553/553
f 454/454 456/456 555/555
f 454/454 555/555 553/553
f 557/557 556/556 554/554
f 557/557 554/554 555/555
f 456/456 458/458 557/557
f 456/456 557/557 555/555
f 559/559 558/558 556/556
f 559/559 556/556 557/557
f 458/458 460/460 559/559
f 458/458 559/559 557/557
f 561/561 560/560 558/558
f 561/561 558/558 559/559
f 460/460 462/462 561/561
f 460/460 561/561 559/559
f 563/563 562/562 560/560
f 563/563 560/560 561/561
f 462/462 464/464 563/563
f 462/462 563/563 561/561
f 565/565 564/564 562/562
f 565/565 562/562 563/563
f 464/464 466/466 565/565
f 464/464 565/565 563/563
f 567/567 566/566 564/564
f 567/567 564/564 565/565
f 466/466 468/468 567/567
f 466/466 567/567 565/565
f 569/569 568/568 566/566
f 569/569 566/566 567/567
f 468/468 470/470 569/569
f 468/468 569/569 567/567
f 571/571 570/570 568/568
f 571/571 568/568 569/569
f 470/470 472/472 571/571
f 470/470 571/571 569/569
f 573/573 572/572 570/570
f 573/573 570/570 571/571
f 472/472 574/574 573/573
f 472/472 573/573 571/571
f 576/576 575/575 573/573
f 576/576 573/573 574/574
f 475/475 577/577 576/576
f 475/475 576/576 574/574
f 472/472 473/473 475/475
f 472/472 475/475 574/574
f 579/579 578/578 576/576
f 579/579 576/576 577/577
f 478/478 580/580 579/579
f 478/478 579/579 577/577
f 475/475 476/476 478/478
f 475/475 478/478 577/577
f 582/582 581/581 579/579
f 582/582 579/579 580/580
f 481/481 583/583 582/582
f 481/481 582/582 580/580
f 478/478 479/479 481/481
f 478/478 481/481 580/580
f 585/585 584/584 582/582
f 585/585 582/582 583/583
f 484/484 586/586 585/585
f 484/484 585/585 583/583
f 481/481 482/482 484/484
f 481/481 484/484 583/583
f 588/588 587/587 585/585
f 588/588 585/585 586/586
f 487/487 589/589 588/588
f 487/487 588/588 586/586
f 484/484 485/485 487/487
f 484/484 487/487 586/586
f 591/591 590/590 588/588
f 591/591 588/588 589/589
f 490/490 592/592 591/591
f 490/490 591/591 589/589
f 487/487 488/488 490/490
f 487/487 490/490 589/589
f 594/594 593/593 591/591
f 594/594 591/591 592/592
f 493/493 595/595 594/594
f 493/493 594/594 592/592
f 490/490 491/491 493/493
f 490/490 493/493 592/592
f 597/597 596/596 594/594
f 597/597 594/594 595/595
f 601/601 600/600 598/598
f 601/601 598/598 599/599
f 497/497 499/499 601/601
f 497/497 601/601 599/599
f 603/603 602/602 600/600
f 603/603 600/600 601/601
f 499/499 501/501 603/603
f 499/499 603/603 601/601
f 605/605 604/604 602/602
f 605/605 602/602 603/603
f 501/501 503/503 605/605
f 501/501 605/605 603/603
f 607/607 606/606 604/604
f 607/607 604/604 605/605
f 503/503 505/505 607/607
f 503/503 607/607 605/605
f 609/609 608/608 606/606
f 609/609 606/606 607/607
f 505/505 507/507 609/609
f 505/505 609/609 607/607
f 611/611 610/610 608/608
f 611/611 608/608 609/609
f 507/507 509/509 611/611
f 507/507 611/611 609/609
f 613/613 612/612 610/610
f 613/613 610/610 611/611
f 509/509 511/511 613/613
f 509/509 613/613 611/611
f 615/615 614/614 612/612
f 615/615 612/612 613/613
f 511/511 513/513 615/615
f 511/511 615/615 613/613
f 617/617 616/616 614/614
f 617/617 614/614 615/615
f 513/513 515/515 617/617
f 513/513 617/617 615/615
f 619/619 618/618 616/616
f 619/619 616/616 617/617
f 515/515 517/517 619/619
f 515/515 619/619 617/617
f 621/621 620/620 618/618
f 621/621 618/618 619/619
f 517/517 519/519 621/621
f 517/517 621/621 619/619
f 623/623 622/622 620/620
f 623/623 620/620 621/621
f 519/519 521/521 623/623
f 519/519 623/623 621/621
f 625/625 624/624 622/622
f 625/625 622/622 623/623
f 521/521 626/626 625/625
f 521/521 625/625 623/623
f 628/628 627/627 625/625
f 628/628 625/625 626/626
f 524/524 629/629 628/628
f 524/524 628/628 626/626
f 521/521 522/522 524/524
f 521/521 524/524 626/626
f 631/631 630/630 628/628
f 631/631 628/628 629/629
f 527/527 632/632 631/631
f 527/527 631/631 629/629
f 524/524 525/525 527/527
f 524/524 527/527 629/629
f 634/634 633/633 631/631
f 634/634 631/631 632/632
f 530/530 635/635 634/634
f 530/530 634/634 632/632
f 527/527 528/528 530/530
f 527/527 530/530 632/632
f 637/637 636/636 634/634
f 637/637 634/634 635/635
f 533/533 638/638 637/637
f 533/533 637/637 635/635
f 530/530 531/531 533/533
f 530/530 533/533 635/635
f 640/640 639/639 637/637
f 640/640 637/637 638/638
f 536/536 641/641 640/640
f 536/536 640/640 638/638
f 533/533 534/534 536/536
f 533/533 536/536 638/638
f 643/643 642/642 640/640
f 643/643 640/640 641/641
f 539/539 644/644 643/643
f 539/539 643/643 641/641
f 536/536 537/537 539/539
f 536/536 539/539 641/641
f 646/646 645/645 643/643
f 646/646 643/643 644/644
f 542/542 647/647 646/646
f 542/542 646/646 644/644
f 539/539 540/540 542/542
f 539/539 542/542 644/644
f 649/649 648/648 646/646
f 649/649 646/646 647/647
f 651/651 650/650 649/649
f 651/651 649/649 647/647
f 542/542 543/543 651/651
f 542/542 651/651 647/647
f 653/653 652/652 650/650
f 653/653 650/650 651/651
f 543/543 544/544 653/653
f 543/543 653/653 651/651
f 655/655 654/654 652/652
f 655/655 652/652 653/653
f 544/544 546/546 655/655
f 544/544 655/655 653/653
f 657/657 656/656 654/654
f 657/657 654/654 655/655
f 546/546 548/548 657/657
f 546/546 657/657 655/655
f 659/659 658/658 656/656
f 659/659 656/656 657/657
f 548/548 550/550 659/659
f 548/548 659/659 657/657
f 661/661 660/660 658/658
f 661/661 658/658 659/659
f 550/550 552/552 661/661
f 550/550 661/661 659/659
f 663/663 662/662 660/660
f 663/663 660/660 661/661
f 552/552 554/554 663/663
f 552/552 663/663 661/661
f 665/665 664/664 662/662
f 665/665 662/662 663/663
f 554/554 556/556 665/665
f 554/554 665/665 663/663
f 667/667 666/666 664/664
f 667/667 664/664 665/665
f 556/556 558/558 667/667
f 556/556 667/667 665/665
f 669/669 668/668 666/666
f 669/669 666/666 667/667
f 558/558 560/560 669/669
f 558/558 669/669 667/667
f 671/671 670/670 668/668
f 671/671 668/668 669/669
f 560/560 562/562 671/671
f 560/560 671/671 669/669
f 673/673 672/672 670/670
f 673/673 670/670 671/671
f 562/562 564/564 673/673
f 562/562 673/673 671/671
f 675/675 674/674 672/672
f 675/675 672/672 673/673
f 564/564 566/566 675/675
f 564/564 675/675 673/673
f 677/677 676/676 674/674
f 677/677 674/674 675/675
f 566/566 568/568 677/677
f 566/566 677/677 675/675
f 679/679 678/678 676/676
f 679/679 676/676 677/677
f 568/568 570/570 679/679
f 568/568 679/679 677/677
f 681/681 680/680 678/678
f 681/681 678/678 679/679
f 570/570 572/572 681/681
f 570/570 681/681 679/679
f 683/683 682/682 680/680
f 683/683 680/680 681/681
f 572/572 684/684 683/683
f 572/572 683/683 681/681
f 686/686 685/685 683/683
f 686/686 683/683 684/684
f 575/575 687/687 686/686
f 575/575 686/686 684/684
f 572/572 573/573 575/575
f 572/572 575/575 684/684
f 689/689 688/688 686/686
f 689/689 686/686 687/687
f 578/578 690/690 689/689
f 578/578 689/689 687/687
f 575/575 576/576 578/578
f 575/575 578/578 687/687
f 692/692 691/691 689/689
f 692/692 689/689 690/690
f 581/581 693/693 692/692
f 581/581 692/692 690/690
f 578/578 579/579 581/581
f 578/578 581/581 690/690
f 695/695 694/694 692/692
f 695/695 692/692 693/693
f 584/584 696/696 695/695
f 584/584 695/695 693/693
f 581/581 582/582 584/584
f 581/581 584/584 693/693
f 698/698 697/697 695/695
f 698/698 695/695 696/696
f 587/587 699/699 698/698
f 587/587 698/698 696/696
f 584/584 585/585 587/587
f 584/584 587/587 696/696
f 701/701 700/700 698/698
f 701/701 698/698 699/699
f 590/590 702/702 701/701
f 590/590 701/701 699/699
f 587/587 588/588 590/590
f 587/587 590/590 699/699
f 704/704 703/703 701/701
f 704/704 701/701 702/702
f 593/593 705/705 704/704
f 593/593 704/704 702/702
f 590/590 591/591 593/593
f 590/590 593/593 702/702
f 707/707 706/706 704/704
f 707/707 704/704 705/705
f 596/596 708/708 707/707
f 596/596 707/707 705/705
f 593/593 594/594 596/596
f 593/593 596/596 705/705
f 713/713 712/712 710/710
f 713/713 710/710 711/711
f 598/598 600/600 713/713
f 598/598 713/713 711/711
f 715/715 714/714 712/712
f 715/715 712/712 713/713
f 600/600 602/602 715/715
f 600/600 715/715 713/713
f 717/717 716/716 714/714
f 717/717 714/714 715/715
f 602/602 604/604 717/717
f 602/602 717/717 715/715
f 719/719 718/718 716/716
f 719/719 716/716 717/717
f 604/604 606/606 719/719
f 604/604 719/719 717/717
f 721/721 720/720 718/718
f 721/721 718/718 719/719
f 606/606 608/608 721/721
f 606/606 721/721 719/719
f 723/723 722/722 720/720
f 723/723 720/720 721/721
f 608/608 610/610 723/723
f 608/608 723/723 721/721
f 725/725 724/724 722/722
f 725/725 722/722 723/723
f 610/610 612/612 725/725
f 610/610 725/725 723/723
f 727/727 726/726 724/724
f 727/727 724/724 725/725
f 612/612 614/614 727/727
f 612/612 727/727 725/725
f 729/729 728/728 726/726
f 729/729 726/726 727/727
f 614/614 616/616 729/729
f 614/614 729/729 727/727
f 731/731 730/730 728/728
f 731/731 728/728 729/729
f 616/616 618/618 731/731
f 616/616 731/731 729/729
f 733/733 732/732 730/730
f 733/733 730/730 731/731
f 618/618 620/620 733/733
f 618/618 733/733 731/731
f 735/735 734/734 732/732
f 735/735 732/732 733/733
f 620/620 622/622 735/735
f 620/620 735/735 733/733
f 737/737 736/736 734/734
f 737/737 734/734 735/735
f 622/622 624/624 737/737
f 622/622 737/737 735/735
f 739/739 738/738 736/736
f 739/739 736/736 737/737
f 624/624 740/740 739/739
f 624/624 739/739 737/737
f 742/742 741/741 739/739
f 742/742 739/739 740/740
f 627/627 743/743 742/742
f 627/627 742/742 740/740
f 624/624 625/625 627/627
f 624/624 627/627 740/740
f 745/745 744/744 742/742
f 745/745 742/742 743/743
f 630/630 746/746 745/745
f 630/630 745/745 743/743
f 627/627 628/628 630/630
f 627/627 630/630 743/743
f 748/748 747/747 745/745
f 748/748 745/745 746/746
f 633/633 749/749 748/748
f 633/633 748/748 746/746
f 630/630 631/631 633/633
f 630/630 633/633 746/746
f 751/751 750/750 748/748
f 751/751 748/748 749/749
f 636/636 752/752 751/751
f 636/636 751/751 749/749
f 633/633 634/634 636/636
f 633/633 636/636 749/749
f 754/754 753/753 751/751
f 754/754 751/751 752/752
f 639/639 755/755 754/754
f 639/639 754/754 752/752
f 636/636 637/637 639/639
f 636/636 639/639 752/752
f 757/757 756/756 754/754
f 757/757 754/754 755/755
f 642/642 758/758 757/757
f 642/642 757/757 755/755
f 639/639 640/640 642/642
f 639/639 642/642 755/755
f 760/760 759/759 757/757
f 760/760 757/757 758/758
f 645/645 761/761 760/760
f 645/645 760/760 758/758
f 642/642 643/643 645/645
f 642/642 645/645 758/758
f 763/763 762/762 760/760
f 763/763 760/760 761/761
f 648/648 764/764 763/763
f 648/648 763/763 761/761
f 645/645 646/646 648/648
f 645/645 648/648 761/761
f 766/766 765/765 763/763
f 766/766 763/763 764/764
f 768/768 767/767 766/766
f 768/768 766/766 764/764
f 648/648 649/649 768/768
f 648/648 768/768 764/764
f 770/770 769/769 767/767
f 770/770 767/767 768/768
f 649/649 650/650 770/770
f 649/649 770/770 768/768
f 772/772 771/771 769/769
f 772/772 769/769 770/770
f 650/650 652/652 772/772
f 650/650 772/772 770/770
f 774/774 773/773 771/771
f 774/774 771/771 772/772
f 652/652 654/654 774/774
f 652/652 774/774 772/772
f 776/776 775/775 773/773
f 776/776 773/773 774/774
f 654/654 656/656 776/776
f 654/654 776/776 774/774
f 778/778 777/777 775/775
f 778/778 775/775 776/776
f 656/656 658/658 778/778
f 656/656 778/778 776/776
f 780/780 779/779 777/777
f 780/780 777/777 778/778
f 658/658 660/660 780/780
f 658/658 780/780 778/778
f 782/782 781/781 779/779
f 782/782 779/779 780/780
f 660/660 662/662 782/782
f 660/660 782/782 780/780
f 784/784 783/783 781/781
f 784/784 781/781 782/782
f 662/662 664/664 784/784
f 662/662 784/784 782/782
f 786/786 785/785 783/783
f 786/786 783/783 784/784
f 664/664 666/666 786/786
f 664/664 786/786 784/784
f 788/788 787/787 785/785
f 788/788 785/785 786/786
f 666/666 668/668 788/788
f 666/666 788/788 786/786
f 790/790 789/789 787/787
f 790/790 787/787 788/788
f 668/668 670/670 790/790
f 668/668 790/790 788/788
f 792/792 791/791 789/789
f 792/792 789/789 790/790
f 670/670 672/672 792/792
f 670/670 792/792 790/790
f 794/794 793/793 791/791
f 794/794 791/791 792/792
f 672/672 674/674 794/794
f 672/672 794/794 792/792
f 796/796 795/795 793/793
f 796/796 793/793 794/794
f 674/674 676/676 796/796
f 674/674 796/796 794/794
f 798/798 797/797 795/795
f 798/798 795/795 796/796
f 676/676 678/678 798/798
f 676/676 798/798 796/796
f 800/800 799/799 797/797
f 800/800 797/797 798/798
f 678/678 680/680 800/800
f 678/678 800/800 798/798
f 802/802 801/801 799/799
f 802/802 799/799 800/800
f 680/680 682/682 802/802
f 680/680 802/802 800/800
f 804/804 803/803 801/801
f 804/804 801/801 802/802
f 682/682 805/805 804/804
f 682/682 804/804 802/802
f 807/807 806/806 804/804
f 807/807 804/804 805/805
f 685/685 808/808 807/807
f 685/685 807/807 805/805
f 682/682 683/683 685/685
f 682/682 685/685 805/805
f 810/810 809/809 807/807
f 810/810 807/807 808/808
f 688/688 811/811 810/810
f 688/688 810/810 808/808
f 685/685 686/686 688/688
f 685/685 688/688 808/808
f 813/813 812/812 810/810
f 813/813 810/810 811/811
f 691/691 814/814 813/813
f 691/691 813/813 811/811
f 688/688 689/689 691/691
f 688/688 691/691 811/811
f 816/816 815/815 813/813
f 816/816 813/813 814/814
f 694/694 817/817 816/816
f 694/694 816/816 814/814
f 691/691 692/692 694/694
f 691/691 694/694 814/814
f 819/819 818/818 816/816
f 819/819 816/816 817/817
f 697/697 820/820 819/819
f 697/697 819/819 817/817
f 694/694 695/695 697/697
f 694/694 697/697 817/817
f 822/822 821/821 819/819
f 822/822 819/819 820/820
f 700/700 823/823 822/822
f 700/700 822/822 820/820
f 697/697 698/698 700/700
f 697/697 700/700 820/820
f 825/825 824/824 822/822
f 825/825 822/822 823/823
f 703/703 826/826 825/825
f 703/703 825/825 823/823
f 700/700 701/701 703/703
f 700/700 703/703 823/823
f 828/828 827/827 825/825
f 828/828 825/825 826/826
f 706/706 829/829 828/828
f 706/706 828/828 826/826
f 703/703 704/704 706/706
f 703/703 706/706 826/826
f 831/831 830/830 828/828
f 831/831 828/828 829/829
f 709/709 832/832 831/831
f 709/709 831/831 829/829
f 706/706 707/707 709/709
f 706/706 709/709 829/829
f 710/710 712/712 835/835
f 837/837 836/836 834/834
f 837/837 834/834 835/835
f 712/712 714/714 837/837
f 712/712 837/837 835/835
f 839/839 838/838 836/836
f 839/839 836/836 837/837
f 714/714 716/716 839/839
f 714/714 839/839 837/837
f 841/841 840/840 838/838
f 841/841 838/838 839/839
f 716/716 718/718 841/841
f 716/716 841/841 839/839
f 843/843 842/842 840/840
f 843/843 840/840 841/841
f 718/718 720/720 843/843
f 718/718 843/843 841/841
f 845/845 844/844 842/842
f 845/845 842/842 843/843
f 720/720 722/722 845/845
f 720/720 845/845 843/843
f 847/847 846/846 844/844
f 847/847 844/844 845/845
f 722/722 724/724 847/847
f 722/722 847/847 845/845
f 849/849 848/848 846/846
f 849/849 846/846 847/847
f 724/724 726/726 849/849
f 724/724 849/849 847/847
f 851/851 850/850 848/848
f 851/851 848/848 849/849
f 726/726 728/728 851/851
f 726/726 851/851 849/849
f 853/853 852/852 850/850
f 853/853 850/850 851/851
f 728/728 730/730 853/853
f 728/728 853/853 851/851
f 855/855 854/854 852/852
f 855/855 852/852 853/853
f 730/730 732/732 855/855
f 730/730 855/855 853/853
f 857/857 856/856 854/854
f 857/857 854/854 855/855
f 732/732 734/734 857/857
f 732/732 857/857 855/855
f 859/859 858/858 856/856
f 859/859 856/856 857/857
f 734/734 736/736 859/859
f 734/734 859/859 857/857
f 861/861 860/860 858/858
f 861/861 858/858 859/859
f 736/736 738/738 861/861
f 736/736 861/861 859/859
f 863/863 862/862 860/860
f 863/863 860/860 861/861
f 738/738 864/864 863/863
f 738/738 863/863 861/861
f 866/866 865/865 863/863
f 866/866 863/863 864/864
f 741/741 867/867 866/866
f 741/741 866/866 864/864
f 738/738 739/739 741/741
f 738/738 741/741 864/864
f 869/869 868/868 866/866
f 869/869 866/866 867/867
f 744/744 870/870 869/869
f 744/744 869/869 867/867
f 741/741 742/742 744/744
f 741/741 744/744 867/867
f 872/872 871/871 869/869
f 872/872 869/869 870/870
f 747/747 873/873 872/872
f 747/747 872/872 870/870
f 744/744 745/745 747/747
f 744/744 747/747 870/870
f 875/875 874/874 872/872
f 875/875 872/872 873/873
f 750/750 876/876 875/875
f 750/750 875/875 873/873
f 747/747 748/748 750/750
f 747/747 750/750 873/873
f 878/878 877/877 875/875
f 878/878 875/875 876/876
f 753/753 879/879 878/878
f 753/753 878/878 876/876
f 750/750 751/751 753/753
f 750/750 753/753 876/876
f 881/881 880/880 878/878
f 881/881 878/878 879/879
f 756/756 882/882 881/881
f 756/756 881/881 879/879
f 753/753 754/754 756/756
f 753/753 756/756 879/879
f 884/884 883/883 881/881
f 884/884 881/881 882/882
f 759/759 885/885 884/884
f 759/759 884/884 882/882
f 756/756 757/757 759/759
f 756/756 759/759 882/882
f 887/887 886/886 884/884
f 887/887 884/884 885/885
f 762/762 888/888 887/887
f 762/762 887/887 885/885
f 759/759 760/760 762/762
f 759/759 762/762 885/885
f 890/890 889/889 887/887
f 890/890 887/887 888/888
f 765/765 891/891 890/890
f 765/765 890/890 888/888
f 762/762 763/763 765/765
f 762/762 765/765 888/888
f 893/893 892/892 890/890
f 893/893 890/890 891/891
f 895/895 894/894 893/893
f 895/895 893/893 891/891
f 765/765 766/766 895/895
f 765/765 895/895 891/891
f 897/897 896/896 894/894
f 897/897 894/894 895/895
f 766/766 767/767 897/897
f 766/766 897/897 895/895
f 899/899 898/898 896/896
f 899/899 896/896 897/897
f 767/767 769/769 899/899
f 767/767 899/899 897/897
f 901/901 900/900 898/898
f 901/901 898/898 899/899
f 769/769 771/771 901/901
f 769/769 901/901 899/899
f 903/903 902/902 900/900
f 903/903 900/900 901/901
f 771/771 773/773 903/903
f 771/771 903/903 901/901
f 905/905 904/904 902/902
f 905/905 902/902 903/903
f 773/773 775/775 905/905
f 773/773 905/905 903/903
f 907/907 906/906 904/904
f 907/907 904/904 905/905
f 775/775 777/777 907/907
f 775/775 907/907 905/905
f 909/909 908/908 906/906
f 909/909 906/906 907/907
f 777/777 779/779 909/909
f 777/777 909/909 907/907
f 911/911 910/910 908/908
f 911/911 908/908 909/909
f 779/779 781/781 911/911
f 779/779 911/911 909/909
f 913/913 912/912 910/910
f 913/913 910/910 911/911
f 781/781 783/783 913/913
f 781/781 913/913 911/911
f 915/915 914/914 912/912
f 915/915 912/912 913/913
f 783/783 785/785 915/915
f 783/783 915/915 913/913
f 917/917 916/916 914/914
f 917/917 914/914 915/915
f 785/785 787/787 917/917
f 785/785 917/917 915/915
f 919/919 918/918 916/916
f 919/919 916/916 917/917
f 787/787 789/789 919/919
f 787/787 919/919 917/917
f 921/921 920/920 918/918
f 921/921 918/918 919/919
f 789/789 791/791 921/921
f 789/789 921/921 919/919
f 923/923 922/922 920/920
f 923/923 920/920 921/921
f 791/791 793/793 923/923
f 791/791 923/923 921/921
f 925/925 924/924 922/922
f 925/925 922/922 923/923
f 793/793 795/795 925/925
f 793/793 925/925 923/923
f 927/927 926/926 924/924
f 927/927 924/924 925/925
f 795/795 797/797 927/927
f 795/795 927/927 925/925
f 929/929 928/928 926/926
f 929/929 926/926 927/927
f 797/797 799/799 929/929
f 797/797 929/929 927/927
f 931/931 930/930 928/928
f 931/931 928/928 929/929
f 799/799 801/801 931/931
f 799/799 931/931 929/929
f 933/933 932/932 930/930
f 933/933 930/930 931/931
f 801/801 803/803 933/933
f 801/801 933/933 931/931
f 935/935 934/934 932/932
f 935/935 932/932 933/933
f 803/803 936/936 935/935
f 803/803 935/935 933/933
f 938/938 937/937 935/935
f 938/938 935/935 936/936
f 806/806 939/939 938/938
f 806/806 938/938 936/936
f 803/803 804/804 806/806
f 803/803 806/806 936/936
f 941/941 940/940 938/938
f 941/941 938/938 939/939
f 809/809 942/942 941/941
f 809/809 941/941 939/939
f 806/806 807/807 809/809
f 806/806 809/809 939/939
f 944/944 943/943 941/941
f 944/944 941/941 942/942
f 812/812 945/945 944/944
f 812/812 944/944 942/942
f 809/809 810/810 812/812
f 809/809 812/812 942/942
f 947/947 946/946 944/944
f 947/947 944/944 945/945
f 815/815 948/948 947/947
f 815/815 947/947 945/945
f 812/812 813/813 815/815
f 812/812 815/815 945/945
f 950/950 949/949 947/947
f 950/950 947/947 948/948
f 818/818 951/951 950/950
f 818/818 950/950 948/948
f 815/815 816/816 818/818
f 815/815 818/818 948/948
f 953/953 952/952 950/950
f 953/953 950/950 951/951
f 821/821 954/954 953/953
f 821/821 953/953 951/951
f 818/818 819/819 821/821
f 818/818 821/821 951/951
f 956/956 955/955 953/953
f 956/956 953/953 954/954
f 824/824 957/957 956/956
f 824/824 956/956 954/954
f 821/821 822/822 824/824
f 821/821 824/824 954/954
f 959/959 958/958 956/956
f 959/959 956/956 957/957
f 827/827 960/960 959/959
f 827/827 959/959 957/957
f 824/824 825/825 827/827
f 824/824 827/827 957/957
f 962/962 961/961 959/959
f 962/962 959/959 960/960
f 830/830 963/963 962/962
f 830/830 962/962 960/960
f 827/827 828/828 830/830
f 827/827 830/830 960/960
f 965/965 964/964 962/962
f 965/965 962/962 963/963
f 833/833 966/966 965/965
f 833/833 965/965 963/963
f 830/830 831/831 833/833
f 830/830 833/833 963/963
f 834/834 836/836 970/970
f 834/834 970/970 968/968
f 972/972 971/971 969/969
f 972/972 969/969 970/970
f 836/836 838/838 972/972
f 836/836 972/972 970/970
f 974/974 973/973 971/971
f 974/974 971/971 972/972
f 838/838 840/840 974/974
f 838/838 974/974 972/972
f 976/976 975/975 973/973
f 976/976 973/973 974/974
f 840/840 842/842 976/976
f 840/840 976/976 974/974
f 978/978 977/977 975/975
f 978/978 975/975 976/976
f 842/842 844/844 978/978
f 842/842 978/978 976/976
f 980/980 979/979 977/977
f 980/980 977/977 978/978
f 844/844 846/846 980/980
f 844/844 980/980 978/978
f 982/982 981/981 979/979
f 982/982 979/979 980/980
f 846/846 848/848 982/982
f 846/846 982/982 980/980
f 984/984 983/983 981/981
f 984/984 981/981 982/982
f 848/848 850/850 984/984
f 848/848 984/984 982/982
f 986/986 985/985 983/983
f 986/986 983/983 984/984
f 850/850 852/852 986/986
f 850/850 986/986 984/984
f 988/988 987/987 985/985
f 988/988 985/985 986/986
f 852/852 854/854 988/988
f 852/852 988/988 986/986
f 990/990 989/989 987/987
f 990/990 987/987 988/988
f 854/854 856/856 990/990
f 854/854 990/990 988/988
f 992/992 991/991 989/989
f 992/992 989/989 990/990
f 856/856 858/858 992/992
f 856/856 992/992 990/990
f 994/994 993/993 991/991
f 994/994 991/991 992/992
f 858/858 860/860 994/994
f 858/858 994/994 992/992
f 996/996 995/995 993/993
f 996/996 993/993 994/994
f 860/860 862/862 996/996
f 860/860 996/996 994/994
f 998/998 997/997 995/995
f 998/998 995/995 996/996
f 862/862 999/999 998/998
f 862/862 998/998 996/996
f 1001/1001 1000/1000 998/998
f 1001/1001 998/998 999/999
f 865/865 1002/1002 1001/1001
f 865/865 1001/1001 999/999
f 862/862 863/863 865/865
f 862/862 865/865 999/999
f 1004/1004 1003/1003 1001/1001
f 1004/1004 1001/1001 1002/1002
f 868/868 1005/1005 1004/1004
f 868/868 1004/1004 1002/1002
f 865/865 866/866 868/868
f 865/865 868/868 1002/1002
f 1007/1007 1006/1006 1004/1004
f 1007/1007 1004/1004 1005/1005
f 871/871 1008/1008 1007/1007
f 871/871 1007/1007 1005/1005
f 868/868 869/869 871/871
f 868/868 871/871 1005/1005
f 1010/1010 1009/1009 1007/1007
f 1010/1010 1007/1007 1008/1008
f 874/874 1011/1011 1010/1010
f 874/874 1010/1010 1008/1008
f 871/871 872/872 874/874
f 871/871 874/874 1008/1008
f 1013/1013 1012/1012 1010/1010
f 1013/1013 1010/1010 1011/1011
f 877/877 1014/1014 1013/1013
f 877/877 1013/1013 1011/1011
f 874/874 875/875 877/877
f 874/874 877/877 1011/1011
f 1016/1016 1015/1015 1013/1013
f 1016/1016 1013/1013 1014/1014
f 880/880 1017/1017 1016/1016
f 880/880 1016/1016 1014/1014
f 877/877 878/878 880/880
f 877/877 880/880 1014/1014
f 1019/1019 1018/1018 1016/1016
f 1019/1019 1016/1016 1017/1017
f 883/883 1020/1020 1019/1019
f 883/883 1019/1019 1017/1017
f 880/880 881/881 883/883
f 880/880 883/883 1017/1017
f 1022/1022 1021/1021 1019/1019
f 1022/1022 1019/1019 1020/1020
f 886/886 1023/1023 1022/1022
f 886/886 1022/1022 1020/1020
f 883/883 884/884 886/886
f 883/883 886/886 1020/1020
f 1025/1025 1024/1024 1022/1022
f 1025/1025 1022/1022 1023/1023
f 889/889 1026/1026 1025/1025
f 889/889 1025/1025 1023/1023
f 886/886 887/887 889/889
f 886/886 889/889 1023/1023
f 1028/1028 1027/1027 1025/1025
f 1028/1028 1025/1025 1026/1026
f 892/892 1029/1029 1028/1028
f 892/892 1028/1028 1026/1026
f 889/889 890/890 892/892
f 889/889 892/892 1026/1026
f 1031/1031 1030/1030 1028/1028
f 1031/1031 1028/1028 1029/1029
f 1033/1033 1032/1032 1031/1031
f 1033/1033 1031/1031 1029/1029
f 892/892 893/893 1033/1033
f 892/892 1033/1033 1029/1029
f 1035/1035 1034/1034 1032/1032
f 1035/1035 1032/1032 1033/1033
f 893/893 894/894 1035/1035
f 893/893 1035/1035 1033/1033
f 1037/1037 1036/1036 1034/1034
f 1037/1037 1034/1034 1035/1035
f 894/894 896/896 1037/1037
f 894/894 1037/1037 1035/1035
f 1039/1039 1038/1038 1036/1036
f 1039/1039 1036/1036 1037/1037
f 896/896 898/898 1039/1039
f 896/896 1039/1039 1037/1037
f 1041/1041 1040/1040 1038/1038
f 1041/1041 1038/1038 1039/1039
f 898/898 900/900 1041/1041
f 898/898 1041/1041 1039/1039
f 1043/1043 1042/1042 1040/1040
f 1043/1043 1040/1040 1041/1041
f 900/900 902/902 1043/1043
f 900/900 1043/1043 1041/1041
f 1045/1045 1044/1044 1042/1042
f 1045/1045 1042/1042 1043/1043
f 902/902 904/904 1045/1045
f 902/902 1045/1045 1043/1043
f 1047/1047 1046/1046 1044/1044
f 1047/1047 1044/1044 1045/1045
f 904/904 906/906 1047/1047
f 904/904 1047/1047 1045/1045
f 1049/1049 1048/1048 1046/1046
f 1049/1049 1046/1046 1047/1047
f 906/906 908/908 1049/1049
f 906/906 1049/1049 1047/1047
f 1051/1051 1050/1050 1048/1048
f 1051/1051 1048/1048 1049/1049
f 908/908 910/910 1051/1051
f 908/908 1051/1051 1049/1049
f 1053/1053 1052/1052 1050/1050
f 1053/1053 1050/1050 1051/1051
f 910/910 912/912 1053/1053
f 910/910 1053/1053 1051/1051
f 1055/1055 1054/1054 1052/1052
f 1055/1055 1052/1052 1053/1053
f 912/912 914/914 1055/1055
f 912/912 1055/1055 1053/1053
f 1057/1057 1056/1056 1054/1054
f 1057/1057 1054/1054 1055/1055
f 914/914 916/916 1057/1057
f 914/914 1057/1057 1055/1055
f 1059/1059 1058/1058 1056/1056
f 1059/1059 1056/1056 1057/1057
f 916/916 918/918 1059/1059
f 916/916 1059/1059 1057/1057
f 1061/1061 1060/1060 1058/1058
f 1061/1061 1058/1058 1059/1059
f 918/918 920/920 1061/1061
f 918/918 1061/1061 1059/1059
f 1063/1063 1062/1062 1060/1060
f 1063/1063 1060/1060 1061/1061
f 920/920 922/922 1063/1063
f 920/920 1063/1063 1061/1061
f 1065/1065 1064/1064 1062/1062
f 1065/1065 1062/1062 1063/1063
f 922/922 924/924 1065/1065
f 922/922 1065/1065 1063/1063
f 1067/1067 1066/1066 1064/1064
f 1067/1067 1064/1064 1065/1065
f 924/924 926/926 1067/1067
f 924/924 1067/1067 1065/1065
f 1069/1069 1068/1068 1066/1066
f 1069/1069 1066/1066 1067/1067
f 926/926 928/928 1069/1069
f 926/926 1069/1069 1067/1067
f 1071/1071 1070/1070 1068/1068
f 1071/1071 1068/1068 1069/1069
f 928/928 930/930 1071/1071
f 928/928 1071/1071 1069/1069
f 1073/1073 1072/1072 1070/1070
f 1073/1073 1070/1070 1071/1071
f 930/930 932/932 1073/1073
f 930/930 1073/1073 1071/1071
f 1075/1075 1074/1074 1072/1072
f 1075/1075 1072/1072 1073/1073
f 932/932 934/934 1075/1075
f 932/932 1075/1075 1073/1073
f 81/81 82/82 1074/1074
f 81/81 1074/1074 1075/1075
f 934/934 85/85 81/81
f 934/934 81/81 1075/1075
f 1077/1077 1076/1076 1072/1072
f 1077/1077 1072/1072 1074/1074
f 82/82 1078/1078 1077/1077
f 82/82 1077/1077 1074/1074
f 1080/1080 1079/1079 1077/1077
f 1080/1080 1077/1077 1078/1078
f 1082/1082 1081/1081 1080/1080
f 1082/1082 1080/1080 1078/1078
f 82/82 83/83 1082/1082
f 82/82 1082/1082 1078/1078
f 1084/1084 1083/1083 1081/1081
f 1084/1084 1081/1081 1082/1082
f 83/83 86/86 1084/1084
f 83/83 1084/1084 1082/1082
f 1086/1086 1085/1085 1083/1083
f 1086/1086 1083/1083 1084/1084
f 86/86 1087/1087 1086/1086
f 86/86 1086/1086 1084/1084
f 1089/1089 1088/1088 1086/1086
f 1089/1089 1086/1086 1087/1087
f 1090/1090 940/940 1089/1089
f 1090/1090 1089/1089 1087/1087
f 86/86 84/84 1090/1090
f 86/86 1090/1090 1087/1087
f 937/937 938/938 940/940
f 937/937 940/940 1090/1090
f 84/84 85/85 937/937
f 84/84 937/937 1090/1090
f 943/943 1091/1091 1088/1088
f 943/943 1088/1088 1089/1089
f 940/940 941/941 943/943
f 940/940 943/943 1089/1089
f 1093/1093 1092/1092 1088/1088
f 1093/1093 1088/1088 1091/1091
f 946/946 1094/1094 1093/1093
f 946/946 1093/1093 1091/1091
f 943/943 944/944 946/946
f 943/943 946/946 1091/1091
f 1096/1096 1095/1095 1093/1093
f 1096/1096 1093/1093 1094/1094
f 949/949 1097/1097 1096/1096
f 949/949 1096/1096 1094/1094
f 946/946 947/947 949/949
f 946/946 949/949 1094/1094
f 1099/1099 1098/1098 1096/1096
f 1099/1099 1096/1096 1097/1097
f 952/952 1100/1100 1099/1099
f 952/952 1099/1099 1097/1097
f 949/949 950/950 952/952
f 949/949 952/952 1097/1097
f 1102/1102 1101/1101 1099/1099
f 1102/1102 1099/1099 1100/1100
f 955/955 1103/1103 1102/1102
f 955/955 1102/1102 1100/1100
f 952/952 953/953 955/955
f 952/952 955/955 1100/1100
f 1105/1105 1104/1104 1102/1102
f 1105/1105 1102/1102 1103/1103
f 958/958 1106/1106 1105/1105
f 958/958 1105/1105 1103/1103
f 955/955 956/956 958/958
f 955/955 958/958 1103/1103
f 1108/1108 1107/1107 1105/1105
f 1108/1108 1105/1105 1106/1106
f 961/961 1109/1109 1108/1108
f 961/961 1108/1108 1106/1106
f 958/958 959/959 961/961
f 958/958 961/961 1106/1106
f 1111/1111 1110/1110 1108/1108
f 1111/1111 1108/1108 1109/1109
f 964/964 1112/1112 1111/1111
f 964/964 1111/1111 1109/1109
f 961/961 962/962 964/964
f 961/961 964/964 1109/1109
f 1114/1114 1113/1113 1111/1111
f 1114/1114 1111/1111 1112/1112
f 967/967 1115/1115 1114/1114
f 967/967 1114/1114 1112/1112
f 964/964 965/965 967/967
f 964/964 967/967 1112/1112
f 969/969 971/971 1119/1119
f 969/969 1119/1119 1117/1117
f 1121/1121 1120/1120 1118/1118
f 1121/1121 1118/1118 1119/1119
f 971/971 973/973 1121/1121
f 971/971 1121/1121 1119/1119
f 1123/1123 1122/1122 1120/1120
f 1123/1123 1120/1120 1121/1121
f 973/973 975/975 1123/1123
f 973/973 1123/1123 1121/1121
f 1125/1125 1124/1124 1122/1122
f 1125/1125 1122/1122 1123/1123
f 975/975 977/977 1125/1125
f 975/975 1125/1125 1123/1123
f 1127/1127 1126/1126 1124/1124
f 1127/1127 1124/1124 1125/1125
f 977/977 979/979 1127/1127
f 977/977 1127/1127 1125/1125
f 1129/1129 1128/1128 1126/1126
f 1129/1129 1126/1126 1127/1127
f 979/979 981/981 1129/1129
f 979/979 1129/1129 1127/1127
f 1131/1131 1130/1130 1128/1128
f 1131/1131 1128/1128 1129/1129
f 981/981 983/983 1131/1131
f 981/981 1131/1131 1129/1129
f 1133/1133 1132/1132 1130/1130
f 1133/1133 1130/1130 1131/1131
f 983/983 985/985 1133/1133
f 983/983 1133/1133 1131/1131
f 1135/1135 1134/1134 1132/1132
f 1135/1135 1132/1132 1133/1133
f 985/985 987/987 1135/1135
f 985/985 1135/1135 1133/1133
f 1137/1137 1136/1136 1134/1134
f 1137/1137 1134/1134 1135/1135
f 987/987 989/989 1137/1137
f 987/987 1137/1137 1135/1135
f 1139/1139 1138/1138 1136/1136
f 1139/1139 1136/1136 1137/1137
f 989/989 991/991 1139/1139
f 989/989 1139/1139 1137/1137
f 1141/1141 1140/1140 1138/1138
f 1141/1141 1138/1138 1139/1139
f 991/991 993/993 1141/1141
f 991/991 1141/1141 1139/1139
f 1143/1143 1142/1142 1140/1140
f 1143/1143 1140/1140 1141/1141
f 993/993 995/995 1143/1143
f 993/993 1143/1143 1141/1141
f 1145/1145 1144/1144 1142/1142
f 1145/1145 1142/1142 1143/1143
f 995/995 997/997 1145/1145
f 995/995 1145/1145 1143/1143
f 1147/1147 1146/1146 1144/1144
f 1147/1147 1144/1144 1145/1145
f 997/997 1148/1148 1147/1147
f 997/997 1147/1147 1145/1145
f 1150/1150 1149/1149 1147/1147
f 1150/1150 1147/1147 1148/1148
f 1000/1000 1151/1151 1150/1150
f 1000/1000 1150/1150 1148/1148
f 997/997 998/998 1000/1000
f 997/997 1000/1000 1148/1148
f 1153/1153 1152/1152 1150/1150
f 1153/1153 1150/1150 1151/1151
f 1003/1003 1154/1154 1153/1153
f 1003/1003 1153/1153 1151/1151
f 1000/1000 1001/1001 1003/1003
f 1000/1000 1003/1003 1151/1151
f 1156/1156 1155/1155 1153/1153
f 1156/1156 1153/1153 1154/1154
f 1006/1006 1157/1157 1156/1156
f 1006/1006 1156/1156 1154/1154
f 1003/1003 1004/1004 1006/1006
f 1003/1003 1006/1006 1154/1154
f 1159/1159 1158/1158 1156/1156
f 1159/1159 1156/1156 1157/1157
f 1009/1009 1160/1160 1159/1159
f 1009/1009 1159/1159 1157/1157
f 1006/1006 1007/1007 1009/1009
f 1006/1006 1009/1009 1157/1157
f 1162/1162 1161/1161 1159/1159
f 1162/1162 1159/1159 1160/1160
f 1012/1012 1163/1163 1162/1162
f 1012/1012 1162/1162 1160/1160
f 1009/1009 1010/1010 1012/1012
f 1009/1009 1012/1012 1160/1160
f 1165/1165 1164/1164 1162/1162
f 1165/1165 1162/1162 1163/1163
f 1015/1015 1166/1166 1165/1165
f 1015/1015 1165/1165 1163/1163
f 1012/1012 1013/1013 1015/1015
f 1012/1012 1015/1015 1163/1163
f 1168/1168 1167/1167 1165/1165
f 1168/1168 1165/1165 1166/1166
f 1018/1018 1169/1169 1168/1168
f 1018/1018 1168/1168 1166/1166
f 1015/1015 1016/1016 1018/1018
f 1015/1015 1018/1018 1166/1166
f 1171/1171 1170/1170 1168/1168
f 1171/1171 1168/1168 1169/1169
f 1021/1021 1172/1172 1171/1171
f 1021/1021 1171/1171 1169/1169
f 1018/1018 1019/1019 1021/1021
f 1018/1018 1021/1021 1169/1169
f 1174/1174 1173/1173 1171/1171
f 1174/1174 1171/1171 1172/1172
f 1024/1024 1175/1175 1174/1174
f 1024/1024 1174/1174 1172/1172
f 1021/1021 1022/1022 1024/1024
f 1021/1021 1024/1024 1172/1172
f 1177/1177 1176/1176 1174/1174
f 1177/1177 1174/1174 1175/1175
f 1027/1027 1178/1178 1177/1177
f 1027/1027 1177/1177 1175/1175
f 1024/1024 1025/1025 1027/1027
f 1024/1024 1027/1027 1175/1175
f 1180/1180 1179/1179 1177/1177
f 1180/1180 1177/1177 1178/1178
f 1030/1030 1181/1181 1180/1180
f 1030/1030 1180/1180 1178/1178
f 1027/1027 1028/1028 1030/1030
f 1027/1027 1030/1030 1178/1178
f 1183/1183 1182/1182 1180/1180
f 1183/1183 1180/1180 1181/1181
f 1185/1185 1184/1184 1183/1183
f 1185/1185 1183/1183 1181/1181
f 1030/1030 1031/1031 1185/1185
f 1030/1030 1185/1185 1181/1181
f 1187/1187 1186/1186 1184/1184
f 1187/1187 1184/1184 1185/1185
f 1031/1031 1032/1032 1187/1187
f 1031/1031 1187/1187 1185/1185
f 1189/1189 1188/1188 1186/1186
f 1189/1189 1186/1186 1187/1187
f 1032/1032 1034/1034 1189/1189
f 1032/1032 1189/1189 1187/1187
f 1191/1191 1190/1190 1188/1188
f 1191/1191 1188/1188 1189/1189
f 1034/1034 1036/1036 1191/1191
f 1034/1034 1191/1191 1189/1189
f 1193/1193 1192/1192 1190/1190
f 1193/1193 1190/1190 1191/1191
f 1036/1036 1038/1038 1193/1193
f 1036/1036 1193/1193 1191/1191
f 1195/1195 1194/1194 1192/1192
f 1195/1195 1192/1192 1193/1193
f 1038/1038 1040/1040 1195/1195
f 1038/1038 1195/1195 1193/1193
f 1197/1197 1196/1196 1194/1194
f 1197/1197 1194/1194 1195/1195
f 1040/1040 1042/1042 1197/1197
f 1040/1040 1197/1197 1195/1195
f 1199/1199 1198/1198 1196/1196
f 1199/1199 1196/1196 1197/1197
f 1042/1042 1044/1044 1199/1199
f 1042/1042 1199/1199 1197/1197
f 1201/1201 1200/1200 1198/1198
f 1201/1201 1198/1198 1199/1199
f 1044/1044 1046/1046 1201/1201
f 1044/1044 1201/1201 1199/1199
f 1203/1203 1202/1202 1200/1200
f 1203/1203 1200/1200 1201/1201
f 1046/1046 1048/1048 1203/1203
f 1046/1046 1203/1203 1201/1201
f 1205/1205 1204/1204 1202/1202
f 1205/1205 1202/1202 1203/1203
f 1048/1048 1050/1050 1205/1205
f 1048/1048 1205/1205 1203/1203
f 1207/1207 1206/1206 1204/1204
f 1207/1207 1204/1204 1205/1205
f 1050/1050 1052/1052 1207/1207
f 1050/1050 1207/1207 1205/1205
f 1209/1209 1208/1208 1206/1206
f 1209/1209 1206/1206 1207/1207
f 1052/1052 1054/1054 1209/1209
f 1052/1052 1209/1209 1207/1207
f 1211/1211 1210/1210 1208/1208
f 1211/1211 1208/1208 1209/1209
f 1054/1054 1056/1056 1211/1211
f 1054/1054 1211/1211 1209/1209
f 1213/1213 1212/1212 1210/1210
f 1213/1213 1210/1210 1211/1211
f 1056/1056 1058/1058 1213/1213
f 1056/1056 1213/1213 1211/1211
f 1215/1215 1214/1214 1212/1212
f 1215/1215 1212/1212 1213/1213
f 1058/1058 1060/1060 1215/1215
f 1058/1058 1215/1215 1213/1213
f 1217/1217 1216/1216 1214/1214
f 1217/1217 1214/1214 1215/1215
f 1060/1060 1062/1062 1217/1217
f 1060/1060 1217/1217 1215/1215
f 1219/1219 1218/1218 1216/1216
f 1219/1219 1216/1216 1217/1217
f 1062/1062 1064/1064 1219/1219
f 1062/1062 1219/1219 1217/1217
f 1221/1221 1220/1220 1218/1218
f 1221/1221 1218/1218 1219/1219
f 1064/1064 1066/1066 1221/1221
f 1064/1064 1221/1221 1219/1219
f 1223/1223 1222/1222 1220/1220
f 1223/1223 1220/1220 1221/1221
f 1066/1066 1068/1068 1223/1223
f 1066/1066 1223/1223 1221/1221
f 1225/1225 1224/1224 1222/1222
f 1225/1225 1222/1222 1223/1223
f 1068/1068 1070/1070 1225/1225
f 1068/1068 1225/1225 1223/1223
f 1076/1076 1226/1226 1224/1224
f 1076/1076 1224/1224 1225/1225
f 1070/1070 1072/1072 1076/1076
f 1070/1070 1076/1076 1225/1225
f 1228/1228 1227/1227 1224/1224
f 1228/1228 1224/1224 1226/1226
f 1079/1079 1229/1229 1228/1228
f 1079/1079 1228/1228 1226/1226
f 1076/1076 1077/1077 1079/1079
f 1076/1076 1079/1079 1226/1226
f 1231/1231 1230/1230 1228/1228
f 1231/1231 1228/1228 1229/1229
f 1233/1233 1232/1232 1231/1231
f 1233/1233 1231/1231 1229/1229
f 1079/1079 1080/1080 1233/1233
f 1079/1079 1233/1233 1229/1229
f 1235/1235 1234/1234 1232/1232
f 1235/1235 1232/1232 1233/1233
f 1080/1080 1081/1081 1235/1235
f 1080/1080 1235/1235 1233/1233
f 1237/1237 1236/1236 1234/1234
f 1237/1237 1234/1234 1235/1235
f 1081/1081 1083/1083 1237/1237
f 1081/1081 1237/1237 1235/1235
f 1239/1239 1238/1238 1236/1236
f 1239/1239 1236/1236 1237/1237
f 1083/1083 1085/1085 1239/1239
f 1083/1083 1239/1239 1237/1237
f 1241/1241 1240/1240 1238/1238
f 1241/1241 1238/1238 1239/1239
f 1085/1085 1092/1092 1241/1241
f 1085/1085 1241/1241 1239/1239
f 1095/1095 1242/1242 1240/1240
f 1095/1095 1240/1240 1241/1241
f 1092/1092 1093/1093 1095/1095
f 1092/1092 1095/1095 1241/1241
f 1244/1244 1243/1243 1240/1240
f 1244/1244 1240/1240 1242/1242
f 1098/1098 1245/1245 1244/1244
f 1098/1098 1244/1244 1242/1242
f 1095/1095 1096/1096 1098/1098
f 1095/1095 1098/1098 1242/1242
f 1247/1247 1246/1246 1244/1244
f 1247/1247 1244/1244 1245/1245
f 1101/1101 1248/1248 1247/1247
f 1101/1101 1247/1247 1245/1245
f 1098/1098 1099/1099 1101/1101
f 1098/1098 1101/1101 1245/1245
f 1250/1250 1249/1249 1247/1247
f 1250/1250 1247/1247 1248/1248
f 1104/1104 1251/1251 1250/1250
f 1104/1104 1250/1250 1248/1248
f 1101/1101 1102/1102 1104/1104
f 1101/1101 1104/1104 1248/1248
f 1253/1253 1252/1252 1250/1250
f 1253/1253 1250/1250 1251/1251
f 1107/1107 1254/1254 1253/1253
f 1107/1107 1253/1253 1251/1251
f 1104/1104 1105/1105 1107/1107
f 1104/1104 1107/1107 1251/1251
f 1256/1256 1255/1255 1253/1253
f 1256/1256 1253/1253 1254/1254
f 1110/1110 1257/1257 1256/1256
f 1110/1110 1256/1256 1254/1254
f 1107/1107 1108/1108 1110/1110
f 1107/1107 1110/1110 1254/1254
f 1259/1259 1258/1258 1256/1256
f 1259/1259 1256/1256 1257/1257
f 1113/1113 1260/1260 1259/1259
f 1113/1113 1259/1259 1257/1257
f 1110/1110 1111/1111 1113/1113
f 1110/1110 1113/1113 1257/1257
f 1262/1262 1261/1261 1259/1259
f 1262/1262 1259/1259 1260/1260
f 1116/1116 1263/1263 1262/1262
f 1116/1116 1262/1262 1260/1260
f 1113/1113 1114/1114 1116/1116
f 1113/1113 1116/1116 1260/1260
f 1118/1118 1120/1120 1265/1265
f 1120/1120 1122/1122 1267/1267
f 1120/1120 1267/1267 1265/1265
f 1269/1269 1268/1268 1266/1266
f 1269/1269 1266/1266 1267/1267
f 1122/1122 1124/1124 1269/1269
f 1122/1122 1269/1269 1267/1267
f 1271/1271 1270/1270 1268/1268
f 1271/1271 1268/1268 1269/1269
f 1124/1124 1126/1126 1271/1271
f 1124/1124 1271/1271 1269/1269
f 1273/1273 1272/1272 1270/1270
f 1273/1273 1270/1270 1271/1271
f 1126/1126 1128/1128 1273/1273
f 1126/1126 1273/1273 1271/1271
f 1275/1275 1274/1274 1272/1272
f 1275/1275 1272/1272 1273/1273
f 1128/1128 1130/1130 1275/1275
f 1128/1128 1275/1275 1273/1273
f 1277/1277 1276/1276 1274/1274
f 1277/1277 1274/1274 1275/1275
f 1130/1130 1132/1132 1277/1277
f 1130/1130 1277/1277 1275/1275
f 1279/1279 1278/1278 1276/1276
f 1279/1279 1276/1276 1277/1277
f 1132/1132 1134/1134 1279/1279
f 1132/1132 1279/1279 1277/1277
f 1281/1281 1280/1280 1278/1278
f 1281/1281 1278/1278 1279/1279
f 1134/1134 1136/1136 1281/1281
f 1134/1134 1281/1281 1279/1279
f 1283/1283 1282/1282 1280/1280
f 1283/1283 1280/1280 1281/1281
f 1136/1136 1138/1138 1283/1283
f 1136/1136 1283/1283 1281/1281
f 1285/1285 1284/1284 1282/1282
f 1285/1285 1282/1282 1283/1283
f 1138/1138 1140/1140 1285/1285
f 1138/1138 1285/1285 1283/1283
f 1287/1287 1286/1286 1284/1284
f 1287/1287 1284/1284 1285/1285
f 1140/1140 1142/1142 1287/1287
f 1140/1140 1287/1287 1285/1285
f 1289/1289 1288/1288 1286/1286
f 1289/1289 1286/1286 1287/1287
f 1142/1142 1144/1144 1289/1289
f 1142/1142 1289/1289 1287/1287
f 1291/1291 1290/1290 1288/1288
f 1291/1291 1288/1288 1289/1289
f 1144/1144 1146/1146 1291/1291
f 1144/1144 1291/1291 1289/1289
f 1293/1293 1292/1292 1290/1290
f 1293/1293 1290/1290 1291/1291
f 1146/1146 1294/1294 1293/1293
f 1146/1146 1293/1293 1291/1291
f 1296/1296 1295/1295 1293/1293
f 1296/1296 1293/1293 1294/1294
f 1149/1149 1297/1297 1296/1296
f 1149/1149 1296/1296 1294/1294
f 1146/1146 1147/1147 1149/1149
f 1146/1146 1149/1149 1294/1294
f 1299/1299 1298/1298 1296/1296
f 1299/1299 1296/1296 1297/1297
f 1152/1152 1300/1300 1299/1299
f 1152/1152 1299/1299 1297/1297
f 1149/1149 1150/1150 1152/1152
f 1149/1149 1152/1152 1297/1297
f 1302/1302 1301/1301 1299/1299
f 1302/1302 1299/1299 1300/1300
f 1155/1155 1303/1303 1302/1302
f 1155/1155 1302/1302 1300/1300
f 1152/1152 1153/1153 1155/1155
f 1152/1152 1155/1155 1300/1300
f 1305/1305 1304/1304 1302/1302
f 1305/1305 1302/1302 1303/1303
f 1158/1158 1306/1306 1305/1305
f 1158/1158 1305/1305 1303/1303
f 1155/1155 1156/1156 1158/1158
f 1155/1155 1158/1158 1303/1303
f 1308/1308 1307/1307 1305/1305
f 1308/1308 1305/1305 1306/1306
f 1161/1161 1309/1309 1308/1308
f 1161/1161 1308/1308 1306/1306
f 1158/1158 1159/1159 1161/1161
f 1158/1158 1161/1161 1306/1306
f 1311/1311 1310/1310 1308/1308
f 1311/1311 1308/1308 1309/1309
f 1164/1164 1312/1312 1311/1311
f 1164/1164 1311/1311 1309/1309
f 1161/1161 1162/1162 1164/1164
f 1161/1161 1164/1164 1309/1309
f 1314/1314 1313/1313 1311/1311
f 1314/1314 1311/1311 1312/1312
f 1167/1167 1315/1315 1314/1314
f 1167/1167 1314/1314 1312/1312
f 1164/1164 1165/1165 1167/1167
f 1164/1164 1167/1167 1312/1312
f 1317/1317 1316/1316 1314/1314
f 1317/1317 1314/1314 1315/1315
f 1170/1170 1318/1318 1317/1317
f 1170/1170 1317/1317 1315/1315
f 1167/1167 1168/1168 1170/1170
f 1167/1167 1170/1170 1315/1315
f 1320/1320 1319/1319 1317/1317
f 1320/1320 1317/1317 1318/1318
f 1173/1173 1321/1321 1320/1320
f 1173/1173 1320/1320 1318/1318
f 1170/1170 1171/1171 1173/1173
f 1170/1170 1173/1173 1318/1318
f 1323/1323 1322/1322 1320/1320
f 1323/1323 1320/1320 1321/1321
f 1176/1176 1324/1324 1323/1323
f 1176/1176 1323/1323 1321/1321
f 1173/1173 1174/1174 1176/1176
f 1173/1173 1176/1176 1321/1321
f 1326/1326 1325/1325 1323/1323
f 1326/1326 1323/1323 1324/1324
f 1179/1179 1327/1327 1326/1326
f 1179/1179 1326/1326 1324/1324
f 1176/1176 1177/1177 1179/1179
f 1176/1176 1179/1179 1324/1324
f 1329/1329 1328/1328 1326/1326
f 1329/1329 1326/1326 1327/1327
f 1182/1182 1330/1330 1329/1329
f 1182/1182 1329/1329 1327/1327
f 1179/1179 1180/1180 1182/1182
f 1179/1179 1182/1182 1327/1327
f 1332/1332 1331/1331 1329/1329
f 1332/1332 1329/1329 1330/1330
f 1334/1334 1333/1333 1332/1332
f 1334/1334 1332/1332 1330/1330
f 1182/1182 1183/1183 1334/1334
f 1182/1182 1334/1334 1330/1330
f 1336/1336 1335/1335 1333/1333
f 1336/1336 1333/1333 1334/1334
f 1183/1183 1184/1184 1336/1336
f 1183/1183 1336/1336 1334/1334
f 1338/1338 1337/1337 1335/1335
f 1338/1338 1335/1335 1336/1336
f 1184/1184 1186/1186 1338/1338
f 1184/1184 1338/1338 1336/1336
f 1340/1340 1339/1339 1337/1337
f 1340/1340 1337/1337 1338/1338
f 1186/1186 1188/1188 1340/1340
f 1186/1186 1340/1340 1338/1338
f 1342/1342 1341/1341 1339/1339
f 1342/1342 1339/1339 1340/1340
f 1188/1188 1190/1190 1342/1342
f 1188/1188 1342/1342 1340/1340
f 1344/1344 1343/1343 1341/1341
f 1344/1344 1341/1341 1342/1342
f 1190/1190 1192/1192 1344/1344
f 1190/1190 1344/1344 1342/1342
f 1346/1346 1345/1345 1343/1343
f 1346/1346 1343/1343 1344/1344
f 1192/1192 1194/1194 1346/1346
f 1192/1192 1346/1346 1344/1344
f 1348/1348 1347/1347 1345/1345
f 1348/1348 1345/1345 1346/1346
f 1194/1194 1196/1196 1348/1348
f 1194/1194 1348/1348 1346/1346
f 1350/1350 1349/1349 1347/1347
f 1350/1350 1347/1347 1348/1348
f 1196/1196 1198/1198 1350/1350
f 1196/1196 1350/1350 1348/1348
f 1352/1352 1351/1351 1349/1349
f 1352/1352 1349/1349 1350/1350
f 1198/1198 1200/1200 1352/1352
f 1198/1198 1352/1352 1350/1350
f 1354/1354 1353/1353 1351/1351
f 1354/1354 1351/1351 1352/1352
f 1200/1200 1202/1202 1354/1354
f 1200/1200 1354/1354 1352/1352
f 1356/1356 1355/1355 1353/1353
f 1356/1356 1353/1353 1354/1354
f 1202/1202 1204/1204 1356/1356
f 1202/1202 1356/1356 1354/1354
f 1358/1358 1357/1357 1355/1355
f 1358/1358 1355/1355 1356/1356
f 1204/1204 1206/1206 1358/1358
f 1204/1204 1358/1358 1356/1356
f 1360/1360 1359/1359 1357/1357
f 1360/1360 1357/1357 1358/1358
f 1206/1206 1208/1208 1360/1360
f 1206/1206 1360/1360 1358/1358
f 1362/1362 1361/1361 1359/1359
f 1362/1362 1359/1359 1360/1360
f 1208/1208 1210/1210 1362/1362
f 1208/1208 1362/1362 1360/1360
f 1364/1364 1363/1363 1361/1361
f 1364/1364 1361/1361 1362/1362
f 1210/1210 1212/1212 1364/1364
f 1210/1210 1364/1364 1362/1362
f 1366/1366 1365/1365 1363/1363
f 1366/1366 1363/1363 1364/1364
f 1212/1212 1214/1214 1366/1366
f 1212/1212 1366/1366 1364/1364
f 1368/1368 1367/1367 1365/1365
f 1368/1368 1365/1365 1366/1366
f 1214/1214 1216/1216 1368/1368
f 1214/1214 1368/1368 1366/1366
f 1370/1370 1369/1369 1367/1367
f 1370/1370 1367/1367 1368/1368
f 1216/1216 1218/1218 1370/1370
f 1216/1216 1370/1370 1368/1368
f 1372/1372 1371/1371 1369/1369
f 1372/1372 1369/1369 1370/1370
f 1218/1218 1220/1220 1372/1372
f 1218/1218 1372/1372 1370/1370
f 1374/1374 1373/1373 1371/1371
f 1374/1374 1371/1371 1372/1372
f 1220/1220 1222/1222 1374/1374
f 1220/1220 1374/1374 1372/1372
f 1227/1227 1375/1375 1373/1373
f 1227/1227 1373/1373 1374/1374
f 1222/1222 1224/1224 1227/1227
f 1222/1222 1227/1227 1374/1374
f 1377/1377 1376/1376 1373/1373
f 1377/1377 1373/1373 1375/1375
f 1230/1230 1378/1378 1377/1377
f 1230/1230 1377/1377 1375/1375
f 1227/1227 1228/1228 1230/1230
f 1227/1227 1230/1230 1375/1375
f 1380/1380 1379/1379 1377/1377
f 1380/1380 1377/1377 1378/1378
f 1382/1382 1381/1381 1380/1380
f 1382/1382 1380/1380 1378/1378
f 1230/1230 1231/1231 1382/1382
f 1230/1230 1382/1382 1378/1378
f 1384/1384 1383/1383 1381/1381
f 1384/1384 1381/1381 1382/1382
f 1231/1231 1232/1232 1384/1384
f 1231/1231 1384/1384 1382/1382
f 1386/1386 1385/1385 1383/1383
f 1386/1386 1383/1383 1384/1384
f 1232/1232 1234/1234 1386/1386
f 1232/1232 1386/1386 1384/1384
f 1388/1388 1387/1387 1385/1385
f 1388/1388 1385/1385 1386/1386
f 1234/1234 1236/1236 1388/1388
f 1234/1234 1388/1388 1386/1386
f 1390/1390 1389/1389 1387/1387
f 1390/1390 1387/1387 1388/1388
f 1236/1236 1238/1238 1390/1390
f 1236/1236 1390/1390 1388/1388
f 1243/1243 1391/1391 1389/1389
f 1243/1243 1389/1389 1390/1390
f 1238/1238 1240/1240 1243/1243
f 1238/1238 1243/1243 1390/1390
f 1393/1393 1392/1392 1389/1389
f 1393/1393 1389/1389 1391/1391
f 1246/1246 1394/1394 1393/1393
f 1246/1246 1393/1393 1391/1391
f 1243/1243 1244/1244 1246/1246
f 1243/1243 1246/1246 1391/1391
f 1396/1396 1395/1395 1393/1393
f 1396/1396 1393/1393 1394/1394
f 1249/1249 1397/1397 1396/1396
f 1249/1249 1396/1396 1394/1394
f 1246/1246 1247/1247 1249/1249
f 1246/1246 1249/1249 1394/1394
f 1399/1399 1398/1398 1396/1396
f 1399/1399 1396/1396 1397/1397
f 1252/1252 1400/1400 1399/1399
f 1252/1252 1399/1399 1397/1397
f 1249/1249 1250/1250 1252/1252
f 1249/1249 1252/1252 1397/1397
f 1402/1402 1401/1401 1399/1399
f 1402/1402 1399/1399 1400/1400
f 1255/1255 1403/1403 1402/1402
f 1255/1255 1402/1402 1400/1400
f 1252/1252 1253/1253 1255/1255
f 1252/1252 1255/1255 1400/1400
f 1405/1405 1404/1404 1402/1402
f 1405/1405 1402/1402 1403/1403
f 1258/1258 1406/1406 1405/1405
f 1258/1258 1405/1405 1403/1403
f 1255/1255 1256/1256 1258/1258
f 1255/1255 1258/1258 1403/1403
f 1408/1408 1407/1407 1405/1405
f 1408/1408 1405/1405 1406/1406
f 1261/1261 1409/1409 1408/1408
f 1261/1261 1408/1408 1406/1406
f 1258/1258 1259/1259 1261/1261
f 1258/1258 1261/1261 1406/1406
f 1411/1411 1410/1410 1408/1408
f 1411/1411 1408/1408 1409/1409
f 1264/1264 1412/1412 1411/1411
f 1264/1264 1411/1411 1409/1409
f 1261/1261 1262/1262 1264/1264
f 1261/1261 1264/1264 1409/1409
f 1414/1414 1413/1413 1411/1411
f 1414/1414 1411/1411 1412/1412
f 1266/1266 1268/1268 1417/1417
f 1266/1266 1417/1417 1415/1415
f 1419/1419 1418/1418 1416/1416
f 1419/1419 1416/1416 1417/1417
f 1268/1268 1270/1270 1419/1419
f 1268/1268 1419/1419 1417/1417
f 1421/1421 1420/1420 1418/1418
f 1421/1421 1418/1418 1419/1419
f 1270/1270 1272/1272 1421/1421
f 1270/1270 1421/1421 1419/1419
f 1423/1423 1422/1422 1420/1420
f 1423/1423 1420/1420 1421/1421
f 1272/1272 1274/1274 1423/1423
f 1272/1272 1423/1423 1421/1421
f 1425/1425 1424/1424 1422/1422
f 1425/1425 1422/1422 1423/1423
f 1274/1274 1276/1276 1425/1425
f 1274/1274 1425/1425 1423/1423
f 1427/1427 1426/1426 1424/1424
f 1427/1427 1424/1424 1425/1425
f 1276/1276 1278/1278 1427/1427
f 1276/1276 1427/1427 1425/1425
f 1429/1429 1428/1428 1426/1426
f 1429/1429 1426/1426 1427/1427
f 1278/1278 1280/1280 1429/1429
f 1278/1278 1429/1429 1427/1427
f 1431/1431 1430/1430 1428/1428
f 1431/1431 1428/1428 1429/1429
f 1280/1280 1282/1282 1431/1431
f 1280/1280 1431/1431 1429/1429
f 1433/1433 1432/1432 1430/1430
f 1433/1433 1430/1430 1431/1431
f 1282/1282 1284/1284 1433/1433
f 1282/1282 1433/1433 1431/1431
f 1435/1435 1434/1434 1432/1432
f 1435/1435 1432/1432 1433/1433
f 1284/1284 1286/1286 1435/1435
f 1284/1284 1435/1435 1433/1433
f 1437/1437 1436/1436 1434/1434
f 1437/1437 1434/1434 1435/1435
f 1286/1286 1288/1288 1437/1437
f 1286/1286 1437/1437 1435/1435
f 1439/1439 1438/1438 1436/1436
f 1439/1439 1436/1436 1437/1437
f 1288/1288 1290/1290 1439/1439
f 1288/1288 1439/1439 1437/1437
f 1441/1441 1440/1440 1438/1438
f 1441/1441 1438/1438 1439/1439
f 1290/1290 1292/1292 1441/1441
f 1290/1290 1441/1441 1439/1439
f 1443/1443 1442/1442 1440/1440
f 1443/1443 1440/1440 1441/1441
f 1292/1292 1444/1444 1443/1443
f 1292/1292 1443/1443 1441/1441
f 1446/1446 1445/1445 1443/1443
f 1446/1446 1443/1443 1444/1444
f 1295/1295 1447/1447 1446/1446
f 1295/1295 1446/1446 1444/1444
f 1292/1292 1293/1293 1295/1295
f 1292/1292 1295/1295 1444/1444
f 1449/1449 1448/1448 1446/1446
f 1449/1449 1446/1446 1447/1447
f 1298/1298 1450/1450 1449/1449
f 1298/1298 1449/1449 1447/1447
f 1295/1295 1296/1296 1298/1298
f 1295/1295 1298/1298 1447/1447
f 1452/1452 1451/1451 1449/1449
f 1452/1452 1449/1449 1450/1450
f 1301/1301 1453/1453 1452/1452
f 1301/1301 1452/1452 1450/1450
f 1298/1298 1299/1299 1301/1301
f 1298/1298 1301/1301 1450/1450
f 1455/1455 1454/1454 1452/1452
f 1455/1455 1452/1452 1453/1453
f 1304/1304 1456/1456 1455/1455
f 1304/1304 1455/1455 1453/1453
f 1301/1301 1302/1302 1304/1304
f 1301/1301 1304/1304 1453/1453
f 1458/1458 1457/1457 1455/1455
f 1458/1458 1455/1455 1456/1456
f 1307/1307 1459/1459 1458/1458
f 1307/1307 1458/1458 1456/1456
f 1304/1304 1305/1305 1307/1307
f 1304/1304 1307/1307 1456/1456
f 1461/1461 1460/1460 1458/1458
f 1461/1461 1458/1458 1459/1459
f 1310/1310 1462/1462 1461/1461
f 1310/1310 1461/1461 1459/1459
f 1307/1307 1308/1308 1310/1310
f 1307/1307 1310/1310 1459/1459
f 1464/1464 1463/1463 1461/1461
f 1464/1464 1461/1461 1462/1462
f 1313/1313 1465/1465 1464/1464
f 1313/1313 1464/1464 1462/1462
f 1310/1310 1311/1311 1313/1313
f 1310/1310 1313/1313 1462/1462
f 1467/1467 1466/1466 1464/1464
f 1467/1467 1464/1464 1465/1465
f 1316/1316 1468/1468 1467/1467
f 1316/1316 1467/1467 1465/1465
f 1313/1313 1314/1314 1316/1316
f 1313/1313 1316/1316 1465/1465
f 1470/1470 1469/1469 1467/1467
f 1470/1470 1467/1467 1468/1468
f 1319/1319 1471/1471 1470/1470
f 1319/1319 1470/1470 1468/1468
f 1316/1316 1317/1317 1319/1319
f 1316/1316 1319/1319 1468/1468
f 1473/1473 1472/1472 1470/1470
f 1473/1473 1470/1470 1471/1471
f 1322/1322 1474/1474 1473/1473
f 1322/1322 1473/1473 1471/1471
f 1319/1319 1320/1320 1322/1322
f 1319/1319 1322/1322 1471/1471
f 1476/1476 1475/1475 1473/1473
f 1476/1476 1473/1473 1474/1474
f 1325/1325 1477/1477 1476/1476
f 1325/1325 1476/1476 1474/1474
f 1322/1322 1323/1323 1325/1325
f 1322/1322 1325/1325 1474/1474
f 1479/1479 1478/1478 1476/1476
f 1479/1479 1476/1476 1477/1477
f 1328/1328 1480/1480 1479/1479
f 1328/1328 1479/1479 1477/1477
f 1325/1325 1326/1326 1328/1328
f 1325/1325 1328/1328 1477/1477
f 1482/1482 1481/1481 1479/1479
f 1482/1482 1479/1479 1480/1480
f 1331/1331 1483/1483 1482/1482
f 1331/1331 1482/1482 1480/1480
f 1328/1328 1329/1329 1331/1331
f 1328/1328 1331/1331 1480/1480
f 1485/1485 1484/1484 1482/1482
f 1485/1485 1482/1482 1483/1483
f 1487/1487 1486/1486 1485/1485
f 1487/1487 1485/1485 1483/1483
f 1331/1331 1332/1332 1487/1487
f 1331/1331 1487/1487 1483/1483
f 1489/1489 1488/1488 1486/1486
f 1489/1489 1486/1486 1487/1487
f 1332/1332 1333/1333 1489/1489
f 1332/1332 1489/1489 1487/1487
f 1491/1491 1490/1490 1488/1488
f 1491/1491 1488/1488 1489/1489
f 1333/1333 1335/1335 1491/1491
f 1333/1333 1491/1491 1489/1489
f 1493/1493 1492/1492 1490/1490
f 1493/1493 1490/1490 1491/1491
f 1335/1335 1337/1337 1493/1493
f 1335/1335 1493/1493 1491/1491
f 1495/1495 1494/1494 1492/1492
f 1495/1495 1492/1492 1493/1493
f 1337/1337 1339/1339 1495/1495
f 1337/1337 1495/1495 1493/1493
f 1497/1497 1496/1496 1494/1494
f 1497/1497 1494/1494 1495/1495
f 1339/1339 1341/1341 1497/1497
f 1339/1339 1497/1497 1495/1495
f 1499/1499 1498/1498 1496/1496
f 1499/1499 1496/1496 1497/1497
f 1341/1341 1343/1343 1499/1499
f 1341/1341 1499/1499 1497/1497
f 1501/1501 1500/1500 1498/1498
f 1501/1501 1498/1498 1499/1499
f 1343/1343 1345/1345 1501/1501
f 1343/1343 1501/1501 1499/1499
f 1503/1503 1502/1502 1500/1500
f 1503/1503 1500/1500 1501/1501
f 1345/1345 1347/1347 1503/1503
f 1345/1345 1503/1503 1501/1501
f 1505/1505 1504/1504 1502/1502
f 1505/1505 1502/1502 1503/1503
f 1347/1347 1349/1349 1505/1505
f 1347/1347 1505/1505 1503/1503
f 1507/1507 1506/1506 1504/1504
f 1507/1507 1504/1504 1505/1505
f 1349/1349 1351/1351 1507/1507
f 1349/1349 1507/1507 1505/1505
f 1509/1509 1508/1508 1506/1506
f 1509/1509 1506/1506 1507/1507
f 1351/1351 1353/1353 1509/1509
f 1351/1351 1509/1509 1507/1507
f 1511/1511 1510/1510 1508/1508
f 1511/1511 1508/1508 1509/1509
f 1353/1353 1355/1355 1511/1511
f 1353/1353 1511/1511 1509/1509
f 1513/1513 1512/1512 1510/1510
f 1513/1513 1510/1510 1511/1511
f 1355/1355 1357/1357 1513/1513
f 1355/1355 1513/1513 1511/1511
f 1515/1515 1514/1514 1512/1512
f 1515/1515 1512/1512 1513/1513
f 1357/1357 1359/1359 1515/1515
f 1357/1357 1515/1515 1513/1513
f 1517/1517 1516/1516 1514/1514
f 1517/1517 1514/1514 1515/1515
f 1359/1359 1361/1361 1517/1517
f 1359/1359 1517/1517 1515/1515
f 1519/1519 1518/1518 1516/1516
f 1519/1519 1516/1516 1517/1517
f 1361/1361 1363/1363 1519/1519
f 1361/1361 1519/1519 1517/1517
f 1521/1521 1520/1520 1518/1518
f 1521/1521 1518/1518 1519/1519
f 1363/1363 1365/1365 1521/1521
f 1363/1363 1521/1521 1519/1519
f 1523/1523 1522/1522 1520/1520
f 1523/1523 1520/1520 1521/1521
f 1365/1365 1367/1367 1523/1523
f 1365/1365 1523/1523 1521/1521
f 1525/1525 1524/1524 1522/1522
f 1525/1525 1522/1522 1523/1523
f 1367/1367 1369/1369 1525/1525
f 1367/1367 1525/1525 1523/1523
f 1527/1527 1526/1526 1524/1524
f 1527/1527 1524/1524 1525/1525
f 1369/1369 1371/1371 1527/1527
f 1369/1369 1527/1527 1525/1525
f 1376/1376 1528/1528 1526/1526
f 1376/1376 1526/1526 1527/1527
f 1371/1371 1373/1373 1376/1376
f 1371/1371 1376/1376 1527/1527
f 1530/1530 1529/1529 1526/1526
f 1530/1530 1526/1526 1528/1528
f 1379/1379 1531/1531 1530/1530
f 1379/1379 1530/1530 1528/1528
f 1376/1376 1377/1377 1379/1379
f 1376/1376 1379/1379 1528/1528
f 1533/1533 1532/1532 1530/1530
f 1533/1533 1530/1530 1531/1531
f 1535/1535 1534/1534 1533/1533
f 1535/1535 1533/1533 1531/1531
f 1379/1379 1380/1380 1535/1535
f 1379/1379 1535/1535 1531/1531
f 1537/1537 1536/1536 1534/1534
f 1537/1537 1534/1534 1535/1535
f 1380/1380 1381/1381 1537/1537
f 1380/1380 1537/1537 1535/1535
f 1539/1539 1538/1538 1536/1536
f 1539/1539 1536/1536 1537/1537
f 1381/1381 1383/1383 1539/1539
f 1381/1381 1539/1539 1537/1537
f 1541/1541 1540/1540 1538/1538
f 1541/1541 1538/1538 1539/1539
f 1383/1383 1385/1385 1541/1541
f 1383/1383 1541/1541 1539/1539
f 1543/1543 1542/1542 1540/1540
f 1543/1543 1540/1540 1541/1541
f 1385/1385 1387/1387 1543/1543
f 1385/1385 1543/1543 1541/1541
f 1392/1392 1544/1544 1542/1542
f 1392/1392 1542/1542 1543/1543
f 1387/1387 1389/1389 1392/1392
f 1387/1387 1392/1392 1543/1543
f 1546/1546 1545/1545 1542/1542
f 1546/1546 1542/1542 1544/1544
f 1395/1395 1547/1547 1546/1546
f 1395/1395 1546/1546 1544/1544
f 1392/1392 1393/1393 1395/1395
f 1392/1392 1395/1395 1544/1544
f 1549/1549 1548/1548 1546/1546
f 1549/1549 1546/1546 1547/1547
f 1398/1398 1550/1550 1549/1549
f 1398/1398 1549/1549 1547/1547
f 1395/1395 1396/1396 1398/1398
f 1395/1395 1398/1398 1547/1547
f 1552/1552 1551/1551 1549/1549
f 1552/1552 1549/1549 1550/1550
f 1401/1401 1553/1553 1552/1552
f 1401/1401 1552/1552 1550/1550
f 1398/1398 1399/1399 1401/1401
f 1398/1398 1401/1401 1550/1550
f 1555/1555 1554/1554 1552/1552
f 1555/1555 1552/1552 1553/1553
f 1404/1404 1556/1556 1555/1555
f 1404/1404 1555/1555 1553/1553
f 1401/1401 1402/1402 1404/1404
f 1401/1401 1404/1404 1553/1553
f 1558/1558 1557/1557 1555/1555
f 1558/1558 1555/1555 1556/1556
f 1407/1407 1559/1559 1558/1558
f 1407/1407 1558/1558 1556/1556
f 1404/1404 1405/1405 1407/1407
f 1404/1404 1407/1407 1556/1556
f 1561/1561 1560/1560 1558/1558
f 1561/1561 1558/1558 1559/1559
f 1410/1410 1562/1562 1561/1561
f 1410/1410 1561/1561 1559/1559
f 1407/1407 1408/1408 1410/1410
f 1407/1407 1410/1410 1559/1559
f 1564/1564 1563/1563 1561/1561
f 1564/1564 1561/1561 1562/1562
f 1413/1413 1565/1565 1564/1564
f 1413/1413 1564/1564 1562/1562
f 1410/1410 1411/1411 1413/1413
f 1410/1410 1413/1413 1562/1562
f 1567/1567 1566/1566 1564/1564
f 1567/1567 1564/1564 1565/1565
f 1416/1416 1418/1418 1569/1569
f 1571/1571 1570/1570 1568/1568
f 1571/1571 1568/1568 1569/1569
f 1418/1418 1420/1420 1571/1571
f 1418/1418 1571/1571 1569/1569
f 1573/1573 1572/1572 1570/1570
f 1573/1573 1570/1570 1571/1571
f 1420/1420 1422/1422 1573/1573
f 1420/1420 1573/1573 1571/1571
f 1575/1575 1574/1574 1572/1572
f 1575/1575 1572/1572 1573/1573
f 1422/1422 1424/1424 1575/1575
f 1422/1422 1575/1575 1573/1573
f 1577/1577 1576/1576 1574/1574
f 1577/1577 1574/1574 1575/1575
f 1424/1424 1426/1426 1577/1577
f 1424/1424 1577/1577 1575/1575
f 1579/1579 1578/1578 1576/1576
f 1579/1579 1576/1576 1577/1577
f 1426/1426 1428/1428 1579/1579
f 1426/1426 1579/1579 1577/1577
f 1581/1581 1580/1580 1578/1578
f 1581/1581 1578/1578 1579/1579
f 1428/1428 1430/1430 1581/1581
f 1428/1428 1581/1581 1579/1579
f 1583/1583 1582/1582 1580/1580
f 1583/1583 1580/1580 1581/1581
f 1430/1430 1432/1432 1583/1583
f 1430/1430 1583/1583 1581/1581
f 1585/1585 1584/1584 1582/1582
f 1585/1585 1582/1582 1583/1583
f 1432/1432 1434/1434 1585/1585
f 1432/1432 1585/1585 1583/1583
f 1587/1587 1586/1586 1584/1584
f 1587/1587 1584/1584 1585/1585
f 1434/1434 1436/1436 1587/1587
f 1434/1434 1587/1587 1585/1585
f 1589/1589 1588/1588 1586/1586
f 1589/1589 1586/1586 1587/1587
f 1436/1436 1438/1438 1589/1589
f 1436/1436 1589/1589 1587/1587
f 1591/1591 1590/1590 1588/1588
f 1591/1591 1588/1588 1589/1589
f 1438/1438 1440/1440 1591/1591
f 1438/1438 1591/1591 1589/1589
f 1593/1593 1592/1592 1590/1590
f 1593/1593 1590/1590 1591/1591
f 1440/1440 1442/1442 1593/1593
f 1440/1440 1593/1593 1591/1591
f 1595/1595 1594/1594 1592/1592
f 1595/1595 1592/1592 1593/1593
f 1442/1442 1596/1596 1595/1595
f 1442/1442 1595/1595 1593/1593
f 1598/1598 1597/1597 1595/1595
f 1598/1598 1595/1595 1596/1596
f 1445/1445 1599/1599 1598/1598
f 1445/1445 1598/1598 1596/1596
f 1442/1442 1443/1443 1445/1445
f 1442/1442 1445/1445 1596/1596
f 1601/1601 1600/1600 1598/1598
f 1601/1601 1598/1598 1599/1599
f 1448/1448 1602/1602 1601/1601
f 1448/1448 1601/1601 1599/1599
f 1445/1445 1446/1446 1448/1448
f 1445/1445 1448/1448 1599/1599
f 1604/1604 1603/1603 1601/1601
f 1604/1604 1601/1601 1602/1602
f 1451/1451 1605/1605 1604/1604
f 1451/1451 1604/1604 1602/1602
f 1448/1448 1449/1449 1451/1451
f 1448/1448 1451/1451 1602/1602
f 1607/1607 1606/1606 1604/1604
f 1607/1607 1604/1604 1605/1605
f 1454/1454 1608/1608 1607/1607
f 1454/1454 1607/1607 1605/1605
f 1451/1451 1452/1452 1454/1454
f 1451/1451 1454/1454 1605/1605
f 1610/1610 1609/1609 1607/1607
f 1610/1610 1607/1607 1608/1608
f 1457/1457 1611/1611 1610/1610
f 1457/1457 1610/1610 1608/1608
f 1454/1454 1455/1455 1457/1457
f 1454/1454 1457/1457 1608/1608
f 1613/1613 1612/1612 1610/1610
f 1613/1613 1610/1610 1611/1611
f 1460/1460 1614/1614 1613/1613
f 1460/1460 1613/1613 1611/1611
f 1457/1457 1458/1458 1460/1460
f 1457/1457 1460/1460 1611/1611
f 1616/1616 1615/1615 1613/1613
f 1616/1616 1613/1613 1614/1614
f 1463/1463 1617/1617 1616/1616
f 1463/1463 1616/1616 1614/1614
f 1460/1460 1461/1461 1463/1463
f 1460/1460 1463/1463 1614/1614
f 1619/1619 1618/1618 1616/1616
f 1619/1619 1616/1616 1617/1617
f 1466/1466 1620/1620 1619/1619
f 1466/1466 1619/1619 1617/1617
f 1463/1463 1464/1464 1466/1466
f 1463/1463 1466/1466 1617/1617
f 1622/1622 1621/1621 1619/1619
f 1622/1622 1619/1619 1620/1620
f 1469/1469 1623/1623 1622/1622
f 1469/1469 1622/1622 1620/1620
f 1466/1466 1467/1467 1469/1469
f 1466/1466 1469/1469 1620/1620
f 1625/1625 1624/1624 1622/1622
f 1625/1625 1622/1622 1623/1623
f 1472/1472 1626/1626 1625/1625
f 1472/1472 1625/1625 1623/1623
f 1469/1469 1470/1470 1472/1472
f 1469/1469 1472/1472 1623/1623
f 1628/1628 1627/1627 1625/1625
f 1628/1628 1625/1625 1626/1626
f 1475/1475 1629/1629 1628/1628
f 1475/1475 1628/1628 1626/1626
f 1472/1472 1473/1473 1475/1475
f 1472/1472 1475/1475 1626/1626
f 1631/1631 1630/1630 1628/1628
f 1631/1631 1628/1628 1629/1629
f 1478/1478 1632/1632 1631/1631
f 1478/1478 1631/1631 1629/1629
f 1475/1475 1476/1476 1478/1478
f 1475/1475 1478/1478 1629/1629
f 1634/1634 1633/1633 1631/1631
f 1634/1634 1631/1631 1632/1632
f 1481/1481 1635/1635 1634/1634
f 1481/1481 1634/1634 1632/1632
f 1478/1478 1479/1479 1481/1481
f 1478/1478 1481/1481 1632/1632
f 1637/1637 1636/1636 1634/1634
f 1637/1637 1634/1634 1635/1635
f 1484/1484 1638/1638 1637/1637
f 1484/1484 1637/1637 1635/1635
f 1481/1481 1482/1482 1484/1484
f 1481/1481 1484/1484 1635/1635
f 1640/1640 1639/1639 1637/1637
f 1640/1640 1637/1637 1638/1638
f 1642/1642 1641/1641 1640/1640
f 1642/1642 1640/1640 1638/1638
f 1484/1484 1485/1485 1642/1642
f 1484/1484 1642/1642 1638/1638
f 1644/1644 1643/1643 1641/1641
f 1644/1644 1641/1641 1642/1642
f 1485/1485 1486/1486 1644/1644
f 1485/1485 1644/1644 1642/1642
f 1646/1646 1645/1645 1643/1643
f 1646/1646 1643/1643 1644/1644
f 1486/1486 1488/1488 1646/1646
f 1486/1486 1646/1646 1644/1644
f 1648/1648 1647/1647 1645/1645
f 1648/1648 1645/1645 1646/1646
f 1488/1488 1490/1490 1648/1648
f 1488/1488 1648/1648 1646/1646
f 1650/1650 1649/1649 1647/1647
f 1650/1650 1647/1647 1648/1648
f 1490/1490 1492/1492 1650/1650
f 1490/1490 1650/1650 1648/1648
f 1652/1652 1651/1651 1649/1649
f 1652/1652 1649/1649 1650/1650
f 1492/1492 1494/1494 1652/1652
f 1492/1492 1652/1652 1650/1650
f 1654/1654 1653/1653 1651/1651
f 1654/1654 1651/1651 1652/1652
f 1494/1494 1496/1496 1654/1654
f 1494/1494 1654/1654 1652/1652
f 1656/1656 1655/1655 1653/1653
f 1656/1656 1653/1653 1654/1654
f 1496/1496 1498/1498 1656/1656
f 1496/1496 1656/1656 1654/1654
f 1658/1658 1657/1657 1655/1655
f 1658/1658 1655/1655 1656/1656
f 1498/1498 1500/1500 1658/1658
f 1498/1498 1658/1658 1656/1656
f 1660/1660 1659/1659 1657/1657
f 1660/1660 1657/1657 1658/1658
f 1500/1500 1502/1502 1660/1660
f 1500/1500 1660/1660 1658/1658
f 1662/1662 1661/1661 1659/1659
f 1662/1662 1659/1659 1660/1660
f 1502/1502 1504/1504 1662/1662
f 1502/1502 1662/1662 1660/1660
f 1664/1664 1663/1663 1661/1661
f 1664/1664 1661/1661 1662/1662
f 1504/1504 1506/1506 1664/1664
f 1504/1504 1664/1664 1662/1662
f 1666/1666 1665/1665 1663/1663
f 1666/1666 1663/1663 1664/1664
f 1506/1506 1508/1508 1666/1666
f 1506/1506 1666/1666 1664/1664
f 1668/1668 1667/1667 1665/1665
f 1668/1668 1665/1665 1666/1666
f 1508/1508 1510/1510 1668/1668
f 1508/1508 1668/1668 1666/1666
f 1670/1670 1669/1669 1667/1667
f 1670/1670 1667/1667 1668/1668
f 1510/1510 1512/1512 1670/1670
f 1510/1510 1670/1670 1668/1668
f 1672/1672 1671/1671 1669/1669
f 1672/1672 1669/1669 1670/1670
f 1512/1512 1514/1514 1672/1672
f 1512/1512 1672/1672 1670/1670
f 1674/1674 1673/1673 1671/1671
f 1674/1674 1671/1671 1672/1672
f 1514/1514 1516/1516 1674/1674
f 1514/1514 1674/1674 1672/1672
f 1676/1676 1675/1675 1673/1673
f 1676/1676 1673/1673 1674/1674
f 1516/1516 1518/1518 1676/1676
f 1516/1516 1676/1676 1674/1674
f 1678/1678 1677/1677 1675/1675
f 1678/1678 1675/1675 1676/1676
f 1518/1518 1520/1520 1678/1678
f 1518/1518 1678/1678 1676/1676
f 1680/1680 1679/1679 1677/1677
f 1680/1680 1677/1677 1678/1678
f 1520/1520 1522/1522 1680/1680
f 1520/1520 1680/1680 1678/1678
f 1682/1682 1681/1681 1679/1679
f 1682/1682 1679/1679 1680/1680
f 1522/1522 1524/1524 1682/1682
f 1522/1522 1682/1682 1680/1680
f 1529/1529 1683/1683 1681/1681
f 1529/1529 1681/1681 1682/1682
f 1524/1524 1526/1526 1529/1529
f 1524/1524 1529/1529 1682/1682
f 1685/1685 1684/1684 1681/1681
f 1685/1685 1681/1681 1683/1683
f 1532/1532 1686/1686 1685/1685
f 1532/1532 1685/1685 1683/1683
f 1529/1529 1530/1530 1532/1532
f 1529/1529 1532/1532 1683/1683
f 1688/1688 1687/1687 1685/1685
f 1688/1688 1685/1685 1686/1686
f 1690/1690 1689/1689 1688/1688
f 1690/1690 1688/1688 1686/1686
f 1532/1532 1533/1533 1690/1690
f 1532/1532 1690/1690 1686/1686
f 1692/1692 1691/1691 1689/1689
f 1692/1692 1689/1689 1690/1690
f 1533/1533 1534/1534 1692/1692
f 1533/1533 1692/1692 1690/1690
f 1694/1694 1693/1693 1691/1691
f 1694/1694 1691/1691 1692/1692
f 1534/1534 1536/1536 1694/1694
f 1534/1534 1694/1694 1692/1692
f 1696/1696 1695/1695 1693/1693
f 1696/1696 1693/1693 1694/1694
f 1536/1536 1538/1538 1696/1696
f 1536/1536 1696/1696 1694/1694
f 1698/1698 1697/1697 1695/1695
f 1698/1698 1695/1695 1696/1696
f 1538/1538 1540/1540 1698/1698
f 1538/1538 1698/1698 1696/1696
f 1545/1545 1699/1699 1697/1697
f 1545/1545 1697/1697 1698/1698
f 1540/1540 1542/1542 1545/1545
f 1540/1540 1545/1545 1698/1698
f 1701/1701 1700/1700 1697/1697
f 1701/1701 1697/1697 1699/1699
f 1548/1548 1702/1702 1701/1701
f 1548/1548 1701/1701 1699/1699
f 1545/1545 1546/1546 1548/1548
f 1545/1545 1548/1548 1699/1699
f 1704/1704 1703/1703 1701/1701
f 1704/1704 1701/1701 1702/1702
f 1551/1551 1705/1705 1704/1704
f 1551/1551 1704/1704 1702/1702
f 1548/1548 1549/1549 1551/1551
f 1548/1548 1551/1551 1702/1702
f 1707/1707 1706/1706 1704/1704
f 1707/1707 1704/1704 1705/1705
f 1554/1554 1708/1708 1707/1707
f 1554/1554 1707/1707 1705/1705
f 1551/1551 1552/1552 1554/1554
f 1551/1551 1554/1554 1705/1705
f 1710/1710 1709/1709 1707/1707
f 1710/1710 1707/1707 1708/1708
f 1557/1557 1711/1711 1710/1710
f 1557/1557 1710/1710 1708/1708
f 1554/1554 1555/1555 1557/1557
f 1554/1554 1557/1557 1708/1708
f 1713/1713 1712/1712 1710/1710
f 1713/1713 1710/1710 1711/1711
f 1560/1560 1714/1714 1713/1713
f 1560/1560 1713/1713 1711/1711
f 1557/1557 1558/1558 1560/1560
f 1557/1557 1560/1560 1711/1711
f 1716/1716 1715/1715 1713/1713
f 1716/1716 1713/1713 1714/1714
f 1563/1563 1717/1717 1716/1716
f 1563/1563 1716/1716 1714/1714
f 1560/1560 1561/1561 1563/1563
f 1560/1560 1563/1563 1714/1714
f 1719/1719 1718/1718 1716/1716
f 1719/1719 1716/1716 1717/1717
f 1566/1566 1720/1720 1719/1719
f 1566/1566 1719/1719 1717/1717
f 1563/1563 1564/1564 1566/1566
f 1563/1563 1566/1566 1717/1717
f 1722/1722 1721/1721 1719/1719
f 1722/1722 1719/1719 1720/1720
f 1724/1724 1723/1723 1722/1722
f 1724/1724 1722/1722 1720/1720
f 1566/1566 1567/1567 1724/1724
f 1566/1566 1724/1724 1720/1720
f 1568/1568 1570/1570 1725/1725
f 1570/1570 1572/1572 1727/1727
f 1570/1570 1727/1727 1725/1725
f 1729/1729 1728/1728 1726/1726
f 1729/1729 1726/1726 1727/1727
f 1572/1572 1574/1574 1729/1729
f 1572/1572 1729/1729 1727/1727
f 1731/1731 1730/1730 1728/1728
f 1731/1731 1728/1728 1729/1729
f 1574/1574 1576/1576 1731/1731
f 1574/1574 1731/1731 1729/1729
f 1733/1733 1732/1732 1730/1730
f 1733/1733 1730/1730 1731/1731
f 1576/1576 1578/1578 1733/1733
f 1576/1576 1733/1733 1731/1731
f 1735/1735 1734/1734 1732/1732
f 1735/1735 1732/1732 1733/1733
f 1578/1578 1580/1580 1735/1735
f 1578/1578 1735/1735 1733/1733
f 1737/1737 1736/1736 1734/1734
f 1737/1737 1734/1734 1735/1735
f 1580/1580 1582/1582 1737/1737
f 1580/1580 1737/1737 1735/1735
f 1739/1739 1738/1738 1736/1736
f 1739/1739 1736/1736 1737/1737
f 1582/1582 1584/1584 1739/1739
f 1582/1582 1739/1739 1737/1737
f 1741/1741 1740/1740 1738/1738
f 1741/1741 1738/1738 1739/1739
f 1584/1584 1586/1586 1741/1741
f 1584/1584 1741/1741 1739/1739
f 1743/1743 1742/1742 1740/1740
f 1743/1743 1740/1740 1741/1741
f 1586/1586 1588/1588 1743/1743
f 1586/1586 1743/1743 1741/1741
f 1745/1745 1744/1744 1742/1742
f 1745/1745 1742/1742 1743/1743
f 1588/1588 1590/1590 1745/1745
f 1588/1588 1745/1745 1743/1743
f 1747/1747 1746/1746 1744/1744
f 1747/1747 1744/1744 1745/1745
f 1590/1590 1592/1592 1747/1747
f 1590/1590 1747/1747 1745/1745
f 1749/1749 1748/1748 1746/1746
f 1749/1749 1746/1746 1747/1747
f 1592/1592 1594/1594 1749/1749
f 1592/1592 1749/1749 1747/1747
f 1751/1751 1750/1750 1748/1748
f 1751/1751 1748/1748 1749/1749
f 1594/1594 1752/1752 1751/1751
f 1594/1594 1751/1751 1749/1749
f 1754/1754 1753/1753 1751/1751
f 1754/1754 1751/1751 1752/1752
f 1597/1597 1755/1755 1754/1754
f 1597/1597 1754/1754 1752/1752
f 1594/1594 1595/1595 1597/1597
f 1594/1594 1597/1597 1752/1752
f 1757/1757 1756/1756 1754/1754
f 1757/1757 1754/1754 1755/1755
f 1600/1600 1758/1758 1757/1757
f 1600/1600 1757/1757 1755/1755
f 1597/1597 1598/1598 1600/1600
f 1597/1597 1600/1600 1755/1755
f 1760/1760 1759/1759 1757/1757
f 1760/1760 1757/1757 1758/1758
f 1603/1603 1761/1761 1760/1760
f 1603/1603 1760/1760 1758/1758
f 1600/1600 1601/1601 1603/1603
f 1600/1600 1603/1603 1758/1758
f 1763/1763 1762/1762 1760/1760
f 1763/1763 1760/1760 1761/1761
f 1606/1606 1764/1764 1763/1763
f 1606/1606 1763/1763 1761/1761
f 1603/1603 1604/1604 1606/1606
f 1603/1603 1606/1606 1761/1761
f 1766/1766 1765/1765 1763/1763
f 1766/1766 1763/1763 1764/1764
f 1609/1609 1767/1767 1766/1766
f 1609/1609 1766/1766 1764/1764
f 1606/1606 1607/1607 1609/1609
f 1606/1606 1609/1609 1764/1764
f 1769/1769 1768/1768 1766/1766
f 1769/1769 1766/1766 1767/1767
f 1612/1612 1770/1770 1769/1769
f 1612/1612 1769/1769 1767/1767
f 1609/1609 1610/1610 1612/1612
f 1609/1609 1612/1612 1767/1767
f 1772/1772 1771/1771 1769/1769
f 1772/1772 1769/1769 1770/1770
f 1615/1615 1773/1773 1772/1772
f 1615/1615 1772/1772 1770/1770
f 1612/1612 1613/1613 1615/1615
f 1612/1612 1615/1615 1770/1770
f 1775/1775 1774/1774 1772/1772
f 1775/1775 1772/1772 1773/1773
f 1618/1618 1776/1776 1775/1775
f 1618/1618 1775/1775 1773/1773
f 1615/1615 1616/1616 1618/1618
f 1615/1615 1618/1618 1773/1773
f 1778/1778 1777/1777 1775/1775
f 1778/1778 1775/1775 1776/1776
f 1621/1621 1779/1779 1778/1778
f 1621/1621 1778/1778 1776/1776
f 1618/1618 1619/1619 1621/1621
f 1618/1618 1621/1621 1776/1776
f 1781/1781 1780/1780 1778/1778
f 1781/1781 1778/1778 1779/1779
f 1624/1624 1782/1782 1781/1781
f 1624/1624 1781/1781 1779/1779
f 1621/1621 1622/1622 1624/1624
f 1621/1621 1624/1624 1779/1779
f 1784/1784 1783/1783 1781/1781
f 1784/1784 1781/1781 1782/1782
f 1627/1627 1785/1785 1784/1784
f 1627/1627 1784/1784 1782/1782
f 1624/1624 1625/1625 1627/1627
f 1624/1624 1627/1627 1782/1782
f 1787/1787 1786/1786 1784/1784
f 1787/1787 1784/1784 1785/1785
f 1630/1630 1788/1788 1787/1787
f 1630/1630 1787/1787 1785/1785
f 1627/1627 1628/1628 1630/1630
f 1627/1627 1630/1630 1785/1785
f 1790/1790 1789/1789 1787/1787
f 1790/1790 1787/1787 1788/1788
f 1633/1633 1791/1791 1790/1790
f 1633/1633 1790/1790 1788/1788
f 1630/1630 1631/1631 1633/1633
f 1630/1630 1633/1633 1788/1788
f 1793/1793 1792/1792 1790/1790
f 1793/1793 1790/1790 1791/1791
f 1636/1636 1794/1794 1793/1793
f 1636/1636 1793/1793 1791/1791
f 1633/1633 1634/1634 1636/1636
f 1633/1633 1636/1636 1791/1791
f 1796/1796 1795/1795 1793/1793
f 1796/1796 1793/1793 1794/1794
f 1639/1639 1797/1797 1796/1796
f 1639/1639 1796/1796 1794/1794
f 1636/1636 1637/1637 1639/1639
f 1636/1636 1639/1639 1794/1794
f 1799/1799 1798/1798 1796/1796
f 1799/1799 1796/1796 1797/1797
f 1801/1801 1800/1800 1799/1799
f 1801/1801 1799/1799 1797/1797
f 1639/1639 1640/1640 1801/1801
f 1639/1639 1801/1801 1797/1797
f 1803/1803 1802/1802 1800/1800
f 1803/1803 1800/1800 1801/1801
f 1640/1640 1641/1641 1803/1803
f 1640/1640 1803/1803 1801/1801
f 1805/1805 1804/1804 1802/1802
f 1805/1805 1802/1802 1803/1803
f 1641/1641 1643/1643 1805/1805
f 1641/1641 1805/1805 1803/1803
f 1807/1807 1806/1806 1804/1804
f 1807/1807 1804/1804 1805/1805
f 1643/1643 1645/1645 1807/1807
f 1643/1643 1807/1807 1805/1805
f 1809/1809 1808/1808 1806/1806
f 1809/1809 1806/1806 1807/1807
f 1645/1645 1647/1647 1809/1809
f 1645/1645 1809/1809 1807/1807
f 1811/1811 1810/1810 1808/1808
f 1811/1811 1808/1808 1809/1809
f 1647/1647 1649/1649 1811/1811
f 1647/1647 1811/1811 1809/1809
f 1813/1813 1812/1812 1810/1810
f 1813/1813 1810/1810 1811/1811
f 1649/1649 1651/1651 1813/1813
f 1649/1649 1813/1813 1811/1811
f 1815/1815 1814/1814 1812/1812
f 1815/1815 1812/1812 1813/1813
f 1651/1651 1653/1653 1815/1815
f 1651/1651 1815/1815 1813/1813
f 1817/1817 1816/1816 1814/1814
f 1817/1817 1814/1814 1815/1815
f 1653/1653 1655/1655 1817/1817
f 1653/1653 1817/1817 1815/1815
f 1819/1819 1818/1818 1816/1816
f 1819/1819 1816/1816 1817/1817
f 1655/1655 1657/1657 1819/1819
f 1655/1655 1819/1819 1817/1817
f 1821/1821 1820/1820 1818/1818
f 1821/1821 1818/1818 1819/1819
f 1657/1657 1659/1659 1821/1821
f 1657/1657 1821/1821 1819/1819
f 1823/1823 1822/1822 1820/1820
f 1823/1823 1820/1820 1821/1821
f 1659/1659 1661/1661 1823/1823
f 1659/1659 1823/1823 1821/1821
f 1825/1825 1824/1824 1822/1822
f 1825/1825 1822/1822 1823/1823
f 1661/1661 1663/1663 1825/1825
f 1661/1661 1825/1825 1823/1823
f 1827/1827 1826/1826 1824/1824
f 1827/1827 1824/1824 1825/1825
f 1663/1663 1665/1665 1827/1827
f 1663/1663 1827/1827 1825/1825
f 1829/1829 1828/1828 1826/1826
f 1829/1829 1826/1826 1827/1827
f 1665/1665 1667/1667 1829/1829
f 1665/1665 1829/1829 1827/1827
f 1831/1831 1830/1830 1828/1828
f 1831/1831 1828/1828 1829/1829
f 1667/1667 1669/1669 1831/1831
f 1667/1667 1831/1831 1829/1829
f 1833/1833 1832/1832 1830/1830
f 1833/1833 1830/1830 1831/1831
f 1669/1669 1671/1671 1833/1833
f 1669/1669 1833/1833 1831/1831
f 1835/1835 1834/1834 1832/1832
f 1835/1835 1832/1832 1833/1833
f 1671/1671 1673/1673 1835/1835
f 1671/1671 1835/1835 1833/1833
f 1837/1837 1836/1836 1834/1834
f 1837/1837 1834/1834 1835/1835
f 1673/1673 1675/1675 1837/1837
f 1673/1673 1837/1837 1835/1835
f 1839/1839 1838/1838 1836/1836
f 1839/1839 1836/1836 1837/1837
f 1675/1675 1677/1677 1839/1839
f 1675/1675 1839/1839 1837/1837
f 1841/1841 1840/1840 1838/1838
f 1841/1841 1838/1838 1839/1839
f 1677/1677 1679/1679 1841/1841
f 1677/1677 1841/1841 1839/1839
f 1684/1684 1842/1842 1840/1840
f 1684/1684 1840/1840 1841/1841
f 1679/1679 1681/1681 1684/1684
f 1679/1679 1684/1684 1841/1841
f 1844/1844 1843/1843 1840/1840
f 1844/1844 1840/1840 1842/1842
f 1687/1687 1845/1845 1844/1844
f 1687/1687 1844/1844 1842/1842
f 1684/1684 1685/1685 1687/1687
f 1684/1684 1687/1687 1842/1842
f 1847/1847 1846/1846 1844/1844
f 1847/1847 1844/1844 1845/1845
f 1849/1849 1848/1848 1847/1847
f 1849/1849 1847/1847 1845/1845
f 1687/1687 1688/1688 1849/1849
f 1687/1687 1849/1849 1845/1845
f 1851/1851 1850/1850 1848/1848
f 1851/1851 1848/1848 1849/1849
f 1688/1688 1689/1689 1851/1851
f 1688/1688 1851/1851 1849/1849
f 1853/1853 1852/1852 1850/1850
f 1853/1853 1850/1850 1851/1851
f 1689/1689 1691/1691 1853/1853
f 1689/1689 1853/1853 1851/1851
f 1855/1855 1854/1854 1852/1852
f 1855/1855 1852/1852 1853/1853
f 1691/1691 1693/1693 1855/1855
f 1691/1691 1855/1855 1853/1853
f 1857/1857 1856/1856 1854/1854
f 1857/1857 1854/1854 1855/1855
f 1693/1693 1695/1695 1857/1857
f 1693/1693 1857/1857 1855/1855
f 1700/1700 1858/1858 1856/1856
f 1700/1700 1856/1856 1857/1857
f 1695/1695 1697/1697 1700/1700
f 1695/1695 1700/1700 1857/1857
f 1860/1860 1859/1859 1856/1856
f 1860/1860 1856/1856 1858/1858
f 1703/1703 1861/1861 1860/1860
f 1703/1703 1860/1860 1858/1858
f 1700/1700 1701/1701 1703/1703
f 1700/1700 1703/1703 1858/1858
f 1863/1863 1862/1862 1860/1860
f 1863/1863 1860/1860 1861/1861
f 1706/1706 1864/1864 1863/1863
f 1706/1706 1863/1863 1861/1861
f 1703/1703 1704/1704 1706/1706
f 1703/1703 1706/1706 1861/1861
f 1866/1866 1865/1865 1863/1863
f 1866/1866 1863/1863 1864/1864
f 1709/1709 1867/1867 1866/1866
f 1709/1709 1866/1866 1864/1864
f 1706/1706 1707/1707 1709/1709
f 1706/1706 1709/1709 1864/1864
f 1869/1869 1868/1868 1866/1866
f 1869/1869 1866/1866 1867/1867
f 1712/1712 1870/1870 1869/1869
f 1712/1712 1869/1869 1867/1867
f 1709/1709 1710/1710 1712/1712
f 1709/1709 1712/1712 1867/1867
f 1872/1872 1871/1871 1869/1869
f 1872/1872 1869/1869 1870/1870
f 1715/1715 1873/1873 1872/1872
f 1715/1715 1872/1872 1870/1870
f 1712/1712 1713/1713 1715/1715
f 1712/1712 1715/1715 1870/1870
f 1875/1875 1874/1874 1872/1872
f 1875/1875 1872/1872 1873/1873
f 1718/1718 1876/1876 1875/1875
f 1718/1718 1875/1875 1873/1873
f 1715/1715 1716/1716 1718/1718
f 1715/1715 1718/1718 1873/1873
f 1878/1878 1877/1877 1875/1875
f 1878/1878 1875/1875 1876/1876
f 1721/1721 1879/1879 1878/1878
f 1721/1721 1878/1878 1876/1876
f 1718/1718 1719/1719 1721/1721
f 1718/1718 1721/1721 1876/1876
f 1881/1881 1880/1880 1878/1878
f 1881/1881 1878/1878 1879/1879
f 1883/1883 1882/1882 1881/1881
f 1883/1883 1881/1881 1879/1879
f 1721/1721 1722/1722 1883/1883
f 1721/1721 1883/1883 1879/1879
f 1726/1726 1728/1728 1886/1886
f 1726/1726 1886/1886 1884/1884
f 1888/1888 1887/1887 1885/1885
f 1888/1888 1885/1885 1886/1886
f 1728/1728 1730/1730 1888/1888
f 1728/1728 1888/1888 1886/1886
f 1890/1890 1889/1889 1887/1887
f 1890/1890 1887/1887 1888/1888
f 1730/1730 1732/1732 1890/1890
f 1730/1730 1890/1890 1888/1888
f 1892/1892 1891/1891 1889/1889
f 1892/1892 1889/1889 1890/1890
f 1732/1732 1734/1734 1892/1892
f 1732/1732 1892/1892 1890/1890
f 1894/1894 1893/1893 1891/1891
f 1894/1894 1891/1891 1892/1892
f 1734/1734 1736/1736 1894/1894
f 1734/1734 1894/1894 1892/1892
f 1896/1896 1895/1895 1893/1893
f 1896/1896 1893/1893 1894/1894
f 1736/1736 1738/1738 1896/1896
f 1736/1736 1896/1896 1894/1894
f 1898/1898 1897/1897 1895/1895
f 1898/1898 1895/1895 1896/1896
f 1738/1738 1740/1740 1898/1898
f 1738/1738 1898/1898 1896/1896
f 1900/1900 1899/1899 1897/1897
f 1900/1900 1897/1897 1898/1898
f 1740/1740 1742/1742 1900/1900
f 1740/1740 1900/1900 1898/1898
f 1902/1902 1901/1901 1899/1899
f 1902/1902 1899/1899 1900/1900
f 1742/1742 1744/1744 1902/1902
f 1742/1742 1902/1902 1900/1900
f 1904/1904 1903/1903 1901/1901
f 1904/1904 1901/1901 1902/1902
f 1744/1744 1746/1746 1904/1904
f 1744/1744 1904/1904 1902/1902
f 1906/1906 1905/1905 1903/1903
f 1906/1906 1903/1903 1904/1904
f 1746/1746 1748/1748 1906/1906
f 1746/1746 1906/1906 1904/1904
f 1908/1908 1907/1907 1905/1905
f 1908/1908 1905/1905 1906/1906
f 1748/1748 1750/1750 1908/1908
f 1748/1748 1908/1908 1906/1906
f 1910/1910 1909/1909 1907/1907
f 1910/1910 1907/1907 1908/1908
f 1750/1750 1911/1911 1910/1910
f 1750/1750 1910/1910 1908/1908
f 1913/1913 1912/1912 1910/1910
f 1913/1913 1910/1910 1911/1911
f 1753/1753 1914/1914 1913/1913
f 1753/1753 1913/1913 1911/1911
f 1750/1750 1751/1751 1753/1753
f 1750/1750 1753/1753 1911/1911
f 1916/1916 1915/1915 1913/1913
f 1916/1916 1913/1913 1914/1914
f 1756/1756 1917/1917 1916/1916
f 1756/1756 1916/1916 1914/1914
f 1753/1753 1754/1754 1756/1756
f 1753/1753 1756/1756 1914/1914
f 1919/1919 1918/1918 1916/1916
f 1919/1919 1916/1916 1917/1917
f 1759/1759 1920/1920 1919/1919
f 1759/1759 1919/1919 1917/1917
f 1756/1756 1757/1757 1759/1759
f 1756/1756 1759/1759 1917/1917
f 1922/1922 1921/1921 1919/1919
f 1922/1922 1919/1919 1920/1920
f 1762/1762 1923/1923 1922/1922
f 1762/1762 1922/1922 1920/1920
f 1759/1759 1760/1760 1762/1762
f 1759/1759 1762/1762 1920/1920
f 1925/1925 1924/1924 1922/1922
f 1925/1925 1922/1922 1923/1923
f 1765/1765 1926/1926 1925/1925
f 1765/1765 1925/1925 1923/1923
f 1762/1762 1763/1763 1765/1765
f 1762/1762 1765/1765 1923/1923
f 1928/1928 1927/1927 1925/1925
f 1928/1928 1925/1925 1926/1926
f 1768/1768 1929/1929 1928/1928
f 1768/1768 1928/1928 1926/1926
f 1765/1765 1766/1766 1768/1768
f 1765/1765 1768/1768 1926/1926
f 1931/1931 1930/1930 1928/1928
f 1931/1931 1928/1928 1929/1929
f 1771/1771 1932/1932 1931/1931
f 1771/1771 1931/1931 1929/1929
f 1768/1768 1769/1769 1771/1771
f 1768/1768 1771/1771 1929/1929
f 1934/1934 1933/1933 1931/1931
f 1934/1934 1931/1931 1932/1932
f 1774/1774 1935/1935 1934/1934
f 1774/1774 1934/1934 1932/1932
f 1771/1771 1772/1772 1774/1774
f 1771/1771 1774/1774 1932/1932
f 1937/1937 1936/1936 1934/1934
f 1937/1937 1934/1934 1935/1935
f 1777/1777 1938/1938 1937/1937
f 1777/1777 1937/1937 1935/1935
f 1774/1774 1775/1775 1777/1777
f 1774/1774 1777/1777 1935/1935
f 1940/1940 1939/1939 1937/1937
f 1940/1940 1937/1937 1938/1938
f 1780/1780 1941/1941 1940/1940
f 1780/1780 1940/1940 1938/1938
f 1777/1777 1778/1778 1780/1780
f 1777/1777 1780/1780 1938/1938
f 1943/1943 1942/1942 1940/1940
f 1943/1943 1940/1940 1941/1941
f 1783/1783 1944/1944 1943/1943
f 1783/1783 1943/1943 1941/1941
f 1780/1780 1781/1781 1783/1783
f 1780/1780 1783/1783 1941/1941
f 1946/1946 1945/1945 1943/1943
f 1946/1946 1943/1943 1944/1944
f 1786/1786 1947/1947 1946/1946
f 1786/1786 1946/1946 1944/1944
f 1783/1783 1784/1784 1786/1786
f 1783/1783 1786/1786 1944/1944
f 1949/1949 1948/1948 1946/1946
f 1949/1949 1946/1946 1947/1947
f 1789/1789 1950/1950 1949/1949
f 1789/1789 1949/1949 1947/1947
f 1786/1786 1787/1787 1789/1789
f 1786/1786 1789/1789 1947/1947
f 1952/1952 1951/1951 1949/1949
f 1952/1952 1949/1949 1950/1950
f 1792/1792 1953/1953 1952/1952
f 1792/1792 1952/1952 1950/1950
f 1789/1789 1790/1790 1792/1792
f 1789/1789 1792/1792 1950/1950
f 1955/1955 1954/1954 1952/1952
f 1955/1955 1952/1952 1953/1953
f 1795/1795 1956/1956 1955/1955
f 1795/1795 1955/1955 1953/1953
f 1792/1792 1793/1793 1795/1795
f 1792/1792 1795/1795 1953/1953
f 1958/1958 1957/1957 1955/1955
f 1958/1958 1955/1955 1956/1956
f 1798/1798 1959/1959 1958/1958
f 1798/1798 1958/1958 1956/1956
f 1795/1795 1796/1796 1798/1798
f 1795/1795 1798/1798 1956/1956
f 1961/1961 1960/1960 1958/1958
f 1961/1961 1958/1958 1959/1959
f 1963/1963 1962/1962 1961/1961
f 1963/1963 1961/1961 1959/1959
f 1798/1798 1799/1799 1963/1963
f 1798/1798 1963/1963 1959/1959
f 1965/1965 1964/1964 1962/1962
f 1965/1965 1962/1962 1963/1963
f 1799/1799 1800/1800 1965/1965
f 1799/1799 1965/1965 1963/1963
f 1967/1967 1966/1966 1964/1964
f 1967/1967 1964/1964 1965/1965
f 1800/1800 1802/1802 1967/1967
f 1800/1800 1967/1967 1965/1965
f 1969/1969 1968/1968 1966/1966
f 1969/1969 1966/1966 1967/1967
f 1802/1802 1804/1804 1969/1969
f 1802/1802 1969/1969 1967/1967
f 1971/1971 1970/1970 1968/1968
f 1971/1971 1968/1968 1969/1969
f 1804/1804 1806/1806 1971/1971
f 1804/1804 1971/1971 1969/1969
f 1973/1973 1972/1972 1970/1970
f 1973/1973 1970/1970 1971/1971
f 1806/1806 1808/1808 1973/1973
f 1806/1806 1973/1973 1971/1971
f 1975/1975 1974/1974 1972/1972
f 1975/1975 1972/1972 1973/1973
f 1808/1808 1810/1810 1975/1975
f 1808/1808 1975/1975 1973/1973
f 1977/1977 1976/1976 1974/1974
f 1977/1977 1974/1974 1975/1975
f 1810/1810 1812/1812 1977/1977
f 1810/1810 1977/1977 1975/1975
f 1979/1979 1978/1978 1976/1976
f 1979/1979 1976/1976 1977/1977
f 1812/1812 1814/1814 1979/1979
f 1812/1812 1979/1979 1977/1977
f 1981/1981 1980/1980 1978/1978
f 1981/1981 1978/1978 1979/1979
f 1814/1814 1816/1816 1981/1981
f 1814/1814 1981/1981 1979/1979
f 1983/1983 1982/1982 1980/1980
f 1983/1983 1980/1980 1981/1981
f 1816/1816 1818/1818 1983/1983
f 1816/1816 1983/1983 1981/1981
f 1985/1985 1984/1984 1982/1982
f 1985/1985 1982/1982 1983/1983
f 1818/1818 1820/1820 1985/1985
f 1818/1818 1985/1985 1983/1983
f 1987/1987 1986/1986 1984/1984
f 1987/1987 1984/1984 1985/1985
f 1820/1820 1822/1822 1987/1987
f 1820/1820 1987/1987 1985/1985
f 1989/1989 1988/1988 1986/1986
f 1989/1989 1986/1986 1987/1987
f 1822/1822 1824/1824 1989/1989
f 1822/1822 1989/1989 1987/1987
f 1991/1991 1990/1990 1988/1988
f 1991/1991 1988/1988 1989/1989
f 1824/1824 1826/1826 1991/1991
f 1824/1824 1991/1991 1989/1989
f 1993/1993 1992/1992 1990/1990
f 1993/1993 1990/1990 1991/1991
f 1826/1826 1828/1828 1993/1993
f 1826/1826 1993/1993 1991/1991
f 1995/1995 1994/1994 1992/1992
f 1995/1995 1992/1992 1993/1993
f 1828/1828 1830/1830 1995/1995
f 1828/1828 1995/1995 1993/1993
f 1997/1997 1996/1996 1994/1994
f 1997/1997 1994/1994 1995/1995
f 1830/1830 1832/1832 1997/1997
f 1830/1830 1997/1997 1995/1995
f 1999/1999 1998/1998 1996/1996
f 1999/1999 1996/1996 1997/1997
f 1832/1832 1834/1834 1999/1999
f 1832/1832 1999/1999 1997/1997
f 2001/2001 2000/2000 1998/1998
f 2001/2001 1998/1998 1999/1999
f 1834/1834 1836/1836 2001/2001
f 1834/1834 2001/2001 1999/1999
f 2003/2003 2002/2002 2000/2000
f 2003/2003 2000/2000 2001/2001
f 1836/1836 1838/1838 2003/2003
f 1836/1836 2003/2003 2001/2001
f 1843/1843 2004/2004 2002/2002
f 1843/1843 2002/2002 2003/2003
f 1838/1838 1840/1840 1843/1843
f 1838/1838 1843/1843 2003/2003
f 2006/2006 2005/2005 2002/2002
f 2006/2006 2002/2002 2004/2004
f 1846/1846 2007/2007 2006/2006
f 1846/1846 2006/2006 2004/2004
f 1843/1843 1844/1844 1846/1846
f 1843/1843 1846/1846 2004/2004
f 2009/2009 2008/2008 2006/2006
f 2009/2009 2006/2006 2007/2007
f 2011/2011 2010/2010 2009/2009
f 2011/2011 2009/2009 2007/2007
f 1846/1846 1847/1847 2011/2011
f 1846/1846 2011/2011 2007/2007
f 2013/2013 2012/2012 2010/2010
f 2013/2013 2010/2010 2011/2011
f 1847/1847 1848/1848 2013/2013
f 1847/1847 2013/2013 2011/2011
f 2015/2015 2014/2014 2012/2012
f 2015/2015 2012/2012 2013/2013
f 1848/1848 1850/1850 2015/2015
f 1848/1848 2015/2015 2013/2013
f 2017/2017 2016/2016 2014/2014
f 2017/2017 2014/2014 2015/2015
f 1850/1850 1852/1852 2017/2017
f 1850/1850 2017/2017 2015/2015
f 2019/2019 2018/2018 2016/2016
f 2019/2019 2016/2016 2017/2017
f 1852/1852 1854/1854 2019/2019
f 1852/1852 2019/2019 2017/2017
f 1859/1859 2020/2020 2018/2018
f 1859/1859 2018/2018 2019/2019
f 1854/1854 1856/1856 1859/1859
f 1854/1854 1859/1859 2019/2019
f 2022/2022 2021/2021 2018/2018
f 2022/2022 2018/2018 2020/2020
f 1862/1862 2023/2023 2022/2022
f 1862/1862 2022/2022 2020/2020
f 1859/1859 1860/1860 1862/1862
f 1859/1859 1862/1862 2020/2020
f 2025/2025 2024/2024 2022/2022
f 2025/2025 2022/2022 2023/2023
f 1865/1865 2026/2026 2025/2025
f 1865/1865 2025/2025 2023/2023
f 1862/1862 1863/1863 1865/1865
f 1862/1862 1865/1865 2023/2023
f 2028/2028 2027/2027 2025/2025
f 2028/2028 2025/2025 2026/2026
f 1868/1868 2029/2029 2028/2028
f 1868/1868 2028/2028 2026/2026
f 1865/1865 1866/1866 1868/1868
f 1865/1865 1868/1868 2026/2026
f 2031/2031 2030/2030 2028/2028
f 2031/2031 2028/2028 2029/2029
f 1871/1871 2032/2032 2031/2031
f 1871/1871 2031/2031 2029/2029
f 1868/1868 1869/1869 1871/1871
f 1868/1868 1871/1871 2029/2029
f 2034/2034 2033/2033 2031/2031
f 2034/2034 2031/2031 2032/2032
f 1874/1874 2035/2035 2034/2034
f 1874/1874 2034/2034 2032/2032
f 1871/1871 1872/1872 1874/1874
f 1871/1871 1874/1874 2032/2032
f 2037/2037 2036/2036 2034/2034
f 2037/2037 2034/2034 2035/2035
f 1877/1877 2038/2038 2037/2037
f 1877/1877 2037/2037 2035/2035
f 1874/1874 1875/1875 1877/1877
f 1874/1874 1877/1877 2035/2035
f 2040/2040 2039/2039 2037/2037
f 2040/2040 2037/2037 2038/2038
f 1880/1880 2041/2041 2040/2040
f 1880/1880 2040/2040 2038/2038
f 1877/1877 1878/1878 1880/1880
f 1877/1877 1880/1880 2038/2038
f 2043/2043 2042/2042 2040/2040
f 2043/2043 2040/2040 2041/2041
f 2045/2045 2044/2044 2043/2043
f 2045/2045 2043/2043 2041/2041
f 1880/1880 1881/1881 2045/2045
f 1880/1880 2045/2045 2041/2041
f 2047/2047 2046/2046 2044/2044
f 2047/2047 2044/2044 2045/2045
f 1881/1881 1882/1882 2047/2047
f 1881/1881 2047/2047 2045/2045
f 1885/1885 1887/1887 2049/2049
f 2051/2051 2050/2050 2048/2048
f 2051/2051 2048/2048 2049/2049
f 1887/1887 1889/1889 2051/2051
f 1887/1887 2051/2051 2049/2049
f 2053/2053 2052/2052 2050/2050
f 2053/2053 2050/2050 2051/2051
f 1889/1889 1891/1891 2053/2053
f 1889/1889 2053/2053 2051/2051
f 2055/2055 2054/2054 2052/2052
f 2055/2055 2052/2052 2053/2053
f 1891/1891 1893/1893 2055/2055
f 1891/1891 2055/2055 2053/2053
f 2057/2057 2056/2056 2054/2054
f 2057/2057 2054/2054 2055/2055
f 1893/1893 1895/1895 2057/2057
f 1893/1893 2057/2057 2055/2055
f 2059/2059 2058/2058 2056/2056
f 2059/2059 2056/2056 2057/2057
f 1895/1895 1897/1897 2059/2059
f 1895/1895 2059/2059 2057/2057
f 2061/2061 2060/2060 2058/2058
f 2061/2061 2058/2058 2059/2059
f 1897/1897 1899/1899 2061/2061
f 1897/1897 2061/2061 2059/2059
f 2063/2063 2062/2062 2060/2060
f 2063/2063 2060/2060 2061/2061
f 1899/1899 1901/1901 2063/2063
f 1899/1899 2063/2063 2061/2061
f 2065/2065 2064/2064 2062/2062
f 2065/2065 2062/2062 2063/2063
f 1901/1901 1903/1903 2065/2065
f 1901/1901 2065/2065 2063/2063
f 2067/2067 2066/2066 2064/2064
f 2067/2067 2064/2064 2065/2065
f 1903/1903 1905/1905 2067/2067
f 1903/1903 2067/2067 2065/2065
f 2069/2069 2068/2068 2066/2066
f 2069/2069 2066/2066 2067/2067
f 1905/1905 1907/1907 2069/2069
f 1905/1905 2069/2069 2067/2067
f 2071/2071 2070/2070 2068/2068
f 2071/2071 2068/2068 2069/2069
f 1907/1907 1909/1909 2071/2071
f 1907/1907 2071/2071 2069/2069
f 2073/2073 2072/2072 2070/2070
f 2073/2073 2070/2070 2071/2071
f 1909/1909 2074/2074 2073/2073
f 1909/1909 2073/2073 2071/2071
f 2076/2076 2075/2075 2073/2073
f 2076/2076 2073/2073 2074/2074
f 1912/1912 2077/2077 2076/2076
f 1912/1912 2076/2076 2074/2074
f 1909/1909 1910/1910 1912/1912
f 1909/1909 1912/1912 2074/2074
f 2079/2079 2078/2078 2076/2076
f 2079/2079 2076/2076 2077/2077
f 1915/1915 2080/2080 2079/2079
f 1915/1915 2079/2079 2077/2077
f 1912/1912 1913/1913 1915/1915
f 1912/1912 1915/1915 2077/2077
f 2082/2082 2081/2081 2079/2079
f 2082/2082 2079/2079 2080/2080
f 1918/1918 2083/2083 2082/2082
f 1918/1918 2082/2082 2080/2080
f 1915/1915 1916/1916 1918/1918
f 1915/1915 1918/1918 2080/2080
f 2085/2085 2084/2084 2082/2082
f 2085/2085 2082/2082 2083/2083
f 1921/1921 2086/2086 2085/2085
f 1921/1921 2085/2085 2083/2083
f 1918/1918 1919/1919 1921/1921
f 1918/1918 1921/1921 2083/2083
f 2088/2088 2087/2087 2085/2085
f 2088/2088 2085/2085 2086/2086
f 1924/1924 2089/2089 2088/2088
f 1924/1924 2088/2088 2086/2086
f 1921/1921 1922/1922 1924/1924
f 1921/1921 1924/1924 2086/2086
f 2091/2091 2090/2090 2088/2088
f 2091/2091 2088/2088 2089/2089
f 1927/1927 2092/2092 2091/2091
f 1927/1927 2091/2091 2089/2089
f 1924/1924 1925/1925 1927/1927
f 1924/1924 1927/1927 2089/2089
f 2094/2094 2093/2093 2091/2091
f 2094/2094 2091/2091 2092/2092
f 1930/1930 2095/2095 2094/2094
f 1930/1930 2094/2094 2092/2092
f 1927/1927 1928/1928 1930/1930
f 1927/1927 1930/1930 2092/2092
f 2097/2097 2096/2096 2094/2094
f 2097/2097 2094/2094 2095/2095
f 1933/1933 2098/2098 2097/2097
f 1933/1933 2097/2097 2095/2095
f 1930/1930 1931/1931 1933/1933
f 1930/1930 1933/1933 2095/2095
f 2100/2100 2099/2099 2097/2097
f 2100/2100 2097/2097 2098/2098
f 1936/1936 2101/2101 2100/2100
f 1936/1936 2100/2100 2098/2098
f 1933/1933 1934/1934 1936/1936
f 1933/1933 1936/1936 2098/2098
f 2103/2103 2102/2102 2100/2100
f 2103/2103 2100/2100 2101/2101
f 1939/1939 2104/2104 2103/2103
f 1939/1939 2103/2103 2101/2101
f 1936/1936 1937/1937 1939/1939
f 1936/1936 1939/1939 2101/2101
f 2106/2106 2105/2105 2103/2103
f 2106/2106 2103/2103 2104/2104
f 1942/1942 2107/2107 2106/2106
f 1942/1942 2106/2106 2104/2104
f 1939/1939 1940/1940 1942/1942
f 1939/1939 1942/1942 2104/2104
f 2109/2109 2108/2108 2106/2106
f 2109/2109 2106/2106 2107/2107
f 1945/1945 2110/2110 2109/2109
f 1945/1945 2109/2109 2107/2107
f 1942/1942 1943/1943 1945/1945
f 1942/1942 1945/1945 2107/2107
f 2112/2112 2111/2111 2109/2109
f 2112/2112 2109/2109 2110/2110
f 1948/1948 2113/2113 2112/2112
f 1948/1948 2112/2112 2110/2110
f 1945/1945 1946/1946 1948/1948
f 1945/1945 1948/1948 2110/2110
f 2115/2115 2114/2114 2112/2112
f 2115/2115 2112/2112 2113/2113
f 1951/1951 2116/2116 2115/2115
f 1951/1951 2115/2115 2113/2113
f 1948/1948 1949/1949 1951/1951
f 1948/1948 1951/1951 2113/2113
f 2118/2118 2117/2117 2115/2115
f 2118/2118 2115/2115 2116/2116
f 1954/1954 2119/2119 2118/2118
f 1954/1954 2118/2118 2116/2116
f 1951/1951 1952/1952 1954/1954
f 1951/1951 1954/1954 2116/2116
f 2121/2121 2120/2120 2118/2118
f 2121/2121 2118/2118 2119/2119
f 1957/1957 2122/2122 2121/2121
f 1957/1957 2121/2121 2119/2119
f 1954/1954 1955/1955 1957/1957
f 1954/1954 1957/1957 2119/2119
f 2124/2124 2123/2123 2121/2121
f 2124/2124 2121/2121 2122/2122
f 1960/1960 2125/2125 2124/2124
f 1960/1960 2124/2124 2122/2122
f 1957/1957 1958/1958 1960/1960
f 1957/1957 1960/1960 2122/2122
f 2127/2127 2126/2126 2124/2124
f 2127/2127 2124/2124 2125/2125
f 2129/2129 2128/2128 2127/2127
f 2129/2129 2127/2127 2125/2125
f 1960/1960 1961/1961 2129/2129
f 1960/1960 2129/2129 2125/2125
f 2131/2131 2130/2130 2128/2128
f 2131/2131 2128/2128 2129/2129
f 1961/1961 1962/1962 2131/2131
f 1961/1961 2131/2131 2129/2129
f 2133/2133 2132/2132 2130/2130
f 2133/2133 2130/2130 2131/2131
f 1962/1962 1964/1964 2133/2133
f 1962/1962 2133/2133 2131/2131
f 2135/2135 2134/2134 2132/2132
f 2135/2135 2132/2132 2133/2133
f 1964/1964 1966/1966 2135/2135
f 1964/1964 2135/2135 2133/2133
f 2137/2137 2136/2136 2134/2134
f 2137/2137 2134/2134 2135/2135
f 1966/1966 1968/1968 2137/2137
f 1966/1966 2137/2137 2135/2135
f 2139/2139 2138/2138 2136/2136
f 2139/2139 2136/2136 2137/2137
f 1968/1968 1970/1970 2139/2139
f 1968/1968 2139/2139 2137/2137
f 2141/2141 2140/2140 2138/2138
f 2141/2141 2138/2138 2139/2139
f 1970/1970 1972/1972 2141/2141
f 1970/1970 2141/2141 2139/2139
f 2143/2143 2142/2142 2140/2140
f 2143/2143 2140/2140 2141/2141
f 1972/1972 1974/1974 2143/2143
f 1972/1972 2143/2143 2141/2141
f 2145/2145 2144/2144 2142/2142
f 2145/2145 2142/2142 2143/2143
f 1974/1974 1976/1976 2145/2145
f 1974/1974 2145/2145 2143/2143
f 2147/2147 2146/2146 2144/2144
f 2147/2147 2144/2144 2145/2145
f 1976/1976 1978/1978 2147/2147
f 1976/1976 2147/2147 2145/2145
f 2149/2149 2148/2148 2146/2146
f 2149/2149 2146/2146 2147/2147
f 1978/1978 1980/1980 2149/2149
f 1978/1978 2149/2149 2147/2147
f 2151/2151 2150/2150 2148/2148
f 2151/2151 2148/2148 2149/2149
f 1980/1980 1982/1982 2151/2151
f 1980/1980 2151/2151 2149/2149
f 2153/2153 2152/2152 2150/2150
f 2153/2153 2150/2150 2151/2151
f 1982/1982 1984/1984 2153/2153
f 1982/1982 2153/2153 2151/2151
f 2155/2155 2154/2154 2152/2152
f 2155/2155 2152/2152 2153/2153
f 1984/1984 1986/1986 2155/2155
f 1984/1984 2155/2155 2153/2153
f 2157/2157 2156/2156 2154/2154
f 2157/2157 2154/2154 2155/2155
f 1986/1986 1988/1988 2157/2157
f 1986/1986 2157/2157 2155/2155
f 2159/2159 2158/2158 2156/2156
f 2159/2159 2156/2156 2157/2157
f 1988/1988 1990/1990 2159/2159
f 1988/1988 2159/2159 2157/2157
f 2161/2161 2160/2160 2158/2158
f 2161/2161 2158/2158 2159/2159
f 1990/1990 1992/1992 2161/2161
f 1990/1990 2161/2161 2159/2159
f 2163/2163 2162/2162 2160/2160
f 2163/2163 2160/2160 2161/2161
f 1992/1992 1994/1994 2163/2163
f 1992/1992 2163/2163 2161/2161
f 2165/2165 2164/2164 2162/2162
f 2165/2165 2162/2162 2163/2163
f 1994/1994 1996/1996 2165/2165
f 1994/1994 2165/2165 2163/2163
f 2167/2167 2166/2166 2164/2164
f 2167/2167 2164/2164 2165/2165
f 1996/1996 1998/1998 2167/2167
f 1996/1996 2167/2167 2165/2165
f 2169/2169 2168/2168 2166/2166
f 2169/2169 2166/2166 2167/2167
f 1998/1998 2000/2000 2169/2169
f 1998/1998 2169/2169 2167/2167
f 2005/2005 2170/2170 2168/2168
f 2005/2005 2168/2168 2169/2169
f 2000/2000 2002/2002 2005/2005
f 2000/2000 2005/2005 2169/2169
f 2172/2172 2171/2171 2168/2168
f 2172/2172 2168/2168 2170/2170
f 2008/2008 2173/2173 2172/2172
f 2008/2008 2172/2172 2170/2170
f 2005/2005 2006/2006 2008/2008
f 2005/2005 2008/2008 2170/2170
f 2175/2175 2174/2174 2172/2172
f 2175/2175 2172/2172 2173/2173
f 2177/2177 2176/2176 2175/2175
f 2177/2177 2175/2175 2173/2173
f 2008/2008 2009/2009 2177/2177
f 2008/2008 2177/2177 2173/2173
f 2179/2179 2178/2178 2176/2176
f 2179/2179 2176/2176 2177/2177
f 2009/2009 2010/2010 2179/2179
f 2009/2009 2179/2179 2177/2177
f 2181/2181 2180/2180 2178/2178
f 2181/2181 2178/2178 2179/2179
f 2010/2010 2012/2012 2181/2181
f 2010/2010 2181/2181 2179/2179
f 2183/2183 2182/2182 2180/2180
f 2183/2183 2180/2180 2181/2181
f 2012/2012 2014/2014 2183/2183
f 2012/2012 2183/2183 2181/2181
f 2185/2185 2184/2184 2182/2182
f 2185/2185 2182/2182 2183/2183
f 2014/2014 2016/2016 2185/2185
f 2014/2014 2185/2185 2183/2183
f 2021/2021 2186/2186 2184/2184
f 2021/2021 2184/2184 2185/2185
f 2016/2016 2018/2018 2021/2021
f 2016/2016 2021/2021 2185/2185
f 2188/2188 2187/2187 2184/2184
f 2188/2188 2184/2184 2186/2186
f 2024/2024 2189/2189 2188/2188
f 2024/2024 2188/2188 2186/2186
f 2021/2021 2022/2022 2024/2024
f 2021/2021 2024/2024 2186/2186
f 2191/2191 2190/2190 2188/2188
f 2191/2191 2188/2188 2189/2189
f 2027/2027 2192/2192 2191/2191
f 2027/2027 2191/2191 2189/2189
f 2024/2024 2025/2025 2027/2027
f 2024/2024 2027/2027 2189/2189
f 2194/2194 2193/2193 2191/2191
f 2194/2194 2191/2191 2192/2192
f 2030/2030 2195/2195 2194/2194
f 2030/2030 2194/2194 2192/2192
f 2027/2027 2028/2028 2030/2030
f 2027/2027 2030/2030 2192/2192
f 2197/2197 2196/2196 2194/2194
f 2197/2197 2194/2194 2195/2195
f 2033/2033 2198/2198 2197/2197
f 2033/2033 2197/2197 2195/2195
f 2030/2030 2031/2031 2033/2033
f 2030/2030 2033/2033 2195/2195
f 2200/2200 2199/2199 2197/2197
f 2200/2200 2197/2197 2198/2198
f 2036/2036 2201/2201 2200/2200
f 2036/2036 2200/2200 2198/2198
f 2033/2033 2034/2034 2036/2036
f 2033/2033 2036/2036 2198/2198
f 2203/2203 2202/2202 2200/2200
f 2203/2203 2200/2200 2201/2201
f 2039/2039 2204/2204 2203/2203
f 2039/2039 2203/2203 2201/2201
f 2036/2036 2037/2037 2039/2039
f 2036/2036 2039/2039 2201/2201
f 2206/2206 2205/2205 2203/2203
f 2206/2206 2203/2203 2204/2204
f 2042/2042 2207/2207 2206/2206
f 2042/2042 2206/2206 2204/2204
f 2039/2039 2040/2040 2042/2042
f 2039/2039 2042/2042 2204/2204
f 2209/2209 2208/2208 2206/2206
f 2209/2209 2206/2206 2207/2207
f 2211/2211 2210/2210 2209/2209
f 2211/2211 2209/2209 2207/2207
f 2042/2042 2043/2043 2211/2211
f 2042/2042 2211/2211 2207/2207
f 2213/2213 2212/2212 2210/2210
f 2213/2213 2210/2210 2211/2211
f 2043/2043 2044/2044 2213/2213
f 2043/2043 2213/2213 2211/2211
f 2048/2048 2050/2050 2215/2215
f 2217/2217 2216/2216 2214/2214
f 2217/2217 2214/2214 2215/2215
f 2050/2050 2052/2052 2217/2217
f 2050/2050 2217/2217 2215/2215
f 2219/2219 2218/2218 2216/2216
f 2219/2219 2216/2216 2217/2217
f 2052/2052 2054/2054 2219/2219
f 2052/2052 2219/2219 2217/2217
f 2221/2221 2220/2220 2218/2218
f 2221/2221 2218/2218 2219/2219
f 2054/2054 2056/2056 2221/2221
f 2054/2054 2221/2221 2219/2219
f 2223/2223 2222/2222 2220/2220
f 2223/2223 2220/2220 2221/2221
f 2056/2056 2058/2058 2223/2223
f 2056/2056 2223/2223 2221/2221
f 2225/2225 2224/2224 2222/2222
f 2225/2225 2222/2222 2223/2223
f 2058/2058 2060/2060 2225/2225
f 2058/2058 2225/2225 2223/2223
f 2227/2227 2226/2226 2224/2224
f 2227/2227 2224/2224 2225/2225
f 2060/2060 2062/2062 2227/2227
f 2060/2060 2227/2227 2225/2225
f 2229/2229 2228/2228 2226/2226
f 2229/2229 2226/2226 2227/2227
f 2062/2062 2064/2064 2229/2229
f 2062/2062 2229/2229 2227/2227
f 2231/2231 2230/2230 2228/2228
f 2231/2231 2228/2228 2229/2229
f 2064/2064 2066/2066 2231/2231
f 2064/2064 2231/2231 2229/2229
f 2233/2233 2232/2232 2230/2230
f 2233/2233 2230/2230 2231/2231
f 2066/2066 2068/2068 2233/2233
f 2066/2066 2233/2233 2231/2231
f 2235/2235 2234/2234 2232/2232
f 2235/2235 2232/2232 2233/2233
f 2068/2068 2070/2070 2235/2235
f 2068/2068 2235/2235 2233/2233
f 2237/2237 2236/2236 2234/2234
f 2237/2237 2234/2234 2235/2235
f 2070/2070 2072/2072 2237/2237
f 2070/2070 2237/2237 2235/2235
f 2239/2239 2238/2238 2236/2236
f 2239/2239 2236/2236 2237/2237
f 2072/2072 2240/2240 2239/2239
f 2072/2072 2239/2239 2237/2237
f 2242/2242 2241/2241 2239/2239
f 2242/2242 2239/2239 2240/2240
f 2075/2075 2243/2243 2242/2242
f 2075/2075 2242/2242 2240/2240
f 2072/2072 2073/2073 2075/2075
f 2072/2072 2075/2075 2240/2240
f 2245/2245 2244/2244 2242/2242
f 2245/2245 2242/2242 2243/2243
f 2078/2078 2246/2246 2245/2245
f 2078/2078 2245/2245 2243/2243
f 2075/2075 2076/2076 2078/2078
f 2075/2075 2078/2078 2243/2243
f 2248/2248 2247/2247 2245/2245
f 2248/2248 2245/2245 2246/2246
f 2081/2081 2249/2249 2248/2248
f 2081/2081 2248/2248 2246/2246
f 2078/2078 2079/2079 2081/2081
f 2078/2078 2081/2081 2246/2246
f 2251/2251 2250/2250 2248/2248
f 2251/2251 2248/2248 2249/2249
f 2084/2084 2252/2252 2251/2251
f 2084/2084 2251/2251 2249/2249
f 2081/2081 2082/2082 2084/2084
f 2081/2081 2084/2084 2249/2249
f 2254/2254 2253/2253 2251/2251
f 2254/2254 2251/2251 2252/2252
f 2087/2087 2255/2255 2254/2254
f 2087/2087 2254/2254 2252/2252
f 2084/2084 2085/2085 2087/2087
f 2084/2084 2087/2087 2252/2252
f 2257/2257 2256/2256 2254/2254
f 2257/2257 2254/2254 2255/2255
f 2090/2090 2258/2258 2257/2257
f 2090/2090 2257/2257 2255/2255
f 2087/2087 2088/2088 2090/2090
f 2087/2087 2090/2090 2255/2255
f 2260/2260 2259/2259 2257/2257
f 2260/2260 2257/2257 2258/2258
f 2093/2093 2261/2261 2260/2260
f 2093/2093 2260/2260 2258/2258
f 2090/2090 2091/2091 2093/2093
f 2090/2090 2093/2093 2258/2258
f 2263/2263 2262/2262 2260/2260
f 2263/2263 2260/2260 2261/2261
f 2096/2096 2264/2264 2263/2263
f 2096/2096 2263/2263 2261/2261
f 2093/2093 2094/2094 2096/2096
f 2093/2093 2096/2096 2261/2261
f 2266/2266 2265/2265 2263/2263
f 2266/2266 2263/2263 2264/2264
f 2099/2099 2267/2267 2266/2266
f 2099/2099 2266/2266 2264/2264
f 2096/2096 2097/2097 2099/2099
f 2096/2096 2099/2099 2264/2264
f 2269/2269 2268/2268 2266/2266
f 2269/2269 2266/2266 2267/2267
f 2102/2102 2270/2270 2269/2269
f 2102/2102 2269/2269 2267/2267
f 2099/2099 2100/2100 2102/2102
f 2099/2099 2102/2102 2267/2267
f 2272/2272 2271/2271 2269/2269
f 2272/2272 2269/2269 2270/2270
f 2105/2105 2273/2273 2272/2272
f 2105/2105 2272/2272 2270/2270
f 2102/2102 2103/2103 2105/2105
f 2102/2102 2105/2105 2270/2270
f 2275/2275 2274/2274 2272/2272
f 2275/2275 2272/2272 2273/2273
f 2108/2108 2276/2276 2275/2275
f 2108/2108 2275/2275 2273/2273
f 2105/2105 2106/2106 2108/2108
f 2105/2105 2108/2108 2273/2273
f 2278/2278 2277/2277 2275/2275
f 2278/2278 2275/2275 2276/2276
f 2111/2111 2279/2279 2278/2278
f 2111/2111 2278/2278 2276/2276
f 2108/2108 2109/2109 2111/2111
f 2108/2108 2111/2111 2276/2276
f 2281/2281 2280/2280 2278/2278
f 2281/2281 2278/2278 2279/2279
f 2114/2114 2282/2282 2281/2281
f 2114/2114 2281/2281 2279/2279
f 2111/2111 2112/2112 2114/2114
f 2111/2111 2114/2114 2279/2279
f 2284/2284 2283/2283 2281/2281
f 2284/2284 2281/2281 2282/2282
f 2117/2117 2285/2285 2284/2284
f 2117/2117 2284/2284 2282/2282
f 2114/2114 2115/2115 2117/2117
f 2114/2114 2117/2117 2282/2282
f 2287/2287 2286/2286 2284/2284
f 2287/2287 2284/2284 2285/2285
f 2120/2120 2288/2288 2287/2287
f 2120/2120 2287/2287 2285/2285
f 2117/2117 2118/2118 2120/2120
f 2117/2117 2120/2120 2285/2285
f 2290/2290 2289/2289 2287/2287
f 2290/2290 2287/2287 2288/2288
f 2123/2123 2291/2291 2290/2290
f 2123/2123 2290/2290 2288/2288
f 2120/2120 2121/2121 2123/2123
f 2120/2120 2123/2123 2288/2288
f 2293/2293 2292/2292 2290/2290
f 2293/2293 2290/2290 2291/2291
f 2126/2126 2294/2294 2293/2293
f 2126/2126 2293/2293 2291/2291
f 2123/2123 2124/2124 2126/2126
f 2123/2123 2126/2126 2291/2291
f 2296/2296 2295/2295 2293/2293
f 2296/2296 2293/2293 2294/2294
f 2298/2298 2297/2297 2296/2296
f 2298/2298 2296/2296 2294/2294
f 2126/2126 2127/2127 2298/2298
f 2126/2126 2298/2298 2294/2294
f 2300/2300 2299/2299 2297/2297
f 2300/2300 2297/2297 2298/2298
f 2127/2127 2128/2128 2300/2300
f 2127/2127 2300/2300 2298/2298
f 2302/2302 2301/2301 2299/2299
f 2302/2302 2299/2299 2300/2300
f 2128/2128 2130/2130 2302/2302
f 2128/2128 2302/2302 2300/2300
f 2304/2304 2303/2303 2301/2301
f 2304/2304 2301/2301 2302/2302
f 2130/2130 2132/2132 2304/2304
f 2130/2130 2304/2304 2302/2302
f 2306/2306 2305/2305 2303/2303
f 2306/2306 2303/2303 2304/2304
f 2132/2132 2134/2134 2306/2306
f 2132/2132 2306/2306 2304/2304
f 2308/2308 2307/2307 2305/2305
f 2308/2308 2305/2305 2306/2306
f 2134/2134 2136/2136 2308/2308
f 2134/2134 2308/2308 2306/2306
f 2310/2310 2309/2309 2307/2307
f 2310/2310 2307/2307 2308/2308
f 2136/2136 2138/2138 2310/2310
f 2136/2136 2310/2310 2308/2308
f 2312/2312 2311/2311 2309/2309
f 2312/2312 2309/2309 2310/2310
f 2138/2138 2140/2140 2312/2312
f 2138/2138 2312/2312 2310/2310
f 2314/2314 2313/2313 2311/2311
f 2314/2314 2311/2311 2312/2312
f 2140/2140 2142/2142 2314/2314
f 2140/2140 2314/2314 2312/2312
f 2316/2316 2315/2315 2313/2313
f 2316/2316 2313/2313 2314/2314
f 2142/2142 2144/2144 2316/2316
f 2142/2142 2316/2316 2314/2314
f 2318/2318 2317/2317 2315/2315
f 2318/2318 2315/2315 2316/2316
f 2144/2144 2146/2146 2318/2318
f 2144/2144 2318/2318 2316/2316
f 2320/2320 2319/2319 2317/2317
f 2320/2320 2317/2317 2318/2318
f 2146/2146 2148/2148 2320/2320
f 2146/2146 2320/2320 2318/2318
f 2322/2322 2321/2321 2319/2319
f 2322/2322 2319/2319 2320/2320
f 2148/2148 2150/2150 2322/2322
f 2148/2148 2322/2322 2320/2320
f 2324/2324 2323/2323 2321/2321
f 2324/2324 2321/2321 2322/2322
f 2150/2150 2152/2152 2324/2324
f 2150/2150 2324/2324 2322/2322
f 2326/2326 2325/2325 2323/2323
f 2326/2326 2323/2323 2324/2324
f 2152/2152 2154/2154 2326/2326
f 2152/2152 2326/2326 2324/2324
f 2328/2328 2327/2327 2325/2325
f 2328/2328 2325/2325 2326/2326
f 2154/2154 2156/2156 2328/2328
f 2154/2154 2328/2328 2326/2326
f 2330/2330 2329/2329 2327/2327
f 2330/2330 2327/2327 2328/2328
f 2156/2156 2158/2158 2330/2330
f 2156/2156 2330/2330 2328/2328
f 2332/2332 2331/2331 2329/2329
f 2332/2332 2329/2329 2330/2330
f 2158/2158 2160/2160 2332/2332
f 2158/2158 2332/2332 2330/2330
f 2334/2334 2333/2333 2331/2331
f 2334/2334 2331/2331 2332/2332
f 2160/2160 2162/2162 2334/2334
f 2160/2160 2334/2334 2332/2332
f 2336/2336 2335/2335 2333/2333
f 2336/2336 2333/2333 2334/2334
f 2162/2162 2164/2164 2336/2336
f 2162/2162 2336/2336 2334/2334
f 2338/2338 2337/2337 2335/2335
f 2338/2338 2335/2335 2336/2336
f 2164/2164 2166/2166 2338/2338
f 2164/2164 2338/2338 2336/2336
f 2171/2171 2339/2339 2337/2337
f 2171/2171 2337/2337 2338/2338
f 2166/2166 2168/2168 2171/2171
f 2166/2166 2171/2171 2338/2338
f 2341/2341 2340/2340 2337/2337
f 2341/2341 2337/2337 2339/2339
f 2174/2174 2342/2342 2341/2341
f 2174/2174 2341/2341 2339/2339
f 2171/2171 2172/2172 2174/2174
f 2171/2171 2174/2174 2339/2339
f 2344/2344 2343/2343 2341/2341
f 2344/2344 2341/2341 2342/2342
f 2346/2346 2345/2345 2344/2344
f 2346/2346 2344/2344 2342/2342
f 2174/2174 2175/2175 2346/2346
f 2174/2174 2346/2346 2342/2342
f 2348/2348 2347/2347 2345/2345
f 2348/2348 2345/2345 2346/2346
f 2175/2175 2176/2176 2348/2348
f 2175/2175 2348/2348 2346/2346
f 2350/2350 2349/2349 2347/2347
f 2350/2350 2347/2347 2348/2348
f 2176/2176 2178/2178 2350/2350
f 2176/2176 2350/2350 2348/2348
f 2352/2352 2351/2351 2349/2349
f 2352/2352 2349/2349 2350/2350
f 2178/2178 2180/2180 2352/2352
f 2178/2178 2352/2352 2350/2350
f 2354/2354 2353/2353 2351/2351
f 2354/2354 2351/2351 2352/2352
f 2180/2180 2182/2182 2354/2354
f 2180/2180 2354/2354 2352/2352
f 2187/2187 2355/2355 2353/2353
f 2187/2187 2353/2353 2354/2354
f 2182/2182 2184/2184 2187/2187
f 2182/2182 2187/2187 2354/2354
f 2357/2357 2356/2356 2353/2353
f 2357/2357 2353/2353 2355/2355
f 2190/2190 2358/2358 2357/2357
f 2190/2190 2357/2357 2355/2355
f 2187/2187 2188/2188 2190/2190
f 2187/2187 2190/2190 2355/2355
f 2360/2360 2359/2359 2357/2357
f 2360/2360 2357/2357 2358/2358
f 2193/2193 2361/2361 2360/2360
f 2193/2193 2360/2360 2358/2358
f 2190/2190 2191/2191 2193/2193
f 2190/2190 2193/2193 2358/2358
f 2363/2363 2362/2362 2360/2360
f 2363/2363 2360/2360 2361/2361
f 2196/2196 2364/2364 2363/2363
f 2196/2196 2363/2363 2361/2361
f 2193/2193 2194/2194 2196/2196
f 2193/2193 2196/2196 2361/2361
f 2366/2366 2365/2365 2363/2363
f 2366/2366 2363/2363 2364/2364
f 2199/2199 2367/2367 2366/2366
f 2199/2199 2366/2366 2364/2364
f 2196/2196 2197/2197 2199/2199
f 2196/2196 2199/2199 2364/2364
f 2369/2369 2368/2368 2366/2366
f 2369/2369 2366/2366 2367/2367
f 2202/2202 2370/2370 2369/2369
f 2202/2202 2369/2369 2367/2367
f 2199/2199 2200/2200 2202/2202
f 2199/2199 2202/2202 2367/2367
f 2372/2372 2371/2371 2369/2369
f 2372/2372 2369/2369 2370/2370
f 2205/2205 2373/2373 2372/2372
f 2205/2205 2372/2372 2370/2370
f 2202/2202 2203/2203 2205/2205
f 2202/2202 2205/2205 2370/2370
f 2375/2375 2374/2374 2372/2372
f 2375/2375 2372/2372 2373/2373
f 2208/2208 2376/2376 2375/2375
f 2208/2208 2375/2375 2373/2373
f 2205/2205 2206/2206 2208/2208
f 2205/2205 2208/2208 2373/2373
f 2378/2378 2377/2377 2375/2375
f 2378/2378 2375/2375 2376/2376
f 2380/2380 2379/2379 2378/2378
f 2380/2380 2378/2378 2376/2376
f 2208/2208 2209/2209 2380/2380
f 2208/2208 2380/2380 2376/2376
f 2382/2382 2381/2381 2379/2379
f 2382/2382 2379/2379 2380/2380
f 2209/2209 2210/2210 2382/2382
f 2209/2209 2382/2382 2380/2380
f 2384/2384 2383/2383 2381/2381
f 2384/2384 2381/2381 2382/2382
f 2210/2210 2212/2212 2384/2384
f 2210/2210 2384/2384 2382/2382
f 2214/2214 2216/2216 2387/2387
f 2214/2214 2387/2387 2385/2385
f 2389/2389 2388/2388 2386/2386
f 2389/2389 2386/2386 2387/2387
f 2216/2216 2218/2218 2389/2389
f 2216/2216 2389/2389 2387/2387
f 2391/2391 2390/2390 2388/2388
f 2391/2391 2388/2388 2389/2389
f 2218/2218 2220/2220 2391/2391
f 2218/2218 2391/2391 2389/2389
f 2393/2393 2392/2392 2390/2390
f 2393/2393 2390/2390 2391/2391
f 2220/2220 2222/2222 2393/2393
f 2220/2220 2393/2393 2391/2391
f 2395/2395 2394/2394 2392/2392
f 2395/2395 2392/2392 2393/2393
f 2222/2222 2224/2224 2395/2395
f 2222/2222 2395/2395 2393/2393
f 2397/2397 2396/2396 2394/2394
f 2397/2397 2394/2394 2395/2395
f 2224/2224 2226/2226 2397/2397
f 2224/2224 2397/2397 2395/2395
f 2399/2399 2398/2398 2396/2396
f 2399/2399 2396/2396 2397/2397
f 2226/2226 2228/2228 2399/2399
f 2226/2226 2399/2399 2397/2397
f 2401/2401 2400/2400 2398/2398
f 2401/2401 2398/2398 2399/2399
f 2228/2228 2230/2230 2401/2401
f 2228/2228 2401/2401 2399/2399
f 2403/2403 2402/2402 2400/2400
f 2403/2403 2400/2400 2401/2401
f 2230/2230 2232/2232 2403/2403
f 2230/2230 2403/2403 2401/2401
f 2405/2405 2404/2404 2402/2402
f 2405/2405 2402/2402 2403/2403
f 2232/2232 2234/2234 2405/2405
f 2232/2232 2405/2405 2403/2403
f 2407/2407 2406/2406 2404/2404
f 2407/2407 2404/2404 2405/2405
f 2234/2234 2236/2236 2407/2407
f 2234/2234 2407/2407 2405/2405
f 2409/2409 2408/2408 2406/2406
f 2409/2409 2406/2406 2407/2407
f 2236/2236 2238/2238 2409/2409
f 2236/2236 2409/2409 2407/2407
f 2411/2411 2410/2410 2408/2408
f 2411/2411 2408/2408 2409/2409
f 2238/2238 2412/2412 2411/2411
f 2238/2238 2411/2411 2409/2409
f 2414/2414 2413/2413 2411/2411
f 2414/2414 2411/2411 2412/2412
f 2241/2241 2415/2415 2414/2414
f 2241/2241 2414/2414 2412/2412
f 2238/2238 2239/2239 2241/2241
f 2238/2238 2241/2241 2412/2412
f 2417/2417 2416/2416 2414/2414
f 2417/2417 2414/2414 2415/2415
f 2244/2244 2418/2418 2417/2417
f 2244/2244 2417/2417 2415/2415
f 2241/2241 2242/2242 2244/2244
f 2241/2241 2244/2244 2415/2415
f 2420/2420 2419/2419 2417/2417
f 2420/2420 2417/2417 2418/2418
f 2247/2247 2421/2421 2420/2420
f 2247/2247 2420/2420 2418/2418
f 2244/2244 2245/2245 2247/2247
f 2244/2244 2247/2247 2418/2418
f 2423/2423 2422/2422 2420/2420
f 2423/2423 2420/2420 2421/2421
f 2250/2250 2424/2424 2423/2423
f 2250/2250 2423/2423 2421/2421
f 2247/2247 2248/2248 2250/2250
f 2247/2247 2250/2250 2421/2421
f 2426/2426 2425/2425 2423/2423
f 2426/2426 2423/2423 2424/2424
f 2253/2253 2427/2427 2426/2426
f 2253/2253 2426/2426 2424/2424
f 2250/2250 2251/2251 2253/2253
f 2250/2250 2253/2253 2424/2424
f 2429/2429 2428/2428 2426/2426
f 2429/2429 2426/2426 2427/2427
f 2256/2256 2430/2430 2429/2429
f 2256/2256 2429/2429 2427/2427
f 2253/2253 2254/2254 2256/2256
f 2253/2253 2256/2256 2427/2427
f 2432/2432 2431/2431 2429/2429
f 2432/2432 2429/2429 2430/2430
f 2259/2259 2433/2433 2432/2432
f 2259/2259 2432/2432 2430/2430
f 2256/2256 2257/2257 2259/2259
f 2256/2256 2259/2259 2430/2430
f 2435/2435 2434/2434 2432/2432
f 2435/2435 2432/2432 2433/2433
f 2262/2262 2436/2436 2435/2435
f 2262/2262 2435/2435 2433/2433
f 2259/2259 2260/2260 2262/2262
f 2259/2259 2262/2262 2433/2433
f 2438/2438 2437/2437 2435/2435
f 2438/2438 2435/2435 2436/2436
f 2265/2265 2439/2439 2438/2438
f 2265/2265 2438/2438 2436/2436
f 2262/2262 2263/2263 2265/2265
f 2262/2262 2265/2265 2436/2436
f 2441/2441 2440/2440 2438/2438
f 2441/2441 2438/2438 2439/2439
f 2268/2268 2442/2442 2441/2441
f 2268/2268 2441/2441 2439/2439
f 2265/2265 2266/2266 2268/2268
f 2265/2265 2268/2268 2439/2439
f 2444/2444 2443/2443 2441/2441
f 2444/2444 2441/2441 2442/2442
f 2271/2271 2445/2445 2444/2444
f 2271/2271 2444/2444 2442/2442
f 2268/2268 2269/2269 2271/2271
f 2268/2268 2271/2271 2442/2442
f 2447/2447 2446/2446 2444/2444
f 2447/2447 2444/2444 2445/2445
f 2274/2274 2448/2448 2447/2447
f 2274/2274 2447/2447 2445/2445
f 2271/2271 2272/2272 2274/2274
f 2271/2271 2274/2274 2445/2445
f 2450/2450 2449/2449 2447/2447
f 2450/2450 2447/2447 2448/2448
f 2277/2277 2451/2451 2450/2450
f 2277/2277 2450/2450 2448/2448
f 2274/2274 2275/2275 2277/2277
f 2274/2274 2277/2277 2448/2448
f 2453/2453 2452/2452 2450/2450
f 2453/2453 2450/2450 2451/2451
f 2280/2280 2454/2454 2453/2453
f 2280/2280 2453/2453 2451/2451
f 2277/2277 2278/2278 2280/2280
f 2277/2277 2280/2280 2451/2451
f 2456/2456 2455/2455 2453/2453
f 2456/2456 2453/2453 2454/2454
f 2283/2283 2457/2457 2456/2456
f 2283/2283 2456/2456 2454/2454
f 2280/2280 2281/2281 2283/2283
f 2280/2280 2283/2283 2454/2454
f 2459/2459 2458/2458 2456/2456
f 2459/2459 2456/2456 2457/2457
f 2286/2286 2460/2460 2459/2459
f 2286/2286 2459/2459 2457/2457
f 2283/2283 2284/2284 2286/2286
f 2283/2283 2286/2286 2457/2457
f 2462/2462 2461/2461 2459/2459
f 2462/2462 2459/2459 2460/2460
f 2289/2289 2463/2463 2462/2462
f 2289/2289 2462/2462 2460/2460
f 2286/2286 2287/2287 2289/2289
f 2286/2286 2289/2289 2460/2460
f 66/66 2464/2464 2462/2462
f 66/66 2462/2462 2463/2463
f 2292/2292 65/65 66/66
f 2292/2292 66/66 2463/2463
f 2289/2289 2290/2290 2292/2292
f 2289/2289 2292/2292 2463/2463
f 2465/2465 2461/2461 2462/2462
f 2465/2465 2462/2462 2464/2464
f 2467/2467 2466/2466 2465/2465
f 2467/2467 2465/2465 2464/2464
f 66/66 67/67 2467/2467
f 66/66 2467/2467 2464/2464
f 2468/2468 45/45 2466/2466
f 2468/2468 2466/2466 2467/2467
f 67/67 68/68 2468/2468
f 67/67 2468/2468 2467/2467
f 2469/2469 6/6 45/45
f 2469/2469 45/45 2468/2468
f 68/68 40/40 2469/2469
f 68/68 2469/2469 2468/2468
f 40/40 37/37 2470/2470
f 40/40 2470/2470 2469/2469
f 2470/2470 48/48 6/6
f 2470/2470 6/6 2469/2469
f 37/37 38/38 2471/2471
f 37/37 2471/2471 2470/2470
f 2471/2471 2472/2472 48/48
f 2471/2471 48/48 2470/2470
f 2471/2471 2474/2474 2473/2473
f 2471/2471 2473/2473 2472/2472
f 2475/2475 47/47 48/48
f 2475/2475 48/48 2472/2472
f 2473/2473 2476/2476 2475/2475
f 2473/2473 2475/2475 2472/2472
f 2473/2473 2478/2478 2477/2477
f 2473/2473 2477/2477 2476/2476
f 2480/2480 2479/2479 2475/2475
f 2480/2480 2475/2475 2476/2476
f 2477/2477 2481/2481 2480/2480
f 2477/2477 2480/2480 2476/2476
f 2477/2477 2483/2483 2482/2482
f 2477/2477 2482/2482 2481/2481
f 2485/2485 2484/2484 2480/2480
f 2485/2485 2480/2480 2481/2481
f 2482/2482 2486/2486 2485/2485
f 2482/2482 2485/2485 2481/2481
f 2482/2482 2488/2488 2487/2487
f 2482/2482 2487/2487 2486/2486
f 2490/2490 2489/2489 2485/2485
f 2490/2490 2485/2485 2486/2486
f 2487/2487 2491/2491 2490/2490
f 2487/2487 2490/2490 2486/2486
f 2487/2487 2493/2493 2492/2492
f 2487/2487 2492/2492 2491/2491
f 2494/2494 59/59 2490/2490
f 2494/2494 2490/2490 2491/2491
f 2492/2492 2495/2495 2494/2494
f 2492/2492 2494/2494 2491/2491
f 2492/2492 2497/2497 2496/2496
f 2492/2492 2496/2496 2495/2495
f 2499/2499 2498/2498 2494/2494
f 2499/2499 2494/2494 2495/2495
f 2496/2496 2500/2500 2499/2499
f 2496/2496 2499/2499 2495/2495
f 2496/2496 2502/2502 2501/2501
f 2496/2496 2501/2501 2500/2500
f 2504/2504 2503/2503 2499/2499
f 2504/2504 2499/2499 2500/2500
f 2501/2501 2505/2505 2504/2504
f 2501/2501 2504/2504 2500/2500
f 2501/2501 2507/2507 2506/2506
f 2501/2501 2506/2506 2505/2505
f 2509/2509 2508/2508 2504/2504
f 2509/2509 2504/2504 2505/2505
f 2506/2506 2510/2510 2509/2509
f 2506/2506 2509/2509 2505/2505
f 2506/2506 2512/2512 2511/2511
f 2506/2506 2511/2511 2510/2510
f 2514/2514 2513/2513 2509/2509
f 2514/2514 2509/2509 2510/2510
f 2511/2511 2515/2515 2514/2514
f 2511/2511 2514/2514 2510/2510
f 2511/2511 2517/2517 2516/2516
f 2511/2511 2516/2516 2515/2515
f 2519/2519 2518/2518 2514/2514
f 2519/2519 2514/2514 2515/2515
f 2516/2516 2520/2520 2519/2519
f 2516/2516 2519/2519 2515/2515
f 2516/2516 2522/2522 2521/2521
f 2516/2516 2521/2521 2520/2520
f 2524/2524 2523/2523 2519/2519
f 2524/2524 2519/2519 2520/2520
f 2521/2521 2525/2525 2524/2524
f 2521/2521 2524/2524 2520/2520
f 2521/2521 2527/2527 2526/2526
f 2521/2521 2526/2526 2525/2525
f 2529/2529 2528/2528 2524/2524
f 2529/2529 2524/2524 2525/2525
f 2526/2526 2530/2530 2529/2529
f 2526/2526 2529/2529 2525/2525
f 2526/2526 2532/2532 2531/2531
f 2526/2526 2531/2531 2530/2530
f 2534/2534 2533/2533 2529/2529
f 2534/2534 2529/2529 2530/2530
f 2531/2531 2535/2535 2534/2534
f 2531/2531 2534/2534 2530/2530
f 2531/2531 2537/2537 2536/2536
f 2531/2531 2536/2536 2535/2535
f 2539/2539 2538/2538 2534/2534
f 2539/2539 2534/2534 2535/2535
f 2536/2536 2540/2540 2539/2539
f 2536/2536 2539/2539 2535/2535
f 2536/2536 2542/2542 2541/2541
f 2536/2536 2541/2541 2540/2540
f 2544/2544 2543/2543 2539/2539
f 2544/2544 2539/2539 2540/2540
f 2541/2541 2545/2545 2544/2544
f 2541/2541 2544/2544 2540/2540
f 2541/2541 2547/2547 2546/2546
f 2541/2541 2546/2546 2545/2545
f 2549/2549 2548/2548 2544/2544
f 2549/2549 2544/2544 2545/2545
f 2546/2546 2550/2550 2549/2549
f 2546/2546 2549/2549 2545/2545
f 2546/2546 2552/2552 2551/2551
f 2546/2546 2551/2551 2550/2550
f 2554/2554 2553/2553 2549/2549
f 2554/2554 2549/2549 2550/2550
f 2551/2551 2555/2555 2554/2554
f 2551/2551 2554/2554 2550/2550
f 2551/2551 2557/2557 2556/2556
f 2551/2551 2556/2556 2555/2555
f 2559/2559 2558/2558 2554/2554
f 2559/2559 2554/2554 2555/2555
f 2556/2556 2431/2431 2559/2559
f 2556/2556 2559/2559 2555/2555
f 2434/2434 2560/2560 2558/2558
f 2434/2434 2558/2558 2559/2559
f 2431/2431 2432/2432 2434/2434
f 2431/2431 2434/2434 2559/2559
f 2562/2562 2561/2561 2558/2558
f 2562/2562 2558/2558 2560/2560
f 2437/2437 2563/2563 2562/2562
f 2437/2437 2562/2562 2560/2560
f 2434/2434 2435/2435 2437/2437
f 2434/2434 2437/2437 2560/2560
f 2565/2565 2564/2564 2562/2562
f 2565/2565 2562/2562 2563/2563
f 2440/2440 2566/2566 2565/2565
f 2440/2440 2565/2565 2563/2563
f 2437/2437 2438/2438 2440/2440
f 2437/2437 2440/2440 2563/2563
f 2568/2568 2567/2567 2565/2565
f 2568/2568 2565/2565 2566/2566
f 2443/2443 2569/2569 2568/2568
f 2443/2443 2568/2568 2566/2566
f 2440/2440 2441/2441 2443/2443
f 2440/2440 2443/2443 2566/2566
f 2571/2571 2570/2570 2568/2568
f 2571/2571 2568/2568 2569/2569
f 2446/2446 2572/2572 2571/2571
f 2446/2446 2571/2571 2569/2569
f 2443/2443 2444/2444 2446/2446
f 2443/2443 2446/2446 2569/2569
f 2574/2574 2573/2573 2571/2571
f 2574/2574 2571/2571 2572/2572
f 2449/2449 2575/2575 2574/2574
f 2449/2449 2574/2574 2572/2572
f 2446/2446 2447/2447 2449/2449
f 2446/2446 2449/2449 2572/2572
f 2577/2577 2576/2576 2574/2574
f 2577/2577 2574/2574 2575/2575
f 2452/2452 2578/2578 2577/2577
f 2452/2452 2577/2577 2575/2575
f 2449/2449 2450/2450 2452/2452
f 2449/2449 2452/2452 2575/2575
f 2580/2580 2579/2579 2577/2577
f 2580/2580 2577/2577 2578/2578
f 2455/2455 2581/2581 2580/2580
f 2455/2455 2580/2580 2578/2578
f 2452/2452 2453/2453 2455/2455
f 2452/2452 2455/2455 2578/2578
f 2583/2583 2582/2582 2580/2580
f 2583/2583 2580/2580 2581/2581
f 2458/2458 2584/2584 2583/2583
f 2458/2458 2583/2583 2581/2581
f 2455/2455 2456/2456 2458/2458
f 2455/2455 2458/2458 2581/2581
f 2586/2586 2585/2585 2583/2583
f 2586/2586 2583/2583 2584/2584
f 2461/2461 2465/2465 2586/2586
f 2461/2461 2586/2586 2584/2584
f 2458/2458 2459/2459 2461/2461
f 2458/2458 2461/2461 2584/2584
f 2588/2588 2587/2587 2585/2585
f 2588/2588 2585/2585 2586/2586
f 2465/2465 2466/2466 2588/2588
f 2465/2465 2588/2588 2586/2586
f 46/46 2589/2589 2587/2587
f 46/46 2587/2587 2588/2588
f 2466/2466 45/45 46/46
f 2466/2466 46/46 2588/2588
f 2591/2591 2590/2590 2587/2587
f 2591/2591 2587/2587 2589/2589
f 2593/2593 2592/2592 2591/2591
f 2593/2593 2591/2591 2589/2589
f 46/46 42/42 2593/2593
f 46/46 2593/2593 2589/2589
f 2595/2595 2594/2594 2592/2592
f 2595/2595 2592/2592 2593/2593
f 42/42 43/43 2595/2595
f 42/42 2595/2595 2593/2593
f 2597/2597 2596/2596 2594/2594
f 2597/2597 2594/2594 2595/2595
f 43/43 2598/2598 2597/2597
f 43/43 2597/2597 2595/2595
f 43/43 44/44 2599/2599
f 43/43 2599/2599 2598/2598
f 2601/2601 2600/2600 2597/2597
f 2601/2601 2597/2597 2598/2598
f 2599/2599 2602/2602 2601/2601
f 2599/2599 2601/2601 2598/2598
f 2599/2599 2604/2604 2603/2603
f 2599/2599 2603/2603 2602/2602
f 2606/2606 2605/2605 2601/2601
f 2606/2606 2601/2601 2602/2602
f 2603/2603 2607/2607 2606/2606
f 2603/2603 2606/2606 2602/2602
f 2603/2603 2609/2609 2608/2608
f 2603/2603 2608/2608 2607/2607
f 2611/2611 2610/2610 2606/2606
f 2611/2611 2606/2606 2607/2607
f 2608/2608 2612/2612 2611/2611
f 2608/2608 2611/2611 2607/2607
f 2608/2608 2613/2613 56/56
f 2608/2608 56/56 2612/2612
f 2615/2615 2614/2614 2611/2611
f 2615/2615 2611/2611 2612/2612
f 56/56 57/57 2615/2615
f 56/56 2615/2615 2612/2612
f 57/57 2617/2617 2616/2616
f 57/57 2616/2616 2615/2615
f 2616/2616 2618/2618 2614/2614
f 2616/2616 2614/2614 2615/2615
f 2616/2616 2620/2620 2619/2619
f 2616/2616 2619/2619 2618/2618
f 2622/2622 2621/2621 2614/2614
f 2622/2622 2614/2614 2618/2618
f 2619/2619 2623/2623 2622/2622
f 2619/2619 2622/2622 2618/2618
f 2619/2619 2625/2625 2624/2624
f 2619/2619 2624/2624 2623/2623
f 2627/2627 2626/2626 2622/2622
f 2627/2627 2622/2622 2623/2623
f 2624/2624 2628/2628 2627/2627
f 2624/2624 2627/2627 2623/2623
f 2624/2624 2630/2630 2629/2629
f 2624/2624 2629/2629 2628/2628
f 2632/2632 2631/2631 2627/2627
f 2632/2632 2627/2627 2628/2628
f 2629/2629 2633/2633 2632/2632
f 2629/2629 2632/2632 2628/2628
f 2629/2629 2635/2635 2634/2634
f 2629/2629 2634/2634 2633/2633
f 2637/2637 2636/2636 2632/2632
f 2637/2637 2632/2632 2633/2633
f 2634/2634 2638/2638 2637/2637
f 2634/2634 2637/2637 2633/2633
f 2634/2634 2640/2640 2639/2639
f 2634/2634 2639/2639 2638/2638
f 2642/2642 2641/2641 2637/2637
f 2642/2642 2637/2637 2638/2638
f 2639/2639 2643/2643 2642/2642
f 2639/2639 2642/2642 2638/2638
f 2639/2639 2645/2645 2644/2644
f 2639/2639 2644/2644 2643/2643
f 2647/2647 2646/2646 2642/2642
f 2647/2647 2642/2642 2643/2643
f 2644/2644 2648/2648 2647/2647
f 2644/2644 2647/2647 2643/2643
f 2644/2644 2650/2650 2649/2649
f 2644/2644 2649/2649 2648/2648
f 2652/2652 2651/2651 2647/2647
f 2652/2652 2647/2647 2648/2648
f 2649/2649 2653/2653 2652/2652
f 2649/2649 2652/2652 2648/2648
f 2649/2649 2655/2655 2654/2654
f 2649/2649 2654/2654 2653/2653
f 2657/2657 2656/2656 2652/2652
f 2657/2657 2652/2652 2653/2653
f 2654/2654 2658/2658 2657/2657
f 2654/2654 2657/2657 2653/2653
f 2654/2654 2660/2660 2659/2659
f 2654/2654 2659/2659 2658/2658
f 2662/2662 2661/2661 2657/2657
f 2662/2662 2657/2657 2658/2658
f 2659/2659 2663/2663 2662/2662
f 2659/2659 2662/2662 2658/2658
f 2659/2659 2665/2665 2664/2664
f 2659/2659 2664/2664 2663/2663
f 2667/2667 2666/2666 2662/2662
f 2667/2667 2662/2662 2663/2663
f 2664/2664 2668/2668 2667/2667
f 2664/2664 2667/2667 2663/2663
f 2664/2664 2669/2669 2564/2564
f 2664/2664 2564/2564 2668/2668
f 2567/2567 2670/2670 2667/2667
f 2567/2567 2667/2667 2668/2668
f 2564/2564 2565/2565 2567/2567
f 2564/2564 2567/2567 2668/2668
f 2671/2671 2666/2666 2667/2667
f 2671/2671 2667/2667 2670/2670
f 2570/2570 2672/2672 2671/2671
f 2570/2570 2671/2671 2670/2670
f 2567/2567 2568/2568 2570/2570
f 2567/2567 2570/2570 2670/2670
f 2674/2674 2673/2673 2671/2671
f 2674/2674 2671/2671 2672/2672
f 2573/2573 2675/2675 2674/2674
f 2573/2573 2674/2674 2672/2672
f 2570/2570 2571/2571 2573/2573
f 2570/2570 2573/2573 2672/2672
f 2677/2677 2676/2676 2674/2674
f 2677/2677 2674/2674 2675/2675
f 2576/2576 2678/2678 2677/2677
f 2576/2576 2677/2677 2675/2675
f 2573/2573 2574/2574 2576/2576
f 2573/2573 2576/2576 2675/2675
f 2680/2680 2679/2679 2677/2677
f 2680/2680 2677/2677 2678/2678
f 2579/2579 2681/2681 2680/2680
f 2579/2579 2680/2680 2678/2678
f 2576/2576 2577/2577 2579/2579
f 2576/2576 2579/2579 2678/2678
f 2683/2683 2682/2682 2680/2680
f 2683/2683 2680/2680 2681/2681
f 2582/2582 2684/2684 2683/2683
f 2582/2582 2683/2683 2681/2681
f 2579/2579 2580/2580 2582/2582
f 2579/2579 2582/2582 2681/2681
f 2590/2590 2685/2685 2683/2683
f 2590/2590 2683/2683 2684/2684
f 2585/2585 2587/2587 2590/2590
f 2585/2585 2590/2590 2684/2684
f 2582/2582 2583/2583 2585/2585
f 2582/2582 2585/2585 2684/2684
f 2686/2686 2682/2682 2683/2683
f 2686/2686 2683/2683 2685/2685
f 2688/2688 2687/2687 2686/2686
f 2688/2688 2686/2686 2685/2685
f 2590/2590 2591/2591 2688/2688
f 2590/2590 2688/2688 2685/2685
f 2690/2690 2689/2689 2687/2687
f 2690/2690 2687/2687 2688/2688
f 2591/2591 2592/2592 2690/2690
f 2591/2591 2690/2690 2688/2688
f 2692/2692 2691/2691 2689/2689
f 2692/2692 2689/2689 2690/2690
f 2592/2592 2594/2594 2692/2692
f 2592/2592 2692/2692 2690/2690
f 2694/2694 2693/2693 2691/2691
f 2694/2694 2691/2691 2692/2692
f 2594/2594 2596/2596 2694/2694
f 2594/2594 2694/2694 2692/2692
f 2696/2696 2695/2695 2693/2693
f 2696/2696 2693/2693 2694/2694
f 2596/2596 2697/2697 2696/2696
f 2596/2596 2696/2696 2694/2694
f 75/75 76/76 2696/2696
f 75/75 2696/2696 2697/2697
f 2600/2600 80/80 75/75
f 2600/2600 75/75 2697/2697
f 2596/2596 2597/2597 2600/2600
f 2596/2596 2600/2600 2697/2697
f 76/76 2698/2698 2695/2695
f 76/76 2695/2695 2696/2696
f 2701/2701 2700/2700 2699/2699
f 2701/2701 2699/2699 2698/2698
f 76/76 77/77 2701/2701
f 76/76 2701/2701 2698/2698
f 2699/2699 2702/2702 2695/2695
f 2699/2699 2695/2695 2698/2698
f 2699/2699 2704/2704 2703/2703
f 2699/2699 2703/2703 2702/2702
f 2705/2705 2693/2693 2695/2695
f 2705/2705 2695/2695 2702/2702
f 2703/2703 2706/2706 2705/2705
f 2703/2703 2705/2705 2702/2702
f 2703/2703 2708/2708 2707/2707
f 2703/2703 2707/2707 2706/2706
f 2710/2710 2709/2709 2705/2705
f 2710/2710 2705/2705 2706/2706
f 2707/2707 2711/2711 2710/2710
f 2707/2707 2710/2710 2706/2706
f 2707/2707 2713/2713 2712/2712
f 2707/2707 2712/2712 2711/2711
f 2715/2715 2714/2714 2710/2710
f 2715/2715 2710/2710 2711/2711
f 2712/2712 2716/2716 2715/2715
f 2712/2712 2715/2715 2711/2711
f 2712/2712 2718/2718 2717/2717
f 2712/2712 2717/2717 2716/2716
f 72/72 73/73 2715/2715
f 72/72 2715/2715 2716/2716
f 2717/2717 2719/2719 72/72
f 2717/2717 72/72 2716/2716
f 2717/2717 2721/2721 2720/2720
f 2717/2717 2720/2720 2719/2719
f 2722/2722 71/71 72/72
f 2722/2722 72/72 2719/2719
f 2720/2720 2723/2723 2722/2722
f 2720/2720 2722/2722 2719/2719
f 2720/2720 2724/2724 2673/2673
f 2720/2720 2673/2673 2723/2723
f 2676/2676 2725/2725 2722/2722
f 2676/2676 2722/2722 2723/2723
f 2673/2673 2674/2674 2676/2676
f 2673/2673 2676/2676 2723/2723
f 70/70 71/71 2722/2722
f 70/70 2722/2722 2725/2725
f 2679/2679 2726/2726 70/70
f 2679/2679 70/70 2725/2725
f 2676/2676 2677/2677 2679/2679
f 2676/2676 2679/2679 2725/2725
f 2727/2727 69/69 70/70
f 2727/2727 70/70 2726/2726
f 2682/2682 2686/2686 2727/2727
f 2682/2682 2727/2727 2726/2726
f 2679/2679 2680/2680 2682/2682
f 2679/2679 2682/2682 2726/2726
f 2728/2728 74/74 69/69
f 2728/2728 69/69 2727/2727
f 2686/2686 2687/2687 2728/2728
f 2686/2686 2728/2728 2727/2727
f 2729/2729 2714/2714 74/74
f 2729/2729 74/74 2728/2728
f 2687/2687 2689/2689 2729/2729
f 2687/2687 2729/2729 2728/2728
f 2709/2709 2710/2710 2714/2714
f 2709/2709 2714/2714 2729/2729
f 2689/2689 2691/2691 2709/2709
f 2689/2689 2709/2709 2729/2729
f 2661/2661 2662/2662 2666/2666
f 2661/2661 2666/2666 2724/2724
f 2720/2720 2721/2721 2661/2661
f 2720/2720 2661/2661 2724/2724
f 2666/2666 2671/2671 2673/2673
f 2666/2666 2673/2673 2724/2724
f 2656/2656 2657/2657 2661/2661
f 2656/2656 2661/2661 2721/2721
f 2717/2717 2718/2718 2656/2656
f 2717/2717 2656/2656 2721/2721
f 2651/2651 2652/2652 2656/2656
f 2651/2651 2656/2656 2718/2718
f 2712/2712 2713/2713 2651/2651
f 2712/2712 2651/2651 2718/2718
f 73/73 74/74 2714/2714
f 73/73 2714/2714 2715/2715
f 2646/2646 2647/2647 2651/2651
f 2646/2646 2651/2651 2713/2713
f 2707/2707 2708/2708 2646/2646
f 2707/2707 2646/2646 2713/2713
f 2691/2691 2693/2693 2705/2705
f 2691/2691 2705/2705 2709/2709
f 2641/2641 2642/2642 2646/2646
f 2641/2641 2646/2646 2708/2708
f 2703/2703 2704/2704 2641/2641
f 2703/2703 2641/2641 2708/2708
f 2636/2636 2637/2637 2641/2641
f 2636/2636 2641/2641 2704/2704
f 2699/2699 2700/2700 2636/2636
f 2699/2699 2636/2636 2704/2704
f 2730/2730 2631/2631 2700/2700
f 2730/2730 2700/2700 2701/2701
f 77/77 78/78 2730/2730
f 77/77 2730/2730 2701/2701
f 2626/2626 2627/2627 2631/2631
f 2626/2626 2631/2631 2730/2730
f 78/78 2731/2731 2626/2626
f 78/78 2626/2626 2730/2730
f 2621/2621 2622/2622 2626/2626
f 2621/2621 2626/2626 2731/2731
f 2732/2732 2610/2610 2621/2621
f 2732/2732 2621/2621 2731/2731
f 78/78 79/79 2732/2732
f 78/78 2732/2732 2731/2731
f 2605/2605 2606/2606 2610/2610
f 2605/2605 2610/2610 2732/2732
f 79/79 80/80 2605/2605
f 79/79 2605/2605 2732/2732
f 2631/2631 2632/2632 2636/2636
f 2631/2631 2636/2636 2700/2700
f 2733/2733 2553/2553 2561/2561
f 2733/2733 2561/2561 2669/2669
f 2664/2664 2665/2665 2733/2733
f 2664/2664 2733/2733 2669/2669
f 2561/2561 2562/2562 2564/2564
f 2561/2561 2564/2564 2669/2669
f 2548/2548 2549/2549 2553/2553
f 2548/2548 2553/2553 2733/2733
f 2665/2665 2734/2734 2548/2548
f 2665/2665 2548/2548 2733/2733
f 2543/2543 2544/2544 2548/2548
f 2543/2543 2548/2548 2734/2734
f 2660/2660 2735/2735 2543/2543
f 2660/2660 2543/2543 2734/2734
f 2665/2665 2659/2659 2660/2660
f 2665/2665 2660/2660 2734/2734
f 2538/2538 2539/2539 2543/2543
f 2538/2538 2543/2543 2735/2735
f 2655/2655 2736/2736 2538/2538
f 2655/2655 2538/2538 2735/2735
f 2660/2660 2654/2654 2655/2655
f 2660/2660 2655/2655 2735/2735
f 2533/2533 2534/2534 2538/2538
f 2533/2533 2538/2538 2736/2736
f 2650/2650 2737/2737 2533/2533
f 2650/2650 2533/2533 2736/2736
f 2655/2655 2649/2649 2650/2650
f 2655/2655 2650/2650 2736/2736
f 2528/2528 2529/2529 2533/2533
f 2528/2528 2533/2533 2737/2737
f 2645/2645 2738/2738 2528/2528
f 2645/2645 2528/2528 2737/2737
f 2650/2650 2644/2644 2645/2645
f 2650/2650 2645/2645 2737/2737
f 2523/2523 2524/2524 2528/2528
f 2523/2523 2528/2528 2738/2738
f 2640/2640 2739/2739 2523/2523
f 2640/2640 2523/2523 2738/2738
f 2645/2645 2639/2639 2640/2640
f 2645/2645 2640/2640 2738/2738
f 2518/2518 2519/2519 2523/2523
f 2518/2518 2523/2523 2739/2739
f 2635/2635 2740/2740 2518/2518
f 2635/2635 2518/2518 2739/2739
f 2640/2640 2634/2634 2635/2635
f 2640/2640 2635/2635 2739/2739
f 2513/2513 2514/2514 2518/2518
f 2513/2513 2518/2518 2740/2740
f 2630/2630 2741/2741 2513/2513
f 2630/2630 2513/2513 2740/2740
f 2635/2635 2629/2629 2630/2630
f 2635/2635 2630/2630 2740/2740
f 2508/2508 2509/2509 2513/2513
f 2508/2508 2513/2513 2741/2741
f 2625/2625 2742/2742 2508/2508
f 2625/2625 2508/2508 2741/2741
f 2630/2630 2624/2624 2625/2625
f 2630/2630 2625/2625 2741/2741
f 2503/2503 2504/2504 2508/2508
f 2503/2503 2508/2508 2742/2742
f 2620/2620 2743/2743 2503/2503
f 2620/2620 2503/2503 2742/2742
f 2625/2625 2619/2619 2620/2620
f 2625/2625 2620/2620 2742/2742
f 2498/2498 2499/2499 2503/2503
f 2498/2498 2503/2503 2743/2743
f 2617/2617 58/58 2498/2498
f 2617/2617 2498/2498 2743/2743
f 2620/2620 2616/2616 2617/2617
f 2620/2620 2617/2617 2743/2743
f 2610/2610 2611/2611 2614/2614
f 2610/2610 2614/2614 2621/2621
f 57/57 8/8 58/58
f 57/57 58/58 2617/2617
f 2484/2484 2485/2485 2489/2489
f 2484/2484 2489/2489 2613/2613
f 2608/2608 2609/2609 2484/2484
f 2608/2608 2484/2484 2613/2613
f 2489/2489 55/55 56/56
f 2489/2489 56/56 2613/2613
f 2479/2479 2480/2480 2484/2484
f 2479/2479 2484/2484 2609/2609
f 2603/2603 2604/2604 2479/2479
f 2603/2603 2479/2479 2609/2609
f 80/80 2600/2600 2601/2601
f 80/80 2601/2601 2605/2605
f 47/47 2475/2475 2479/2479
f 47/47 2479/2479 2604/2604
f 2599/2599 44/44 47/47
f 2599/2599 47/47 2604/2604
f 2553/2553 2554/2554 2558/2558
f 2553/2553 2558/2558 2561/2561
f 2746/2746 2745/2745 2744/2744
f 2746/2746 2744/2744 2557/2557
f 2551/2551 2552/2552 2746/2746
f 2551/2551 2746/2746 2557/2557
f 2744/2744 2428/2428 2556/2556
f 2744/2744 2556/2556 2557/2557
f 2748/2748 2747/2747 2745/2745
f 2748/2748 2745/2745 2746/2746
f 2552/2552 2749/2749 2748/2748
f 2552/2552 2748/2748 2746/2746
f 2751/2751 2750/2750 2748/2748
f 2751/2751 2748/2748 2749/2749
f 2547/2547 2752/2752 2751/2751
f 2547/2547 2751/2751 2749/2749
f 2552/2552 2546/2546 2547/2547
f 2552/2552 2547/2547 2749/2749
f 2754/2754 2753/2753 2751/2751
f 2754/2754 2751/2751 2752/2752
f 2542/2542 2755/2755 2754/2754
f 2542/2542 2754/2754 2752/2752
f 2547/2547 2541/2541 2542/2542
f 2547/2547 2542/2542 2752/2752
f 2757/2757 2756/2756 2754/2754
f 2757/2757 2754/2754 2755/2755
f 2537/2537 2758/2758 2757/2757
f 2537/2537 2757/2757 2755/2755
f 2542/2542 2536/2536 2537/2537
f 2542/2542 2537/2537 2755/2755
f 2760/2760 2759/2759 2757/2757
f 2760/2760 2757/2757 2758/2758
f 2532/2532 2761/2761 2760/2760
f 2532/2532 2760/2760 2758/2758
f 2537/2537 2531/2531 2532/2532
f 2537/2537 2532/2532 2758/2758
f 2763/2763 2762/2762 2760/2760
f 2763/2763 2760/2760 2761/2761
f 2527/2527 2764/2764 2763/2763
f 2527/2527 2763/2763 2761/2761
f 2532/2532 2526/2526 2527/2527
f 2532/2532 2527/2527 2761/2761
f 2766/2766 2765/2765 2763/2763
f 2766/2766 2763/2763 2764/2764
f 2522/2522 2767/2767 2766/2766
f 2522/2522 2766/2766 2764/2764
f 2527/2527 2521/2521 2522/2522
f 2527/2527 2522/2522 2764/2764
f 2769/2769 2768/2768 2766/2766
f 2769/2769 2766/2766 2767/2767
f 2517/2517 2770/2770 2769/2769
f 2517/2517 2769/2769 2767/2767
f 2522/2522 2516/2516 2517/2517
f 2522/2522 2517/2517 2767/2767
f 2772/2772 2771/2771 2769/2769
f 2772/2772 2769/2769 2770/2770
f 2512/2512 2773/2773 2772/2772
f 2512/2512 2772/2772 2770/2770
f 2517/2517 2511/2511 2512/2512
f 2517/2517 2512/2512 2770/2770
f 2775/2775 2774/2774 2772/2772
f 2775/2775 2772/2772 2773/2773
f 2507/2507 2776/2776 2775/2775
f 2507/2507 2775/2775 2773/2773
f 2512/2512 2506/2506 2507/2507
f 2512/2512 2507/2507 2773/2773
f 2778/2778 2777/2777 2775/2775
f 2778/2778 2775/2775 2776/2776
f 2502/2502 2779/2779 2778/2778
f 2502/2502 2778/2778 2776/2776
f 2507/2507 2501/2501 2502/2502
f 2507/2507 2502/2502 2776/2776
f 2781/2781 2780/2780 2778/2778
f 2781/2781 2778/2778 2779/2779
f 2497/2497 2782/2782 2781/2781
f 2497/2497 2781/2781 2779/2779
f 2502/2502 2496/2496 2497/2497
f 2502/2502 2497/2497 2779/2779
f 2784/2784 2783/2783 2781/2781
f 2784/2784 2781/2781 2782/2782
f 2493/2493 2785/2785 2784/2784
f 2493/2493 2784/2784 2782/2782
f 2497/2497 2492/2492 2493/2493
f 2497/2497 2493/2493 2782/2782
f 2787/2787 2786/2786 2784/2784
f 2787/2787 2784/2784 2785/2785
f 2488/2488 2788/2788 2787/2787
f 2488/2488 2787/2787 2785/2785
f 2493/2493 2487/2487 2488/2488
f 2493/2493 2488/2488 2785/2785
f 2790/2790 2789/2789 2787/2787
f 2790/2790 2787/2787 2788/2788
f 2483/2483 2791/2791 2790/2790
f 2483/2483 2790/2790 2788/2788
f 2488/2488 2482/2482 2483/2483
f 2488/2488 2483/2483 2788/2788
f 2793/2793 2792/2792 2790/2790
f 2793/2793 2790/2790 2791/2791
f 2478/2478 2794/2794 2793/2793
f 2478/2478 2793/2793 2791/2791
f 2483/2483 2477/2477 2478/2478
f 2483/2483 2478/2478 2791/2791
f 2796/2796 2795/2795 2793/2793
f 2796/2796 2793/2793 2794/2794
f 2474/2474 2797/2797 2796/2796
f 2474/2474 2796/2796 2794/2794
f 2478/2478 2473/2473 2474/2474
f 2478/2478 2474/2474 2794/2794
f 2799/2799 2798/2798 2796/2796
f 2799/2799 2796/2796 2797/2797
f 38/38 35/35 2799/2799
f 38/38 2799/2799 2797/2797
f 2474/2474 2471/2471 38/38
f 2474/2474 38/38 2797/2797
f 2801/2801 2800/2800 2798/2798
f 2801/2801 2798/2798 2799/2799
f 35/35 36/36 2801/2801
f 35/35 2801/2801 2799/2799
f 2803/2803 2802/2802 2800/2800
f 2803/2803 2800/2800 2801/2801
f 36/36 2804/2804 2803/2803
f 36/36 2803/2803 2801/2801
f 2806/2806 2805/2805 2803/2803
f 2806/2806 2803/2803 2804/2804
f 2808/2808 2807/2807 2806/2806
f 2808/2808 2806/2806 2804/2804
f 36/36 32/32 2808/2808
f 36/36 2808/2808 2804/2804
f 2810/2810 2809/2809 2807/2807
f 2810/2810 2807/2807 2808/2808
f 32/32 33/33 2810/2810
f 32/32 2810/2810 2808/2808
f 2812/2812 2811/2811 2809/2809
f 2812/2812 2809/2809 2810/2810
f 33/33 2813/2813 2812/2812
f 33/33 2812/2812 2810/2810
f 2815/2815 2814/2814 2812/2812
f 2815/2815 2812/2812 2813/2813
f 54/54 49/49 2815/2815
f 54/54 2815/2815 2813/2813
f 33/33 34/34 54/54
f 33/33 54/54 2813/2813
f 2817/2817 2816/2816 2814/2814
f 2817/2817 2814/2814 2815/2815
f 49/49 50/50 2817/2817
f 49/49 2817/2817 2815/2815
f 2819/2819 2818/2818 2816/2816
f 2819/2819 2816/2816 2817/2817
f 50/50 2820/2820 2819/2819
f 50/50 2819/2819 2817/2817
f 2822/2822 2821/2821 2819/2819
f 2822/2822 2819/2819 2820/2820
f 2824/2824 2823/2823 2822/2822
f 2824/2824 2822/2822 2820/2820
f 50/50 51/51 2824/2824
f 50/50 2824/2824 2820/2820
f 2826/2826 2825/2825 2823/2823
f 2826/2826 2823/2823 2824/2824
f 51/51 52/52 2826/2826
f 51/51 2826/2826 2824/2824
f 62/62 63/63 2825/2825
f 62/62 2825/2825 2826/2826
f 52/52 61/61 62/62
f 52/52 62/62 2826/2826
f 2828/2828 2827/2827 2823/2823
f 2828/2828 2823/2823 2825/2825
f 63/63 2829/2829 2828/2828
f 63/63 2828/2828 2825/2825
f 2831/2831 2830/2830 2828/2828
f 2831/2831 2828/2828 2829/2829
f 2833/2833 2832/2832 2831/2831
f 2833/2833 2831/2831 2829/2829
f 63/63 64/64 2833/2833
f 63/63 2833/2833 2829/2829
f 2296/2296 2297/2297 2832/2832
f 2296/2296 2832/2832 2833/2833
f 64/64 2295/2295 2296/2296
f 64/64 2296/2296 2833/2833
f 2835/2835 2834/2834 2831/2831
f 2835/2835 2831/2831 2832/2832
f 2297/2297 2299/2299 2835/2835
f 2297/2297 2835/2835 2832/2832
f 2837/2837 2836/2836 2834/2834
f 2837/2837 2834/2834 2835/2835
f 2299/2299 2301/2301 2837/2837
f 2299/2299 2837/2837 2835/2835
f 2839/2839 2838/2838 2836/2836
f 2839/2839 2836/2836 2837/2837
f 2301/2301 2303/2303 2839/2839
f 2301/2301 2839/2839 2837/2837
f 2841/2841 2840/2840 2838/2838
f 2841/2841 2838/2838 2839/2839
f 2303/2303 2305/2305 2841/2841
f 2303/2303 2841/2841 2839/2839
f 2843/2843 2842/2842 2840/2840
f 2843/2843 2840/2840 2841/2841
f 2305/2305 2307/2307 2843/2843
f 2305/2305 2843/2843 2841/2841
f 2845/2845 2844/2844 2842/2842
f 2845/2845 2842/2842 2843/2843
f 2307/2307 2309/2309 2845/2845
f 2307/2307 2845/2845 2843/2843
f 2847/2847 2846/2846 2844/2844
f 2847/2847 2844/2844 2845/2845
f 2309/2309 2311/2311 2847/2847
f 2309/2309 2847/2847 2845/2845
f 2849/2849 2848/2848 2846/2846
f 2849/2849 2846/2846 2847/2847
f 2311/2311 2313/2313 2849/2849
f 2311/2311 2849/2849 2847/2847
f 2851/2851 2850/2850 2848/2848
f 2851/2851 2848/2848 2849/2849
f 2313/2313 2315/2315 2851/2851
f 2313/2313 2851/2851 2849/2849
f 2853/2853 2852/2852 2850/2850
f 2853/2853 2850/2850 2851/2851
f 2315/2315 2317/2317 2853/2853
f 2315/2315 2853/2853 2851/2851
f 2855/2855 2854/2854 2852/2852
f 2855/2855 2852/2852 2853/2853
f 2317/2317 2319/2319 2855/2855
f 2317/2317 2855/2855 2853/2853
f 2857/2857 2856/2856 2854/2854
f 2857/2857 2854/2854 2855/2855
f 2319/2319 2321/2321 2857/2857
f 2319/2319 2857/2857 2855/2855
f 2859/2859 2858/2858 2856/2856
f 2859/2859 2856/2856 2857/2857
f 2321/2321 2323/2323 2859/2859
f 2321/2321 2859/2859 2857/2857
f 2861/2861 2860/2860 2858/2858
f 2861/2861 2858/2858 2859/2859
f 2323/2323 2325/2325 2861/2861
f 2323/2323 2861/2861 2859/2859
f 2863/2863 2862/2862 2860/2860
f 2863/2863 2860/2860 2861/2861
f 2325/2325 2327/2327 2863/2863
f 2325/2325 2863/2863 2861/2861
f 2865/2865 2864/2864 2862/2862
f 2865/2865 2862/2862 2863/2863
f 2327/2327 2329/2329 2865/2865
f 2327/2327 2865/2865 2863/2863
f 2867/2867 2866/2866 2864/2864
f 2867/2867 2864/2864 2865/2865
f 2329/2329 2331/2331 2867/2867
f 2329/2329 2867/2867 2865/2865
f 2869/2869 2868/2868 2866/2866
f 2869/2869 2866/2866 2867/2867
f 2331/2331 2333/2333 2869/2869
f 2331/2331 2869/2869 2867/2867
f 2871/2871 2870/2870 2868/2868
f 2871/2871 2868/2868 2869/2869
f 2333/2333 2335/2335 2871/2871
f 2333/2333 2871/2871 2869/2869
f 2340/2340 2872/2872 2870/2870
f 2340/2340 2870/2870 2871/2871
f 2335/2335 2337/2337 2340/2340
f 2335/2335 2340/2340 2871/2871
f 2874/2874 2873/2873 2870/2870
f 2874/2874 2870/2870 2872/2872
f 2343/2343 2875/2875 2874/2874
f 2343/2343 2874/2874 2872/2872
f 2340/2340 2341/2341 2343/2343
f 2340/2340 2343/2343 2872/2872
f 2877/2877 2876/2876 2874/2874
f 2877/2877 2874/2874 2875/2875
f 2879/2879 2878/2878 2877/2877
f 2879/2879 2877/2877 2875/2875
f 2343/2343 2344/2344 2879/2879
f 2343/2343 2879/2879 2875/2875
f 2881/2881 2880/2880 2878/2878
f 2881/2881 2878/2878 2879/2879
f 2344/2344 2345/2345 2881/2881
f 2344/2344 2881/2881 2879/2879
f 2883/2883 2882/2882 2880/2880
f 2883/2883 2880/2880 2881/2881
f 2345/2345 2347/2347 2883/2883
f 2345/2345 2883/2883 2881/2881
f 2885/2885 2884/2884 2882/2882
f 2885/2885 2882/2882 2883/2883
f 2347/2347 2349/2349 2885/2885
f 2347/2347 2885/2885 2883/2883
f 2887/2887 2886/2886 2884/2884
f 2887/2887 2884/2884 2885/2885
f 2349/2349 2351/2351 2887/2887
f 2349/2349 2887/2887 2885/2885
f 2356/2356 2888/2888 2886/2886
f 2356/2356 2886/2886 2887/2887
f 2351/2351 2353/2353 2356/2356
f 2351/2351 2356/2356 2887/2887
f 2890/2890 2889/2889 2886/2886
f 2890/2890 2886/2886 2888/2888
f 2359/2359 2891/2891 2890/2890
f 2359/2359 2890/2890 2888/2888
f 2356/2356 2357/2357 2359/2359
f 2356/2356 2359/2359 2888/2888
f 2893/2893 2892/2892 2890/2890
f 2893/2893 2890/2890 2891/2891
f 2362/2362 2894/2894 2893/2893
f 2362/2362 2893/2893 2891/2891
f 2359/2359 2360/2360 2362/2362
f 2359/2359 2362/2362 2891/2891
f 2896/2896 2895/2895 2893/2893
f 2896/2896 2893/2893 2894/2894
f 2365/2365 2897/2897 2896/2896
f 2365/2365 2896/2896 2894/2894
f 2362/2362 2363/2363 2365/2365
f 2362/2362 2365/2365 2894/2894
f 2899/2899 2898/2898 2896/2896
f 2899/2899 2896/2896 2897/2897
f 2368/2368 2900/2900 2899/2899
f 2368/2368 2899/2899 2897/2897
f 2365/2365 2366/2366 2368/2368
f 2365/2365 2368/2368 2897/2897
f 2902/2902 2901/2901 2899/2899
f 2902/2902 2899/2899 2900/2900
f 2371/2371 2903/2903 2902/2902
f 2371/2371 2902/2902 2900/2900
f 2368/2368 2369/2369 2371/2371
f 2368/2368 2371/2371 2900/2900
f 2905/2905 2904/2904 2902/2902
f 2905/2905 2902/2902 2903/2903
f 2374/2374 2906/2906 2905/2905
f 2374/2374 2905/2905 2903/2903
f 2371/2371 2372/2372 2374/2374
f 2371/2371 2374/2374 2903/2903
f 2908/2908 2907/2907 2905/2905
f 2908/2908 2905/2905 2906/2906
f 2377/2377 2909/2909 2908/2908
f 2377/2377 2908/2908 2906/2906
f 2374/2374 2375/2375 2377/2377
f 2374/2374 2377/2377 2906/2906
f 2911/2911 2910/2910 2908/2908
f 2911/2911 2908/2908 2909/2909
f 2913/2913 2912/2912 2911/2911
f 2913/2913 2911/2911 2909/2909
f 2377/2377 2378/2378 2913/2913
f 2377/2377 2913/2913 2909/2909
f 2915/2915 2914/2914 2912/2912
f 2915/2915 2912/2912 2913/2913
f 2378/2378 2379/2379 2915/2915
f 2378/2378 2915/2915 2913/2913
f 2917/2917 2916/2916 2914/2914
f 2917/2917 2914/2914 2915/2915
f 2379/2379 2381/2381 2917/2917
f 2379/2379 2917/2917 2915/2915
f 2919/2919 2918/2918 2916/2916
f 2919/2919 2916/2916 2917/2917
f 2381/2381 2383/2383 2919/2919
f 2381/2381 2919/2919 2917/2917
f 2923/2923 2922/2922 2920/2920
f 2923/2923 2920/2920 2921/2921
f 2386/2386 2388/2388 2923/2923
f 2386/2386 2923/2923 2921/2921
f 2925/2925 2924/2924 2922/2922
f 2925/2925 2922/2922 2923/2923
f 2388/2388 2390/2390 2925/2925
f 2388/2388 2925/2925 2923/2923
f 2927/2927 2926/2926 2924/2924
f 2927/2927 2924/2924 2925/2925
f 2390/2390 2392/2392 2927/2927
f 2390/2390 2927/2927 2925/2925
f 2929/2929 2928/2928 2926/2926
f 2929/2929 2926/2926 2927/2927
f 2392/2392 2394/2394 2929/2929
f 2392/2392 2929/2929 2927/2927
f 2931/2931 2930/2930 2928/2928
f 2931/2931 2928/2928 2929/2929
f 2394/2394 2396/2396 2931/2931
f 2394/2394 2931/2931 2929/2929
f 2933/2933 2932/2932 2930/2930
f 2933/2933 2930/2930 2931/2931
f 2396/2396 2398/2398 2933/2933
f 2396/2396 2933/2933 2931/2931
f 2935/2935 2934/2934 2932/2932
f 2935/2935 2932/2932 2933/2933
f 2398/2398 2400/2400 2935/2935
f 2398/2398 2935/2935 2933/2933
f 2937/2937 2936/2936 2934/2934
f 2937/2937 2934/2934 2935/2935
f 2400/2400 2402/2402 2937/2937
f 2400/2400 2937/2937 2935/2935
f 2939/2939 2938/2938 2936/2936
f 2939/2939 2936/2936 2937/2937
f 2402/2402 2404/2404 2939/2939
f 2402/2402 2939/2939 2937/2937
f 2941/2941 2940/2940 2938/2938
f 2941/2941 2938/2938 2939/2939
f 2404/2404 2406/2406 2941/2941
f 2404/2404 2941/2941 2939/2939
f 2943/2943 2942/2942 2940/2940
f 2943/2943 2940/2940 2941/2941
f 2406/2406 2408/2408 2943/2943
f 2406/2406 2943/2943 2941/2941
f 2945/2945 2944/2944 2942/2942
f 2945/2945 2942/2942 2943/2943
f 2408/2408 2410/2410 2945/2945
f 2408/2408 2945/2945 2943/2943
f 2947/2947 2946/2946 2944/2944
f 2947/2947 2944/2944 2945/2945
f 2410/2410 2948/2948 2947/2947
f 2410/2410 2947/2947 2945/2945
f 2950/2950 2949/2949 2947/2947
f 2950/2950 2947/2947 2948/2948
f 2413/2413 2951/2951 2950/2950
f 2413/2413 2950/2950 2948/2948
f 2410/2410 2411/2411 2413/2413
f 2410/2410 2413/2413 2948/2948
f 2953/2953 2952/2952 2950/2950
f 2953/2953 2950/2950 2951/2951
f 2416/2416 2954/2954 2953/2953
f 2416/2416 2953/2953 2951/2951
f 2413/2413 2414/2414 2416/2416
f 2413/2413 2416/2416 2951/2951
f 2956/2956 2955/2955 2953/2953
f 2956/2956 2953/2953 2954/2954
f 2419/2419 2957/2957 2956/2956
f 2419/2419 2956/2956 2954/2954
f 2416/2416 2417/2417 2419/2419
f 2416/2416 2419/2419 2954/2954
f 2959/2959 2958/2958 2956/2956
f 2959/2959 2956/2956 2957/2957
f 2422/2422 2960/2960 2959/2959
f 2422/2422 2959/2959 2957/2957
f 2419/2419 2420/2420 2422/2422
f 2419/2419 2422/2422 2957/2957
f 2745/2745 2747/2747 2959/2959
f 2745/2745 2959/2959 2960/2960
f 2425/2425 2744/2744 2745/2745
f 2425/2425 2745/2745 2960/2960
f 2422/2422 2423/2423 2425/2425
f 2422/2422 2425/2425 2960/2960
f 2747/2747 2961/2961 2958/2958
f 2747/2747 2958/2958 2959/2959
f 2963/2963 2962/2962 2958/2958
f 2963/2963 2958/2958 2961/2961
f 2750/2750 2964/2964 2963/2963
f 2750/2750 2963/2963 2961/2961
f 2747/2747 2748/2748 2750/2750
f 2747/2747 2750/2750 2961/2961
f 2966/2966 2965/2965 2963/2963
f 2966/2966 2963/2963 2964/2964
f 2753/2753 2967/2967 2966/2966
f 2753/2753 2966/2966 2964/2964
f 2750/2750 2751/2751 2753/2753
f 2750/2750 2753/2753 2964/2964
f 2969/2969 2968/2968 2966/2966
f 2969/2969 2966/2966 2967/2967
f 2756/2756 2970/2970 2969/2969
f 2756/2756 2969/2969 2967/2967
f 2753/2753 2754/2754 2756/2756
f 2753/2753 2756/2756 2967/2967
f 2972/2972 2971/2971 2969/2969
f 2972/2972 2969/2969 2970/2970
f 2759/2759 2973/2973 2972/2972
f 2759/2759 2972/2972 2970/2970
f 2756/2756 2757/2757 2759/2759
f 2756/2756 2759/2759 2970/2970
f 2975/2975 2974/2974 2972/2972
f 2975/2975 2972/2972 2973/2973
f 2762/2762 2976/2976 2975/2975
f 2762/2762 2975/2975 2973/2973
f 2759/2759 2760/2760 2762/2762
f 2759/2759 2762/2762 2973/2973
f 2978/2978 2977/2977 2975/2975
f 2978/2978 2975/2975 2976/2976
f 2765/2765 2979/2979 2978/2978
f 2765/2765 2978/2978 2976/2976
f 2762/2762 2763/2763 2765/2765
f 2762/2762 2765/2765 2976/2976
f 2981/2981 2980/2980 2978/2978
f 2981/2981 2978/2978 2979/2979
f 2768/2768 2982/2982 2981/2981
f 2768/2768 2981/2981 2979/2979
f 2765/2765 2766/2766 2768/2768
f 2765/2765 2768/2768 2979/2979
f 2984/2984 2983/2983 2981/2981
f 2984/2984 2981/2981 2982/2982
f 2771/2771 2985/2985 2984/2984
f 2771/2771 2984/2984 2982/2982
f 2768/2768 2769/2769 2771/2771
f 2768/2768 2771/2771 2982/2982
f 2987/2987 2986/2986 2984/2984
f 2987/2987 2984/2984 2985/2985
f 2774/2774 2988/2988 2987/2987
f 2774/2774 2987/2987 2985/2985
f 2771/2771 2772/2772 2774/2774
f 2771/2771 2774/2774 2985/2985
f 2990/2990 2989/2989 2987/2987
f 2990/2990 2987/2987 2988/2988
f 2777/2777 2991/2991 2990/2990
f 2777/2777 2990/2990 2988/2988
f 2774/2774 2775/2775 2777/2777
f 2774/2774 2777/2777 2988/2988
f 2993/2993 2992/2992 2990/2990
f 2993/2993 2990/2990 2991/2991
f 2780/2780 2994/2994 2993/2993
f 2780/2780 2993/2993 2991/2991
f 2777/2777 2778/2778 2780/2780
f 2777/2777 2780/2780 2991/2991
f 2996/2996 2995/2995 2993/2993
f 2996/2996 2993/2993 2994/2994
f 2783/2783 2997/2997 2996/2996
f 2783/2783 2996/2996 2994/2994
f 2780/2780 2781/2781 2783/2783
f 2780/2780 2783/2783 2994/2994
f 2999/2999 2998/2998 2996/2996
f 2999/2999 2996/2996 2997/2997
f 2786/2786 3000/3000 2999/2999
f 2786/2786 2999/2999 2997/2997
f 2783/2783 2784/2784 2786/2786
f 2783/2783 2786/2786 2997/2997
f 3002/3002 3001/3001 2999/2999
f 3002/3002 2999/2999 3000/3000
f 2789/2789 3003/3003 3002/3002
f 2789/2789 3002/3002 3000/3000
f 2786/2786 2787/2787 2789/2789
f 2786/2786 2789/2789 3000/3000
f 3005/3005 3004/3004 3002/3002
f 3005/3005 3002/3002 3003/3003
f 2792/2792 3006/3006 3005/3005
f 2792/2792 3005/3005 3003/3003
f 2789/2789 2790/2790 2792/2792
f 2789/2789 2792/2792 3003/3003
f 3008/3008 3007/3007 3005/3005
f 3008/3008 3005/3005 3006/3006
f 2795/2795 3009/3009 3008/3008
f 2795/2795 3008/3008 3006/3006
f 2792/2792 2793/2793 2795/2795
f 2792/2792 2795/2795 3006/3006
f 3011/3011 3010/3010 3008/3008
f 3011/3011 3008/3008 3009/3009
f 2798/2798 2800/2800 3011/3011
f 2798/2798 3011/3011 3009/3009
f 2795/2795 2796/2796 2798/2798
f 2795/2795 2798/2798 3009/3009
f 3013/3013 3012/3012 3010/3010
f 3013/3013 3010/3010 3011/3011
f 2800/2800 2802/2802 3013/3013
f 2800/2800 3013/3013 3011/3011
f 3015/3015 3014/3014 3012/3012
f 3015/3015 3012/3012 3013/3013
f 2802/2802 3016/3016 3015/3015
f 2802/2802 3015/3015 3013/3013
f 3018/3018 3017/3017 3015/3015
f 3018/3018 3015/3015 3016/3016
f 2805/2805 3019/3019 3018/3018
f 2805/2805 3018/3018 3016/3016
f 2802/2802 2803/2803 2805/2805
f 2802/2802 2805/2805 3016/3016
f 3021/3021 3020/3020 3018/3018
f 3021/3021 3018/3018 3019/3019
f 3023/3023 3022/3022 3021/3021
f 3023/3023 3021/3021 3019/3019
f 2805/2805 2806/2806 3023/3023
f 2805/2805 3023/3023 3019/3019
f 3025/3025 3024/3024 3022/3022
f 3025/3025 3022/3022 3023/3023
f 2806/2806 2807/2807 3025/3025
f 2806/2806 3025/3025 3023/3023
f 3027/3027 3026/3026 3024/3024
f 3027/3027 3024/3024 3025/3025
f 2807/2807 2809/2809 3027/3027
f 2807/2807 3027/3027 3025/3025
f 3029/3029 3028/3028 3026/3026
f 3029/3029 3026/3026 3027/3027
f 2809/2809 2811/2811 3029/3029
f 2809/2809 3029/3029 3027/3027
f 3031/3031 3030/3030 3028/3028
f 3031/3031 3028/3028 3029/3029
f 2811/2811 3032/3032 3031/3031
f 2811/2811 3031/3031 3029/3029
f 3034/3034 3033/3033 3031/3031
f 3034/3034 3031/3031 3032/3032
f 2814/2814 2816/2816 3034/3034
f 2814/2814 3034/3034 3032/3032
f 2811/2811 2812/2812 2814/2814
f 2811/2811 2814/2814 3032/3032
f 3036/3036 3035/3035 3033/3033
f 3036/3036 3033/3033 3034/3034
f 2816/2816 2818/2818 3036/3036
f 2816/2816 3036/3036 3034/3034
f 3038/3038 3037/3037 3035/3035
f 3038/3038 3035/3035 3036/3036
f 2818/2818 3039/3039 3038/3038
f 2818/2818 3038/3038 3036/3036
f 3041/3041 3040/3040 3038/3038
f 3041/3041 3038/3038 3039/3039
f 2821/2821 3042/3042 3041/3041
f 2821/2821 3041/3041 3039/3039
f 2818/2818 2819/2819 2821/2821
f 2818/2818 2821/2821 3039/3039
f 3044/3044 3043/3043 3041/3041
f 3044/3044 3041/3041 3042/3042
f 3046/3046 3045/3045 3044/3044
f 3046/3046 3044/3044 3042/3042
f 2821/2821 2822/2822 3046/3046
f 2821/2821 3046/3046 3042/3042
f 2827/2827 3047/3047 3045/3045
f 2827/2827 3045/3045 3046/3046
f 2822/2822 2823/2823 2827/2827
f 2822/2822 2827/2827 3046/3046
f 3049/3049 3048/3048 3045/3045
f 3049/3049 3045/3045 3047/3047
f 2830/2830 3050/3050 3049/3049
f 2830/2830 3049/3049 3047/3047
f 2827/2827 2828/2828 2830/2830
f 2827/2827 2830/2830 3047/3047
f 3052/3052 3051/3051 3049/3049
f 3052/3052 3049/3049 3050/3050
f 2834/2834 2836/2836 3052/3052
f 2834/2834 3052/3052 3050/3050
f 2830/2830 2831/2831 2834/2834
f 2830/2830 2834/2834 3050/3050
f 3054/3054 3053/3053 3051/3051
f 3054/3054 3051/3051 3052/3052
f 2836/2836 2838/2838 3054/3054
f 2836/2836 3054/3054 3052/3052
f 3056/3056 3055/3055 3053/3053
f 3056/3056 3053/3053 3054/3054
f 2838/2838 2840/2840 3056/3056
f 2838/2838 3056/3056 3054/3054
f 3058/3058 3057/3057 3055/3055
f 3058/3058 3055/3055 3056/3056
f 2840/2840 2842/2842 3058/3058
f 2840/2840 3058/3058 3056/3056
f 3060/3060 3059/3059 3057/3057
f 3060/3060 3057/3057 3058/3058
f 2842/2842 2844/2844 3060/3060
f 2842/2842 3060/3060 3058/3058
f 3062/3062 3061/3061 3059/3059
f 3062/3062 3059/3059 3060/3060
f 2844/2844 2846/2846 3062/3062
f 2844/2844 3062/3062 3060/3060
f 3064/3064 3063/3063 3061/3061
f 3064/3064 3061/3061 3062/3062
f 2846/2846 2848/2848 3064/3064
f 2846/2846 3064/3064 3062/3062
f 3066/3066 3065/3065 3063/3063
f 3066/3066 3063/3063 3064/3064
f 2848/2848 2850/2850 3066/3066
f 2848/2848 3066/3066 3064/3064
f 3068/3068 3067/3067 3065/3065
f 3068/3068 3065/3065 3066/3066
f 2850/2850 2852/2852 3068/3068
f 2850/2850 3068/3068 3066/3066
f 3070/3070 3069/3069 3067/3067
f 3070/3070 3067/3067 3068/3068
f 2852/2852 2854/2854 3070/3070
f 2852/2852 3070/3070 3068/3068
f 3072/3072 3071/3071 3069/3069
f 3072/3072 3069/3069 3070/3070
f 2854/2854 2856/2856 3072/3072
f 2854/2854 3072/3072 3070/3070
f 3074/3074 3073/3073 3071/3071
f 3074/3074 3071/3071 3072/3072
f 2856/2856 2858/2858 3074/3074
f 2856/2856 3074/3074 3072/3072
f 3076/3076 3075/3075 3073/3073
f 3076/3076 3073/3073 3074/3074
f 2858/2858 2860/2860 3076/3076
f 2858/2858 3076/3076 3074/3074
f 3078/3078 3077/3077 3075/3075
f 3078/3078 3075/3075 3076/3076
f 2860/2860 2862/2862 3078/3078
f 2860/2860 3078/3078 3076/3076
f 3080/3080 3079/3079 3077/3077
f 3080/3080 3077/3077 3078/3078
f 2862/2862 2864/2864 3080/3080
f 2862/2862 3080/3080 3078/3078
f 3082/3082 3081/3081 3079/3079
f 3082/3082 3079/3079 3080/3080
f 2864/2864 2866/2866 3082/3082
f 2864/2864 3082/3082 3080/3080
f 3084/3084 3083/3083 3081/3081
f 3084/3084 3081/3081 3082/3082
f 2866/2866 2868/2868 3084/3084
f 2866/2866 3084/3084 3082/3082
f 2873/2873 3085/3085 3083/3083
f 2873/2873 3083/3083 3084/3084
f 2868/2868 2870/2870 2873/2873
f 2868/2868 2873/2873 3084/3084
f 3087/3087 3086/3086 3083/3083
f 3087/3087 3083/3083 3085/3085
f 2876/2876 3088/3088 3087/3087
f 2876/2876 3087/3087 3085/3085
f 2873/2873 2874/2874 2876/2876
f 2873/2873 2876/2876 3085/3085
f 3090/3090 3089/3089 3087/3087
f 3090/3090 3087/3087 3088/3088
f 3092/3092 3091/3091 3090/3090
f 3092/3092 3090/3090 3088/3088
f 2876/2876 2877/2877 3092/3092
f 2876/2876 3092/3092 3088/3088
f 3094/3094 3093/3093 3091/3091
f 3094/3094 3091/3091 3092/3092
f 2877/2877 2878/2878 3094/3094
f 2877/2877 3094/3094 3092/3092
f 3096/3096 3095/3095 3093/3093
f 3096/3096 3093/3093 3094/3094
f 2878/2878 2880/2880 3096/3096
f 2878/2878 3096/3096 3094/3094
f 3098/3098 3097/3097 3095/3095
f 3098/3098 3095/3095 3096/3096
f 2880/2880 2882/2882 3098/3098
f 2880/2880 3098/3098 3096/3096
f 3100/3100 3099/3099 3097/3097
f 3100/3100 3097/3097 3098/3098
f 2882/2882 2884/2884 3100/3100
f 2882/2882 3100/3100 3098/3098
f 2889/2889 3101/3101 3099/3099
f 2889/2889 3099/3099 3100/3100
f 2884/2884 2886/2886 2889/2889
f 2884/2884 2889/2889 3100/3100
f 3103/3103 3102/3102 3099/3099
f 3103/3103 3099/3099 3101/3101
f 2892/2892 3104/3104 3103/3103
f 2892/2892 3103/3103 3101/3101
f 2889/2889 2890/2890 2892/2892
f 2889/2889 2892/2892 3101/3101
f 3106/3106 3105/3105 3103/3103
f 3106/3106 3103/3103 3104/3104
f 2895/2895 3107/3107 3106/3106
f 2895/2895 3106/3106 3104/3104
f 2892/2892 2893/2893 2895/2895
f 2892/2892 2895/2895 3104/3104
f 3109/3109 3108/3108 3106/3106
f 3109/3109 3106/3106 3107/3107
f 2898/2898 3110/3110 3109/3109
f 2898/2898 3109/3109 3107/3107
f 2895/2895 2896/2896 2898/2898
f 2895/2895 2898/2898 3107/3107
f 3112/3112 3111/3111 3109/3109
f 3112/3112 3109/3109 3110/3110
f 2901/2901 3113/3113 3112/3112
f 2901/2901 3112/3112 3110/3110
f 2898/2898 2899/2899 2901/2901
f 2898/2898 2901/2901 3110/3110
f 3115/3115 3114/3114 3112/3112
f 3115/3115 3112/3112 3113/3113
f 2904/2904 3116/3116 3115/3115
f 2904/2904 3115/3115 3113/3113
f 2901/2901 2902/2902 2904/2904
f 2901/2901 2904/2904 3113/3113
f 3118/3118 3117/3117 3115/3115
f 3118/3118 3115/3115 3116/3116
f 2907/2907 3119/3119 3118/3118
f 2907/2907 3118/3118 3116/3116
f 2904/2904 2905/2905 2907/2907
f 2904/2904 2907/2907 3116/3116
f 3121/3121 3120/3120 3118/3118
f 3121/3121 3118/3118 3119/3119
f 2910/2910 3122/3122 3121/3121
f 2910/2910 3121/3121 3119/3119
f 2907/2907 2908/2908 2910/2910
f 2907/2907 2910/2910 3119/3119
f 3124/3124 3123/3123 3121/3121
f 3124/3124 3121/3121 3122/3122
f 3126/3126 3125/3125 3124/3124
f 3126/3126 3124/3124 3122/3122
f 2910/2910 2911/2911 3126/3126
f 2910/2910 3126/3126 3122/3122
f 3128/3128 3127/3127 3125/3125
f 3128/3128 3125/3125 3126/3126
f 2911/2911 2912/2912 3128/3128
f 2911/2911 3128/3128 3126/3126
f 3130/3130 3129/3129 3127/3127
f 3130/3130 3127/3127 3128/3128
f 2912/2912 2914/2914 3130/3130
f 2912/2912 3130/3130 3128/3128
f 3132/3132 3131/3131 3129/3129
f 3132/3132 3129/3129 3130/3130
f 2914/2914 2916/2916 3132/3132
f 2914/2914 3132/3132 3130/3130
f 3134/3134 3133/3133 3131/3131
f 3134/3134 3131/3131 3132/3132
f 2916/2916 2918/2918 3134/3134
f 2916/2916 3134/3134 3132/3132
f 3138/3138 3137/3137 3135/3135
f 3138/3138 3135/3135 3136/3136
f 2920/2920 2922/2922 3138/3138
f 2920/2920 3138/3138 3136/3136
f 3140/3140 3139/3139 3137/3137
f 3140/3140 3137/3137 3138/3138
f 2922/2922 2924/2924 3140/3140
f 2922/2922 3140/3140 3138/3138
f 3142/3142 3141/3141 3139/3139
f 3142/3142 3139/3139 3140/3140
f 2924/2924 2926/2926 3142/3142
f 2924/2924 3142/3142 3140/3140
f 3144/3144 3143/3143 3141/3141
f 3144/3144 3141/3141 3142/3142
f 2926/2926 2928/2928 3144/3144
f 2926/2926 3144/3144 3142/3142
f 3146/3146 3145/3145 3143/3143
f 3146/3146 3143/3143 3144/3144
f 2928/2928 2930/2930 3146/3146
f 2928/2928 3146/3146 3144/3144
f 3148/3148 3147/3147 3145/3145
f 3148/3148 3145/3145 3146/3146
f 2930/2930 2932/2932 3148/3148
f 2930/2930 3148/3148 3146/3146
f 3150/3150 3149/3149 3147/3147
f 3150/3150 3147/3147 3148/3148
f 2932/2932 2934/2934 3150/3150
f 2932/2932 3150/3150 3148/3148
f 3152/3152 3151/3151 3149/3149
f 3152/3152 3149/3149 3150/3150
f 2934/2934 2936/2936 3152/3152
f 2934/2934 3152/3152 3150/3150
f 3154/3154 3153/3153 3151/3151
f 3154/3154 3151/3151 3152/3152
f 2936/2936 2938/2938 3154/3154
f 2936/2936 3154/3154 3152/3152
f 3156/3156 3155/3155 3153/3153
f 3156/3156 3153/3153 3154/3154
f 2938/2938 2940/2940 3156/3156
f 2938/2938 3156/3156 3154/3154
f 3158/3158 3157/3157 3155/3155
f 3158/3158 3155/3155 3156/3156
f 2940/2940 2942/2942 3158/3158
f 2940/2940 3158/3158 3156/3156
f 3160/3160 3159/3159 3157/3157
f 3160/3160 3157/3157 3158/3158
f 2942/2942 2944/2944 3160/3160
f 2942/2942 3160/3160 3158/3158
f 3162/3162 3161/3161 3159/3159
f 3162/3162 3159/3159 3160/3160
f 2944/2944 2946/2946 3162/3162
f 2944/2944 3162/3162 3160/3160
f 3164/3164 3163/3163 3161/3161
f 3164/3164 3161/3161 3162/3162
f 2946/2946 3165/3165 3164/3164
f 2946/2946 3164/3164 3162/3162
f 3167/3167 3166/3166 3164/3164
f 3167/3167 3164/3164 3165/3165
f 2949/2949 3168/3168 3167/3167
f 2949/2949 3167/3167 3165/3165
f 2946/2946 2947/2947 2949/2949
f 2946/2946 2949/2949 3165/3165
f 3170/3170 3169/3169 3167/3167
f 3170/3170 3167/3167 3168/3168
f 2952/2952 3171/3171 3170/3170
f 2952/2952 3170/3170 3168/3168
f 2949/2949 2950/2950 2952/2952
f 2949/2949 2952/2952 3168/3168
f 3173/3173 3172/3172 3170/3170
f 3173/3173 3170/3170 3171/3171
f 2955/2955 2962/2962 3173/3173
f 2955/2955 3173/3173 3171/3171
f 2952/2952 2953/2953 2955/2955
f 2952/2952 2955/2955 3171/3171
f 2965/2965 3174/3174 3172/3172
f 2965/2965 3172/3172 3173/3173
f 2962/2962 2963/2963 2965/2965
f 2962/2962 2965/2965 3173/3173
f 3176/3176 3175/3175 3172/3172
f 3176/3176 3172/3172 3174/3174
f 2968/2968 3177/3177 3176/3176
f 2968/2968 3176/3176 3174/3174
f 2965/2965 2966/2966 2968/2968
f 2965/2965 2968/2968 3174/3174
f 3179/3179 3178/3178 3176/3176
f 3179/3179 3176/3176 3177/3177
f 2971/2971 3180/3180 3179/3179
f 2971/2971 3179/3179 3177/3177
f 2968/2968 2969/2969 2971/2971
f 2968/2968 2971/2971 3177/3177
f 3182/3182 3181/3181 3179/3179
f 3182/3182 3179/3179 3180/3180
f 2974/2974 3183/3183 3182/3182
f 2974/2974 3182/3182 3180/3180
f 2971/2971 2972/2972 2974/2974
f 2971/2971 2974/2974 3180/3180
f 3185/3185 3184/3184 3182/3182
f 3185/3185 3182/3182 3183/3183
f 2977/2977 3186/3186 3185/3185
f 2977/2977 3185/3185 3183/3183
f 2974/2974 2975/2975 2977/2977
f 2974/2974 2977/2977 3183/3183
f 3188/3188 3187/3187 3185/3185
f 3188/3188 3185/3185 3186/3186
f 2980/2980 3189/3189 3188/3188
f 2980/2980 3188/3188 3186/3186
f 2977/2977 2978/2978 2980/2980
f 2977/2977 2980/2980 3186/3186
f 3191/3191 3190/3190 3188/3188
f 3191/3191 3188/3188 3189/3189
f 2983/2983 3192/3192 3191/3191
f 2983/2983 3191/3191 3189/3189
f 2980/2980 2981/2981 2983/2983
f 2980/2980 2983/2983 3189/3189
f 3194/3194 3193/3193 3191/3191
f 3194/3194 3191/3191 3192/3192
f 2986/2986 3195/3195 3194/3194
f 2986/2986 3194/3194 3192/3192
f 2983/2983 2984/2984 2986/2986
f 2983/2983 2986/2986 3192/3192
f 3197/3197 3196/3196 3194/3194
f 3197/3197 3194/3194 3195/3195
f 2989/2989 3198/3198 3197/3197
f 2989/2989 3197/3197 3195/3195
f 2986/2986 2987/2987 2989/2989
f 2986/2986 2989/2989 3195/3195
f 3200/3200 3199/3199 3197/3197
f 3200/3200 3197/3197 3198/3198
f 2992/2992 3201/3201 3200/3200
f 2992/2992 3200/3200 3198/3198
f 2989/2989 2990/2990 2992/2992
f 2989/2989 2992/2992 3198/3198
f 3203/3203 3202/3202 3200/3200
f 3203/3203 3200/3200 3201/3201
f 2995/2995 3204/3204 3203/3203
f 2995/2995 3203/3203 3201/3201
f 2992/2992 2993/2993 2995/2995
f 2992/2992 2995/2995 3201/3201
f 3206/3206 3205/3205 3203/3203
f 3206/3206 3203/3203 3204/3204
f 2998/2998 3207/3207 3206/3206
f 2998/2998 3206/3206 3204/3204
f 2995/2995 2996/2996 2998/2998
f 2995/2995 2998/2998 3204/3204
f 3209/3209 3208/3208 3206/3206
f 3209/3209 3206/3206 3207/3207
f 3001/3001 3210/3210 3209/3209
f 3001/3001 3209/3209 3207/3207
f 2998/2998 2999/2999 3001/3001
f 2998/2998 3001/3001 3207/3207
f 3212/3212 3211/3211 3209/3209
f 3212/3212 3209/3209 3210/3210
f 3004/3004 3213/3213 3212/3212
f 3004/3004 3212/3212 3210/3210
f 3001/3001 3002/3002 3004/3004
f 3001/3001 3004/3004 3210/3210
f 3215/3215 3214/3214 3212/3212
f 3215/3215 3212/3212 3213/3213
f 3007/3007 3216/3216 3215/3215
f 3007/3007 3215/3215 3213/3213
f 3004/3004 3005/3005 3007/3007
f 3004/3004 3007/3007 3213/3213
f 3218/3218 3217/3217 3215/3215
f 3218/3218 3215/3215 3216/3216
f 3010/3010 3012/3012 3218/3218
f 3010/3010 3218/3218 3216/3216
f 3007/3007 3008/3008 3010/3010
f 3007/3007 3010/3010 3216/3216
f 3220/3220 3219/3219 3217/3217
f 3220/3220 3217/3217 3218/3218
f 3012/3012 3014/3014 3220/3220
f 3012/3012 3220/3220 3218/3218
f 3222/3222 3221/3221 3219/3219
f 3222/3222 3219/3219 3220/3220
f 3014/3014 3223/3223 3222/3222
f 3014/3014 3222/3222 3220/3220
f 3225/3225 3224/3224 3222/3222
f 3225/3225 3222/3222 3223/3223
f 3017/3017 3226/3226 3225/3225
f 3017/3017 3225/3225 3223/3223
f 3014/3014 3015/3015 3017/3017
f 3014/3014 3017/3017 3223/3223
f 3228/3228 3227/3227 3225/3225
f 3228/3228 3225/3225 3226/3226
f 3020/3020 3229/3229 3228/3228
f 3020/3020 3228/3228 3226/3226
f 3017/3017 3018/3018 3020/3020
f 3017/3017 3020/3020 3226/3226
f 3231/3231 3230/3230 3228/3228
f 3231/3231 3228/3228 3229/3229
f 3233/3233 3232/3232 3231/3231
f 3233/3233 3231/3231 3229/3229
f 3020/3020 3021/3021 3233/3233
f 3020/3020 3233/3233 3229/3229
f 3235/3235 3234/3234 3232/3232
f 3235/3235 3232/3232 3233/3233
f 3021/3021 3022/3022 3235/3235
f 3021/3021 3235/3235 3233/3233
f 3237/3237 3236/3236 3234/3234
f 3237/3237 3234/3234 3235/3235
f 3022/3022 3024/3024 3237/3237
f 3022/3022 3237/3237 3235/3235
f 3239/3239 3238/3238 3236/3236
f 3239/3239 3236/3236 3237/3237
f 3024/3024 3026/3026 3239/3239
f 3024/3024 3239/3239 3237/3237
f 3241/3241 3240/3240 3238/3238
f 3241/3241 3238/3238 3239/3239
f 3026/3026 3028/3028 3241/3241
f 3026/3026 3241/3241 3239/3239
f 3243/3243 3242/3242 3240/3240
f 3243/3243 3240/3240 3241/3241
f 3028/3028 3030/3030 3243/3243
f 3028/3028 3243/3243 3241/3241
f 3245/3245 3244/3244 3242/3242
f 3245/3245 3242/3242 3243/3243
f 3030/3030 3246/3246 3245/3245
f 3030/3030 3245/3245 3243/3243
f 3248/3248 3247/3247 3245/3245
f 3248/3248 3245/3245 3246/3246
f 3033/3033 3035/3035 3248/3248
f 3033/3033 3248/3248 3246/3246
f 3030/3030 3031/3031 3033/3033
f 3030/3030 3033/3033 3246/3246
f 3250/3250 3249/3249 3247/3247
f 3250/3250 3247/3247 3248/3248
f 3035/3035 3037/3037 3250/3250
f 3035/3035 3250/3250 3248/3248
f 3252/3252 3251/3251 3249/3249
f 3252/3252 3249/3249 3250/3250
f 3037/3037 3253/3253 3252/3252
f 3037/3037 3252/3252 3250/3250
f 3255/3255 3254/3254 3252/3252
f 3255/3255 3252/3252 3253/3253
f 3040/3040 3256/3256 3255/3255
f 3040/3040 3255/3255 3253/3253
f 3037/3037 3038/3038 3040/3040
f 3037/3037 3040/3040 3253/3253
f 3258/3258 3257/3257 3255/3255
f 3258/3258 3255/3255 3256/3256
f 3043/3043 3259/3259 3258/3258
f 3043/3043 3258/3258 3256/3256
f 3040/3040 3041/3041 3043/3043
f 3040/3040 3043/3043 3256/3256
f 3261/3261 3260/3260 3258/3258
f 3261/3261 3258/3258 3259/3259
f 3263/3263 3262/3262 3261/3261
f 3263/3263 3261/3261 3259/3259
f 3043/3043 3044/3044 3263/3263
f 3043/3043 3263/3263 3259/3259
f 3048/3048 3264/3264 3262/3262
f 3048/3048 3262/3262 3263/3263
f 3044/3044 3045/3045 3048/3048
f 3044/3044 3048/3048 3263/3263
f 3266/3266 3265/3265 3262/3262
f 3266/3266 3262/3262 3264/3264
f 3051/3051 3053/3053 3266/3266
f 3051/3051 3266/3266 3264/3264
f 3048/3048 3049/3049 3051/3051
f 3048/3048 3051/3051 3264/3264
f 3268/3268 3267/3267 3265/3265
f 3268/3268 3265/3265 3266/3266
f 3053/3053 3055/3055 3268/3268
f 3053/3053 3268/3268 3266/3266
f 3270/3270 3269/3269 3267/3267
f 3270/3270 3267/3267 3268/3268
f 3055/3055 3057/3057 3270/3270
f 3055/3055 3270/3270 3268/3268
f 3272/3272 3271/3271 3269/3269
f 3272/3272 3269/3269 3270/3270
f 3057/3057 3059/3059 3272/3272
f 3057/3057 3272/3272 3270/3270
f 3274/3274 3273/3273 3271/3271
f 3274/3274 3271/3271 3272/3272
f 3059/3059 3061/3061 3274/3274
f 3059/3059 3274/3274 3272/3272
f 3276/3276 3275/3275 3273/3273
f 3276/3276 3273/3273 3274/3274
f 3061/3061 3063/3063 3276/3276
f 3061/3061 3276/3276 3274/3274
f 3278/3278 3277/3277 3275/3275
f 3278/3278 3275/3275 3276/3276
f 3063/3063 3065/3065 3278/3278
f 3063/3063 3278/3278 3276/3276
f 3280/3280 3279/3279 3277/3277
f 3280/3280 3277/3277 3278/3278
f 3065/3065 3067/3067 3280/3280
f 3065/3065 3280/3280 3278/3278
f 3282/3282 3281/3281 3279/3279
f 3282/3282 3279/3279 3280/3280
f 3067/3067 3069/3069 3282/3282
f 3067/3067 3282/3282 3280/3280
f 3284/3284 3283/3283 3281/3281
f 3284/3284 3281/3281 3282/3282
f 3069/3069 3071/3071 3284/3284
f 3069/3069 3284/3284 3282/3282
f 3286/3286 3285/3285 3283/3283
f 3286/3286 3283/3283 3284/3284
f 3071/3071 3073/3073 3286/3286
f 3071/3071 3286/3286 3284/3284
f 3288/3288 3287/3287 3285/3285
f 3288/3288 3285/3285 3286/3286
f 3073/3073 3075/3075 3288/3288
f 3073/3073 3288/3288 3286/3286
f 3290/3290 3289/3289 3287/3287
f 3290/3290 3287/3287 3288/3288
f 3075/3075 3077/3077 3290/3290
f 3075/3075 3290/3290 3288/3288
f 3292/3292 3291/3291 3289/3289
f 3292/3292 3289/3289 3290/3290
f 3077/3077 3079/3079 3292/3292
f 3077/3077 3292/3292 3290/3290
f 3294/3294 3293/3293 3291/3291
f 3294/3294 3291/3291 3292/3292
f 3079/3079 3081/3081 3294/3294
f 3079/3079 3294/3294 3292/3292
f 3086/3086 3295/3295 3293/3293
f 3086/3086 3293/3293 3294/3294
f 3081/3081 3083/3083 3086/3086
f 3081/3081 3086/3086 3294/3294
f 3297/3297 3296/3296 3293/3293
f 3297/3297 3293/3293 3295/3295
f 3089/3089 3298/3298 3297/3297
f 3089/3089 3297/3297 3295/3295
f 3086/3086 3087/3087 3089/3089
f 3086/3086 3089/3089 3295/3295
f 3300/3300 3299/3299 3297/3297
f 3300/3300 3297/3297 3298/3298
f 3302/3302 3301/3301 3300/3300
f 3302/3302 3300/3300 3298/3298
f 3089/3089 3090/3090 3302/3302
f 3089/3089 3302/3302 3298/3298
f 3304/3304 3303/3303 3301/3301
f 3304/3304 3301/3301 3302/3302
f 3090/3090 3091/3091 3304/3304
f 3090/3090 3304/3304 3302/3302
f 3306/3306 3305/3305 3303/3303
f 3306/3306 3303/3303 3304/3304
f 3091/3091 3093/3093 3306/3306
f 3091/3091 3306/3306 3304/3304
f 3308/3308 3307/3307 3305/3305
f 3308/3308 3305/3305 3306/3306
f 3093/3093 3095/3095 3308/3308
f 3093/3093 3308/3308 3306/3306
f 3310/3310 3309/3309 3307/3307
f 3310/3310 3307/3307 3308/3308
f 3095/3095 3097/3097 3310/3310
f 3095/3095 3310/3310 3308/3308
f 3102/3102 3311/3311 3309/3309
f 3102/3102 3309/3309 3310/3310
f 3097/3097 3099/3099 3102/3102
f 3097/3097 3102/3102 3310/3310
f 3313/3313 3312/3312 3309/3309
f 3313/3313 3309/3309 3311/3311
f 3105/3105 3314/3314 3313/3313
f 3105/3105 3313/3313 3311/3311
f 3102/3102 3103/3103 3105/3105
f 3102/3102 3105/3105 3311/3311
f 3316/3316 3315/3315 3313/3313
f 3316/3316 3313/3313 3314/3314
f 3108/3108 3317/3317 3316/3316
f 3108/3108 3316/3316 3314/3314
f 3105/3105 3106/3106 3108/3108
f 3105/3105 3108/3108 3314/3314
f 3319/3319 3318/3318 3316/3316
f 3319/3319 3316/3316 3317/3317
f 3111/3111 3320/3320 3319/3319
f 3111/3111 3319/3319 3317/3317
f 3108/3108 3109/3109 3111/3111
f 3108/3108 3111/3111 3317/3317
f 3322/3322 3321/3321 3319/3319
f 3322/3322 3319/3319 3320/3320
f 3114/3114 3323/3323 3322/3322
f 3114/3114 3322/3322 3320/3320
f 3111/3111 3112/3112 3114/3114
f 3111/3111 3114/3114 3320/3320
f 3325/3325 3324/3324 3322/3322
f 3325/3325 3322/3322 3323/3323
f 3117/3117 3326/3326 3325/3325
f 3117/3117 3325/3325 3323/3323
f 3114/3114 3115/3115 3117/3117
f 3114/3114 3117/3117 3323/3323
f 3328/3328 3327/3327 3325/3325
f 3328/3328 3325/3325 3326/3326
f 3120/3120 3329/3329 3328/3328
f 3120/3120 3328/3328 3326/3326
f 3117/3117 3118/3118 3120/3120
f 3117/3117 3120/3120 3326/3326
f 3331/3331 3330/3330 3328/3328
f 3331/3331 3328/3328 3329/3329
f 3123/3123 3332/3332 3331/3331
f 3123/3123 3331/3331 3329/3329
f 3120/3120 3121/3121 3123/3123
f 3120/3120 3123/3123 3329/3329
f 3334/3334 3333/3333 3331/3331
f 3334/3334 3331/3331 3332/3332
f 3336/3336 3335/3335 3334/3334
f 3336/3336 3334/3334 3332/3332
f 3123/3123 3124/3124 3336/3336
f 3123/3123 3336/3336 3332/3332
f 3338/3338 3337/3337 3335/3335
f 3338/3338 3335/3335 3336/3336
f 3124/3124 3125/3125 3338/3338
f 3124/3124 3338/3338 3336/3336
f 3340/3340 3339/3339 3337/3337
f 3340/3340 3337/3337 3338/3338
f 3125/3125 3127/3127 3340/3340
f 3125/3125 3340/3340 3338/3338
f 3342/3342 3341/3341 3339/3339
f 3342/3342 3339/3339 3340/3340
f 3127/3127 3129/3129 3342/3342
f 3127/3127 3342/3342 3340/3340
f 3344/3344 3343/3343 3341/3341
f 3344/3344 3341/3341 3342/3342
f 3129/3129 3131/3131 3344/3344
f 3129/3129 3344/3344 3342/3342
f 3346/3346 3345/3345 3343/3343
f 3346/3346 3343/3343 3344/3344
f 3131/3131 3133/3133 3346/3346
f 3131/3131 3346/3346 3344/3344
f 3350/3350 3349/3349 3347/3347
f 3350/3350 3347/3347 3348/3348
f 3135/3135 3137/3137 3350/3350
f 3135/3135 3350/3350 3348/3348
f 3352/3352 3351/3351 3349/3349
f 3352/3352 3349/3349 3350/3350
f 3137/3137 3139/3139 3352/3352
f 3137/3137 3352/3352 3350/3350
f 3354/3354 3353/3353 3351/3351
f 3354/3354 3351/3351 3352/3352
f 3139/3139 3141/3141 3354/3354
f 3139/3139 3354/3354 3352/3352
f 3356/3356 3355/3355 3353/3353
f 3356/3356 3353/3353 3354/3354
f 3141/3141 3143/3143 3356/3356
f 3141/3141 3356/3356 3354/3354
f 3358/3358 3357/3357 3355/3355
f 3358/3358 3355/3355 3356/3356
f 3143/3143 3145/3145 3358/3358
f 3143/3143 3358/3358 3356/3356
f 3360/3360 3359/3359 3357/3357
f 3360/3360 3357/3357 3358/3358
f 3145/3145 3147/3147 3360/3360
f 3145/3145 3360/3360 3358/3358
f 3362/3362 3361/3361 3359/3359
f 3362/3362 3359/3359 3360/3360
f 3147/3147 3149/3149 3362/3362
f 3147/3147 3362/3362 3360/3360
f 3364/3364 3363/3363 3361/3361
f 3364/3364 3361/3361 3362/3362
f 3149/3149 3151/3151 3364/3364
f 3149/3149 3364/3364 3362/3362
f 3366/3366 3365/3365 3363/3363
f 3366/3366 3363/3363 3364/3364
f 3151/3151 3153/3153 3366/3366
f 3151/3151 3366/3366 3364/3364
f 3368/3368 3367/3367 3365/3365
f 3368/3368 3365/3365 3366/3366
f 3153/3153 3155/3155 3368/3368
f 3153/3153 3368/3368 3366/3366
f 3370/3370 3369/3369 3367/3367
f 3370/3370 3367/3367 3368/3368
f 3155/3155 3157/3157 3370/3370
f 3155/3155 3370/3370 3368/3368
f 3372/3372 3371/3371 3369/3369
f 3372/3372 3369/3369 3370/3370
f 3157/3157 3159/3159 3372/3372
f 3157/3157 3372/3372 3370/3370
f 3374/3374 3373/3373 3371/3371
f 3374/3374 3371/3371 3372/3372
f 3159/3159 3161/3161 3374/3374
f 3159/3159 3374/3374 3372/3372
f 3376/3376 3375/3375 3373/3373
f 3376/3376 3373/3373 3374/3374
f 3161/3161 3163/3163 3376/3376
f 3161/3161 3376/3376 3374/3374
f 3378/3378 3377/3377 3375/3375
f 3378/3378 3375/3375 3376/3376
f 3163/3163 3379/3379 3378/3378
f 3163/3163 3378/3378 3376/3376
f 3381/3381 3380/3380 3378/3378
f 3381/3381 3378/3378 3379/3379
f 3166/3166 3382/3382 3381/3381
f 3166/3166 3381/3381 3379/3379
f 3163/3163 3164/3164 3166/3166
f 3163/3163 3166/3166 3379/3379
f 3384/3384 3383/3383 3381/3381
f 3384/3384 3381/3381 3382/3382
f 3169/3169 3175/3175 3384/3384
f 3169/3169 3384/3384 3382/3382
f 3166/3166 3167/3167 3169/3169
f 3166/3166 3169/3169 3382/3382
f 3178/3178 3385/3385 3383/3383
f 3178/3178 3383/3383 3384/3384
f 3175/3175 3176/3176 3178/3178
f 3175/3175 3178/3178 3384/3384
f 3387/3387 3386/3386 3383/3383
f 3387/3387 3383/3383 3385/3385
f 3181/3181 3388/3388 3387/3387
f 3181/3181 3387/3387 3385/3385
f 3178/3178 3179/3179 3181/3181
f 3178/3178 3181/3181 3385/3385
f 3390/3390 3389/3389 3387/3387
f 3390/3390 3387/3387 3388/3388
f 3184/3184 3391/3391 3390/3390
f 3184/3184 3390/3390 3388/3388
f 3181/3181 3182/3182 3184/3184
f 3181/3181 3184/3184 3388/3388
f 3393/3393 3392/3392 3390/3390
f 3393/3393 3390/3390 3391/3391
f 3187/3187 3394/3394 3393/3393
f 3187/3187 3393/3393 3391/3391
f 3184/3184 3185/3185 3187/3187
f 3184/3184 3187/3187 3391/3391
f 3396/3396 3395/3395 3393/3393
f 3396/3396 3393/3393 3394/3394
f 3190/3190 3397/3397 3396/3396
f 3190/3190 3396/3396 3394/3394
f 3187/3187 3188/3188 3190/3190
f 3187/3187 3190/3190 3394/3394
f 3399/3399 3398/3398 3396/3396
f 3399/3399 3396/3396 3397/3397
f 3193/3193 3400/3400 3399/3399
f 3193/3193 3399/3399 3397/3397
f 3190/3190 3191/3191 3193/3193
f 3190/3190 3193/3193 3397/3397
f 3402/3402 3401/3401 3399/3399
f 3402/3402 3399/3399 3400/3400
f 3196/3196 3403/3403 3402/3402
f 3196/3196 3402/3402 3400/3400
f 3193/3193 3194/3194 3196/3196
f 3193/3193 3196/3196 3400/3400
f 3405/3405 3404/3404 3402/3402
f 3405/3405 3402/3402 3403/3403
f 3199/3199 3406/3406 3405/3405
f 3199/3199 3405/3405 3403/3403
f 3196/3196 3197/3197 3199/3199
f 3196/3196 3199/3199 3403/3403
f 3408/3408 3407/3407 3405/3405
f 3408/3408 3405/3405 3406/3406
f 3202/3202 3409/3409 3408/3408
f 3202/3202 3408/3408 3406/3406
f 3199/3199 3200/3200 3202/3202
f 3199/3199 3202/3202 3406/3406
f 3411/3411 3410/3410 3408/3408
f 3411/3411 3408/3408 3409/3409
f 3205/3205 3412/3412 3411/3411
f 3205/3205 3411/3411 3409/3409
f 3202/3202 3203/3203 3205/3205
f 3202/3202 3205/3205 3409/3409
f 3414/3414 3413/3413 3411/3411
f 3414/3414 3411/3411 3412/3412
f 3208/3208 3415/3415 3414/3414
f 3208/3208 3414/3414 3412/3412
f 3205/3205 3206/3206 3208/3208
f 3205/3205 3208/3208 3412/3412
f 3417/3417 3416/3416 3414/3414
f 3417/3417 3414/3414 3415/3415
f 3211/3211 3418/3418 3417/3417
f 3211/3211 3417/3417 3415/3415
f 3208/3208 3209/3209 3211/3211
f 3208/3208 3211/3211 3415/3415
f 3420/3420 3419/3419 3417/3417
f 3420/3420 3417/3417 3418/3418
f 3214/3214 3421/3421 3420/3420
f 3214/3214 3420/3420 3418/3418
f 3211/3211 3212/3212 3214/3214
f 3211/3211 3214/3214 3418/3418
f 3423/3423 3422/3422 3420/3420
f 3423/3423 3420/3420 3421/3421
f 3217/3217 3219/3219 3423/3423
f 3217/3217 3423/3423 3421/3421
f 3214/3214 3215/3215 3217/3217
f 3214/3214 3217/3217 3421/3421
f 3425/3425 3424/3424 3422/3422
f 3425/3425 3422/3422 3423/3423
f 3219/3219 3221/3221 3425/3425
f 3219/3219 3425/3425 3423/3423
f 3427/3427 3426/3426 3424/3424
f 3427/3427 3424/3424 3425/3425
f 3221/3221 3428/3428 3427/3427
f 3221/3221 3427/3427 3425/3425
f 3430/3430 3429/3429 3427/3427
f 3430/3430 3427/3427 3428/3428
f 3224/3224 3431/3431 3430/3430
f 3224/3224 3430/3430 3428/3428
f 3221/3221 3222/3222 3224/3224
f 3221/3221 3224/3224 3428/3428
f 21/21 22/22 3430/3430
f 21/21 3430/3430 3431/3431
f 3227/3227 3432/3432 21/21
f 3227/3227 21/21 3431/3431
f 3224/3224 3225/3225 3227/3227
f 3224/3224 3227/3227 3431/3431
f 3227/3227 3228/3228 3230/3230
f 3227/3227 3230/3230 3432/3432
f 3433/3433 20/20 21/21
f 3433/3433 21/21 3432/3432
f 3230/3230 3434/3434 3433/3433
f 3230/3230 3433/3433 3432/3432
f 3230/3230 3231/3231 3435/3435
f 3230/3230 3435/3435 3434/3434
f 3437/3437 3436/3436 3433/3433
f 3437/3437 3433/3433 3434/3434
f 3435/3435 3438/3438 3437/3437
f 3435/3435 3437/3437 3434/3434
f 3435/3435 3440/3440 3439/3439
f 3435/3435 3439/3439 3438/3438
f 3442/3442 3441/3441 3437/3437
f 3442/3442 3437/3437 3438/3438
f 3439/3439 3443/3443 3442/3442
f 3439/3439 3442/3442 3438/3438
f 3439/3439 3445/3445 3444/3444
f 3439/3439 3444/3444 3443/3443
f 3447/3447 3446/3446 3442/3442
f 3447/3447 3442/3442 3443/3443
f 3444/3444 3448/3448 3447/3447
f 3444/3444 3447/3447 3443/3443
f 3444/3444 3450/3450 3449/3449
f 3444/3444 3449/3449 3448/3448
f 3452/3452 3451/3451 3447/3447
f 3452/3452 3447/3447 3448/3448
f 3449/3449 3453/3453 3452/3452
f 3449/3449 3452/3452 3448/3448
f 3449/3449 3455/3455 3454/3454
f 3449/3449 3454/3454 3453/3453
f 3457/3457 3456/3456 3452/3452
f 3457/3457 3452/3452 3453/3453
f 3454/3454 3458/3458 3457/3457
f 3454/3454 3457/3457 3453/3453
f 3454/3454 3460/3460 3459/3459
f 3454/3454 3459/3459 3458/3458
f 3462/3462 3461/3461 3457/3457
f 3462/3462 3457/3457 3458/3458
f 3459/3459 3463/3463 3462/3462
f 3459/3459 3462/3462 3458/3458
f 3459/3459 3465/3465 3464/3464
f 3459/3459 3464/3464 3463/3463
f 3467/3467 3466/3466 3462/3462
f 3467/3467 3462/3462 3463/3463
f 3464/3464 3468/3468 3467/3467
f 3464/3464 3467/3467 3463/3463
f 3464/3464 3470/3470 3469/3469
f 3464/3464 3469/3469 3468/3468
f 3472/3472 3471/3471 3467/3467
f 3472/3472 3467/3467 3468/3468
f 3469/3469 3473/3473 3472/3472
f 3469/3469 3472/3472 3468/3468
f 3469/3469 3475/3475 3474/3474
f 3469/3469 3474/3474 3473/3473
f 3477/3477 3476/3476 3472/3472
f 3477/3477 3472/3472 3473/3473
f 3474/3474 3478/3478 3477/3477
f 3474/3474 3477/3477 3473/3473
f 3474/3474 3480/3480 3479/3479
f 3474/3474 3479/3479 3478/3478
f 3482/3482 3481/3481 3477/3477
f 3482/3482 3477/3477 3478/3478
f 3479/3479 3483/3483 3482/3482
f 3479/3479 3482/3482 3478/3478
f 3479/3479 3485/3485 3484/3484
f 3479/3479 3484/3484 3483/3483
f 3487/3487 3486/3486 3482/3482
f 3487/3487 3482/3482 3483/3483
f 3484/3484 3488/3488 3487/3487
f 3484/3484 3487/3487 3483/3483
f 3484/3484 3490/3490 3489/3489
f 3484/3484 3489/3489 3488/3488
f 3492/3492 3491/3491 3487/3487
f 3492/3492 3487/3487 3488/3488
f 3489/3489 3493/3493 3492/3492
f 3489/3489 3492/3492 3488/3488
f 3489/3489 3495/3495 3494/3494
f 3489/3489 3494/3494 3493/3493
f 3497/3497 3496/3496 3492/3492
f 3497/3497 3492/3492 3493/3493
f 3494/3494 3498/3498 3497/3497
f 3494/3494 3497/3497 3493/3493
f 3494/3494 3500/3500 3499/3499
f 3494/3494 3499/3499 3498/3498
f 3502/3502 3501/3501 3497/3497
f 3502/3502 3497/3497 3498/3498
f 3499/3499 3503/3503 3502/3502
f 3499/3499 3502/3502 3498/3498
f 3499/3499 3505/3505 3504/3504
f 3499/3499 3504/3504 3503/3503
f 3507/3507 3506/3506 3502/3502
f 3507/3507 3502/3502 3503/3503
f 3504/3504 3508/3508 3507/3507
f 3504/3504 3507/3507 3503/3503
f 3504/3504 3510/3510 3509/3509
f 3504/3504 3509/3509 3508/3508
f 3512/3512 3511/3511 3507/3507
f 3512/3512 3507/3507 3508/3508
f 3509/3509 3513/3513 3512/3512
f 3509/3509 3512/3512 3508/3508
f 3509/3509 3515/3515 3514/3514
f 3509/3509 3514/3514 3513/3513
f 3517/3517 3516/3516 3512/3512
f 3517/3517 3512/3512 3513/3513
f 3514/3514 3518/3518 3517/3517
f 3514/3514 3517/3517 3513/3513
f 3514/3514 3520/3520 3519/3519
f 3514/3514 3519/3519 3518/3518
f 3522/3522 3521/3521 3517/3517
f 3522/3522 3517/3517 3518/3518
f 3519/3519 3523/3523 3522/3522
f 3519/3519 3522/3522 3518/3518
f 3519/3519 3525/3525 3524/3524
f 3519/3519 3524/3524 3523/3523
f 3527/3527 3526/3526 3522/3522
f 3527/3527 3522/3522 3523/3523
f 3524/3524 3528/3528 3527/3527
f 3524/3524 3527/3527 3523/3523
f 3524/3524 3530/3530 3529/3529
f 3524/3524 3529/3529 3528/3528
f 3532/3532 3531/3531 3527/3527
f 3532/3532 3527/3527 3528/3528
f 3529/3529 3533/3533 3532/3532
f 3529/3529 3532/3532 3528/3528
f 3529/3529 3535/3535 3534/3534
f 3529/3529 3534/3534 3533/3533
f 3537/3537 3536/3536 3532/3532
f 3537/3537 3532/3532 3533/3533
f 3534/3534 3538/3538 3537/3537
f 3534/3534 3537/3537 3533/3533
f 3534/3534 3540/3540 3539/3539
f 3534/3534 3539/3539 3538/3538
f 3542/3542 3541/3541 3537/3537
f 3542/3542 3537/3537 3538/3538
f 3539/3539 3543/3543 3542/3542
f 3539/3539 3542/3542 3538/3538
f 3539/3539 3545/3545 3544/3544
f 3539/3539 3544/3544 3543/3543
f 3547/3547 3546/3546 3542/3542
f 3547/3547 3542/3542 3543/3543
f 3544/3544 3548/3548 3547/3547
f 3544/3544 3547/3547 3543/3543
f 3544/3544 3550/3550 3549/3549
f 3544/3544 3549/3549 3548/3548
f 3552/3552 3551/3551 3547/3547
f 3552/3552 3547/3547 3548/3548
f 3549/3549 3553/3553 3552/3552
f 3549/3549 3552/3552 3548/3548
f 3549/3549 3555/3555 3554/3554
f 3549/3549 3554/3554 3553/3553
f 3557/3557 3556/3556 3552/3552
f 3557/3557 3552/3552 3553/3553
f 3554/3554 3558/3558 3557/3557
f 3554/3554 3557/3557 3553/3553
f 3554/3554 3560/3560 3559/3559
f 3554/3554 3559/3559 3558/3558
f 3562/3562 3561/3561 3557/3557
f 3562/3562 3557/3557 3558/3558
f 3559/3559 3563/3563 3562/3562
f 3559/3559 3562/3562 3558/3558
f 3559/3559 3565/3565 3564/3564
f 3559/3559 3564/3564 3563/3563
f 3567/3567 3566/3566 3562/3562
f 3567/3567 3562/3562 3563/3563
f 3564/3564 3568/3568 3567/3567
f 3564/3564 3567/3567 3563/3563
f 3564/3564 3570/3570 3569/3569
f 3564/3564 3569/3569 3568/3568
f 3572/3572 3571/3571 3567/3567
f 3572/3572 3567/3567 3568/3568
f 3569/3569 3573/3573 3572/3572
f 3569/3569 3572/3572 3568/3568
f 3575/3575 3574/3574 3572/3572
f 3575/3575 3572/3572 3573/3573
f 3577/3577 3576/3576 3575/3575
f 3577/3577 3575/3575 3573/3573
f 3569/3569 3578/3578 3577/3577
f 3569/3569 3577/3577 3573/3573
f 3569/3569 3570/3570 3579/3579
f 3569/3569 3579/3579 3578/3578
f 3581/3581 3580/3580 3577/3577
f 3581/3581 3577/3577 3578/3578
f 3579/3579 3582/3582 3581/3581
f 3579/3579 3581/3581 3578/3578
f 3579/3579 3584/3584 3583/3583
f 3579/3579 3583/3583 3582/3582
f 3586/3586 3585/3585 3581/3581
f 3586/3586 3581/3581 3582/3582
f 3583/3583 3587/3587 3586/3586
f 3583/3583 3586/3586 3582/3582
f 3583/3583 3589/3589 3588/3588
f 3583/3583 3588/3588 3587/3587
f 3591/3591 3590/3590 3586/3586
f 3591/3591 3586/3586 3587/3587
f 3588/3588 3592/3592 3591/3591
f 3588/3588 3591/3591 3587/3587
f 3588/3588 3594/3594 3593/3593
f 3588/3588 3593/3593 3592/3592
f 3596/3596 3595/3595 3591/3591
f 3596/3596 3591/3591 3592/3592
f 3593/3593 3597/3597 3596/3596
f 3593/3593 3596/3596 3592/3592
f 3593/3593 3599/3599 3598/3598
f 3593/3593 3598/3598 3597/3597
f 3601/3601 3600/3600 3596/3596
f 3601/3601 3596/3596 3597/3597
f 3598/3598 3602/3602 3601/3601
f 3598/3598 3601/3601 3597/3597
f 3598/3598 3604/3604 3603/3603
f 3598/3598 3603/3603 3602/3602
f 3606/3606 3605/3605 3601/3601
f 3606/3606 3601/3601 3602/3602
f 3603/3603 3607/3607 3606/3606
f 3603/3603 3606/3606 3602/3602
f 3603/3603 3609/3609 3608/3608
f 3603/3603 3608/3608 3607/3607
f 3611/3611 3610/3610 3606/3606
f 3611/3611 3606/3606 3607/3607
f 3608/3608 3612/3612 3611/3611
f 3608/3608 3611/3611 3607/3607
f 3608/3608 3614/3614 3613/3613
f 3608/3608 3613/3613 3612/3612
f 3616/3616 3615/3615 3611/3611
f 3616/3616 3611/3611 3612/3612
f 3613/3613 3617/3617 3616/3616
f 3613/3613 3616/3616 3612/3612
f 3613/3613 3619/3619 3618/3618
f 3613/3613 3618/3618 3617/3617
f 3621/3621 3620/3620 3616/3616
f 3621/3621 3616/3616 3617/3617
f 3618/3618 3622/3622 3621/3621
f 3618/3618 3621/3621 3617/3617
f 3618/3618 3624/3624 3623/3623
f 3618/3618 3623/3623 3622/3622
f 3626/3626 3625/3625 3621/3621
f 3626/3626 3621/3621 3622/3622
f 3623/3623 3627/3627 3626/3626
f 3623/3623 3626/3626 3622/3622
f 3623/3623 3629/3629 3628/3628
f 3623/3623 3628/3628 3627/3627
f 3631/3631 3630/3630 3626/3626
f 3631/3631 3626/3626 3627/3627
f 3628/3628 3632/3632 3631/3631
f 3628/3628 3631/3631 3627/3627
f 3628/3628 3634/3634 3633/3633
f 3628/3628 3633/3633 3632/3632
f 3636/3636 3635/3635 3631/3631
f 3636/3636 3631/3631 3632/3632
f 3633/3633 3637/3637 3636/3636
f 3633/3633 3636/3636 3632/3632
f 3633/3633 3639/3639 3638/3638
f 3633/3633 3638/3638 3637/3637
f 3641/3641 3640/3640 3636/3636
f 3641/3641 3636/3636 3637/3637
f 3638/3638 3642/3642 3641/3641
f 3638/3638 3641/3641 3637/3637
f 3638/3638 3644/3644 3643/3643
f 3638/3638 3643/3643 3642/3642
f 3646/3646 3645/3645 3641/3641
f 3646/3646 3641/3641 3642/3642
f 3643/3643 3647/3647 3646/3646
f 3643/3643 3646/3646 3642/3642
f 3643/3643 3649/3649 3648/3648
f 3643/3643 3648/3648 3647/3647
f 3651/3651 3650/3650 3646/3646
f 3651/3651 3646/3646 3647/3647
f 3648/3648 3652/3652 3651/3651
f 3648/3648 3651/3651 3647/3647
f 3648/3648 3654/3654 3653/3653
f 3648/3648 3653/3653 3652/3652
f 3656/3656 3655/3655 3651/3651
f 3656/3656 3651/3651 3652/3652
f 3653/3653 3657/3657 3656/3656
f 3653/3653 3656/3656 3652/3652
f 3653/3653 3659/3659 3658/3658
f 3653/3653 3658/3658 3657/3657
f 3661/3661 3660/3660 3656/3656
f 3661/3661 3656/3656 3657/3657
f 3658/3658 3662/3662 3661/3661
f 3658/3658 3661/3661 3657/3657
f 3658/3658 3663/3663 3260/3260
f 3658/3658 3260/3260 3662/3662
f 3665/3665 3664/3664 3661/3661
f 3665/3665 3661/3661 3662/3662
f 3260/3260 3261/3261 3665/3665
f 3260/3260 3665/3665 3662/3662
f 3265/3265 3267/3267 3664/3664
f 3265/3265 3664/3664 3665/3665
f 3261/3261 3262/3262 3265/3265
f 3261/3261 3265/3265 3665/3665
f 3666/3666 3660/3660 3661/3661
f 3666/3666 3661/3661 3664/3664
f 3267/3267 3269/3269 3666/3666
f 3267/3267 3666/3666 3664/3664
f 3668/3668 3667/3667 3660/3660
f 3668/3668 3660/3660 3666/3666
f 3269/3269 3271/3271 3668/3668
f 3269/3269 3668/3668 3666/3666
f 3670/3670 3669/3669 3667/3667
f 3670/3670 3667/3667 3668/3668
f 3271/3271 3273/3273 3670/3670
f 3271/3271 3670/3670 3668/3668
f 3672/3672 3671/3671 3669/3669
f 3672/3672 3669/3669 3670/3670
f 3273/3273 3275/3275 3672/3672
f 3273/3273 3672/3672 3670/3670
f 3674/3674 3673/3673 3671/3671
f 3674/3674 3671/3671 3672/3672
f 3275/3275 3277/3277 3674/3674
f 3275/3275 3674/3674 3672/3672
f 3676/3676 3675/3675 3673/3673
f 3676/3676 3673/3673 3674/3674
f 3277/3277 3279/3279 3676/3676
f 3277/3277 3676/3676 3674/3674
f 3678/3678 3677/3677 3675/3675
f 3678/3678 3675/3675 3676/3676
f 3279/3279 3281/3281 3678/3678
f 3279/3279 3678/3678 3676/3676
f 3680/3680 3679/3679 3677/3677
f 3680/3680 3677/3677 3678/3678
f 3281/3281 3283/3283 3680/3680
f 3281/3281 3680/3680 3678/3678
f 3682/3682 3681/3681 3679/3679
f 3682/3682 3679/3679 3680/3680
f 3283/3283 3285/3285 3682/3682
f 3283/3283 3682/3682 3680/3680
f 3684/3684 3683/3683 3681/3681
f 3684/3684 3681/3681 3682/3682
f 3285/3285 3287/3287 3684/3684
f 3285/3285 3684/3684 3682/3682
f 3686/3686 3685/3685 3683/3683
f 3686/3686 3683/3683 3684/3684
f 3287/3287 3289/3289 3686/3686
f 3287/3287 3686/3686 3684/3684
f 3688/3688 3687/3687 3685/3685
f 3688/3688 3685/3685 3686/3686
f 3289/3289 3291/3291 3688/3688
f 3289/3289 3688/3688 3686/3686
f 3296/3296 3689/3689 3687/3687
f 3296/3296 3687/3687 3688/3688
f 3291/3291 3293/3293 3296/3296
f 3291/3291 3296/3296 3688/3688
f 3691/3691 3690/3690 3687/3687
f 3691/3691 3687/3687 3689/3689
f 3299/3299 3692/3692 3691/3691
f 3299/3299 3691/3691 3689/3689
f 3296/3296 3297/3297 3299/3299
f 3296/3296 3299/3299 3689/3689
f 3694/3694 3693/3693 3691/3691
f 3694/3694 3691/3691 3692/3692
f 3696/3696 3695/3695 3694/3694
f 3696/3696 3694/3694 3692/3692
f 3299/3299 3300/3300 3696/3696
f 3299/3299 3696/3696 3692/3692
f 3698/3698 3697/3697 3695/3695
f 3698/3698 3695/3695 3696/3696
f 3300/3300 3301/3301 3698/3698
f 3300/3300 3698/3698 3696/3696
f 3700/3700 3699/3699 3697/3697
f 3700/3700 3697/3697 3698/3698
f 3301/3301 3303/3303 3700/3700
f 3301/3301 3700/3700 3698/3698
f 3702/3702 3701/3701 3699/3699
f 3702/3702 3699/3699 3700/3700
f 3303/3303 3305/3305 3702/3702
f 3303/3303 3702/3702 3700/3700
f 3704/3704 3703/3703 3701/3701
f 3704/3704 3701/3701 3702/3702
f 3305/3305 3307/3307 3704/3704
f 3305/3305 3704/3704 3702/3702
f 3312/3312 3705/3705 3703/3703
f 3312/3312 3703/3703 3704/3704
f 3307/3307 3309/3309 3312/3312
f 3307/3307 3312/3312 3704/3704
f 3707/3707 3706/3706 3703/3703
f 3707/3707 3703/3703 3705/3705
f 3315/3315 3708/3708 3707/3707
f 3315/3315 3707/3707 3705/3705
f 3312/3312 3313/3313 3315/3315
f 3312/3312 3315/3315 3705/3705
f 3710/3710 3709/3709 3707/3707
f 3710/3710 3707/3707 3708/3708
f 3318/3318 3711/3711 3710/3710
f 3318/3318 3710/3710 3708/3708
f 3315/3315 3316/3316 3318/3318
f 3315/3315 3318/3318 3708/3708
f 3713/3713 3712/3712 3710/3710
f 3713/3713 3710/3710 3711/3711
f 3321/3321 3714/3714 3713/3713
f 3321/3321 3713/3713 3711/3711
f 3318/3318 3319/3319 3321/3321
f 3318/3318 3321/3321 3711/3711
f 3716/3716 3715/3715 3713/3713
f 3716/3716 3713/3713 3714/3714
f 3324/3324 3717/3717 3716/3716
f 3324/3324 3716/3716 3714/3714
f 3321/3321 3322/3322 3324/3324
f 3321/3321 3324/3324 3714/3714
f 3719/3719 3718/3718 3716/3716
f 3719/3719 3716/3716 3717/3717
f 3327/3327 3720/3720 3719/3719
f 3327/3327 3719/3719 3717/3717
f 3324/3324 3325/3325 3327/3327
f 3324/3324 3327/3327 3717/3717
f 3722/3722 3721/3721 3719/3719
f 3722/3722 3719/3719 3720/3720
f 3330/3330 3723/3723 3722/3722
f 3330/3330 3722/3722 3720/3720
f 3327/3327 3328/3328 3330/3330
f 3327/3327 3330/3330 3720/3720
f 3725/3725 3724/3724 3722/3722
f 3725/3725 3722/3722 3723/3723
f 3333/3333 3726/3726 3725/3725
f 3333/3333 3725/3725 3723/3723
f 3330/3330 3331/3331 3333/3333
f 3330/3330 3333/3333 3723/3723
f 3728/3728 3727/3727 3725/3725
f 3728/3728 3725/3725 3726/3726
f 3730/3730 3729/3729 3728/3728
f 3730/3730 3728/3728 3726/3726
f 3333/3333 3334/3334 3730/3730
f 3333/3333 3730/3730 3726/3726
f 3732/3732 3731/3731 3729/3729
f 3732/3732 3729/3729 3730/3730
f 3334/3334 3335/3335 3732/3732
f 3334/3334 3732/3732 3730/3730
f 3734/3734 3733/3733 3731/3731
f 3734/3734 3731/3731 3732/3732
f 3335/3335 3337/3337 3734/3734
f 3335/3335 3734/3734 3732/3732
f 3736/3736 3735/3735 3733/3733
f 3736/3736 3733/3733 3734/3734
f 3337/3337 3339/3339 3736/3736
f 3337/3337 3736/3736 3734/3734
f 3738/3738 3737/3737 3735/3735
f 3738/3738 3735/3735 3736/3736
f 3339/3339 3341/3341 3738/3738
f 3339/3339 3738/3738 3736/3736
f 3740/3740 3739/3739 3737/3737
f 3740/3740 3737/3737 3738/3738
f 3341/3341 3343/3343 3740/3740
f 3341/3341 3740/3740 3738/3738
f 3744/3744 3743/3743 3741/3741
f 3744/3744 3741/3741 3742/3742
f 3347/3347 3349/3349 3744/3744
f 3347/3347 3744/3744 3742/3742
f 3746/3746 3745/3745 3743/3743
f 3746/3746 3743/3743 3744/3744
f 3349/3349 3351/3351 3746/3746
f 3349/3349 3746/3746 3744/3744
f 3748/3748 3747/3747 3745/3745
f 3748/3748 3745/3745 3746/3746
f 3351/3351 3353/3353 3748/3748
f 3351/3351 3748/3748 3746/3746
f 3750/3750 3749/3749 3747/3747
f 3750/3750 3747/3747 3748/3748
f 3353/3353 3355/3355 3750/3750
f 3353/3353 3750/3750 3748/3748
f 3752/3752 3751/3751 3749/3749
f 3752/3752 3749/3749 3750/3750
f 3355/3355 3357/3357 3752/3752
f 3355/3355 3752/3752 3750/3750
f 3754/3754 3753/3753 3751/3751
f 3754/3754 3751/3751 3752/3752
f 3357/3357 3359/3359 3754/3754
f 3357/3357 3754/3754 3752/3752
f 3756/3756 3755/3755 3753/3753
f 3756/3756 3753/3753 3754/3754
f 3359/3359 3361/3361 3756/3756
f 3359/3359 3756/3756 3754/3754
f 3758/3758 3757/3757 3755/3755
f 3758/3758 3755/3755 3756/3756
f 3361/3361 3363/3363 3758/3758
f 3361/3361 3758/3758 3756/3756
f 3760/3760 3759/3759 3757/3757
f 3760/3760 3757/3757 3758/3758
f 3363/3363 3365/3365 3760/3760
f 3363/3363 3760/3760 3758/3758
f 3762/3762 3761/3761 3759/3759
f 3762/3762 3759/3759 3760/3760
f 3365/3365 3367/3367 3762/3762
f 3365/3365 3762/3762 3760/3760
f 3764/3764 3763/3763 3761/3761
f 3764/3764 3761/3761 3762/3762
f 3367/3367 3369/3369 3764/3764
f 3367/3367 3764/3764 3762/3762
f 3766/3766 3765/3765 3763/3763
f 3766/3766 3763/3763 3764/3764
f 3369/3369 3371/3371 3766/3766
f 3369/3369 3766/3766 3764/3764
f 3768/3768 3767/3767 3765/3765
f 3768/3768 3765/3765 3766/3766
f 3371/3371 3373/3373 3768/3768
f 3371/3371 3768/3768 3766/3766
f 3770/3770 3769/3769 3767/3767
f 3770/3770 3767/3767 3768/3768
f 3373/3373 3375/3375 3770/3770
f 3373/3373 3770/3770 3768/3768
f 3772/3772 3771/3771 3769/3769
f 3772/3772 3769/3769 3770/3770
f 3375/3375 3377/3377 3772/3772
f 3375/3375 3772/3772 3770/3770
f 3774/3774 3773/3773 3771/3771
f 3774/3774 3771/3771 3772/3772
f 3377/3377 3775/3775 3774/3774
f 3377/3377 3774/3774 3772/3772
f 3777/3777 3776/3776 3774/3774
f 3777/3777 3774/3774 3775/3775
f 3380/3380 3386/3386 3777/3777
f 3380/3380 3777/3777 3775/3775
f 3377/3377 3378/3378 3380/3380
f 3377/3377 3380/3380 3775/3775
f 3389/3389 3778/3778 3776/3776
f 3389/3389 3776/3776 3777/3777
f 3386/3386 3387/3387 3389/3389
f 3386/3386 3389/3389 3777/3777
f 3780/3780 3779/3779 3776/3776
f 3780/3780 3776/3776 3778/3778
f 3392/3392 3781/3781 3780/3780
f 3392/3392 3780/3780 3778/3778
f 3389/3389 3390/3390 3392/3392
f 3389/3389 3392/3392 3778/3778
f 3783/3783 3782/3782 3780/3780
f 3783/3783 3780/3780 3781/3781
f 3395/3395 3784/3784 3783/3783
f 3395/3395 3783/3783 3781/3781
f 3392/3392 3393/3393 3395/3395
f 3392/3392 3395/3395 3781/3781
f 3786/3786 3785/3785 3783/3783
f 3786/3786 3783/3783 3784/3784
f 3398/3398 3787/3787 3786/3786
f 3398/3398 3786/3786 3784/3784
f 3395/3395 3396/3396 3398/3398
f 3395/3395 3398/3398 3784/3784
f 3789/3789 3788/3788 3786/3786
f 3789/3789 3786/3786 3787/3787
f 3401/3401 3790/3790 3789/3789
f 3401/3401 3789/3789 3787/3787
f 3398/3398 3399/3399 3401/3401
f 3398/3398 3401/3401 3787/3787
f 3792/3792 3791/3791 3789/3789
f 3792/3792 3789/3789 3790/3790
f 3404/3404 3793/3793 3792/3792
f 3404/3404 3792/3792 3790/3790
f 3401/3401 3402/3402 3404/3404
f 3401/3401 3404/3404 3790/3790
f 3795/3795 3794/3794 3792/3792
f 3795/3795 3792/3792 3793/3793
f 3407/3407 3796/3796 3795/3795
f 3407/3407 3795/3795 3793/3793
f 3404/3404 3405/3405 3407/3407
f 3404/3404 3407/3407 3793/3793
f 3798/3798 3797/3797 3795/3795
f 3798/3798 3795/3795 3796/3796
f 3410/3410 3799/3799 3798/3798
f 3410/3410 3798/3798 3796/3796
f 3407/3407 3408/3408 3410/3410
f 3407/3407 3410/3410 3796/3796
f 3801/3801 3800/3800 3798/3798
f 3801/3801 3798/3798 3799/3799
f 3413/3413 3802/3802 3801/3801
f 3413/3413 3801/3801 3799/3799
f 3410/3410 3411/3411 3413/3413
f 3410/3410 3413/3413 3799/3799
f 3804/3804 3803/3803 3801/3801
f 3804/3804 3801/3801 3802/3802
f 3416/3416 3805/3805 3804/3804
f 3416/3416 3804/3804 3802/3802
f 3413/3413 3414/3414 3416/3416
f 3413/3413 3416/3416 3802/3802
f 3807/3807 3806/3806 3804/3804
f 3807/3807 3804/3804 3805/3805
f 3419/3419 3808/3808 3807/3807
f 3419/3419 3807/3807 3805/3805
f 3416/3416 3417/3417 3419/3419
f 3416/3416 3419/3419 3805/3805
f 27/27 28/28 3807/3807
f 27/27 3807/3807 3808/3808
f 3422/3422 3424/3424 27/27
f 3422/3422 27/27 3808/3808
f 3419/3419 3420/3420 3422/3422
f 3419/3419 3422/3422 3808/3808
f 28/28 31/31 3806/3806
f 28/28 3806/3806 3807/3807
f 31/31 3810/3810 3809/3809
f 31/31 3809/3809 3806/3806
f 3809/3809 3803/3803 3804/3804
f 3809/3809 3804/3804 3806/3806
f 3813/3813 3812/3812 3811/3811
f 3813/3813 3811/3811 3810/3810
f 31/31 29/29 3813/3813
f 31/31 3813/3813 3810/3810
f 3811/3811 3814/3814 3809/3809
f 3811/3811 3809/3809 3810/3810
f 3811/3811 3816/3816 3815/3815
f 3811/3811 3815/3815 3814/3814
f 3817/3817 3803/3803 3809/3809
f 3817/3817 3809/3809 3814/3814
f 3815/3815 3818/3818 3817/3817
f 3815/3815 3817/3817 3814/3814
f 3815/3815 3820/3820 3819/3819
f 3815/3815 3819/3819 3818/3818
f 3821/3821 3800/3800 3817/3817
f 3821/3821 3817/3817 3818/3818
f 3819/3819 3822/3822 3821/3821
f 3819/3819 3821/3821 3818/3818
f 3819/3819 3824/3824 3823/3823
f 3819/3819 3823/3823 3822/3822
f 3825/3825 3797/3797 3821/3821
f 3825/3825 3821/3821 3822/3822
f 3823/3823 3826/3826 3825/3825
f 3823/3823 3825/3825 3822/3822
f 3823/3823 3828/3828 3827/3827
f 3823/3823 3827/3827 3826/3826
f 3829/3829 3794/3794 3825/3825
f 3829/3829 3825/3825 3826/3826
f 3827/3827 3830/3830 3829/3829
f 3827/3827 3829/3829 3826/3826
f 3827/3827 3832/3832 3831/3831
f 3827/3827 3831/3831 3830/3830
f 3833/3833 3791/3791 3829/3829
f 3833/3833 3829/3829 3830/3830
f 3831/3831 3834/3834 3833/3833
f 3831/3831 3833/3833 3830/3830
f 3831/3831 3836/3836 3835/3835
f 3831/3831 3835/3835 3834/3834
f 3837/3837 3788/3788 3833/3833
f 3837/3837 3833/3833 3834/3834
f 3835/3835 3838/3838 3837/3837
f 3835/3835 3837/3837 3834/3834
f 3835/3835 3840/3840 3839/3839
f 3835/3835 3839/3839 3838/3838
f 3841/3841 3785/3785 3837/3837
f 3841/3841 3837/3837 3838/3838
f 3839/3839 3842/3842 3841/3841
f 3839/3839 3841/3841 3838/3838
f 3839/3839 3844/3844 3843/3843
f 3839/3839 3843/3843 3842/3842
f 3845/3845 3782/3782 3841/3841
f 3845/3845 3841/3841 3842/3842
f 3843/3843 3846/3846 3845/3845
f 3843/3843 3845/3845 3842/3842
f 3843/3843 3848/3848 3847/3847
f 3843/3843 3847/3847 3846/3846
f 3773/3773 3779/3779 3845/3845
f 3773/3773 3845/3845 3846/3846
f 3847/3847 3771/3771 3773/3773
f 3847/3847 3773/3773 3846/3846
f 3851/3851 3850/3850 3849/3849
f 3851/3851 3849/3849 3848/3848
f 3843/3843 3844/3844 3851/3851
f 3843/3843 3851/3851 3848/3848
f 3849/3849 3852/3852 3847/3847
f 3849/3849 3847/3847 3848/3848
f 3849/3849 3854/3854 3853/3853
f 3849/3849 3853/3853 3852/3852
f 3769/3769 3771/3771 3847/3847
f 3769/3769 3847/3847 3852/3852
f 3853/3853 3767/3767 3769/3769
f 3853/3853 3769/3769 3852/3852
f 3857/3857 3856/3856 3855/3855
f 3857/3857 3855/3855 3854/3854
f 3849/3849 3850/3850 3857/3857
f 3849/3849 3857/3857 3854/3854
f 3855/3855 3858/3858 3853/3853
f 3855/3855 3853/3853 3854/3854
f 3855/3855 3860/3860 3859/3859
f 3855/3855 3859/3859 3858/3858
f 3765/3765 3767/3767 3853/3853
f 3765/3765 3853/3853 3858/3858
f 3859/3859 3763/3763 3765/3765
f 3859/3859 3765/3765 3858/3858
f 3863/3863 3862/3862 3861/3861
f 3863/3863 3861/3861 3860/3860
f 3855/3855 3856/3856 3863/3863
f 3855/3855 3863/3863 3860/3860
f 3861/3861 3864/3864 3859/3859
f 3861/3861 3859/3859 3860/3860
f 3861/3861 3866/3866 3865/3865
f 3861/3861 3865/3865 3864/3864
f 3761/3761 3763/3763 3859/3859
f 3761/3761 3859/3859 3864/3864
f 3865/3865 3759/3759 3761/3761
f 3865/3865 3761/3761 3864/3864
f 3869/3869 3868/3868 3867/3867
f 3869/3869 3867/3867 3866/3866
f 3861/3861 3862/3862 3869/3869
f 3861/3861 3869/3869 3866/3866
f 3867/3867 3870/3870 3865/3865
f 3867/3867 3865/3865 3866/3866
f 3867/3867 3872/3872 3871/3871
f 3867/3867 3871/3871 3870/3870
f 3757/3757 3759/3759 3865/3865
f 3757/3757 3865/3865 3870/3870
f 3871/3871 3755/3755 3757/3757
f 3871/3871 3757/3757 3870/3870
f 3875/3875 3874/3874 3873/3873
f 3875/3875 3873/3873 3872/3872
f 3867/3867 3868/3868 3875/3875
f 3867/3867 3875/3875 3872/3872
f 3873/3873 3876/3876 3871/3871
f 3873/3873 3871/3871 3872/3872
f 3873/3873 3878/3878 3877/3877
f 3873/3873 3877/3877 3876/3876
f 3753/3753 3755/3755 3871/3871
f 3753/3753 3871/3871 3876/3876
f 3877/3877 3751/3751 3753/3753
f 3877/3877 3753/3753 3876/3876
f 3881/3881 3880/3880 3879/3879
f 3881/3881 3879/3879 3878/3878
f 3873/3873 3874/3874 3881/3881
f 3873/3873 3881/3881 3878/3878
f 3879/3879 3882/3882 3877/3877
f 3879/3879 3877/3877 3878/3878
f 3879/3879 3884/3884 3883/3883
f 3879/3879 3883/3883 3882/3882
f 3749/3749 3751/3751 3877/3877
f 3749/3749 3877/3877 3882/3882
f 3883/3883 3747/3747 3749/3749
f 3883/3883 3749/3749 3882/3882
f 3887/3887 3886/3886 3885/3885
f 3887/3887 3885/3885 3884/3884
f 3879/3879 3880/3880 3887/3887
f 3879/3879 3887/3887 3884/3884
f 3885/3885 3888/3888 3883/3883
f 3885/3885 3883/3883 3884/3884
f 3885/3885 3890/3890 3889/3889
f 3885/3885 3889/3889 3888/3888
f 3745/3745 3747/3747 3883/3883
f 3745/3745 3883/3883 3888/3888
f 3889/3889 3743/3743 3745/3745
f 3889/3889 3745/3745 3888/3888
f 3893/3893 3892/3892 3891/3891
f 3893/3893 3891/3891 3890/3890
f 3885/3885 3886/3886 3893/3893
f 3885/3885 3893/3893 3890/3890
f 3891/3891 3894/3894 3889/3889
f 3891/3891 3889/3889 3890/3890
f 3741/3741 3743/3743 3889/3889
f 3741/3741 3889/3889 3894/3894
f 3895/3895 3898/3898 3897/3897
f 3895/3895 3897/3897 3896/3896
f 3897/3897 3737/3737 3739/3739
f 3897/3897 3739/3739 3896/3896
f 3901/3901 3900/3900 3899/3899
f 3901/3901 3899/3899 3898/3898
f 3895/3895 3901/3901 3898/3898
f 3899/3899 3902/3902 3897/3897
f 3899/3899 3897/3897 3898/3898
f 3899/3899 3904/3904 3903/3903
f 3899/3899 3903/3903 3902/3902
f 3735/3735 3737/3737 3897/3897
f 3735/3735 3897/3897 3902/3902
f 3903/3903 3733/3733 3735/3735
f 3903/3903 3735/3735 3902/3902
f 3907/3907 3906/3906 3905/3905
f 3907/3907 3905/3905 3904/3904
f 3899/3899 3900/3900 3907/3907
f 3899/3899 3907/3907 3904/3904
f 3905/3905 3908/3908 3903/3903
f 3905/3905 3903/3903 3904/3904
f 3905/3905 3910/3910 3909/3909
f 3905/3905 3909/3909 3908/3908
f 3731/3731 3733/3733 3903/3903
f 3731/3731 3903/3903 3908/3908
f 3909/3909 3729/3729 3731/3731
f 3909/3909 3731/3731 3908/3908
f 3913/3913 3912/3912 3911/3911
f 3913/3913 3911/3911 3910/3910
f 3905/3905 3906/3906 3913/3913
f 3905/3905 3913/3913 3910/3910
f 3911/3911 3914/3914 3909/3909
f 3911/3911 3909/3909 3910/3910
f 3911/3911 3916/3916 3915/3915
f 3911/3911 3915/3915 3914/3914
f 3728/3728 3729/3729 3909/3909
f 3728/3728 3909/3909 3914/3914
f 3915/3915 3727/3727 3728/3728
f 3915/3915 3728/3728 3914/3914
f 3919/3919 3918/3918 3917/3917
f 3919/3919 3917/3917 3916/3916
f 3911/3911 3912/3912 3919/3919
f 3911/3911 3919/3919 3916/3916
f 3917/3917 3920/3920 3915/3915
f 3917/3917 3915/3915 3916/3916
f 3917/3917 3922/3922 3921/3921
f 3917/3917 3921/3921 3920/3920
f 3923/3923 3727/3727 3915/3915
f 3923/3923 3915/3915 3920/3920
f 3921/3921 3924/3924 3923/3923
f 3921/3921 3923/3923 3920/3920
f 3921/3921 3926/3926 3925/3925
f 3921/3921 3925/3925 3924/3924
f 3927/3927 3724/3724 3923/3923
f 3927/3927 3923/3923 3924/3924
f 3925/3925 3928/3928 3927/3927
f 3925/3925 3927/3927 3924/3924
f 3925/3925 3930/3930 3929/3929
f 3925/3925 3929/3929 3928/3928
f 3931/3931 3721/3721 3927/3927
f 3931/3931 3927/3927 3928/3928
f 3929/3929 3932/3932 3931/3931
f 3929/3929 3931/3931 3928/3928
f 3929/3929 3934/3934 3933/3933
f 3929/3929 3933/3933 3932/3932
f 3935/3935 3718/3718 3931/3931
f 3935/3935 3931/3931 3932/3932
f 3933/3933 3936/3936 3935/3935
f 3933/3933 3935/3935 3932/3932
f 3933/3933 3938/3938 3937/3937
f 3933/3933 3937/3937 3936/3936
f 3939/3939 3715/3715 3935/3935
f 3939/3939 3935/3935 3936/3936
f 3937/3937 3940/3940 3939/3939
f 3937/3937 3939/3939 3936/3936
f 3937/3937 3942/3942 3941/3941
f 3937/3937 3941/3941 3940/3940
f 3943/3943 3712/3712 3939/3939
f 3943/3943 3939/3939 3940/3940
f 3941/3941 3944/3944 3943/3943
f 3941/3941 3943/3943 3940/3940
f 3941/3941 3946/3946 3945/3945
f 3941/3941 3945/3945 3944/3944
f 3947/3947 3709/3709 3943/3943
f 3947/3947 3943/3943 3944/3944
f 3945/3945 3948/3948 3947/3947
f 3945/3945 3947/3947 3944/3944
f 3945/3945 3950/3950 3949/3949
f 3945/3945 3949/3949 3948/3948
f 3951/3951 3706/3706 3947/3947
f 3951/3951 3947/3947 3948/3948
f 3949/3949 3952/3952 3951/3951
f 3949/3949 3951/3951 3948/3948
f 3949/3949 3954/3954 3953/3953
f 3949/3949 3953/3953 3952/3952
f 3699/3699 3701/3701 3951/3951
f 3699/3699 3951/3951 3952/3952
f 3953/3953 3697/3697 3699/3699
f 3953/3953 3699/3699 3952/3952
f 3957/3957 3956/3956 3955/3955
f 3957/3957 3955/3955 3954/3954
f 3949/3949 3950/3950 3957/3957
f 3949/3949 3957/3957 3954/3954
f 3955/3955 3958/3958 3953/3953
f 3955/3955 3953/3953 3954/3954
f 3955/3955 3960/3960 3959/3959
f 3955/3955 3959/3959 3958/3958
f 3695/3695 3697/3697 3953/3953
f 3695/3695 3953/3953 3958/3958
f 3959/3959 3694/3694 3695/3695
f 3959/3959 3695/3695 3958/3958
f 3963/3963 3962/3962 3961/3961
f 3963/3963 3961/3961 3960/3960
f 3955/3955 3956/3956 3963/3963
f 3955/3955 3963/3963 3960/3960
f 3961/3961 3964/3964 3959/3959
f 3961/3961 3959/3959 3960/3960
f 3961/3961 3966/3966 3965/3965
f 3961/3961 3965/3965 3964/3964
f 3693/3693 3694/3694 3959/3959
f 3693/3693 3959/3959 3964/3964
f 3965/3965 3967/3967 3693/3693
f 3965/3965 3693/3693 3964/3964
f 3965/3965 3969/3969 3968/3968
f 3965/3965 3968/3968 3967/3967
f 3690/3690 3691/3691 3693/3693
f 3690/3690 3693/3693 3967/3967
f 3968/3968 3970/3970 3690/3690
f 3968/3968 3690/3690 3967/3967
f 3968/3968 3972/3972 3971/3971
f 3968/3968 3971/3971 3970/3970
f 3685/3685 3687/3687 3690/3690
f 3685/3685 3690/3690 3970/3970
f 3971/3971 3683/3683 3685/3685
f 3971/3971 3685/3685 3970/3970
f 3975/3975 3974/3974 3973/3973
f 3975/3975 3973/3973 3972/3972
f 3968/3968 3969/3969 3975/3975
f 3968/3968 3975/3975 3972/3972
f 3973/3973 3976/3976 3971/3971
f 3973/3973 3971/3971 3972/3972
f 3973/3973 3978/3978 3977/3977
f 3973/3973 3977/3977 3976/3976
f 3681/3681 3683/3683 3971/3971
f 3681/3681 3971/3971 3976/3976
f 3977/3977 3679/3679 3681/3681
f 3977/3977 3681/3681 3976/3976
f 3981/3981 3980/3980 3979/3979
f 3981/3981 3979/3979 3978/3978
f 3973/3973 3974/3974 3981/3981
f 3973/3973 3981/3981 3978/3978
f 3979/3979 3982/3982 3977/3977
f 3979/3979 3977/3977 3978/3978
f 3979/3979 3984/3984 3983/3983
f 3979/3979 3983/3983 3982/3982
f 3677/3677 3679/3679 3977/3977
f 3677/3677 3977/3977 3982/3982
f 3983/3983 3675/3675 3677/3677
f 3983/3983 3677/3677 3982/3982
f 3987/3987 3986/3986 3985/3985
f 3987/3987 3985/3985 3984/3984
f 3979/3979 3980/3980 3987/3987
f 3979/3979 3987/3987 3984/3984
f 3985/3985 3988/3988 3983/3983
f 3985/3985 3983/3983 3984/3984
f 3985/3985 3990/3990 3989/3989
f 3985/3985 3989/3989 3988/3988
f 3673/3673 3675/3675 3983/3983
f 3673/3673 3983/3983 3988/3988
f 3989/3989 3671/3671 3673/3673
f 3989/3989 3673/3673 3988/3988
f 3645/3645 3646/3646 3650/3650
f 3645/3645 3650/3650 3990/3990
f 3985/3985 3986/3986 3645/3645
f 3985/3985 3645/3645 3990/3990
f 3650/3650 3991/3991 3989/3989
f 3650/3650 3989/3989 3990/3990
f 3650/3650 3651/3651 3655/3655
f 3650/3650 3655/3655 3991/3991
f 3669/3669 3671/3671 3989/3989
f 3669/3669 3989/3989 3991/3991
f 3655/3655 3667/3667 3669/3669
f 3655/3655 3669/3669 3991/3991
f 3992/3992 3640/3640 3986/3986
f 3992/3992 3986/3986 3987/3987
f 3980/3980 3993/3993 3992/3992
f 3980/3980 3992/3992 3987/3987
f 3994/3994 3635/3635 3992/3992
f 3994/3994 3992/3992 3993/3993
f 3996/3996 3995/3995 3994/3994
f 3996/3996 3994/3994 3993/3993
f 3980/3980 3981/3981 3996/3996
f 3980/3980 3996/3996 3993/3993
f 3998/3998 3997/3997 3995/3995
f 3998/3998 3995/3995 3996/3996
f 3981/3981 3974/3974 3998/3998
f 3981/3981 3998/3998 3996/3996
f 4000/4000 3999/3999 3997/3997
f 4000/4000 3997/3997 3998/3998
f 3974/3974 3975/3975 4000/4000
f 3974/3974 4000/4000 3998/3998
f 4002/4002 4001/4001 3999/3999
f 4002/4002 3999/3999 4000/4000
f 3975/3975 3969/3969 4002/4002
f 3975/3975 4002/4002 4000/4000
f 3966/3966 4003/4003 4001/4001
f 3966/3966 4001/4001 4002/4002
f 3969/3969 3965/3965 3966/3966
f 3969/3969 3966/3966 4002/4002
f 4005/4005 4004/4004 4001/4001
f 4005/4005 4001/4001 4003/4003
f 3962/3962 4006/4006 4005/4005
f 3962/3962 4005/4005 4003/4003
f 3966/3966 3961/3961 3962/3962
f 3966/3966 3962/3962 4003/4003
f 4008/4008 4007/4007 4005/4005
f 4008/4008 4005/4005 4006/4006
f 4010/4010 4009/4009 4008/4008
f 4010/4010 4008/4008 4006/4006
f 3962/3962 3963/3963 4010/4010
f 3962/3962 4010/4010 4006/4006
f 4012/4012 4011/4011 4009/4009
f 4012/4012 4009/4009 4010/4010
f 3963/3963 3956/3956 4012/4012
f 3963/3963 4012/4012 4010/4010
f 4014/4014 4013/4013 4011/4011
f 4014/4014 4011/4011 4012/4012
f 3956/3956 3957/3957 4014/4014
f 3956/3956 4014/4014 4012/4012
f 4016/4016 4015/4015 4013/4013
f 4016/4016 4013/4013 4014/4014
f 3957/3957 3950/3950 4016/4016
f 3957/3957 4016/4016 4014/4014
f 3946/3946 4017/4017 4015/4015
f 3946/3946 4015/4015 4016/4016
f 3950/3950 3945/3945 3946/3946
f 3950/3950 3946/3946 4016/4016
f 4019/4019 4018/4018 4015/4015
f 4019/4019 4015/4015 4017/4017
f 3942/3942 4020/4020 4019/4019
f 3942/3942 4019/4019 4017/4017
f 3946/3946 3941/3941 3942/3942
f 3946/3946 3942/3942 4017/4017
f 4022/4022 4021/4021 4019/4019
f 4022/4022 4019/4019 4020/4020
f 3938/3938 4023/4023 4022/4022
f 3938/3938 4022/4022 4020/4020
f 3942/3942 3937/3937 3938/3938
f 3942/3942 3938/3938 4020/4020
f 4025/4025 4024/4024 4022/4022
f 4025/4025 4022/4022 4023/4023
f 3934/3934 4026/4026 4025/4025
f 3934/3934 4025/4025 4023/4023
f 3938/3938 3933/3933 3934/3934
f 3938/3938 3934/3934 4023/4023
f 4028/4028 4027/4027 4025/4025
f 4028/4028 4025/4025 4026/4026
f 3930/3930 4029/4029 4028/4028
f 3930/3930 4028/4028 4026/4026
f 3934/3934 3929/3929 3930/3930
f 3934/3934 3930/3930 4026/4026
f 4031/4031 4030/4030 4028/4028
f 4031/4031 4028/4028 4029/4029
f 3926/3926 4032/4032 4031/4031
f 3926/3926 4031/4031 4029/4029
f 3930/3930 3925/3925 3926/3926
f 3930/3930 3926/3926 4029/4029
f 4034/4034 4033/4033 4031/4031
f 4034/4034 4031/4031 4032/4032
f 3922/3922 4035/4035 4034/4034
f 3922/3922 4034/4034 4032/4032
f 3926/3926 3921/3921 3922/3922
f 3926/3926 3922/3922 4032/4032
f 4037/4037 4036/4036 4034/4034
f 4037/4037 4034/4034 4035/4035
f 3918/3918 4038/4038 4037/4037
f 3918/3918 4037/4037 4035/4035
f 3922/3922 3917/3917 3918/3918
f 3922/3922 3918/3918 4035/4035
f 4040/4040 4039/4039 4037/4037
f 4040/4040 4037/4037 4038/4038
f 4042/4042 4041/4041 4040/4040
f 4042/4042 4040/4040 4038/4038
f 3918/3918 3919/3919 4042/4042
f 3918/3918 4042/4042 4038/4038
f 4044/4044 4043/4043 4041/4041
f 4044/4044 4041/4041 4042/4042
f 3919/3919 3912/3912 4044/4044
f 3919/3919 4044/4044 4042/4042
f 4046/4046 4045/4045 4043/4043
f 4046/4046 4043/4043 4044/4044
f 3912/3912 3913/3913 4046/4046
f 3912/3912 4046/4046 4044/4044
f 4048/4048 4047/4047 4045/4045
f 4048/4048 4045/4045 4046/4046
f 3913/3913 3906/3906 4048/4048
f 3913/3913 4048/4048 4046/4046
f 4050/4050 4049/4049 4047/4047
f 4050/4050 4047/4047 4048/4048
f 3906/3906 3907/3907 4050/4050
f 3906/3906 4050/4050 4048/4048
f 4052/4052 4051/4051 4049/4049
f 4052/4052 4049/4049 4050/4050
f 3907/3907 3900/3900 4052/4052
f 3907/3907 4052/4052 4050/4050
f 4053/4053 4051/4051 4052/4052
f 3900/3900 3901/3901 4053/4053
f 3900/3900 4053/4053 4052/4052
f 4057/4057 4056/4056 4054/4054
f 4057/4057 4054/4054 4055/4055
f 4059/4059 4058/4058 4056/4056
f 4059/4059 4056/4056 4057/4057
f 3892/3892 3893/3893 4059/4059
f 3892/3892 4059/4059 4057/4057
f 4061/4061 4060/4060 4058/4058
f 4061/4061 4058/4058 4059/4059
f 3893/3893 3886/3886 4061/4061
f 3893/3893 4061/4061 4059/4059
f 4063/4063 4062/4062 4060/4060
f 4063/4063 4060/4060 4061/4061
f 3886/3886 3887/3887 4063/4063
f 3886/3886 4063/4063 4061/4061
f 4065/4065 4064/4064 4062/4062
f 4065/4065 4062/4062 4063/4063
f 3887/3887 3880/3880 4065/4065
f 3887/3887 4065/4065 4063/4063
f 4067/4067 4066/4066 4064/4064
f 4067/4067 4064/4064 4065/4065
f 3880/3880 3881/3881 4067/4067
f 3880/3880 4067/4067 4065/4065
f 4069/4069 4068/4068 4066/4066
f 4069/4069 4066/4066 4067/4067
f 3881/3881 3874/3874 4069/4069
f 3881/3881 4069/4069 4067/4067
f 4071/4071 4070/4070 4068/4068
f 4071/4071 4068/4068 4069/4069
f 3874/3874 3875/3875 4071/4071
f 3874/3874 4071/4071 4069/4069
f 4073/4073 4072/4072 4070/4070
f 4073/4073 4070/4070 4071/4071
f 3875/3875 3868/3868 4073/4073
f 3875/3875 4073/4073 4071/4071
f 4075/4075 4074/4074 4072/4072
f 4075/4075 4072/4072 4073/4073
f 3868/3868 3869/3869 4075/4075
f 3868/3868 4075/4075 4073/4073
f 4077/4077 4076/4076 4074/4074
f 4077/4077 4074/4074 4075/4075
f 3869/3869 3862/3862 4077/4077
f 3869/3869 4077/4077 4075/4075
f 4079/4079 4078/4078 4076/4076
f 4079/4079 4076/4076 4077/4077
f 3862/3862 3863/3863 4079/4079
f 3862/3862 4079/4079 4077/4077
f 4081/4081 4080/4080 4078/4078
f 4081/4081 4078/4078 4079/4079
f 3863/3863 3856/3856 4081/4081
f 3863/3863 4081/4081 4079/4079
f 4083/4083 4082/4082 4080/4080
f 4083/4083 4080/4080 4081/4081
f 3856/3856 3857/3857 4083/4083
f 3856/3856 4083/4083 4081/4081
f 4085/4085 4084/4084 4082/4082
f 4085/4085 4082/4082 4083/4083
f 3857/3857 3850/3850 4085/4085
f 3857/3857 4085/4085 4083/4083
f 4087/4087 4086/4086 4084/4084
f 4087/4087 4084/4084 4085/4085
f 3850/3850 3851/3851 4087/4087
f 3850/3850 4087/4087 4085/4085
f 4089/4089 4088/4088 4086/4086
f 4089/4089 4086/4086 4087/4087
f 3851/3851 3844/3844 4089/4089
f 3851/3851 4089/4089 4087/4087
f 3840/3840 4090/4090 4088/4088
f 3840/3840 4088/4088 4089/4089
f 3844/3844 3839/3839 3840/3840
f 3844/3844 3840/3840 4089/4089
f 4092/4092 4091/4091 4088/4088
f 4092/4092 4088/4088 4090/4090
f 3836/3836 4093/4093 4092/4092
f 3836/3836 4092/4092 4090/4090
f 3840/3840 3835/3835 3836/3836
f 3840/3840 3836/3836 4090/4090
f 4095/4095 4094/4094 4092/4092
f 4095/4095 4092/4092 4093/4093
f 3832/3832 4096/4096 4095/4095
f 3832/3832 4095/4095 4093/4093
f 3836/3836 3831/3831 3832/3832
f 3836/3836 3832/3832 4093/4093
f 4098/4098 4097/4097 4095/4095
f 4098/4098 4095/4095 4096/4096
f 3828/3828 4099/4099 4098/4098
f 3828/3828 4098/4098 4096/4096
f 3832/3832 3827/3827 3828/3828
f 3832/3832 3828/3828 4096/4096
f 4101/4101 4100/4100 4098/4098
f 4101/4101 4098/4098 4099/4099
f 3824/3824 4102/4102 4101/4101
f 3824/3824 4101/4101 4099/4099
f 3828/3828 3823/3823 3824/3824
f 3828/3828 3824/3824 4099/4099
f 4104/4104 4103/4103 4101/4101
f 4104/4104 4101/4101 4102/4102
f 3820/3820 4105/4105 4104/4104
f 3820/3820 4104/4104 4102/4102
f 3824/3824 3819/3819 3820/3820
f 3824/3824 3820/3820 4102/4102
f 4107/4107 4106/4106 4104/4104
f 4107/4107 4104/4104 4105/4105
f 3816/3816 4108/4108 4107/4107
f 3816/3816 4107/4107 4105/4105
f 3820/3820 3815/3815 3816/3816
f 3820/3820 3816/3816 4105/4105
f 4110/4110 4109/4109 4107/4107
f 4110/4110 4107/4107 4108/4108
f 3812/3812 4111/4111 4110/4110
f 3812/3812 4110/4110 4108/4108
f 3816/3816 3811/3811 3812/3812
f 3816/3816 3812/3812 4108/4108
f 4113/4113 4112/4112 4110/4110
f 4113/4113 4110/4110 4111/4111
f 4115/4115 4114/4114 4113/4113
f 4115/4115 4113/4113 4111/4111
f 3812/3812 3813/3813 4115/4115
f 3812/3812 4115/4115 4111/4111
f 30/30 4116/4116 4114/4114
f 30/30 4114/4114 4115/4115
f 3813/3813 29/29 30/30
f 3813/3813 30/30 4115/4115
f 3429/3429 24/24 4114/4114
f 3429/3429 4114/4114 4116/4116
f 3426/3426 3427/3427 3429/3429
f 3426/3426 3429/3429 4116/4116
f 30/30 26/26 3426/3426
f 30/30 3426/3426 4116/4116
f 24/24 25/25 4113/4113
f 24/24 4113/4113 4114/4114
f 25/25 4117/4117 4112/4112
f 25/25 4112/4112 4113/4113
f 23/23 4119/4119 4118/4118
f 23/23 4118/4118 4117/4117
f 25/25 3/3 23/23
f 25/25 23/23 4117/4117
f 4118/4118 4120/4120 4112/4112
f 4118/4118 4112/4112 4117/4117
f 4109/4109 4110/4110 4112/4112
f 4109/4109 4112/4112 4120/4120
f 4122/4122 4121/4121 4109/4109
f 4122/4122 4109/4109 4120/4120
f 4118/4118 4123/4123 4122/4122
f 4118/4118 4122/4122 4120/4120
f 4118/4118 4119/4119 4124/4124
f 4118/4118 4124/4124 4123/4123
f 4126/4126 4125/4125 4122/4122
f 4126/4126 4122/4122 4123/4123
f 4124/4124 4127/4127 4126/4126
f 4124/4124 4126/4126 4123/4123
f 4124/4124 4129/4129 4128/4128
f 4124/4124 4128/4128 4127/4127
f 4131/4131 4130/4130 4126/4126
f 4131/4131 4126/4126 4127/4127
f 4128/4128 4132/4132 4131/4131
f 4128/4128 4131/4131 4127/4127
f 4128/4128 4134/4134 4133/4133
f 4128/4128 4133/4133 4132/4132
f 4136/4136 4135/4135 4131/4131
f 4136/4136 4131/4131 4132/4132
f 4133/4133 4137/4137 4136/4136
f 4133/4133 4136/4136 4132/4132
f 4133/4133 4139/4139 4138/4138
f 4133/4133 4138/4138 4137/4137
f 4141/4141 4140/4140 4136/4136
f 4141/4141 4136/4136 4137/4137
f 4138/4138 4142/4142 4141/4141
f 4138/4138 4141/4141 4137/4137
f 4138/4138 4144/4144 4143/4143
f 4138/4138 4143/4143 4142/4142
f 4146/4146 4145/4145 4141/4141
f 4146/4146 4141/4141 4142/4142
f 4143/4143 4147/4147 4146/4146
f 4143/4143 4146/4146 4142/4142
f 4143/4143 4149/4149 4148/4148
f 4143/4143 4148/4148 4147/4147
f 4151/4151 4150/4150 4146/4146
f 4151/4151 4146/4146 4147/4147
f 4148/4148 4152/4152 4151/4151
f 4148/4148 4151/4151 4147/4147
f 4148/4148 4154/4154 4153/4153
f 4148/4148 4153/4153 4152/4152
f 4156/4156 4155/4155 4151/4151
f 4156/4156 4151/4151 4152/4152
f 4153/4153 4157/4157 4156/4156
f 4153/4153 4156/4156 4152/4152
f 4153/4153 4159/4159 4158/4158
f 4153/4153 4158/4158 4157/4157
f 4161/4161 4160/4160 4156/4156
f 4161/4161 4156/4156 4157/4157
f 4158/4158 4162/4162 4161/4161
f 4158/4158 4161/4161 4157/4157
f 4158/4158 4164/4164 4163/4163
f 4158/4158 4163/4163 4162/4162
f 4166/4166 4165/4165 4161/4161
f 4166/4166 4161/4161 4162/4162
f 4163/4163 4167/4167 4166/4166
f 4163/4163 4166/4166 4162/4162
f 4163/4163 4169/4169 4168/4168
f 4163/4163 4168/4168 4167/4167
f 4171/4171 4170/4170 4166/4166
f 4171/4171 4166/4166 4167/4167
f 4168/4168 4172/4172 4171/4171
f 4168/4168 4171/4171 4167/4167
f 4168/4168 4174/4174 4173/4173
f 4168/4168 4173/4173 4172/4172
f 4176/4176 4175/4175 4171/4171
f 4176/4176 4171/4171 4172/4172
f 4173/4173 4177/4177 4176/4176
f 4173/4173 4176/4176 4172/4172
f 4173/4173 4179/4179 4178/4178
f 4173/4173 4178/4178 4177/4177
f 4181/4181 4180/4180 4176/4176
f 4181/4181 4176/4176 4177/4177
f 4178/4178 4182/4182 4181/4181
f 4178/4178 4181/4181 4177/4177
f 4178/4178 4184/4184 4183/4183
f 4178/4178 4183/4183 4182/4182
f 4186/4186 4185/4185 4181/4181
f 4186/4186 4181/4181 4182/4182
f 4183/4183 4187/4187 4186/4186
f 4183/4183 4186/4186 4182/4182
f 4183/4183 4189/4189 4188/4188
f 4183/4183 4188/4188 4187/4187
f 4191/4191 4190/4190 4186/4186
f 4191/4191 4186/4186 4187/4187
f 4188/4188 4192/4192 4191/4191
f 4188/4188 4191/4191 4187/4187
f 4188/4188 4194/4194 4193/4193
f 4188/4188 4193/4193 4192/4192
f 4196/4196 4195/4195 4191/4191
f 4196/4196 4191/4191 4192/4192
f 4193/4193 4197/4197 4196/4196
f 4193/4193 4196/4196 4192/4192
f 4193/4193 4199/4199 4198/4198
f 4193/4193 4198/4198 4197/4197
f 4201/4201 4200/4200 4196/4196
f 4201/4201 4196/4196 4197/4197
f 4198/4198 4202/4202 4201/4201
f 4198/4198 4201/4201 4197/4197
f 4198/4198 4204/4204 4203/4203
f 4198/4198 4203/4203 4202/4202
f 4206/4206 4205/4205 4201/4201
f 4206/4206 4201/4201 4202/4202
f 4203/4203 4207/4207 4206/4206
f 4203/4203 4206/4206 4202/4202
f 4203/4203 4209/4209 4208/4208
f 4203/4203 4208/4208 4207/4207
f 4211/4211 4210/4210 4206/4206
f 4211/4211 4206/4206 4207/4207
f 4208/4208 4212/4212 4211/4211
f 4208/4208 4211/4211 4207/4207
f 4208/4208 4214/4214 4213/4213
f 4208/4208 4213/4213 4212/4212
f 4216/4216 4215/4215 4211/4211
f 4216/4216 4211/4211 4212/4212
f 4213/4213 4217/4217 4216/4216
f 4213/4213 4216/4216 4212/4212
f 4213/4213 4219/4219 4218/4218
f 4213/4213 4218/4218 4217/4217
f 4222/4222 4220/4220 4216/4216
f 4222/4222 4216/4216 4217/4217
f 4218/4218 4223/4223 4222/4222
f 4218/4218 4222/4222 4217/4217
f 4218/4218 4225/4225 4224/4224
f 4218/4218 4224/4224 4223/4223
f 4227/4227 4226/4226 4222/4222
f 4227/4227 4222/4222 4223/4223
f 4224/4224 4228/4228 4227/4227
f 4224/4224 4227/4227 4223/4223
f 4224/4224 4230/4230 4229/4229
f 4224/4224 4229/4229 4228/4228
f 4232/4232 4231/4231 4227/4227
f 4232/4232 4227/4227 4228/4228
f 4229/4229 4233/4233 4232/4232
f 4229/4229 4232/4232 4228/4228
f 4229/4229 4235/4235 4234/4234
f 4229/4229 4234/4234 4233/4233
f 4237/4237 4236/4236 4232/4232
f 4237/4237 4232/4232 4233/4233
f 4234/4234 4238/4238 4237/4237
f 4234/4234 4237/4237 4233/4233
f 4234/4234 4240/4240 4239/4239
f 4234/4234 4239/4239 4238/4238
f 4242/4242 4241/4241 4237/4237
f 4242/4242 4237/4237 4238/4238
f 4239/4239 4243/4243 4242/4242
f 4239/4239 4242/4242 4238/4238
f 4239/4239 4245/4245 4244/4244
f 4239/4239 4244/4244 4243/4243
f 4247/4247 4246/4246 4242/4242
f 4247/4247 4242/4242 4243/4243
f 4244/4244 4248/4248 4247/4247
f 4244/4244 4247/4247 4243/4243
f 4244/4244 4250/4250 4249/4249
f 4244/4244 4249/4249 4248/4248
f 4252/4252 4251/4251 4247/4247
f 4252/4252 4247/4247 4248/4248
f 4249/4249 4253/4253 4252/4252
f 4249/4249 4252/4252 4248/4248
f 4249/4249 4255/4255 4254/4254
f 4249/4249 4254/4254 4253/4253
f 4257/4257 4256/4256 4252/4252
f 4257/4257 4252/4252 4253/4253
f 4254/4254 4258/4258 4257/4257
f 4254/4254 4257/4257 4253/4253
f 4254/4254 4260/4260 4259/4259
f 4254/4254 4259/4259 4258/4258
f 4262/4262 4261/4261 4257/4257
f 4262/4262 4257/4257 4258/4258
f 4259/4259 4263/4263 4262/4262
f 4259/4259 4262/4262 4258/4258
f 4259/4259 4265/4265 4264/4264
f 4259/4259 4264/4264 4263/4263
f 4267/4267 4266/4266 4262/4262
f 4267/4267 4262/4262 4263/4263
f 4264/4264 4268/4268 4267/4267
f 4264/4264 4267/4267 4263/4263
f 4264/4264 4270/4270 4269/4269
f 4264/4264 4269/4269 4268/4268
f 4272/4272 4271/4271 4267/4267
f 4272/4272 4267/4267 4268/4268
f 4269/4269 4273/4273 4272/4272
f 4269/4269 4272/4272 4268/4268
f 4269/4269 4275/4275 4274/4274
f 4269/4269 4274/4274 4273/4273
f 4277/4277 4276/4276 4272/4272
f 4277/4277 4272/4272 4273/4273
f 4274/4274 4278/4278 4277/4277
f 4274/4274 4277/4277 4273/4273
f 4274/4274 4280/4280 4279/4279
f 4274/4274 4279/4279 4278/4278
f 4282/4282 4281/4281 4277/4277
f 4282/4282 4277/4277 4278/4278
f 4279/4279 4283/4283 4282/4282
f 4279/4279 4282/4282 4278/4278
f 4279/4279 4285/4285 4284/4284
f 4279/4279 4284/4284 4283/4283
f 4287/4287 4286/4286 4282/4282
f 4287/4287 4282/4282 4283/4283
f 4284/4284 4288/4288 4287/4287
f 4284/4284 4287/4287 4283/4283
f 4284/4284 4290/4290 4289/4289
f 4284/4284 4289/4289 4288/4288
f 4292/4292 4291/4291 4287/4287
f 4292/4292 4287/4287 4288/4288
f 4289/4289 4293/4293 4292/4292
f 4289/4289 4292/4292 4288/4288
f 4289/4289 4295/4295 4294/4294
f 4289/4289 4294/4294 4293/4293
f 4297/4297 4296/4296 4292/4292
f 4297/4297 4292/4292 4293/4293
f 4294/4294 4298/4298 4297/4297
f 4294/4294 4297/4297 4293/4293
f 4300/4300 4299/4299 4297/4297
f 4300/4300 4297/4297 4298/4298
f 4041/4041 4043/4043 4300/4300
f 4041/4041 4300/4300 4298/4298
f 4294/4294 4040/4040 4041/4041
f 4294/4294 4041/4041 4298/4298
f 4302/4302 4301/4301 4299/4299
f 4302/4302 4299/4299 4300/4300
f 4043/4043 4045/4045 4302/4302
f 4043/4043 4302/4302 4300/4300
f 4304/4304 4303/4303 4301/4301
f 4304/4304 4301/4301 4302/4302
f 4045/4045 4047/4047 4304/4304
f 4045/4045 4304/4304 4302/4302
f 4305/4305 4303/4303 4304/4304
f 4047/4047 4049/4049 4305/4305
f 4047/4047 4305/4305 4304/4304
f 4309/4309 4308/4308 4306/4306
f 4309/4309 4306/4306 4307/4307
f 4054/4054 4056/4056 4309/4309
f 4054/4054 4309/4309 4307/4307
f 4311/4311 4310/4310 4308/4308
f 4311/4311 4308/4308 4309/4309
f 4056/4056 4058/4058 4311/4311
f 4056/4056 4311/4311 4309/4309
f 4313/4313 4312/4312 4310/4310
f 4313/4313 4310/4310 4311/4311
f 4058/4058 4060/4060 4313/4313
f 4058/4058 4313/4313 4311/4311
f 4315/4315 4314/4314 4312/4312
f 4315/4315 4312/4312 4313/4313
f 4060/4060 4062/4062 4315/4315
f 4060/4060 4315/4315 4313/4313
f 4317/4317 4316/4316 4314/4314
f 4317/4317 4314/4314 4315/4315
f 4062/4062 4064/4064 4317/4317
f 4062/4062 4317/4317 4315/4315
f 4319/4319 4318/4318 4316/4316
f 4319/4319 4316/4316 4317/4317
f 4064/4064 4066/4066 4319/4319
f 4064/4064 4319/4319 4317/4317
f 4321/4321 4320/4320 4318/4318
f 4321/4321 4318/4318 4319/4319
f 4066/4066 4068/4068 4321/4321
f 4066/4066 4321/4321 4319/4319
f 4323/4323 4322/4322 4320/4320
f 4323/4323 4320/4320 4321/4321
f 4068/4068 4070/4070 4323/4323
f 4068/4068 4323/4323 4321/4321
f 4325/4325 4324/4324 4322/4322
f 4325/4325 4322/4322 4323/4323
f 4070/4070 4072/4072 4325/4325
f 4070/4070 4325/4325 4323/4323
f 4327/4327 4326/4326 4324/4324
f 4327/4327 4324/4324 4325/4325
f 4072/4072 4074/4074 4327/4327
f 4072/4072 4327/4327 4325/4325
f 4329/4329 4328/4328 4326/4326
f 4329/4329 4326/4326 4327/4327
f 4074/4074 4076/4076 4329/4329
f 4074/4074 4329/4329 4327/4327
f 4331/4331 4330/4330 4328/4328
f 4331/4331 4328/4328 4329/4329
f 4076/4076 4078/4078 4331/4331
f 4076/4076 4331/4331 4329/4329
f 4333/4333 4332/4332 4330/4330
f 4333/4333 4330/4330 4331/4331
f 4078/4078 4080/4080 4333/4333
f 4078/4078 4333/4333 4331/4331
f 4335/4335 4334/4334 4332/4332
f 4335/4335 4332/4332 4333/4333
f 4080/4080 4082/4082 4335/4335
f 4080/4080 4335/4335 4333/4333
f 4337/4337 4336/4336 4334/4334
f 4337/4337 4334/4334 4335/4335
f 4082/4082 4084/4084 4337/4337
f 4082/4082 4337/4337 4335/4335
f 4339/4339 4338/4338 4336/4336
f 4339/4339 4336/4336 4337/4337
f 4084/4084 4086/4086 4339/4339
f 4084/4084 4339/4339 4337/4337
f 4091/4091 4340/4340 4338/4338
f 4091/4091 4338/4338 4339/4339
f 4086/4086 4088/4088 4091/4091
f 4086/4086 4091/4091 4339/4339
f 4342/4342 4341/4341 4338/4338
f 4342/4342 4338/4338 4340/4340
f 4094/4094 4343/4343 4342/4342
f 4094/4094 4342/4342 4340/4340
f 4091/4091 4092/4092 4094/4094
f 4091/4091 4094/4094 4340/4340
f 4345/4345 4344/4344 4342/4342
f 4345/4345 4342/4342 4343/4343
f 4097/4097 4346/4346 4345/4345
f 4097/4097 4345/4345 4343/4343
f 4094/4094 4095/4095 4097/4097
f 4094/4094 4097/4097 4343/4343
f 4348/4348 4347/4347 4345/4345
f 4348/4348 4345/4345 4346/4346
f 4100/4100 4349/4349 4348/4348
f 4100/4100 4348/4348 4346/4346
f 4097/4097 4098/4098 4100/4100
f 4097/4097 4100/4100 4346/4346
f 4351/4351 4350/4350 4348/4348
f 4351/4351 4348/4348 4349/4349
f 4103/4103 4352/4352 4351/4351
f 4103/4103 4351/4351 4349/4349
f 4100/4100 4101/4101 4103/4103
f 4100/4100 4103/4103 4349/4349
f 4354/4354 4353/4353 4351/4351
f 4354/4354 4351/4351 4352/4352
f 4106/4106 4121/4121 4354/4354
f 4106/4106 4354/4354 4352/4352
f 4103/4103 4104/4104 4106/4106
f 4103/4103 4106/4106 4352/4352
f 4121/4121 4122/4122 4125/4125
f 4121/4121 4125/4125 4354/4354
f 4125/4125 4355/4355 4353/4353
f 4125/4125 4353/4353 4354/4354
f 4125/4125 4126/4126 4130/4130
f 4125/4125 4130/4130 4355/4355
f 4357/4357 4356/4356 4353/4353
f 4357/4357 4353/4353 4355/4355
f 4130/4130 4358/4358 4357/4357
f 4130/4130 4357/4357 4355/4355
f 4130/4130 4131/4131 4135/4135
f 4130/4130 4135/4135 4358/4358
f 4360/4360 4359/4359 4357/4357
f 4360/4360 4357/4357 4358/4358
f 4135/4135 4361/4361 4360/4360
f 4135/4135 4360/4360 4358/4358
f 4135/4135 4136/4136 4140/4140
f 4135/4135 4140/4140 4361/4361
f 4363/4363 4362/4362 4360/4360
f 4363/4363 4360/4360 4361/4361
f 4140/4140 4364/4364 4363/4363
f 4140/4140 4363/4363 4361/4361
f 4140/4140 4141/4141 4145/4145
f 4140/4140 4145/4145 4364/4364
f 4366/4366 4365/4365 4363/4363
f 4366/4366 4363/4363 4364/4364
f 4145/4145 4367/4367 4366/4366
f 4145/4145 4366/4366 4364/4364
f 4145/4145 4146/4146 4150/4150
f 4145/4145 4150/4150 4367/4367
f 4369/4369 4368/4368 4366/4366
f 4369/4369 4366/4366 4367/4367
f 4150/4150 4370/4370 4369/4369
f 4150/4150 4369/4369 4367/4367
f 4150/4150 4151/4151 4155/4155
f 4150/4150 4155/4155 4370/4370
f 4372/4372 4371/4371 4369/4369
f 4372/4372 4369/4369 4370/4370
f 4155/4155 4373/4373 4372/4372
f 4155/4155 4372/4372 4370/4370
f 4155/4155 4156/4156 4160/4160
f 4155/4155 4160/4160 4373/4373
f 4375/4375 4374/4374 4372/4372
f 4375/4375 4372/4372 4373/4373
f 4160/4160 4376/4376 4375/4375
f 4160/4160 4375/4375 4373/4373
f 4160/4160 4161/4161 4165/4165
f 4160/4160 4165/4165 4376/4376
f 4378/4378 4377/4377 4375/4375
f 4378/4378 4375/4375 4376/4376
f 4165/4165 4379/4379 4378/4378
f 4165/4165 4378/4378 4376/4376
f 4165/4165 4166/4166 4170/4170
f 4165/4165 4170/4170 4379/4379
f 4381/4381 4380/4380 4378/4378
f 4381/4381 4378/4378 4379/4379
f 4170/4170 4382/4382 4381/4381
f 4170/4170 4381/4381 4379/4379
f 4170/4170 4171/4171 4175/4175
f 4170/4170 4175/4175 4382/4382
f 4384/4384 4383/4383 4381/4381
f 4384/4384 4381/4381 4382/4382
f 4175/4175 4385/4385 4384/4384
f 4175/4175 4384/4384 4382/4382
f 4175/4175 4176/4176 4180/4180
f 4175/4175 4180/4180 4385/4385
f 4387/4387 4386/4386 4384/4384
f 4387/4387 4384/4384 4385/4385
f 4180/4180 4388/4388 4387/4387
f 4180/4180 4387/4387 4385/4385
f 4180/4180 4181/4181 4185/4185
f 4180/4180 4185/4185 4388/4388
f 4390/4390 4389/4389 4387/4387
f 4390/4390 4387/4387 4388/4388
f 4185/4185 4391/4391 4390/4390
f 4185/4185 4390/4390 4388/4388
f 4185/4185 4186/4186 4190/4190
f 4185/4185 4190/4190 4391/4391
f 4393/4393 4392/4392 4390/4390
f 4393/4393 4390/4390 4391/4391
f 4190/4190 4394/4394 4393/4393
f 4190/4190 4393/4393 4391/4391
f 4190/4190 4191/4191 4195/4195
f 4190/4190 4195/4195 4394/4394
f 4396/4396 4395/4395 4393/4393
f 4396/4396 4393/4393 4394/4394
f 4195/4195 4397/4397 4396/4396
f 4195/4195 4396/4396 4394/4394
f 4195/4195 4196/4196 4200/4200
f 4195/4195 4200/4200 4397/4397
f 4399/4399 4398/4398 4396/4396
f 4399/4399 4396/4396 4397/4397
f 4200/4200 4400/4400 4399/4399
f 4200/4200 4399/4399 4397/4397
f 4200/4200 4201/4201 4205/4205
f 4200/4200 4205/4205 4400/4400
f 4402/4402 4401/4401 4399/4399
f 4402/4402 4399/4399 4400/4400
f 4205/4205 4403/4403 4402/4402
f 4205/4205 4402/4402 4400/4400
f 4205/4205 4206/4206 4210/4210
f 4205/4205 4210/4210 4403/4403
f 4405/4405 4404/4404 4402/4402
f 4405/4405 4402/4402 4403/4403
f 4210/4210 4406/4406 4405/4405
f 4210/4210 4405/4405 4403/4403
f 4210/4210 4211/4211 4215/4215
f 4210/4210 4215/4215 4406/4406
f 4408/4408 4407/4407 4405/4405
f 4408/4408 4405/4405 4406/4406
f 4215/4215 4409/4409 4408/4408
f 4215/4215 4408/4408 4406/4406
f 4215/4215 4216/4216 4221/4221
f 4215/4215 4221/4221 4409/4409
f 4411/4411 4410/4410 4408/4408
f 4411/4411 4408/4408 4409/4409
f 4221/4221 4412/4412 4411/4411
f 4221/4221 4411/4411 4409/4409
f 4220/4220 4222/4222 4226/4226
f 4220/4220 4226/4226 4413/4413
f 4416/4416 4414/4414 4411/4411
f 4416/4416 4411/4411 4412/4412
f 4226/4226 4417/4417 4415/4415
f 4226/4226 4415/4415 4413/4413
f 4226/4226 4227/4227 4231/4231
f 4226/4226 4231/4231 4417/4417
f 4420/4420 4418/4418 4415/4415
f 4420/4420 4415/4415 4417/4417
f 4231/4231 4421/4421 4420/4420
f 4231/4231 4420/4420 4417/4417
f 4231/4231 4232/4232 4236/4236
f 4231/4231 4236/4236 4421/4421
f 4423/4423 4422/4422 4420/4420
f 4423/4423 4420/4420 4421/4421
f 4236/4236 4424/4424 4423/4423
f 4236/4236 4423/4423 4421/4421
f 4236/4236 4237/4237 4241/4241
f 4236/4236 4241/4241 4424/4424
f 4426/4426 4425/4425 4423/4423
f 4426/4426 4423/4423 4424/4424
f 4241/4241 4427/4427 4426/4426
f 4241/4241 4426/4426 4424/4424
f 4241/4241 4242/4242 4246/4246
f 4241/4241 4246/4246 4427/4427
f 4429/4429 4428/4428 4426/4426
f 4429/4429 4426/4426 4427/4427
f 4246/4246 4430/4430 4429/4429
f 4246/4246 4429/4429 4427/4427
f 4246/4246 4247/4247 4251/4251
f 4246/4246 4251/4251 4430/4430
f 4432/4432 4431/4431 4429/4429
f 4432/4432 4429/4429 4430/4430
f 4251/4251 4433/4433 4432/4432
f 4251/4251 4432/4432 4430/4430
f 4251/4251 4252/4252 4256/4256
f 4251/4251 4256/4256 4433/4433
f 4435/4435 4434/4434 4432/4432
f 4435/4435 4432/4432 4433/4433
f 4256/4256 4436/4436 4435/4435
f 4256/4256 4435/4435 4433/4433
f 4256/4256 4257/4257 4261/4261
f 4256/4256 4261/4261 4436/4436
f 4438/4438 4437/4437 4435/4435
f 4438/4438 4435/4435 4436/4436
f 4261/4261 4439/4439 4438/4438
f 4261/4261 4438/4438 4436/4436
f 4261/4261 4262/4262 4266/4266
f 4261/4261 4266/4266 4439/4439
f 4441/4441 4440/4440 4438/4438
f 4441/4441 4438/4438 4439/4439
f 4266/4266 4442/4442 4441/4441
f 4266/4266 4441/4441 4439/4439
f 4266/4266 4267/4267 4271/4271
f 4266/4266 4271/4271 4442/4442
f 4444/4444 4443/4443 4441/4441
f 4444/4444 4441/4441 4442/4442
f 4271/4271 4445/4445 4444/4444
f 4271/4271 4444/4444 4442/4442
f 4271/4271 4272/4272 4276/4276
f 4271/4271 4276/4276 4445/4445
f 4447/4447 4446/4446 4444/4444
f 4447/4447 4444/4444 4445/4445
f 4276/4276 4448/4448 4447/4447
f 4276/4276 4447/4447 4445/4445
f 4276/4276 4277/4277 4281/4281
f 4276/4276 4281/4281 4448/4448
f 4450/4450 4449/4449 4447/4447
f 4450/4450 4447/4447 4448/4448
f 4281/4281 4451/4451 4450/4450
f 4281/4281 4450/4450 4448/4448
f 4281/4281 4282/4282 4286/4286
f 4281/4281 4286/4286 4451/4451
f 4453/4453 4452/4452 4450/4450
f 4453/4453 4450/4450 4451/4451
f 4286/4286 4454/4454 4453/4453
f 4286/4286 4453/4453 4451/4451
f 4286/4286 4287/4287 4291/4291
f 4286/4286 4291/4291 4454/4454
f 4456/4456 4455/4455 4453/4453
f 4456/4456 4453/4453 4454/4454
f 4291/4291 4457/4457 4456/4456
f 4291/4291 4456/4456 4454/4454
f 4291/4291 4292/4292 4296/4296
f 4291/4291 4296/4296 4457/4457
f 4459/4459 4458/4458 4456/4456
f 4459/4459 4456/4456 4457/4457
f 4296/4296 4460/4460 4459/4459
f 4296/4296 4459/4459 4457/4457
f 4296/4296 4297/4297 4299/4299
f 4296/4296 4299/4299 4460/4460
f 4462/4462 4461/4461 4459/4459
f 4462/4462 4459/4459 4460/4460
f 4299/4299 4301/4301 4462/4462
f 4299/4299 4462/4462 4460/4460
f 4463/4463 4461/4461 4462/4462
f 4301/4301 4303/4303 4463/4463
f 4301/4301 4463/4463 4462/4462
f 4467/4467 4466/4466 4464/4464
f 4467/4467 4464/4464 4465/4465
f 4469/4469 4468/4468 4466/4466
f 4469/4469 4466/4466 4467/4467
f 4306/4306 4308/4308 4469/4469
f 4306/4306 4469/4469 4467/4467
f 4471/4471 4470/4470 4468/4468
f 4471/4471 4468/4468 4469/4469
f 4308/4308 4310/4310 4471/4471
f 4308/4308 4471/4471 4469/4469
f 4473/4473 4472/4472 4470/4470
f 4473/4473 4470/4470 4471/4471
f 4310/4310 4312/4312 4473/4473
f 4310/4310 4473/4473 4471/4471
f 4475/4475 4474/4474 4472/4472
f 4475/4475 4472/4472 4473/4473
f 4312/4312 4314/4314 4475/4475
f 4312/4312 4475/4475 4473/4473
f 4477/4477 4476/4476 4474/4474
f 4477/4477 4474/4474 4475/4475
f 4314/4314 4316/4316 4477/4477
f 4314/4314 4477/4477 4475/4475
f 4479/4479 4478/4478 4476/4476
f 4479/4479 4476/4476 4477/4477
f 4316/4316 4318/4318 4479/4479
f 4316/4316 4479/4479 4477/4477
f 4481/4481 4480/4480 4478/4478
f 4481/4481 4478/4478 4479/4479
f 4318/4318 4320/4320 4481/4481
f 4318/4318 4481/4481 4479/4479
f 4483/4483 4482/4482 4480/4480
f 4483/4483 4480/4480 4481/4481
f 4320/4320 4322/4322 4483/4483
f 4320/4320 4483/4483 4481/4481
f 4485/4485 4484/4484 4482/4482
f 4485/4485 4482/4482 4483/4483
f 4322/4322 4324/4324 4485/4485
f 4322/4322 4485/4485 4483/4483
f 4487/4487 4486/4486 4484/4484
f 4487/4487 4484/4484 4485/4485
f 4324/4324 4326/4326 4487/4487
f 4324/4324 4487/4487 4485/4485
f 4489/4489 4488/4488 4486/4486
f 4489/4489 4486/4486 4487/4487
f 4326/4326 4328/4328 4489/4489
f 4326/4326 4489/4489 4487/4487
f 4491/4491 4490/4490 4488/4488
f 4491/4491 4488/4488 4489/4489
f 4328/4328 4330/4330 4491/4491
f 4328/4328 4491/4491 4489/4489
f 4493/4493 4492/4492 4490/4490
f 4493/4493 4490/4490 4491/4491
f 4330/4330 4332/4332 4493/4493
f 4330/4330 4493/4493 4491/4491
f 4495/4495 4494/4494 4492/4492
f 4495/4495 4492/4492 4493/4493
f 4332/4332 4334/4334 4495/4495
f 4332/4332 4495/4495 4493/4493
f 4497/4497 4496/4496 4494/4494
f 4497/4497 4494/4494 4495/4495
f 4334/4334 4336/4336 4497/4497
f 4334/4334 4497/4497 4495/4495
f 4341/4341 4498/4498 4496/4496
f 4341/4341 4496/4496 4497/4497
f 4336/4336 4338/4338 4341/4341
f 4336/4336 4341/4341 4497/4497
f 4500/4500 4499/4499 4496/4496
f 4500/4500 4496/4496 4498/4498
f 4344/4344 4501/4501 4500/4500
f 4344/4344 4500/4500 4498/4498
f 4341/4341 4342/4342 4344/4344
f 4341/4341 4344/4344 4498/4498
f 4503/4503 4502/4502 4500/4500
f 4503/4503 4500/4500 4501/4501
f 4347/4347 4504/4504 4503/4503
f 4347/4347 4503/4503 4501/4501
f 4344/4344 4345/4345 4347/4347
f 4344/4344 4347/4347 4501/4501
f 4506/4506 4505/4505 4503/4503
f 4506/4506 4503/4503 4504/4504
f 4350/4350 4356/4356 4506/4506
f 4350/4350 4506/4506 4504/4504
f 4347/4347 4348/4348 4350/4350
f 4347/4347 4350/4350 4504/4504
f 4356/4356 4357/4357 4359/4359
f 4356/4356 4359/4359 4506/4506
f 4359/4359 4507/4507 4505/4505
f 4359/4359 4505/4505 4506/4506
f 4359/4359 4360/4360 4362/4362
f 4359/4359 4362/4362 4507/4507
f 4509/4509 4508/4508 4505/4505
f 4509/4509 4505/4505 4507/4507
f 4362/4362 4510/4510 4509/4509
f 4362/4362 4509/4509 4507/4507
f 4362/4362 4363/4363 4365/4365
f 4362/4362 4365/4365 4510/4510
f 4512/4512 4511/4511 4509/4509
f 4512/4512 4509/4509 4510/4510
f 4365/4365 4513/4513 4512/4512
f 4365/4365 4512/4512 4510/4510
f 4365/4365 4366/4366 4368/4368
f 4365/4365 4368/4368 4513/4513
f 4515/4515 4514/4514 4512/4512
f 4515/4515 4512/4512 4513/4513
f 4368/4368 4516/4516 4515/4515
f 4368/4368 4515/4515 4513/4513
f 4368/4368 4369/4369 4371/4371
f 4368/4368 4371/4371 4516/4516
f 4518/4518 4517/4517 4515/4515
f 4518/4518 4515/4515 4516/4516
f 4371/4371 4519/4519 4518/4518
f 4371/4371 4518/4518 4516/4516
f 4371/4371 4372/4372 4374/4374
f 4371/4371 4374/4374 4519/4519
f 4521/4521 4520/4520 4518/4518
f 4521/4521 4518/4518 4519/4519
f 4374/4374 4522/4522 4521/4521
f 4374/4374 4521/4521 4519/4519
f 4374/4374 4375/4375 4377/4377
f 4374/4374 4377/4377 4522/4522
f 4524/4524 4523/4523 4521/4521
f 4524/4524 4521/4521 4522/4522
f 4377/4377 4525/4525 4524/4524
f 4377/4377 4524/4524 4522/4522
f 4377/4377 4378/4378 4380/4380
f 4377/4377 4380/4380 4525/4525
f 4527/4527 4526/4526 4524/4524
f 4527/4527 4524/4524 4525/4525
f 4380/4380 4528/4528 4527/4527
f 4380/4380 4527/4527 4525/4525
f 4380/4380 4381/4381 4383/4383
f 4380/4380 4383/4383 4528/4528
f 4530/4530 4529/4529 4527/4527
f 4530/4530 4527/4527 4528/4528
f 4383/4383 4531/4531 4530/4530
f 4383/4383 4530/4530 4528/4528
f 4383/4383 4384/4384 4386/4386
f 4383/4383 4386/4386 4531/4531
f 4533/4533 4532/4532 4530/4530
f 4533/4533 4530/4530 4531/4531
f 4386/4386 4534/4534 4533/4533
f 4386/4386 4533/4533 4531/4531
f 4386/4386 4387/4387 4389/4389
f 4386/4386 4389/4389 4534/4534
f 4536/4536 4535/4535 4533/4533
f 4536/4536 4533/4533 4534/4534
f 4389/4389 4537/4537 4536/4536
f 4389/4389 4536/4536 4534/4534
f 4389/4389 4390/4390 4392/4392
f 4389/4389 4392/4392 4537/4537
f 4539/4539 4538/4538 4536/4536
f 4539/4539 4536/4536 4537/4537
f 4392/4392 4540/4540 4539/4539
f 4392/4392 4539/4539 4537/4537
f 4392/4392 4393/4393 4395/4395
f 4392/4392 4395/4395 4540/4540
f 4542/4542 4541/4541 4539/4539
f 4542/4542 4539/4539 4540/4540
f 4395/4395 4543/4543 4542/4542
f 4395/4395 4542/4542 4540/4540
f 4395/4395 4396/4396 4398/4398
f 4395/4395 4398/4398 4543/4543
f 4545/4545 4544/4544 4542/4542
f 4545/4545 4542/4542 4543/4543
f 4398/4398 4546/4546 4545/4545
f 4398/4398 4545/4545 4543/4543
f 4398/4398 4399/4399 4401/4401
f 4398/4398 4401/4401 4546/4546
f 4548/4548 4547/4547 4545/4545
f 4548/4548 4545/4545 4546/4546
f 4401/4401 4549/4549 4548/4548
f 4401/4401 4548/4548 4546/4546
f 4401/4401 4402/4402 4404/4404
f 4401/4401 4404/4404 4549/4549
f 4551/4551 4550/4550 4548/4548
f 4551/4551 4548/4548 4549/4549
f 4404/4404 4552/4552 4551/4551
f 4404/4404 4551/4551 4549/4549
f 4404/4404 4405/4405 4407/4407
f 4404/4404 4407/4407 4552/4552
f 4554/4554 4553/4553 4551/4551
f 4554/4554 4551/4551 4552/4552
f 4407/4407 4555/4555 4554/4554
f 4407/4407 4554/4554 4552/4552
f 4407/4407 4408/4408 4410/4410
f 4407/4407 4410/4410 4555/4555
f 4557/4557 4556/4556 4554/4554
f 4557/4557 4554/4554 4555/4555
f 4410/4410 4558/4558 4557/4557
f 4410/4410 4557/4557 4555/4555
f 4410/4410 4411/4411 4414/4414
f 4410/4410 4414/4414 4558/4558
f 4560/4560 4559/4559 4557/4557
f 4560/4560 4557/4557 4558/4558
f 4414/4414 4561/4561 4560/4560
f 4414/4414 4560/4560 4558/4558
f 4414/4414 4416/4416 4419/4419
f 4414/4414 4419/4419 4561/4561
f 4563/4563 4562/4562 4560/4560
f 4563/4563 4560/4560 4561/4561
f 4419/4419 4565/4565 4563/4563
f 4419/4419 4563/4563 4561/4561
f 4418/4418 4420/4420 4422/4422
f 4418/4418 4422/4422 4564/4564
f 4567/4567 4566/4566 4563/4563
f 4567/4567 4563/4563 4565/4565
f 4422/4422 4569/4569 4568/4568
f 4422/4422 4568/4568 4564/4564
f 4422/4422 4423/4423 4425/4425
f 4422/4422 4425/4425 4569/4569
f 4572/4572 4571/4571 4568/4568
f 4572/4572 4568/4568 4569/4569
f 4425/4425 4573/4573 4572/4572
f 4425/4425 4572/4572 4569/4569
f 4425/4425 4426/4426 4428/4428
f 4425/4425 4428/4428 4573/4573
f 4575/4575 4574/4574 4572/4572
f 4575/4575 4572/4572 4573/4573
f 4428/4428 4576/4576 4575/4575
f 4428/4428 4575/4575 4573/4573
f 4428/4428 4429/4429 4431/4431
f 4428/4428 4431/4431 4576/4576
f 4578/4578 4577/4577 4575/4575
f 4578/4578 4575/4575 4576/4576
f 4431/4431 4579/4579 4578/4578
f 4431/4431 4578/4578 4576/4576
f 4431/4431 4432/4432 4434/4434
f 4431/4431 4434/4434 4579/4579
f 4581/4581 4580/4580 4578/4578
f 4581/4581 4578/4578 4579/4579
f 4434/4434 4582/4582 4581/4581
f 4434/4434 4581/4581 4579/4579
f 4434/4434 4435/4435 4437/4437
f 4434/4434 4437/4437 4582/4582
f 4584/4584 4583/4583 4581/4581
f 4584/4584 4581/4581 4582/4582
f 4437/4437 4585/4585 4584/4584
f 4437/4437 4584/4584 4582/4582
f 4437/4437 4438/4438 4440/4440
f 4437/4437 4440/4440 4585/4585
f 4587/4587 4586/4586 4584/4584
f 4587/4587 4584/4584 4585/4585
f 4440/4440 4588/4588 4587/4587
f 4440/4440 4587/4587 4585/4585
f 4440/4440 4441/4441 4443/4443
f 4440/4440 4443/4443 4588/4588
f 4590/4590 4589/4589 4587/4587
f 4590/4590 4587/4587 4588/4588
f 4443/4443 4591/4591 4590/4590
f 4443/4443 4590/4590 4588/4588
f 4443/4443 4444/4444 4446/4446
f 4443/4443 4446/4446 4591/4591
f 4593/4593 4592/4592 4590/4590
f 4593/4593 4590/4590 4591/4591
f 4446/4446 4594/4594 4593/4593
f 4446/4446 4593/4593 4591/4591
f 4446/4446 4447/4447 4449/4449
f 4446/4446 4449/4449 4594/4594
f 4596/4596 4595/4595 4593/4593
f 4596/4596 4593/4593 4594/4594
f 4449/4449 4597/4597 4596/4596
f 4449/4449 4596/4596 4594/4594
f 4449/4449 4450/4450 4452/4452
f 4449/4449 4452/4452 4597/4597
f 4598/4598 4596/4596 4597/4597
f 4452/4452 4599/4599 4598/4598
f 4452/4452 4598/4598 4597/4597
f 4452/4452 4453/4453 4455/4455
f 4452/4452 4455/4455 4599/4599
f 4455/4455 4456/4456 4458/4458
f 4455/4455 4458/4458 4600/4600
f 4458/4458 4459/4459 4461/4461
f 4604/4604 4603/4603 4601/4601
f 4604/4604 4601/4601 4602/4602
f 4464/4464 4466/4466 4604/4604
f 4464/4464 4604/4604 4602/4602
f 4606/4606 4605/4605 4603/4603
f 4606/4606 4603/4603 4604/4604
f 4466/4466 4468/4468 4606/4606
f 4466/4466 4606/4606 4604/4604
f 4608/4608 4607/4607 4605/4605
f 4608/4608 4605/4605 4606/4606
f 4468/4468 4470/4470 4608/4608
f 4468/4468 4608/4608 4606/4606
f 4610/4610 4609/4609 4607/4607
f 4610/4610 4607/4607 4608/4608
f 4470/4470 4472/4472 4610/4610
f 4470/4470 4610/4610 4608/4608
f 4612/4612 4611/4611 4609/4609
f 4612/4612 4609/4609 4610/4610
f 4472/4472 4474/4474 4612/4612
f 4472/4472 4612/4612 4610/4610
f 4614/4614 4613/4613 4611/4611
f 4614/4614 4611/4611 4612/4612
f 4474/4474 4476/4476 4614/4614
f 4474/4474 4614/4614 4612/4612
f 4616/4616 4615/4615 4613/4613
f 4616/4616 4613/4613 4614/4614
f 4476/4476 4478/4478 4616/4616
f 4476/4476 4616/4616 4614/4614
f 4618/4618 4617/4617 4615/4615
f 4618/4618 4615/4615 4616/4616
f 4478/4478 4480/4480 4618/4618
f 4478/4478 4618/4618 4616/4616
f 4620/4620 4619/4619 4617/4617
f 4620/4620 4617/4617 4618/4618
f 4480/4480 4482/4482 4620/4620
f 4480/4480 4620/4620 4618/4618
f 4622/4622 4621/4621 4619/4619
f 4622/4622 4619/4619 4620/4620
f 4482/4482 4484/4484 4622/4622
f 4482/4482 4622/4622 4620/4620
f 4624/4624 4623/4623 4621/4621
f 4624/4624 4621/4621 4622/4622
f 4484/4484 4486/4486 4624/4624
f 4484/4484 4624/4624 4622/4622
f 4626/4626 4625/4625 4623/4623
f 4626/4626 4623/4623 4624/4624
f 4486/4486 4488/4488 4626/4626
f 4486/4486 4626/4626 4624/4624
f 4628/4628 4627/4627 4625/4625
f 4628/4628 4625/4625 4626/4626
f 4488/4488 4490/4490 4628/4628
f 4488/4488 4628/4628 4626/4626
f 4630/4630 4629/4629 4627/4627
f 4630/4630 4627/4627 4628/4628
f 4490/4490 4492/4492 4630/4630
f 4490/4490 4630/4630 4628/4628
f 4632/4632 4631/4631 4629/4629
f 4632/4632 4629/4629 4630/4630
f 4492/4492 4494/4494 4632/4632
f 4492/4492 4632/4632 4630/4630
f 4499/4499 4633/4633 4631/4631
f 4499/4499 4631/4631 4632/4632
f 4494/4494 4496/4496 4499/4499
f 4494/4494 4499/4499 4632/4632
f 4502/4502 4508/4508 4634/4634
f 4502/4502 4634/4634 4633/4633
f 4499/4499 4500/4500 4502/4502
f 4499/4499 4502/4502 4633/4633
f 4634/4634 4635/4635 4631/4631
f 4634/4634 4631/4631 4633/4633
f 4634/4634 4511/4511 4636/4636
f 4634/4634 4636/4636 4635/4635
f 4637/4637 4629/4629 4631/4631
f 4637/4637 4631/4631 4635/4635
f 4636/4636 4638/4638 4637/4637
f 4636/4636 4637/4637 4635/4635
f 4636/4636 4514/4514 4639/4639
f 4636/4636 4639/4639 4638/4638
f 4641/4641 4640/4640 4637/4637
f 4641/4641 4637/4637 4638/4638
f 4639/4639 4642/4642 4641/4641
f 4639/4639 4641/4641 4638/4638
f 4639/4639 4517/4517 4643/4643
f 4639/4639 4643/4643 4642/4642
f 4645/4645 4644/4644 4641/4641
f 4645/4645 4641/4641 4642/4642
f 4643/4643 4646/4646 4645/4645
f 4643/4643 4645/4645 4642/4642
f 4643/4643 4520/4520 4647/4647
f 4643/4643 4647/4647 4646/4646
f 4649/4649 4648/4648 4645/4645
f 4649/4649 4645/4645 4646/4646
f 4647/4647 4650/4650 4649/4649
f 4647/4647 4649/4649 4646/4646
f 4647/4647 4523/4523 4651/4651
f 4647/4647 4651/4651 4650/4650
f 4653/4653 4652/4652 4649/4649
f 4653/4653 4649/4649 4650/4650
f 4651/4651 4654/4654 4653/4653
f 4651/4651 4653/4653 4650/4650
f 4651/4651 4526/4526 4655/4655
f 4651/4651 4655/4655 4654/4654
f 4657/4657 4656/4656 4653/4653
f 4657/4657 4653/4653 4654/4654
f 4655/4655 4658/4658 4657/4657
f 4655/4655 4657/4657 4654/4654
f 4655/4655 4529/4529 4659/4659
f 4655/4655 4659/4659 4658/4658
f 4661/4661 4660/4660 4657/4657
f 4661/4661 4657/4657 4658/4658
f 4659/4659 4662/4662 4661/4661
f 4659/4659 4661/4661 4658/4658
f 4659/4659 4532/4532 4663/4663
f 4659/4659 4663/4663 4662/4662
f 4665/4665 4664/4664 4661/4661
f 4665/4665 4661/4661 4662/4662
f 4663/4663 4666/4666 4665/4665
f 4663/4663 4665/4665 4662/4662
f 4663/4663 4535/4535 4667/4667
f 4663/4663 4667/4667 4666/4666
f 4669/4669 4668/4668 4665/4665
f 4669/4669 4665/4665 4666/4666
f 4667/4667 4670/4670 4669/4669
f 4667/4667 4669/4669 4666/4666
f 4667/4667 4538/4538 4671/4671
f 4667/4667 4671/4671 4670/4670
f 4673/4673 4672/4672 4669/4669
f 4673/4673 4669/4669 4670/4670
f 4671/4671 4674/4674 4673/4673
f 4671/4671 4673/4673 4670/4670
f 4671/4671 4541/4541 4675/4675
f 4671/4671 4675/4675 4674/4674
f 4677/4677 4676/4676 4673/4673
f 4677/4677 4673/4673 4674/4674
f 4675/4675 4678/4678 4677/4677
f 4675/4675 4677/4677 4674/4674
f 4675/4675 4544/4544 4679/4679
f 4675/4675 4679/4679 4678/4678
f 4681/4681 4680/4680 4677/4677
f 4681/4681 4677/4677 4678/4678
f 4679/4679 4682/4682 4681/4681
f 4679/4679 4681/4681 4678/4678
f 4679/4679 4547/4547 4683/4683
f 4679/4679 4683/4683 4682/4682
f 4685/4685 4684/4684 4681/4681
f 4685/4685 4681/4681 4682/4682
f 4683/4683 4686/4686 4685/4685
f 4683/4683 4685/4685 4682/4682
f 4683/4683 4550/4550 4687/4687
f 4683/4683 4687/4687 4686/4686
f 4689/4689 4688/4688 4685/4685
f 4689/4689 4685/4685 4686/4686
f 4687/4687 4690/4690 4689/4689
f 4687/4687 4689/4689 4686/4686
f 4687/4687 4553/4553 4691/4691
f 4687/4687 4691/4691 4690/4690
f 4693/4693 4692/4692 4689/4689
f 4693/4693 4689/4689 4690/4690
f 4691/4691 4694/4694 4693/4693
f 4691/4691 4693/4693 4690/4690
f 4691/4691 4556/4556 4695/4695
f 4691/4691 4695/4695 4694/4694
f 4697/4697 4696/4696 4693/4693
f 4697/4697 4693/4693 4694/4694
f 4695/4695 4698/4698 4697/4697
f 4695/4695 4697/4697 4694/4694
f 4695/4695 4559/4559 4699/4699
f 4695/4695 4699/4699 4698/4698
f 4701/4701 4700/4700 4697/4697
f 4701/4701 4697/4697 4698/4698
f 4699/4699 4702/4702 4701/4701
f 4699/4699 4701/4701 4698/4698
f 4699/4699 4562/4562 4703/4703
f 4699/4699 4703/4703 4702/4702
f 4705/4705 4704/4704 4701/4701
f 4705/4705 4701/4701 4702/4702
f 4703/4703 4706/4706 4705/4705
f 4703/4703 4705/4705 4702/4702
f 4703/4703 4566/4566 4707/4707
f 4703/4703 4707/4707 4706/4706
f 4709/4709 4708/4708 4705/4705
f 4709/4709 4705/4705 4706/4706
f 4707/4707 4710/4710 4709/4709
f 4707/4707 4709/4709 4706/4706
f 4707/4707 4570/4570 4711/4711
f 4707/4707 4711/4711 4710/4710
f 4714/4714 4713/4713 4709/4709
f 4714/4714 4709/4709 4710/4710
f 4711/4711 4716/4716 4714/4714
f 4711/4711 4714/4714 4710/4710
f 4712/4712 4574/4574 4717/4717
f 4712/4712 4717/4717 4715/4715
f 4720/4720 4718/4718 4714/4714
f 4720/4720 4714/4714 4716/4716
f 4717/4717 4721/4721 4719/4719
f 4717/4717 4719/4719 4715/4715
f 4717/4717 4577/4577 4722/4722
f 4717/4717 4722/4722 4721/4721
f 4725/4725 4724/4724 4719/4719
f 4725/4725 4719/4719 4721/4721
f 4722/4722 4726/4726 4725/4725
f 4722/4722 4725/4725 4721/4721
f 4722/4722 4580/4580 4727/4727
f 4722/4722 4727/4727 4726/4726
f 4729/4729 4728/4728 4725/4725
f 4729/4729 4725/4725 4726/4726
f 4727/4727 4730/4730 4729/4729
f 4727/4727 4729/4729 4726/4726
f 4727/4727 4583/4583 4731/4731
f 4727/4727 4731/4731 4730/4730
f 4733/4733 4732/4732 4729/4729
f 4733/4733 4729/4729 4730/4730
f 4731/4731 4734/4734 4733/4733
f 4731/4731 4733/4733 4730/4730
f 4731/4731 4586/4586 4735/4735
f 4731/4731 4735/4735 4734/4734
f 4736/4736 4733/4733 4734/4734
f 4735/4735 4737/4737 4736/4736
f 4735/4735 4736/4736 4734/4734
f 4735/4735 4589/4589 4738/4738
f 4735/4735 4738/4738 4737/4737
f 4741/4741 4740/4740 4739/4739
f 4743/4743 4742/4742 4740/4740
f 4743/4743 4740/4740 4741/4741
f 4601/4601 4603/4603 4743/4743
f 4601/4601 4743/4743 4741/4741
f 4745/4745 4744/4744 4742/4742
f 4745/4745 4742/4742 4743/4743
f 4603/4603 4605/4605 4745/4745
f 4603/4603 4745/4745 4743/4743
f 4747/4747 4746/4746 4744/4744
f 4747/4747 4744/4744 4745/4745
f 4605/4605 4607/4607 4747/4747
f 4605/4605 4747/4747 4745/4745
f 4749/4749 4748/4748 4746/4746
f 4749/4749 4746/4746 4747/4747
f 4607/4607 4609/4609 4749/4749
f 4607/4607 4749/4749 4747/4747
f 4751/4751 4750/4750 4748/4748
f 4751/4751 4748/4748 4749/4749
f 4609/4609 4611/4611 4751/4751
f 4609/4609 4751/4751 4749/4749
f 4753/4753 4752/4752 4750/4750
f 4753/4753 4750/4750 4751/4751
f 4611/4611 4613/4613 4753/4753
f 4611/4611 4753/4753 4751/4751
f 4755/4755 4754/4754 4752/4752
f 4755/4755 4752/4752 4753/4753
f 4613/4613 4615/4615 4755/4755
f 4613/4613 4755/4755 4753/4753
f 4757/4757 4756/4756 4754/4754
f 4757/4757 4754/4754 4755/4755
f 4615/4615 4617/4617 4757/4757
f 4615/4615 4757/4757 4755/4755
f 4759/4759 4758/4758 4756/4756
f 4759/4759 4756/4756 4757/4757
f 4617/4617 4619/4619 4759/4759
f 4617/4617 4759/4759 4757/4757
f 4761/4761 4760/4760 4758/4758
f 4761/4761 4758/4758 4759/4759
f 4619/4619 4621/4621 4761/4761
f 4619/4619 4761/4761 4759/4759
f 4763/4763 4762/4762 4760/4760
f 4763/4763 4760/4760 4761/4761
f 4621/4621 4623/4623 4763/4763
f 4621/4621 4763/4763 4761/4761
f 4764/4764 4644/4644 4762/4762
f 4764/4764 4762/4762 4763/4763
f 4623/4623 4625/4625 4764/4764
f 4623/4623 4764/4764 4763/4763
f 4640/4640 4641/4641 4644/4644
f 4640/4640 4644/4644 4764/4764
f 4625/4625 4627/4627 4640/4640
f 4625/4625 4640/4640 4764/4764
f 4644/4644 4645/4645 4648/4648
f 4644/4644 4648/4648 4762/4762
f 4648/4648 4765/4765 4760/4760
f 4648/4648 4760/4760 4762/4762
f 4648/4648 4649/4649 4652/4652
f 4648/4648 4652/4652 4765/4765
f 4766/4766 4758/4758 4760/4760
f 4766/4766 4760/4760 4765/4765
f 4652/4652 4767/4767 4766/4766
f 4652/4652 4766/4766 4765/4765
f 4652/4652 4653/4653 4656/4656
f 4652/4652 4656/4656 4767/4767
f 4769/4769 4768/4768 4766/4766
f 4769/4769 4766/4766 4767/4767
f 4656/4656 4770/4770 4769/4769
f 4656/4656 4769/4769 4767/4767
f 4656/4656 4657/4657 4660/4660
f 4656/4656 4660/4660 4770/4770
f 4772/4772 4771/4771 4769/4769
f 4772/4772 4769/4769 4770/4770
f 4660/4660 4773/4773 4772/4772
f 4660/4660 4772/4772 4770/4770
f 4660/4660 4661/4661 4664/4664
f 4660/4660 4664/4664 4773/4773
f 4775/4775 4774/4774 4772/4772
f 4775/4775 4772/4772 4773/4773
f 4664/4664 4776/4776 4775/4775
f 4664/4664 4775/4775 4773/4773
f 4664/4664 4665/4665 4668/4668
f 4664/4664 4668/4668 4776/4776
f 4778/4778 4777/4777 4775/4775
f 4778/4778 4775/4775 4776/4776
f 4668/4668 4779/4779 4778/4778
f 4668/4668 4778/4778 4776/4776
f 4668/4668 4669/4669 4672/4672
f 4668/4668 4672/4672 4779/4779
f 4781/4781 4780/4780 4778/4778
f 4781/4781 4778/4778 4779/4779
f 4672/4672 4782/4782 4781/4781
f 4672/4672 4781/4781 4779/4779
f 4672/4672 4673/4673 4676/4676
f 4672/4672 4676/4676 4782/4782
f 4784/4784 4783/4783 4781/4781
f 4784/4784 4781/4781 4782/4782
f 4676/4676 4785/4785 4784/4784
f 4676/4676 4784/4784 4782/4782
f 4676/4676 4677/4677 4680/4680
f 4676/4676 4680/4680 4785/4785
f 4787/4787 4786/4786 4784/4784
f 4787/4787 4784/4784 4785/4785
f 4680/4680 4788/4788 4787/4787
f 4680/4680 4787/4787 4785/4785
f 4680/4680 4681/4681 4684/4684
f 4680/4680 4684/4684 4788/4788
f 4790/4790 4789/4789 4787/4787
f 4790/4790 4787/4787 4788/4788
f 4684/4684 4791/4791 4790/4790
f 4684/4684 4790/4790 4788/4788
f 4684/4684 4685/4685 4688/4688
f 4684/4684 4688/4688 4791/4791
f 4793/4793 4792/4792 4790/4790
f 4793/4793 4790/4790 4791/4791
f 4688/4688 4794/4794 4793/4793
f 4688/4688 4793/4793 4791/4791
f 4688/4688 4689/4689 4692/4692
f 4688/4688 4692/4692 4794/4794
f 4796/4796 4795/4795 4793/4793
f 4796/4796 4793/4793 4794/4794
f 4692/4692 4797/4797 4796/4796
f 4692/4692 4796/4796 4794/4794
f 4692/4692 4693/4693 4696/4696
f 4692/4692 4696/4696 4797/4797
f 4799/4799 4798/4798 4796/4796
f 4799/4799 4796/4796 4797/4797
f 4696/4696 4800/4800 4799/4799
f 4696/4696 4799/4799 4797/4797
f 4696/4696 4697/4697 4700/4700
f 4696/4696 4700/4700 4800/4800
f 4802/4802 4801/4801 4799/4799
f 4802/4802 4799/4799 4800/4800
f 4700/4700 4803/4803 4802/4802
f 4700/4700 4802/4802 4800/4800
f 4700/4700 4701/4701 4704/4704
f 4700/4700 4704/4704 4803/4803
f 4805/4805 4804/4804 4802/4802
f 4805/4805 4802/4802 4803/4803
f 4704/4704 4806/4806 4805/4805
f 4704/4704 4805/4805 4803/4803
f 4704/4704 4705/4705 4708/4708
f 4704/4704 4708/4708 4806/4806
f 4808/4808 4807/4807 4805/4805
f 4808/4808 4805/4805 4806/4806
f 4708/4708 4809/4809 4808/4808
f 4708/4708 4808/4808 4806/4806
f 4708/4708 4709/4709 4713/4713
f 4708/4708 4713/4713 4809/4809
f 4811/4811 4810/4810 4808/4808
f 4811/4811 4808/4808 4809/4809
f 4713/4713 4812/4812 4811/4811
f 4713/4713 4811/4811 4809/4809
f 4713/4713 4714/4714 4718/4718
f 4713/4713 4718/4718 4812/4812
f 4814/4814 4813/4813 4811/4811
f 4814/4814 4811/4811 4812/4812
f 4718/4718 4815/4815 4814/4814
f 4718/4718 4814/4814 4812/4812
f 4718/4718 4720/4720 4723/4723
f 4718/4718 4723/4723 4815/4815
f 4817/4817 4816/4816 4814/4814
f 4817/4817 4814/4814 4815/4815
f 4723/4723 4818/4818 4817/4817
f 4723/4723 4817/4817 4815/4815
f 4724/4724 4725/4725 4728/4728
f 4724/4724 4728/4728 4819/4819
f 4820/4820 4817/4817 4818/4818
f 4728/4728 4822/4822 4821/4821
f 4728/4728 4821/4821 4819/4819
f 4728/4728 4729/4729 4732/4732
f 4728/4728 4732/4732 4822/4822
f 4826/4826 4825/4825 4823/4823
f 4826/4826 4823/4823 4824/4824
f 4739/4739 4740/4740 4826/4826
f 4739/4739 4826/4826 4824/4824
f 4828/4828 4827/4827 4825/4825
f 4828/4828 4825/4825 4826/4826
f 4740/4740 4742/4742 4828/4828
f 4740/4740 4828/4828 4826/4826
f 4830/4830 4829/4829 4827/4827
f 4830/4830 4827/4827 4828/4828
f 4742/4742 4744/4744 4830/4830
f 4742/4742 4830/4830 4828/4828
f 4832/4832 4831/4831 4829/4829
f 4832/4832 4829/4829 4830/4830
f 4744/4744 4746/4746 4832/4832
f 4744/4744 4832/4832 4830/4830
f 4834/4834 4833/4833 4831/4831
f 4834/4834 4831/4831 4832/4832
f 4746/4746 4748/4748 4834/4834
f 4746/4746 4834/4834 4832/4832
f 4836/4836 4835/4835 4833/4833
f 4836/4836 4833/4833 4834/4834
f 4748/4748 4750/4750 4836/4836
f 4748/4748 4836/4836 4834/4834
f 4838/4838 4837/4837 4835/4835
f 4838/4838 4835/4835 4836/4836
f 4750/4750 4752/4752 4838/4838
f 4750/4750 4838/4838 4836/4836
f 4839/4839 4771/4771 4837/4837
f 4839/4839 4837/4837 4838/4838
f 4752/4752 4754/4754 4839/4839
f 4752/4752 4839/4839 4838/4838
f 4768/4768 4769/4769 4771/4771
f 4768/4768 4771/4771 4839/4839
f 4754/4754 4756/4756 4768/4768
f 4754/4754 4768/4768 4839/4839
f 4771/4771 4772/4772 4774/4774
f 4771/4771 4774/4774 4837/4837
f 4774/4774 4840/4840 4835/4835
f 4774/4774 4835/4835 4837/4837
f 4774/4774 4775/4775 4777/4777
f 4774/4774 4777/4777 4840/4840
f 4841/4841 4833/4833 4835/4835
f 4841/4841 4835/4835 4840/4840
f 4777/4777 4842/4842 4841/4841
f 4777/4777 4841/4841 4840/4840
f 4777/4777 4778/4778 4780/4780
f 4777/4777 4780/4780 4842/4842
f 4844/4844 4843/4843 4841/4841
f 4844/4844 4841/4841 4842/4842
f 4780/4780 4845/4845 4844/4844
f 4780/4780 4844/4844 4842/4842
f 4780/4780 4781/4781 4783/4783
f 4780/4780 4783/4783 4845/4845
f 4847/4847 4846/4846 4844/4844
f 4847/4847 4844/4844 4845/4845
f 4783/4783 4848/4848 4847/4847
f 4783/4783 4847/4847 4845/4845
f 4783/4783 4784/4784 4786/4786
f 4783/4783 4786/4786 4848/4848
f 4850/4850 4849/4849 4847/4847
f 4850/4850 4847/4847 4848/4848
f 4786/4786 4851/4851 4850/4850
f 4786/4786 4850/4850 4848/4848
f 4786/4786 4787/4787 4789/4789
f 4786/4786 4789/4789 4851/4851
f 4853/4853 4852/4852 4850/4850
f 4853/4853 4850/4850 4851/4851
f 4789/4789 4854/4854 4853/4853
f 4789/4789 4853/4853 4851/4851
f 4789/4789 4790/4790 4792/4792
f 4789/4789 4792/4792 4854/4854
f 4856/4856 4855/4855 4853/4853
f 4856/4856 4853/4853 4854/4854
f 4792/4792 4857/4857 4856/4856
f 4792/4792 4856/4856 4854/4854
f 4792/4792 4793/4793 4795/4795
f 4792/4792 4795/4795 4857/4857
f 4859/4859 4858/4858 4856/4856
f 4859/4859 4856/4856 4857/4857
f 4795/4795 4860/4860 4859/4859
f 4795/4795 4859/4859 4857/4857
f 4795/4795 4796/4796 4798/4798
f 4795/4795 4798/4798 4860/4860
f 4862/4862 4861/4861 4859/4859
f 4862/4862 4859/4859 4860/4860
f 4798/4798 4863/4863 4862/4862
f 4798/4798 4862/4862 4860/4860
f 4798/4798 4799/4799 4801/4801
f 4798/4798 4801/4801 4863/4863
f 4865/4865 4864/4864 4862/4862
f 4865/4865 4862/4862 4863/4863
f 4801/4801 4866/4866 4865/4865
f 4801/4801 4865/4865 4863/4863
f 4801/4801 4802/4802 4804/4804
f 4801/4801 4804/4804 4866/4866
f 4868/4868 4867/4867 4865/4865
f 4868/4868 4865/4865 4866/4866
f 4804/4804 4869/4869 4868/4868
f 4804/4804 4868/4868 4866/4866
f 4804/4804 4805/4805 4807/4807
f 4804/4804 4807/4807 4869/4869
f 4871/4871 4870/4870 4868/4868
f 4871/4871 4868/4868 4869/4869
f 4807/4807 4872/4872 4871/4871
f 4807/4807 4871/4871 4869/4869
f 4807/4807 4808/4808 4810/4810
f 4807/4807 4810/4810 4872/4872
f 4873/4873 4871/4871 4872/4872
f 4810/4810 4874/4874 4873/4873
f 4810/4810 4873/4873 4872/4872
f 4810/4810 4811/4811 4813/4813
f 4810/4810 4813/4813 4874/4874
f 4813/4813 4814/4814 4816/4816
f 4813/4813 4816/4816 4875/4875
f 4879/4879 4878/4878 4876/4876
f 4879/4879 4876/4876 4877/4877
f 4823/4823 4825/4825 4879/4879
f 4823/4823 4879/4879 4877/4877
f 4881/4881 4880/4880 4878/4878
f 4881/4881 4878/4878 4879/4879
f 4825/4825 4827/4827 4881/4881
f 4825/4825 4881/4881 4879/4879
f 4882/4882 4846/4846 4880/4880
f 4882/4882 4880/4880 4881/4881
f 4827/4827 4829/4829 4882/4882
f 4827/4827 4882/4882 4881/4881
f 4843/4843 4844/4844 4846/4846
f 4843/4843 4846/4846 4882/4882
f 4829/4829 4831/4831 4843/4843
f 4829/4829 4843/4843 4882/4882
f 4846/4846 4847/4847 4849/4849
f 4846/4846 4849/4849 4880/4880
f 4849/4849 4883/4883 4878/4878
f 4849/4849 4878/4878 4880/4880
f 4849/4849 4850/4850 4852/4852
f 4849/4849 4852/4852 4883/4883
f 4884/4884 4876/4876 4878/4878
f 4884/4884 4878/4878 4883/4883
f 4852/4852 4885/4885 4884/4884
f 4852/4852 4884/4884 4883/4883
f 4852/4852 4853/4853 4855/4855
f 4852/4852 4855/4855 4885/4885
f 4886/4886 4884/4884 4885/4885
f 4855/4855 4887/4887 4886/4886
f 4855/4855 4886/4886 4885/4885
f 4855/4855 4856/4856 4858/4858
f 4855/4855 4858/4858 4887/4887
f 4858/4858 4859/4859 4861/4861
f 4858/4858 4861/4861 4888/4888
f 4861/4861 4862/4862 4864/4864
f 4864/4864 4865/4865 4867/4867
f 4867/4867 4868/4868 4870/4870
f 4831/4831 4833/4833 4841/4841
f 4831/4831 4841/4841 4843/4843
f 4756/4756 4758/4758 4766/4766
f 4756/4756 4766/4766 4768/4768
f 4592/4592 4593/4593 4595/4595
f 4589/4589 4590/4590 4592/4592
f 4589/4589 4592/4592 4738/4738
f 4586/4586 4587/4587 4589/4589
f 4586/4586 4589/4589 4735/4735
f 4583/4583 4584/4584 4586/4586
f 4583/4583 4586/4586 4731/4731
f 4580/4580 4581/4581 4583/4583
f 4580/4580 4583/4583 4727/4727
f 4577/4577 4578/4578 4580/4580
f 4577/4577 4580/4580 4722/4722
f 4574/4574 4575/4575 4577/4577
f 4574/4574 4577/4577 4717/4717
f 4571/4571 4572/4572 4574/4574
f 4571/4571 4574/4574 4712/4712
f 4566/4566 4567/4567 4570/4570
f 4566/4566 4570/4570 4707/4707
f 4562/4562 4563/4563 4566/4566
f 4562/4562 4566/4566 4703/4703
f 4559/4559 4560/4560 4562/4562
f 4559/4559 4562/4562 4699/4699
f 4556/4556 4557/4557 4559/4559
f 4556/4556 4559/4559 4695/4695
f 4553/4553 4554/4554 4556/4556
f 4553/4553 4556/4556 4691/4691
f 4550/4550 4551/4551 4553/4553
f 4550/4550 4553/4553 4687/4687
f 4547/4547 4548/4548 4550/4550
f 4547/4547 4550/4550 4683/4683
f 4544/4544 4545/4545 4547/4547
f 4544/4544 4547/4547 4679/4679
f 4541/4541 4542/4542 4544/4544
f 4541/4541 4544/4544 4675/4675
f 4538/4538 4539/4539 4541/4541
f 4538/4538 4541/4541 4671/4671
f 4535/4535 4536/4536 4538/4538
f 4535/4535 4538/4538 4667/4667
f 4532/4532 4533/4533 4535/4535
f 4532/4532 4535/4535 4663/4663
f 4529/4529 4530/4530 4532/4532
f 4529/4529 4532/4532 4659/4659
f 4526/4526 4527/4527 4529/4529
f 4526/4526 4529/4529 4655/4655
f 4523/4523 4524/4524 4526/4526
f 4523/4523 4526/4526 4651/4651
f 4520/4520 4521/4521 4523/4523
f 4520/4520 4523/4523 4647/4647
f 4517/4517 4518/4518 4520/4520
f 4517/4517 4520/4520 4643/4643
f 4627/4627 4629/4629 4637/4637
f 4627/4627 4637/4637 4640/4640
f 4514/4514 4515/4515 4517/4517
f 4514/4514 4517/4517 4639/4639
f 4511/4511 4512/4512 4514/4514
f 4511/4511 4514/4514 4636/4636
f 4508/4508 4509/4509 4511/4511
f 4508/4508 4511/4511 4634/4634
f 4502/4502 4503/4503 4505/4505
f 4502/4502 4505/4505 4508/4508
f 4350/4350 4351/4351 4353/4353
f 4350/4350 4353/4353 4356/4356
f 4289/4289 4290/4290 4889/4889
f 4289/4289 4889/4889 4295/4295
f 4039/4039 4040/4040 4294/4294
f 4039/4039 4294/4294 4295/4295
f 4889/4889 4890/4890 4039/4039
f 4889/4889 4039/4039 4295/4295
f 4889/4889 4892/4892 4891/4891
f 4889/4889 4891/4891 4890/4890
f 4036/4036 4037/4037 4039/4039
f 4036/4036 4039/4039 4890/4890
f 4891/4891 4893/4893 4036/4036
f 4891/4891 4036/4036 4890/4890
f 4891/4891 4895/4895 4894/4894
f 4891/4891 4894/4894 4893/4893
f 4033/4033 4034/4034 4036/4036
f 4033/4033 4036/4036 4893/4893
f 4894/4894 4896/4896 4033/4033
f 4894/4894 4033/4033 4893/4893
f 4894/4894 4898/4898 4897/4897
f 4894/4894 4897/4897 4896/4896
f 4030/4030 4031/4031 4033/4033
f 4030/4030 4033/4033 4896/4896
f 4897/4897 4899/4899 4030/4030
f 4897/4897 4030/4030 4896/4896
f 4897/4897 4901/4901 4900/4900
f 4897/4897 4900/4900 4899/4899
f 4027/4027 4028/4028 4030/4030
f 4027/4027 4030/4030 4899/4899
f 4900/4900 4902/4902 4027/4027
f 4900/4900 4027/4027 4899/4899
f 4900/4900 4904/4904 4903/4903
f 4900/4900 4903/4903 4902/4902
f 4024/4024 4025/4025 4027/4027
f 4024/4024 4027/4027 4902/4902
f 4903/4903 4905/4905 4024/4024
f 4903/4903 4024/4024 4902/4902
f 4903/4903 4907/4907 4906/4906
f 4903/4903 4906/4906 4905/4905
f 4021/4021 4022/4022 4024/4024
f 4021/4021 4024/4024 4905/4905
f 4906/4906 4908/4908 4021/4021
f 4906/4906 4021/4021 4905/4905
f 4906/4906 4910/4910 4909/4909
f 4906/4906 4909/4909 4908/4908
f 4018/4018 4019/4019 4021/4021
f 4018/4018 4021/4021 4908/4908
f 4909/4909 4911/4911 4018/4018
f 4909/4909 4018/4018 4908/4908
f 4909/4909 4913/4913 4912/4912
f 4909/4909 4912/4912 4911/4911
f 4013/4013 4015/4015 4018/4018
f 4013/4013 4018/4018 4911/4911
f 4912/4912 4011/4011 4013/4013
f 4912/4912 4013/4013 4911/4911
f 4916/4916 4915/4915 4914/4914
f 4916/4916 4914/4914 4913/4913
f 4909/4909 4910/4910 4916/4916
f 4909/4909 4916/4916 4913/4913
f 4914/4914 4917/4917 4912/4912
f 4914/4914 4912/4912 4913/4913
f 4914/4914 4919/4919 4918/4918
f 4914/4914 4918/4918 4917/4917
f 4009/4009 4011/4011 4912/4912
f 4009/4009 4912/4912 4917/4917
f 4918/4918 4008/4008 4009/4009
f 4918/4918 4009/4009 4917/4917
f 4922/4922 4921/4921 4920/4920
f 4922/4922 4920/4920 4919/4919
f 4914/4914 4915/4915 4922/4922
f 4914/4914 4922/4922 4919/4919
f 4920/4920 4923/4923 4918/4918
f 4920/4920 4918/4918 4919/4919
f 4920/4920 4925/4925 4924/4924
f 4920/4920 4924/4924 4923/4923
f 4007/4007 4008/4008 4918/4918
f 4007/4007 4918/4918 4923/4923
f 4924/4924 4926/4926 4007/4007
f 4924/4924 4007/4007 4923/4923
f 4924/4924 4928/4928 4927/4927
f 4924/4924 4927/4927 4926/4926
f 4004/4004 4005/4005 4007/4007
f 4004/4004 4007/4007 4926/4926
f 4927/4927 4929/4929 4004/4004
f 4927/4927 4004/4004 4926/4926
f 4927/4927 4931/4931 4930/4930
f 4927/4927 4930/4930 4929/4929
f 3999/3999 4001/4001 4004/4004
f 3999/3999 4004/4004 4929/4929
f 4930/4930 3997/3997 3999/3999
f 4930/4930 3999/3999 4929/4929
f 3620/3620 3621/3621 3625/3625
f 3620/3620 3625/3625 4931/4931
f 4927/4927 4928/4928 3620/3620
f 4927/4927 3620/3620 4931/4931
f 3625/3625 4932/4932 4930/4930
f 3625/3625 4930/4930 4931/4931
f 3625/3625 3626/3626 3630/3630
f 3625/3625 3630/3630 4932/4932
f 3995/3995 3997/3997 4930/4930
f 3995/3995 4930/4930 4932/4932
f 3630/3630 3994/3994 3995/3995
f 3630/3630 3995/3995 4932/4932
f 3615/3615 3616/3616 3620/3620
f 3615/3615 3620/3620 4928/4928
f 4924/4924 4925/4925 3615/3615
f 4924/4924 3615/3615 4928/4928
f 3610/3610 3611/3611 3615/3615
f 3610/3610 3615/3615 4925/4925
f 4920/4920 4921/4921 3610/3610
f 4920/4920 3610/3610 4925/4925
f 4933/4933 3605/3605 4921/4921
f 4933/4933 4921/4921 4922/4922
f 4915/4915 4934/4934 4933/4933
f 4915/4915 4933/4933 4922/4922
f 4935/4935 3600/3600 4933/4933
f 4935/4935 4933/4933 4934/4934
f 4937/4937 4936/4936 4935/4935
f 4937/4937 4935/4935 4934/4934
f 4915/4915 4916/4916 4937/4937
f 4915/4915 4937/4937 4934/4934
f 4939/4939 4938/4938 4936/4936
f 4939/4939 4936/4936 4937/4937
f 4916/4916 4910/4910 4939/4939
f 4916/4916 4939/4939 4937/4937
f 4907/4907 4940/4940 4938/4938
f 4907/4907 4938/4938 4939/4939
f 4910/4910 4906/4906 4907/4907
f 4910/4910 4907/4907 4939/4939
f 4942/4942 4941/4941 4938/4938
f 4942/4942 4938/4938 4940/4940
f 4904/4904 4943/4943 4942/4942
f 4904/4904 4942/4942 4940/4940
f 4907/4907 4903/4903 4904/4904
f 4907/4907 4904/4904 4940/4940
f 4945/4945 4944/4944 4942/4942
f 4945/4945 4942/4942 4943/4943
f 4901/4901 4946/4946 4945/4945
f 4901/4901 4945/4945 4943/4943
f 4904/4904 4900/4900 4901/4901
f 4904/4904 4901/4901 4943/4943
f 4948/4948 4947/4947 4945/4945
f 4948/4948 4945/4945 4946/4946
f 4898/4898 4949/4949 4948/4948
f 4898/4898 4948/4948 4946/4946
f 4901/4901 4897/4897 4898/4898
f 4901/4901 4898/4898 4946/4946
f 4951/4951 4950/4950 4948/4948
f 4951/4951 4948/4948 4949/4949
f 4895/4895 4952/4952 4951/4951
f 4895/4895 4951/4951 4949/4949
f 4898/4898 4894/4894 4895/4895
f 4898/4898 4895/4895 4949/4949
f 4954/4954 4953/4953 4951/4951
f 4954/4954 4951/4951 4952/4952
f 4892/4892 4955/4955 4954/4954
f 4892/4892 4954/4954 4952/4952
f 4895/4895 4891/4891 4892/4892
f 4895/4895 4892/4892 4952/4952
f 4285/4285 4956/4956 4954/4954
f 4285/4285 4954/4954 4955/4955
f 4290/4290 4284/4284 4285/4285
f 4290/4290 4285/4285 4955/4955
f 4892/4892 4889/4889 4290/4290
f 4892/4892 4290/4290 4955/4955
f 4957/4957 4953/4953 4954/4954
f 4957/4957 4954/4954 4956/4956
f 4280/4280 4958/4958 4957/4957
f 4280/4280 4957/4957 4956/4956
f 4285/4285 4279/4279 4280/4280
f 4285/4285 4280/4280 4956/4956
f 4960/4960 4959/4959 4957/4957
f 4960/4960 4957/4957 4958/4958
f 4275/4275 4961/4961 4960/4960
f 4275/4275 4960/4960 4958/4958
f 4280/4280 4274/4274 4275/4275
f 4280/4280 4275/4275 4958/4958
f 4962/4962 3574/3574 4960/4960
f 4962/4962 4960/4960 4961/4961
f 4270/4270 4963/4963 4962/4962
f 4270/4270 4962/4962 4961/4961
f 4275/4275 4269/4269 4270/4270
f 4275/4275 4270/4270 4961/4961
f 4964/4964 3571/3571 4962/4962
f 4964/4964 4962/4962 4963/4963
f 4265/4265 4965/4965 4964/4964
f 4265/4265 4964/4964 4963/4963
f 4270/4270 4264/4264 4265/4265
f 4270/4270 4265/4265 4963/4963
f 4966/4966 3566/3566 4964/4964
f 4966/4966 4964/4964 4965/4965
f 4260/4260 4967/4967 4966/4966
f 4260/4260 4966/4966 4965/4965
f 4265/4265 4259/4259 4260/4260
f 4265/4265 4260/4260 4965/4965
f 4968/4968 3561/3561 4966/4966
f 4968/4968 4966/4966 4967/4967
f 4255/4255 4969/4969 4968/4968
f 4255/4255 4968/4968 4967/4967
f 4260/4260 4254/4254 4255/4255
f 4260/4260 4255/4255 4967/4967
f 4970/4970 3556/3556 4968/4968
f 4970/4970 4968/4968 4969/4969
f 4250/4250 4971/4971 4970/4970
f 4250/4250 4970/4970 4969/4969
f 4255/4255 4249/4249 4250/4250
f 4255/4255 4250/4250 4969/4969
f 4972/4972 3551/3551 4970/4970
f 4972/4972 4970/4970 4971/4971
f 4245/4245 4973/4973 4972/4972
f 4245/4245 4972/4972 4971/4971
f 4250/4250 4244/4244 4245/4245
f 4250/4250 4245/4245 4971/4971
f 4974/4974 3546/3546 4972/4972
f 4974/4974 4972/4972 4973/4973
f 4240/4240 4975/4975 4974/4974
f 4240/4240 4974/4974 4973/4973
f 4245/4245 4239/4239 4240/4240
f 4245/4245 4240/4240 4973/4973
f 4976/4976 3541/3541 4974/4974
f 4976/4976 4974/4974 4975/4975
f 4235/4235 4977/4977 4976/4976
f 4235/4235 4976/4976 4975/4975
f 4240/4240 4234/4234 4235/4235
f 4240/4240 4235/4235 4975/4975
f 4978/4978 3536/3536 4976/4976
f 4978/4978 4976/4976 4977/4977
f 4230/4230 4979/4979 4978/4978
f 4230/4230 4978/4978 4977/4977
f 4235/4235 4229/4229 4230/4230
f 4235/4235 4230/4230 4977/4977
f 4980/4980 3531/3531 4978/4978
f 4980/4980 4978/4978 4979/4979
f 4225/4225 4981/4981 4980/4980
f 4225/4225 4980/4980 4979/4979
f 4230/4230 4224/4224 4225/4225
f 4230/4230 4225/4225 4979/4979
f 4982/4982 3526/3526 4980/4980
f 4982/4982 4980/4980 4981/4981
f 4219/4219 4983/4983 4982/4982
f 4219/4219 4982/4982 4981/4981
f 4225/4225 4218/4218 4219/4219
f 4225/4225 4219/4219 4981/4981
f 4984/4984 3521/3521 4982/4982
f 4984/4984 4982/4982 4983/4983
f 4214/4214 4985/4985 4984/4984
f 4214/4214 4984/4984 4983/4983
f 4219/4219 4213/4213 4214/4214
f 4219/4219 4214/4214 4983/4983
f 4986/4986 3516/3516 4984/4984
f 4986/4986 4984/4984 4985/4985
f 4209/4209 4987/4987 4986/4986
f 4209/4209 4986/4986 4985/4985
f 4214/4214 4208/4208 4209/4209
f 4214/4214 4209/4209 4985/4985
f 4988/4988 3511/3511 4986/4986
f 4988/4988 4986/4986 4987/4987
f 4204/4204 4989/4989 4988/4988
f 4204/4204 4988/4988 4987/4987
f 4209/4209 4203/4203 4204/4204
f 4209/4209 4204/4204 4987/4987
f 4990/4990 3506/3506 4988/4988
f 4990/4990 4988/4988 4989/4989
f 4199/4199 4991/4991 4990/4990
f 4199/4199 4990/4990 4989/4989
f 4204/4204 4198/4198 4199/4199
f 4204/4204 4199/4199 4989/4989
f 4992/4992 3501/3501 4990/4990
f 4992/4992 4990/4990 4991/4991
f 4194/4194 4993/4993 4992/4992
f 4194/4194 4992/4992 4991/4991
f 4199/4199 4193/4193 4194/4194
f 4199/4199 4194/4194 4991/4991
f 4994/4994 3496/3496 4992/4992
f 4994/4994 4992/4992 4993/4993
f 4189/4189 4995/4995 4994/4994
f 4189/4189 4994/4994 4993/4993
f 4194/4194 4188/4188 4189/4189
f 4194/4194 4189/4189 4993/4993
f 4996/4996 3491/3491 4994/4994
f 4996/4996 4994/4994 4995/4995
f 4184/4184 4997/4997 4996/4996
f 4184/4184 4996/4996 4995/4995
f 4189/4189 4183/4183 4184/4184
f 4189/4189 4184/4184 4995/4995
f 4998/4998 3486/3486 4996/4996
f 4998/4998 4996/4996 4997/4997
f 4179/4179 4999/4999 4998/4998
f 4179/4179 4998/4998 4997/4997
f 4184/4184 4178/4178 4179/4179
f 4184/4184 4179/4179 4997/4997
f 5000/5000 3481/3481 4998/4998
f 5000/5000 4998/4998 4999/4999
f 4174/4174 5001/5001 5000/5000
f 4174/4174 5000/5000 4999/4999
f 4179/4179 4173/4173 4174/4174
f 4179/4179 4174/4174 4999/4999
f 5002/5002 3476/3476 5000/5000
f 5002/5002 5000/5000 5001/5001
f 4169/4169 5003/5003 5002/5002
f 4169/4169 5002/5002 5001/5001
f 4174/4174 4168/4168 4169/4169
f 4174/4174 4169/4169 5001/5001
f 5004/5004 3471/3471 5002/5002
f 5004/5004 5002/5002 5003/5003
f 4164/4164 5005/5005 5004/5004
f 4164/4164 5004/5004 5003/5003
f 4169/4169 4163/4163 4164/4164
f 4169/4169 4164/4164 5003/5003
f 5006/5006 3466/3466 5004/5004
f 5006/5006 5004/5004 5005/5005
f 4159/4159 5007/5007 5006/5006
f 4159/4159 5006/5006 5005/5005
f 4164/4164 4158/4158 4159/4159
f 4164/4164 4159/4159 5005/5005
f 5008/5008 3461/3461 5006/5006
f 5008/5008 5006/5006 5007/5007
f 4154/4154 5009/5009 5008/5008
f 4154/4154 5008/5008 5007/5007
f 4159/4159 4153/4153 4154/4154
f 4159/4159 4154/4154 5007/5007
f 5010/5010 3456/3456 5008/5008
f 5010/5010 5008/5008 5009/5009
f 4149/4149 5011/5011 5010/5010
f 4149/4149 5010/5010 5009/5009
f 4154/4154 4148/4148 4149/4149
f 4154/4154 4149/4149 5009/5009
f 5012/5012 3451/3451 5010/5010
f 5012/5012 5010/5010 5011/5011
f 4144/4144 5013/5013 5012/5012
f 4144/4144 5012/5012 5011/5011
f 4149/4149 4143/4143 4144/4144
f 4149/4149 4144/4144 5011/5011
f 5014/5014 3446/3446 5012/5012
f 5014/5014 5012/5012 5013/5013
f 4139/4139 5015/5015 5014/5014
f 4139/4139 5014/5014 5013/5013
f 4144/4144 4138/4138 4139/4139
f 4144/4144 4139/4139 5013/5013
f 5016/5016 3441/3441 5014/5014
f 5016/5016 5014/5014 5015/5015
f 4134/4134 5017/5017 5016/5016
f 4134/4134 5016/5016 5015/5015
f 4139/4139 4133/4133 4134/4134
f 4139/4139 4134/4134 5015/5015
f 5018/5018 3436/3436 5016/5016
f 5018/5018 5016/5016 5017/5017
f 4129/4129 5019/5019 5018/5018
f 4129/4129 5018/5018 5017/5017
f 4134/4134 4128/4128 4129/4129
f 4134/4134 4129/4129 5017/5017
f 19/19 20/20 5018/5018
f 19/19 5018/5018 5019/5019
f 4119/4119 23/23 19/19
f 4119/4119 19/19 5019/5019
f 4129/4129 4124/4124 4119/4119
f 4129/4129 4119/4119 5019/5019
f 20/20 3433/3433 3436/3436
f 20/20 3436/3436 5018/5018
f 3436/3436 3437/3437 3441/3441
f 3436/3436 3441/3441 5016/5016
f 3441/3441 3442/3442 3446/3446
f 3441/3441 3446/3446 5014/5014
f 3446/3446 3447/3447 3451/3451
f 3446/3446 3451/3451 5012/5012
f 3451/3451 3452/3452 3456/3456
f 3451/3451 3456/3456 5010/5010
f 3456/3456 3457/3457 3461/3461
f 3456/3456 3461/3461 5008/5008
f 3461/3461 3462/3462 3466/3466
f 3461/3461 3466/3466 5006/5006
f 3466/3466 3467/3467 3471/3471
f 3466/3466 3471/3471 5004/5004
f 3471/3471 3472/3472 3476/3476
f 3471/3471 3476/3476 5002/5002
f 3476/3476 3477/3477 3481/3481
f 3476/3476 3481/3481 5000/5000
f 3481/3481 3482/3482 3486/3486
f 3481/3481 3486/3486 4998/4998
f 3486/3486 3487/3487 3491/3491
f 3486/3486 3491/3491 4996/4996
f 3491/3491 3492/3492 3496/3496
f 3491/3491 3496/3496 4994/4994
f 3496/3496 3497/3497 3501/3501
f 3496/3496 3501/3501 4992/4992
f 3501/3501 3502/3502 3506/3506
f 3501/3501 3506/3506 4990/4990
f 3506/3506 3507/3507 3511/3511
f 3506/3506 3511/3511 4988/4988
f 3511/3511 3512/3512 3516/3516
f 3511/3511 3516/3516 4986/4986
f 3516/3516 3517/3517 3521/3521
f 3516/3516 3521/3521 4984/4984
f 3521/3521 3522/3522 3526/3526
f 3521/3521 3526/3526 4982/4982
f 3526/3526 3527/3527 3531/3531
f 3526/3526 3531/3531 4980/4980
f 3531/3531 3532/3532 3536/3536
f 3531/3531 3536/3536 4978/4978
f 3536/3536 3537/3537 3541/3541
f 3536/3536 3541/3541 4976/4976
f 3541/3541 3542/3542 3546/3546
f 3541/3541 3546/3546 4974/4974
f 3546/3546 3547/3547 3551/3551
f 3546/3546 3551/3551 4972/4972
f 3551/3551 3552/3552 3556/3556
f 3551/3551 3556/3556 4970/4970
f 3556/3556 3557/3557 3561/3561
f 3556/3556 3561/3561 4968/4968
f 3561/3561 3562/3562 3566/3566
f 3561/3561 3566/3566 4966/4966
f 3566/3566 3567/3567 3571/3571
f 3566/3566 3571/3571 4964/4964
f 3571/3571 3572/3572 3574/3574
f 3571/3571 3574/3574 4962/4962
f 3574/3574 3575/3575 4959/4959
f 3574/3574 4959/4959 4960/4960
f 5020/5020 4953/4953 4957/4957
f 5020/5020 4957/4957 4959/4959
f 3575/3575 3576/3576 5020/5020
f 3575/3575 5020/5020 4959/4959
f 4950/4950 4951/4951 4953/4953
f 4950/4950 4953/4953 5020/5020
f 3576/3576 5021/5021 4950/4950
f 3576/3576 4950/4950 5020/5020
f 3576/3576 3577/3577 3580/3580
f 3576/3576 3580/3580 5021/5021
f 4947/4947 4948/4948 4950/4950
f 4947/4947 4950/4950 5021/5021
f 3580/3580 5022/5022 4947/4947
f 3580/3580 4947/4947 5021/5021
f 3580/3580 3581/3581 3585/3585
f 3580/3580 3585/3585 5022/5022
f 4944/4944 4945/4945 4947/4947
f 4944/4944 4947/4947 5022/5022
f 3585/3585 5023/5023 4944/4944
f 3585/3585 4944/4944 5022/5022
f 3585/3585 3586/3586 3590/3590
f 3585/3585 3590/3590 5023/5023
f 4941/4941 4942/4942 4944/4944
f 4941/4941 4944/4944 5023/5023
f 3590/3590 5024/5024 4941/4941
f 3590/3590 4941/4941 5023/5023
f 3590/3590 3591/3591 3595/3595
f 3590/3590 3595/3595 5024/5024
f 4936/4936 4938/4938 4941/4941
f 4936/4936 4941/4941 5024/5024
f 3595/3595 4935/4935 4936/4936
f 3595/3595 4936/4936 5024/5024
f 3595/3595 3596/3596 3600/3600
f 3595/3595 3600/3600 4935/4935
f 3600/3600 3601/3601 3605/3605
f 3600/3600 3605/3605 4933/4933
f 3605/3605 3606/3606 3610/3610
f 3605/3605 3610/3610 4921/4921
f 4106/4106 4107/4107 4109/4109
f 4106/4106 4109/4109 4121/4121
f 3630/3630 3631/3631 3635/3635
f 3630/3630 3635/3635 3994/3994
f 3635/3635 3636/3636 3640/3640
f 3635/3635 3640/3640 3992/3992
f 3640/3640 3641/3641 3645/3645
f 3640/3640 3645/3645 3986/3986
f 3701/3701 3703/3703 3706/3706
f 3701/3701 3706/3706 3951/3951
f 3706/3706 3707/3707 3709/3709
f 3706/3706 3709/3709 3947/3947
f 3709/3709 3710/3710 3712/3712
f 3709/3709 3712/3712 3943/3943
f 3712/3712 3713/3713 3715/3715
f 3712/3712 3715/3715 3939/3939
f 3715/3715 3716/3716 3718/3718
f 3715/3715 3718/3718 3935/3935
f 3718/3718 3719/3719 3721/3721
f 3718/3718 3721/3721 3931/3931
f 3721/3721 3722/3722 3724/3724
f 3721/3721 3724/3724 3927/3927
f 3724/3724 3725/3725 3727/3727
f 3724/3724 3727/3727 3923/3923
f 3779/3779 3780/3780 3782/3782
f 3779/3779 3782/3782 3845/3845
f 3782/3782 3783/3783 3785/3785
f 3782/3782 3785/3785 3841/3841
f 3785/3785 3786/3786 3788/3788
f 3785/3785 3788/3788 3837/3837
f 3788/3788 3789/3789 3791/3791
f 3788/3788 3791/3791 3833/3833
f 3791/3791 3792/3792 3794/3794
f 3791/3791 3794/3794 3829/3829
f 3794/3794 3795/3795 3797/3797
f 3794/3794 3797/3797 3825/3825
f 3797/3797 3798/3798 3800/3800
f 3797/3797 3800/3800 3821/3821
f 3800/3800 3801/3801 3803/3803
f 3800/3800 3803/3803 3817/3817
f 3773/3773 3774/3774 3776/3776
f 3773/3773 3776/3776 3779/3779
f 3655/3655 3656/3656 3660/3660
f 3655/3655 3660/3660 3667/3667
f 5026/5026 5025/5025 3257/3257
f 5026/5026 3257/3257 3663/3663
f 3658/3658 3659/3659 5026/5026
f 3658/3658 5026/5026 3663/3663
f 3257/3257 3258/3258 3260/3260
f 3257/3257 3260/3260 3663/3663
f 5028/5028 5027/5027 5025/5025
f 5028/5028 5025/5025 5026/5026
f 3659/3659 5029/5029 5028/5028
f 3659/3659 5028/5028 5026/5026
f 5031/5031 5030/5030 5028/5028
f 5031/5031 5028/5028 5029/5029
f 3654/3654 5032/5032 5031/5031
f 3654/3654 5031/5031 5029/5029
f 3659/3659 3653/3653 3654/3654
f 3659/3659 3654/3654 5029/5029
f 5034/5034 5033/5033 5031/5031
f 5034/5034 5031/5031 5032/5032
f 3649/3649 5035/5035 5034/5034
f 3649/3649 5034/5034 5032/5032
f 3654/3654 3648/3648 3649/3649
f 3654/3654 3649/3649 5032/5032
f 5037/5037 5036/5036 5034/5034
f 5037/5037 5034/5034 5035/5035
f 3644/3644 5038/5038 5037/5037
f 3644/3644 5037/5037 5035/5035
f 3649/3649 3643/3643 3644/3644
f 3649/3649 3644/3644 5035/5035
f 5040/5040 5039/5039 5037/5037
f 5040/5040 5037/5037 5038/5038
f 3639/3639 5041/5041 5040/5040
f 3639/3639 5040/5040 5038/5038
f 3644/3644 3638/3638 3639/3639
f 3644/3644 3639/3639 5038/5038
f 5043/5043 5042/5042 5040/5040
f 5043/5043 5040/5040 5041/5041
f 3634/3634 5044/5044 5043/5043
f 3634/3634 5043/5043 5041/5041
f 3639/3639 3633/3633 3634/3634
f 3639/3639 3634/3634 5041/5041
f 5046/5046 5045/5045 5043/5043
f 5046/5046 5043/5043 5044/5044
f 3629/3629 5047/5047 5046/5046
f 3629/3629 5046/5046 5044/5044
f 3634/3634 3628/3628 3629/3629
f 3634/3634 3629/3629 5044/5044
f 5049/5049 5048/5048 5046/5046
f 5049/5049 5046/5046 5047/5047
f 3624/3624 5050/5050 5049/5049
f 3624/3624 5049/5049 5047/5047
f 3629/3629 3623/3623 3624/3624
f 3629/3629 3624/3624 5047/5047
f 5052/5052 5051/5051 5049/5049
f 5052/5052 5049/5049 5050/5050
f 3619/3619 5053/5053 5052/5052
f 3619/3619 5052/5052 5050/5050
f 3624/3624 3618/3618 3619/3619
f 3624/3624 3619/3619 5050/5050
f 5055/5055 5054/5054 5052/5052
f 5055/5055 5052/5052 5053/5053
f 3614/3614 5056/5056 5055/5055
f 3614/3614 5055/5055 5053/5053
f 3619/3619 3613/3613 3614/3614
f 3619/3619 3614/3614 5053/5053
f 5058/5058 5057/5057 5055/5055
f 5058/5058 5055/5055 5056/5056
f 3609/3609 5059/5059 5058/5058
f 3609/3609 5058/5058 5056/5056
f 3614/3614 3608/3608 3609/3609
f 3614/3614 3609/3609 5056/5056
f 5061/5061 5060/5060 5058/5058
f 5061/5061 5058/5058 5059/5059
f 3604/3604 5062/5062 5061/5061
f 3604/3604 5061/5061 5059/5059
f 3609/3609 3603/3603 3604/3604
f 3609/3609 3604/3604 5059/5059
f 5064/5064 5063/5063 5061/5061
f 5064/5064 5061/5061 5062/5062
f 3599/3599 5065/5065 5064/5064
f 3599/3599 5064/5064 5062/5062
f 3604/3604 3598/3598 3599/3599
f 3604/3604 3599/3599 5062/5062
f 5067/5067 5066/5066 5064/5064
f 5067/5067 5064/5064 5065/5065
f 3594/3594 5068/5068 5067/5067
f 3594/3594 5067/5067 5065/5065
f 3599/3599 3593/3593 3594/3594
f 3599/3599 3594/3594 5065/5065
f 5070/5070 5069/5069 5067/5067
f 5070/5070 5067/5067 5068/5068
f 3589/3589 5071/5071 5070/5070
f 3589/3589 5070/5070 5068/5068
f 3594/3594 3588/3588 3589/3589
f 3594/3594 3589/3589 5068/5068
f 5073/5073 5072/5072 5070/5070
f 5073/5073 5070/5070 5071/5071
f 3584/3584 5074/5074 5073/5073
f 3584/3584 5073/5073 5071/5071
f 3589/3589 3583/3583 3584/3584
f 3589/3589 3584/3584 5071/5071
f 3565/3565 5075/5075 5073/5073
f 3565/3565 5073/5073 5074/5074
f 3570/3570 3564/3564 3565/3565
f 3570/3570 3565/3565 5074/5074
f 3584/3584 3579/3579 3570/3570
f 3584/3584 3570/3570 5074/5074
f 5076/5076 5072/5072 5073/5073
f 5076/5076 5073/5073 5075/5075
f 3560/3560 5077/5077 5076/5076
f 3560/3560 5076/5076 5075/5075
f 3565/3565 3559/3559 3560/3560
f 3565/3565 3560/3560 5075/5075
f 5079/5079 5078/5078 5076/5076
f 5079/5079 5076/5076 5077/5077
f 3555/3555 5080/5080 5079/5079
f 3555/3555 5079/5079 5077/5077
f 3560/3560 3554/3554 3555/3555
f 3560/3560 3555/3555 5077/5077
f 5082/5082 5081/5081 5079/5079
f 5082/5082 5079/5079 5080/5080
f 3550/3550 5083/5083 5082/5082
f 3550/3550 5082/5082 5080/5080
f 3555/3555 3549/3549 3550/3550
f 3555/3555 3550/3550 5080/5080
f 5085/5085 5084/5084 5082/5082
f 5085/5085 5082/5082 5083/5083
f 3545/3545 5086/5086 5085/5085
f 3545/3545 5085/5085 5083/5083
f 3550/3550 3544/3544 3545/3545
f 3550/3550 3545/3545 5083/5083
f 14/14 15/15 5085/5085
f 14/14 5085/5085 5086/5086
f 3540/3540 5087/5087 14/14
f 3540/3540 14/14 5086/5086
f 3545/3545 3539/3539 3540/3540
f 3545/3545 3540/3540 5086/5086
f 18/18 1/1 14/14
f 18/18 14/14 5087/5087
f 3535/3535 5088/5088 18/18
f 3535/3535 18/18 5087/5087
f 3540/3540 3534/3534 3535/3535
f 3540/3540 3535/3535 5087/5087
f 5089/5089 17/17 18/18
f 5089/5089 18/18 5088/5088
f 3530/3530 5090/5090 5089/5089
f 3530/3530 5089/5089 5088/5088
f 3535/3535 3529/3529 3530/3530
f 3535/3535 3530/3530 5088/5088
f 5092/5092 5091/5091 5089/5089
f 5092/5092 5089/5089 5090/5090
f 3525/3525 5093/5093 5092/5092
f 3525/3525 5092/5092 5090/5090
f 3530/3530 3524/3524 3525/3525
f 3530/3530 3525/3525 5090/5090
f 5095/5095 5094/5094 5092/5092
f 5095/5095 5092/5092 5093/5093
f 3520/3520 5096/5096 5095/5095
f 3520/3520 5095/5095 5093/5093
f 3525/3525 3519/3519 3520/3520
f 3525/3525 3520/3520 5093/5093
f 5098/5098 5097/5097 5095/5095
f 5098/5098 5095/5095 5096/5096
f 3515/3515 5099/5099 5098/5098
f 3515/3515 5098/5098 5096/5096
f 3520/3520 3514/3514 3515/3515
f 3520/3520 3515/3515 5096/5096
f 5101/5101 5100/5100 5098/5098
f 5101/5101 5098/5098 5099/5099
f 3510/3510 5102/5102 5101/5101
f 3510/3510 5101/5101 5099/5099
f 3515/3515 3509/3509 3510/3510
f 3515/3515 3510/3510 5099/5099
f 5104/5104 5103/5103 5101/5101
f 5104/5104 5101/5101 5102/5102
f 3505/3505 5105/5105 5104/5104
f 3505/3505 5104/5104 5102/5102
f 3510/3510 3504/3504 3505/3505
f 3510/3510 3505/3505 5102/5102
f 5107/5107 5106/5106 5104/5104
f 5107/5107 5104/5104 5105/5105
f 3500/3500 5108/5108 5107/5107
f 3500/3500 5107/5107 5105/5105
f 3505/3505 3499/3499 3500/3500
f 3505/3505 3500/3500 5105/5105
f 5110/5110 5109/5109 5107/5107
f 5110/5110 5107/5107 5108/5108
f 3495/3495 5111/5111 5110/5110
f 3495/3495 5110/5110 5108/5108
f 3500/3500 3494/3494 3495/3495
f 3500/3500 3495/3495 5108/5108
f 5113/5113 5112/5112 5110/5110
f 5113/5113 5110/5110 5111/5111
f 3490/3490 5114/5114 5113/5113
f 3490/3490 5113/5113 5111/5111
f 3495/3495 3489/3489 3490/3490
f 3495/3495 3490/3490 5111/5111
f 5116/5116 5115/5115 5113/5113
f 5116/5116 5113/5113 5114/5114
f 3485/3485 5117/5117 5116/5116
f 3485/3485 5116/5116 5114/5114
f 3490/3490 3484/3484 3485/3485
f 3490/3490 3485/3485 5114/5114
f 5119/5119 5118/5118 5116/5116
f 5119/5119 5116/5116 5117/5117
f 3480/3480 5120/5120 5119/5119
f 3480/3480 5119/5119 5117/5117
f 3485/3485 3479/3479 3480/3480
f 3485/3485 3480/3480 5117/5117
f 5122/5122 5121/5121 5119/5119
f 5122/5122 5119/5119 5120/5120
f 3475/3475 5123/5123 5122/5122
f 3475/3475 5122/5122 5120/5120
f 3480/3480 3474/3474 3475/3475
f 3480/3480 3475/3475 5120/5120
f 5125/5125 5124/5124 5122/5122
f 5125/5125 5122/5122 5123/5123
f 3470/3470 5126/5126 5125/5125
f 3470/3470 5125/5125 5123/5123
f 3475/3475 3469/3469 3470/3470
f 3475/3475 3470/3470 5123/5123
f 5128/5128 5127/5127 5125/5125
f 5128/5128 5125/5125 5126/5126
f 3465/3465 5129/5129 5128/5128
f 3465/3465 5128/5128 5126/5126
f 3470/3470 3464/3464 3465/3465
f 3470/3470 3465/3465 5126/5126
f 5131/5131 5130/5130 5128/5128
f 5131/5131 5128/5128 5129/5129
f 3460/3460 5132/5132 5131/5131
f 3460/3460 5131/5131 5129/5129
f 3465/3465 3459/3459 3460/3460
f 3465/3465 3460/3460 5129/5129
f 5134/5134 5133/5133 5131/5131
f 5134/5134 5131/5131 5132/5132
f 3455/3455 5135/5135 5134/5134
f 3455/3455 5134/5134 5132/5132
f 3460/3460 3454/3454 3455/3455
f 3460/3460 3455/3455 5132/5132
f 5137/5137 5136/5136 5134/5134
f 5137/5137 5134/5134 5135/5135
f 3450/3450 5138/5138 5137/5137
f 3450/3450 5137/5137 5135/5135
f 3455/3455 3449/3449 3450/3450
f 3455/3455 3450/3450 5135/5135
f 5140/5140 5139/5139 5137/5137
f 5140/5140 5137/5137 5138/5138
f 3445/3445 5141/5141 5140/5140
f 3445/3445 5140/5140 5138/5138
f 3450/3450 3444/3444 3445/3445
f 3450/3450 3445/3445 5138/5138
f 3234/3234 3236/3236 5140/5140
f 3234/3234 5140/5140 5141/5141
f 3440/3440 3232/3232 3234/3234
f 3440/3440 3234/3234 5141/5141
f 3445/3445 3439/3439 3440/3440
f 3445/3445 3440/3440 5141/5141
f 3236/3236 3238/3238 5139/5139
f 3236/3236 5139/5139 5140/5140
f 3238/3238 3240/3240 5142/5142
f 3238/3238 5142/5142 5139/5139
f 5142/5142 5136/5136 5137/5137
f 5142/5142 5137/5137 5139/5139
f 3240/3240 3242/3242 5143/5143
f 3240/3240 5143/5143 5142/5142
f 5143/5143 5144/5144 5136/5136
f 5143/5143 5136/5136 5142/5142
f 5143/5143 5146/5146 5145/5145
f 5143/5143 5145/5145 5144/5144
f 5133/5133 5134/5134 5136/5136
f 5133/5133 5136/5136 5144/5144
f 5145/5145 5147/5147 5133/5133
f 5145/5145 5133/5133 5144/5144
f 5145/5145 5149/5149 5148/5148
f 5145/5145 5148/5148 5147/5147
f 5130/5130 5131/5131 5133/5133
f 5130/5130 5133/5133 5147/5147
f 5148/5148 5150/5150 5130/5130
f 5148/5148 5130/5130 5147/5147
f 5148/5148 5152/5152 5151/5151
f 5148/5148 5151/5151 5150/5150
f 5127/5127 5128/5128 5130/5130
f 5127/5127 5130/5130 5150/5150
f 5151/5151 5153/5153 5127/5127
f 5151/5151 5127/5127 5150/5150
f 5151/5151 5155/5155 5154/5154
f 5151/5151 5154/5154 5153/5153
f 5124/5124 5125/5125 5127/5127
f 5124/5124 5127/5127 5153/5153
f 5154/5154 5156/5156 5124/5124
f 5154/5154 5124/5124 5153/5153
f 5154/5154 5158/5158 5157/5157
f 5154/5154 5157/5157 5156/5156
f 5121/5121 5122/5122 5124/5124
f 5121/5121 5124/5124 5156/5156
f 5157/5157 5159/5159 5121/5121
f 5157/5157 5121/5121 5156/5156
f 5157/5157 5161/5161 5160/5160
f 5157/5157 5160/5160 5159/5159
f 5118/5118 5119/5119 5121/5121
f 5118/5118 5121/5121 5159/5159
f 5160/5160 5162/5162 5118/5118
f 5160/5160 5118/5118 5159/5159
f 5160/5160 5164/5164 5163/5163
f 5160/5160 5163/5163 5162/5162
f 5115/5115 5116/5116 5118/5118
f 5115/5115 5118/5118 5162/5162
f 5163/5163 5165/5165 5115/5115
f 5163/5163 5115/5115 5162/5162
f 5163/5163 5167/5167 5166/5166
f 5163/5163 5166/5166 5165/5165
f 5112/5112 5113/5113 5115/5115
f 5112/5112 5115/5115 5165/5165
f 5166/5166 5168/5168 5112/5112
f 5166/5166 5112/5112 5165/5165
f 5166/5166 5170/5170 5169/5169
f 5166/5166 5169/5169 5168/5168
f 5109/5109 5110/5110 5112/5112
f 5109/5109 5112/5112 5168/5168
f 5169/5169 5171/5171 5109/5109
f 5169/5169 5109/5109 5168/5168
f 5169/5169 5173/5173 5172/5172
f 5169/5169 5172/5172 5171/5171
f 5106/5106 5107/5107 5109/5109
f 5106/5106 5109/5109 5171/5171
f 5172/5172 5174/5174 5106/5106
f 5172/5172 5106/5106 5171/5171
f 5172/5172 5176/5176 5175/5175
f 5172/5172 5175/5175 5174/5174
f 5103/5103 5104/5104 5106/5106
f 5103/5103 5106/5106 5174/5174
f 5175/5175 5177/5177 5103/5103
f 5175/5175 5103/5103 5174/5174
f 5175/5175 5179/5179 5178/5178
f 5175/5175 5178/5178 5177/5177
f 5100/5100 5101/5101 5103/5103
f 5100/5100 5103/5103 5177/5177
f 5178/5178 5180/5180 5100/5100
f 5178/5178 5100/5100 5177/5177
f 5178/5178 5182/5182 5181/5181
f 5178/5178 5181/5181 5180/5180
f 5097/5097 5098/5098 5100/5100
f 5097/5097 5100/5100 5180/5180
f 5181/5181 5183/5183 5097/5097
f 5181/5181 5097/5097 5180/5180
f 5181/5181 5185/5185 5184/5184
f 5181/5181 5184/5184 5183/5183
f 5094/5094 5095/5095 5097/5097
f 5094/5094 5097/5097 5183/5183
f 5184/5184 5186/5186 5094/5094
f 5184/5184 5094/5094 5183/5183
f 5184/5184 5188/5188 5187/5187
f 5184/5184 5187/5187 5186/5186
f 5091/5091 5092/5092 5094/5094
f 5091/5091 5094/5094 5186/5186
f 5187/5187 5189/5189 5091/5091
f 5187/5187 5091/5091 5186/5186
f 5187/5187 5191/5191 5190/5190
f 5187/5187 5190/5190 5189/5189
f 17/17 5089/5089 5091/5091
f 17/17 5091/5091 5189/5189
f 5190/5190 16/16 17/17
f 5190/5190 17/17 5189/5189
f 5193/5193 5192/5192 5190/5190
f 5193/5193 5190/5190 5191/5191
f 5195/5195 5194/5194 5193/5193
f 5195/5195 5193/5193 5191/5191
f 5187/5187 5188/5188 5195/5195
f 5187/5187 5195/5195 5191/5191
f 5197/5197 5196/5196 5194/5194
f 5197/5197 5194/5194 5195/5195
f 5188/5188 5198/5198 5197/5197
f 5188/5188 5197/5197 5195/5195
f 5188/5188 5184/5184 5185/5185
f 5188/5188 5185/5185 5198/5198
f 5200/5200 5199/5199 5197/5197
f 5200/5200 5197/5197 5198/5198
f 5185/5185 5201/5201 5200/5200
f 5185/5185 5200/5200 5198/5198
f 5185/5185 5181/5181 5182/5182
f 5185/5185 5182/5182 5201/5201
f 5203/5203 5202/5202 5200/5200
f 5203/5203 5200/5200 5201/5201
f 5182/5182 5204/5204 5203/5203
f 5182/5182 5203/5203 5201/5201
f 5182/5182 5178/5178 5179/5179
f 5182/5182 5179/5179 5204/5204
f 5206/5206 5205/5205 5203/5203
f 5206/5206 5203/5203 5204/5204
f 5179/5179 5207/5207 5206/5206
f 5179/5179 5206/5206 5204/5204
f 5179/5179 5175/5175 5176/5176
f 5179/5179 5176/5176 5207/5207
f 5209/5209 5208/5208 5206/5206
f 5209/5209 5206/5206 5207/5207
f 5176/5176 5210/5210 5209/5209
f 5176/5176 5209/5209 5207/5207
f 5212/5212 5211/5211 5209/5209
f 5212/5212 5209/5209 5210/5210
f 5173/5173 5213/5213 5212/5212
f 5173/5173 5212/5212 5210/5210
f 5176/5176 5172/5172 5173/5173
f 5176/5176 5173/5173 5210/5210
f 5215/5215 5214/5214 5212/5212
f 5215/5215 5212/5212 5213/5213
f 5170/5170 5216/5216 5215/5215
f 5170/5170 5215/5215 5213/5213
f 5173/5173 5169/5169 5170/5170
f 5173/5173 5170/5170 5213/5213
f 5218/5218 5217/5217 5215/5215
f 5218/5218 5215/5215 5216/5216
f 5167/5167 5219/5219 5218/5218
f 5167/5167 5218/5218 5216/5216
f 5170/5170 5166/5166 5167/5167
f 5170/5170 5167/5167 5216/5216
f 5221/5221 5220/5220 5218/5218
f 5221/5221 5218/5218 5219/5219
f 5164/5164 5222/5222 5221/5221
f 5164/5164 5221/5221 5219/5219
f 5167/5167 5163/5163 5164/5164
f 5167/5167 5164/5164 5219/5219
f 5224/5224 5223/5223 5221/5221
f 5224/5224 5221/5221 5222/5222
f 5161/5161 5225/5225 5224/5224
f 5161/5161 5224/5224 5222/5222
f 5164/5164 5160/5160 5161/5161
f 5164/5164 5161/5161 5222/5222
f 5161/5161 5157/5157 5158/5158
f 5161/5161 5158/5158 5225/5225
f 5227/5227 5226/5226 5224/5224
f 5227/5227 5224/5224 5225/5225
f 5158/5158 5228/5228 5227/5227
f 5158/5158 5227/5227 5225/5225
f 5158/5158 5154/5154 5155/5155
f 5158/5158 5155/5155 5228/5228
f 5230/5230 5229/5229 5227/5227
f 5230/5230 5227/5227 5228/5228
f 5155/5155 5231/5231 5230/5230
f 5155/5155 5230/5230 5228/5228
f 5155/5155 5151/5151 5152/5152
f 5155/5155 5152/5152 5231/5231
f 5233/5233 5232/5232 5230/5230
f 5233/5233 5230/5230 5231/5231
f 5152/5152 5234/5234 5233/5233
f 5152/5152 5233/5233 5231/5231
f 5152/5152 5148/5148 5149/5149
f 5152/5152 5149/5149 5234/5234
f 5236/5236 5235/5235 5233/5233
f 5236/5236 5233/5233 5234/5234
f 5149/5149 5237/5237 5236/5236
f 5149/5149 5236/5236 5234/5234
f 5149/5149 5145/5145 5146/5146
f 5149/5149 5146/5146 5237/5237
f 5239/5239 5238/5238 5236/5236
f 5239/5239 5236/5236 5237/5237
f 5146/5146 3244/3244 5239/5239
f 5146/5146 5239/5239 5237/5237
f 3247/3247 3249/3249 5238/5238
f 3247/3247 5238/5238 5239/5239
f 3244/3244 3245/3245 3247/3247
f 3244/3244 3247/3247 5239/5239
f 5240/5240 5235/5235 5236/5236
f 5240/5240 5236/5236 5238/5238
f 3249/3249 3251/3251 5240/5240
f 3249/3249 5240/5240 5238/5238
f 5242/5242 5241/5241 5235/5235
f 5242/5242 5235/5235 5240/5240
f 3251/3251 5243/5243 5242/5242
f 3251/3251 5242/5242 5240/5240
f 5027/5027 5244/5244 5242/5242
f 5027/5027 5242/5242 5243/5243
f 3254/3254 5025/5025 5027/5027
f 3254/3254 5027/5027 5243/5243
f 3251/3251 3252/3252 3254/3254
f 3251/3251 3254/3254 5243/5243
f 5245/5245 5241/5241 5242/5242
f 5245/5245 5242/5242 5244/5244
f 5030/5030 5246/5246 5245/5245
f 5030/5030 5245/5245 5244/5244
f 5027/5027 5028/5028 5030/5030
f 5027/5027 5030/5030 5244/5244
f 5248/5248 5247/5247 5245/5245
f 5248/5248 5245/5245 5246/5246
f 5033/5033 5249/5249 5248/5248
f 5033/5033 5248/5248 5246/5246
f 5030/5030 5031/5031 5033/5033
f 5030/5030 5033/5033 5246/5246
f 5251/5251 5250/5250 5248/5248
f 5251/5251 5248/5248 5249/5249
f 5036/5036 5252/5252 5251/5251
f 5036/5036 5251/5251 5249/5249
f 5033/5033 5034/5034 5036/5036
f 5033/5033 5036/5036 5249/5249
f 5254/5254 5253/5253 5251/5251
f 5254/5254 5251/5251 5252/5252
f 5039/5039 5255/5255 5254/5254
f 5039/5039 5254/5254 5252/5252
f 5036/5036 5037/5037 5039/5039
f 5036/5036 5039/5039 5252/5252
f 5257/5257 5256/5256 5254/5254
f 5257/5257 5254/5254 5255/5255
f 5042/5042 5258/5258 5257/5257
f 5042/5042 5257/5257 5255/5255
f 5039/5039 5040/5040 5042/5042
f 5039/5039 5042/5042 5255/5255
f 5260/5260 5259/5259 5257/5257
f 5260/5260 5257/5257 5258/5258
f 5045/5045 5261/5261 5260/5260
f 5045/5045 5260/5260 5258/5258
f 5042/5042 5043/5043 5045/5045
f 5042/5042 5045/5045 5258/5258
f 5263/5263 5262/5262 5260/5260
f 5263/5263 5260/5260 5261/5261
f 5048/5048 5264/5264 5263/5263
f 5048/5048 5263/5263 5261/5261
f 5045/5045 5046/5046 5048/5048
f 5045/5045 5048/5048 5261/5261
f 5266/5266 5265/5265 5263/5263
f 5266/5266 5263/5263 5264/5264
f 5051/5051 5267/5267 5266/5266
f 5051/5051 5266/5266 5264/5264
f 5048/5048 5049/5049 5051/5051
f 5048/5048 5051/5051 5264/5264
f 5269/5269 5268/5268 5266/5266
f 5269/5269 5266/5266 5267/5267
f 5054/5054 5270/5270 5269/5269
f 5054/5054 5269/5269 5267/5267
f 5051/5051 5052/5052 5054/5054
f 5051/5051 5054/5054 5267/5267
f 5272/5272 5271/5271 5269/5269
f 5272/5272 5269/5269 5270/5270
f 5057/5057 5273/5273 5272/5272
f 5057/5057 5272/5272 5270/5270
f 5054/5054 5055/5055 5057/5057
f 5054/5054 5057/5057 5270/5270
f 5275/5275 5274/5274 5272/5272
f 5275/5275 5272/5272 5273/5273
f 5060/5060 5276/5276 5275/5275
f 5060/5060 5275/5275 5273/5273
f 5057/5057 5058/5058 5060/5060
f 5057/5057 5060/5060 5273/5273
f 5278/5278 5277/5277 5275/5275
f 5278/5278 5275/5275 5276/5276
f 5063/5063 5279/5279 5278/5278
f 5063/5063 5278/5278 5276/5276
f 5060/5060 5061/5061 5063/5063
f 5060/5060 5063/5063 5276/5276
f 5281/5281 5280/5280 5278/5278
f 5281/5281 5278/5278 5279/5279
f 5066/5066 5282/5282 5281/5281
f 5066/5066 5281/5281 5279/5279
f 5063/5063 5064/5064 5066/5066
f 5063/5063 5066/5066 5279/5279
f 5284/5284 5283/5283 5281/5281
f 5284/5284 5281/5281 5282/5282
f 5069/5069 5285/5285 5284/5284
f 5069/5069 5284/5284 5282/5282
f 5066/5066 5067/5067 5069/5069
f 5066/5066 5069/5069 5282/5282
f 5078/5078 5286/5286 5284/5284
f 5078/5078 5284/5284 5285/5285
f 5072/5072 5076/5076 5078/5078
f 5072/5072 5078/5078 5285/5285
f 5069/5069 5070/5070 5072/5072
f 5069/5069 5072/5072 5285/5285
f 5081/5081 5288/5288 5287/5287
f 5081/5081 5287/5287 5286/5286
f 5078/5078 5079/5079 5081/5081
f 5078/5078 5081/5081 5286/5286
f 5287/5287 5283/5283 5284/5284
f 5287/5287 5284/5284 5286/5286
f 5193/5193 5194/5194 5287/5287
f 5193/5193 5287/5287 5288/5288
f 5084/5084 5192/5192 5193/5193
f 5084/5084 5193/5193 5288/5288
f 5081/5081 5082/5082 5084/5084
f 5081/5081 5084/5084 5288/5288
f 5194/5194 5196/5196 5283/5283
f 5194/5194 5283/5283 5287/5287
f 5196/5196 5280/5280 5281/5281
f 5196/5196 5281/5281 5283/5283
f 5196/5196 5197/5197 5199/5199
f 5196/5196 5199/5199 5280/5280
f 5199/5199 5277/5277 5278/5278
f 5199/5199 5278/5278 5280/5280
f 5199/5199 5200/5200 5202/5202
f 5199/5199 5202/5202 5277/5277
f 5202/5202 5274/5274 5275/5275
f 5202/5202 5275/5275 5277/5277
f 5202/5202 5203/5203 5205/5205
f 5202/5202 5205/5205 5274/5274
f 5205/5205 5271/5271 5272/5272
f 5205/5205 5272/5272 5274/5274
f 5205/5205 5206/5206 5208/5208
f 5205/5205 5208/5208 5271/5271
f 5208/5208 5268/5268 5269/5269
f 5208/5208 5269/5269 5271/5271
f 5208/5208 5209/5209 5211/5211
f 5208/5208 5211/5211 5268/5268
f 5211/5211 5265/5265 5266/5266
f 5211/5211 5266/5266 5268/5268
f 5211/5211 5212/5212 5214/5214
f 5211/5211 5214/5214 5265/5265
f 5214/5214 5262/5262 5263/5263
f 5214/5214 5263/5263 5265/5265
f 5214/5214 5215/5215 5217/5217
f 5214/5214 5217/5217 5262/5262
f 5217/5217 5259/5259 5260/5260
f 5217/5217 5260/5260 5262/5262
f 5217/5217 5218/5218 5220/5220
f 5217/5217 5220/5220 5259/5259
f 5220/5220 5256/5256 5257/5257
f 5220/5220 5257/5257 5259/5259
f 5220/5220 5221/5221 5223/5223
f 5220/5220 5223/5223 5256/5256
f 5223/5223 5253/5253 5254/5254
f 5223/5223 5254/5254 5256/5256
f 5223/5223 5224/5224 5226/5226
f 5223/5223 5226/5226 5253/5253
f 5226/5226 5250/5250 5251/5251
f 5226/5226 5251/5251 5253/5253
f 5226/5226 5227/5227 5229/5229
f 5226/5226 5229/5229 5250/5250
f 5229/5229 5247/5247 5248/5248
f 5229/5229 5248/5248 5250/5250
f 5229/5229 5230/5230 5232/5232
f 5229/5229 5232/5232 5247/5247
f 5232/5232 5241/5241 5245/5245
f 5232/5232 5245/5245 5247/5247
f 5232/5232 5233/5233 5235/5235
f 5232/5232 5235/5235 5241/5241
f 15/15 16/16 5190/5190
f 15/15 5190/5190 5192/5192
f 5084/5084 5085/5085 15/15
f 5084/5084 15/15 5192/5192
f 5143/5143 3242/3242 3244/3244
f 5143/5143 3244/3244 5146/5146
f 3254/3254 3255/3255 3257/3257
f 3254/3254 3257/3257 5025/5025
f 3435/3435 3231/3231 3232/3232
f 3435/3435 3232/3232 3440/3440
f 22/22 24/24 3429/3429
f 22/22 3429/3429 3430/3430
f 26/26 27/27 3424/3424
f 26/26 3424/3424 3426/3426
f 3380/3380 3381/3381 3383/3383
f 3380/3380 3383/3383 3386/3386
f 3169/3169 3170/3170 3172/3172
f 3169/3169 3172/3172 3175/3175
f 2955/2955 2956/2956 2958/2958
f 2955/2955 2958/2958 2962/2962
f 2425/2425 2426/2426 2428/2428
f 2425/2425 2428/2428 2744/2744
f 2428/2428 2429/2429 2431/2431
f 2428/2428 2431/2431 2556/2556
f 58/58 59/59 2494/2494
f 58/58 2494/2494 2498/2498
f 59/59 55/55 2489/2489
f 59/59 2489/2489 2490/2490
f 64/64 9/9 65/65
f 64/64 65/65 2295/2295
f 65/65 2292/2292 2293/2293
f 65/65 2293/2293 2295/2295
f 1085/1085 1086/1086 1088/1088
f 1085/1085 1088/1088 1092/1092
f 85/85 934/934 935/935
f 85/85 935/935 937/937
f 60/60 39/39 40/40
f 60/60 40/40 68/68
f 52/52 53/53 41/41
f 52/52 41/41 61/61
f 41/41 39/39 60/60
f 41/41 60/60 61/61
f 34/34 41/41 53/53
f 34/34 53/53 54/54
f 238/238 240/240 5289/5289
f 240/240 241/241 5291/5291
f 241/241 243/243 5293/5293
f 316/316 318/318 5295/5295
f 318/318 319/319 5297/5297
f 234/234 236/236 5299/5299
f 319/319 234/234 5301/5301
f 236/236 238/238 5303/5303
f 245/245 320/320 5305/5305
f 243/243 245/245 5307/5307
f 248/248 321/321 5309/5309
f 320/320 248/248 5311/5311
f 321/321 322/322 5313/5313
f 401/401 403/403 5315/5315
f 314/314 316/316 5317/5317
f 403/403 314/314 5319/5319
f 324/324 404/404 5321/5321
f 322/322 324/324 5323/5323
f 404/404 405/405 5325/5325
f 494/494 495/495 5327/5327
f 400/400 401/401 5329/5329
f 495/495 400/400 5331/5331
f 405/405 496/496 5333/5333
f 498/498 497/497 5335/5335
f 496/496 498/498 5337/5337
f 597/597 595/595 5339/5339
f 493/493 494/494 5341/5341
f 595/595 493/493 5343/5343
f 599/599 598/598 5345/5345
f 497/497 599/599 5347/5347
f 709/709 707/707 5349/5349
f 707/707 708/708 5351/5351
f 596/596 597/597 5353/5353
f 708/708 596/596 5355/5355
f 711/711 710/710 5357/5357
f 598/598 711/711 5359/5359
f 833/833 831/831 5361/5361
f 831/831 832/832 5363/5363
f 832/832 709/709 5365/5365
f 835/835 834/834 5367/5367
f 710/710 835/835 5369/5369
f 967/967 965/965 5371/5371
f 965/965 966/966 5373/5373
f 966/966 833/833 5375/5375
f 834/834 968/968 5377/5377
f 970/970 969/969 5379/5379
f 968/968 970/970 5381/5381
f 1116/1116 1114/1114 5383/5383
f 1114/1114 1115/1115 5385/5385
f 1115/1115 967/967 5387/5387
f 969/969 1117/1117 5389/5389
f 1119/1119 1118/1118 5391/5391
f 1117/1117 1119/1119 5393/5393
f 1264/1264 1262/1262 5395/5395
f 1262/1262 1263/1263 5397/5397
f 1263/1263 1116/1116 5399/5399
f 1118/1118 1265/1265 5401/5401
f 1267/1267 1266/1266 5403/5403
f 1265/1265 1267/1267 5405/5405
f 1414/1414 1412/1412 5407/5407
f 1412/1412 1264/1264 5409/5409
f 1266/1266 1415/1415 5411/5411
f 1417/1417 1416/1416 5413/5413
f 1415/1415 1417/1417 5415/5415
f 1567/1567 1565/1565 5417/5417
f 1413/1413 1414/1414 5419/5419
f 1565/1565 1413/1413 5421/5421
f 1569/1569 1568/1568 5423/5423
f 1416/1416 1569/1569 5425/5425
f 1723/1723 1724/1724 5427/5427
f 1724/1724 1567/1567 5429/5429
f 1568/1568 1725/1725 5431/5431
f 1727/1727 1726/1726 5433/5433
f 1725/1725 1727/1727 5435/5435
f 1882/1882 1883/1883 5437/5437
f 1722/1722 1723/1723 5439/5439
f 1883/1883 1722/1722 5441/5441
f 1726/1726 1884/1884 5443/5443
f 1886/1886 1885/1885 5445/5445
f 1884/1884 1886/1886 5447/5447
f 2046/2046 2047/2047 5449/5449
f 2047/2047 1882/1882 5451/5451
f 2049/2049 2048/2048 5453/5453
f 1885/1885 2049/2049 5455/5455
f 2212/2212 2213/2213 5457/5457
f 2044/2044 2046/2046 5459/5459
f 2213/2213 2044/2044 5461/5461
f 2215/2215 2214/2214 5463/5463
f 2048/2048 2215/2215 5465/5465
f 2383/2383 2384/2384 5467/5467
f 2384/2384 2212/2212 5469/5469
f 2214/2214 2385/2385 5471/5471
f 2387/2387 2386/2386 5473/5473
f 2385/2385 2387/2387 5475/5475
f 2918/2918 2919/2919 5477/5477
f 2919/2919 2383/2383 5479/5479
f 2921/2921 2920/2920 5481/5481
f 2386/2386 2921/2921 5483/5483
f 3133/3133 3134/3134 5485/5485
f 3134/3134 2918/2918 5487/5487
f 3136/3136 3135/3135 5489/5489
f 2920/2920 3136/3136 5491/5491
f 3345/3345 3346/3346 5493/5493
f 3346/3346 3133/3133 5495/5495
f 3348/3348 3347/3347 5497/5497
f 3135/3135 3348/3348 5499/5499
f 3739/3739 3740/3740 5501/5501
f 3343/3343 3345/3345 5503/5503
f 3740/3740 3343/3343 5505/5505
f 3742/3742 3741/3741 5507/5507
f 3347/3347 3742/3742 5509/5509
f 3894/3894 3891/3891 5511/5511
f 3741/3741 3894/3894 5513/5513
f 3891/3891 3892/3892 5515/5515
f 3895/3895 3896/3896 5517/5517
f 3896/3896 3739/3739 5519/5519
f 3901/3901 3895/3895 5521/5521
f 4051/4051 4053/4053 5523/5523
f 4053/4053 3901/3901 5525/5525
f 4055/4055 4054/4054 5527/5527
f 3892/3892 4057/4057 5529/5529
f 4057/4057 4055/4055 5531/5531
f 4303/4303 4305/4305 5533/5533
f 4049/4049 4051/4051 5535/5535
f 4305/4305 4049/4049 5537/5537
f 4307/4307 4306/4306 5539/5539
f 4054/4054 4307/4307 5541/5541
f 4461/4461 4463/4463 5543/5543
f 4463/4463 4303/4303 5545/5545
f 4465/4465 4464/4464 5547/5547
f 4306/4306 4467/4467 5549/5549
f 4467/4467 4465/4465 5551/5551
f 4596/4596 4598/4598 5553/5553
f 4598/4598 4599/4599 5555/5555
f 4455/4455 4600/4600 5557/5557
f 4599/4599 4455/4455 5559/5559
f 4600/4600 4458/4458 5561/5561
f 4458/4458 4461/4461 5563/5563
f 4602/4602 4601/4601 5565/5565
f 4464/4464 4602/4602 5567/5567
f 4733/4733 4736/4736 5569/5569
f 4736/4736 4737/4737 5571/5571
f 4737/4737 4738/4738 5573/5573
f 4738/4738 4592/4592 5575/5575
f 4741/4741 4739/4739 5577/5577
f 4601/4601 4741/4741 5579/5579
f 4817/4817 4820/4820 5581/5581
f 4821/4821 4822/4822 5583/5583
f 4822/4822 4732/4732 5585/5585
f 4732/4732 4733/4733 5587/5587
f 4824/4824 4823/4823 5589/5589
f 4739/4739 4824/4824 5591/5591
f 4871/4871 4873/4873 5593/5593
f 4873/4873 4874/4874 5595/5595
f 4813/4813 4875/4875 5597/5597
f 4874/4874 4813/4813 5599/5599
f 4875/4875 4816/4816 5601/5601
f 4816/4816 4817/4817 5603/5603
f 4877/4877 4876/4876 5605/5605
f 4823/4823 4877/4877 5607/5607
f 4884/4884 4886/4886 5609/5609
f 4886/4886 4887/4887 5611/5611
f 4858/4858 4888/4888 5613/5613
f 4887/4887 4858/4858 5615/5615
f 4888/4888 4861/4861 5617/5617
f 4861/4861 4864/4864 5619/5619
f 4864/4864 4867/4867 5621/5621
f 4867/4867 4870/4870 5623/5623
f 4870/4870 4871/4871 5625/5625
f 4876/4876 4884/4884 5627/5627
f 4595/4595 4596/4596 5629/5629
f 4592/4592 4595/4595 5631/5631
f 5289/5289 5290/5290 238/238
f 5291/5291 5292/5292 240/240
f 5293/5293 5294/5294 241/241
f 5295/5295 5296/5296 316/316
f 5297/5297 5298/5298 318/318
f 5299/5299 5300/5300 234/234
f 5301/5301 5302/5302 319/319
f 5303/5303 5304/5304 236/236
f 5305/5305 5306/5306 245/245
f 5307/5307 5308/5308 243/243
f 5309/5309 5310/5310 248/248
f 5311/5311 5312/5312 320/320
f 5313/5313 5314/5314 321/321
f 5315/5315 5316/5316 401/401
f 5317/5317 5318/5318 314/314
f 5319/5319 5320/5320 403/403
f 5321/5321 5322/5322 324/324
f 5323/5323 5324/5324 322/322
f 5325/5325 5326/5326 404/404
f 5327/5327 5328/5328 494/494
f 5329/5329 5330/5330 400/400
f 5331/5331 5332/5332 495/495
f 5333/5333 5334/5334 405/405
f 5335/5335 5336/5336 498/498
f 5337/5337 5338/5338 496/496
f 5339/5339 5340/5340 597/597
f 5341/5341 5342/5342 493/493
f 5343/5343 5344/5344 595/595
f 5345/5345 5346/5346 599/599
f 5347/5347 5348/5348 497/497
f 5349/5349 5350/5350 709/709
f 5351/5351 5352/5352 707/707
f 5353/5353 5354/5354 596/596
f 5355/5355 5356/5356 708/708
f 5357/5357 5358/5358 711/711
f 5359/5359 5360/5360 598/598
f 5361/5361 5362/5362 833/833
f 5363/5363 5364/5364 831/831
f 5365/5365 5366/5366 832/832
f 5367/5367 5368/5368 835/835
f 5369/5369 5370/5370 710/710
f 5371/5371 5372/5372 967/967
f 5373/5373 5374/5374 965/965
f 5375/5375 5376/5376 966/966
f 5377/5377 5378/5378 834/834
f 5379/5379 5380/5380 970/970
f 5381/5381 5382/5382 968/968
f 5383/5383 5384/5384 1116/1116
f 5385/5385 5386/5386 1114/1114
f 5387/5387 5388/5388 1115/1115
f 5389/5389 5390/5390 969/969
f 5391/5391 5392/5392 1119/1119
f 5393/5393 5394/5394 1117/1117
f 5395/5395 5396/5396 1264/1264
f 5397/5397 5398/5398 1262/1262
f 5399/5399 5400/5400 1263/1263
f 5401/5401 5402/5402 1118/1118
f 5403/5403 5404/5404 1267/1267
f 5405/5405 5406/5406 1265/1265
f 5407/5407 5408/5408 1414/1414
f 5409/5409 5410/5410 1412/1412
f 5411/5411 5412/5412 1266/1266
f 5413/5413 5414/5414 1417/1417
f 5415/5415 5416/5416 1415/1415
f 5417/5417 5418/5418 1567/1567
f 5419/5419 5420/5420 1413/1413
f 5421/5421 5422/5422 1565/1565
f 5423/5423 5424/5424 1569/1569
f 5425/5425 5426/5426 1416/1416
f 5427/5427 5428/5428 1723/1723
f 5429/5429 5430/5430 1724/1724
f 5431/5431 5432/5432 1568/1568
f 5433/5433 5434/5434 1727/1727
f 5435/5435 5436/5436 1725/1725
f 5437/5437 5438/5438 1882/1882
f 5439/5439 5440/5440 1722/1722
f 5441/5441 5442/5442 1883/1883
f 5443/5443 5444/5444 1726/1726
f 5445/5445 5446/5446 1886/1886
f 5447/5447 5448/5448 1884/1884
f 5449/5449 5450/5450 2046/2046
f 5451/5451 5452/5452 2047/2047
f 5453/5453 5454/5454 2049/2049
f 5455/5455 5456/5456 1885/1885
f 5457/5457 5458/5458 2212/2212
f 5459/5459 5460/5460 2044/2044
f 5461/5461 5462/5462 2213/2213
f 5463/5463 5464/5464 2215/2215
f 5465/5465 5466/5466 2048/2048
f 5467/5467 5468/5468 2383/2383
f 5469/5469 5470/5470 2384/2384
f 5471/5471 5472/5472 2214/2214
f 5473/5473 5474/5474 2387/2387
f 5475/5475 5476/5476 2385/2385
f 5477/5477 5478/5478 2918/2918
f 5479/5479 5480/5480 2919/2919
f 5481/5481 5482/5482 2921/2921
f 5483/5483 5484/5484 2386/2386
f 5485/5485 5486/5486 3133/3133
f 5487/5487 5488/5488 3134/3134
f 5489/5489 5490/5490 3136/3136
f 5491/5491 5492/5492 2920/2920
f 5493/5493 5494/5494 3345/3345
f 5495/5495 5496/5496 3346/3346
f 5497/5497 5498/5498 3348/3348
f 5499/5499 5500/5500 3135/3135
f 5501/5501 5502/5502 3739/3739
f 5503/5503 5504/5504 3343/3343
f 5505/5505 5506/5506 3740/3740
f 5507/5507 5508/5508 3742/3742
f 5509/5509 5510/5510 3347/3347
f 5511/5511 5512/5512 3894/3894
f 5513/5513 5514/5514 3741/3741
f 5515/5515 5516/5516 3891/3891
f 5517/5517 5518/5518 3895/3895
f 5519/5519 5520/5520 3896/3896
f 5521/5521 5522/5522 3901/3901
f 5523/5523 5524/5524 4051/4051
f 5525/5525 5526/5526 4053/4053
f 5527/5527 5528/5528 4055/4055
f 5529/5529 5530/5530 3892/3892
f 5531/5531 5532/5532 4057/4057
f 5533/5533 5534/5534 4303/4303
f 5535/5535 5536/5536 4049/4049
f 5537/5537 5538/5538 4305/4305
f 5539/5539 5540/5540 4307/4307
f 5541/5541 5542/5542 4054/4054
f 5543/5543 5544/5544 4461/4461
f 5545/5545 5546/5546 4463/4463
f 5547/5547 5548/5548 4465/4465
f 5549/5549 5550/5550 4306/4306
f 5551/5551 5552/5552 4467/4467
f 5553/5553 5554/5554 4596/4596
f 5555/5555 5556/5556 4598/4598
f 5557/5557 5558/5558 4455/4455
f 5559/5559 5560/5560 4599/4599
f 5561/5561 5562/5562 4600/4600
f 5563/5563 5564/5564 4458/4458
f 5565/5565 5566/5566 4602/4602
f 5567/5567 5568/5568 4464/4464
f 5569/5569 5570/5570 4733/4733
f 5571/5571 5572/5572 4736/4736
f 5573/5573 5574/5574 4737/4737
f 5575/5575 5576/5576 4738/4738
f 5577/5577 5578/5578 4741/4741
f 5579/5579 5580/5580 4601/4601
f 5581/5581 5582/5582 4817/4817
f 5583/5583 5584/5584 4821/4821
f 5585/5585 5586/5586 4822/4822
f 5587/5587 5588/5588 4732/4732
f 5589/5589 5590/5590 4824/4824
f 5591/5591 5592/5592 4739/4739
f 5593/5593 5594/5594 4871/4871
f 5595/5595 5596/5596 4873/4873
f 5597/5597 5598/5598 4813/4813
f 5599/5599 5600/5600 4874/4874
f 5601/5601 5602/5602 4875/4875
f 5603/5603 5604/5604 4816/4816
f 5605/5605 5606/5606 4877/4877
f 5607/5607 5608/5608 4823/4823
f 5609/5609 5610/5610 4884/4884
f 5611/5611 5612/5612 4886/4886
f 5613/5613 5614/5614 4858/4858
f 5615/5615 5616/5616 4887/4887
f 5617/5617 5618/5618 4888/4888
f 5619/5619 5620/5620 4861/4861
f 5621/5621 5622/5622 4864/4864
f 5623/5623 5624/5624 4867/4867
f 5625/5625 5626/5626 4870/4870
f 5627/5627 5628/5628 4876/4876
f 5629/5629 5630/5630 4595/4595
f 5631/5631 5632/5632 4592/4592
f 241/241 5633/5633 5634/5634
f 319/319 5635/5635 5636/5636
f 319/319 5637/5637 5638/5638
f 236/236 5639/5639 5640/5640
f 238/238 5641/5641 5642/5642
f 238/238 5643/5643 5644/5644
f 241/241 5645/5645 5646/5646
f 245/245 5647/5647 5648/5648
f 245/245 5649/5649 5650/5650
f 320/320 5651/5651 5652/5652
f 322/322 5653/5653 5654/5654
f 403/403 5655/5655 5656/5656
f 316/316 5657/5657 5658/5658
f 316/316 5659/5659 5660/5660
f 324/324 5661/5661 5662/5662
f 324/324 5663/5663 5664/5664
f 405/405 5665/5665 5666/5666
f 495/495 5667/5667 5668/5668
f 401/401 5669/5669 5670/5670
f 401/401 5671/5671 5672/5672
f 496/496 5673/5673 5674/5674
f 496/496 5675/5675 5676/5676
f 496/496 5677/5677 5678/5678
f 597/597 5679/5679 5680/5680
f 494/494 5681/5681 5682/5682
f 494/494 5683/5683 5684/5684
f 599/599 5685/5685 5686/5686
f 599/599 5687/5687 5688/5688
f 708/708 5689/5689 5690/5690
f 597/597 5691/5691 5692/5692
f 597/597 5693/5693 5694/5694
f 711/711 5695/5695 5696/5696
f 711/711 5697/5697 5698/5698
f 832/832 5699/5699 5700/5700
f 709/709 5701/5701 5702/5702
f 710/710 5703/5703 5704/5704
f 835/835 5705/5705 5706/5706
f 966/966 5707/5707 5708/5708
f 833/833 5709/5709 5710/5710
f 968/968 5711/5711 5712/5712
f 968/968 5713/5713 5714/5714
f 968/968 5715/5715 5716/5716
f 1115/1115 5717/5717 5718/5718
f 967/967 5719/5719 5720/5720
f 1117/1117 5721/5721 5722/5722
f 1117/1117 5723/5723 5724/5724
f 1117/1117 5725/5725 5726/5726
f 1263/1263 5727/5727 5728/5728
f 1116/1116 5729/5729 5730/5730
f 1118/1118 5731/5731 5732/5732
f 1265/1265 5733/5733 5734/5734
f 1265/1265 5735/5735 5736/5736
f 1414/1414 5737/5737 5738/5738
f 1264/1264 5739/5739 5740/5740
f 1415/1415 5741/5741 5742/5742
f 1415/1415 5743/5743 5744/5744
f 1415/1415 5745/5745 5746/5746
f 1567/1567 5747/5747 5748/5748
f 1414/1414 5749/5749 5750/5750
f 1414/1414 5751/5751 5752/5752
f 1416/1416 5753/5753 5754/5754
f 1569/1569 5755/5755 5756/5756
f 1723/1723 5757/5757 5758/5758
f 1567/1567 5759/5759 5760/5760
f 1568/1568 5761/5761 5762/5762
f 1725/1725 5763/5763 5764/5764
f 1725/1725 5765/5765 5766/5766
f 1882/1882 5767/5767 5768/5768
f 1723/1723 5769/5769 5770/5770
f 1723/1723 5771/5771 5772/5772
f 1884/1884 5773/5773 5774/5774
f 1884/1884 5775/5775 5776/5776
f 1884/1884 5777/5777 5778/5778
f 2046/2046 5779/5779 5780/5780
f 1882/1882 5781/5781 5782/5782
f 1885/1885 5783/5783 5784/5784
f 2049/2049 5785/5785 5786/5786
f 2212/2212 5787/5787 5788/5788
f 2046/2046 5789/5789 5790/5790
f 2046/2046 5791/5791 5792/5792
f 2048/2048 5793/5793 5794/5794
f 2215/2215 5795/5795 5796/5796
f 2383/2383 5797/5797 5798/5798
f 2212/2212 5799/5799 5800/5800
f 2385/2385 5801/5801 5802/5802
f 2385/2385 5803/5803 5804/5804
f 2385/2385 5805/5805 5806/5806
f 2918/2918 5807/5807 5808/5808
f 2383/2383 5809/5809 5810/5810
f 2921/2921 5811/5811 5812/5812
f 2921/2921 5813/5813 5814/5814
f 3133/3133 5815/5815 5816/5816
f 2918/2918 5817/5817 5818/5818
f 3136/3136 5819/5819 5820/5820
f 3136/3136 5821/5821 5822/5822
f 3345/3345 5823/5823 5824/5824
f 3133/3133 5825/5825 5826/5826
f 3348/3348 5827/5827 5828/5828
f 3348/3348 5829/5829 5830/5830
f 3739/3739 5831/5831 5832/5832
f 3345/3345 5833/5833 5834/5834
f 3345/3345 5835/5835 5836/5836
f 3742/3742 5837/5837 5838/5838
f 3742/3742 5839/5839 5840/5840
f 3891/3891 5841/5841 5842/5842
f 3741/3741 5843/5843 5844/5844
f 3891/3891 5845/5845 5846/5846
f 3895/3895 5847/5847 5848/5848
f 3895/3895 5849/5849 5850/5850
f 3895/3895 5851/5851 5852/5852
f 3739/3739 5853/5853 5854/5854
f 4053/4053 5855/5855 5856/5856
f 3901/3901 5857/5857 5858/5858
f 4055/4055 5859/5859 5860/5860
f 4055/4055 5861/5861 5862/5862
f 4055/4055 5863/5863 5864/5864
f 4305/4305 5865/5865 5866/5866
f 4051/4051 5867/5867 5868/5868
f 4051/4051 5869/5869 5870/5870
f 4307/4307 5871/5871 5872/5872
f 4307/4307 5873/5873 5874/5874
f 4463/4463 5875/5875 5876/5876
f 4303/4303 5877/5877 5878/5878
f 4465/4465 5879/5879 5880/5880
f 4465/4465 5881/5881 5882/5882
f 4465/4465 5883/5883 5884/5884
f 4598/4598 5885/5885 5886/5886
f 4600/4600 5887/5887 5888/5888
f 4458/4458 5889/5889 5890/5890
f 4461/4461 5891/5891 5892/5892
f 4461/4461 5893/5893 5894/5894
f 4602/4602 5895/5895 5896/5896
f 4602/4602 5897/5897 5898/5898
f 4736/4736 5899/5899 5900/5900
f 4738/4738 5901/5901 5902/5902
f 4738/4738 5903/5903 5904/5904
f 4595/4595 5905/5905 5906/5906
f 4739/4739 5907/5907 5908/5908
f 4741/4741 5909/5909 5910/5910
f 4821/4821 5911/5911 5912/5912
f 4732/4732 5913/5913 5914/5914
f 4732/4732 5915/5915 5916/5916
f 4736/4736 5917/5917 5918/5918
f 4824/4824 5919/5919 5920/5920
f 4824/4824 5921/5921 5922/5922
f 4873/4873 5923/5923 5924/5924
f 4875/4875 5925/5925 5926/5926
f 4816/4816 5927/5927 5928/5928
f 4816/4816 5929/5929 5930/5930
f 4820/4820 5931/5931 5932/5932
f 4877/4877 5933/5933 5934/5934
f 4877/4877 5935/5935 5936/5936
f 4886/4886 5937/5937 5938/5938
f 4888/4888 5939/5939 5940/5940
f 4861/4861 5941/5941 5942/5942
f 4864/4864 5943/5943 5944/5944
f 4864/4864 5945/5945 5946/5946
f 4867/4867 5947/5947 5948/5948
f 4867/4867 5949/5949 5950/5950
f 4870/4870 5951/5951 5952/5952
f 4870/4870 5953/5953 5954/5954
f 4870/4870 5955/5955 5956/5956
f 4873/4873 5957/5957 5958/5958
f 4886/4886 5959/5959 5960/5960
f 4884/4884 5961/5961 5962/5962
f 4598/4598 5963/5963 5964/5964
f 4595/4595 5965/5965 5966/5966
usemtl shine_muscat_cut
f 6291/6291 6283/6283 5967/5967
f 6102/6102 6164/6164 6004/6004
f 5967/5967 6283/6283 6108/6108
f 5967/5967 6126/6126 6034/6034
f 5967/5967 6108/6108 6126/6126
f 6004/6004 6125/6125 6243/6243
f 6004/6004 6243/6243 6229/6229
f 6004/6004 6164/6164 6125/6125
f 6013/6013 5968/5968 6208/6208
f 6208/6208 6173/6173 6066/6066
f 6304/6304 5983/5983 6059/6059
f 6059/6059 6073/6073 6123/6123
f 6044/6044 6069/6069 6212/6212
f 6212/6212 6303/6303 6199/6199
f 6199/6199 6014/6014 6271/6271
f 6271/6271 6107/6107 5993/5993
f 5993/5993 6122/6122 6179/6179
f 6179/6179 6031/6031 6006/6006
f 6006/6006 6100/6100 6145/6145
f 6145/6145 6217/6217 6061/6061
f 6061/6061 6219/6219 6003/6003
f 6003/6003 6038/6038 6299/6299
f 6299/6299 6261/6261 6181/6181
f 6181/6181 5991/5991 6081/6081
f 6081/6081 6046/6046 6082/6082
f 6082/6082 6023/6023 6172/6172
f 6172/6172 6215/6215 6095/6095
f 6095/6095 6272/6272 6169/6169
f 6169/6169 6060/6060 6218/6218
f 6218/6218 6058/6058 6021/6021
f 6021/6021 6064/6064 5997/5997
f 5997/5997 6275/6275 6049/6049
f 6049/6049 6305/6305 5992/5992
f 5992/5992 6242/6242 6246/6246
f 6246/6246 6079/6079 6252/6252
f 6236/6236 6160/6160 6188/6188
f 5971/5971 6251/6251 6296/6296
f 6296/6296 6000/6000 6106/6106
f 6106/6106 6047/6047 6149/6149
f 6149/6149 6112/6112 6170/6170
f 6170/6170 6268/6268 6204/6204
f 6204/6204 5982/5982 6203/6203
f 6203/6203 6282/6282 6285/6285
f 6285/6285 6265/6265 5969/5969
f 5969/5969 6036/6036 6041/6041
f 6080/6080 5981/5981 6211/6211
f 6211/6211 6074/6074 6158/6158
f 6091/6091 6022/6022 6196/6196
f 6196/6196 6019/6019 6225/6225
f 6037/6037 6030/6030 6245/6245
f 6245/6245 6266/6266 6008/6008
f 6184/6184 6052/6052 6051/6051
f 6051/6051 6224/6224 6293/6293
f 6293/6293 6174/6174 6258/6258
f 6258/6258 5986/5986 6248/6248
f 6131/6131 5999/5999 6072/6072
f 6072/6072 6109/6109 6185/6185
f 6127/6127 6230/6230 6034/6034
f 6034/6034 6126/6126 6108/6108
f 6108/6108 6283/6283 6291/6291
f 6306/6306 5990/5990 6140/6140
f 6140/6140 6207/6207 6142/6142
f 6142/6142 6222/6222 6148/6148
f 6148/6148 6238/6238 6223/6223
f 6223/6223 6055/6055 6026/6026
f 6026/6026 6233/6233 6250/6250
f 6250/6250 6128/6128 6118/6118
f 6118/6118 5985/5985 6094/6094
f 6094/6094 6167/6167 6133/6133
f 6133/6133 6093/6093 5977/5977
f 5977/5977 6240/6240 6113/6113
f 6113/6113 6279/6279 6178/6178
f 6178/6178 6045/6045 6016/6016
f 6201/6201 6139/6139 6147/6147
f 6147/6147 6097/6097 6255/6255
f 6255/6255 6105/6105 6229/6229
f 6229/6229 6243/6243 6125/6125
f 6125/6125 6164/6164 6102/6102
f 6102/6102 6168/6168 6237/6237
f 6237/6237 6076/6076 6194/6194
f 6176/6176 6241/6241 6156/6156
f 6156/6156 6116/6116 6117/6117
f 6117/6117 6182/6182 6092/6092
f 6092/6092 6053/6053 6209/6209
f 6209/6209 6300/6300 6166/6166
f 6166/6166 6187/6187 6085/6085
f 6085/6085 5989/5989 6136/6136
f 6136/6136 6191/6191 6274/6274
f 6274/6274 6155/6155 6119/6119
f 6115/6115 5974/5974 6286/6286
f 6286/6286 6048/6048 5972/5972
f 5972/5972 6018/6018 6307/6307
f 6277/6277 5996/5996 6264/6264
f 6264/6264 6190/6190 6042/6042
f 6289/6289 6257/6257 6247/6247
f 6137/6137 6213/6213 6254/6254
f 6254/6254 6001/6001 6040/6040
f 6007/6007 6017/6017 6039/6039
f 6039/6039 6024/6024 6005/6005
f 6005/6005 6234/6234 6235/6235
f 6020/6020 6262/6262 6171/6171
f 6171/6171 6193/6193 6090/6090
f 6090/6090 6009/6009 6276/6276
f 6028/6028 6151/6151 6278/6278
f 5976/5976 6232/6232 6110/6110
f 6110/6110 6273/6273 6165/6165
f 6165/6165 6200/6200 6120/6120
f 6197/6197 6063/6063 6177/6177
f 6227/6227 6065/6065 6035/6035
f 6150/6150 6290/6290 6202/6202
f 6202/6202 6295/6295 6302/6302
f 6302/6302 6269/6269 6015/6015
f 6015/6015 6099/6099 6192/6192
f 6192/6192 6210/6210 6025/6025
f 6025/6025 6111/6111 6157/6157
f 6157/6157 6067/6067 5995/5995
f 5995/5995 6154/6154 6098/6098
f 6098/6098 6070/6070 6012/6012
f 6144/6144 6239/6239 6056/6056
f 6249/6249 6267/6267 6086/6086
f 6086/6086 6138/6138 6075/6075
f 6089/6089 6162/6162 6033/6033
f 6033/6033 6298/6298 5980/5980
f 5980/5980 6161/6161 6221/6221
f 6221/6221 6011/6011 5973/5973
f 5973/5973 6159/6159 6054/6054
f 6206/6206 6284/6284 6260/6260
f 6260/6260 6083/6083 6301/6301
f 6301/6301 6050/6050 6186/6186
f 6287/6287 6062/6062 5987/5987
f 6228/6228 6114/6114 5979/5979
f 5970/5970 5978/5978 6146/6146
f 6146/6146 6152/6152 6205/6205
f 6205/6205 6220/6220 6132/6132
f 6132/6132 6096/6096 6088/6088
f 6088/6088 6068/6068 6189/6189
f 6189/6189 6078/6078 6027/6027
f 6216/6216 6129/6129 6087/6087
f 6087/6087 6253/6253 6226/6226
f 6288/6288 6259/6259 6103/6103
f 5975/5975 6084/6084 6195/6195
f 6195/6195 6135/6135 6281/6281
f 6256/6256 6010/6010 6198/6198
f 6198/6198 5994/5994 5998/5998
f 5998/5998 6071/6071 6077/6077
f 6297/6297 6214/6214 6101/6101
f 6101/6101 6032/6032 6180/6180
f 6180/6180 6270/6270 6153/6153
f 6153/6153 6043/6043 6244/6244
f 6263/6263 6002/6002 6104/6104
f 6104/6104 6280/6280 6134/6134
f 6134/6134 6143/6143 6163/6163
f 6163/6163 6294/6294 6029/6029
f 6121/6121 6183/6183 5988/5988
f 5988/5988 6231/6231 6292/6292
f 6292/6292 6141/6141 6013/6013
f 6013/6013 6208/6208 6066/6066
f 6304/6304 6059/6059 6123/6123
f 6044/6044 6212/6212 6199/6199
f 6199/6199 6271/6271 5993/5993
f 5993/5993 6179/6179 6006/6006
f 6006/6006 6145/6145 6061/6061
f 6061/6061 6003/6003 6299/6299
f 6299/6299 6181/6181 6081/6081
f 6081/6081 6082/6082 6172/6172
f 6172/6172 6095/6095 6169/6169
f 6169/6169 6218/6218 6021/6021
f 6021/6021 5997/5997 6049/6049
f 6049/6049 5992/5992 6246/6246
f 6246/6246 6252/6252 6236/6236
f 6236/6236 6188/6188 5971/5971
f 5971/5971 6296/6296 6106/6106
f 6106/6106 6149/6149 6170/6170
f 6170/6170 6204/6204 6203/6203
f 6285/6285 5969/5969 6041/6041
f 6080/6080 6211/6211 6158/6158
f 6158/6158 6091/6091 6196/6196
f 6196/6196 6225/6225 6037/6037
f 6037/6037 6245/6245 6008/6008
f 6008/6008 6184/6184 6051/6051
f 6051/6051 6293/6293 6258/6258
f 6175/6175 6131/6131 6072/6072
f 6072/6072 6185/6185 6127/6127
f 6127/6127 6034/6034 6108/6108
f 6108/6108 6291/6291 6306/6306
f 6306/6306 6140/6140 6142/6142
f 6142/6142 6148/6148 6223/6223
f 6223/6223 6026/6026 6250/6250
f 6250/6250 6118/6118 6094/6094
f 6094/6094 6133/6133 5977/5977
f 5977/5977 6113/6113 6178/6178
f 6178/6178 6016/6016 6201/6201
f 6201/6201 6147/6147 6255/6255
f 6255/6255 6229/6229 6125/6125
f 6125/6125 6102/6102 6237/6237
f 6176/6176 6156/6156 6117/6117
f 6117/6117 6092/6092 6209/6209
f 6166/6166 6085/6085 6136/6136
f 6136/6136 6274/6274 6119/6119
f 6119/6119 6115/6115 6286/6286
f 6286/6286 5972/5972 6307/6307
f 6307/6307 6277/6277 6264/6264
f 6264/6264 6042/6042 6289/6289
f 6289/6289 6247/6247 6137/6137
f 6137/6137 6254/6254 6040/6040
f 6007/6007 6039/6039 6005/6005
f 6005/6005 6235/6235 6057/6057
f 6020/6020 6171/6171 6090/6090
f 6090/6090 6276/6276 6028/6028
f 6028/6028 6278/6278 5976/5976
f 5976/5976 6110/6110 6165/6165
f 6165/6165 6120/6120 6197/6197
f 6197/6197 6177/6177 6227/6227
f 6227/6227 6035/6035 6150/6150
f 6150/6150 6202/6202 6302/6302
f 6302/6302 6015/6015 6192/6192
f 6192/6192 6025/6025 6157/6157
f 6157/6157 5995/5995 6098/6098
f 6098/6098 6012/6012 6144/6144
f 6086/6086 6075/6075 5984/5984
f 5984/5984 6089/6089 6033/6033
f 6033/6033 5980/5980 6221/6221
f 6221/6221 5973/5973 6054/6054
f 6054/6054 6206/6206 6260/6260
f 6260/6260 6301/6301 6186/6186
f 6287/6287 5987/5987 6228/6228
f 6228/6228 5979/5979 5970/5970
f 5970/5970 6146/6146 6205/6205
f 6205/6205 6132/6132 6088/6088
f 6088/6088 6189/6189 6027/6027
f 6216/6216 6087/6087 6226/6226
f 6288/6288 6103/6103 5975/5975
f 5975/5975 6195/6195 6281/6281
f 6281/6281 6256/6256 6198/6198
f 6198/6198 5998/5998 6077/6077
f 6077/6077 6297/6297 6101/6101
f 6101/6101 6180/6180 6153/6153
f 6153/6153 6244/6244 6263/6263
f 6263/6263 6104/6104 6134/6134
f 6163/6163 6029/6029 6124/6124
f 6121/6121 5988/5988 6292/6292
f 6292/6292 6013/6013 6066/6066
f 6066/6066 6304/6304 6123/6123
f 6123/6123 6044/6044 6199/6199
f 6199/6199 5993/5993 6006/6006
f 6006/6006 6061/6061 6299/6299
f 6299/6299 6081/6081 6172/6172
f 6172/6172 6169/6169 6021/6021
f 6021/6021 6049/6049 6246/6246
f 6246/6246 6236/6236 5971/5971
f 5971/5971 6106/6106 6170/6170
f 6170/6170 6203/6203 6285/6285
f 6285/6285 6041/6041 6080/6080
f 6080/6080 6158/6158 6196/6196
f 6196/6196 6037/6037 6008/6008
f 6008/6008 6051/6051 6258/6258
f 6175/6175 6072/6072 6127/6127
f 6127/6127 6108/6108 6306/6306
f 6306/6306 6142/6142 6223/6223
f 6223/6223 6250/6250 6094/6094
f 6094/6094 5977/5977 6178/6178
f 6178/6178 6201/6201 6255/6255
f 6255/6255 6125/6125 6237/6237
f 6194/6194 6176/6176 6117/6117
f 6117/6117 6209/6209 6166/6166
f 6166/6166 6136/6136 6119/6119
f 6119/6119 6286/6286 6307/6307
f 6307/6307 6264/6264 6289/6289
f 6289/6289 6137/6137 6040/6040
f 6007/6007 6005/6005 6057/6057
f 6020/6020 6090/6090 6028/6028
f 6028/6028 5976/5976 6165/6165
f 6165/6165 6197/6197 6227/6227
f 6227/6227 6150/6150 6302/6302
f 6302/6302 6192/6192 6157/6157
f 6249/6249 6086/6086 5984/5984
f 5984/5984 6033/6033 6221/6221
f 6221/6221 6054/6054 6260/6260
f 6260/6260 6186/6186 6287/6287
f 6287/6287 6228/6228 5970/5970
f 5970/5970 6205/6205 6088/6088
f 6088/6088 6027/6027 6216/6216
f 6216/6216 6226/6226 6130/6130
f 6288/6288 5975/5975 6281/6281
f 6281/6281 6198/6198 6077/6077
f 6077/6077 6101/6101 6153/6153
f 6153/6153 6263/6263 6134/6134
f 6121/6121 6292/6292 6066/6066
f 6066/6066 6123/6123 6199/6199
f 6199/6199 6006/6006 6299/6299
f 6299/6299 6172/6172 6021/6021
f 6021/6021 6246/6246 5971/5971
f 5971/5971 6170/6170 6285/6285
f 6285/6285 6080/6080 6196/6196
f 6196/6196 6008/6008 6258/6258
f 6248/6248 6175/6175 6127/6127
f 6127/6127 6306/6306 6223/6223
f 6223/6223 6094/6094 6178/6178
f 6178/6178 6255/6255 6237/6237
f 6237/6237 6194/6194 6117/6117
f 6117/6117 6166/6166 6119/6119
f 6119/6119 6307/6307 6289/6289
f 6289/6289 6040/6040 6007/6007
f 6007/6007 6057/6057 6020/6020
f 6020/6020 6028/6028 6165/6165
f 6165/6165 6227/6227 6302/6302
f 6302/6302 6157/6157 6098/6098
f 6249/6249 5984/5984 6221/6221
f 6221/6221 6260/6260 6287/6287
f 6287/6287 5970/5970 6088/6088
f 6088/6088 6216/6216 6130/6130
f 6288/6288 6281/6281 6077/6077
f 6077/6077 6153/6153 6134/6134
f 6124/6124 6121/6121 6066/6066
f 6066/6066 6199/6199 6299/6299
f 6299/6299 6021/6021 5971/5971
f 5971/5971 6285/6285 6196/6196
f 6196/6196 6258/6258 6248/6248
f 6248/6248 6127/6127 6223/6223
f 6223/6223 6178/6178 6237/6237
f 6237/6237 6117/6117 6119/6119
f 6119/6119 6289/6289 6007/6007
f 6007/6007 6020/6020 6165/6165
f 6165/6165 6302/6302 6098/6098
f 6249/6249 6221/6221 6287/6287
f 6287/6287 6088/6088 6130/6130
f 6130/6130 6288/6288 6077/6077
f 6077/6077 6134/6134 6163/6163
f 6163/6163 6124/6124 6066/6066
f 6066/6066 6299/6299 5971/5971
f 5971/5971 6196/6196 6248/6248
f 6248/6248 6223/6223 6237/6237
f 6237/6237 6119/6119 6007/6007
f 6007/6007 6165/6165 6098/6098
f 6056/6056 6249/6249 6287/6287
f 6287/6287 6130/6130 6077/6077
f 6077/6077 6163/6163 6066/6066
f 6066/6066 5971/5971 6248/6248
f 6248/6248 6237/6237 6007/6007
f 6007/6007 6098/6098 6144/6144
f 6144/6144 6056/6056 6287/6287
f 6287/6287 6077/6077 6066/6066
f 6066/6066 6248/6248 6007/6007
f 6007/6007 6144/6144 6287/6287
f 6287/6287 6066/6066 6007/6007
